gene,spearman_rho,p_value,q_value,mean_CPM_across_clusters
C030006K11Rik,0.926,1.7791038368919137e-09,0.0,17.43
Sema4g,0.9039,1.9447237283174544e-08,0.0002,8.37
Chgb,0.8961,3.953025506130655e-08,0.0002,48.3
Ptn,0.8883,7.615212819509331e-08,0.0002,309.14
Unc5a,0.8818,1.2689598743183006e-07,0.0003,10.17
Rph3a,0.8805,1.4004148957869315e-07,0.0003,66.56
Adgrg6,0.8779,1.6998808371427407e-07,0.0003,12.13
Col1a2,0.8766,1.8697860892632527e-07,0.0003,13.45
Osbpl1a,0.8727,2.4728569895092027e-07,0.0004,70.73
Brinp1,0.8714,2.7089078155074727e-07,0.0004,41.04
Cacng5,0.8649,4.213082570211996e-07,0.0005,30.53
Dzank1,0.8636,4.589679209160128e-07,0.0005,56.85
Eya4,0.8623,4.995617073702482e-07,0.0005,19.94
Atp1b1,0.8597,5.903424517646308e-07,0.0005,1466.19
Hmgcs2,0.8597,5.903424517646308e-07,0.0005,17.3
Pla2g4e,0.8597,5.903424517646308e-07,0.0005,2.09
Mcam,0.8558,7.537531330491885e-07,0.0006,194.14
Angptl4,0.8545,8.164386807008872e-07,0.0006,4.9
Atp2b2,0.8545,8.164386807008872e-07,0.0006,70.37
Ccdc85c,0.8532,8.836652423290684e-07,0.0007,2.63
Mapk4,0.8519,9.557130744669045e-07,0.0007,6.14
Fam13a,0.8506,1.032876694353382e-06,0.0007,13.29
Ryr2,0.8506,1.032876694353382e-06,0.0007,39.96
Ank,0.8494,1.115465446639928e-06,0.0007,46.34
Lsamp,0.8429,1.6217259154397358e-06,0.0009,74.85
Myadml2,0.8429,1.6217259154397358e-06,0.0009,3.7
Adcy1,0.8416,1.7442674554743903e-06,0.0009,14.24
Entrep1,0.8403,1.8748656738230898e-06,0.0009,30.89
Cd164,0.8403,1.8748656738230898e-06,0.0009,179.11
Hacd3,0.839,2.013970871019303e-06,0.0009,94.22
Ucp2,0.839,2.013970871019303e-06,0.0009,17.88
Gpm6b,0.839,2.013970871019303e-06,0.0009,128.99
Phyhip,0.8351,2.4871456891979684e-06,0.0011,5.31
Ttc3,0.8351,2.4871456891979684e-06,0.0011,468.24
Creg1,0.8338,2.6652061559546297e-06,0.0011,22.0
Qki,0.8338,2.6652061559546297e-06,0.0011,78.59
Ccne1,0.8325,2.8543499718687335e-06,0.0012,17.72
Ociad1,0.8312,3.0551627702847316e-06,0.0012,165.13
Tmem117,0.8299,3.268255517738792e-06,0.0012,34.38
Vsnl1,0.8286,3.494265356687363e-06,0.0012,42.47
Gm46430,0.8286,3.494265356687363e-06,0.0012,5.89
Cdk5r1,0.826,3.987720946468143e-06,0.0013,98.01
Sod3,0.8247,4.256579710186723e-06,0.0014,6.14
Sox2,0.8247,4.256579710186723e-06,0.0014,14.72
Ppp5c,0.8234,4.541183409442103e-06,0.0014,60.79
Mest,0.8221,4.8423133697574794e-06,0.0015,48.69
Asb13,0.8208,5.16078254852357e-06,0.0015,19.31
Fto,0.8208,5.16078254852357e-06,0.0015,80.36
Thrsp,0.8208,5.16078254852357e-06,0.0015,11.8
Slc4a4,0.8195,5.4974365122467775e-06,0.0015,50.59
Zfp422,0.8195,5.4974365122467775e-06,0.0015,25.22
Bmp2,0.8182,5.85315443355282e-06,0.0015,4.86
Chic1,0.8182,5.85315443355282e-06,0.0015,14.98
Cacng7,0.8169,6.228850108065046e-06,0.0016,44.83
Calcoco1,0.8143,7.044009255480809e-06,0.0016,25.06
Gm37895,0.8143,7.044009255480809e-06,0.0016,0.69
Fndc10,0.8143,7.044009255480809e-06,0.0016,38.49
Mamdc2,0.8143,7.044009255480809e-06,0.0016,1.78
Rnf130,0.813,7.485482866993879e-06,0.0017,60.53
Tspan3,0.8104,8.4415335721491e-06,0.0017,222.3
Prickle1,0.8104,8.4415335721491e-06,0.0017,12.3
Fam185a,0.8104,8.4415335721491e-06,0.0017,9.95
Gm54728,0.8104,8.4415335721491e-06,0.0017,13.54
Acsl6,0.8104,8.4415335721491e-06,0.0017,39.85
Tacc2,0.8091,8.958357547402355e-06,0.0017,68.23
Paqr6,0.8091,8.958357547402355e-06,0.0017,18.66
Cdkal1,0.8091,8.958357547402355e-06,0.0017,10.96
Rassf3,0.8091,8.958357547402355e-06,0.0017,20.28
Ccn1,0.8091,8.958357547402355e-06,0.0017,46.33
Lgi2,0.8091,8.958357547402355e-06,0.0017,25.18
Irs1,0.8078,9.502614930342713e-06,0.0018,4.69
Acat1,0.8065,1.0075535527922034e-05,0.0019,54.9
Ints8,0.8065,1.0075535527922034e-05,0.0019,8.7
Bace2,0.8065,1.0075535527922034e-05,0.0019,10.6
Pde4b,0.8026,1.1979252315368267e-05,0.002,29.53
Gm44228,0.8026,1.1979252315368267e-05,0.002,2.12
Ssx2ip,0.8026,1.1979252315368267e-05,0.002,41.74
Ppm1e,0.8013,1.268003600094695e-05,0.0021,24.83
Dnaaf8,0.8013,1.268003600094695e-05,0.0021,4.59
Pnma8b,0.8013,1.268003600094695e-05,0.0021,45.9
Adarb1,0.8,1.341632695742205e-05,0.0022,19.7
Ergic1,0.7987,1.4189641838423617e-05,0.0022,68.32
Jam3,0.7987,1.4189641838423617e-05,0.0022,23.1
Bbs1,0.7974,1.5001549621912613e-05,0.0022,13.62
Kansl1l,0.7974,1.5001549621912613e-05,0.0022,13.23
Sms,0.7974,1.5001549621912613e-05,0.0022,178.78
Smarca2,0.7974,1.5001549621912613e-05,0.0022,138.14
Brinp2,0.7961,1.5853672956450275e-05,0.0023,14.0
Sarm1,0.7948,1.67476895284478e-05,0.0023,24.61
P4ha2,0.7948,1.67476895284478e-05,0.0023,17.86
Plp1,0.7948,1.67476895284478e-05,0.0023,185.63
Bcl9l,0.7948,1.67476895284478e-05,0.0023,15.95
Ccnd1,0.7948,1.67476895284478e-05,0.0023,19.06
Zdbf2,0.7935,1.7685333450402663e-05,0.0024,12.1
Cspg5,0.7922,1.8668396670120465e-05,0.0025,7.67
Nap1l3,0.7922,1.8668396670120465e-05,0.0025,65.85
Gm13446,0.7909,1.9698730400916632e-05,0.0026,7.39
Kif3a,0.7896,2.0778246572780968e-05,0.0026,81.55
Chga,0.7896,2.0778246572780968e-05,0.0026,83.27
Trim32,0.7896,2.0778246572780968e-05,0.0026,56.42
Nfasc,0.7896,2.0778246572780968e-05,0.0026,117.81
Shisa4,0.7896,2.0778246572780968e-05,0.0026,154.85
Smoc1,0.7896,2.0778246572780968e-05,0.0026,14.2
Ppargc1a,0.7883,2.1908919304485988e-05,0.0026,18.84
Fbln5,0.787,2.3092786396607597e-05,0.0027,40.4
Cep152,0.787,2.3092786396607597e-05,0.0027,2.83
Alg2,0.787,2.3092786396607597e-05,0.0027,131.25
B3galt1,0.787,2.3092786396607597e-05,0.0027,26.17
Abcb7,0.7857,2.433195084542448e-05,0.0027,39.09
D430041D05Rik,0.7857,2.433195084542448e-05,0.0027,31.98
Spock3,0.7857,2.433195084542448e-05,0.0027,310.47
Sgk1,0.7857,2.433195084542448e-05,0.0027,64.78
Galnt16,0.7857,2.433195084542448e-05,0.0027,7.59
Tbcel,0.7857,2.433195084542448e-05,0.0027,42.04
Serpini1,0.7857,2.433195084542448e-05,0.0027,324.61
Cntn1,0.7844,2.5628582377650183e-05,0.0027,315.15
Amph,0.7844,2.5628582377650183e-05,0.0027,104.48
Atp1a3,0.7844,2.5628582377650183e-05,0.0027,114.59
Srgap3,0.7831,2.698491900595073e-05,0.0028,114.14
Selenop,0.7831,2.698491900595073e-05,0.0028,93.91
Tmem59l,0.7831,2.698491900595073e-05,0.0028,125.41
Nuak1,0.7818,2.840326860518539e-05,0.0029,55.67
Nova1,0.7805,2.9886010509309136e-05,0.003,2.94
Rnf145,0.7805,2.9886010509309136e-05,0.003,69.79
Mfsd2a,0.7792,3.143559712886148e-05,0.0031,5.26
St8sia1,0.7779,3.3054555588962565e-05,0.0031,53.06
Dhrs3,0.7779,3.3054555588962565e-05,0.0031,2.02
Sik3,0.7779,3.3054555588962565e-05,0.0031,20.42
Gorasp2,0.7779,3.3054555588962565e-05,0.0031,74.29
Nphp4,0.7766,3.474548938772688e-05,0.0032,5.36
Esrrg,0.7766,3.474548938772688e-05,0.0032,11.61
Adgrb3,0.7766,3.474548938772688e-05,0.0032,32.1
Prpf19,0.7753,3.6511080075003116e-05,0.0033,64.92
Eef1a2,0.7753,3.6511080075003116e-05,0.0033,623.66
Nefm,0.7753,3.6511080075003116e-05,0.0033,653.54
Map3k12,0.7753,3.6511080075003116e-05,0.0033,59.73
Shank1,0.7753,3.6511080075003116e-05,0.0033,24.96
Cd2ap,0.774,3.835408895133126e-05,0.0034,61.28
Cbx4,0.774,3.835408895133126e-05,0.0034,27.14
Coq8a,0.774,3.835408895133126e-05,0.0034,14.3
Pcx,0.7727,4.027735878701309e-05,0.0035,14.21
Jag2,0.7714,4.228381556117166e-05,0.0036,81.19
Iffo1,0.7714,4.228381556117166e-05,0.0036,41.71
Gm14004,0.7714,4.228381556117166e-05,0.0036,4.93
Tns3,0.7714,4.228381556117166e-05,0.0036,17.0
2810039B14Rik,0.7714,4.228381556117166e-05,0.0036,1.19
Rgs7,0.7714,4.228381556117166e-05,0.0036,75.39
Wnt6,0.7701,4.437647022067945e-05,0.0037,6.58
Ddc,0.7701,4.437647022067945e-05,0.0037,88.76
Stk38l,0.7701,4.437647022067945e-05,0.0037,39.05
Tmub1,0.7701,4.437647022067945e-05,0.0037,29.17
Nol6,0.7688,4.655842045881725e-05,0.0037,27.53
Cacna1d,0.7688,4.655842045881725e-05,0.0037,5.93
Rrp1,0.7688,4.655842045881725e-05,0.0037,134.97
Abcg4,0.7688,4.655842045881725e-05,0.0037,36.14
Adgrb1,0.7688,4.655842045881725e-05,0.0037,62.46
Nalf1,0.7688,4.655842045881725e-05,0.0037,88.89
Ccdc184,0.7675,4.883285251352684e-05,0.0038,34.34
Mycbp2,0.7675,4.883285251352684e-05,0.0038,261.98
Snhg14,0.7675,4.883285251352684e-05,0.0038,116.03
Rab11fip4,0.7675,4.883285251352684e-05,0.0038,55.1
Axl,0.7675,4.883285251352684e-05,0.0038,5.34
Dner,0.7662,5.120304298510369e-05,0.004,394.49
Ntng1,0.7636,5.624426843282801e-05,0.0042,107.85
Carmil1,0.7636,5.624426843282801e-05,0.0042,16.29
Usp30,0.7636,5.624426843282801e-05,0.0042,15.65
Btbd9,0.7623,5.892232504961184e-05,0.0043,67.37
Gpam,0.7623,5.892232504961184e-05,0.0043,31.14
Dnm1,0.7623,5.892232504961184e-05,0.0043,251.6
6430571L13Rik,0.761,6.171018713341678e-05,0.0044,5.98
Gprc5b,0.761,6.171018713341678e-05,0.0044,9.81
Scn1a,0.761,6.171018713341678e-05,0.0044,55.42
Kcnj10,0.761,6.171018713341678e-05,0.0044,15.24
Ptp4a3,0.761,6.171018713341678e-05,0.0044,52.71
Pik3r3,0.7597,6.461161103085622e-05,0.0046,24.94
Myh10,0.7597,6.461161103085622e-05,0.0046,55.63
Mtmr3,0.7584,6.763045475607213e-05,0.0047,60.7
9530068E07Rik,0.7584,6.763045475607213e-05,0.0047,98.76
2900022M07Rik,0.7584,6.763045475607213e-05,0.0047,6.29
Cep97,0.7584,6.763045475607213e-05,0.0047,17.24
Strbp,0.7584,6.763045475607213e-05,0.0047,88.16
Kat6a,0.7571,7.077067993971979e-05,0.0049,11.67
Msi2,0.7571,7.077067993971979e-05,0.0049,65.88
Ankrd34b,0.7569,7.14240978992869e-05,0.0049,1.52
Rnf144b,0.7558,7.403635379593029e-05,0.0049,4.77
Prmt6,0.7558,7.403635379593029e-05,0.0049,14.0
Sostdc1,0.7558,7.403635379593029e-05,0.0049,22.25
Slc23a2,0.7558,7.403635379593029e-05,0.0049,42.85
Shisa2,0.7558,7.403635379593029e-05,0.0049,11.7
Inpp5f,0.7558,7.403635379593029e-05,0.0049,109.26
Cobll1,0.7558,7.403635379593029e-05,0.0049,5.45
Acsf3,0.7545,7.743165110703199e-05,0.005,11.01
Sf3b2,0.7545,7.743165110703199e-05,0.005,134.81
Atxn1,0.7545,7.743165110703199e-05,0.005,48.23
Pmepa1,0.7545,7.743165110703199e-05,0.005,70.77
Rpgrip1l,0.7545,7.743165110703199e-05,0.005,12.72
Tmem51,0.7532,8.096085622580346e-05,0.0051,19.41
Wdr72,0.7532,8.096085622580346e-05,0.0051,4.29
Fam210a,0.7532,8.096085622580346e-05,0.0051,27.44
Id3,0.7532,8.096085622580346e-05,0.0051,94.35
Phlpp1,0.7519,8.462836509502957e-05,0.0052,10.16
Kcnn4,0.7519,8.462836509502957e-05,0.0052,4.19
D830039M14Rik,0.7519,8.462836509502957e-05,0.0052,1.56
Alpl,0.7519,8.462836509502957e-05,0.0052,2.2
Begain,0.7519,8.462836509502957e-05,0.0052,27.74
Igf1,0.7506,8.84386872841125e-05,0.0053,26.27
Rapgef2,0.7506,8.84386872841125e-05,0.0053,41.18
Rps6ka2,0.7506,8.84386872841125e-05,0.0053,44.76
Rapgef6,0.7506,8.84386872841125e-05,0.0053,93.33
Dhx30,0.7506,8.84386872841125e-05,0.0053,54.81
Dab2ip,0.7506,8.84386872841125e-05,0.0053,70.08
Aebp2,0.7494,9.239644804249884e-05,0.0054,32.17
Sipa1l3,0.7494,9.239644804249884e-05,0.0054,12.77
St7,0.7494,9.239644804249884e-05,0.0054,7.3
Sulf2,0.7494,9.239644804249884e-05,0.0054,16.88
Rem2,0.7481,9.650639036965674e-05,0.0055,6.92
Tspyl4,0.7481,9.650639036965674e-05,0.0055,244.67
Thsd7b,0.7481,9.650639036965674e-05,0.0055,12.53
Smarca4,0.7481,9.650639036965674e-05,0.0055,77.07
Cyp46a1,0.7468,0.00010077337710134945,0.0056,6.6
Pigo,0.7468,0.00010077337710134945,0.0056,5.63
Abcc10,0.7468,0.00010077337710134945,0.0056,4.72
Prex2,0.7468,0.00010077337710134945,0.0056,6.5
Slc22a17,0.7455,0.00010520239301192448,0.0057,131.39
Farp2,0.7455,0.00010520239301192448,0.0057,4.13
Gm47570,0.7449,0.00010722613246872218,0.0058,0.65
Sfrp5,0.7442,0.00010979854693235152,0.0059,54.08
Plppr4,0.7442,0.00010979854693235152,0.0059,18.72
Sparc,0.7442,0.00010979854693235152,0.0059,106.32
Haghl,0.7442,0.00010979854693235152,0.0059,34.19
Gm37578,0.7442,0.00010979854693235152,0.0059,1.68
Slc35f1,0.7442,0.00010979854693235152,0.0059,19.75
Atp2b3,0.7429,0.00011456707388370871,0.006,9.52
Rgma,0.7429,0.00011456707388370871,0.006,6.79
Abca8a,0.7429,0.00011456707388370871,0.006,82.16
Fnta,0.7429,0.00011456707388370871,0.006,62.42
Pramel12,0.7429,0.00011456707388370871,0.006,10.03
Castor2,0.7429,0.00011456707388370871,0.006,56.07
Ypel2,0.7416,0.00011951333722583987,0.0061,21.95
Tpd52l1,0.7416,0.00011951333722583987,0.0061,23.29
Fam216a,0.7416,0.00011951333722583987,0.0061,34.5
Mfap3l,0.7416,0.00011951333722583987,0.0061,27.27
Rora,0.7416,0.00011951333722583987,0.0061,15.1
Kctd15,0.7403,0.00012464283082086607,0.0063,7.49
Nop56,0.7403,0.00012464283082086607,0.0063,16.47
Zfp36l2,0.739,0.00012996118121126078,0.0065,15.65
Prkg2,0.739,0.00012996118121126078,0.0065,24.64
Sltm,0.739,0.00012996118121126078,0.0065,60.91
Glrx,0.739,0.00012996118121126078,0.0065,25.13
Fmo1,0.7377,0.00013547414981215296,0.0066,6.78
Elapor1,0.7377,0.00013547414981215296,0.0066,16.06
Kcnn2,0.7377,0.00013547414981215296,0.0066,4.93
Echdc2,0.7377,0.00013547414981215296,0.0066,7.63
Mboat2,0.7377,0.00013547414981215296,0.0066,31.0
Slc1a3,0.7377,0.00013547414981215296,0.0066,7.34
Ythdc2,0.7377,0.00013547414981215296,0.0066,18.21
Gm38240,0.7373,0.00013716793371630569,0.0066,0.61
Timp3,0.7364,0.0001411876351175595,0.0067,84.18
Pard3,0.7364,0.0001411876351175595,0.0067,20.17
Itga1,0.7364,0.0001411876351175595,0.0067,5.32
Limch1,0.7364,0.0001411876351175595,0.0067,12.35
Phospho2,0.7364,0.0001411876351175595,0.0067,22.25
Atosa,0.7351,0.00014710767492018736,0.0068,15.35
Vav3,0.7351,0.00014710767492018736,0.0068,24.87
Gm10654,0.7351,0.00014710767492018736,0.0068,2.6
Tapbp,0.7351,0.00014710767492018736,0.0068,80.41
Trmu,0.7338,0.00015324044854450608,0.0069,8.47
Nudcd1,0.7338,0.00015324044854450608,0.0069,18.96
Tafa2,0.7338,0.00015324044854450608,0.0069,56.36
Zc2hc1a,0.7338,0.00015324044854450608,0.0069,120.84
Brd10,0.7338,0.00015324044854450608,0.0069,32.56
Sncb,0.7325,0.00015959227909270518,0.0071,229.36
Resp18,0.7325,0.00015959227909270518,0.0071,146.24
Sgpp1,0.7325,0.00015959227909270518,0.0071,39.9
Asph,0.7325,0.00015959227909270518,0.0071,58.48
Arhgef7,0.7325,0.00015959227909270518,0.0071,43.57
Ctxn2,0.7312,0.0001661696357032209,0.0072,24.45
Panx2,0.7312,0.0001661696357032209,0.0072,71.13
Srpk3,0.7312,0.0001661696357032209,0.0072,1.94
Frmd5,0.7312,0.0001661696357032209,0.0072,4.35
Mcm4,0.7312,0.0001661696357032209,0.0072,7.38
Marf1,0.7312,0.0001661696357032209,0.0072,153.43
Mlycd,0.7299,0.00017297913582145047,0.0073,17.69
Lrrc4b,0.7299,0.00017297913582145047,0.0073,29.05
Cmtm5,0.7299,0.00017297913582145047,0.0073,29.13
Klhl40,0.7299,0.00017297913582145047,0.0073,1.07
Prkacb,0.7299,0.00017297913582145047,0.0073,209.71
Stk32c,0.7299,0.00017297913582145047,0.0073,50.27
Xpr1,0.7286,0.00018002754748230472,0.0075,38.46
Igf2r,0.7286,0.00018002754748230472,0.0075,16.4
Rspo2,0.7286,0.00018002754748230472,0.0075,98.76
Rhobtb1,0.7286,0.00018002754748230472,0.0075,2.89
Nr1d2,0.7286,0.00018002754748230472,0.0075,32.89
Gpr137c,0.7286,0.00018002754748230472,0.0075,25.54
Notch1,0.7273,0.00018732179160421095,0.0077,15.35
Ctbs,0.7273,0.00018732179160421095,0.0077,2.56
B3galt5,0.726,0.00019486894429420693,0.0079,5.96
Dync1i1,0.726,0.00019486894429420693,0.0079,57.0
Tmem47,0.726,0.00019486894429420693,0.0079,101.27
Dgkb,0.726,0.00019486894429420693,0.0079,55.78
Sorbs2,0.726,0.00019486894429420693,0.0079,15.77
Gemin8,0.726,0.00019486894429420693,0.0079,2.46
Gm29514,0.7252,0.00019920847847941557,0.008,0.41
Slc12a5,0.7247,0.00020267623916371931,0.0081,1.9
Gm49980,0.7247,0.00020267623916371931,0.0081,11.85
Camk2b,0.7247,0.00020267623916371931,0.0081,59.9
Gm29214,0.7243,0.00020522193298581573,0.0081,0.77
Pde1b,0.7238,0.00020819928197412098,0.0082,1.54
Slc25a33,0.7234,0.00021075106965465283,0.0082,61.67
Gm13523,0.7234,0.00021075106965465283,0.0082,1.18
Gm44093,0.7234,0.00021075106965465283,0.0082,2.86
Ubp1,0.7234,0.00021075106965465283,0.0082,33.94
Macrod2,0.7234,0.00021075106965465283,0.0082,49.43
Eif4ebp2,0.7234,0.00021075106965465283,0.0082,23.42
Trabd,0.7221,0.0002191009913753788,0.0084,38.98
AI504432,0.7221,0.0002191009913753788,0.0084,32.01
Map3k13,0.7221,0.0002191009913753788,0.0084,13.57
1700001O22Rik,0.7221,0.0002191009913753788,0.0084,0.82
Smim45,0.7216,0.00022235017664770627,0.0085,4.4
Pkd1,0.7208,0.00022773372444622573,0.0086,40.65
Hcn4,0.7208,0.00022773372444622573,0.0086,18.37
Myo19,0.7195,0.00023665715585405198,0.0088,2.36
Plppr3,0.7195,0.00023665715585405198,0.0088,11.97
Spcs2,0.7195,0.00023665715585405198,0.0088,130.58
Syt3,0.7182,0.00024587934181549394,0.009,23.16
B3gat1,0.7182,0.00024587934181549394,0.009,9.89
Cadm2,0.7182,0.00024587934181549394,0.009,31.93
Gm37063,0.7182,0.00024587934181549394,0.009,3.11
Ptpn4,0.7182,0.00024587934181549394,0.009,15.04
Hes5,0.7182,0.00024587934181549394,0.009,7.01
Wnt7a,0.7182,0.00024587934181549394,0.009,3.81
Gm43174,0.7178,0.00024889989303154565,0.009,0.69
Ssrp1,0.7169,0.00025540851014844843,0.0091,51.27
Rassf8,0.7169,0.00025540851014844843,0.0091,8.79
Slc27a1,0.7169,0.00025540851014844843,0.0091,36.42
Olfml3,0.7169,0.00025540851014844843,0.0091,1.85
Khdrbs3,0.7169,0.00025540851014844843,0.0091,56.47
Efemp1,0.7169,0.00025540851014844843,0.0091,2.27
Adamts5,0.7169,0.00025540851014844843,0.0091,35.86
Antxr1,0.7169,0.00025540851014844843,0.0091,9.3
Chrnb2,0.7169,0.00025540851014844843,0.0091,58.19
Papss1,0.7156,0.0002652530626513761,0.0093,43.32
Cnnm4,0.7156,0.0002652530626513761,0.0093,18.0
Cyb561a3,0.7156,0.0002652530626513761,0.0093,7.22
5033430I15Rik,0.7156,0.0002652530626513761,0.0093,7.21
Aatk,0.7156,0.0002652530626513761,0.0093,159.97
Crispld1,0.7156,0.0002652530626513761,0.0093,5.96
Wfdc1,0.7152,0.00026848324509818385,0.0094,2.13
C130023A14Rik,0.7143,0.00027542157748998105,0.0094,6.33
Efnb2,0.7143,0.00027542157748998105,0.0094,12.01
Acad10,0.7143,0.00027542157748998105,0.0094,8.76
Scube1,0.7143,0.00027542157748998105,0.0094,28.04
Pias2,0.7143,0.00027542157748998105,0.0094,12.42
Traf3ip1,0.7143,0.00027542157748998105,0.0094,6.97
Foxp4,0.7143,0.00027542157748998105,0.0094,5.81
Serpinh1,0.7143,0.00027542157748998105,0.0094,27.22
Cables2,0.713,0.0002859228115908151,0.0095,20.78
Abr,0.713,0.0002859228115908151,0.0095,130.83
Gm36963,0.713,0.0002859228115908151,0.0095,3.56
Bpnt2,0.713,0.0002859228115908151,0.0095,120.83
Trub1,0.713,0.0002859228115908151,0.0095,14.77
Snx5,0.713,0.0002859228115908151,0.0095,29.57
Cxxc5,0.713,0.0002859228115908151,0.0095,65.58
Tbl2,0.713,0.0002859228115908151,0.0095,13.46
Ikzf5,0.713,0.0002859228115908151,0.0095,22.21
R3hcc1,0.713,0.0002859228115908151,0.0095,22.45
Klhl4,0.7126,0.00028942348983525496,0.0096,0.6
Gm43466,0.7126,0.00028937464733753065,0.0096,1.34
Myrip,0.7117,0.0002967657030413711,0.0096,6.62
Ppp1r9a,0.7117,0.0002967657030413711,0.0096,54.46
Rcc2,0.7117,0.0002967657030413711,0.0096,42.71
Map2k6,0.7117,0.0002967657030413711,0.0096,2.72
Agap1,0.7117,0.0002967657030413711,0.0096,89.81
Ptgfrn,0.7117,0.0002967657030413711,0.0096,13.27
Plxna1,0.7117,0.0002967657030413711,0.0096,18.74
Naa40,0.7117,0.0002967657030413711,0.0096,16.16
Clcn3,0.7117,0.0002967657030413711,0.0096,182.16
Msh2,0.7117,0.0002967657030413711,0.0096,12.97
Txndc15,0.7104,0.00030795937349621525,0.0097,53.84
Setdb1,0.7104,0.00030795937349621525,0.0097,16.37
Kcnq2,0.7104,0.00030795937349621525,0.0097,86.34
Kctd7,0.7104,0.00030795937349621525,0.0097,15.34
Bfar,0.7104,0.00030795937349621525,0.0097,32.51
B9d1,0.7104,0.00030795937349621525,0.0097,11.0
Kansl1,0.7104,0.00030795937349621525,0.0097,57.31
Ppm1g,0.7091,0.0003195131305886621,0.0099,43.29
Dennd6b,0.7091,0.0003195131305886621,0.0099,20.58
Sema6b,0.7091,0.0003195131305886621,0.0099,1.37
Mphosph9,0.7091,0.0003195131305886621,0.0099,11.83
Chst1,0.7091,0.0003195131305886621,0.0099,9.87
Zfp746,0.7091,0.0003195131305886621,0.0099,11.72
Thap4,0.7078,0.00033143647034757746,0.0101,9.77
Oxr1,0.7078,0.00033143647034757746,0.0101,86.05
Ikzf4,0.7078,0.00033143647034757746,0.0101,8.47
Col11a2,0.7078,0.00033143647034757746,0.0101,4.46
Bsg,0.7078,0.00033143647034757746,0.0101,417.13
Hectd4,0.7078,0.00033143647034757746,0.0101,141.23
Atp1b2,0.7078,0.00033143647034757746,0.0101,28.3
Cdh11,0.7065,0.0003437390796187949,0.0102,35.41
Slc24a2,0.7065,0.0003437390796187949,0.0102,107.9
Zfp369,0.7065,0.0003437390796187949,0.0102,15.88
Gm38211,0.7065,0.0003437390796187949,0.0102,2.08
Lrpap1,0.7065,0.0003437390796187949,0.0102,110.57
Slain1,0.7065,0.0003437390796187949,0.0102,5.85
Xkr4,0.7065,0.0003437390796187949,0.0102,5.07
Acvr1b,0.7052,0.0003564308384906877,0.0105,39.85
Igfbp4,0.7052,0.0003564308384906877,0.0105,57.25
Fat3,0.7052,0.0003564308384906877,0.0105,10.89
Nudt21,0.7052,0.0003564308384906877,0.0105,86.04
B230362B09Rik,0.7052,0.0003564308384906877,0.0105,0.92
Smo,0.7039,0.0003695218227234079,0.0106,2.75
Tomm20,0.7039,0.0003695218227234079,0.0106,279.69
Chd6,0.7039,0.0003695218227234079,0.0106,61.38
Lrrc45,0.7039,0.0003695218227234079,0.0106,15.93
Vgll4,0.7039,0.0003695218227234079,0.0106,12.43
Fabp7,0.7039,0.0003695218227234079,0.0106,483.42
Ppp1r14c,0.7039,0.0003695218227234079,0.0106,28.91
Usp2,0.7039,0.0003695218227234079,0.0106,10.38
Cc2d2a,0.7039,0.0003695218227234079,0.0106,6.04
Stx17,0.7026,0.00038302230618131105,0.0108,13.7
R3hdm2,0.7026,0.00038302230618131105,0.0108,107.57
Pnma8c,0.7026,0.00038302230618131105,0.0108,32.25
Kcnk9,0.7026,0.00038302230618131105,0.0108,58.18
Gm10046,0.7026,0.00038302230618131105,0.0108,14.72
Akap8l,0.7026,0.00038302230618131105,0.0108,37.0
Gm1604a,0.702,0.00038963229116312106,0.011,0.69
Gm27032,0.7015,0.0003944701346091201,0.0111,2.31
Rrm1,0.7013,0.0003969427632680485,0.0111,7.59
Ranbp10,0.7013,0.0003969427632680485,0.0111,31.99
Zmat4,0.7013,0.0003969427632680485,0.0111,7.15
Thrap3,0.7013,0.0003969427632680485,0.0111,84.08
Glcci1,0.7,0.0004112938713638759,0.0114,7.53
Ulk1,0.7,0.0004112938713638759,0.0114,55.19
Zfp316,0.7,0.0004112938713638759,0.0114,12.4
Nexmif,0.7,0.0004112938713638759,0.0114,3.08
Jmjd8,0.6987,0.0004260865132646113,0.0115,12.59
Ldhb,0.6987,0.0004260865132646113,0.0115,114.58
Il11ra1,0.6987,0.0004260865132646113,0.0115,17.04
Rara,0.6987,0.0004260865132646113,0.0115,6.43
Axin2,0.6987,0.0004260865132646113,0.0115,2.53
Tuba4a,0.6987,0.0004260865132646113,0.0115,113.07
Mbp,0.6987,0.0004260865132646113,0.0115,73.96
Phldb2,0.6974,0.00044133177962179474,0.0117,3.88
Glb1,0.6974,0.00044133177962179474,0.0117,10.88
Vangl2,0.6974,0.00044133177962179474,0.0117,5.13
Fermt2,0.6974,0.00044133177962179474,0.0117,82.07
Cyp2s1,0.6974,0.00044133177962179474,0.0117,1.96
Col15a1,0.6974,0.00044133177962179474,0.0117,3.61
Egfl8,0.6974,0.00044133177962179474,0.0117,5.15
Rab11b,0.6974,0.00044133177962179474,0.0117,265.7
Pdzd2,0.6961,0.00045704097138347347,0.012,22.83
1700003E16Rik,0.6961,0.00045704097138347347,0.012,3.5
Gm38393,0.6961,0.00045704097138347347,0.012,8.63
Gm48766,0.6961,0.00045704097138347347,0.012,1.05
Tamalin,0.6961,0.00045704097138347347,0.012,2.92
Gadd45b,0.6961,0.00045704097138347347,0.012,20.88
Lman2l,0.6961,0.00045704097138347347,0.012,42.2
Clcn2,0.6948,0.00047322560223517863,0.0121,4.76
Cpe,0.6948,0.00047322560223517863,0.0121,387.63
Minpp1,0.6948,0.00047322560223517863,0.0121,43.6
Cadm4,0.6948,0.00047322560223517863,0.0121,22.11
Mark2,0.6948,0.00047322560223517863,0.0121,101.93
Cnot2,0.6948,0.00047322560223517863,0.0121,25.63
Tsc22d3,0.6948,0.00047322560223517863,0.0121,152.07
Chst8,0.6948,0.00047322560223517863,0.0121,26.06
Txndc16,0.6935,0.0004898974010404597,0.0123,22.82
Hnrnpd,0.6935,0.0004898974010404597,0.0123,71.61
Mtss2,0.6935,0.0004898974010404597,0.0123,48.96
Zfand5,0.6935,0.0004898974010404597,0.0123,274.31
Clec2l,0.6935,0.0004898974010404597,0.0123,228.48
Itgav,0.6935,0.0004898974010404597,0.0123,28.07
Eya1,0.6935,0.0004898974010404597,0.0123,113.05
Ddx17,0.6935,0.0004898974010404597,0.0123,190.43
Nherf2,0.6935,0.0004898974010404597,0.0123,36.97
Parg,0.6935,0.0004898974010404597,0.0123,42.03
Bop1,0.6935,0.0004898974010404597,0.0123,18.28
Gm37964,0.6923,0.0005054554667870927,0.0125,0.71
Tmem255a,0.6922,0.0005070683142805511,0.0125,26.91
Ubl7,0.6922,0.0005070683142805511,0.0125,37.88
Zeb1,0.6922,0.0005070683142805511,0.0125,50.62
Epas1,0.6922,0.0005070683142805511,0.0125,34.36
Bicd1,0.6922,0.0005070683142805511,0.0125,96.23
Abhd8,0.6922,0.0005070683142805511,0.0125,87.89
Rere,0.6909,0.0005247505084925803,0.0128,121.31
Rnf166,0.6909,0.0005247505084925803,0.0128,18.38
Synj1,0.6909,0.0005247505084925803,0.0128,171.89
Bsdc1,0.6909,0.0005247505084925803,0.0128,41.91
Wee1,0.6909,0.0005247505084925803,0.0128,7.64
Camk1d,0.6909,0.0005247505084925803,0.0128,22.65
Cp,0.6909,0.0005247505084925803,0.0128,5.34
Sbspon,0.6905,0.0005306519520470571,0.0129,1.72
Astn1,0.6896,0.0005429563727057949,0.0129,79.14
Adcy9,0.6896,0.0005429563727057949,0.0129,9.95
Ppm1k,0.6896,0.0005429563727057949,0.0129,16.73
Sdr39u1,0.6896,0.0005429563727057949,0.0129,50.43
Txnip,0.6896,0.0005429563727057949,0.0129,13.61
Acadsb,0.6896,0.0005429563727057949,0.0129,38.74
Cd93,0.6896,0.0005429563727057949,0.0129,2.24
Epn3,0.6896,0.0005429563727057949,0.0129,33.59
Slc39a9,0.6896,0.0005429563727057949,0.0129,29.37
Sipa1l1,0.6896,0.0005429563727057949,0.0129,23.61
Tmem222,0.6883,0.000561698520875261,0.0131,50.98
9330162G02Rik,0.6883,0.000561698520875261,0.0131,20.21
Igtp,0.6883,0.000561698520875261,0.0131,14.14
Dmxl1,0.6883,0.000561698520875261,0.0131,40.32
Kifc2,0.6883,0.000561698520875261,0.0131,41.62
Dcaf15,0.6883,0.000561698520875261,0.0131,9.35
Vwc2l,0.6883,0.000561698520875261,0.0131,7.22
Tex9,0.6883,0.000561698520875261,0.0131,7.03
Ccnh,0.6883,0.000561698520875261,0.0131,19.16
Lbh,0.6883,0.000561698520875261,0.0131,96.05
Sugp2,0.6883,0.000561698520875261,0.0131,32.22
Car5b,0.6883,0.000561698520875261,0.0131,4.28
Cited2,0.687,0.000580989794312528,0.0134,59.11
Slc7a2,0.687,0.000580989794312528,0.0134,26.28
Baz2b,0.687,0.000580989794312528,0.0134,29.54
Trim16,0.687,0.000580989794312528,0.0134,21.14
Gpm6a,0.687,0.000580989794312528,0.0134,7.29
Lrba,0.687,0.000580989794312528,0.0134,14.73
Pkd2,0.687,0.000580989794312528,0.0134,17.39
Lamc2,0.6857,0.000600843264112635,0.0136,10.61
Rprd1b,0.6857,0.000600843264112635,0.0136,31.78
Sirt7,0.6857,0.000600843264112635,0.0136,23.92
Arl4c,0.6857,0.000600843264112635,0.0136,54.61
Gprasp1,0.6857,0.000600843264112635,0.0136,146.91
Camk1g,0.6857,0.000600843264112635,0.0136,5.99
Mfsd6,0.6857,0.000600843264112635,0.0136,151.04
Klc2,0.6857,0.000600843264112635,0.0136,183.11
Acsbg1,0.6857,0.000600843264112635,0.0136,24.11
Tacr1,0.6853,0.0006072546618964512,0.0137,0.77
Apobec2,0.6851,0.0006103907092244764,0.0137,1.39
Gtf2a1,0.6844,0.0006212722335769785,0.0137,55.16
Tmem231,0.6844,0.0006212722335769785,0.0137,10.3
Zc3h12c,0.6844,0.0006212722335769785,0.0137,6.2
Dok3,0.6844,0.0006212722335769785,0.0137,3.97
Rfx7,0.6844,0.0006212722335769785,0.0137,20.11
Gm37101,0.6844,0.0006212722335769785,0.0137,1.27
R3hdm1,0.6844,0.0006212722335769785,0.0137,77.06
Nvl,0.6844,0.0006212722335769785,0.0137,25.16
Myl9,0.6844,0.0006212722335769785,0.0137,6.35
Keap1,0.6844,0.0006212722335769785,0.0137,71.21
Cit,0.6844,0.0006212722335769785,0.0137,51.04
Igfbp5,0.6831,0.0006422902406314428,0.0141,22.6
Nr2f2,0.6831,0.0006422902406314428,0.0141,42.99
Cyb561,0.6831,0.0006422902406314428,0.0141,94.93
Tm9sf3,0.6831,0.0006422902406314428,0.0141,180.84
N4bp1,0.6818,0.0006639110602392585,0.0143,39.57
Tcerg1l,0.6818,0.0006639110602392585,0.0143,14.26
Tmcc1,0.6818,0.0006639110602392585,0.0143,49.54
Ripk4,0.6818,0.0006639110602392585,0.0143,1.07
F830115B05Rik,0.6818,0.0006639110602392585,0.0143,1.61
Btbd6,0.6818,0.0006639110602392585,0.0143,25.96
Lancl1,0.6818,0.0006639110602392585,0.0143,78.45
Morc4,0.6818,0.0006639110602392585,0.0143,2.33
Cnpy3,0.6818,0.0006639110602392585,0.0143,29.31
Tsc22d2,0.6805,0.0006861487068079914,0.0145,39.96
Cand2,0.6805,0.0006861487068079914,0.0145,2.79
Pcdhb22,0.6805,0.0006861487068079914,0.0145,8.0
Tmed10,0.6805,0.0006861487068079914,0.0145,160.55
Vwc2,0.6805,0.0006861487068079914,0.0145,5.2
Gm37363,0.6805,0.0006861487068079914,0.0145,1.42
Ptprs,0.6805,0.0006861487068079914,0.0145,220.75
Nrxn2,0.6805,0.0006861487068079914,0.0145,259.36
Tmem62,0.6805,0.0006861487068079914,0.0145,18.48
Epha5,0.6792,0.0007090174365901509,0.0148,235.83
Pgf,0.6792,0.0007090174365901509,0.0148,25.14
Grm7,0.6792,0.0007090174365901509,0.0148,39.54
Gm43593,0.6792,0.0007090174365901509,0.0148,6.01
Gm44831,0.6792,0.0007090174365901509,0.0148,2.15
Myorg,0.6792,0.0007090174365901509,0.0148,6.93
Rerg,0.6779,0.0007325317500767633,0.015,3.52
Clk1,0.6779,0.0007325317500767633,0.015,41.95
Itfg2,0.6779,0.0007325317500767633,0.015,27.82
Plcd4,0.6779,0.0007325317500767633,0.015,11.29
Tmem238,0.6779,0.0007325317500767633,0.015,15.25
Kcnj9,0.6779,0.0007325317500767633,0.015,8.34
Celsr2,0.6779,0.0007325317500767633,0.015,42.66
Caly,0.6779,0.0007325317500767633,0.015,57.12
Cdh19,0.6779,0.0007325317500767633,0.015,8.87
Gprin1,0.6779,0.0007325317500767633,0.015,12.12
Fam184b,0.6779,0.0007325317500767633,0.015,10.91
Lrrc24,0.6766,0.0007567063943834323,0.0154,11.81
Fam219a,0.6766,0.0007567063943834323,0.0154,141.37
Gm44560,0.6766,0.0007567063943834323,0.0154,4.13
Lhfpl6,0.6766,0.0007567063943834323,0.0154,13.87
Car13,0.6766,0.0007567063943834323,0.0154,2.96
Rxra,0.6766,0.0007567063943834323,0.0154,17.08
Lgr5,0.6766,0.0007567063943834323,0.0154,8.36
Lurap1,0.6766,0.0007567063943834323,0.0154,7.07
Mdga1,0.6753,0.0007815563656282296,0.0156,63.2
Spmip4,0.6753,0.0007815563656282296,0.0156,0.94
Sppl2b,0.6753,0.0007815563656282296,0.0156,15.61
Clba1,0.6753,0.0007815563656282296,0.0156,7.51
Lgmn,0.6753,0.0007815563656282296,0.0156,239.21
Ramp2,0.6753,0.0007815563656282296,0.0156,10.77
Sar1a,0.6753,0.0007815563656282296,0.0156,83.54
Zfp41,0.6753,0.0007815563656282296,0.0156,3.11
Erdr1y,0.6753,0.0007815563656282296,0.0156,99.8
Tceal6,0.6753,0.0007815563656282296,0.0156,21.1
Gm44230,0.6749,0.0007899393995846073,0.0158,2.86
Nfxl1,0.674,0.0008070969113009054,0.0159,7.14
Shroom2,0.674,0.0008070969113009054,0.0159,5.46
Rnf150,0.674,0.0008070969113009054,0.0159,27.18
Mllt6,0.674,0.0008070969113009054,0.0159,47.36
Gm43462,0.674,0.0008070969113009054,0.0159,6.98
Nr1d1,0.674,0.0008070969113009054,0.0159,7.0
Gtf2i,0.674,0.0008070969113009054,0.0159,165.22
Dmtn,0.674,0.0008070969113009054,0.0159,157.23
Ints14,0.674,0.0008070969113009054,0.0159,7.48
Fbxo40,0.6732,0.000823362394570759,0.0161,2.29
Ormdl3,0.6727,0.0008333435326227521,0.0161,46.35
Ankhd1,0.6727,0.0008333435326227521,0.0161,21.91
Epha7,0.6727,0.0008333435326227521,0.0161,9.06
Cap2,0.6727,0.0008333435326227521,0.0161,4.51
Jam2,0.6727,0.0008333435326227521,0.0161,10.87
Mageh1,0.6727,0.0008333435326227521,0.0161,33.32
Cyp7b1,0.6727,0.0008333435326227521,0.0161,1.04
Ppm1j,0.6727,0.0008333435326227521,0.0161,21.0
Pcdhga9,0.6716,0.0008557318204496545,0.0165,0.47
Pld3,0.6714,0.0008603119868966404,0.0165,71.13
Kazald1,0.6714,0.0008603119868966404,0.0165,20.14
Msto1,0.6714,0.0008603119868966404,0.0165,10.42
Krt2,0.6706,0.0008778475874603828,0.0169,1.07
Rnf215,0.6701,0.0008880182898465353,0.0169,14.31
Prpf38b,0.6701,0.0008880182898465353,0.0169,36.38
Ephb2,0.6701,0.0008880182898465353,0.0169,5.2
Fry,0.6701,0.0008880182898465353,0.0169,108.78
Afdn,0.6701,0.0008880182898465353,0.0169,41.05
Tspan18,0.6701,0.0008880182898465353,0.0169,31.1
Hlcs,0.6701,0.0008880182898465353,0.0169,26.11
Zfp445,0.6701,0.0008880182898465353,0.0169,52.81
Gm38186,0.6697,0.0008973982545640459,0.017,0.46
Bicc1,0.6688,0.0009164787179459876,0.0171,5.59
Grtp1,0.6688,0.0009164787179459876,0.0171,5.22
Syne1,0.6688,0.0009164787179459876,0.0171,60.63
Gtf3c2,0.6688,0.0009164787179459876,0.0171,27.51
Kyat1,0.6688,0.0009164787179459876,0.0171,7.0
Col5a2,0.6688,0.0009164787179459876,0.0171,5.14
Atp1a2,0.6688,0.0009164787179459876,0.0171,78.36
Slc17a7,0.6688,0.0009164787179459876,0.0171,25.96
Gm35755,0.6688,0.0009164787179459876,0.0171,0.89
Ints13,0.6688,0.0009164787179459876,0.0171,11.49
Rarres2,0.6675,0.000945709810734953,0.0173,16.18
Zswim5,0.6675,0.000945709810734953,0.0173,6.95
Entpd3,0.6675,0.000945709810734953,0.0173,122.22
Zbtb45,0.6675,0.000945709810734953,0.0173,11.76
Slc4a10,0.6675,0.000945709810734953,0.0173,4.32
B4galnt4,0.6675,0.000945709810734953,0.0173,24.62
Atp13a2,0.6675,0.000945709810734953,0.0173,156.19
Pcdh10,0.6675,0.000945709810734953,0.0173,71.11
Tmem51os1,0.6675,0.000945709810734953,0.0173,2.32
Zxdc,0.6675,0.000945709810734953,0.0173,13.17
Syp,0.6675,0.000945709810734953,0.0173,580.8
Cstf2t,0.6662,0.0009757283731243882,0.0174,21.41
Gm37077,0.6662,0.0009757283731243882,0.0174,2.57
Ppp1cc,0.6662,0.0009757283731243882,0.0174,55.81
Ift80,0.6662,0.0009757283731243882,0.0174,27.31
Ptprt,0.6662,0.0009757283731243882,0.0174,67.71
Shfl,0.6662,0.0009757283731243882,0.0174,22.91
Rogdi,0.6662,0.0009757283731243882,0.0174,65.13
Kcnj16,0.6662,0.0009757283731243882,0.0174,1.7
Zranb2,0.6662,0.0009757283731243882,0.0174,166.08
Asb2,0.6662,0.0009757283731243882,0.0174,7.69
Tbc1d16,0.6662,0.0009757283731243882,0.0174,48.32
Vamp1,0.6662,0.0009757283731243882,0.0174,160.26
Ctsa,0.6662,0.0009757283731243882,0.0174,41.62
Eeig1,0.6662,0.0009757283731243882,0.0174,42.65
Shisal1,0.6662,0.0009757283731243882,0.0174,56.32
Dgcr2,0.6662,0.0009757283731243882,0.0174,58.42
Stxbp4,0.6649,0.0010065514776879628,0.0177,4.13
Cdr1os,0.6649,0.0010065514776879628,0.0177,77.78
Cotl1,0.6649,0.0010065514776879628,0.0177,8.14
Kat6b,0.6649,0.0010065514776879628,0.0177,15.97
Susd4,0.6649,0.0010065514776879628,0.0177,48.5
Gm19938,0.6649,0.0010065514776879628,0.0177,11.46
Ddx49,0.6649,0.0010065514776879628,0.0177,12.87
C1s1,0.6649,0.0010065514776879628,0.0177,0.63
Dmac2,0.6649,0.0010065514776879628,0.0177,27.58
Sfxn5,0.6649,0.0010065514776879628,0.0177,17.94
Cacna1a,0.6649,0.0010065514776879628,0.0177,60.76
Sik1,0.6649,0.0010065514776879628,0.0177,2.59
Rrs1,0.6649,0.0010065514776879628,0.0177,22.66
8030445P17Rik,0.6636,0.0010381964669403802,0.0179,4.38
Rasa3,0.6636,0.0010381964669403802,0.0179,9.32
Hdac8,0.6636,0.0010381964669403802,0.0179,6.67
Scn8a,0.6636,0.0010381964669403802,0.0179,79.22
Ccdc88a,0.6636,0.0010381964669403802,0.0179,56.72
Gm47621,0.6636,0.0010381964669403802,0.0179,2.0
Zdhhc8,0.6636,0.0010381964669403802,0.0179,97.92
Repin1,0.6636,0.0010381964669403802,0.0179,10.64
Eefsec,0.6636,0.0010381964669403802,0.0179,8.4
Gba2,0.6636,0.0010381964669403802,0.0179,13.19
Kcnk5,0.6632,0.0010489576149174992,0.0181,1.31
Gm45697,0.6623,0.0010706809556016185,0.0182,2.85
Xab2,0.6623,0.0010706809556016185,0.0182,9.77
Sgms2,0.6623,0.0010706809556016185,0.0182,32.1
Sec62,0.6623,0.0010706809556016185,0.0182,304.05
Pdpk1,0.6623,0.0010706809556016185,0.0182,151.31
Igbp1,0.6623,0.0010706809556016185,0.0182,27.54
Rnf112,0.6623,0.0010706809556016185,0.0182,21.19
Bltp3a,0.6623,0.0010706809556016185,0.0182,11.59
Mtf2,0.6623,0.0010706809556016185,0.0182,15.75
Aak1,0.6623,0.0010706809556016185,0.0182,128.63
Fstl4,0.6619,0.001081737399194644,0.0183,1.51
Gm20172,0.6619,0.001081737399194644,0.0183,1.2
Gm47493,0.6619,0.001081737399194644,0.0183,0.91
Arl5b,0.661,0.0011040228328465568,0.0184,30.17
Aqp4,0.661,0.0011040228328465568,0.0184,3.31
Rimbp2,0.661,0.0011040228328465568,0.0184,22.5
Cfap119,0.661,0.0011040228328465568,0.0184,1.42
Dync2h1,0.661,0.0011040228328465568,0.0184,11.47
Zfp36l1,0.661,0.0011040228328465568,0.0184,30.05
Atf6b,0.661,0.0011040228328465568,0.0184,28.21
Sharpin,0.661,0.0011040228328465568,0.0184,24.89
Mcf2l,0.661,0.0011040228328465568,0.0184,64.18
Cdk5rap3,0.661,0.0011040228328465568,0.0184,15.77
Dnajc18,0.661,0.0011040228328465568,0.0184,54.15
Fbp2,0.661,0.0011040228328465568,0.0184,5.24
Phf21a,0.661,0.0011040228328465568,0.0184,26.96
Mir124-2hg,0.6599,0.0011329636581991526,0.0186,1.11
Pomgnt2,0.6597,0.0011382402645393446,0.0186,35.73
Adat1,0.6597,0.0011382402645393446,0.0186,6.91
Trim37,0.6597,0.0011382402645393446,0.0186,101.51
Trim9,0.6597,0.0011382402645393446,0.0186,26.39
Smu1,0.6597,0.0011382402645393446,0.0186,24.92
Sdc4,0.6597,0.0011382402645393446,0.0186,38.5
Ppp1r1b,0.6597,0.0011382402645393446,0.0186,2.32
2310022A10Rik,0.6597,0.0011382402645393446,0.0186,10.63
Arc,0.6597,0.0011382402645393446,0.0186,9.11
Rbm12b1,0.6597,0.0011382402645393446,0.0186,3.32
Cpeb4,0.6597,0.0011382402645393446,0.0186,104.31
Tmem229b,0.6584,0.0011733516954519037,0.0189,101.59
Plcxd2,0.6584,0.0011733516954519037,0.0189,21.25
Frmpd3,0.6584,0.0011733516954519037,0.0189,5.85
Slc38a1,0.6584,0.0011733516954519037,0.0189,81.56
Atg4d,0.6584,0.0011733516954519037,0.0189,30.81
Ppp6r3,0.6584,0.0011733516954519037,0.0189,44.06
Silc1,0.6584,0.0011733516954519037,0.0189,14.09
Ephb3,0.6584,0.0011733516954519037,0.0189,2.35
Apoe,0.6584,0.0011733516954519037,0.0189,1041.82
Gm37745,0.6584,0.0011733516954519037,0.0189,0.67
Cxadr,0.6584,0.0011733516954519037,0.0189,7.27
Lgr4,0.6584,0.0011733516954519037,0.0189,22.46
Klf12,0.658,0.0011853341100250168,0.019,1.55
Fkbp4,0.6571,0.0012093758514660198,0.0191,239.04
Arxes2,0.6571,0.0012093758514660198,0.0191,56.36
Slc12a4,0.6571,0.0012093758514660198,0.0191,4.59
Slc16a7,0.6571,0.0012093758514660198,0.0191,28.62
Gnl3,0.6571,0.0012093758514660198,0.0191,21.61
A330074K22Rik,0.6571,0.0012093758514660198,0.0191,3.67
Ptprd,0.6571,0.0012093758514660198,0.0191,59.19
Apod,0.6571,0.0012093758514660198,0.0191,14.11
Zfp385a,0.6558,0.0012463317417583473,0.0194,19.4
Ttc4,0.6558,0.0012463317417583473,0.0194,24.61
Cfap126,0.6558,0.0012463317417583473,0.0194,1.74
Gm3294,0.6558,0.0012463317417583473,0.0194,2.89
Fam246a,0.6558,0.0012463317417583473,0.0194,1.59
Peg13,0.6558,0.0012463317417583473,0.0194,172.87
Pak3,0.6558,0.0012463317417583473,0.0194,105.8
Fchsd2,0.6558,0.0012463317417583473,0.0194,25.6
Dlgap4,0.6558,0.0012463317417583473,0.0194,93.15
Pcp4l1,0.6558,0.0012463317417583473,0.0194,73.05
Map2k5,0.6558,0.0012463317417583473,0.0194,23.29
Cpsf1,0.6558,0.0012463317417583473,0.0194,11.2
Slc27a3,0.6558,0.0012463317417583473,0.0194,5.66
Adcyap1r1,0.6554,0.001258965996456218,0.0196,6.73
Myzap,0.6545,0.0012842386609677322,0.0196,4.81
Lpcat4,0.6545,0.0012842386609677322,0.0196,21.21
Mir670hg,0.6545,0.0012842386609677322,0.0196,20.03
Vps37d,0.6545,0.0012842386609677322,0.0196,12.74
Nucb2,0.6545,0.0012842386609677322,0.0196,7.83
Nat10,0.6545,0.0012842386609677322,0.0196,11.88
S1pr5,0.6545,0.0012842386609677322,0.0196,1.18
Msi1,0.6545,0.0012842386609677322,0.0196,28.32
Nav3,0.6545,0.0012842386609677322,0.0196,55.6
Asap2,0.6545,0.0012842386609677322,0.0196,11.08
Ubqln2,0.6545,0.0012842386609677322,0.0196,108.03
Actl6a,0.6545,0.0012842386609677322,0.0196,13.89
Tob2,0.6532,0.0013231161913442719,0.0199,17.08
Hey2,0.6532,0.0013231161913442719,0.0199,28.53
Hdgfl2,0.6532,0.0013231161913442719,0.0199,25.66
Dlg3,0.6532,0.0013231161913442719,0.0199,3.58
Kcnk1,0.6532,0.0013231161913442719,0.0199,26.54
Scrn2,0.6532,0.0013231161913442719,0.0199,3.01
Smim17,0.6532,0.0013231161913442719,0.0199,4.78
Polr1f,0.6532,0.0013231161913442719,0.0199,22.34
Cox10,0.6532,0.0013231161913442719,0.0199,21.43
Gm37180,0.6532,0.0013231161913442719,0.0199,2.85
Sdsl,0.6532,0.0013231161913442719,0.0199,12.96
Abhd18,0.6532,0.0013231161913442719,0.0199,9.34
Spsb1,0.6532,0.0013231161913442719,0.0199,11.48
Dcaf5,0.6532,0.0013231161913442719,0.0199,59.73
Gm38071,0.6519,0.0013629842048795116,0.0202,3.54
Ddx41,0.6519,0.0013629842048795116,0.0202,10.65
Sipa1l2,0.6519,0.0013629842048795116,0.0202,13.75
Ttyh1,0.6519,0.0013629842048795116,0.0202,32.46
Itsn1,0.6519,0.0013629842048795116,0.0202,45.37
Rian,0.6519,0.0013629842048795116,0.0202,1009.56
Bcl2l11,0.6519,0.0013629842048795116,0.0202,2.96
Hdac5,0.6519,0.0013629842048795116,0.0202,69.08
Clec18a,0.6519,0.0013629842048795116,0.0202,9.11
Spp1,0.6519,0.0013629842048795116,0.0202,17.49
Mbip,0.6506,0.001403862865417102,0.0205,12.69
Prkag1,0.6506,0.001403862865417102,0.0205,34.46
6430548M08Rik,0.6506,0.001403862865417102,0.0205,104.28
Zfp638,0.6506,0.001403862865417102,0.0205,54.23
Il15ra,0.6506,0.001403862865417102,0.0205,4.85
Efs,0.6506,0.001403862865417102,0.0205,2.56
Gas2,0.6506,0.001403862865417102,0.0205,18.62
Cnksr3,0.6506,0.001403862865417102,0.0205,1.83
Gorasp1,0.6506,0.001403862865417102,0.0205,17.24
Kirrel1,0.6506,0.001403862865417102,0.0205,2.55
Aqr,0.6506,0.001403862865417102,0.0205,21.37
Gm45516,0.6506,0.001403862865417102,0.0205,2.28
Podxl2,0.6506,0.001403862865417102,0.0205,87.24
Dennd1b,0.6506,0.001403862865417102,0.0205,23.19
Rcsd1,0.6506,0.001403862865417102,0.0205,6.87
Ajuba,0.6502,0.001417887803578619,0.0207,0.79
Klhdc8b,0.6494,0.0014457726307433873,0.0209,29.9
Arsk,0.6494,0.0014457726307433873,0.0209,3.31
Twnk,0.6494,0.0014457726307433873,0.0209,9.08
Gdpd2,0.6494,0.0014457726307433873,0.0209,2.04
Asic2,0.6494,0.0014457726307433873,0.0209,122.1
Coro6,0.6494,0.0014457726307433873,0.0209,14.0
Gm37718,0.6494,0.0014457726307433873,0.0209,2.02
Tmem266,0.6494,0.0014457726307433873,0.0209,4.98
St3gal5,0.6494,0.0014457726307433873,0.0209,54.74
Man2b1,0.6494,0.0014457726307433873,0.0209,10.82
Slc39a1,0.6481,0.0014887342546572638,0.0212,16.56
Myl3,0.6481,0.0014887342546572638,0.0212,0.56
Clec1a,0.6481,0.0014887342546572638,0.0212,0.92
Gm44080,0.6481,0.0014887342546572638,0.0212,0.98
Macroh2a2,0.6481,0.0014887342546572638,0.0212,16.98
Ppt1,0.6481,0.0014887342546572638,0.0212,52.52
Nanos1,0.6481,0.0014887342546572638,0.0212,11.27
Gpd1,0.6481,0.0014887342546572638,0.0212,6.41
Hspa4,0.6481,0.0014887342546572638,0.0212,111.21
Calr,0.6481,0.0014887342546572638,0.0212,347.63
Cep89,0.6481,0.0014887342546572638,0.0212,4.2
Qars1,0.6468,0.001532768789018723,0.0216,20.85
Slc25a44,0.6468,0.001532768789018723,0.0216,22.97
Tgfb3,0.6468,0.001532768789018723,0.0216,12.47
G0s2,0.6468,0.001532768789018723,0.0216,30.38
Acvr2a,0.6468,0.001532768789018723,0.0216,24.5
Cidea,0.6468,0.001532768789018723,0.0216,33.64
Phf1,0.6468,0.001532768789018723,0.0216,44.62
Aagab,0.6455,0.0015778975857754145,0.0219,23.01
Ccnq,0.6455,0.0015778975857754145,0.0219,26.66
Ppp1r1a,0.6455,0.0015778975857754145,0.0219,37.17
Sphkap,0.6455,0.0015778975857754145,0.0219,18.19
Sgce,0.6455,0.0015778975857754145,0.0219,14.7
Sord,0.6455,0.0015778975857754145,0.0219,27.15
Fam184a,0.6455,0.0015778975857754145,0.0219,11.36
Asap3,0.6455,0.0015778975857754145,0.0219,4.31
Casp7,0.6455,0.0015778975857754145,0.0219,1.85
Tmem121,0.6455,0.0015778975857754145,0.0219,26.69
Phlda3,0.6455,0.0015778975857754145,0.0219,72.51
Tubgcp5,0.6455,0.0015778975857754145,0.0219,23.13
Bckdhb,0.6455,0.0015778975857754145,0.0219,8.36
Setd2,0.6442,0.0016241422989667685,0.0223,30.01
Sec22c,0.6442,0.0016241422989667685,0.0223,22.98
Rubcn,0.6442,0.0016241422989667685,0.0223,45.6
C130073E24Rik,0.6442,0.0016241422989667685,0.0223,15.05
P4htm,0.6442,0.0016241422989667685,0.0223,35.86
Srcin1,0.6442,0.0016241422989667685,0.0223,86.37
Gm6211,0.6442,0.0016241422989667685,0.0223,0.81
Sco2,0.6442,0.0016241422989667685,0.0223,9.96
Paics,0.6442,0.0016241422989667685,0.0223,64.0
Gm10862,0.6442,0.0016241422989667685,0.0223,17.23
Neurl4,0.6442,0.0016241422989667685,0.0223,36.52
Sparcl1,0.6442,0.0016241422989667685,0.0223,61.55
Rapgef5,0.6429,0.0016715248867048148,0.0228,24.4
Gm42595,0.6429,0.0016715248867048148,0.0228,5.27
Prrx2,0.6429,0.0016715248867048148,0.0228,7.87
Luc7l3,0.6429,0.0016715248867048148,0.0228,98.78
Maf,0.6429,0.0016715248867048148,0.0228,19.92
Ubfd1,0.6429,0.0016715248867048148,0.0228,63.31
Vps9d1,0.6429,0.0016715248867048148,0.0228,25.05
Ewsr1,0.6429,0.0016715248867048148,0.0228,85.89
Slf2,0.6429,0.0016715248867048148,0.0228,18.2
2410002F23Rik,0.6429,0.0016715248867048148,0.0228,25.99
Aplp1,0.6416,0.0017200676131313903,0.0232,219.66
Zfp687,0.6416,0.0017200676131313903,0.0232,14.29
Airn,0.6416,0.0017200676131313903,0.0232,6.31
Zfp652,0.6416,0.0017200676131313903,0.0232,11.99
Birc2,0.6416,0.0017200676131313903,0.0232,27.9
Erich3,0.6416,0.0017200676131313903,0.0232,19.24
Gm29695,0.6411,0.0017368252963904445,0.0234,3.16
Poc5,0.6403,0.0017697930503508582,0.0237,21.26
Klhl33,0.6403,0.0017697930503508582,0.0237,10.8
Tnks,0.6403,0.0017697930503508582,0.0237,98.73
2900027M19Rik,0.6403,0.0017697930503508582,0.0237,23.79
Gm48225,0.6403,0.0017697930503508582,0.0237,1.08
Clstn1,0.6403,0.0017697930503508582,0.0237,364.69
2900026A02Rik,0.6403,0.0017697930503508582,0.0237,19.31
BC034090,0.6403,0.0017697930503508582,0.0237,9.04
Med23,0.6403,0.0017697930503508582,0.0237,15.6
N4bp3,0.6398,0.0017869741657871112,0.0239,1.47
Gm37880,0.6398,0.0017869741657871112,0.0239,0.72
Rpa1,0.639,0.0018207240803378836,0.0241,25.33
Mreg,0.639,0.0018207240803378836,0.0241,10.7
Iigp1,0.639,0.0018207240803378836,0.0241,9.26
Tgfbr1,0.639,0.0018207240803378836,0.0241,20.29
Tmppe,0.639,0.0018207240803378836,0.0241,0.79
Tomm40,0.639,0.0018207240803378836,0.0241,48.17
Lncenc1,0.639,0.0018207240803378836,0.0241,4.33
Gpat4,0.639,0.0018207240803378836,0.0241,53.62
Gns,0.639,0.0018207240803378836,0.0241,59.75
Onecut3,0.6384,0.0018415069317361049,0.0243,0.71
A730056A06Rik,0.6378,0.0018686175847711889,0.0243,0.33
Epb41l4a,0.6377,0.0018728838968196642,0.0243,7.11
Cwf19l1,0.6377,0.0018728838968196642,0.0243,5.36
Mia2,0.6377,0.0018728838968196642,0.0243,61.15
Gatad2b,0.6377,0.0018728838968196642,0.0243,70.12
Klhdc10,0.6377,0.0018728838968196642,0.0243,56.59
Mtss1,0.6377,0.0018728838968196642,0.0243,54.79
Ypel4,0.6377,0.0018728838968196642,0.0243,29.08
Bckdk,0.6377,0.0018728838968196642,0.0243,21.57
Tnrc6a,0.6377,0.0018728838968196642,0.0243,100.38
Rrad,0.6377,0.0018728838968196642,0.0243,2.15
2700052C19Rik,0.6377,0.0018728838968196642,0.0243,1.53
Stard5,0.6377,0.0018728838968196642,0.0243,31.38
Tm2d3,0.6377,0.0018728838968196642,0.0243,43.6
Gm10687,0.6377,0.0018728838968196642,0.0243,4.52
Pcsk2,0.6377,0.0018728838968196642,0.0243,193.51
Gpaa1,0.6377,0.0018728838968196642,0.0243,26.57
Car15,0.6372,0.0018909379249776675,0.0245,0.71
Prr12,0.6364,0.0019262960071318883,0.0247,27.96
Rims4,0.6364,0.0019262960071318883,0.0247,16.77
Pigh,0.6364,0.0019262960071318883,0.0247,23.71
Rgl2,0.6364,0.0019262960071318883,0.0247,21.91
Gm48015,0.6364,0.0019262960071318883,0.0247,5.78
Cachd1,0.6364,0.0019262960071318883,0.0247,12.55
Pick1,0.6364,0.0019262960071318883,0.0247,26.16
Bcar3,0.6364,0.0019262960071318883,0.0247,14.31
Calr3,0.6364,0.0019262960071318883,0.0247,4.09
P2ry14,0.6364,0.0019262960071318883,0.0247,1.79
5730408A14Rik,0.6364,0.0019262960071318883,0.0247,1.51
Zc3h4,0.6364,0.0019262960071318883,0.0247,10.87
Nfx1,0.6364,0.0019262960071318883,0.0247,28.52
Ddost,0.6351,0.001980984234047954,0.0251,40.84
Fmn2,0.6351,0.001980984234047954,0.0251,26.17
Gm29674,0.6351,0.001980984234047954,0.0251,11.57
Wdr12,0.6351,0.001980984234047954,0.0251,27.24
Rgmb,0.6351,0.001980984234047954,0.0251,202.14
Plaat3,0.6351,0.001980984234047954,0.0251,21.78
Prmt9,0.6351,0.001980984234047954,0.0251,9.77
Gm38260,0.6351,0.001980984234047954,0.0251,3.86
Crim1,0.6351,0.001980984234047954,0.0251,52.65
Pik3c2b,0.6351,0.001980984234047954,0.0251,2.66
Lrrc14b,0.6351,0.001980984234047954,0.0251,1.75
Dach1,0.634,0.002028009773886099,0.0255,13.39
Gm45182,0.6338,0.002036972717580764,0.0255,2.48
Pomgnt1,0.6338,0.002036972717580764,0.0255,37.56
Smim13,0.6338,0.002036972717580764,0.0255,148.89
Wwp2,0.6338,0.002036972717580764,0.0255,29.12
Dnajb9,0.6338,0.002036972717580764,0.0255,88.54
Gm44667,0.6338,0.002036972717580764,0.0255,1.63
Mchr1,0.6338,0.002036972717580764,0.0255,3.27
Rnf208,0.6338,0.002036972717580764,0.0255,105.94
Phb1,0.6338,0.002036972717580764,0.0255,54.19
Ccdc92b,0.6338,0.002036972717580764,0.0255,27.13
Mmd2,0.6338,0.002036972717580764,0.0255,44.75
Clasp2,0.6338,0.002036972717580764,0.0255,77.45
Asb11,0.6327,0.0020842284337630997,0.0259,0.58
Ruvbl1,0.6325,0.002094285916756489,0.0259,14.71
Adgra3,0.6325,0.002094285916756489,0.0259,12.08
Zfp398,0.6325,0.002094285916756489,0.0259,12.97
Asic3,0.6325,0.002094285916756489,0.0259,18.4
Zfp654,0.6325,0.002094285916756489,0.0259,12.27
Noc2l,0.6325,0.002094285916756489,0.0259,21.67
Zfp771,0.6325,0.002094285916756489,0.0259,55.46
Gm37686,0.6325,0.002094285916756489,0.0259,1.18
Adrb2,0.6325,0.002094285916756489,0.0259,4.17
Egfem1,0.6312,0.0021529486113597883,0.0263,2.78
Ephb6,0.6312,0.0021529486113597883,0.0263,9.38
Eps8,0.6312,0.0021529486113597883,0.0263,2.96
Nagpa,0.6312,0.0021529486113597883,0.0263,6.13
Nanp,0.6312,0.0021529486113597883,0.0263,4.52
Ythdf3,0.6312,0.0021529486113597883,0.0263,57.33
Prmt3,0.6312,0.0021529486113597883,0.0263,22.13
Tubg1,0.6312,0.0021529486113597883,0.0263,23.49
Hdac2,0.6312,0.0021529486113597883,0.0263,141.24
Knop1,0.6312,0.0021529486113597883,0.0263,23.47
Lingo3,0.6299,0.002212985903649745,0.0266,1.79
Nfia,0.6299,0.002212985903649745,0.0266,62.11
Gm47586,0.6299,0.002212985903649745,0.0266,25.45
Zbtb40,0.6299,0.002212985903649745,0.0266,7.34
Wdr77,0.6299,0.002212985903649745,0.0266,38.93
Ankrd34a,0.6299,0.002212985903649745,0.0266,8.73
Wwc1,0.6299,0.002212985903649745,0.0266,1.2
Tgfbr3,0.6299,0.002212985903649745,0.0266,16.59
Akap10,0.6299,0.002212985903649745,0.0266,10.76
Pierce1,0.6299,0.002212985903649745,0.0266,1.0
Gm5468,0.6299,0.002212985903649745,0.0266,1.32
Gm45380,0.6299,0.002212985903649745,0.0266,3.78
2900052N01Rik,0.6299,0.002212985903649745,0.0266,20.48
Tet2,0.6299,0.002212985903649745,0.0266,24.14
Serbp1,0.6299,0.002212985903649745,0.0266,140.7
Nsmf,0.6299,0.002212985903649745,0.0266,44.22
B4galt4,0.6299,0.002212985903649745,0.0266,7.37
Jakmip1,0.6299,0.002212985903649745,0.0266,58.41
Zfp111,0.6299,0.002212985903649745,0.0266,3.14
Arhgef17,0.6299,0.002212985903649745,0.0266,76.93
Slc1a1,0.6299,0.002212985903649745,0.0266,3.7
Dscam,0.6286,0.0022744232200460897,0.0269,16.86
Smtnl2,0.6286,0.0022744232200460897,0.0269,11.3
Gm37959,0.6286,0.0022744232200460897,0.0269,5.64
Ppard,0.6286,0.0022744232200460897,0.0269,7.71
Fam118a,0.6286,0.0022744232200460897,0.0269,9.23
Plat,0.6286,0.0022744232200460897,0.0269,4.78
Det1,0.6286,0.0022744232200460897,0.0269,4.95
Pak1,0.6286,0.0022744232200460897,0.0269,92.04
Crabp1,0.6286,0.0022744232200460897,0.0269,12.61
Phyhipl,0.6286,0.0022744232200460897,0.0269,45.14
Gm37522,0.6286,0.0022744232200460897,0.0269,2.81
Pls1,0.6286,0.0022744232200460897,0.0269,6.47
Ctsk,0.6286,0.0022744232200460897,0.0269,4.0
Elac1,0.6273,0.002337286312784887,0.0273,21.21
Scamp2,0.6273,0.002337286312784887,0.0273,12.91
Vps13b,0.6273,0.002337286312784887,0.0273,30.64
Ccdc157,0.6273,0.002337286312784887,0.0273,10.57
Bend6,0.6273,0.002337286312784887,0.0273,88.37
Rgl1,0.6273,0.002337286312784887,0.0273,17.58
Sema6a,0.6273,0.002337286312784887,0.0273,24.1
Gnaz,0.6273,0.002337286312784887,0.0273,93.12
Crtap,0.6273,0.002337286312784887,0.0273,13.35
Lrrtm4,0.6273,0.002337286312784887,0.0273,3.67
Lrp3,0.6273,0.002337286312784887,0.0273,56.3
Gk,0.6273,0.002337286312784887,0.0273,17.15
Dtx4,0.6273,0.002337286312784887,0.0273,10.77
Oxa1l,0.626,0.002401601261543425,0.0277,28.02
9330178D15Rik,0.626,0.002401601261543425,0.0277,4.2
Eri3,0.626,0.002401601261543425,0.0277,81.64
Tap2,0.626,0.002401601261543425,0.0277,8.14
Mapre2,0.626,0.002401601261543425,0.0277,276.03
Ajm1,0.626,0.002401601261543425,0.0277,16.96
Fam193b,0.626,0.002401601261543425,0.0277,24.98
Rnaset2b,0.626,0.002401601261543425,0.0277,4.32
Prepl,0.626,0.002401601261543425,0.0277,34.52
Sppl2a,0.626,0.002401601261543425,0.0277,17.96
Gm37121,0.626,0.002401601261543425,0.0277,2.46
Cxxc1,0.626,0.002401601261543425,0.0277,17.15
A930004J17Rik,0.626,0.002401601261543425,0.0277,3.52
Iglon5,0.626,0.002401601261543425,0.0277,17.7
Crtc2,0.626,0.002401601261543425,0.0277,17.12
Fbxo44,0.626,0.002401601261543425,0.0277,64.75
Cbfa2t3,0.626,0.002401601261543425,0.0277,4.16
Hnrnpa0,0.6247,0.002467394475033326,0.0281,117.63
Kctd1,0.6247,0.002467394475033326,0.0281,14.42
Wnk1,0.6247,0.002467394475033326,0.0281,185.47
Ptpn21,0.6247,0.002467394475033326,0.0281,9.03
Ache,0.6247,0.002467394475033326,0.0281,244.97
Ankrd29,0.6247,0.002467394475033326,0.0281,21.51
Fam76b,0.6247,0.002467394475033326,0.0281,12.02
Csad,0.6247,0.002467394475033326,0.0281,9.43
Ttbk2,0.6247,0.002467394475033326,0.0281,181.28
Ckmt1,0.6247,0.002467394475033326,0.0281,163.02
Ugt8a,0.6247,0.002467394475033326,0.0281,2.42
Acin1,0.6247,0.002467394475033326,0.0281,68.26
Lrp1,0.6234,0.0025346926925616103,0.0286,23.71
Klhl25,0.6234,0.0025346926925616103,0.0286,4.14
Trip6,0.6234,0.0025346926925616103,0.0286,4.17
Plekhg5,0.6234,0.0025346926925616103,0.0286,8.12
Irf2bp2,0.6234,0.0025346926925616103,0.0286,79.98
Isy1,0.6221,0.002603522985558976,0.0292,14.11
Tra2b,0.6221,0.002603522985558976,0.0292,85.33
Serpine2,0.6221,0.002603522985558976,0.0292,33.0
Sptbn4,0.6221,0.002603522985558976,0.0292,33.17
Mal,0.6221,0.002603522985558976,0.0292,21.88
Micu1,0.6221,0.002603522985558976,0.0292,80.08
Lrrn3,0.6221,0.002603522985558976,0.0292,11.1
Abt1,0.6221,0.002603522985558976,0.0292,10.46
Wdr45,0.6221,0.002603522985558976,0.0292,22.43
Sf3b1,0.6221,0.002603522985558976,0.0292,78.58
Kank1,0.6221,0.002603522985558976,0.0292,8.5
Pitpnm1,0.6208,0.002673912759074672,0.0296,46.31
Oxnad1,0.6208,0.002673912759074672,0.0296,10.14
Hexd,0.6208,0.002673912759074672,0.0296,11.85
Ubr1,0.6208,0.002673912759074672,0.0296,48.89
Yipf3,0.6208,0.002673912759074672,0.0296,49.7
Smap2,0.6208,0.002673912759074672,0.0296,70.01
Eef2kmt,0.6208,0.002673912759074672,0.0296,7.17
Mbd5,0.6208,0.002673912759074672,0.0296,23.32
Maged2,0.6208,0.002673912759074672,0.0296,24.71
Tmem108,0.6208,0.002673912759074672,0.0296,11.59
Gm42895,0.6208,0.002673912759074672,0.0296,0.91
Npas3,0.6208,0.002673912759074672,0.0296,10.83
Creb5,0.6208,0.002673912759074672,0.0296,27.48
St3gal6,0.6208,0.002673912759074672,0.0296,6.96
Lrrc73,0.6208,0.002673912759074672,0.0296,24.72
Lrig1,0.6208,0.002673912759074672,0.0296,1.35
Enc1,0.6208,0.002673912759074672,0.0296,25.04
Hnrnph1,0.6195,0.0027458897532375583,0.0299,170.25
Tfam,0.6195,0.0027458897532375583,0.0299,17.39
A830082K12Rik,0.6195,0.0027458897532375583,0.0299,2.15
Tgoln1,0.6195,0.0027458897532375583,0.0299,272.35
Nle1,0.6195,0.0027458897532375583,0.0299,5.7
Atcay,0.6195,0.0027458897532375583,0.0299,61.63
Ndnf,0.6195,0.0027458897532375583,0.0299,2.36
Nanos3,0.6195,0.0027458897532375583,0.0299,3.24
Atp8a2,0.6195,0.0027458897532375583,0.0299,138.21
Yipf2,0.6195,0.0027458897532375583,0.0299,17.31
Sfswap,0.6195,0.0027458897532375583,0.0299,32.28
Zxdb,0.6195,0.0027458897532375583,0.0299,13.7
Slc6a1,0.6195,0.0027458897532375583,0.0299,0.74
Vcam1,0.6195,0.0027458897532375583,0.0299,2.39
Gm33167,0.6195,0.0027458897532375583,0.0299,13.36
Fzd8,0.6195,0.0027458897532375583,0.0299,8.36
Gm44559,0.619,0.002771111054655341,0.0302,1.1
Fxyd7,0.6182,0.0028194820446825813,0.0304,1463.49
Cd302,0.6182,0.0028194820446825813,0.0304,2.82
Unc80,0.6182,0.0028194820446825813,0.0304,165.9
Plpp7,0.6182,0.0028194820446825813,0.0304,20.8
Stmn4,0.6182,0.0028194820446825813,0.0304,102.48
Grid1,0.6182,0.0028194820446825813,0.0304,2.98
Stk10,0.6182,0.0028194820446825813,0.0304,1.66
Nr2f6,0.6182,0.0028194820446825813,0.0304,28.39
Tet1,0.6182,0.0028194820446825813,0.0304,7.68
B3gnt7,0.6177,0.0028480200596703617,0.0307,1.21
Gm43009,0.6169,0.0028947180479421885,0.031,5.05
Lgi4,0.6169,0.0028947180479421885,0.031,14.08
Plppr5,0.6169,0.0028947180479421885,0.031,22.39
Cd276,0.6169,0.0028947180479421885,0.031,7.58
Slc2a8,0.6169,0.0028947180479421885,0.031,20.08
Ctxnd1,0.6169,0.0028947180479421885,0.031,8.65
Rasa2,0.6169,0.0028947180479421885,0.031,26.46
Usp48,0.6169,0.0028947180479421885,0.031,56.35
Fam107a,0.6169,0.0028947180479421885,0.031,1.92
Hhatl,0.6164,0.0029239912033323817,0.0313,5.01
Ggps1,0.6156,0.002971626516802123,0.0314,73.05
Mab21l2,0.6156,0.002971626516802123,0.0314,62.12
Fkrp,0.6156,0.002971626516802123,0.0314,25.46
Gm44541,0.6156,0.002971626516802123,0.0314,7.99
Inka2,0.6156,0.002971626516802123,0.0314,3.66
Hid1,0.6156,0.002971626516802123,0.0314,64.15
E130308A19Rik,0.6156,0.002971626516802123,0.0314,5.74
St3gal2,0.6156,0.002971626516802123,0.0314,35.3
Sacm1l,0.6156,0.002971626516802123,0.0314,110.27
Sfpq,0.6156,0.002971626516802123,0.0314,84.49
Slc1a2,0.6156,0.002971626516802123,0.0314,4.33
Srprb,0.6156,0.002971626516802123,0.0314,23.08
Osbp2,0.6156,0.002971626516802123,0.0314,15.69
Rasgef1c,0.6156,0.002971626516802123,0.0314,2.5
Armcx6,0.6156,0.002971626516802123,0.0314,2.65
Dmd,0.6156,0.002971626516802123,0.0314,39.77
Gm44242,0.6155,0.0029781354644013124,0.0315,0.74
Smpx,0.6151,0.0029986465709882196,0.0316,6.64
Gm12408,0.6144,0.0030437257551159517,0.0319,2.27
Gabra1,0.6143,0.0030502365456209725,0.0319,250.27
1700008O03Rik,0.6143,0.0030502365456209725,0.0319,3.75
Pcdhb16,0.6143,0.0030502365456209725,0.0319,4.6
Nid1,0.6143,0.0030502365456209725,0.0319,15.58
Olfml2a,0.6143,0.0030502365456209725,0.0319,7.51
Clpb,0.6143,0.0030502365456209725,0.0319,26.72
1700102P08Rik,0.6143,0.0030502365456209725,0.0319,1.05
Rnft2,0.6143,0.0030502365456209725,0.0319,22.82
Hnrnpdl,0.6143,0.0030502365456209725,0.0319,88.92
Sfxn2,0.6143,0.0030502365456209725,0.0319,2.86
Prdm16os,0.6143,0.0030502365456209725,0.0319,2.39
Gm44645,0.613,0.0031305775706129807,0.0325,2.03
Dalrd3,0.613,0.0031305775706129807,0.0325,30.7
Golga7b,0.613,0.0031305775706129807,0.0325,62.4
Kat2b,0.613,0.0031305775706129807,0.0325,22.46
Arhgap10,0.613,0.0031305775706129807,0.0325,23.51
Cntnap1,0.613,0.0031305775706129807,0.0325,42.91
Trpv2,0.613,0.0031305775706129807,0.0325,44.34
Cpne6,0.613,0.0031305775706129807,0.0325,37.57
Ints6l,0.613,0.0031305775706129807,0.0325,17.03
Tspear,0.6118,0.0032069666723713434,0.033,0.47
Trim28,0.6117,0.0032126793710934476,0.033,33.88
Zfp423,0.6117,0.0032126793710934476,0.033,65.03
Pcdhb17,0.6117,0.0032126793710934476,0.033,11.6
Dennd2a,0.6117,0.0032126793710934476,0.033,6.31
Gm44229,0.6117,0.003210039893974367,0.033,2.16
2810032G03Rik,0.6117,0.0032126793710934476,0.033,10.8
Niban1,0.6117,0.0032126793710934476,0.033,7.28
Atp13a1,0.6117,0.0032126793710934476,0.033,15.32
Gprasp2,0.6117,0.0032126793710934476,0.033,77.76
Tmem86a,0.6117,0.0032126793710934476,0.033,13.14
Cald1,0.6117,0.0032126793710934476,0.033,23.46
Helz,0.6117,0.0032126793710934476,0.033,73.67
Parp8,0.6117,0.0032126793710934476,0.033,9.99
Appbp2,0.6117,0.0032126793710934476,0.033,56.49
Lpin2,0.6117,0.0032126793710934476,0.033,36.03
Ranbp3,0.6104,0.0032965720706862613,0.0336,30.42
Tmed4,0.6104,0.0032965720706862613,0.0336,74.96
Miat,0.6104,0.0032965720706862613,0.0336,99.3
Foxd3,0.6104,0.0032965720706862613,0.0336,6.63
Fam118b,0.6104,0.0032965720706862613,0.0336,7.27
Tafa3,0.6099,0.0033261488571983853,0.0339,0.83
Mapk8ip2,0.6091,0.0033822861384930295,0.0342,242.16
Cbx8,0.6091,0.0033822861384930295,0.0342,3.48
Slc5a3,0.6091,0.0033822861384930295,0.0342,44.8
Vwa8,0.6091,0.0033822861384930295,0.0342,18.55
Sf3a1,0.6091,0.0033822861384930295,0.0342,29.66
Plscr1,0.6091,0.0033822861384930295,0.0342,3.46
Ndrg1,0.6091,0.0033822861384930295,0.0342,77.49
Ppp1r26,0.6091,0.0033822861384930295,0.0342,8.81
Zfp286,0.6091,0.0033822861384930295,0.0342,9.24
Shh,0.6091,0.0033822861384930295,0.0342,38.88
Cacng2,0.6086,0.0034125313820629827,0.0345,21.16
Ednrb,0.6078,0.003469852390223125,0.0346,57.84
Nr1i3,0.6078,0.003469852390223125,0.0346,0.78
Tasor2,0.6078,0.003469852390223125,0.0346,11.22
Tbc1d24,0.6078,0.003469852390223125,0.0346,14.01
Klhl3,0.6078,0.003469852390223125,0.0346,11.87
Aspdh,0.6078,0.003469852390223125,0.0346,0.86
Snx27,0.6078,0.003469852390223125,0.0346,100.75
Sh3bgr,0.6078,0.003469852390223125,0.0346,6.4
Gpr162,0.6078,0.003469852390223125,0.0346,22.84
Mccc2,0.6078,0.003469852390223125,0.0346,6.71
Pold1,0.6078,0.003469852390223125,0.0346,2.7
Lrrc49,0.6078,0.003469852390223125,0.0346,103.75
2310022B05Rik,0.6078,0.003469852390223125,0.0346,36.76
Golm2,0.6078,0.003469852390223125,0.0346,99.63
Mtx3,0.6078,0.003469852390223125,0.0346,18.85
Crlf1,0.6078,0.003469852390223125,0.0346,6.6
Efna3,0.6078,0.003469852390223125,0.0346,1.42
4631405J19Rik,0.6076,0.0034834155038318874,0.0347,0.67
Kcnh3,0.6073,0.0035047192402321986,0.0349,1.63
Tshz3,0.6065,0.0035593019892842005,0.035,64.63
Syvn1,0.6065,0.0035593019892842005,0.035,33.76
Srsf11,0.6065,0.0035593019892842005,0.035,83.91
Gtf2ird2,0.6065,0.0035593019892842005,0.035,7.96
Dag1,0.6065,0.0035593019892842005,0.035,60.33
Rptor,0.6065,0.0035593019892842005,0.035,35.7
Rnf2,0.6065,0.0035593019892842005,0.035,11.72
Chst11,0.6065,0.0035593019892842005,0.035,17.83
Atr,0.6065,0.0035593019892842005,0.035,9.28
Nr4a1,0.6065,0.0035593019892842005,0.035,45.45
Ube3c,0.6065,0.0035593019892842005,0.035,95.72
Slc25a25,0.6065,0.0035593019892842005,0.035,77.29
Erp44,0.6052,0.003650666447832699,0.0356,24.51
Tecpr2,0.6052,0.003650666447832699,0.0356,26.31
Vldlr,0.6052,0.003650666447832699,0.0356,27.93
Tm6sf1,0.6052,0.003650666447832699,0.0356,51.16
Mybbp1a,0.6052,0.003650666447832699,0.0356,10.33
Arhgap24,0.6052,0.003650666447832699,0.0356,9.81
Thoc5,0.6052,0.003650666447832699,0.0356,9.82
Pdik1l,0.6052,0.003650666447832699,0.0356,8.69
Nkain4,0.6052,0.003650666447832699,0.0356,7.39
Upf2,0.6052,0.003650666447832699,0.0356,27.86
Mgat4c,0.6052,0.003650666447832699,0.0356,14.38
Tsc22d1,0.6052,0.003650666447832699,0.0356,313.27
Fgd1,0.6039,0.003743977627783529,0.0362,5.22
Fitm2,0.6039,0.003743977627783529,0.0362,51.8
Zfp239,0.6039,0.003743977627783529,0.0362,9.64
Zmiz1,0.6039,0.003743977627783529,0.0362,75.32
Ercc6l2,0.6039,0.003743977627783529,0.0362,12.66
Gfod2,0.6039,0.003743977627783529,0.0362,27.16
Slc8a3,0.6039,0.003743977627783529,0.0362,9.12
Ttc17,0.6039,0.003743977627783529,0.0362,16.63
Desi1,0.6039,0.003743977627783529,0.0362,40.0
Ung,0.6039,0.003743977627783529,0.0362,2.0
Ergic3,0.6039,0.003743977627783529,0.0362,62.06
Ranbp6,0.6026,0.003839267741778847,0.0368,49.21
Ehbp1l1,0.6026,0.003839267741778847,0.0368,47.63
Flrt2,0.6026,0.003839267741778847,0.0368,32.06
Galnt11,0.6026,0.003839267741778847,0.0368,27.3
Klhl22,0.6026,0.003839267741778847,0.0368,27.5
Slitrk5,0.6026,0.003839267741778847,0.0368,36.42
2810029C07Rik,0.6026,0.003839267741778847,0.0368,2.39
Casp12,0.6026,0.003839267741778847,0.0368,5.29
Nr2c2,0.6026,0.003839267741778847,0.0368,43.33
Pdk4,0.6026,0.003839267741778847,0.0368,9.47
Gm37672,0.6013,0.003936569354114935,0.0373,0.86
Aph1a,0.6013,0.003936569354114935,0.0373,34.39
Pars2,0.6013,0.003936569354114935,0.0373,2.34
Zc3h3,0.6013,0.003936569354114935,0.0373,4.19
Zc3h18,0.6013,0.003936569354114935,0.0373,15.7
Pin1,0.6013,0.003936569354114935,0.0373,155.53
Cnot10,0.6013,0.003936569354114935,0.0373,20.89
Zcchc7,0.6013,0.003936569354114935,0.0373,40.53
Cul7,0.6013,0.003936569354114935,0.0373,18.83
Itga6,0.6013,0.003936569354114935,0.0373,14.5
Pex11b,0.6013,0.003936569354114935,0.0373,31.62
Slc1a5,0.6013,0.003936569354114935,0.0373,8.74
Krba1,0.6013,0.003936569354114935,0.0373,12.0
Lrfn2,0.6,0.00403591538162697,0.0379,5.85
Lmln,0.6,0.00403591538162697,0.0379,9.9
Yap1,0.6,0.00403591538162697,0.0379,8.96
Sec61a2,0.6,0.00403591538162697,0.0379,58.91
Ddx39b,0.6,0.00403591538162697,0.0379,74.84
Flywch1,0.6,0.00403591538162697,0.0379,321.61
Spata1,0.6,0.00403591538162697,0.0379,4.67
Acvr2b,0.6,0.00403591538162697,0.0379,11.69
Mdn1,0.6,0.00403591538162697,0.0379,27.64
Galnt1,0.6,0.00403591538162697,0.0379,58.13
Dnal1,0.6,0.00403591538162697,0.0379,15.0
Maged1,0.6,0.00403591538162697,0.0379,340.99
Plxna4,0.6,0.00403591538162697,0.0379,80.28
Drosha,0.6,0.00403591538162697,0.0379,41.76
Nfic,0.6,0.00403591538162697,0.0379,298.2
Crb1,0.5996,0.004070707236042287,0.0381,0.38
Sema7a,0.5987,0.0041373390945310074,0.0382,5.94
Usp10,0.5987,0.0041373390945310074,0.0382,32.4
Abhd13,0.5987,0.0041373390945310074,0.0382,12.33
Setbp1,0.5987,0.0041373390945310074,0.0382,8.31
Erc1,0.5987,0.0041373390945310074,0.0382,76.71
Hepacam,0.5987,0.0041373390945310074,0.0382,6.67
6030458C11Rik,0.5987,0.0041373390945310074,0.0382,23.11
Naxe,0.5987,0.0041373390945310074,0.0382,66.1
Dok7,0.5987,0.0041373390945310074,0.0382,6.33
Lypla1,0.5987,0.0041373390945310074,0.0382,41.0
Dhx40,0.5987,0.0041373390945310074,0.0382,31.61
Dus1l,0.5987,0.0041373390945310074,0.0382,15.92
Ifitm10,0.5987,0.0041373390945310074,0.0382,52.09
Kdm6b,0.5987,0.0041373390945310074,0.0382,32.88
Prdm11,0.5987,0.0041373390945310074,0.0382,2.68
Gria1,0.5987,0.0041373390945310074,0.0382,14.26
Mga,0.5987,0.0041373390945310074,0.0382,33.51
Gm45176,0.5987,0.0041373390945310074,0.0382,2.13
Ccdc6,0.5987,0.0041373390945310074,0.0382,49.42
Mark3,0.5974,0.004240874117222793,0.0388,46.44
5031439G07Rik,0.5974,0.004240874117222793,0.0388,52.38
Ptdss1,0.5974,0.004240874117222793,0.0388,68.16
Gm38101,0.5974,0.004241213727098371,0.0388,0.63
Fn3k,0.5974,0.004240874117222793,0.0388,11.72
Tbc1d4,0.5974,0.004240874117222793,0.0388,16.76
Ank1,0.5974,0.004240874117222793,0.0388,29.97
Plekha4,0.5974,0.004240874117222793,0.0388,20.0
Urod,0.5974,0.004240874117222793,0.0388,18.57
Ankzf1,0.5974,0.004240874117222793,0.0388,9.47
Wnk2,0.5974,0.004240874117222793,0.0388,21.5
Atp11a,0.5974,0.004240874117222793,0.0388,183.1
Mitf,0.5974,0.004240874117222793,0.0388,3.33
Syt2,0.5974,0.004240874117222793,0.0388,191.04
Tenm2,0.5974,0.004240874117222793,0.0388,64.77
Crebzf,0.5974,0.004240874117222793,0.0388,25.8
Acer3,0.5961,0.004346554429032708,0.0392,31.57
Ddhd1,0.5961,0.004346554429032708,0.0392,43.42
Kbtbd7,0.5961,0.004346554429032708,0.0392,22.94
Sez6l2,0.5961,0.004346554429032708,0.0392,108.22
Rnf170,0.5961,0.004346554429032708,0.0392,19.64
Fam193a,0.5961,0.004346554429032708,0.0392,32.98
Prkcz,0.5961,0.004346554429032708,0.0392,66.3
Cnmd,0.5961,0.004346554429032708,0.0392,4.42
Ephb4,0.5961,0.004346554429032708,0.0392,1.07
Inpp4b,0.5961,0.004346554429032708,0.0392,2.18
Npepl1,0.5961,0.004346554429032708,0.0392,13.83
Tatdn2,0.5961,0.004346554429032708,0.0392,14.73
Polr1b,0.5961,0.004346554429032708,0.0392,3.55
C2cd4c,0.5961,0.004346554429032708,0.0392,9.01
Prss35,0.5961,0.004346554429032708,0.0392,11.77
Myo16,0.5961,0.004346554429032708,0.0392,2.9
Sspo,0.5956,0.004384170099867234,0.0395,2.16
Ep400,0.5948,0.0044544143649366185,0.0397,27.76
Firre,0.5948,0.0044544143649366185,0.0397,20.87
Slc9a1,0.5948,0.0044544143649366185,0.0397,42.79
Zfr2,0.5948,0.0044544143649366185,0.0397,30.98
Acd,0.5948,0.0044544143649366185,0.0397,28.46
Zfp956,0.5948,0.0044544143649366185,0.0397,6.61
Gpr37l1,0.5948,0.0044544143649366185,0.0397,28.82
Slitrk3,0.5948,0.0044544143649366185,0.0397,26.97
Ogt,0.5948,0.0044544143649366185,0.0397,146.66
Slf1,0.5948,0.0044544143649366185,0.0397,11.08
2310040G24Rik,0.5948,0.0044544143649366185,0.0397,7.22
Ccdc149,0.5948,0.0044544143649366185,0.0397,20.43
Iqsec1,0.5948,0.0044544143649366185,0.0397,71.39
Uckl1os,0.5943,0.004492839079458127,0.0401,1.78
Ranbp2,0.5935,0.004564488616221692,0.0403,36.81
Zbtb47,0.5935,0.004564488616221692,0.0403,30.41
Bach1,0.5935,0.004564488616221692,0.0403,17.48
Samd4,0.5935,0.004564488616221692,0.0403,15.85
Foxp1,0.5935,0.004564488616221692,0.0403,43.83
Dnmt1,0.5935,0.004564488616221692,0.0403,32.94
Calcrl,0.5935,0.004564488616221692,0.0403,11.09
Gm32815,0.5935,0.004564488616221692,0.0403,1.32
Oaf,0.5935,0.004564488616221692,0.0403,4.79
Epb41l2,0.5935,0.004564488616221692,0.0403,18.33
Ahdc1,0.5935,0.004564488616221692,0.0403,25.54
Vezf1,0.5935,0.004564488616221692,0.0403,39.93
Arhgef26,0.5922,0.0046768122311073605,0.0409,3.6
Rab3il1,0.5922,0.0046768122311073605,0.0409,3.09
Orai2,0.5922,0.0046768122311073605,0.0409,16.94
Syt13,0.5922,0.0046768122311073605,0.0409,13.94
Adcy6,0.5922,0.0046768122311073605,0.0409,6.93
Atxn7l2,0.5922,0.0046768122311073605,0.0409,4.96
Eif2b2,0.5922,0.0046768122311073605,0.0409,25.57
Strip1,0.5922,0.0046768122311073605,0.0409,33.25
Prdm2,0.5922,0.0046768122311073605,0.0409,31.34
Tmtc1,0.5922,0.0046768122311073605,0.0409,60.06
Magi2,0.5922,0.0046768122311073605,0.0409,18.96
Smtn,0.5922,0.0046768122311073605,0.0409,2.58
Zfp160,0.5922,0.0046768122311073605,0.0409,8.43
C030037D09Rik,0.5922,0.0046768122311073605,0.0409,1.51
Capg,0.5909,0.004791420615320205,0.0417,5.82
C130013H08Rik,0.5909,0.004791420615320205,0.0417,3.97
Kcns1,0.5909,0.004791420615320205,0.0417,18.18
Gm45223,0.5909,0.004791420615320205,0.0417,4.68
Gtf3c1,0.5909,0.004791420615320205,0.0417,52.39
Pals1,0.5909,0.004791420615320205,0.0417,20.09
Snrnp48,0.5909,0.004791420615320205,0.0417,54.17
Lpin1,0.5896,0.004908349532622726,0.042,115.36
Mbnl1,0.5896,0.004908349532622726,0.042,226.12
Gm14740,0.5896,0.004911143313062777,0.0421,0.68
Gm37653,0.5896,0.004908349532622726,0.042,1.27
Cpsf6,0.5896,0.004908349532622726,0.042,66.35
Fus,0.5896,0.004908349532622726,0.042,113.78
Iqce,0.5896,0.004908349532622726,0.042,11.72
Crkl,0.5896,0.004908349532622726,0.042,37.27
Rbm15,0.5896,0.004908349532622726,0.042,16.03
Metrn,0.5896,0.004908349532622726,0.042,20.19
Xylt1,0.5896,0.004908349532622726,0.042,7.68
Reps1,0.5896,0.004908349532622726,0.042,22.87
Gm43011,0.5896,0.004908349532622726,0.042,6.29
Zfp738,0.5896,0.004908349532622726,0.042,21.91
Sirt2,0.5896,0.004908349532622726,0.042,77.39
Plk2,0.5896,0.004908349532622726,0.042,35.01
Bod1l,0.5896,0.004908349532622726,0.042,61.82
Me3,0.5896,0.004908349532622726,0.042,3.82
Pag1,0.5896,0.004908349532622726,0.042,15.05
E2f6,0.5896,0.004908349532622726,0.042,47.49
Tmem130,0.5896,0.004908349532622726,0.042,108.77
Gm37466,0.5892,0.004950149240606818,0.0424,1.07
Pxn,0.5883,0.005027635105295531,0.0426,9.61
Prickle2,0.5883,0.005027635105295531,0.0426,23.02
Acot1,0.5883,0.005027635105295531,0.0426,7.33
Bbs2,0.5883,0.005027635105295531,0.0426,6.68
Pcsk5,0.5883,0.005027635105295531,0.0426,2.01
Elmo2,0.5883,0.005027635105295531,0.0426,46.12
Scn3b,0.5883,0.005027635105295531,0.0426,148.91
Dcaf8,0.5883,0.005027635105295531,0.0426,95.19
Gm37297,0.5883,0.005027635105295531,0.0426,5.64
Srsf7,0.5883,0.005027635105295531,0.0426,90.47
Herpud2,0.5883,0.005027635105295531,0.0426,16.5
Hip1r,0.587,0.005149313814572183,0.0433,19.95
Mlxip,0.587,0.005149313814572183,0.0433,17.18
Suclg2,0.587,0.005149313814572183,0.0433,6.76
Srpx,0.587,0.005149313814572183,0.0433,3.13
Atn1,0.587,0.005149313814572183,0.0433,45.1
Zfp365,0.587,0.005149313814572183,0.0433,58.16
Dnajc9,0.587,0.005149313814572183,0.0433,21.14
Gtf2h2,0.587,0.005149313814572183,0.0433,10.31
Ifngr2,0.587,0.005149313814572183,0.0433,73.44
E230020A03Rik,0.587,0.005149313814572183,0.0433,4.79
Slc16a1,0.587,0.005149313814572183,0.0433,22.84
8430422M14Rik,0.587,0.005149313814572183,0.0433,5.18
Fbxo7,0.587,0.005149313814572183,0.0433,16.04
L3mbtl3,0.587,0.005149313814572183,0.0433,5.6
Fabp3-ps1,0.5866,0.005192886564996819,0.0437,1.59
Igsf10,0.5857,0.005273422501026666,0.0441,4.59
Dok6,0.5857,0.005273422501026666,0.0441,34.68
Pacsin3,0.5857,0.005273422501026666,0.0441,7.12
Il1rapl1,0.5857,0.005273422501026666,0.0441,4.23
Sp1,0.5857,0.005273422501026666,0.0441,15.36
Ptpre,0.5857,0.005273422501026666,0.0441,72.6
Nkx6-2,0.5849,0.005347613982626249,0.0447,0.31
Gng11,0.5844,0.005399998364912409,0.0447,10.52
Vwa5b2,0.5844,0.005399998364912409,0.0447,23.97
Apoc1,0.5844,0.005399998364912409,0.0447,8.88
Fubp1,0.5844,0.005399998364912409,0.0447,78.97
Asic1,0.5844,0.005399998364912409,0.0447,39.81
Ninj1,0.5844,0.005399998364912409,0.0447,78.15
Mgrn1,0.5844,0.005399998364912409,0.0447,43.65
Erlec1,0.5844,0.005399998364912409,0.0447,40.47
Atxn2,0.5844,0.005399998364912409,0.0447,55.93
Tmem191,0.5844,0.005399998364912409,0.0447,18.75
Bhlhe40,0.5844,0.005399998364912409,0.0447,39.61
Cnnm2,0.5844,0.005399998364912409,0.0447,14.37
Cox11,0.5844,0.005399998364912409,0.0447,20.06
Phf20l1,0.5844,0.005399998364912409,0.0447,44.78
Fbln2,0.5844,0.005399998364912409,0.0447,21.64
Ercc2,0.5844,0.005399998364912409,0.0447,11.13
A330009N23Rik,0.584,0.005445402920789523,0.045,0.72
Hps4,0.5831,0.005529078966453104,0.0454,22.94
Tmem163,0.5831,0.005529078966453104,0.0454,28.3
Ppp1r37,0.5831,0.005529078966453104,0.0454,59.02
Fem1c,0.5831,0.005529078966453104,0.0454,34.91
Wbp1,0.5831,0.005529078966453104,0.0454,44.86
Jmy,0.5831,0.005529078966453104,0.0454,40.57
Tut1,0.5831,0.005529078966453104,0.0454,5.34
Itm2c,0.5831,0.005529078966453104,0.0454,310.84
Ldoc1,0.5831,0.005529078966453104,0.0454,1.26
Gcdh,0.5831,0.005529078966453104,0.0454,9.25
Septin4,0.5831,0.005529078966453104,0.0454,18.68
Selenoo,0.5818,0.00566070222608447,0.046,15.51
Os9,0.5818,0.00566070222608447,0.046,49.51
D3Ertd751e,0.5818,0.00566070222608447,0.046,6.23
Rundc1,0.5818,0.00566070222608447,0.046,14.97
Plscr2,0.5818,0.00566070222608447,0.046,7.06
Ankle2,0.5818,0.00566070222608447,0.046,16.8
Csk,0.5818,0.00566070222608447,0.046,91.95
Mob1a,0.5818,0.00566070222608447,0.046,16.39
Khdc4,0.5818,0.00566070222608447,0.046,22.76
Tmem59,0.5818,0.00566070222608447,0.046,183.31
Pianp,0.5818,0.00566070222608447,0.046,61.98
Stx16,0.5818,0.00566070222608447,0.046,42.33
Ncl,0.5818,0.00566070222608447,0.046,96.38
Gm39244,0.5814,0.0057079986614792045,0.0464,6.19
Zfhx3,0.5805,0.005794906424646416,0.0467,282.98
Akap6,0.5805,0.005794906424646416,0.0467,230.37
Ikzf2,0.5805,0.005794906424646416,0.0467,28.44
Egln3,0.5805,0.005794906424646416,0.0467,12.08
Eftud2,0.5805,0.005794906424646416,0.0467,20.92
Itgb8,0.5805,0.005794906424646416,0.0467,21.83
2700097O09Rik,0.5805,0.005794906424646416,0.0467,6.17
Il18bp,0.5805,0.005794906424646416,0.0467,3.48
Zkscan8,0.5805,0.005794906424646416,0.0467,18.97
Snrnp70,0.5805,0.005794906424646416,0.0467,109.44
A230103L15Rik,0.5805,0.005794906424646416,0.0467,4.07
Zdhhc1,0.5805,0.005794906424646416,0.0467,17.74
Angpt4,0.5805,0.005794906424646416,0.0467,4.65
Fxyd1,0.5805,0.005794906424646416,0.0467,66.68
Syndig1,0.58,0.005852003077072959,0.0471,3.51
Cgrrf1,0.5792,0.005931730203525632,0.0472,24.0
Fam171a1,0.5792,0.005931730203525632,0.0472,42.3
Mettl6,0.5792,0.005931730203525632,0.0472,8.62
Ripor1,0.5792,0.005931730203525632,0.0472,32.72
Gata3,0.5792,0.005931730203525632,0.0472,8.8
Rbbp9,0.5792,0.005931730203525632,0.0472,7.45
Cyp2d22,0.5792,0.005931730203525632,0.0472,3.26
Cdkn1c,0.5792,0.005931730203525632,0.0472,1.66
Nr2f1,0.5792,0.005931730203525632,0.0472,23.52
Ddx19a,0.5792,0.005931730203525632,0.0472,9.65
Cdc42ep3,0.5792,0.005931730203525632,0.0472,16.39
Zfp266,0.5792,0.005931730203525632,0.0472,34.53
Gm48203,0.5792,0.005931730203525632,0.0472,0.64
Srrt,0.5792,0.005931730203525632,0.0472,36.64
Fxr2,0.5792,0.005931730203525632,0.0472,117.44
Cntnap5a,0.5792,0.005931730203525632,0.0472,50.01
Mtdh,0.5792,0.005931730203525632,0.0472,97.02
Gm37711,0.5791,0.005944873163515057,0.0473,0.71
Ky,0.5787,0.00599011897554772,0.0476,2.11
Gm48713,0.5781,0.0060508843848727815,0.0479,0.64
Emg1,0.5779,0.006071212564747679,0.0479,40.13
Pdpn,0.5779,0.006071212564747679,0.0479,7.58
Trim33,0.5779,0.006071212564747679,0.0479,28.09
Tmem178b,0.5779,0.006071212564747679,0.0479,52.76
Epha4,0.5779,0.006071212564747679,0.0479,7.95
Lhfpl2,0.5779,0.006071212564747679,0.0479,23.17
Psmd12,0.5779,0.006071212564747679,0.0479,72.3
Mblac2,0.5779,0.006071212564747679,0.0479,41.4
Tlcd4,0.5779,0.006071212564747679,0.0479,76.42
Hspb7,0.5779,0.006071212564747679,0.0479,6.69
Gm44240,0.5775,0.006116927516594812,0.0481,0.48
Lair1,0.5766,0.006213392871018547,0.0483,1.5
Dcaf1,0.5766,0.006213392871018547,0.0483,18.92
Eno2,0.5766,0.006213392871018547,0.0483,449.62
Pid1,0.5766,0.006213392871018547,0.0483,10.46
E130114P18Rik,0.5766,0.006213392871018547,0.0483,2.51
Slc38a10,0.5766,0.006213392871018547,0.0483,60.43
Gdap1,0.5766,0.006213392871018547,0.0483,161.11
St3gal3,0.5766,0.006213392871018547,0.0483,11.06
Uvrag,0.5766,0.006213392871018547,0.0483,26.51
Vps13c,0.5766,0.006213392871018547,0.0483,49.87
Tspan7,0.5766,0.006213392871018547,0.0483,335.68
Safb2,0.5766,0.006213392871018547,0.0483,25.85
Trp53bp1,0.5766,0.006213392871018547,0.0483,51.53
Cog4,0.5766,0.006213392871018547,0.0483,27.74
Ints1,0.5766,0.006213392871018547,0.0483,27.02
Pym1,0.5766,0.006213392871018547,0.0483,9.69
Yars2,0.5766,0.006213392871018547,0.0483,8.31
Col28a1,0.5766,0.006213392871018547,0.0483,6.37
Clrn1,0.5766,0.006213392871018547,0.0483,7.36
Faim2,0.5766,0.006213392871018547,0.0483,289.51
Iqcb1,0.5766,0.006213392871018547,0.0483,17.59
Srpk2,0.5766,0.006213392871018547,0.0483,126.37
Pcdhb14,0.5766,0.006213392871018547,0.0483,5.52
Carmil3,0.5753,0.006358310845714959,0.0489,58.4
Lrfn4,0.5753,0.006358310845714959,0.0489,19.4
Ahcy,0.5753,0.006358310845714959,0.0489,6.9
Brwd1,0.5753,0.006358310845714959,0.0489,49.94
Usp53,0.5753,0.006358310845714959,0.0489,11.81
Fos,0.5753,0.006358310845714959,0.0489,472.84
Ppp1r10,0.5753,0.006358310845714959,0.0489,34.76
Gas1,0.5753,0.006358310845714959,0.0489,2.69
Clec16a,0.5753,0.006358310845714959,0.0489,16.97
Sympk,0.5753,0.006358310845714959,0.0489,41.58
Peg10,0.5753,0.006358310845714959,0.0489,25.97
Cracd,0.5753,0.006358310845714959,0.0489,96.26
Kctd17,0.5753,0.006358310845714959,0.0489,90.0
Ercc6,0.5753,0.006358310845714959,0.0489,7.88
Gm42611,0.5753,0.006358310845714959,0.0489,1.67
Myo5b,0.5749,0.006410608484457451,0.0493,2.1
Gm43175,0.5748,0.0064207181580453335,0.0493,1.4
Ush1g,0.5748,0.0064207181580453335,0.0493,0.89
Srgap2,0.574,0.006506006572823369,0.0496,19.77
Gja1,0.574,0.006506006572823369,0.0496,6.43
Rasgrf1,0.574,0.006506006572823369,0.0496,25.17
Lrfn5,0.574,0.006506006572823369,0.0496,53.36
Fbxo11,0.574,0.006506006572823369,0.0496,54.44
Hexb,0.574,0.006506006572823369,0.0496,25.99
Trdmt1,0.574,0.006506006572823369,0.0496,3.89
Pom121,0.574,0.006506006572823369,0.0496,50.24
Pbx3,0.574,0.006506006572823369,0.0496,28.92
Kdm1a,0.574,0.006506006572823369,0.0496,46.82
Lamp5,0.574,0.006506006572823369,0.0496,18.36
Bckdha,0.574,0.006506006572823369,0.0496,21.16
Lpcat2,0.574,0.006506006572823369,0.0496,2.65
Gm44167,0.5733,0.0065906126237794726,0.0502,1.14
H2-DMa,0.5727,0.006656520496826805,0.0503,12.07
Lrp8os3,0.5727,0.006656520496826805,0.0503,2.32
Ttc39a,0.5727,0.006656520496826805,0.0503,9.52
Tbc1d10a,0.5727,0.006656520496826805,0.0503,9.23
Sf3b3,0.5727,0.006656520496826805,0.0503,40.36
Gng7,0.5727,0.006656520496826805,0.0503,10.22
Zswim8,0.5727,0.006656520496826805,0.0503,48.36
Lingo1,0.5727,0.006656520496826805,0.0503,42.42
Dhrs4,0.5727,0.006656520496826805,0.0503,16.8
Nrtn,0.5727,0.006656520496826805,0.0503,9.64
Gm45220,0.5727,0.006656520496826805,0.0503,5.33
Ints10,0.5727,0.006656520496826805,0.0503,14.35
Tgfbi,0.5727,0.006656520496826805,0.0503,1.79
Col27a1,0.5727,0.006656520496826805,0.0503,17.24
Cyp4f14,0.572,0.0067432362425498054,0.0509,0.93
Brinp3,0.572,0.0067432362425498054,0.0509,10.52
Lage3,0.5714,0.006809893422539684,0.051,32.63
Leng8,0.5714,0.006809893422539684,0.051,85.18
Zup1,0.5714,0.006809893422539684,0.051,9.65
Afap1l2,0.5714,0.006809893422539684,0.051,7.6
Dcx,0.5714,0.006809893422539684,0.051,10.07
Stxbp5l,0.5714,0.006809893422539684,0.051,7.7
Pacs1,0.5714,0.006809893422539684,0.051,30.46
Ecsit,0.5714,0.006809893422539684,0.051,19.7
Mrps5,0.5714,0.006809893422539684,0.051,55.65
Gm45177,0.5714,0.006809893422539684,0.051,1.15
Rbp1,0.5714,0.006809893422539684,0.051,9.82
Myo6,0.5714,0.006809893422539684,0.051,16.12
Zfp568,0.5714,0.006809893422539684,0.051,3.08
Usp20,0.5714,0.006809893422539684,0.051,118.77
Pex13,0.5714,0.006809893422539684,0.051,29.78
Sptbn2,0.5714,0.006809893422539684,0.051,68.89
2810030D12Rik,0.5713,0.006820633386587701,0.051,0.9
C1qtnf4,0.5701,0.00696616651488972,0.0514,58.83
Tgm2,0.5701,0.00696616651488972,0.0514,10.73
Mapk8ip1,0.5701,0.00696616651488972,0.0514,202.71
Clic5,0.5701,0.00696616651488972,0.0514,5.74
Lmtk3,0.5701,0.00696616651488972,0.0514,12.56
Sema3g,0.5701,0.00696616651488972,0.0514,2.02
Miga2,0.5701,0.00696616651488972,0.0514,39.54
Dus3l,0.5701,0.00696616651488972,0.0514,26.66
Ptpa,0.5701,0.00696616651488972,0.0514,216.32
Gm42445,0.5701,0.00696616651488972,0.0514,0.93
Pcyox1,0.5701,0.00696616651488972,0.0514,105.98
Mipep,0.5701,0.00696616651488972,0.0514,8.12
Atf7ip,0.5701,0.00696616651488972,0.0514,39.22
Mroh7,0.5701,0.00696616651488972,0.0514,2.16
Senp7,0.5701,0.00696616651488972,0.0514,31.69
D130019J16Rik,0.5701,0.00696616651488972,0.0514,0.98
Gm43006,0.5701,0.00696616651488972,0.0514,1.33
Amotl2,0.5701,0.00696616651488972,0.0514,16.0
Fyco1,0.5701,0.00696616651488972,0.0514,9.04
Zbtb26,0.5701,0.00696616651488972,0.0514,5.87
Grm4,0.5701,0.00696616651488972,0.0514,5.67
Pnisr,0.5701,0.00696616651488972,0.0514,101.19
Shox2,0.5697,0.007022755393355596,0.0518,7.94
Cdh6,0.5688,0.007125381298647018,0.0522,25.7
Ing3,0.5688,0.007125381298647018,0.0522,10.55
Cbfa2t2,0.5688,0.007125381298647018,0.0522,17.47
Mob1b,0.5688,0.007125381298647018,0.0522,26.81
Gm26638,0.5688,0.007125381298647018,0.0522,4.14
Slc25a42,0.5688,0.007125381298647018,0.0522,10.6
Dock8,0.5688,0.007125381298647018,0.0522,2.57
Egf,0.5688,0.007125381298647018,0.0522,3.04
Alyref2,0.5688,0.007125381298647018,0.0522,4.27
Rnd2,0.5688,0.007125381298647018,0.0522,48.55
Ldb3,0.5688,0.007125381298647018,0.0522,23.31
Wdr37,0.5688,0.007125381298647018,0.0522,70.2
Chrna4,0.5684,0.007183084704774696,0.0526,12.05
Frrs1,0.5683,0.007194978728127602,0.0527,0.46
Hapln1,0.5677,0.0072643719435336014,0.0528,2.91
Dctn1,0.5675,0.007287579658099422,0.0528,256.16
Tns1,0.5675,0.007287579658099422,0.0528,153.93
Cdh22,0.5675,0.007287579658099422,0.0528,21.18
Rcbtb1,0.5675,0.007287579658099422,0.0528,63.04
Zfp362,0.5675,0.007287579658099422,0.0528,11.89
Lum,0.5675,0.007287579658099422,0.0528,2.73
Gal3st1,0.5675,0.007287579658099422,0.0528,7.94
Arl6ip6,0.5675,0.007287579658099422,0.0528,11.15
Zfp692,0.5675,0.007287579658099422,0.0528,11.09
Pepd,0.5675,0.007287579658099422,0.0528,20.42
Nos1ap,0.5675,0.007287579658099422,0.0528,4.56
Rcc1l,0.5675,0.007287579658099422,0.0528,9.21
Gm37490,0.5675,0.007287579658099422,0.0528,1.46
Steap4,0.5671,0.007346414617409271,0.0532,0.69
Fgfr3,0.5668,0.007383161956346856,0.0534,0.63
Slc40a1,0.5664,0.007429218039284064,0.0534,0.98
Slc22a4,0.5662,0.007452803836674509,0.0534,1.57
Ints6,0.5662,0.007452803836674509,0.0534,32.67
Safb,0.5662,0.007452803836674509,0.0534,45.9
Hpgd,0.5662,0.007452803836674509,0.0534,0.99
Grb14,0.5662,0.007452803836674509,0.0534,21.95
Nt5c3,0.5662,0.007452803836674509,0.0534,50.98
Eml2,0.5662,0.007452803836674509,0.0534,188.69
Ylpm1,0.5662,0.007452803836674509,0.0534,50.4
Elp3,0.5662,0.007452803836674509,0.0534,40.19
Wdr6,0.5662,0.007452803836674509,0.0534,103.58
Phox2a,0.5662,0.007452803836674509,0.0534,40.42
Gm37060,0.5662,0.007452803836674509,0.0534,8.33
Gm44562,0.5662,0.007452803836674509,0.0534,2.07
Btbd8,0.5662,0.007452803836674509,0.0534,36.99
Ddit4l,0.5658,0.007512787544478537,0.0538,1.72
Gm43426,0.5657,0.007525457058287014,0.0539,1.02
Cd59a,0.5649,0.007621096436507023,0.0541,55.64
Cbarp,0.5649,0.007621096436507023,0.0541,209.41
Rgp1,0.5649,0.007621096436507023,0.0541,19.36
Rbm26,0.5649,0.007621096436507023,0.0541,36.42
Zswim1,0.5649,0.007621096436507023,0.0541,16.23
Tox,0.5649,0.007621096436507023,0.0541,10.21
Nefh,0.5649,0.007621096436507023,0.0541,338.97
Shb,0.5649,0.007621096436507023,0.0541,4.71
Insyn1,0.5649,0.007621096436507023,0.0541,29.52
Trim6,0.5649,0.007621096436507023,0.0541,1.9
Strip2,0.5649,0.007621096436507023,0.0541,7.68
Kcnq1ot1,0.5649,0.007621096436507023,0.0541,73.12
Ctr9,0.5636,0.007792500417952208,0.0548,35.38
Nrarp,0.5636,0.007792500417952208,0.0548,10.62
Fbf1,0.5636,0.007792500417952208,0.0548,13.08
Hap1,0.5636,0.007792500417952208,0.0548,27.33
Rab11fip3,0.5636,0.007792500417952208,0.0548,25.54
Slc25a35,0.5636,0.007792500417952208,0.0548,4.7
Gabrb1,0.5636,0.007792500417952208,0.0548,19.06
Tmpo,0.5636,0.007792500417952208,0.0548,19.28
Rnf121,0.5636,0.007792500417952208,0.0548,18.74
Bdp1,0.5636,0.007792500417952208,0.0548,29.19
Fbxo22,0.5636,0.007792500417952208,0.0548,45.6
Stat1,0.5636,0.007792500417952208,0.0548,29.06
Hjurp,0.5636,0.007792500417952208,0.0548,31.81
Dusp8,0.5636,0.007792500417952208,0.0548,65.94
Apeh,0.5636,0.007792500417952208,0.0548,18.96
Brsk2,0.5636,0.007792500417952208,0.0548,50.31
Lmtk2,0.5623,0.007967059099044032,0.0555,12.14
Smg1,0.5623,0.007967059099044032,0.0555,48.82
Mirg,0.5623,0.007967059099044032,0.0555,42.44
Phf11d,0.5623,0.007967059099044032,0.0555,0.49
Kiz,0.5623,0.007967059099044032,0.0555,9.25
Gart,0.5623,0.007967059099044032,0.0555,13.01
Cpne9,0.5623,0.007967059099044032,0.0555,5.93
Tbc1d17,0.5623,0.007967059099044032,0.0555,26.47
Traf2,0.5623,0.007967059099044032,0.0555,4.1
Thoc1,0.5623,0.007967059099044032,0.0555,26.55
St6gal1,0.5623,0.007967059099044032,0.0555,28.33
Mapk12,0.5623,0.007967059099044032,0.0555,37.94
Ubac2,0.5623,0.007967059099044032,0.0555,26.05
Pbxip1,0.5623,0.007967059099044032,0.0555,5.95
Fras1,0.5623,0.007967059099044032,0.0555,3.49
Vps37a,0.5623,0.007967059099044032,0.0555,38.53
Inpp5j,0.5623,0.007967059099044032,0.0555,18.36
Fkbp9,0.561,0.00814481615489852,0.0561,16.73
A330076H08Rik,0.561,0.00814481615489852,0.0561,39.0
Kdm4b,0.561,0.00814481615489852,0.0561,15.61
Rnf220,0.561,0.00814481615489852,0.0561,142.72
Rasgrp2,0.561,0.00814481615489852,0.0561,10.86
Ring1,0.561,0.00814481615489852,0.0561,23.53
Vps11,0.561,0.00814481615489852,0.0561,29.45
Ilvbl,0.561,0.00814481615489852,0.0561,19.31
Mid1,0.561,0.00814481615489852,0.0561,10.02
Gm43527,0.561,0.00814481615489852,0.0561,5.82
Mlst8,0.561,0.00814481615489852,0.0561,27.9
Nktr,0.561,0.00814481615489852,0.0561,103.82
Ngef,0.561,0.008156198345937919,0.0562,1.18
Kdm7a,0.561,0.00814481615489852,0.0561,45.89
Eea1,0.561,0.00814481615489852,0.0561,109.32
Hcn1,0.561,0.00814481615489852,0.0561,84.96
Hdac4,0.561,0.00814481615489852,0.0561,37.45
Prxl2c,0.561,0.00814481615489852,0.0561,73.9
Lmna,0.561,0.00814481615489852,0.0561,85.84
Jade1,0.561,0.00814481615489852,0.0561,24.7
Gm38148,0.5606,0.008209570215631717,0.0565,2.78
Slc12a2,0.5597,0.008325815617061407,0.0568,88.91
Extl2,0.5597,0.008325815617061407,0.0568,67.97
Rpn1,0.5597,0.008325815617061407,0.0568,85.69
9430021M05Rik,0.5597,0.008325815617061407,0.0568,4.46
Amotl1,0.5597,0.008325815617061407,0.0568,83.43
Tgfb2,0.5597,0.008325815617061407,0.0568,18.59
Gm44799,0.5597,0.008325815617061407,0.0568,8.65
Ss18l1,0.5597,0.008325815617061407,0.0568,15.14
Smg7,0.5597,0.008325815617061407,0.0568,40.24
Tecr,0.5597,0.008325815617061407,0.0568,484.41
Atg13,0.5597,0.008325815617061407,0.0568,63.82
Cherp,0.5597,0.008325815617061407,0.0568,23.96
Cercam,0.5597,0.008325815617061407,0.0568,3.07
Mroh1,0.5597,0.008325815617061407,0.0568,32.29
Nfkb1,0.5597,0.008325815617061407,0.0568,18.72
Pou4f3,0.5593,0.008391806959433508,0.0572,6.52
Iffo2,0.5584,0.008510101872800206,0.0573,4.48
Nefl,0.5584,0.008510101872800206,0.0573,1462.14
Dusp14,0.5584,0.008510101872800206,0.0573,6.74
Poldip2,0.5584,0.008510101872800206,0.0573,48.21
Acrbp,0.5584,0.008510101872800206,0.0573,3.86
Chn1,0.5584,0.008510101872800206,0.0573,99.8
Scn4b,0.5584,0.008510101872800206,0.0573,11.43
Plcl1,0.5584,0.008510101872800206,0.0573,16.03
Mrln,0.5584,0.008510101872800206,0.0573,2.2
Yaf2,0.5584,0.008510101872800206,0.0573,94.12
Bmerb1,0.5584,0.008510101872800206,0.0573,81.32
Sorcs2,0.5584,0.008510101872800206,0.0573,3.74
Cand1,0.5584,0.008510101872800206,0.0573,99.52
Abat,0.5584,0.008510101872800206,0.0573,34.46
Gm37788,0.5584,0.008510101872800206,0.0573,5.81
Lhfpl3,0.5584,0.008510101872800206,0.0573,12.48
Gbf1,0.5584,0.008510101872800206,0.0573,68.13
Gm43588,0.5584,0.008510101872800206,0.0573,0.82
Nup107,0.5584,0.008510101872800206,0.0573,11.46
1600012H06Rik,0.5584,0.008510101872800206,0.0573,19.38
Zpld1,0.5583,0.008530831931200456,0.0575,1.75
6530402F18Rik,0.558,0.008577348716407923,0.0577,1.87
Ptges,0.5573,0.008671372996505831,0.0581,3.86
Cdh10,0.5571,0.008697719664340079,0.0581,13.96
Scg5,0.5571,0.008697719664340079,0.0581,147.52
Gpr26,0.5571,0.008697719664340079,0.0581,8.48
Cdk11b,0.5571,0.008697719664340079,0.0581,37.94
Psd2,0.5571,0.008697719664340079,0.0581,2.12
Ccdc61,0.5571,0.008697719664340079,0.0581,5.14
Trak2,0.5571,0.008697719664340079,0.0581,46.56
Specc1,0.5571,0.008697719664340079,0.0581,3.96
Armcx3,0.5571,0.008697719664340079,0.0581,88.94
Ppp1r3c,0.5571,0.008697719664340079,0.0581,3.54
Cdc42ep5,0.5571,0.008697719664340079,0.0581,3.36
Art4,0.5567,0.008766240400220848,0.0585,0.71
Crebbp,0.5558,0.00888871408804349,0.0589,63.54
Zer1,0.5558,0.00888871408804349,0.0589,68.21
Dcakd,0.5558,0.00888871408804349,0.0589,18.62
Mettl13,0.5558,0.00888871408804349,0.0589,8.52
Ctsf,0.5558,0.00888871408804349,0.0589,22.44
Ppat,0.5558,0.00888871408804349,0.0589,9.93
Fbxo41,0.5558,0.00888871408804349,0.0589,30.1
Osbpl6,0.5558,0.00888871408804349,0.0589,39.66
Tyw1,0.5558,0.00888871408804349,0.0589,7.75
Lrrfip1,0.5558,0.00888871408804349,0.0589,21.31
Iqcn,0.5558,0.00888871408804349,0.0589,2.47
Gm36951,0.5546,0.009078372875137027,0.0598,0.37
Crygs,0.5545,0.009088498704259651,0.0599,0.33
Gm37211,0.5545,0.00908313059353282,0.0598,1.53
Xpo4,0.5545,0.00908313059353282,0.0598,13.21
Tnr,0.5545,0.00908313059353282,0.0598,8.0
Prpf6,0.5545,0.00908313059353282,0.0598,19.09
Gfm2,0.5545,0.00908313059353282,0.0598,13.38
Relt,0.5545,0.00908313059353282,0.0598,4.13
Agap3,0.5545,0.00908313059353282,0.0598,120.19
Pfkm,0.5545,0.00908313059353282,0.0598,73.59
Zfp467,0.5545,0.00908313059353282,0.0598,40.47
Lpp,0.5545,0.00908313059353282,0.0598,14.95
Lrp8,0.5545,0.00908313059353282,0.0598,21.43
Cdh8,0.5536,0.0092234514995314,0.0604,1.5
Insyn2b,0.5534,0.009253423480048742,0.0604,0.97
Nemp2,0.5532,0.009281014982756764,0.0604,1.77
Zfp521,0.5532,0.009281014982756764,0.0604,19.09
Fam234b,0.5532,0.009281014982756764,0.0604,42.32
Fnbp4,0.5532,0.009281014982756764,0.0604,18.65
Zfpm1,0.5532,0.009281014982756764,0.0604,7.65
Tmie,0.5532,0.009281014982756764,0.0604,16.54
Laptm5,0.5532,0.009281014982756764,0.0604,1.32
Zkscan2,0.5532,0.009281014982756764,0.0604,6.75
Phc1,0.5532,0.009281014982756764,0.0604,5.79
Cplx1,0.5532,0.009281014982756764,0.0604,650.37
Tnfrsf12a,0.5532,0.009281014982756764,0.0604,14.47
Arnt2,0.5532,0.009281014982756764,0.0604,52.54
Sv2a,0.5532,0.009281014982756764,0.0604,210.6
Fhip2a,0.5532,0.009281014982756764,0.0604,37.95
Elp2,0.5532,0.009281014982756764,0.0604,32.09
Prrt3,0.5532,0.009281014982756764,0.0604,19.48
Rusf1,0.5532,0.009281014982756764,0.0604,9.35
Scaf11,0.5532,0.009281014982756764,0.0604,62.08
Tmed7,0.5532,0.009281014982756764,0.0604,68.48
Son,0.5532,0.009281014982756764,0.0604,253.66
Adgrb2,0.5532,0.009281014982756764,0.0604,7.11
Rictor,0.5532,0.009281014982756764,0.0604,29.44
Gm42482,0.5532,0.009281014982756764,0.0604,2.42
Efcab14,0.5532,0.009281014982756764,0.0604,60.97
Gm37115,0.5528,0.009353469458210962,0.0608,0.51
Tasor,0.5519,0.00948241340899865,0.0612,28.5
B130024G19Rik,0.5519,0.00948241340899865,0.0612,0.88
Nudt5,0.5519,0.00948241340899865,0.0612,25.43
Lgi3,0.5519,0.00948241340899865,0.0612,29.07
Wwtr1,0.5519,0.00948241340899865,0.0612,6.24
Prpf8,0.5519,0.00948241340899865,0.0612,39.61
Gfpt1,0.5519,0.00948241340899865,0.0612,50.67
Gpr158,0.5519,0.00948241340899865,0.0612,52.38
Rbbp6,0.5519,0.00948241340899865,0.0612,67.52
Ube2o,0.5519,0.00948241340899865,0.0612,125.69
Selenon,0.5519,0.00948241340899865,0.0612,25.0
Nat8f4,0.5506,0.009687372375827947,0.0622,1.49
Gpcpd1,0.5506,0.009687372375827947,0.0622,41.64
Fnip1,0.5506,0.009687372375827947,0.0622,26.01
Cpeb3,0.5506,0.009687372375827947,0.0622,37.13
Gpatch8,0.5506,0.009687372375827947,0.0622,53.94
Prkdc,0.5506,0.009687372375827947,0.0622,10.63
Plpp1,0.5506,0.009687372375827947,0.0622,48.74
Pgghg,0.5506,0.009687372375827947,0.0622,3.65
Ptbp1,0.5506,0.009687372375827947,0.0622,16.02
Tial1,0.5506,0.009687372375827947,0.0622,65.37
Dennd5a,0.5506,0.009687372375827947,0.0622,116.3
Hecw2,0.5506,0.009687372375827947,0.0622,10.25
Pou6f2,0.5504,0.009733698433982831,0.0624,2.77
Pamr1,0.5503,0.009736955248301706,0.0624,1.4
Kctd12b,0.5502,0.009762544448346351,0.0625,0.75
Wnk4,0.5495,0.009867065246658344,0.0629,0.82
Nav2,0.5494,0.009895938735993823,0.0629,35.22
Smad3,0.5494,0.009895938735993823,0.0629,1.27
Rnf24,0.5494,0.009895938735993823,0.0629,22.11
E130317F20Rik,0.5494,0.009895938735993823,0.0629,2.59
Fbxl5,0.5494,0.009895938735993823,0.0629,52.08
Col16a1,0.5494,0.009895938735993823,0.0629,7.9
Gm15912,0.5494,0.009895938735993823,0.0629,3.73
Adamts17,0.5494,0.009895938735993823,0.0629,1.14
Flii,0.5494,0.009895938735993823,0.0629,45.49
Ogdhl,0.5494,0.009895938735993823,0.0629,15.33
Stk38,0.5494,0.009895938735993823,0.0629,23.02
Plaat1,0.5494,0.009895938735993823,0.0629,14.02
Tsc2,0.5494,0.009895938735993823,0.0629,29.69
Gm20683,0.5492,0.00992222175852613,0.063,0.56
Insyn2a,0.549,0.009947777313495986,0.0631,1.39
Smtnl1,0.5481,0.010108159690260715,0.0637,7.08
Lmbrd1,0.5481,0.010108159690260715,0.0637,99.36
Marchf7,0.5481,0.010108159690260715,0.0637,44.94
Hspb6,0.5481,0.010108159690260715,0.0637,7.04
Cnksr2,0.5481,0.010108159690260715,0.0637,46.95
Slc22a21,0.5481,0.010108159690260715,0.0637,1.1
Entpd2,0.5481,0.010108159690260715,0.0637,5.6
Chd8,0.5481,0.010108159690260715,0.0637,33.02
Fancm,0.5481,0.010108159690260715,0.0637,5.08
Zfp397,0.5481,0.010108159690260715,0.0637,19.65
Tagap1,0.5481,0.010108159690260715,0.0637,23.82
Kdm2a,0.5481,0.010108159690260715,0.0637,51.87
Osbpl2,0.5481,0.010108159690260715,0.0637,34.36
Zfp385b,0.5481,0.010108159690260715,0.0637,7.83
Ccdc187,0.5477,0.010158426326694713,0.064,0.4
Drd5,0.5475,0.01020533425498853,0.0642,3.54
Eed,0.5468,0.010324082786185745,0.0643,9.23
Actn2,0.5468,0.010324082786185745,0.0643,4.68
Avpr1a,0.5468,0.010324082786185745,0.0643,22.62
Dido1,0.5468,0.010324082786185745,0.0643,25.13
Gm42447,0.5468,0.010324082786185745,0.0643,6.11
Clstn3,0.5468,0.010324082786185745,0.0643,70.86
Phc3,0.5468,0.010324082786185745,0.0643,33.07
C2cd4b,0.5468,0.010324082786185745,0.0643,5.26
Smc5,0.5468,0.010324082786185745,0.0643,18.92
Gm37436,0.5468,0.010324082786185745,0.0643,8.36
Tent5a,0.5468,0.010324082786185745,0.0643,5.1
Arl3,0.5468,0.010324082786185745,0.0643,100.92
Lrrc55,0.5468,0.010324082786185745,0.0643,27.3
Slc30a5,0.5468,0.010324082786185745,0.0643,20.83
Mlc1,0.5468,0.010324082786185745,0.0643,2.92
Ccdc177,0.5468,0.010324082786185745,0.0643,0.67
Nr3c2,0.5468,0.010324082786185745,0.0643,7.63
Cntnap5c,0.5464,0.010380613500377325,0.0647,1.57
Trim54,0.5463,0.010395181495957221,0.0647,0.54
Ankdd1b,0.5462,0.010423232699147232,0.0649,1.3
Gsg1l,0.5456,0.010513563222995485,0.065,2.64
Purb,0.5455,0.010543755916837693,0.065,188.88
6820402A03Rik,0.5455,0.010543755916837693,0.065,1.06
Gaa,0.5455,0.010543755916837693,0.065,224.3
2510002D24Rik,0.5455,0.010543755916837693,0.065,20.11
Tmem25,0.5455,0.010543755916837693,0.065,124.81
Abca2,0.5455,0.010543755916837693,0.065,97.52
Mettl25b,0.5455,0.010543755916837693,0.065,13.62
Cnot3,0.5455,0.010543755916837693,0.065,23.59
Cipc,0.5455,0.010543755916837693,0.065,35.98
Mllt1,0.5455,0.010543755916837693,0.065,12.56
Camk2n2,0.5455,0.010543755916837693,0.065,185.51
Tango6,0.5455,0.010543755916837693,0.065,3.44
Kcnc1,0.5455,0.010543755916837693,0.065,52.97
Arrdc4,0.5455,0.010543755916837693,0.065,15.26
Zkscan7,0.5455,0.010543755916837693,0.065,2.35
Nfyc,0.5455,0.010543755916837693,0.065,10.65
Gm47615,0.5442,0.010767227319457274,0.0659,1.6
B430319G15Rik,0.5442,0.010767227319457274,0.0659,1.57
Tmem138,0.5442,0.010767227319457274,0.0659,10.79
Srpra,0.5442,0.010767227319457274,0.0659,60.22
Szt2,0.5442,0.010767227319457274,0.0659,11.02
F3,0.5442,0.010767227319457274,0.0659,6.13
Khdrbs1,0.5442,0.010767227319457274,0.0659,77.28
9230114K14Rik,0.5442,0.010767227319457274,0.0659,13.93
Map1a,0.5442,0.010767227319457274,0.0659,530.57
Thap11,0.5442,0.010767227319457274,0.0659,16.76
Foxred2,0.5442,0.010767227319457274,0.0659,2.78
Zfp516,0.5442,0.010767227319457274,0.0659,16.28
Tlk2,0.5442,0.010767227319457274,0.0659,40.46
Tardbp,0.5429,0.010994545574058883,0.0665,102.47
Kmt2c,0.5429,0.010994545574058883,0.0665,54.89
Tcf4,0.5429,0.010994545574058883,0.0665,54.87
Arhgap35,0.5429,0.010994545574058883,0.0665,89.9
Spns1,0.5429,0.010994545574058883,0.0665,24.69
Prdx4,0.5429,0.010994545574058883,0.0665,29.53
Prpf40b,0.5429,0.010994545574058883,0.0665,29.08
Mast4,0.5429,0.010994545574058883,0.0665,59.22
Zfp273,0.5429,0.010994545574058883,0.0665,2.2
Fbxl20,0.5429,0.010994545574058883,0.0665,36.4
Mxi1,0.5429,0.010994545574058883,0.0665,33.86
Prdm16,0.5429,0.010994545574058883,0.0665,6.11
Glg1,0.5429,0.010994545574058883,0.0665,116.65
Sall2,0.5429,0.010994545574058883,0.0665,17.53
Abcd1,0.5429,0.010994545574058883,0.0665,8.65
Trmt1,0.5429,0.010994545574058883,0.0665,34.12
Slc29a2,0.5429,0.010994545574058883,0.0665,5.11
Cdc37l1,0.5429,0.010994545574058883,0.0665,79.02
Syngap1,0.5429,0.010994545574058883,0.0665,2.42
Hycc1,0.5429,0.010994545574058883,0.0665,17.73
Vps16,0.5429,0.010994545574058883,0.0665,14.43
Fibin,0.5417,0.011194210470031054,0.0672,2.95
Osgepl1,0.5416,0.011225759601972744,0.0672,8.33
Crybb3,0.5416,0.011225759601972744,0.0672,4.56
Tti2,0.5416,0.011225759601972744,0.0672,7.48
Zbtb49,0.5416,0.011225759601972744,0.0672,1.35
Gse1,0.5416,0.011225759601972744,0.0672,66.69
Bad,0.5416,0.011225759601972744,0.0672,80.06
Lypd1,0.5416,0.011225759601972744,0.0672,494.67
E230020D15Rik,0.5416,0.011225759601972744,0.0672,1.22
Shisa8,0.5416,0.011225759601972744,0.0672,6.03
Stk36,0.5416,0.011225759601972744,0.0672,1.64
Stau2,0.5416,0.011225759601972744,0.0672,111.01
Flt3,0.5416,0.011225759601972744,0.0672,3.99
Ppa1,0.5416,0.011225759601972744,0.0672,57.59
Arfgap1,0.5416,0.011225759601972744,0.0672,32.99
Scn7a,0.5416,0.011225759601972744,0.0672,564.59
Zfp383,0.5416,0.011225759601972744,0.0672,5.53
Cdan1,0.5416,0.011225759601972744,0.0672,6.45
Dyrk3,0.5416,0.011225759601972744,0.0672,1.53
Mycl,0.5411,0.011311064088668605,0.0676,1.32
Irs2,0.5403,0.01146091866432833,0.068,41.68
Snx18,0.5403,0.01146091866432833,0.068,85.83
Klf2,0.5403,0.01146091866432833,0.068,21.45
Nrg2,0.5403,0.01146091866432833,0.068,6.68
Slc39a13,0.5403,0.01146091866432833,0.068,22.72
Wdr35,0.5403,0.01146091866432833,0.068,10.14
Gm47863,0.5403,0.01146091866432833,0.068,2.03
Plxnb1,0.5403,0.01146091866432833,0.068,4.89
Rbm8a2,0.5403,0.01146091866432833,0.068,0.68
Marchf9,0.5403,0.01146091866432833,0.068,20.86
Entpd1,0.5403,0.01146091866432833,0.068,2.4
Erbb3,0.5403,0.01146091866432833,0.068,10.57
Tnrc6c,0.5403,0.01146091866432833,0.068,71.36
Cnpy2,0.539,0.011700072360478054,0.0691,50.2
Frs3,0.539,0.011700072360478054,0.0691,31.67
Adprh,0.539,0.011700072360478054,0.0691,106.98
Mdga2,0.539,0.011700072360478054,0.0691,34.09
Stx5a,0.539,0.011700072360478054,0.0691,30.45
Pcdhb20,0.539,0.011700072360478054,0.0691,6.1
Mthfd1,0.539,0.011700072360478054,0.0691,7.31
Cbln2,0.5388,0.011736509096206072,0.0693,9.98
Emp2,0.5377,0.011943270626361585,0.0699,21.46
Gm17733,0.5377,0.011943270626361585,0.0699,1.25
Gal3st3,0.5377,0.011943270626361585,0.0699,0.96
Olfm2,0.5377,0.011943270626361585,0.0699,30.74
1810055G02Rik,0.5377,0.011943270626361585,0.0699,6.78
Gm42444,0.5377,0.011943270626361585,0.0699,2.59
Gm43138,0.5377,0.011943270626361585,0.0699,1.28
Trpc4ap,0.5377,0.011943270626361585,0.0699,77.23
Dnajb11,0.5377,0.011943270626361585,0.0699,44.83
Zyx,0.5377,0.011943270626361585,0.0699,91.15
Chst3,0.5377,0.011943270626361585,0.0699,1.93
Zfp157,0.5377,0.011943270626361585,0.0699,11.26
Nprl2,0.5377,0.011943270626361585,0.0699,12.59
Fdxr,0.5377,0.011943270626361585,0.0699,7.97
Trp53i11,0.5377,0.011943270626361585,0.0699,12.12
Angpt1,0.5377,0.011943270626361585,0.0699,6.15
Gm42640,0.5377,0.011943270626361585,0.0699,1.28
Abcb8,0.5364,0.012190563732810203,0.0706,27.59
Prpf18,0.5364,0.012190563732810203,0.0706,40.84
Arglu1,0.5364,0.012190563732810203,0.0706,119.39
Gm43528,0.5364,0.012190563732810203,0.0706,6.35
Dapk3,0.5364,0.012190563732810203,0.0706,33.88
Ccdc30,0.5364,0.012190563732810203,0.0706,9.14
Coasy,0.5364,0.012190563732810203,0.0706,26.26
Micall2,0.5364,0.012190563732810203,0.0706,2.12
Srrm2,0.5364,0.012190563732810203,0.0706,230.14
Prelid3a,0.5364,0.012190563732810203,0.0706,1.92
Fbxo21,0.5364,0.012190563732810203,0.0706,70.22
Grik3,0.5364,0.012190563732810203,0.0706,3.0
Zfp354c,0.5364,0.012190563732810203,0.0706,10.87
Plscr4,0.5364,0.012190563732810203,0.0706,15.76
St7l,0.5364,0.012190563732810203,0.0706,19.23
Krtcap3,0.5364,0.012190563732810203,0.0706,2.37
H2-M3,0.5364,0.012190563732810203,0.0706,8.94
Mgat1,0.5364,0.012190563732810203,0.0706,42.02
Slc9a8,0.5364,0.012190563732810203,0.0706,33.45
Sf3a2,0.5364,0.012190563732810203,0.0706,9.55
Tspoap1,0.5364,0.012190563732810203,0.0706,17.55
Gm2136,0.5364,0.012190563732810203,0.0706,1.55
Cdc25a,0.5364,0.012190563732810203,0.0706,14.52
Aldh6a1,0.5364,0.012190563732810203,0.0706,25.24
Tfap2a,0.5359,0.012282108143482214,0.0711,1.87
Cspg4b,0.5358,0.012306685119378163,0.0712,1.42
Rlbp1,0.5351,0.012442002283791501,0.0716,4.05
Ttbk1,0.5351,0.012442002283791501,0.0716,59.98
Six5,0.5351,0.012442002283791501,0.0716,0.88
Atp6ap2,0.5351,0.012442002283791501,0.0716,287.98
Cers6,0.5351,0.012442002283791501,0.0716,21.3
Elp1,0.5351,0.012442002283791501,0.0716,30.58
Prkcsh,0.5351,0.012442002283791501,0.0716,37.86
Tent4a,0.5351,0.012442002283791501,0.0716,19.02
Mcc,0.5351,0.012442002283791501,0.0716,5.32
Phkg2,0.5338,0.012697637214593691,0.0725,43.13
Cep104,0.5338,0.012697637214593691,0.0725,23.9
Bcr,0.5338,0.012697637214593691,0.0725,51.56
Zfp770,0.5338,0.012697637214593691,0.0725,10.29
Pop1,0.5338,0.012697637214593691,0.0725,2.54
Gclc,0.5338,0.012697637214593691,0.0725,36.25
Rnd1,0.5338,0.012697637214593691,0.0725,3.82
Tarbp1,0.5338,0.012697637214593691,0.0725,1.65
Akr1b10,0.5338,0.012697637214593691,0.0725,6.08
Usp29,0.5338,0.012697637214593691,0.0725,17.39
Agtr1a,0.5338,0.012697637214593691,0.0725,12.05
Gm49797,0.5338,0.012697637214593691,0.0725,11.88
Ptprb,0.5338,0.012697637214593691,0.0725,1.6
Mras,0.5338,0.012697637214593691,0.0725,69.31
Acadvl,0.5338,0.012697637214593691,0.0725,37.17
Atp2b1,0.5338,0.012697637214593691,0.0725,279.82
Endod1,0.5325,0.012957519789950382,0.0732,360.68
Selenos,0.5325,0.012957519789950382,0.0732,39.46
Zkscan5,0.5325,0.012957519789950382,0.0732,7.4
Nptx2,0.5325,0.012957519789950382,0.0732,45.5
Mau2,0.5325,0.012957519789950382,0.0732,36.49
Srrm3,0.5325,0.012957519789950382,0.0732,42.56
9630050E16Rik,0.5325,0.012957519789950382,0.0732,1.98
Cspg4,0.5325,0.012957519789950382,0.0732,1.91
Nxf1,0.5325,0.012957519789950382,0.0732,16.3
Lpgat1,0.5325,0.012957519789950382,0.0732,100.14
Nyap1,0.5325,0.012957519789950382,0.0732,63.34
Gask1b,0.5325,0.012957519789950382,0.0732,5.98
Hus1,0.5325,0.012957519789950382,0.0732,7.12
Gm10501,0.5325,0.012957519789950382,0.0732,5.04
Vezt,0.5325,0.012957519789950382,0.0732,104.28
Stard9,0.5325,0.012957519789950382,0.0732,13.78
D130017N08Rik,0.5325,0.012957519789950382,0.0732,12.91
Adar,0.5325,0.012957519789950382,0.0732,58.21
Zfp334,0.5325,0.012957519789950382,0.0732,10.48
Ciao1,0.5325,0.012957519789950382,0.0732,21.66
Gm32151,0.5325,0.012957519789950382,0.0732,0.53
Rai1,0.5325,0.012957519789950382,0.0732,31.73
Prpf40a,0.5325,0.012957519789950382,0.0732,38.21
Scfd1,0.5312,0.013221701602104083,0.074,16.96
Gcc1,0.5312,0.013221701602104083,0.074,15.06
Rrp1b,0.5312,0.013221701602104083,0.074,6.95
Cdk8,0.5312,0.013221701602104083,0.074,26.62
Calm3,0.5312,0.013221701602104083,0.074,504.19
Gm37289,0.5312,0.013221701602104083,0.074,2.31
Bclaf1,0.5312,0.013221701602104083,0.074,77.23
Gm37124,0.5312,0.013221701602104083,0.074,2.2
Hlf,0.5312,0.013221701602104083,0.074,1.07
Plekhh3,0.5312,0.013221701602104083,0.074,14.67
Senp8,0.5312,0.013221701602104083,0.074,21.22
Plekhn1,0.5312,0.013221701602104083,0.074,18.16
Prps1,0.5312,0.013221701602104083,0.074,64.58
Capn15,0.5312,0.013221701602104083,0.074,19.34
Arg2,0.5312,0.013221701602104083,0.074,1.82
Dhrs11,0.5312,0.013221701602104083,0.074,3.44
Eva1b,0.5312,0.013221701602104083,0.074,3.89
Osbpl10,0.5299,0.013490234568810303,0.0747,5.69
Nipbl,0.5299,0.013490234568810303,0.0747,27.4
Fam3c,0.5299,0.013490234568810303,0.0747,25.98
Gm42908,0.5299,0.013490234568810303,0.0747,1.31
Vcpkmt,0.5299,0.013490234568810303,0.0747,14.02
Stradb,0.5299,0.013490234568810303,0.0747,14.14
Scp2,0.5299,0.013490234568810303,0.0747,59.31
Hdac3,0.5299,0.013490234568810303,0.0747,43.12
Rhbdd2,0.5299,0.013490234568810303,0.0747,65.17
Bptf,0.5299,0.013490234568810303,0.0747,79.24
Rab30,0.5299,0.013490234568810303,0.0747,21.47
Ddx3y,0.5299,0.013490234568810303,0.0747,47.11
Nrdc,0.5299,0.013490234568810303,0.0747,56.24
Nsg2,0.5299,0.013490234568810303,0.0747,316.96
Wdr4,0.5299,0.013490234568810303,0.0747,15.46
Xrcc1,0.5299,0.013490234568810303,0.0747,7.67
Bmp2k,0.5299,0.013490234568810303,0.0747,10.15
Ipo4,0.5299,0.013490234568810303,0.0747,24.24
Elavl2,0.5299,0.013490234568810303,0.0747,1027.24
Psen1,0.5299,0.013490234568810303,0.0747,33.56
Myo18a,0.5299,0.013490234568810303,0.0747,77.21
Trit1,0.5299,0.013490234568810303,0.0747,4.56
Mxra8,0.5299,0.013490234568810303,0.0747,5.72
Slurp2,0.5294,0.01358368884465327,0.0752,0.97
Tmem240,0.5286,0.013763170931280443,0.0756,12.64
Prnp,0.5286,0.013763170931280443,0.0756,150.6
Anp32e,0.5286,0.013763170931280443,0.0756,63.79
Kbtbd4,0.5286,0.013763170931280443,0.0756,8.7
Gm37606,0.5286,0.013763170931280443,0.0756,3.93
Gm42448,0.5286,0.013763170931280443,0.0756,2.31
Skp2,0.5286,0.013763170931280443,0.0756,2.75
Meis1,0.5286,0.013763170931280443,0.0756,8.62
Urb1,0.5286,0.013763170931280443,0.0756,4.36
Trak1,0.5286,0.013763170931280443,0.0756,95.09
Yipf5,0.5286,0.013763170931280443,0.0756,34.87
Tbc1d23,0.5286,0.013763170931280443,0.0756,30.92
Usp13,0.5286,0.013763170931280443,0.0756,44.9
Atp10a,0.5283,0.013811941892993587,0.0758,0.75
Gm43844,0.5281,0.013859967643018325,0.076,0.48
Gm47801,0.5281,0.013859967643018325,0.076,2.63
Zfyve19,0.5273,0.014040563252064467,0.0764,18.48
Zfp846,0.5273,0.014040563252064467,0.0764,21.59
Rbsn,0.5273,0.014040563252064467,0.0764,27.47
Dip2b,0.5273,0.014040563252064467,0.0764,46.41
Sema6d,0.5273,0.014040563252064467,0.0764,69.06
Tada2a,0.5273,0.014040563252064467,0.0764,10.03
Lhcgr,0.5273,0.014040563252064467,0.0764,1.91
B3galnt1,0.5273,0.014040563252064467,0.0764,49.74
Panx1,0.5273,0.014040563252064467,0.0764,50.42
Fam199x,0.5273,0.014040563252064467,0.0764,63.24
Als2cl,0.5273,0.014040563252064467,0.0764,1.57
Tle3,0.5273,0.014040563252064467,0.0764,4.1
Serpinf1,0.5273,0.014040563252064467,0.0764,37.79
Itga10,0.5273,0.014040563252064467,0.0764,0.57
Qser1,0.5273,0.014040563252064467,0.0764,12.09
Cep44,0.5273,0.014040563252064467,0.0764,9.34
Wnk3,0.5273,0.014040563252064467,0.0764,18.53
Hdhd5,0.5273,0.014040563252064467,0.0764,6.43
Gm45165,0.5268,0.01414077978890387,0.077,0.89
Heatr5b,0.526,0.014322464412872613,0.0773,10.4
Nme7,0.526,0.014322464412872613,0.0773,6.1
Scrn1,0.526,0.014322464412872613,0.0773,167.75
Enpp2,0.526,0.014322464412872613,0.0773,14.04
Zfp608,0.526,0.014322464412872613,0.0773,19.88
Rhbdl3,0.526,0.014322464412872613,0.0773,8.96
Paxbp1,0.526,0.014322464412872613,0.0773,14.57
Ap5s1,0.526,0.014322464412872613,0.0773,21.05
Ep300,0.526,0.014322464412872613,0.0773,19.13
Ifitm3,0.526,0.014322464412872613,0.0773,41.56
2310061I04Rik,0.526,0.014322464412872613,0.0773,83.18
Zfp512,0.526,0.014322464412872613,0.0773,43.66
Ctso,0.526,0.014322464412872613,0.0773,7.92
Map2k7,0.526,0.014322464412872613,0.0773,66.53
Jph2,0.526,0.014322464412872613,0.0773,0.92
Caskin2,0.526,0.014322464412872613,0.0773,7.69
Gm47963,0.5255,0.014427522425871015,0.0779,0.7
Cacna1g,0.5254,0.01445776199286367,0.078,5.78
Ghrh,0.525,0.014530899816205936,0.0781,0.45
Paf1,0.5247,0.014608927612336519,0.0781,15.74
Ttll4,0.5247,0.014608927612336519,0.0781,2.22
Numa1,0.5247,0.014608927612336519,0.0781,57.9
Zfp715,0.5247,0.014608927612336519,0.0781,13.16
Hnrnpr,0.5247,0.014608927612336519,0.0781,77.46
Bend5,0.5247,0.014608927612336519,0.0781,11.27
Dop1a,0.5247,0.014608927612336519,0.0781,21.11
Mast1,0.5247,0.014608927612336519,0.0781,87.64
Hps5,0.5247,0.014608927612336519,0.0781,13.07
Gm43813,0.5247,0.014608927612336519,0.0781,2.32
Cpsf3,0.5247,0.014608927612336519,0.0781,9.65
Myef2,0.5247,0.014608927612336519,0.0781,62.22
Gm37639,0.5247,0.014608927612336519,0.0781,1.34
Atrip,0.5247,0.014608927612336519,0.0781,10.94
Ago1,0.5247,0.014608927612336519,0.0781,11.36
Negr1,0.5247,0.014608927612336519,0.0781,298.39
Furin,0.5247,0.014608927612336519,0.0781,41.84
Fkbp10,0.5247,0.014608927612336519,0.0781,1.8
Gm47572,0.5247,0.014608927612336519,0.0781,1.39
2410006H16Rik,0.5247,0.014608927612336519,0.0781,287.89
Rangrf,0.5247,0.014608927612336519,0.0781,13.88
Fgf10,0.5246,0.01462235209030372,0.0782,0.9
Adra2b,0.5242,0.014716220621911738,0.0787,3.06
Eda,0.5241,0.014746786267749563,0.0788,2.22
Kcnip1,0.5238,0.014808812077751006,0.079,2.26
Naa16,0.5234,0.014900006363709485,0.079,7.49
Car11,0.5234,0.014900006363709485,0.079,42.14
Zfp740,0.5234,0.014900006363709485,0.079,26.63
Gm45577,0.5234,0.0148939882630821,0.079,0.65
Tpp1,0.5234,0.014900006363709485,0.079,33.36
Cdc5l,0.5234,0.014900006363709485,0.079,25.98
Zfp148,0.5234,0.014900006363709485,0.079,39.9
Rnf31,0.5234,0.014900006363709485,0.079,11.34
Nt5dc2,0.5234,0.014900006363709485,0.079,12.47
Zmpste24,0.5234,0.014900006363709485,0.079,46.65
Fbxo46,0.5234,0.014900006363709485,0.079,3.67
Mb21d2,0.5234,0.014900006363709485,0.079,12.89
Map3k8,0.5234,0.014900006363709485,0.079,2.24
Kcnq4,0.5234,0.014900006363709485,0.079,9.46
Zfp281,0.5234,0.014900006363709485,0.079,22.37
Gm13349,0.5234,0.014900006363709485,0.079,1.07
Fam78a,0.5229,0.015010958367172164,0.0795,0.44
Gm48093,0.5229,0.015010958367172164,0.0795,2.68
Gm13630,0.5222,0.015167298943275127,0.0801,0.65
Atad2b,0.5221,0.015195754492505858,0.0801,14.67
Ttc21b,0.5221,0.015195754492505858,0.0801,11.5
Cebpd,0.5221,0.015195754492505858,0.0801,31.43
Dlx1,0.5221,0.015195754492505858,0.0801,0.73
Srsf3,0.5221,0.015195754492505858,0.0801,144.86
Parva,0.5221,0.015195754492505858,0.0801,241.86
Nt5c2,0.5221,0.015195754492505858,0.0801,37.29
Lnpk,0.5221,0.015195754492505858,0.0801,64.5
Msh6,0.5221,0.015195754492505858,0.0801,4.01
Vhl,0.5221,0.015195754492505858,0.0801,9.63
Dzip1,0.5221,0.015195754492505858,0.0801,16.82
Tmem72,0.5221,0.015195754492505858,0.0801,9.94
Afap1,0.5221,0.015195754492505858,0.0801,19.21
Chpf2,0.5221,0.015195754492505858,0.0801,36.38
Zan,0.5215,0.015338848598620024,0.0808,0.68
Gm44913,0.5209,0.015456817740219798,0.0809,1.09
Ikbip,0.5208,0.015496226134079147,0.0809,8.83
Ash1l,0.5208,0.015496226134079147,0.0809,72.66
Csdc2,0.5208,0.015496226134079147,0.0809,48.97
0610040J01Rik,0.5208,0.015496226134079147,0.0809,3.35
Sh2b1,0.5208,0.015496226134079147,0.0809,36.09
Angpt2,0.5208,0.015496226134079147,0.0809,5.78
Pou2f1,0.5208,0.015496226134079147,0.0809,16.78
Rasd2,0.5208,0.015496226134079147,0.0809,4.1
Nckap5,0.5208,0.015496226134079147,0.0809,1.02
Igdcc4,0.5208,0.015496226134079147,0.0809,18.16
Lrrc1,0.5208,0.015496226134079147,0.0809,2.79
Polr2c,0.5208,0.015496226134079147,0.0809,41.05
Zcchc24,0.5208,0.015496226134079147,0.0809,7.75
Ttc14,0.5208,0.015496226134079147,0.0809,91.03
Xpo7,0.5208,0.015496226134079147,0.0809,47.16
Proser1,0.5208,0.015496226134079147,0.0809,18.39
Scrib,0.5208,0.015496226134079147,0.0809,11.5
Tkfc,0.5208,0.015496226134079147,0.0809,8.96
Dusp7,0.5208,0.015496226134079147,0.0809,8.24
Ppip5k2,0.5195,0.01580147573114009,0.0818,31.51
Ptgds,0.5195,0.01580147573114009,0.0818,2.84
Tab3,0.5195,0.01580147573114009,0.0818,20.12
Lin52,0.5195,0.01580147573114009,0.0818,10.19
Zc3hav1l,0.5195,0.01580147573114009,0.0818,4.13
Xylt2,0.5195,0.01580147573114009,0.0818,8.97
Dgkd,0.5195,0.01580147573114009,0.0818,28.69
Macf1,0.5195,0.01580147573114009,0.0818,108.75
Fbxo42,0.5195,0.01580147573114009,0.0818,32.8
Snrnp200,0.5195,0.01580147573114009,0.0818,26.27
Dtx3,0.5195,0.01580147573114009,0.0818,94.09
Hoxb3os,0.5195,0.01580147573114009,0.0818,5.46
Pip5k1a,0.5195,0.01580147573114009,0.0818,37.7
Igsf21,0.5195,0.01580147573114009,0.0818,3.53
Poli,0.5195,0.01580147573114009,0.0818,3.6
Ilf3,0.5195,0.01580147573114009,0.0818,47.36
Cyp4f15,0.519,0.015915710872335,0.0824,1.69
Megf9,0.5182,0.016111558031212534,0.0829,41.56
Ttc28,0.5182,0.016111558031212534,0.0829,15.92
Phtf1,0.5182,0.016111558031212534,0.0829,40.53
Zfp326,0.5182,0.016111558031212534,0.0829,27.62
Smpd1,0.5182,0.016111558031212534,0.0829,61.76
Tmem196,0.5182,0.016111558031212534,0.0829,6.47
Vwa1,0.5182,0.016111558031212534,0.0829,20.91
Bhlhb9,0.5182,0.016111558031212534,0.0829,26.85
Cib2,0.5182,0.016111558031212534,0.0829,157.33
Bdh1,0.5182,0.016111558031212534,0.0829,13.67
Pik3r2,0.5182,0.016111558031212534,0.0829,28.45
Supt5,0.5182,0.016111558031212534,0.0829,66.07
A430035B10Rik,0.5182,0.016111558031212534,0.0829,4.19
Slc6a16,0.5177,0.01622769843184034,0.0834,1.38
Sowaha,0.5177,0.01622769843184034,0.0834,3.1
Huwe1,0.5169,0.0164265280840293,0.0839,148.47
9630010A21Rik,0.5169,0.0164265280840293,0.0839,3.77
D5Ertd579e,0.5169,0.0164265280840293,0.0839,62.71
Lpar1,0.5169,0.0164265280840293,0.0839,52.13
Tmem145,0.5169,0.0164265280840293,0.0839,10.29
Gm42559,0.5169,0.0164265280840293,0.0839,3.57
Fhdc1,0.5169,0.0164265280840293,0.0839,4.13
Coq5,0.5169,0.0164265280840293,0.0839,17.78
Stx1b,0.5169,0.0164265280840293,0.0839,126.11
Sox2ot,0.5169,0.0164265280840293,0.0839,3.55
C230086J09Rik,0.5169,0.0164265280840293,0.0839,9.42
Gm20371,0.516,0.016652509173897125,0.085,1.12
Sel1l,0.5156,0.016746441238866275,0.085,91.3
Irf2bp1,0.5156,0.016746441238866275,0.085,25.88
Tspan12,0.5156,0.016746441238866275,0.085,21.95
Bcan,0.5156,0.016746441238866275,0.085,24.32
Psap,0.5156,0.016746441238866275,0.085,1396.36
Pdlim3,0.5156,0.016746441238866275,0.085,6.03
Umad1,0.5156,0.016746441238866275,0.085,16.56
Pcmtd2,0.5156,0.016746441238866275,0.085,41.5
Jag1,0.5156,0.016746441238866275,0.085,5.88
Kcnmb4,0.5156,0.016746441238866275,0.085,25.95
Pitpnb,0.5156,0.016746441238866275,0.085,36.41
Txnrd2,0.5156,0.016746441238866275,0.085,27.07
Ncaph2,0.5156,0.016746441238866275,0.085,57.09
Slc13a3,0.5156,0.016746441238866275,0.085,3.27
Sntg2,0.5147,0.016977019131645805,0.086,1.62
Psmd3,0.5143,0.017071353141816504,0.086,73.58
Mgst3,0.5143,0.017071353141816504,0.086,89.91
Htra1,0.5143,0.017071353141816504,0.086,40.03
Ddx46,0.5143,0.017071353141816504,0.086,34.6
Riok2,0.5143,0.017071353141816504,0.086,13.97
Trmt2a,0.5143,0.017071353141816504,0.086,11.96
Eif2b5,0.5143,0.017071353141816504,0.086,35.3
Gm37598,0.5143,0.017071353141816504,0.086,7.33
Atg101,0.5143,0.017071353141816504,0.086,29.16
Gorab,0.5143,0.017071353141816504,0.086,8.33
Adamts1,0.5143,0.017071353141816504,0.086,10.82
Pcmt1,0.5143,0.017071353141816504,0.086,228.45
Gm47987,0.5143,0.017071353141816504,0.086,1.28
Pcdhb7,0.5143,0.017071353141816504,0.086,4.5
Kcnh2,0.5143,0.017071353141816504,0.086,72.2
Gm43489,0.5138,0.017193351963848177,0.0866,1.97
Tmem26,0.5137,0.017210283601181726,0.0866,3.83
Nsmaf,0.513,0.017401319733001772,0.0867,17.85
Rcor3,0.513,0.017401319733001772,0.0867,42.54
Grip1,0.513,0.017401319733001772,0.0867,30.26
Rec8,0.513,0.017401319733001772,0.0867,1.07
Rnf40,0.513,0.017401319733001772,0.0867,14.52
Ccdc77,0.513,0.017401319733001772,0.0867,3.23
1700052K11Rik,0.513,0.017401319733001772,0.0867,3.56
0610038B21Rik,0.513,0.017401319733001772,0.0867,1.47
Zfp628,0.513,0.017401319733001772,0.0867,7.48
Gm43544,0.513,0.017401319733001772,0.0867,1.92
Thbs2,0.513,0.017401319733001772,0.0867,1.4
Prr7,0.513,0.017401319733001772,0.0867,27.11
Ackr3,0.513,0.017401319733001772,0.0867,3.96
Cacng4,0.513,0.017401319733001772,0.0867,9.76
Insc,0.513,0.017401319733001772,0.0867,4.45
Heyl,0.513,0.017401319733001772,0.0867,4.44
Gm44676,0.513,0.017401319733001772,0.0867,7.27
Slit2,0.513,0.017401319733001772,0.0867,30.65
Usp15,0.513,0.017401319733001772,0.0867,79.25
Tram1l1,0.513,0.017401319733001772,0.0867,60.23
Zfp462,0.513,0.017401319733001772,0.0867,40.39
Rexo4,0.513,0.017401319733001772,0.0867,19.76
Nrxn3,0.513,0.017401319733001772,0.0867,147.47
Sars2,0.513,0.017401319733001772,0.0867,7.36
Kazn,0.513,0.017401319733001772,0.0867,17.2
Slc35e1,0.513,0.017401319733001772,0.0867,29.56
Itprid2,0.513,0.017401319733001772,0.0867,25.75
Taf5l,0.513,0.017401319733001772,0.0867,15.66
Tub,0.513,0.017401319733001772,0.0867,62.09
Ppm1a,0.513,0.017401319733001772,0.0867,321.28
Zcchc8,0.5117,0.01773639724372509,0.088,11.01
Dexi,0.5117,0.01773639724372509,0.088,61.54
Fbxo38,0.5117,0.01773639724372509,0.088,30.25
Gm45407,0.5117,0.01773639724372509,0.088,1.21
Mypop,0.5117,0.01773639724372509,0.088,48.01
Ubiad1,0.5117,0.01773639724372509,0.088,3.61
Plekhh1,0.5117,0.01773639724372509,0.088,29.9
Pknox2,0.5117,0.01773639724372509,0.088,8.1
Zfp329,0.5117,0.01773639724372509,0.088,34.05
Bcar1,0.5117,0.01773639724372509,0.088,34.89
Gon4l,0.5117,0.01773639724372509,0.088,14.09
Enpp5,0.5117,0.01773639724372509,0.088,133.22
Art1,0.5116,0.01775019295010181,0.0881,0.72
Csmd3,0.5114,0.017810605673872354,0.0884,1.88
Ciao3,0.5104,0.018076642193560668,0.0889,15.25
Tacc1,0.5104,0.018076642193560668,0.0889,56.28
Itpr3,0.5104,0.018076642193560668,0.0889,11.16
Marchf1,0.5104,0.018076642193560668,0.0889,16.51
Gm47342,0.5104,0.018076642193560668,0.0889,1.98
Alg1,0.5104,0.018076642193560668,0.0889,18.94
Cds1,0.5104,0.018076642193560668,0.0889,31.12
Cop1,0.5104,0.018076642193560668,0.0889,42.58
Mfsd10,0.5104,0.018076642193560668,0.0889,18.76
Mrps11,0.5104,0.018076642193560668,0.0889,25.94
Mier2,0.5104,0.018076642193560668,0.0889,22.27
Dnajc17,0.5104,0.018076642193560668,0.0889,6.05
Ift70b,0.5104,0.018076642193560668,0.0889,6.79
Ddi2,0.5104,0.018076642193560668,0.0889,50.15
Pon2,0.5104,0.018076642193560668,0.0889,14.7
Adck1,0.5104,0.018076642193560668,0.0889,18.95
Ech1,0.5104,0.018076642193560668,0.0889,42.39
Tmem255b,0.5104,0.018076642193560668,0.0889,20.44
Hdac6,0.5104,0.018076642193560668,0.0889,17.69
Ankrd34c,0.5093,0.01837782891818972,0.0898,4.66
Ntn4,0.5093,0.01837782891818972,0.0898,1.87
Susd1,0.5091,0.01842211138738375,0.0898,1.21
Nfix,0.5091,0.01842211138738375,0.0898,4.73
Gmppb,0.5091,0.01842211138738375,0.0898,8.26
Svip,0.5091,0.01842211138738375,0.0898,110.48
Npy4r,0.5091,0.01842211138738375,0.0898,9.49
Ccar1,0.5091,0.01842211138738375,0.0898,30.26
Gm42436,0.5091,0.01842211138738375,0.0898,0.75
Gm45828,0.5091,0.01842211138738375,0.0898,1.26
Rpf1,0.5091,0.01842211138738375,0.0898,6.13
Mcu,0.5091,0.01842211138738375,0.0898,34.71
Irf1,0.5091,0.01842211138738375,0.0898,28.91
Omg,0.5091,0.01842211138738375,0.0898,25.19
Gm5860,0.5091,0.01842910313689923,0.0898,2.18
Tsc22d4,0.5091,0.01842211138738375,0.0898,80.16
Spry2,0.5091,0.01842211138738375,0.0898,29.93
Pacsin1,0.5091,0.01842211138738375,0.0898,167.14
Tmt1a,0.5091,0.01842211138738375,0.0898,14.96
Rtcb,0.5091,0.01842211138738375,0.0898,75.05
Sorcs3,0.5088,0.01850089420894912,0.0901,2.67
Cfap144,0.5085,0.01857899527577985,0.0904,1.89
Gm44745,0.5085,0.01859374229233122,0.0905,1.13
Gm42616,0.5085,0.01859374229233122,0.0905,1.26
Klhl41,0.5081,0.018676778841322766,0.0908,1.14
Igsf9b,0.5078,0.01877286191233981,0.0909,57.21
Pard6g,0.5078,0.01877286191233981,0.0909,6.99
Tsc1,0.5078,0.01877286191233981,0.0909,20.72
Pcdh7,0.5078,0.01877286191233981,0.0909,27.73
Tyro3,0.5078,0.01877286191233981,0.0909,29.18
Cnn3,0.5078,0.01877286191233981,0.0909,185.39
Ssh2,0.5078,0.01877286191233981,0.0909,33.98
Kcna2,0.5078,0.01877286191233981,0.0909,136.6
Rab26os,0.5078,0.01877286191233981,0.0909,9.61
Kat2a,0.5078,0.01877286191233981,0.0909,28.53
Gm19169,0.5075,0.01884087122178686,0.0912,1.06
Gm44518,0.5065,0.01912895113475244,0.092,4.19
Tshr,0.5065,0.01912895113475244,0.092,1.18
Hoxb3,0.5065,0.01912895113475244,0.092,65.69
Gm15186,0.5065,0.01912895113475244,0.092,1.18
Exd2,0.5065,0.01912895113475244,0.092,20.61
Rapgef1,0.5065,0.01912895113475244,0.092,37.72
Magee2,0.5065,0.01912895113475244,0.092,3.55
Tbce,0.5065,0.01912895113475244,0.092,19.16
Gm26802,0.5065,0.01912895113475244,0.092,1.06
Cenpq,0.5065,0.01912895113475244,0.092,4.3
Arid4b,0.5065,0.01912895113475244,0.092,40.83
Cdh1,0.5065,0.01912895113475244,0.092,17.68
Ube2g1,0.5065,0.01912895113475244,0.092,38.31
Arhgap26,0.5065,0.01912895113475244,0.092,35.18
Adra2c,0.5065,0.01912895113475244,0.092,16.93
Cstf2,0.5065,0.01912895113475244,0.092,31.54
Aspa,0.5052,0.01949043669697085,0.093,11.04
Zfp622,0.5052,0.01949043669697085,0.093,37.15
Asxl2,0.5052,0.01949043669697085,0.093,28.04
Cdc14b,0.5052,0.01949043669697085,0.093,24.62
Setd5,0.5052,0.01949043669697085,0.093,58.92
Coq10a,0.5052,0.01949043669697085,0.093,29.09
Slc4a3,0.5052,0.01949043669697085,0.093,34.53
Poll,0.5052,0.01949043669697085,0.093,13.4
Gm47246,0.5052,0.01949043669697085,0.093,1.28
Ift81,0.5052,0.01949043669697085,0.093,12.85
Matr3,0.5052,0.01949043669697085,0.093,246.15
Rsl24d1,0.5052,0.01949043669697085,0.093,51.77
Isoc2a,0.5052,0.01949043669697085,0.093,4.88
Mtx2,0.5052,0.01949043669697085,0.093,49.53
Tmtc2,0.5052,0.01949043669697085,0.093,21.05
Bcl7a,0.5052,0.01949043669697085,0.093,56.94
Scn2a,0.5052,0.01949043669697085,0.093,44.61
Cmpk2,0.5052,0.01949043669697085,0.093,20.45
Amd1,0.5052,0.01949043669697085,0.093,15.25
Nup85,0.5052,0.01949043669697085,0.093,8.34
Adamts6,0.5046,0.01966178470844349,0.0938,0.96
Src,0.5039,0.019857376514157164,0.0944,32.47
Nopchap1,0.5039,0.019857376514157164,0.0944,21.33
Rfx5,0.5039,0.019857376514157164,0.0944,6.01
Napepld,0.5039,0.019857376514157164,0.0944,8.83
Gm6569,0.5033,0.020033742942423837,0.0953,1.5
Fzd2,0.5026,0.020229828771012266,0.0957,2.84
Tpr,0.5026,0.020229828771012266,0.0957,67.27
Sptb,0.5026,0.020229828771012266,0.0957,40.79
Prex1,0.5026,0.020229828771012266,0.0957,6.73
Ears2,0.5026,0.020229828771012266,0.0957,3.72
Pitpnc1,0.5026,0.020229828771012266,0.0957,118.41
Col26a1,0.5026,0.020229828771012266,0.0957,1.63
Usp22,0.5026,0.020229828771012266,0.0957,228.52
Syn1,0.5026,0.020229828771012266,0.0957,388.47
Gnl1,0.5026,0.020229828771012266,0.0957,53.78
Gm43490,0.5026,0.020229828771012266,0.0957,1.45
Gabra4,0.5023,0.02032089054362801,0.0961,3.28
Gm26511,0.5021,0.020370724633221045,0.0963,0.53
Zfp444,0.5013,0.020607851918442464,0.0967,21.99
Kdm5c,0.5013,0.020607851918442464,0.0967,28.39
Rfx3,0.5013,0.020607851918442464,0.0967,6.87
Ppp4r3a,0.5013,0.020607851918442464,0.0967,18.52
Ppp1r16a,0.5013,0.020607851918442464,0.0967,32.88
Rell1,0.5013,0.020607851918442464,0.0967,11.55
Nlgn3,0.5013,0.020607851918442464,0.0967,42.51
Ankrd40,0.5013,0.020607851918442464,0.0967,110.18
Rxrb,0.5013,0.020607851918442464,0.0967,49.04
Fam217b,0.5013,0.020607851918442464,0.0967,41.21
Lrig2,0.5013,0.020607851918442464,0.0967,23.4
Pcdhb11,0.5013,0.020607851918442464,0.0967,2.22
Fndc4,0.5013,0.020607851918442464,0.0967,37.32
Ttc19,0.5013,0.020607851918442464,0.0967,56.27
Rassf4,0.5013,0.020607851918442464,0.0967,12.8
Pcdh15,0.5007,0.020798596420646753,0.0976,2.22
Dpp6,0.5,0.02099150467016482,0.0976,142.26
Spry1,0.5,0.02099150467016482,0.0976,3.74
Tead1,0.5,0.02099150467016482,0.0976,17.74
Fzd7,0.5,0.02099150467016482,0.0976,8.53
Dnah7b,0.5,0.02099150467016482,0.0976,1.34
Sema6c,0.5,0.02099150467016482,0.0976,13.96
Pth1r,0.5,0.02099150467016482,0.0976,79.37
Ccdc13,0.5,0.02099150467016482,0.0976,2.17
Gigyf1,0.5,0.02099150467016482,0.0976,30.0
Spock1,0.5,0.02099150467016482,0.0976,294.63
Mbtd1,0.5,0.02099150467016482,0.0976,19.65
Ckb,0.5,0.02099150467016482,0.0976,365.85
Chpf,0.5,0.02099150467016482,0.0976,77.39
Plrg1,0.5,0.02099150467016482,0.0976,8.68
Pgs1,0.5,0.02099150467016482,0.0976,74.86
Hs3st5,0.5,0.02099150467016482,0.0976,48.63
Pik3c2a,0.5,0.02099150467016482,0.0976,25.17
Scn1b,0.5,0.02099150467016482,0.0976,281.63
Pcyox1l,0.5,0.02099150467016482,0.0976,38.81
Adgrl3,0.5,0.02099150467016482,0.0976,57.27
Bmal2,0.5,0.02099150467016482,0.0976,2.67
Hrk,0.5,0.02099150467016482,0.0976,5.98
Rbm5,0.5,0.02099150467016482,0.0976,60.85
Pcp4,0.4987,0.02138084599925308,0.0988,871.18
Gm48231,0.4987,0.02138084599925308,0.0988,1.14
Vstm2a,0.4987,0.02138084599925308,0.0988,11.94
Gsdme,0.4987,0.02138084599925308,0.0988,8.49
Rnf167,0.4987,0.02138084599925308,0.0988,55.52
Syne4,0.4987,0.02138084599925308,0.0988,10.52
Gm46339,0.4987,0.02138084599925308,0.0988,0.76
Polr3d,0.4987,0.02138084599925308,0.0988,18.64
Gm50431,0.4987,0.02138084599925308,0.0988,4.79
Sepsecs,0.4987,0.02138084599925308,0.0988,7.73
Smc6,0.4987,0.02138084599925308,0.0988,58.75
Hmga1,0.4987,0.02138084599925308,0.0988,29.61
Rilpl1,0.4974,0.021775935134623416,0.0999,22.6
Itgb1,0.4974,0.021775935134623416,0.0999,162.4
Zfp523,0.4974,0.021775935134623416,0.0999,39.05
Tnfrsf11a,0.4974,0.021775935134623416,0.0999,4.63
Lemd2,0.4974,0.021775935134623416,0.0999,27.14
Gm37899,0.4974,0.021775935134623416,0.0999,45.05
Actr8,0.4974,0.021775935134623416,0.0999,20.95
Matn4,0.4974,0.021775935134623416,0.0999,8.36
Shc4,0.4974,0.021775935134623416,0.0999,6.25
Cwc22,0.4974,0.021775935134623416,0.0999,6.49
Sort1,0.4974,0.021775935134623416,0.0999,41.31
Taf1a,0.4974,0.021775935134623416,0.0999,5.63
Cnot1,0.4974,0.021775935134623416,0.0999,40.36
A230057D06Rik,0.4974,0.021775935134623416,0.0999,18.48
Mlx,0.4974,0.021775935134623416,0.0999,21.12
Stox2,0.4974,0.021775935134623416,0.0999,54.64
Ncf1,0.4967,0.021978929214814417,0.1008,0.49
Kcnh1,0.4961,0.022176831557460017,0.101,11.57
Arhgap27,0.4961,0.022176831557460017,0.101,11.57
Fars2,0.4961,0.022176831557460017,0.101,17.12
Cc2d1a,0.4961,0.022176831557460017,0.101,17.06
Ddx3x,0.4961,0.022176831557460017,0.101,359.15
Rps6kl1,0.4961,0.022176831557460017,0.101,21.39
Efr3a,0.4961,0.022176831557460017,0.101,193.57
Nherf1,0.4961,0.022176831557460017,0.101,39.72
Srebf1,0.4961,0.022176831557460017,0.101,34.16
Abcg1,0.4961,0.022176831557460017,0.101,62.78
Tab2,0.4961,0.022176831557460017,0.101,48.92
Col11a1,0.4961,0.022176831557460017,0.101,3.88
Rtn4r,0.4961,0.022176831557460017,0.101,5.13
Clint1,0.4961,0.022176831557460017,0.101,82.26
Ifit1,0.4961,0.022176831557460017,0.101,47.08
Daam2,0.4961,0.022176831557460017,0.101,15.68
Mrtfa,0.4961,0.022176831557460017,0.101,16.13
Npas4,0.4961,0.022176831557460017,0.101,8.86
Neu3,0.4961,0.022176831557460017,0.101,0.79
Ctcf,0.4961,0.022176831557460017,0.101,43.15
Tle2,0.4961,0.022176831557460017,0.101,7.43
Cimap1b,0.4956,0.02232911397912602,0.1017,0.89
Ppp1r3d,0.4948,0.022583594997581564,0.1026,6.06
Atrx,0.4948,0.022583594997581564,0.1026,58.42
Phf14,0.4948,0.022583594997581564,0.1026,47.35
Atp6v0a2,0.4948,0.022583594997581564,0.1026,30.7
Prkd3,0.4935,0.02299628542974775,0.104,3.21
Lnpep,0.4935,0.02299628542974775,0.104,450.45
Arfrp1,0.4935,0.02299628542974775,0.104,41.77
Tmem126b,0.4935,0.02299628542974775,0.104,37.4
Anks3,0.4935,0.02299628542974775,0.104,20.7
Vps33b,0.4935,0.02299628542974775,0.104,7.83
Ppid,0.4935,0.02299628542974775,0.104,36.33
Gm14246,0.4926,0.023273865821744594,0.1051,0.41
Timm50,0.4922,0.02341496306990663,0.1051,18.78
Rin3,0.4922,0.02341496306990663,0.1051,1.25
Prrg1,0.4922,0.02341496306990663,0.1051,9.02
Lamc1,0.4922,0.02341496306990663,0.1051,20.21
F730043M19Rik,0.4922,0.02341496306990663,0.1051,9.79
Mxra7,0.4922,0.02341496306990663,0.1051,93.48
E030022I16Rik,0.4922,0.02341496306990663,0.1051,3.5
Rbp4,0.4922,0.02341496306990663,0.1051,10.34
Wdr7,0.4922,0.02341496306990663,0.1051,78.5
Casp2,0.4922,0.02341496306990663,0.1051,5.79
Rimkla,0.4922,0.02341496306990663,0.1051,32.29
Exoc7,0.4922,0.02341496306990663,0.1051,20.61
Klhdc4,0.4922,0.02341496306990663,0.1051,10.95
Mmp14,0.4922,0.02341496306990663,0.1051,2.72
Smarcd1,0.4922,0.02341496306990663,0.1051,81.69
Eif2b3,0.4922,0.02341496306990663,0.1051,10.14
Cdk5,0.4922,0.02341496306990663,0.1051,103.35
Sowahb,0.4922,0.02341496306990663,0.1051,1.13
Dync2i1,0.4922,0.02341496306990663,0.1051,11.05
Arhgap32,0.4922,0.02341496306990663,0.1051,33.68
Gm26814,0.4922,0.02341496306990663,0.1051,1.64
Gm44270,0.4911,0.02378720985304465,0.1065,0.95
Gm45353,0.4911,0.02378720985304465,0.1065,0.61
9630001P10Rik,0.4911,0.02378720985304465,0.1065,1.96
Dhx9,0.4909,0.023839688371383023,0.1065,61.76
Jrk,0.4909,0.023839688371383023,0.1065,6.04
Gpc6,0.4909,0.023839688371383023,0.1065,14.54
Gnb5,0.4909,0.023839688371383023,0.1065,73.66
Ano10,0.4909,0.023839688371383023,0.1065,30.32
Pex14,0.4909,0.023839688371383023,0.1065,43.78
Zfp991,0.4909,0.023839688371383023,0.1065,2.26
Adprs,0.4909,0.023839688371383023,0.1065,11.92
Alad,0.4909,0.023839688371383023,0.1065,9.43
Rfx1,0.4909,0.023839688371383023,0.1065,8.48
C130075A20Rik,0.4909,0.023839688371383023,0.1065,1.02
Fbxo2,0.4909,0.023839688371383023,0.1065,335.53
Arfip2,0.4909,0.023839688371383023,0.1065,45.86
Gm37645,0.4909,0.023839688371383023,0.1065,1.92
Tjap1,0.4909,0.023839688371383023,0.1065,12.2
Pcdh18,0.4906,0.023956101066348306,0.107,2.09
Dpf3,0.4904,0.02400155346794662,0.1071,1.26
Gm43847,0.4902,0.024058402478945338,0.1073,1.18
Necab2,0.4898,0.024217430902707657,0.1077,4.65
Gm38190,0.4896,0.024270522021007424,0.1077,2.87
4930570G19Rik,0.4896,0.024270522021007424,0.1077,6.1
Prkcb,0.4896,0.024270522021007424,0.1077,78.56
Syt1,0.4896,0.024270522021007424,0.1077,566.72
Entrep2,0.4896,0.024270522021007424,0.1077,7.06
Gm43260,0.4896,0.024270522021007424,0.1077,2.96
Erap1,0.4896,0.024270522021007424,0.1077,4.01
Rab3gap1,0.4896,0.024270522021007424,0.1077,46.7
Tctn1,0.4896,0.024270522021007424,0.1077,7.84
Rpusd1,0.4896,0.024270522021007424,0.1077,19.21
Psme4,0.4896,0.024270522021007424,0.1077,47.34
Fam161b,0.4896,0.024270522021007424,0.1077,4.99
Gm37811,0.4896,0.024270522021007424,0.1077,3.61
Syt12,0.4896,0.024270522021007424,0.1077,2.6
Raver2,0.4891,0.024434849782973837,0.1084,1.33
Siah3,0.4885,0.02465381774854005,0.109,3.39
Cul9,0.4883,0.02470752493518718,0.109,27.3
Ttc8,0.4883,0.02470752493518718,0.109,19.18
Capn10,0.4883,0.02470752493518718,0.109,27.02
Ptch1,0.4883,0.02470752493518718,0.109,20.57
Card19,0.4883,0.02470752493518718,0.109,185.17
Mettl26,0.4883,0.02470752493518718,0.109,54.21
Tbc1d8,0.4883,0.02470752493518718,0.109,39.45
Slc2a1,0.4883,0.02470752493518718,0.109,18.22
Endov,0.4883,0.02470752493518718,0.109,17.5
Th,0.4883,0.02470752493518718,0.109,157.08
Tctn3,0.4883,0.02470752493518718,0.109,4.66
Pacc1,0.4883,0.02470752493518718,0.109,7.22
Zmym2,0.4883,0.02470752493518718,0.109,55.65
Gm16867,0.4883,0.02470752493518718,0.109,3.18
Rnf141,0.4883,0.02470752493518718,0.109,36.44
Cenpj,0.4883,0.02470752493518718,0.109,5.06
Col20a1,0.4878,0.02487434245322397,0.1097,0.48
Gm16740,0.4878,0.02487434245322397,0.1097,0.99
Gm45073,0.4876,0.024933694244811212,0.1099,0.49
Thbs4,0.4873,0.02505260616531864,0.1102,0.41
Vstm2b,0.4873,0.02505260616531864,0.1102,2.8
Gm43662,0.487,0.02515075825591802,0.1102,0.85
Ncs1,0.487,0.02515075825591802,0.1102,125.19
Ccdc97,0.487,0.02515075825591802,0.1102,31.84
Slc12a7,0.487,0.02515075825591802,0.1102,62.67
Ptar1,0.487,0.02515075825591802,0.1102,22.76
Dcun1d1,0.487,0.02515075825591802,0.1102,41.54
Pik3c3,0.487,0.02515075825591802,0.1102,18.7
Plod2,0.487,0.02515075825591802,0.1102,12.69
Pgap4,0.487,0.02515075825591802,0.1102,100.21
Pou3f2,0.487,0.02515075825591802,0.1102,8.37
Gm8566,0.487,0.02515075825591802,0.1102,0.67
Gpn2,0.487,0.02515075825591802,0.1102,4.73
Akap11,0.487,0.02515075825591802,0.1102,254.77
Thsd4,0.487,0.02515075825591802,0.1102,15.27
Irf3,0.487,0.02515075825591802,0.1102,16.77
Dnajc4,0.487,0.02515075825591802,0.1102,19.27
Gm17244,0.4866,0.025276615683878276,0.1106,0.71
Angptl7,0.4865,0.02532009276456804,0.1108,0.7
Tars2,0.4857,0.02560028334673806,0.1111,19.65
Gm34006,0.4857,0.02560028334673806,0.1111,16.03
Ogfrl1,0.4857,0.02560028334673806,0.1111,108.62
Bri3bp,0.4857,0.02560028334673806,0.1111,30.19
Srek1,0.4857,0.02560028334673806,0.1111,52.91
Ccdc91,0.4857,0.02560028334673806,0.1111,37.69
Arsb,0.4857,0.02560028334673806,0.1111,24.46
Kdm3a,0.4857,0.02560028334673806,0.1111,11.51
Ston2,0.4857,0.02560028334673806,0.1111,10.94
F11r,0.4857,0.02560028334673806,0.1111,5.2
Clpx,0.4857,0.02560028334673806,0.1111,14.81
Phgdh,0.4857,0.02560028334673806,0.1111,12.13
Faah,0.4857,0.02560028334673806,0.1111,16.21
Flna,0.4857,0.02560028334673806,0.1111,18.51
Nap1l5,0.4857,0.02560028334673806,0.1111,471.07
Fbxo31,0.4857,0.02560028334673806,0.1111,125.37
Tcte2,0.4857,0.02560028334673806,0.1111,3.44
Atat1,0.4857,0.02560028334673806,0.1111,14.33
Ssb,0.4857,0.02560028334673806,0.1111,82.98
Ndufaf1,0.4857,0.02560028334673806,0.1111,14.18
Mus81,0.4857,0.02560028334673806,0.1111,7.11
Xpo5,0.4857,0.02560028334673806,0.1111,17.96
Abcb9,0.4857,0.02560028334673806,0.1111,24.58
Selenom,0.4857,0.02560028334673806,0.1111,401.82
Kdelr3,0.4852,0.02577216222316089,0.1118,0.71
6820408C15Rik,0.4852,0.02577216222316089,0.1118,1.52
Gm42597,0.4845,0.02603278715238279,0.1123,0.32
Lonp2,0.4844,0.026056161788623734,0.1123,22.83
Slc25a37,0.4844,0.026056161788623734,0.1123,18.34
Clasrp,0.4844,0.026056161788623734,0.1123,16.91
Phf3,0.4844,0.026056161788623734,0.1123,43.33
Ttc39b,0.4844,0.026056161788623734,0.1123,48.13
D630023F18Rik,0.4844,0.026056161788623734,0.1123,1.66
Dhodh,0.4844,0.026056161788623734,0.1123,6.62
Evpl,0.4844,0.026056161788623734,0.1123,1.87
Naa30,0.4844,0.026056161788623734,0.1123,32.31
Eif2d,0.4844,0.026056161788623734,0.1123,12.88
Polg,0.4844,0.026056161788623734,0.1123,23.54
Htr1d,0.4844,0.026056161788623734,0.1123,6.18
Asb6,0.4844,0.026056161788623734,0.1123,15.78
Fyttd1,0.4844,0.026056161788623734,0.1123,98.01
Dok5,0.4844,0.026056161788623734,0.1123,31.8
Traf7,0.4844,0.026056161788623734,0.1123,19.15
Ark2n,0.4844,0.026056161788623734,0.1123,19.97
Orc3,0.4844,0.026056161788623734,0.1123,6.29
Vit,0.4837,0.02629387252776995,0.1133,0.75
Riiad1,0.4831,0.026518455375827792,0.1137,3.92
Ppfia3,0.4831,0.026518455375827792,0.1137,41.68
Bak1,0.4831,0.026518455375827792,0.1137,7.4
Trpm7,0.4831,0.026518455375827792,0.1137,31.43
Elmod1,0.4831,0.026518455375827792,0.1137,23.83
Gm37423,0.4831,0.026518455375827792,0.1137,2.22
Ddx47,0.4831,0.026518455375827792,0.1137,22.77
Rasgrf2,0.4831,0.026518455375827792,0.1137,18.26
Zcwpw1,0.4831,0.026518455375827792,0.1137,6.88
Miga1,0.4831,0.026518455375827792,0.1137,72.68
Ecpas,0.4831,0.026518455375827792,0.1137,64.94
Wdr54,0.4831,0.026518455375827792,0.1137,6.26
Tmed9,0.4831,0.026518455375827792,0.1137,76.07
Gm43606,0.4827,0.02665428443362123,0.1143,0.56
Mia,0.4827,0.02665428443362123,0.1143,0.41
Gm38062,0.4824,0.026760110297914752,0.1147,0.56
Gm42840,0.4824,0.026760110297914752,0.1147,1.81
Dab1,0.482,0.026930387712065035,0.1148,1.18
Lrrn2,0.4818,0.026987226111659643,0.1148,34.55
Zfp458,0.4818,0.026987226111659643,0.1148,2.98
Dipk2a,0.4818,0.026987226111659643,0.1148,29.88
Baz1b,0.4818,0.026987226111659643,0.1148,36.31
Ralgapa2,0.4818,0.026987226111659643,0.1148,29.35
Nucks1,0.4818,0.026987226111659643,0.1148,222.96
Cfap52,0.4818,0.026987226111659643,0.1148,2.2
Naa80,0.4818,0.026987226111659643,0.1148,11.48
Wdr90,0.4818,0.026987226111659643,0.1148,1.97
Msl2,0.4818,0.026987226111659643,0.1148,27.22
Elac2,0.4818,0.026987226111659643,0.1148,12.67
Akap8,0.4818,0.026987226111659643,0.1148,33.1
Eef2,0.4818,0.026987226111659643,0.1148,723.56
Hpdl,0.4818,0.026987226111659643,0.1148,1.02
Zbtb17,0.4818,0.026987226111659643,0.1148,8.57
Srfbp1,0.4818,0.026987226111659643,0.1148,7.63
Chsy1,0.4818,0.026987226111659643,0.1148,12.52
Tmem200a,0.4818,0.026987226111659643,0.1148,3.53
Snip1,0.4818,0.026987226111659643,0.1148,9.59
Tmem30c,0.4818,0.026987226111659643,0.1148,0.89
Scx,0.4818,0.026987226111659643,0.1148,32.94
Gm11750,0.4816,0.027079714824319985,0.1152,0.39
Olfml1,0.4813,0.027166903761043634,0.1156,0.98
Gm37848,0.4808,0.027365077929662945,0.1159,0.71
A130050O07Rik,0.4805,0.027462536204208972,0.1159,0.93
Lncbate10,0.4805,0.027462536204208972,0.1159,2.41
Zkscan3,0.4805,0.027462536204208972,0.1159,22.14
AW551984,0.4805,0.027462536204208972,0.1159,81.05
Supt16,0.4805,0.027462536204208972,0.1159,39.39
Mocs1,0.4805,0.027462536204208972,0.1159,4.36
Hdac7,0.4805,0.027462536204208972,0.1159,13.33
Nop58,0.4805,0.027462536204208972,0.1159,22.05
Rfxank,0.4805,0.027462536204208972,0.1159,6.5
Emsy,0.4805,0.027462536204208972,0.1159,21.88
Gm48114,0.4805,0.027462536204208972,0.1159,4.81
Ostm1,0.4805,0.027462536204208972,0.1159,28.07
Eral1,0.4805,0.027462536204208972,0.1159,14.27
Cfap298,0.4805,0.027462536204208972,0.1159,21.52
Fbl,0.4805,0.027462536204208972,0.1159,17.76
3110083C13Rik,0.4805,0.027462536204208972,0.1159,2.73
Zfp598,0.4805,0.027462536204208972,0.1159,17.54
Ddx28,0.4805,0.027462536204208972,0.1159,5.2
Galnt4,0.4805,0.027462536204208972,0.1159,1.15
Gpr165,0.4794,0.027886334086145787,0.1171,0.65
1700086L19Rik,0.4792,0.027944448062011983,0.1171,12.46
Gm38042,0.4792,0.027944448062011983,0.1171,14.78
Atp6v0a1,0.4792,0.027944448062011983,0.1171,328.83
Mib2,0.4792,0.027944448062011983,0.1171,21.66
Cxcr4,0.4792,0.027944448062011983,0.1171,16.19
Sft2d3,0.4792,0.027944448062011983,0.1171,8.09
Ctdp1,0.4792,0.027944448062011983,0.1171,8.81
Slc20a2,0.4792,0.027944448062011983,0.1171,11.86
Txndc11,0.4792,0.027944448062011983,0.1171,18.93
Gm26982,0.4792,0.027944448062011983,0.1171,5.1
Fntb,0.4792,0.027944448062011983,0.1171,28.64
Nt5c3b,0.4792,0.027944448062011983,0.1171,23.94
Hnrnpll,0.4792,0.027944448062011983,0.1171,30.29
Xrn1,0.4792,0.027944448062011983,0.1171,21.05
1700066M21Rik,0.4792,0.027944448062011983,0.1171,16.92
Ripor3,0.4792,0.027944448062011983,0.1171,1.45
Abhd16a,0.4792,0.027944448062011983,0.1171,57.87
Sphk2,0.4792,0.027944448062011983,0.1171,33.37
Rbm20,0.4792,0.027944448062011983,0.1171,1.83
Lrtm2,0.4787,0.02812946433456284,0.1179,2.89
Gm28086,0.4781,0.028374267723676593,0.1186,0.72
Has3,0.4781,0.028374267723676593,0.1186,0.55
B430212C06Rik,0.4781,0.028374267723676593,0.1186,0.63
Dcaf11,0.4779,0.028433024289660956,0.1186,40.31
Ank3,0.4779,0.028433024289660956,0.1186,194.65
Utp4,0.4779,0.028433024289660956,0.1186,8.28
1700037C18Rik,0.4779,0.028433024289660956,0.1186,4.97
Lrrc8c,0.4779,0.028433024289660956,0.1186,89.93
Ly6h,0.4779,0.028433024289660956,0.1186,70.78
Gm43279,0.4779,0.028433024289660956,0.1186,2.12
Scarf2,0.4779,0.028433024289660956,0.1186,0.94
Angptl2,0.4779,0.028433024289660956,0.1186,5.04
Agtr1b,0.4769,0.028830381358670006,0.1198,0.69
Gm37444,0.4766,0.02892832768335774,0.1198,0.49
Axin1,0.4766,0.02892832768335774,0.1198,10.13
Fam81a,0.4766,0.02892832768335774,0.1198,12.18
Gm44862,0.4766,0.02892832768335774,0.1198,0.75
Inafm1,0.4766,0.02892832768335774,0.1198,90.81
Tmem94,0.4766,0.02892832768335774,0.1198,11.86
Tti1,0.4766,0.02892832768335774,0.1198,7.29
Tmem201,0.4766,0.02892832768335774,0.1198,23.24
D230049E03Rik,0.4766,0.02892832768335774,0.1198,0.98
Nsun4,0.4766,0.02892832768335774,0.1198,17.7
Hspa5,0.4766,0.02892832768335774,0.1198,137.83
Top3a,0.4766,0.02892832768335774,0.1198,2.13
Mxd1,0.4766,0.02892832768335774,0.1198,5.96
Gm43571,0.4766,0.02892832768335774,0.1198,1.81
Lysmd4,0.4766,0.02892832768335774,0.1198,51.03
Atp11b,0.4766,0.02892832768335774,0.1198,67.95
Golga4,0.4766,0.02892832768335774,0.1198,82.0
Bag4,0.4766,0.02892832768335774,0.1198,36.06
Gnptg,0.4766,0.02892832768335774,0.1198,30.07
Ifi44,0.4761,0.029118795396918227,0.1205,0.78
Dbp,0.4753,0.02943042122641138,0.1212,9.23
Ina,0.4753,0.02943042122641138,0.1212,38.16
Lrrc4,0.4753,0.02943042122641138,0.1212,2.56
Cdc123,0.4753,0.02943042122641138,0.1212,55.86
Pi4ka,0.4753,0.02943042122641138,0.1212,61.93
Tfb2m,0.4753,0.02943042122641138,0.1212,16.15
Ppfia4,0.4753,0.02943042122641138,0.1212,67.49
Gm9768,0.4753,0.02943042122641138,0.1212,1.36
Fibp,0.4753,0.02943042122641138,0.1212,43.9
Gm43665,0.4753,0.02943042122641138,0.1212,5.95
Dnaaf9,0.4753,0.02943042122641138,0.1212,54.99
Caap1,0.4753,0.02943042122641138,0.1212,16.22
Cep162,0.4753,0.02943042122641138,0.1212,7.31
Npnt,0.4749,0.029587846449813156,0.1219,0.86
Cacng8,0.4747,0.029668649662602072,0.1222,0.41
Gemin5,0.474,0.02993936808467944,0.1225,8.34
Mri1,0.474,0.02993936808467944,0.1225,10.14
Nr6a1,0.474,0.02993936808467944,0.1225,8.8
Cdk6,0.474,0.02993936808467944,0.1225,6.17
Gm37859,0.474,0.02993936808467944,0.1225,2.18
Kars1,0.474,0.02993936808467944,0.1225,37.01
Tor1a,0.474,0.02993936808467944,0.1225,35.01
Lrch2,0.474,0.02993936808467944,0.1225,10.56
Dcaf7,0.474,0.02993936808467944,0.1225,97.62
Zscan21,0.474,0.02993936808467944,0.1225,10.0
Rilpl2,0.474,0.02993936808467944,0.1225,9.33
Gm37677,0.474,0.02993936808467944,0.1225,4.35
Tubgcp4,0.474,0.02993936808467944,0.1225,26.74
Ctdspl,0.474,0.02993936808467944,0.1225,13.33
Zbtb21,0.474,0.02993936808467944,0.1225,8.87
Cmas,0.474,0.02993936808467944,0.1225,134.55
Gm43668,0.474,0.02993936808467944,0.1225,7.8
Polr1a,0.474,0.02993936808467944,0.1225,13.55
Ascl1,0.4736,0.030109983817298177,0.1231,0.65
Abcc9,0.4733,0.030210026554865398,0.1235,1.37
Myom3,0.4733,0.030210026554865398,0.1235,0.69
Serpine1,0.4727,0.03045523160195435,0.1236,3.52
Gm14827,0.4727,0.03045523160195435,0.1236,3.43
Mapre3,0.4727,0.03045523160195435,0.1236,190.52
Gas7,0.4727,0.03045523160195435,0.1236,17.3
Fam124a,0.4727,0.03045523160195435,0.1236,9.09
Rnf168,0.4727,0.03045523160195435,0.1236,25.36
Tafazzin,0.4727,0.03045523160195435,0.1236,27.27
Prrc2b,0.4727,0.03045523160195435,0.1236,283.49
Rnf185,0.4727,0.03045523160195435,0.1236,14.66
L3mbtl2,0.4727,0.03045523160195435,0.1236,16.27
Gm42946,0.4727,0.03045523160195435,0.1236,9.19
Farsa,0.4727,0.03045523160195435,0.1236,14.64
Klhl29,0.4727,0.03045523160195435,0.1236,21.67
Zfp263,0.4727,0.03045523160195435,0.1236,9.76
Lgi1,0.4727,0.03045523160195435,0.1236,36.22
Smox,0.4727,0.03045523160195435,0.1236,15.18
Bmp1,0.4727,0.03045523160195435,0.1236,5.91
Sdhc,0.4727,0.03045523160195435,0.1236,92.28
Cntfr,0.4727,0.03045523160195435,0.1236,73.94
Gxylt1,0.4727,0.03045523160195435,0.1236,9.31
Kcnn3,0.4727,0.03045523160195435,0.1236,7.06
Usp7,0.4727,0.03045523160195435,0.1236,62.9
Sun2,0.4727,0.03045523160195435,0.1236,21.15
Gm49694,0.4722,0.03065409031832363,0.1243,0.89
Gm48717,0.4716,0.03091605932213254,0.1248,0.84
Cntnap2,0.4714,0.030978075295294782,0.1248,258.41
Nup155,0.4714,0.030978075295294782,0.1248,18.38
Elavl1,0.4714,0.030978075295294782,0.1248,48.77
Nap1l2,0.4714,0.030978075295294782,0.1248,45.58
Usp8,0.4714,0.030978075295294782,0.1248,66.55
Gm9870,0.4714,0.030978075295294782,0.1248,0.7
Rnf113a1,0.4714,0.030978075295294782,0.1248,4.17
Meg3,0.4714,0.030978075295294782,0.1248,3199.71
Tars3,0.4714,0.030978075295294782,0.1248,18.97
Gm47558,0.4714,0.030978075295294782,0.1248,0.85
Rabggta,0.4714,0.030978075295294782,0.1248,12.82
Pigt,0.4714,0.030978075295294782,0.1248,60.07
Ppp4r1l-ps,0.4714,0.030978075295294782,0.1248,32.04
Hnrnpa3,0.4714,0.030978075295294782,0.1248,164.92
Mto1,0.4714,0.030978075295294782,0.1248,9.26
Hook3,0.4714,0.030978075295294782,0.1248,67.05
Gm37691,0.4714,0.030978075295294782,0.1248,0.69
Dele1,0.4714,0.030978075295294782,0.1248,21.19
Prpsap1,0.4714,0.030978075295294782,0.1248,59.77
Gm43714,0.4714,0.030978075295294782,0.1248,0.55
Rrp15,0.4701,0.03150796285030202,0.1261,5.16
Cplx2,0.4701,0.03150796285030202,0.1261,136.85
Sox6,0.4701,0.03150796285030202,0.1261,3.65
Ufl1,0.4701,0.03150796285030202,0.1261,22.51
Hmgxb3,0.4701,0.03150796285030202,0.1261,22.04
Cttnbp2nl,0.4701,0.03150796285030202,0.1261,13.78
Clock,0.4701,0.03150796285030202,0.1261,49.8
Pgbd1,0.4701,0.03150796285030202,0.1261,0.86
Fzr1,0.4701,0.03150796285030202,0.1261,40.46
Pelp1,0.4701,0.03150796285030202,0.1261,11.78
Tincr,0.4701,0.03150796285030202,0.1261,1.6
Spc25,0.4701,0.03150796285030202,0.1261,0.72
Gm37255,0.4701,0.03150796285030202,0.1261,6.32
Mef2c,0.4701,0.03150796285030202,0.1261,78.09
Flnb,0.4701,0.03150796285030202,0.1261,11.84
Nf1,0.4701,0.03150796285030202,0.1261,96.6
Gm10699,0.4701,0.03150796285030202,0.1261,4.17
Dbpht2,0.4701,0.03150796285030202,0.1261,14.7
Gm13530,0.4697,0.031702555687168524,0.1268,0.39
Gm48992,0.4694,0.03179181721860985,0.1271,1.42
Kcnj11,0.4694,0.03179181721860985,0.1271,3.55
Slc35f3,0.4688,0.032044958116342656,0.1271,17.4
Smarcal1,0.4688,0.032044958116342656,0.1271,8.39
Birc6,0.4688,0.032044958116342656,0.1271,62.95
Cdip1,0.4688,0.032044958116342656,0.1271,120.77
Cdh15,0.4688,0.032044958116342656,0.1271,7.3
Dnajc21,0.4688,0.032044958116342656,0.1271,44.62
Pigb,0.4688,0.032044958116342656,0.1271,7.23
Oga,0.4688,0.032044958116342656,0.1271,113.05
Stac3,0.4688,0.032044958116342656,0.1271,3.55
Rbpj,0.4688,0.032044958116342656,0.1271,22.66
Ivd,0.4688,0.032044958116342656,0.1271,13.24
Arxes1,0.4688,0.032044958116342656,0.1271,20.12
Rpusd4,0.4688,0.032044958116342656,0.1271,7.71
Ammecr1l,0.4688,0.032044958116342656,0.1271,21.81
Tln2,0.4688,0.032044958116342656,0.1271,182.2
Ppm1f,0.4688,0.032044958116342656,0.1271,42.75
Stam2,0.4688,0.032044958116342656,0.1271,25.8
Pnkp,0.4688,0.032044958116342656,0.1271,14.04
4930509H03Rik,0.4688,0.032044958116342656,0.1271,2.85
Gm16758,0.4681,0.03233331570890236,0.1282,1.37
Morrbid,0.4677,0.03252511780345022,0.1284,2.53
Slc35c2,0.4675,0.0325891251017163,0.1284,35.03
Zfp688,0.4675,0.0325891251017163,0.1284,16.25
4933412E12Rik,0.4675,0.0325891251017163,0.1284,6.68
Zfp780b,0.4675,0.0325891251017163,0.1284,10.07
Trp53bp2,0.4675,0.0325891251017163,0.1284,10.36
Snhg12,0.4675,0.0325891251017163,0.1284,56.68
Plod3,0.4675,0.0325891251017163,0.1284,21.74
Pcdhga12,0.4675,0.0325891251017163,0.1284,4.56
Zfp787,0.4675,0.0325891251017163,0.1284,20.55
4930545L08Rik,0.4675,0.03261400635836911,0.1285,0.47
Rbm10,0.4675,0.0325891251017163,0.1284,14.04
P2ry2,0.4675,0.0325891251017163,0.1284,8.29
Prkd2,0.4675,0.0325891251017163,0.1284,2.58
Camk4,0.4675,0.0325891251017163,0.1284,17.05
Bgn,0.4675,0.0325891251017163,0.1284,6.35
Cep83,0.4675,0.0325891251017163,0.1284,20.49
Gm48532,0.4675,0.0325891251017163,0.1284,2.11
Sfi1,0.4675,0.0325891251017163,0.1284,11.75
Gm42801,0.4671,0.03276417376193961,0.129,0.25
Etaa1,0.4662,0.03314052796877129,0.1298,18.33
Idh2,0.4662,0.03314052796877129,0.1298,11.46
Rack1,0.4662,0.03314052796877129,0.1298,177.79
Far1,0.4662,0.03314052796877129,0.1298,129.64
Zfyve16,0.4662,0.03314052796877129,0.1298,9.71
Nemf,0.4662,0.03314052796877129,0.1298,26.47
Eme2,0.4662,0.03314052796877129,0.1298,5.54
Pex11a,0.4662,0.03314052796877129,0.1298,6.56
Abcg2,0.4662,0.03314052796877129,0.1298,12.61
Ppp2r3a,0.4662,0.03314052796877129,0.1298,16.07
Smim12,0.4662,0.03314052796877129,0.1298,167.31
Sgta,0.4662,0.03314052796877129,0.1298,67.27
Tnfrsf1b,0.4662,0.03314052796877129,0.1298,4.9
Npc1,0.4662,0.03314052796877129,0.1298,26.74
Akr1e1,0.4662,0.03314052796877129,0.1298,13.11
Muc2,0.4655,0.033438050897186905,0.1309,0.39
Ptgfr,0.4655,0.033438050897186905,0.1309,6.91
Tchp,0.4649,0.03369923102896567,0.1309,7.87
Rabl6,0.4649,0.03369923102896567,0.1309,73.31
Dmxl2,0.4649,0.03369923102896567,0.1309,113.61
Cyb5d2,0.4649,0.03369923102896567,0.1309,22.43
Atp6v0e2,0.4649,0.03369923102896567,0.1309,315.85
Arhgef37,0.4649,0.03369923102896567,0.1309,5.56
Tm2d2,0.4649,0.03369923102896567,0.1309,68.8
Per1,0.4649,0.03369923102896567,0.1309,23.02
Mpp3,0.4649,0.03369923102896567,0.1309,6.47
Gm49069,0.4649,0.03369923102896567,0.1309,6.9
Abl1,0.4649,0.03369923102896567,0.1309,16.02
Dtx3l,0.4649,0.03369923102896567,0.1309,15.7
Tpp2,0.4649,0.03369923102896567,0.1309,33.68
Wdr33,0.4649,0.03369923102896567,0.1309,38.08
Usp47,0.4649,0.03369923102896567,0.1309,43.1
Syncrip,0.4649,0.03369923102896567,0.1309,40.25
Edem3,0.4649,0.03369923102896567,0.1309,20.9
Egr1,0.4649,0.03369923102896567,0.1309,218.1
2900064F13Rik,0.4649,0.03369923102896567,0.1309,2.74
Tfrc,0.4649,0.03369923102896567,0.1309,69.45
Kcng4,0.4641,0.03407887317536712,0.1323,1.23
Zfp300,0.4636,0.03426529873787609,0.1325,2.35
Mul1,0.4636,0.03426529873787609,0.1325,35.85
5930420M18Rik,0.4636,0.03426529873787609,0.1325,1.75
Wasf1,0.4636,0.03426529873787609,0.1325,58.05
Gm42659,0.4636,0.03426529873787609,0.1325,5.6
St6galnac4,0.4636,0.03426529873787609,0.1325,13.7
Nrp2,0.4636,0.03426529873787609,0.1325,150.62
Gm42699,0.4636,0.03426529873787609,0.1325,0.79
Drc3,0.4636,0.03426529873787609,0.1325,1.13
Bahcc1,0.4636,0.03426529873787609,0.1325,6.92
Wdtc1,0.4636,0.03426529873787609,0.1325,87.94
Dgat1,0.4636,0.03426529873787609,0.1325,17.86
Zfp518b,0.4636,0.03426529873787609,0.1325,13.19
Gm44708,0.4623,0.034838795690155154,0.134,1.68
Efhd1,0.4623,0.034838795690155154,0.134,1.74
Gm7467,0.4623,0.034838795690155154,0.134,7.09
Tuba1b,0.4623,0.034838795690155154,0.134,581.82
Map3k20,0.4623,0.034838795690155154,0.134,12.26
Tspan2,0.4623,0.034838795690155154,0.134,30.32
Rfx2,0.4623,0.034838795690155154,0.134,1.31
Hspg2,0.4623,0.034838795690155154,0.134,12.53
Gm42433,0.4623,0.034838795690155154,0.134,12.98
Ppan,0.4623,0.034838795690155154,0.134,8.32
Gm42446,0.4623,0.034838795690155154,0.134,4.15
Gm37407,0.4623,0.034838795690155154,0.134,4.79
Mtus1,0.4623,0.034838795690155154,0.134,82.52
Abcf3,0.4623,0.034838795690155154,0.134,26.26
Ccdc148,0.4623,0.034838795690155154,0.134,4.92
9430092D12Rik,0.4612,0.03535240478317447,0.1351,0.7
Stoml2,0.461,0.03541978661443521,0.1351,43.39
Rab36,0.461,0.03541978661443521,0.1351,14.42
Arf2,0.461,0.03541978661443521,0.1351,12.39
Gm48382,0.461,0.03541978661443521,0.1351,1.49
Gm17354,0.461,0.03541978661443521,0.1351,3.28
Tafa5,0.461,0.03541978661443521,0.1351,92.71
Sgcz,0.461,0.03541978661443521,0.1351,7.79
Ufd1,0.461,0.03541978661443521,0.1351,52.3
Gm4707,0.461,0.03541978661443521,0.1351,1.45
Pmpcb,0.461,0.03541978661443521,0.1351,13.57
Necap1,0.461,0.03541978661443521,0.1351,131.61
Pstk,0.461,0.03541978661443521,0.1351,25.34
Ptprk,0.461,0.03541978661443521,0.1351,2.62
Gm43526,0.461,0.03541978661443521,0.1351,1.85
Emp1,0.461,0.03541978661443521,0.1351,2.94
Whamm,0.461,0.03541978661443521,0.1351,11.99
Kcnma1,0.461,0.03541978661443521,0.1351,85.06
Nkain3,0.4603,0.03573628496690868,0.1361,3.32
Zfp974,0.4597,0.036008336368182216,0.1361,3.25
Pygo2,0.4597,0.036008336368182216,0.1361,23.92
Smarcc2,0.4597,0.036008336368182216,0.1361,90.73
Pdcd11,0.4597,0.036008336368182216,0.1361,12.87
Pfkfb2,0.4597,0.036008336368182216,0.1361,8.67
Gcc2,0.4597,0.036008336368182216,0.1361,60.74
Slc25a36,0.4597,0.036008336368182216,0.1361,64.34
Lrrc20,0.4597,0.036008336368182216,0.1361,32.9
Dnmt3a,0.4597,0.036008336368182216,0.1361,28.57
Cep126,0.4597,0.036008336368182216,0.1361,22.53
Cited4,0.4597,0.036008336368182216,0.1361,1.94
Engase,0.4597,0.036008336368182216,0.1361,5.47
Gm47976,0.4597,0.036008336368182216,0.1361,0.89
Fbxo8,0.4597,0.036008336368182216,0.1361,19.25
Med24,0.4597,0.036008336368182216,0.1361,20.39
Trmt1l,0.4597,0.036008336368182216,0.1361,22.0
Nptx1,0.4597,0.036008336368182216,0.1361,6.78
Arhgef4,0.4597,0.036008336368182216,0.1361,75.13
P3h2,0.4597,0.036008336368182216,0.1361,1.02
Amer1,0.4597,0.036008336368182216,0.1361,15.25
P4hb,0.4597,0.036008336368182216,0.1361,81.35
Gm38115,0.4597,0.036008336368182216,0.1361,0.84
Aifm3,0.4597,0.036008336368182216,0.1361,5.37
Gm50092,0.4597,0.036008336368182216,0.1361,0.63
Lipg,0.459,0.03632971479403572,0.1372,1.7
Gpr83,0.459,0.03632971479403572,0.1372,0.7
Gm42536,0.4587,0.03648444191714419,0.1376,0.27
Gm16523,0.4584,0.036604509932497684,0.1376,1.63
Gm37628,0.4584,0.036604509932497684,0.1376,1.76
Gm10033,0.4584,0.036604509932497684,0.1376,19.12
Luzp1,0.4584,0.036604509932497684,0.1376,47.86
Prrc2c,0.4584,0.036604509932497684,0.1376,94.37
Palm3,0.4584,0.036604509932497684,0.1376,28.21
Isg15,0.4584,0.036604509932497684,0.1376,13.72
Akap12,0.4584,0.036604509932497684,0.1376,555.08
1190005I06Rik,0.4584,0.036604509932497684,0.1376,4.61
Rbm4b,0.4584,0.036604509932497684,0.1376,31.35
Zfp105,0.4584,0.036604509932497684,0.1376,2.75
Gm48182,0.4584,0.036604509932497684,0.1376,0.89
Dysf,0.4584,0.036604509932497684,0.1376,41.92
Uba5,0.4584,0.036604509932497684,0.1376,33.21
Ilf2,0.4584,0.036604509932497684,0.1376,28.5
Grid2,0.4584,0.036604509932497684,0.1376,6.42
Ppie,0.4584,0.036604509932497684,0.1376,10.67
Myom1,0.4584,0.036604509932497684,0.1376,2.44
Gm48682,0.4584,0.036604509932497684,0.1376,0.97
Ubn2,0.4584,0.036604509932497684,0.1376,58.4
Cltc,0.4584,0.036604509932497684,0.1376,447.02
Plxnb2,0.4584,0.036604509932497684,0.1376,17.23
9530036O11Rik,0.4573,0.03713893453167982,0.139,2.53
Cep250,0.4571,0.0372083724068703,0.139,25.59
Ezh2,0.4571,0.0372083724068703,0.139,2.81
Ppwd1,0.4571,0.0372083724068703,0.139,8.01
Slc37a3,0.4571,0.0372083724068703,0.139,17.39
Gm43792,0.4571,0.0372083724068703,0.139,2.81
Synpr,0.4571,0.0372083724068703,0.139,239.74
Mrpl38,0.4571,0.0372083724068703,0.139,34.67
Tmem209,0.4571,0.0372083724068703,0.139,12.51
Zfp24,0.4571,0.0372083724068703,0.139,31.45
Nol10,0.4571,0.0372083724068703,0.139,10.07
Trim8,0.4571,0.0372083724068703,0.139,32.46
Tnfrsf1a,0.4571,0.0372083724068703,0.139,14.95
Dusp18,0.4571,0.0372083724068703,0.139,12.28
Zfp612,0.4571,0.0372083724068703,0.139,30.79
3222401L13Rik,0.4571,0.0372083724068703,0.139,1.5
Trpt1,0.4571,0.0372083724068703,0.139,14.44
Gm43387,0.4571,0.0372083724068703,0.139,2.36
Met,0.4571,0.0372083724068703,0.139,1.22
A230072E10Rik,0.4571,0.0372083724068703,0.139,1.39
Gm43281,0.456,0.03773270885956584,0.1404,0.39
1700120C14Rik,0.4558,0.03781998900387756,0.1404,5.5
Zyg11b,0.4558,0.03781998900387756,0.1404,117.98
Sirpa,0.4558,0.03781998900387756,0.1404,32.26
Bag6,0.4558,0.03781998900387756,0.1404,47.56
Dlg4,0.4558,0.03781998900387756,0.1404,134.04
Smc1a,0.4558,0.03781998900387756,0.1404,33.39
Agrn,0.4558,0.03781998900387756,0.1404,35.54
Gm37629,0.4558,0.03781998900387756,0.1404,5.3
Fem1a,0.4558,0.03781998900387756,0.1404,40.53
Haus8,0.4558,0.03781998900387756,0.1404,23.28
Rnpep,0.4558,0.03781998900387756,0.1404,18.99
Vma21,0.4558,0.03781998900387756,0.1404,81.06
Gm43162,0.4558,0.03781998900387756,0.1404,2.56
Zfp871,0.4558,0.03781998900387756,0.1404,92.39
Gm20045,0.4558,0.03781998900387756,0.1404,2.98
Ncln,0.4558,0.03781998900387756,0.1404,28.56
Egr3,0.4545,0.038439425043837745,0.1417,7.96
Jdp2,0.4545,0.038439425043837745,0.1417,6.86
Impdh2,0.4545,0.038439425043837745,0.1417,17.47
Zcchc14,0.4545,0.038439425043837745,0.1417,27.95
Slc4a1ap,0.4545,0.038439425043837745,0.1417,11.83
Plpp6,0.4545,0.038439425043837745,0.1417,13.3
Pnpla6,0.4545,0.038439425043837745,0.1417,31.82
Ryk,0.4545,0.038439425043837745,0.1417,18.9
Nit1,0.4545,0.038439425043837745,0.1417,13.73
Ankrd24,0.4545,0.038439425043837745,0.1417,46.33
Rps6ka1,0.4545,0.038439425043837745,0.1417,11.49
Trub2,0.4545,0.038439425043837745,0.1417,18.6
Rgcc,0.4545,0.038439425043837745,0.1417,56.67
Pdxp,0.4545,0.038439425043837745,0.1417,56.37
Gm49706,0.4545,0.038439425043837745,0.1417,0.99
Cntnap4,0.4545,0.038439425043837745,0.1417,27.6
Dgat2,0.4545,0.038439425043837745,0.1417,10.52
D17H6S53E,0.4545,0.038439425043837745,0.1417,7.04
Gm40557,0.454,0.03868092779891263,0.1426,0.48
Adam33,0.4538,0.03878087819603285,0.1429,0.85
Slc39a14,0.4532,0.03906674594941221,0.1432,8.03
Rbm28,0.4532,0.03906674594941221,0.1432,26.57
Uimc1,0.4532,0.03906674594941221,0.1432,11.02
Paxip1,0.4532,0.03906674594941221,0.1432,24.61
Gm43307,0.4532,0.03906674594941221,0.1432,1.1
Nr3c1,0.4532,0.03906674594941221,0.1432,31.28
H2ax,0.4532,0.03906674594941221,0.1432,16.79
Ttll11,0.4532,0.03906674594941221,0.1432,16.54
Psmg2,0.4532,0.03906674594941221,0.1432,20.47
Srsf2,0.4532,0.03906674594941221,0.1432,149.77
Jakmip2,0.4532,0.03906674594941221,0.1432,36.97
9330151L19Rik,0.4532,0.03906674594941221,0.1432,9.81
Slco5a1,0.4532,0.03906674594941221,0.1432,9.97
Ogn,0.4532,0.03906674594941221,0.1432,6.51
Oscp1,0.4532,0.03906674594941221,0.1432,14.55
Kcnj6,0.4531,0.03914263692663575,0.1435,0.47
Dach2,0.4528,0.03929847435861528,0.144,3.33
M5C1000I18Rik,0.4527,0.039311519585102705,0.144,0.74
Ephb1,0.4525,0.039413357956627204,0.1443,3.04
Wdr24,0.4519,0.03970201724016006,0.1446,11.98
Fgfbp3,0.4519,0.03970201724016006,0.1446,2.81
Hsf1,0.4519,0.03970201724016006,0.1446,22.09
Emc10,0.4519,0.03970201724016006,0.1446,369.23
Ints4,0.4519,0.03970201724016006,0.1446,10.88
Gm5857,0.4519,0.03970201724016006,0.1446,0.8
Rnf216,0.4519,0.03970201724016006,0.1446,20.68
Ankrd17,0.4519,0.03970201724016006,0.1446,108.77
Laptm4b,0.4519,0.03970201724016006,0.1446,142.63
Gpsm1,0.4519,0.03970201724016006,0.1446,23.99
Gm43481,0.4519,0.03970201724016006,0.1446,2.55
Maml1,0.4519,0.03970201724016006,0.1446,4.05
Sipa1,0.4519,0.03970201724016006,0.1446,5.25
Wrap73,0.4519,0.03970201724016006,0.1446,9.66
Zfp68,0.4519,0.03970201724016006,0.1446,14.35
Nelfcd,0.4519,0.03970201724016006,0.1446,49.25
Fastkd2,0.4506,0.040345304527043546,0.1462,10.16
Zfp212,0.4506,0.040345304527043546,0.1462,8.9
Sntg1,0.4506,0.040345304527043546,0.1462,11.32
Hnrnpu,0.4506,0.040345304527043546,0.1462,182.54
Pex1,0.4506,0.040345304527043546,0.1462,10.82
Cdk7,0.4506,0.040345304527043546,0.1462,8.93
N4bp2l1,0.4506,0.040345304527043546,0.1462,14.44
Adi1,0.4506,0.040345304527043546,0.1462,11.69
Aif1l,0.4506,0.040345304527043546,0.1462,5.44
Wdr5,0.4506,0.040345304527043546,0.1462,14.57
Klf15,0.4506,0.040345304527043546,0.1462,1.63
Akap1,0.4506,0.040345304527043546,0.1462,12.91
Kif1c,0.4506,0.040345304527043546,0.1462,8.95
Pcdhb21,0.4506,0.040345304527043546,0.1462,3.38
Slc45a1,0.4506,0.040345304527043546,0.1462,53.32
Cfap418,0.4506,0.040345304527043546,0.1462,20.55
Apba2,0.4506,0.040345304527043546,0.1462,86.12
Gm45153,0.4501,0.04059671167159872,0.1471,1.26
Pkp3,0.4494,0.04099667350688651,0.1476,3.12
Gm43230,0.4494,0.04099667350688651,0.1476,7.5
Elfn2,0.4494,0.04099667350688651,0.1476,20.21
Nova2,0.4494,0.04099667350688651,0.1476,9.25
BC055308,0.4494,0.04099667350688651,0.1476,2.02
Mef2d,0.4494,0.04099667350688651,0.1476,63.02
Cebpg,0.4494,0.04099667350688651,0.1476,47.21
Syde2,0.4494,0.04099667350688651,0.1476,0.95
Plekhd1,0.4494,0.04099667350688651,0.1476,21.02
Hps3,0.4494,0.04099667350688651,0.1476,56.34
Gramd1b,0.4494,0.04099667350688651,0.1476,132.84
Gspt2,0.4494,0.04099667350688651,0.1476,15.42
Gm38387,0.4494,0.04099667350688651,0.1476,1.94
Rprd2,0.4494,0.04099667350688651,0.1476,35.41
Brcc3dc,0.4494,0.04099667350688651,0.1476,1.7
Csgalnact2,0.4494,0.04099667350688651,0.1476,13.09
Pou3f1,0.4494,0.04099667350688651,0.1476,3.98
Xkr6,0.4494,0.04099667350688651,0.1476,9.17
Rnf126,0.4494,0.04099667350688651,0.1476,44.21
Cldn12,0.4494,0.04099667350688651,0.1476,8.68
Cish,0.4494,0.04099667350688651,0.1476,22.75
Armc8,0.4494,0.04099667350688651,0.1476,62.57
Ptpn2,0.4494,0.04099667350688651,0.1476,10.6
Galns,0.4494,0.04099667350688651,0.1476,3.42
Rpl7l1,0.4494,0.04099667350688651,0.1476,28.45
Raver1,0.449,0.04116493022293262,0.1481,0.44
Slc25a18,0.4486,0.04135910341579718,0.1488,0.55
A330094K24Rik,0.4481,0.04165618995678565,0.1491,4.14
Fign,0.4481,0.04165618995678565,0.1491,21.83
Ergic2,0.4481,0.04165618995678565,0.1491,55.95
Retreg1,0.4481,0.04165618995678565,0.1491,193.99
Preb,0.4481,0.04165618995678565,0.1491,47.03
Tmem185a,0.4481,0.04165618995678565,0.1491,26.56
Sema3f,0.4481,0.04165618995678565,0.1491,20.49
Gm38124,0.4481,0.04165618995678565,0.1491,0.9
Tmed1,0.4481,0.04165618995678565,0.1491,18.19
Bbof1,0.4481,0.04165618995678565,0.1491,2.35
Fgf18,0.4481,0.04165618995678565,0.1491,13.29
Tnik,0.4481,0.04165618995678565,0.1491,74.49
Dlc1,0.4481,0.04165618995678565,0.1491,50.67
Aste1,0.4481,0.04165618995678565,0.1491,5.01
Gm14023,0.4475,0.04191435358261683,0.15,0.8
Gm9967,0.4475,0.04191435358261683,0.15,0.49
Gm11240,0.4473,0.04203140997033768,0.1503,0.53
BC030500,0.4473,0.04202400728422033,0.1503,1.29
Gm37479,0.4472,0.04211048369933072,0.1506,0.59
Mcrip2,0.4468,0.042323919728474664,0.1507,9.4
Dock10,0.4468,0.042323919728474664,0.1507,71.83
Igfbp6,0.4468,0.042323919728474664,0.1507,3.23
Tmem132c,0.4468,0.042323919728474664,0.1507,5.49
Gm4149,0.4468,0.042323919728474664,0.1507,3.74
Iqgap1,0.4468,0.042323919728474664,0.1507,32.1
Tob1,0.4468,0.042323919728474664,0.1507,33.63
Gm12688,0.4468,0.042323919728474664,0.1507,3.11
Wrn,0.4468,0.042323919728474664,0.1507,10.31
Dtx2,0.4468,0.042323919728474664,0.1507,7.25
Lonp1,0.4468,0.042323919728474664,0.1507,28.38
Gm48611,0.4468,0.042323919728474664,0.1507,7.88
Lzts1,0.4455,0.04299992874264294,0.1522,35.76
Tmem214,0.4455,0.04299992874264294,0.1522,26.18
Gigyf2,0.4455,0.04299992874264294,0.1522,36.55
Erlin2,0.4455,0.04299992874264294,0.1522,21.22
Gulp1,0.4455,0.04299992874264294,0.1522,5.48
Cep131,0.4455,0.04299992874264294,0.1522,5.59
Top2b,0.4455,0.04299992874264294,0.1522,67.88
Itgb5,0.4455,0.04299992874264294,0.1522,3.33
Get3,0.4455,0.04299992874264294,0.1522,46.08
Get4,0.4455,0.04299992874264294,0.1522,54.02
Clk4,0.4455,0.04299992874264294,0.1522,28.41
Srsf1,0.4455,0.04299992874264294,0.1522,91.06
Clu,0.4455,0.04299992874264294,0.1522,202.67
Enkd1,0.4455,0.04299992874264294,0.1522,2.33
Gm47258,0.4455,0.04299992874264294,0.1522,1.38
Vash1,0.4455,0.04299992874264294,0.1522,2.96
9430064I24Rik,0.4455,0.04299992874264294,0.1522,1.06
Timp4,0.4455,0.04299992874264294,0.1522,2.03
Pikfyve,0.4455,0.04299992874264294,0.1522,35.2
Ccz1,0.4455,0.04299992874264294,0.1522,21.78
Slc39a3,0.4455,0.04299992874264294,0.1522,49.97
Rsad1,0.4455,0.04299992874264294,0.1522,6.99
Gm28112,0.4443,0.043606830351653046,0.1536,0.58
Elovl4,0.4442,0.04368428298320847,0.1536,52.52
Zcchc9-ps,0.4442,0.04368428298320847,0.1536,0.46
Nalcn,0.4442,0.04368428298320847,0.1536,66.32
Afap1l1,0.4442,0.04368428298320847,0.1536,2.72
Stard8,0.4442,0.04368428298320847,0.1536,3.0
Zfp408,0.4442,0.04368428298320847,0.1536,3.98
2700049A03Rik,0.4442,0.04368428298320847,0.1536,4.5
Zfp799,0.4442,0.04368428298320847,0.1536,10.24
Luc7l,0.4442,0.04368428298320847,0.1536,68.88
Tomm40l,0.4442,0.04368428298320847,0.1536,41.64
Gm37861,0.4442,0.04368428298320847,0.1536,0.91
Pip5k1c,0.4442,0.04368428298320847,0.1536,97.82
Gm3695,0.4442,0.04368428298320847,0.1536,0.88
Prmt7,0.4442,0.04368428298320847,0.1536,17.73
Spout1,0.4442,0.04368428298320847,0.1536,21.14
Neurl1a,0.4442,0.04368428298320847,0.1536,43.15
Adck2,0.4442,0.04368428298320847,0.1536,7.8
Ublcp1,0.4442,0.04368428298320847,0.1536,62.34
Gjc3,0.4442,0.04368428298320847,0.1536,7.73
Plekha8,0.4442,0.04368428298320847,0.1536,7.69
4930466K18Rik,0.4442,0.04368428298320847,0.1536,2.67
Dazap1,0.4442,0.04368428298320847,0.1536,52.54
Tmem74b,0.4429,0.04437704849154563,0.1552,6.88
Zbtb16,0.4429,0.04437704849154563,0.1552,1.29
Eno3,0.4429,0.04437704849154563,0.1552,12.95
Foxd2os,0.4429,0.04437704849154563,0.1552,1.24
Bmper,0.4429,0.04437704849154563,0.1552,7.94
Rapgefl1,0.4429,0.04437704849154563,0.1552,1.85
Lrrc27,0.4429,0.04437704849154563,0.1552,8.03
Dynlt1a,0.4429,0.04437704849154563,0.1552,6.97
Hnrnpm,0.4429,0.04437704849154563,0.1552,70.59
Nrg1,0.4429,0.04437704849154563,0.1552,136.18
Fhad1,0.4429,0.04437704849154563,0.1552,1.06
Gm46637,0.4429,0.04437704849154563,0.1552,1.18
Ambra1,0.4429,0.04437704849154563,0.1552,20.68
Eif2a,0.4429,0.04437704849154563,0.1552,32.42
Fam149b,0.4429,0.04437704849154563,0.1552,27.34
Sec11a,0.4429,0.04437704849154563,0.1552,38.77
Dnajc16,0.4429,0.04437704849154563,0.1552,15.36
F8,0.4429,0.04437704849154563,0.1552,2.26
Gm28557,0.4429,0.04437704849154563,0.1552,1.21
Cngb1,0.4424,0.04464909692921434,0.156,0.78
Gm37965,0.4424,0.04464909692921434,0.156,1.96
Hmgb4,0.4417,0.04500352860620195,0.1564,0.57
Wscd2,0.4417,0.04500352860620195,0.1564,2.57
Gm32282,0.4417,0.045000425235592334,0.1564,2.65
Tedc1,0.4416,0.0450782913606689,0.1564,2.97
Smg9,0.4416,0.0450782913606689,0.1564,18.05
Zfp777,0.4416,0.0450782913606689,0.1564,10.44
Retreg3,0.4416,0.0450782913606689,0.1564,21.42
Dcun1d5,0.4416,0.0450782913606689,0.1564,83.72
Clk3,0.4416,0.0450782913606689,0.1564,38.93
Cxcl11,0.4416,0.0450782913606689,0.1564,0.64
Got2,0.4416,0.0450782913606689,0.1564,237.67
Spen,0.4416,0.0450782913606689,0.1564,24.19
Tubgcp3,0.4416,0.0450782913606689,0.1564,26.16
A830018L16Rik,0.4416,0.0450782913606689,0.1564,49.36
Tmem223,0.4416,0.0450782913606689,0.1564,77.15
Gm37906,0.4416,0.0450782913606689,0.1564,1.82
Tbc1d31,0.4416,0.0450782913606689,0.1564,5.15
Gm10827,0.4416,0.0450782913606689,0.1564,4.6
Gm10657,0.4416,0.0450782913606689,0.1564,0.98
Pcnx3,0.4416,0.0450782913606689,0.1564,28.18
Aamp,0.4416,0.0450782913606689,0.1564,76.65
Peli2,0.4416,0.0450782913606689,0.1564,8.82
Dtx1,0.4406,0.045627743021826254,0.1577,1.98
Cep83os,0.4403,0.045788077729372115,0.1577,25.03
Kndc1,0.4403,0.045788077729372115,0.1577,22.95
Mir124a-1hg,0.4403,0.045788077729372115,0.1577,38.35
Dpp10,0.4403,0.045788077729372115,0.1577,30.82
Cd99l2,0.4403,0.045788077729372115,0.1577,115.64
Sacs,0.4403,0.045788077729372115,0.1577,84.96
Tmc3,0.4403,0.045788077729372115,0.1577,58.28
Sesn1,0.4403,0.045788077729372115,0.1577,15.35
Dock1,0.4403,0.045788077729372115,0.1577,3.34
Gm13868,0.4403,0.045788077729372115,0.1577,2.38
Cybrd1,0.4403,0.045788077729372115,0.1577,2.2
Spsb3,0.4403,0.045788077729372115,0.1577,34.91
Reep3,0.4403,0.045788077729372115,0.1577,30.33
Plpbp,0.4403,0.045788077729372115,0.1577,28.84
2810414N06Rik,0.4403,0.045788077729372115,0.1577,1.77
Zfp667,0.4403,0.045788077729372115,0.1577,12.56
Tspan4,0.4403,0.045788077729372115,0.1577,14.46
Epb41l4b,0.4403,0.045788077729372115,0.1577,33.85
Arhgef10l,0.4403,0.045788077729372115,0.1577,53.08
Fbrsl1,0.4403,0.045788077729372115,0.1577,33.31
Irf8,0.4403,0.045788077729372115,0.1577,0.85
Ipo9,0.4403,0.045788077729372115,0.1577,33.92
Shank2,0.4403,0.045788077729372115,0.1577,4.83
Plpp4,0.4398,0.04606725587755172,0.1586,11.76
Gm13589,0.4397,0.04611029291458136,0.1587,0.45
Gm38235,0.4395,0.04618944539495646,0.1589,0.81
Sost,0.4391,0.04643459601516059,0.159,6.01
Pxylp1,0.439,0.046506473776325614,0.159,4.98
Tgfbr3l,0.439,0.046506473776325614,0.159,0.9
Abcd4,0.439,0.046506473776325614,0.159,8.45
Afg3l2,0.439,0.046506473776325614,0.159,47.07
Fkbp2,0.439,0.046506473776325614,0.159,306.0
Clcn7,0.439,0.046506473776325614,0.159,27.44
Phf8,0.439,0.046506473776325614,0.159,25.94
Helq,0.439,0.046506473776325614,0.159,2.38
Adcy2,0.439,0.046506473776325614,0.159,61.72
2410039M03Rik,0.439,0.046506473776325614,0.159,0.92
Med27,0.439,0.046506473776325614,0.159,16.51
Fam131a,0.439,0.046506473776325614,0.159,33.64
Primpol,0.439,0.046506473776325614,0.159,4.68
Csrnp2,0.439,0.046506473776325614,0.159,11.88
P2rx3,0.439,0.046506473776325614,0.159,54.39
Kti12,0.439,0.046506473776325614,0.159,8.65
Gm45072,0.439,0.046506473776325614,0.159,1.92
Disp1,0.439,0.046506473776325614,0.159,1.64
Gapvd1,0.439,0.046506473776325614,0.159,59.33
Lratd1,0.4385,0.04678926389036425,0.1599,12.56
Gm54420,0.4385,0.04678926389036425,0.1599,0.8
Gm29539,0.4382,0.04691364013974784,0.16,0.55
Htr1a,0.4379,0.047089809356670655,0.16,1.81
Agt,0.4378,0.04715352902774315,0.16,0.94
Plekhb1,0.4377,0.047233545714129424,0.16,22.93
Slc4a2,0.4377,0.047233545714129424,0.16,34.38
Zmym1,0.4377,0.047233545714129424,0.16,10.26
Ppig,0.4377,0.047233545714129424,0.16,105.16
Slc5a6,0.4377,0.047233545714129424,0.16,16.26
Traf3ip2,0.4377,0.047233545714129424,0.16,4.92
B4galnt1,0.4377,0.047233545714129424,0.16,16.98
Tmem104,0.4377,0.047233545714129424,0.16,39.14
Mdh1,0.4377,0.047233545714129424,0.16,262.29
Zfp319,0.4377,0.047233545714129424,0.16,13.88
Pja2,0.4377,0.047233545714129424,0.16,543.98
Lcat,0.4377,0.047233545714129424,0.16,0.75
Gm45606,0.4377,0.047233545714129424,0.16,5.4
Arhgap27os2,0.4377,0.047233545714129424,0.16,2.7
Srp54a,0.4377,0.047233545714129424,0.16,27.57
Fbxo3,0.4377,0.047233545714129424,0.16,99.19
Sox13,0.4377,0.047233545714129424,0.16,4.92
Cerk,0.4377,0.047233545714129424,0.16,58.13
Washc5,0.4377,0.047233545714129424,0.16,20.31
Epc1,0.4377,0.047233545714129424,0.16,25.96
Pcnx4,0.4377,0.047233545714129424,0.16,27.73
Nup88,0.4377,0.047233545714129424,0.16,19.98
Rap1gap,0.4377,0.047233545714129424,0.16,102.45
Gm45501,0.4377,0.047233545714129424,0.16,3.47
Cobl,0.4377,0.047233545714129424,0.16,26.23
Abhd12,0.4377,0.047233545714129424,0.16,131.94
Cst3,0.4377,0.047233545714129424,0.16,815.63
Ighm,0.4377,0.047233545714129424,0.16,3.6
Vmn1r90,0.4377,0.047233545714129424,0.16,0.99
2510009E07Rik,0.4377,0.047233545714129424,0.16,83.7
Reno1,0.4372,0.0475199793034243,0.1609,1.53
Ano1,0.4365,0.047888623007461335,0.1615,3.11
Myh14,0.4364,0.04796935978332507,0.1615,58.49
Neurod1,0.4364,0.04796935978332507,0.1615,12.55
Prmt1,0.4364,0.04796935978332507,0.1615,48.98
Nop53,0.4364,0.04796935978332507,0.1615,83.84
Kdm5b,0.4364,0.04796935978332507,0.1615,28.37
Fam204a,0.4364,0.04796935978332507,0.1615,55.59
Hook1,0.4364,0.04796935978332507,0.1615,17.19
Nol4,0.4364,0.04796935978332507,0.1615,6.19
Ampd3,0.4364,0.04796935978332507,0.1615,34.95
Gm48226,0.4364,0.04796935978332507,0.1615,13.43
Armc9,0.4364,0.04796935978332507,0.1615,7.97
Gm45838,0.4364,0.04796935978332507,0.1615,2.66
Gpr146,0.4364,0.04796935978332507,0.1615,15.58
Ahcyl2,0.4364,0.04796935978332507,0.1615,73.42
Taf1d,0.4364,0.04796935978332507,0.1615,25.76
Tmem198b,0.4364,0.04796935978332507,0.1615,5.21
Saraf,0.4364,0.04796935978332507,0.1615,191.57
Hunk,0.4364,0.04796935978332507,0.1615,9.98
Ift74,0.4364,0.04796935978332507,0.1615,11.78
Ppm1b,0.4364,0.04796935978332507,0.1615,122.28
Pnma8a,0.4351,0.04871398224636616,0.1632,30.49
Zzz3,0.4351,0.04871398224636616,0.1632,38.08
Cpne5,0.4351,0.04871398224636616,0.1632,8.05
Gm36944,0.4351,0.04871398224636616,0.1632,2.83
5430405H02Rik,0.4351,0.04871398224636616,0.1632,9.49
Crtc1,0.4351,0.04871398224636616,0.1632,38.17
Nudt22,0.4351,0.04871398224636616,0.1632,5.04
Fam120b,0.4351,0.04871398224636616,0.1632,41.2
Trmt13,0.4351,0.04871398224636616,0.1632,7.77
Pspc1,0.4351,0.04871398224636616,0.1632,23.0
Rbm4,0.4351,0.04871398224636616,0.1632,3.32
Frmd6,0.4351,0.04871398224636616,0.1632,10.54
Usf2,0.4351,0.04871398224636616,0.1632,104.25
Ndufaf5,0.4351,0.04871398224636616,0.1632,28.24
Ogfod3,0.4351,0.04871398224636616,0.1632,16.29
Hspa13,0.4351,0.04871398224636616,0.1632,30.56
Ganab,0.4351,0.04871398224636616,0.1632,79.97
Oxtr,0.4346,0.049007797607456126,0.1641,6.6
Snx32,0.4338,0.049467479381547524,0.1648,58.73
Plxnb3,0.4338,0.049467479381547524,0.1648,1.97
Zfp952,0.4338,0.049467479381547524,0.1648,8.0
Gm21981,0.4338,0.049467479381547524,0.1648,0.8
Ift88,0.4338,0.049467479381547524,0.1648,14.08
Yeats2,0.4338,0.049467479381547524,0.1648,14.56
Igsf11,0.4338,0.049467479381547524,0.1648,4.78
Tmt1a3,0.4338,0.049467479381547524,0.1648,1.93
Cdc7,0.4338,0.049467479381547524,0.1648,4.93
Slc41a1,0.4338,0.049467479381547524,0.1648,13.17
Gm37274,0.4338,0.049467479381547524,0.1648,3.08
Sys1,0.4338,0.049467479381547524,0.1648,40.38
Purg,0.4338,0.049467479381547524,0.1648,23.24
Ascc2,0.4338,0.049467479381547524,0.1648,12.23
Gng5,0.4338,0.049467479381547524,0.1648,195.26
Zfp704,0.4338,0.049467479381547524,0.1648,16.54
Mtrr,0.4338,0.049467479381547524,0.1648,7.81
Zfp983,0.4325,0.05022991747689417,0.1664,17.5
Lman1,0.4325,0.05022991747689417,0.1664,37.07
Col3a1,0.4325,0.05022991747689417,0.1664,5.51
Smc3,0.4325,0.05022991747689417,0.1664,36.44
Cacna2d3,0.4325,0.05022991747689417,0.1664,24.18
Gtdc1,0.4325,0.05022991747689417,0.1664,11.5
Anks1,0.4325,0.05022991747689417,0.1664,28.96
4930481B07Rik,0.4325,0.05022991747689417,0.1664,1.15
Gm44022,0.4325,0.05022991747689417,0.1664,1.2
Atad5,0.4325,0.05022991747689417,0.1664,2.79
Ccdc115,0.4325,0.05022991747689417,0.1664,27.91
Pcnx2,0.4325,0.05022991747689417,0.1664,31.8
Slc6a17,0.4325,0.05022991747689417,0.1664,159.02
Ufsp1,0.4325,0.05022991747689417,0.1664,80.47
Gpsm2,0.4325,0.05022991747689417,0.1664,6.64
Utp14a,0.4325,0.05022991747689417,0.1664,7.27
Rgs11,0.4325,0.05022991747689417,0.1664,48.14
Gm15666,0.4325,0.05022991747689417,0.1664,4.0
Crbn,0.4325,0.05022991747689417,0.1664,47.62
Il17rc,0.4325,0.05022991747689417,0.1664,4.85
Kcna5,0.4322,0.050380720637596334,0.1669,0.71
Fat4,0.432,0.05053124150307156,0.1673,1.36
Gm37478,0.432,0.05053124150307156,0.1673,1.51
Ilkap,0.4312,0.051001362824011534,0.1681,53.4
Fbxl14,0.4312,0.051001362824011534,0.1681,13.14
5930409G06Rik,0.4312,0.051001362824011534,0.1681,3.68
Map1s,0.4312,0.051001362824011534,0.1681,32.61
Bscl2,0.4312,0.051001362824011534,0.1681,90.4
Dclre1a,0.4312,0.051001362824011534,0.1681,3.69
Gm37334,0.4312,0.051001362824011534,0.1681,2.02
Tgif2,0.4312,0.051001362824011534,0.1681,2.2
Eif2s3y,0.4312,0.051001362824011534,0.1681,14.64
Slc35a3,0.4312,0.051001362824011534,0.1681,31.96
Ptpn3,0.4312,0.051001362824011534,0.1681,45.1
Hsd17b10,0.4312,0.051001362824011534,0.1681,51.47
Gle1,0.4312,0.051001362824011534,0.1681,36.93
Tcf7l1,0.4312,0.051001362824011534,0.1681,3.99
Dvl1,0.4312,0.051001362824011534,0.1681,45.83
Kcnip3,0.4312,0.051001362824011534,0.1681,21.78
Syt11,0.4312,0.051001362824011534,0.1681,1127.52
2610307P16Rik,0.4307,0.05130648893308814,0.1691,1.24
H2-Q6,0.4304,0.05144458826281607,0.1693,1.35
Kcnj8,0.4301,0.05165313914295553,0.1693,0.32
Tmem169,0.4299,0.05178188171189559,0.1693,12.47
Ide,0.4299,0.05178188171189559,0.1693,49.56
Zfp410,0.4299,0.05178188171189559,0.1693,24.15
Ift172,0.4299,0.05178188171189559,0.1693,12.77
Mfap1a,0.4299,0.05178188171189559,0.1693,26.01
Trpc3,0.4299,0.05178188171189559,0.1693,4.17
Pask,0.4299,0.05178188171189559,0.1693,2.75
Gm44144,0.4299,0.05178188171189559,0.1693,1.15
Asphd2,0.4299,0.05178188171189559,0.1693,68.48
Gm45179,0.4299,0.05178188171189559,0.1693,1.5
Vps45,0.4299,0.05178188171189559,0.1693,14.68
Gm47573,0.4299,0.05178188171189559,0.1693,0.59
Otud7b,0.4299,0.05178188171189559,0.1693,34.75
Dnajb14,0.4299,0.05178188171189559,0.1693,160.45
Gm47322,0.4299,0.05178188171189559,0.1693,1.42
Rbm14,0.4299,0.05178188171189559,0.1693,15.01
Tysnd1,0.4299,0.05178188171189559,0.1693,10.5
Gm48585,0.4299,0.05178188171189559,0.1693,1.29
Maneal,0.4299,0.05178188171189559,0.1693,31.79
Map4k2,0.4299,0.05178188171189559,0.1693,33.37
Ndufa12-ps,0.4299,0.05178188171189559,0.1693,9.21
Gm15772,0.4299,0.05178188171189559,0.1693,1.66
Gm37519,0.4299,0.05178188171189559,0.1693,1.1
Gm16133,0.4299,0.05178188171189559,0.1693,6.39
Gm37254,0.4299,0.05178188171189559,0.1693,7.52
Tmem63b,0.4299,0.05178188171189559,0.1693,143.35
Col4a5,0.4293,0.05211633161488513,0.1703,0.79
Gm15690,0.4286,0.05257154042070508,0.1708,1.91
5730414N17Rik,0.4286,0.05257154042070508,0.1708,2.56
C87436,0.4286,0.05257154042070508,0.1708,17.5
Sec24a,0.4286,0.05257154042070508,0.1708,16.87
Uqcrc2,0.4286,0.05257154042070508,0.1708,62.61
Gmcl1,0.4286,0.05257154042070508,0.1708,67.1
Lrrc8a,0.4286,0.05257154042070508,0.1708,126.98
Rorc,0.4286,0.05257154042070508,0.1708,4.06
Gm37570,0.4286,0.05257154042070508,0.1708,1.48
Snx29,0.4286,0.05257154042070508,0.1708,12.64
Gm17484,0.4286,0.05257154042070508,0.1708,8.15
Tmem170,0.4286,0.05257154042070508,0.1708,9.21
Cav1,0.4286,0.05257154042070508,0.1708,6.58
Spata7,0.4286,0.05257154042070508,0.1708,31.42
Icmt,0.4286,0.05257154042070508,0.1708,65.15
Gm21846,0.4281,0.05288436650574293,0.1718,0.91
Traf1,0.4274,0.05328458899867934,0.1727,1.01
Ubxn7,0.4273,0.053370405215496956,0.1727,28.41
Chchd3,0.4273,0.053370405215496956,0.1727,47.09
Nexn,0.4273,0.053370405215496956,0.1727,8.31
Clns1a,0.4273,0.053370405215496956,0.1727,44.53
Gm45178,0.4273,0.053370405215496956,0.1727,1.76
Gm43872,0.4273,0.053370405215496956,0.1727,3.45
Tia1,0.4273,0.053370405215496956,0.1727,52.14
Mef2a,0.4273,0.053370405215496956,0.1727,109.27
Rbm33,0.4273,0.053370405215496956,0.1727,27.7
H2bc21,0.4273,0.053370405215496956,0.1727,3.5
Sox12,0.4273,0.053370405215496956,0.1727,19.91
Sbk3,0.4268,0.05368712930995831,0.1736,0.67
Inpp1,0.426,0.054178542339923676,0.1744,31.15
Gm13199,0.426,0.054178542339923676,0.1744,1.05
Ubxn8,0.426,0.054178542339923676,0.1744,16.1
Cdhr3,0.426,0.05414607555602715,0.1744,0.5
Pappa,0.426,0.054178542339923676,0.1744,2.42
Smpd2,0.426,0.054178542339923676,0.1744,3.22
Zbed6,0.426,0.054178542339923676,0.1744,4.53
Magee1,0.426,0.054178542339923676,0.1744,206.05
Gm10524,0.426,0.054178542339923676,0.1744,4.94
Galnt17,0.426,0.054178542339923676,0.1744,66.02
Pcdhb3,0.426,0.054178542339923676,0.1744,3.8
Afg1l,0.426,0.054178542339923676,0.1744,7.54
Nelfe,0.426,0.054178542339923676,0.1744,27.6
Rnf115,0.426,0.054178542339923676,0.1744,86.93
Zfp235,0.426,0.054178542339923676,0.1744,7.53
Timm21,0.426,0.054178542339923676,0.1744,8.86
Hoxa2,0.4255,0.054499196531498144,0.1753,1.75
Shroom1,0.4255,0.054499196531498144,0.1753,1.61
Gphn,0.4247,0.054996018009894246,0.1756,21.63
Gne,0.4247,0.054996018009894246,0.1756,17.63
Ahsa1,0.4247,0.054996018009894246,0.1756,56.13
Creg2,0.4247,0.054996018009894246,0.1756,25.28
Ap1b1,0.4247,0.054996018009894246,0.1756,93.86
Fbxl4,0.4247,0.054996018009894246,0.1756,17.68
Zfp825,0.4247,0.054996018009894246,0.1756,6.23
Gm37531,0.4247,0.054996018009894246,0.1756,2.79
Kank4,0.4247,0.054996018009894246,0.1756,12.56
Zfas1,0.4247,0.054996018009894246,0.1756,88.9
Dap3,0.4247,0.054996018009894246,0.1756,48.68
Plcg1,0.4247,0.054996018009894246,0.1756,19.51
Mfsd11,0.4247,0.054996018009894246,0.1756,35.11
Kcnc3,0.4247,0.054996018009894246,0.1756,29.27
Sirt6,0.4247,0.054996018009894246,0.1756,8.14
S100a16,0.4247,0.054996018009894246,0.1756,23.58
Zfp768,0.4247,0.054996018009894246,0.1756,5.19
Kcnd3,0.4247,0.054996018009894246,0.1756,13.18
Cfap61,0.4247,0.054996018009894246,0.1756,1.53
Cxcl10,0.4247,0.054996018009894246,0.1756,19.89
Hcn2,0.4247,0.054996018009894246,0.1756,49.06
Snrpb,0.4247,0.054996018009894246,0.1756,56.1
Osbpl9,0.4247,0.054996018009894246,0.1756,63.59
Fuz,0.4247,0.054996018009894246,0.1756,10.22
Adipor2,0.4247,0.054996018009894246,0.1756,48.35
Agpat4,0.4247,0.054996018009894246,0.1756,76.57
Acer2,0.4235,0.055734888097212935,0.1772,0.82
Zfp1008,0.4234,0.05582289840720049,0.1772,3.56
Tpm1,0.4234,0.05582289840720049,0.1772,168.17
Selenoi,0.4234,0.05582289840720049,0.1772,62.43
Ube3d,0.4234,0.05582289840720049,0.1772,0.94
Stt3a,0.4234,0.05582289840720049,0.1772,81.61
Sugp1,0.4234,0.05582289840720049,0.1772,15.97
B830012L14Rik,0.4234,0.05582289840720049,0.1772,47.59
Hebp2,0.4234,0.05582289840720049,0.1772,77.23
Arhgef15,0.4234,0.05582289840720049,0.1772,12.71
Rpl13a-ps1,0.4234,0.05582289840720049,0.1772,1.2
Erbin,0.4234,0.05582289840720049,0.1772,33.83
Slc22a13b,0.4234,0.05582289840720049,0.1772,1.92
Cyrib,0.4234,0.05582289840720049,0.1772,57.64
Exoc4,0.4234,0.05582289840720049,0.1772,64.91
Nelfb,0.4234,0.05582289840720049,0.1772,42.29
Zmym4,0.4234,0.05582289840720049,0.1772,38.51
Scml4,0.4234,0.05582289840720049,0.1772,3.83
Tssc4,0.4234,0.05582289840720049,0.1772,27.64
Dhx36,0.4234,0.05582289840720049,0.1772,106.75
Ehd1,0.4234,0.05582289840720049,0.1772,27.91
Slc35e3,0.4221,0.056659249673108106,0.1785,35.2
Retreg2,0.4221,0.056659249673108106,0.1785,116.82
Alkbh6,0.4221,0.056659249673108106,0.1785,47.51
Gpatch1,0.4221,0.056659249673108106,0.1785,10.67
Slc25a28,0.4221,0.056659249673108106,0.1785,25.8
9230112E08Rik,0.4221,0.056659249673108106,0.1785,7.43
Matk,0.4221,0.056659249673108106,0.1785,18.07
Thg1l,0.4221,0.056659249673108106,0.1785,3.91
Fam53a,0.4221,0.056659249673108106,0.1785,12.94
Rnf138rt1,0.4221,0.056659249673108106,0.1785,1.53
Rnpc3,0.4221,0.056659249673108106,0.1785,11.8
Gm49204,0.4221,0.056659249673108106,0.1785,3.05
Cdh5,0.4221,0.056659249673108106,0.1785,1.29
Arid2,0.4221,0.056659249673108106,0.1785,27.44
Kmt2a,0.4221,0.056659249673108106,0.1785,91.97
Wdr59,0.4221,0.056659249673108106,0.1785,19.56
Gtf2e2,0.4221,0.056659249673108106,0.1785,17.41
Wdr73,0.4221,0.056659249673108106,0.1785,12.39
Gm47370,0.4221,0.056659249673108106,0.1785,2.05
Atg9b,0.4221,0.056659249673108106,0.1785,5.45
Gm45051,0.4221,0.056659249673108106,0.1785,2.26
Tead2,0.4221,0.056659249673108106,0.1785,1.86
Tcp1,0.4221,0.056659249673108106,0.1785,122.95
Gla,0.4221,0.056659249673108106,0.1785,4.88
Tedc2,0.4221,0.056659249673108106,0.1785,5.8
Mettl16,0.4221,0.056659249673108106,0.1785,21.77
Dcxr,0.4221,0.056659249673108106,0.1785,4.8
Dsg3,0.421,0.05738307217555724,0.1802,1.64
Secisbp2,0.4208,0.0575051379019127,0.1802,9.95
Xrcc2,0.4208,0.0575051379019127,0.1802,4.17
Clasp1,0.4208,0.0575051379019127,0.1802,122.42
Grhl1,0.4208,0.0575051379019127,0.1802,2.76
Gm43254,0.4208,0.0575051379019127,0.1802,1.36
Kctd12,0.4208,0.0575051379019127,0.1802,16.97
Smarca5,0.4208,0.0575051379019127,0.1802,67.38
Mcm7,0.4208,0.0575051379019127,0.1802,5.1
Gm44798,0.4208,0.0575051379019127,0.1802,2.46
Ano8,0.4208,0.0575051379019127,0.1802,30.58
A330023F24Rik,0.4208,0.0575051379019127,0.1802,19.11
Neat1,0.4208,0.0575051379019127,0.1802,23.25
Polrmt,0.4208,0.0575051379019127,0.1802,6.52
Galntl6,0.4196,0.058270400428841115,0.1818,0.51
Nup35,0.4195,0.05836062913446332,0.1818,6.71
Dtna,0.4195,0.05836062913446332,0.1818,92.0
Gm42943,0.4195,0.05836062913446332,0.1818,5.59
Fam53b,0.4195,0.05836062913446332,0.1818,16.63
Rtl8a,0.4195,0.05836062913446332,0.1818,244.45
Gm9013,0.4195,0.05836062913446332,0.1818,0.72
Ift56,0.4195,0.05836062913446332,0.1818,2.62
Cntrl,0.4195,0.05836062913446332,0.1818,4.81
Gm44435,0.4195,0.05836062913446332,0.1818,17.36
Cabin1,0.4195,0.05836062913446332,0.1818,34.45
6330403L08Rik,0.4195,0.05836062913446332,0.1818,10.75
Gusb,0.4195,0.05836062913446332,0.1818,21.14
C2cd3,0.4195,0.05836062913446332,0.1818,9.18
Gm20696,0.4195,0.05836062913446332,0.1818,1.24
Nxt2,0.4195,0.05836062913446332,0.1818,13.09
Rcan2,0.4195,0.05836062913446332,0.1818,199.72
Uxs1,0.4195,0.05836062913446332,0.1818,39.05
Lrrtm1,0.4195,0.05836062913446332,0.1818,13.68
Dmap1,0.4182,0.05922578935165219,0.1837,8.52
Zfp141,0.4182,0.05922578935165219,0.1837,5.65
Cntn3,0.4182,0.05922578935165219,0.1837,22.86
Paqr3,0.4182,0.05922578935165219,0.1837,4.73
Cyp2j6,0.4182,0.05922578935165219,0.1837,13.32
Acot8,0.4182,0.05922578935165219,0.1837,12.09
Srsf6,0.4182,0.05922578935165219,0.1837,100.06
Edc4,0.4182,0.05922578935165219,0.1837,19.32
Cry2,0.4182,0.05922578935165219,0.1837,68.94
Gm50403,0.4182,0.05922578935165219,0.1837,29.42
4732496C06Rik,0.4182,0.05922578935165219,0.1837,0.79
Hdx,0.4182,0.05922578935165219,0.1837,4.9
Gm37470,0.4182,0.05922578935165219,0.1837,1.94
Gm37569,0.4182,0.05922578935165219,0.1837,1.27
Cog7,0.4182,0.05922578935165219,0.1837,26.72
Stk11,0.4182,0.05922578935165219,0.1837,80.45
4930517E14Rik,0.4182,0.05922578935165219,0.1837,0.69
Nup214,0.4182,0.05922578935165219,0.1837,21.99
Arhgap27os1,0.4177,0.059570700691385856,0.1847,0.73
Ifnlr1,0.4177,0.059570700691385856,0.1847,1.02
Gm48737,0.417,0.06000900122760627,0.1853,0.57
2210408I21Rik,0.4169,0.06010068446787327,0.1853,7.99
Gm21816,0.4169,0.0600619408297541,0.1853,0.66
Chd7,0.4169,0.06010068446787327,0.1853,5.81
Pld5,0.4169,0.06010068446787327,0.1853,32.39
Zfp664,0.4169,0.06010068446787327,0.1853,85.89
Gm48623,0.4169,0.06010068446787327,0.1853,6.92
Fam110b,0.4169,0.06010068446787327,0.1853,36.54
Slc7a8,0.4169,0.06010068446787327,0.1853,68.14
Zfp868,0.4169,0.06010068446787327,0.1853,6.39
Inppl1,0.4169,0.06010068446787327,0.1853,16.55
Cfap141,0.4169,0.06010068446787327,0.1853,0.82
Upf3b,0.4169,0.06010068446787327,0.1853,30.39
Cfp,0.4169,0.06010068446787327,0.1853,3.59
Aspscr1,0.4169,0.06010068446787327,0.1853,41.39
Mir99ahg,0.4169,0.06010068446787327,0.1853,28.09
Setd4,0.4169,0.06010068446787327,0.1853,5.19
Tnpo1,0.4169,0.06010068446787327,0.1853,31.14
Xbp1,0.4169,0.06010068446787327,0.1853,93.72
Fam133b,0.4169,0.06010068446787327,0.1853,43.64
Dnajc28,0.4169,0.06010068446787327,0.1853,3.61
P2ry12,0.4157,0.06089296071745654,0.1869,1.93
2900035J10Rik,0.4157,0.06089296071745654,0.1869,0.74
Coq6,0.4156,0.06098538032444869,0.1869,6.87
Asrgl1,0.4156,0.06098538032444869,0.1869,18.73
Ammecr1,0.4156,0.06098538032444869,0.1869,7.4
Cdh12,0.4156,0.06098538032444869,0.1869,5.61
Gm36952,0.4156,0.06098538032444869,0.1869,1.32
Dhx38,0.4156,0.06098538032444869,0.1869,13.4
Mlf2,0.4156,0.06098538032444869,0.1869,318.84
Rnf111,0.4156,0.06098538032444869,0.1869,33.96
2010315B03Rik,0.4156,0.06098538032444869,0.1869,12.31
Lamb3,0.4156,0.06098538032444869,0.1869,1.73
Tmx4,0.4156,0.06098538032444869,0.1869,249.49
Dis3l,0.4156,0.06098538032444869,0.1869,10.67
Btg2,0.4156,0.06098538032444869,0.1869,84.82
Gtpbp3,0.4156,0.06098538032444869,0.1869,7.65
Sdf2,0.4156,0.06098538032444869,0.1869,70.64
Usp34,0.4156,0.06098538032444869,0.1869,139.2
Gng5c,0.4156,0.06098538032444869,0.1869,3.34
Gm45847,0.4156,0.06098538032444869,0.1869,3.92
Chst9,0.4151,0.06129440387750286,0.1878,1.01
Gpr139,0.4151,0.06129440387750286,0.1878,5.5
Znf41-ps,0.4143,0.061879942683025164,0.1886,1.11
Aplp2,0.4143,0.061879942683025164,0.1886,744.7
Sfrp1,0.4143,0.061879942683025164,0.1886,41.16
Prr16,0.4143,0.061879942683025164,0.1886,4.19
Bicdl1,0.4143,0.061879942683025164,0.1886,37.44
Hspa12a,0.4143,0.061879942683025164,0.1886,108.19
Carnmt1,0.4143,0.061879942683025164,0.1886,18.77
Fam135a,0.4143,0.061879942683025164,0.1886,22.49
Sfxn4,0.4143,0.061879942683025164,0.1886,10.44
Gm45461,0.4143,0.061879942683025164,0.1886,0.82
Zbtb11,0.4143,0.061879942683025164,0.1886,39.2
Cfap20dc,0.4143,0.061879942683025164,0.1886,10.52
Zfp866,0.4143,0.061879942683025164,0.1886,7.57
Polr1c,0.4143,0.061879942683025164,0.1886,17.03
Slco4a1,0.4143,0.061879942683025164,0.1886,3.49
Gm40309,0.4143,0.061879942683025164,0.1886,7.4
Smoc2,0.4138,0.06223741939609307,0.1896,1.45
Gm4660,0.4137,0.06229848688656194,0.1897,1.42
Lemd1,0.4137,0.06229848688656194,0.1897,1.18
Gja4,0.4135,0.062408954635550885,0.19,0.48
Sppl3,0.413,0.06278443721893978,0.1901,89.43
Rbm12b2,0.413,0.06278443721893978,0.1901,7.67
Uty,0.413,0.06278443721893978,0.1901,15.63
Gba1,0.413,0.06278443721893978,0.1901,11.21
Arid5b,0.413,0.06278443721893978,0.1901,52.63
Man2c1,0.413,0.06278443721893978,0.1901,26.72
Ippk,0.413,0.06278443721893978,0.1901,10.4
Rnaset2a,0.413,0.06278443721893978,0.1901,2.93
Usp51,0.413,0.06278443721893978,0.1901,0.76
Mrrf,0.413,0.06278443721893978,0.1901,28.7
Bub1b,0.413,0.06278443721893978,0.1901,3.6
Rps6kb1,0.413,0.06278443721893978,0.1901,47.32
Pofut2,0.413,0.06278443721893978,0.1901,32.17
Slc25a20,0.413,0.06278443721893978,0.1901,12.09
Tfcp2,0.413,0.06278443721893978,0.1901,14.62
Zfp217,0.413,0.06278443721893978,0.1901,2.55
B230217O12Rik,0.413,0.06278443721893978,0.1901,21.49
Nkd2,0.413,0.06278443721893978,0.1901,1.73
Hs3st6,0.413,0.06278443721893978,0.1901,7.57
Atp9a,0.413,0.06278443721893978,0.1901,415.07
Gm36001,0.4122,0.06332049307893757,0.1917,1.0
Notch4,0.4117,0.06369892951455675,0.1917,1.03
A530017D24Rik,0.4117,0.06369892951455675,0.1917,6.3
Pcdhb8,0.4117,0.06369892951455675,0.1917,1.53
Sbf1,0.4117,0.06369892951455675,0.1917,67.59
Myo10,0.4117,0.06369892951455675,0.1917,20.39
Loxl3,0.4117,0.06369892951455675,0.1917,0.57
Penk,0.4117,0.06367043142688708,0.1917,3.9
Trmt11,0.4117,0.06369892951455675,0.1917,7.7
E530011L22Rik,0.4117,0.06369892951455675,0.1917,3.05
Zbtb5,0.4117,0.06369892951455675,0.1917,4.75
Dixdc1,0.4117,0.06369892951455675,0.1917,26.9
Usp54,0.4117,0.06369892951455675,0.1917,5.3
Zfp629,0.4117,0.06369892951455675,0.1917,7.05
Dzip3,0.4117,0.06369892951455675,0.1917,74.11
Ip6k1,0.4117,0.06369892951455675,0.1917,128.23
Paip1,0.4117,0.06369892951455675,0.1917,55.81
Gm43167,0.4117,0.06369892951455675,0.1917,1.75
Zdhhc20,0.4117,0.06369892951455675,0.1917,46.07
Mtif3,0.4117,0.06369892951455675,0.1917,11.03
Depp1,0.4117,0.06369892951455675,0.1917,2.22
Gm45131,0.4117,0.06369892951455675,0.1917,2.43
Ppp1cb,0.4117,0.06369892951455675,0.1917,190.1
Abca7,0.4117,0.06369892951455675,0.1917,105.31
Ppp1r3b,0.4105,0.06452811646186436,0.1936,0.98
Zfp955b,0.4104,0.06462348505257622,0.1936,11.08
Stim1,0.4104,0.06462348505257622,0.1936,47.42
E430014B02Rik,0.4104,0.06459770606328141,0.1936,0.57
Pcdh20,0.4104,0.06462348505257622,0.1936,8.49
Ankrd13d,0.4104,0.06462348505257622,0.1936,28.37
Zfp58,0.4104,0.06462348505257622,0.1936,4.85
Katnbl1,0.4104,0.06462348505257622,0.1936,20.7
Dzip1l,0.4104,0.06462348505257622,0.1936,2.77
Unc119,0.4104,0.06462348505257622,0.1936,39.96
Gtf2ird1,0.4104,0.06462348505257622,0.1936,25.83
Clec11a,0.4104,0.06462348505257622,0.1936,1.44
Tef,0.4104,0.06462348505257622,0.1936,56.72
Gm37052,0.4104,0.06462348505257622,0.1936,2.57
Smim18,0.4104,0.06462348505257622,0.1936,3.81
Klhdc9,0.4104,0.06462348505257622,0.1936,1.72
Omp,0.4104,0.06462348505257622,0.1936,7.89
Gabrb2,0.4098,0.06506516163272358,0.1948,5.12
Prox2,0.4091,0.06555816920931516,0.1955,9.02
Gm37333,0.4091,0.06555816920931516,0.1955,8.24
Gm7265,0.4091,0.06555816920931516,0.1955,2.45
Oser1,0.4091,0.06555816920931516,0.1955,15.32
Ftsj1,0.4091,0.06555816920931516,0.1955,9.64
Rasgef1b,0.4091,0.06555816920931516,0.1955,7.97
Fmn1,0.4091,0.06555816920931516,0.1955,48.14
Lztfl1,0.4091,0.06555816920931516,0.1955,45.3
Gm37706,0.4091,0.06555816920931516,0.1955,4.26
Gmpr,0.4091,0.06555816920931516,0.1955,39.26
Gid4,0.4091,0.06555816920931516,0.1955,21.85
Ctdsp2,0.4091,0.06555816920931516,0.1955,25.67
Fbxl16,0.4091,0.06555816920931516,0.1955,76.23
Map6,0.4091,0.06555816920931516,0.1955,135.43
M6pr,0.4091,0.06555816920931516,0.1955,63.22
Pcsk6,0.4091,0.06553517369488364,0.1955,0.67
Gm32842,0.4079,0.06640620309531325,0.1973,1.04
Mdm1,0.4078,0.06650304724796141,0.1973,2.21
Ccdc22,0.4078,0.06650304724796141,0.1973,8.22
Gm1043,0.4078,0.06650304724796141,0.1973,6.07
Fbp1,0.4078,0.06650304724796141,0.1973,3.8
Mtap,0.4078,0.06650304724796141,0.1973,15.12
Vwa7,0.4078,0.06650304724796141,0.1973,23.33
Rpl36al,0.4078,0.06650304724796141,0.1973,118.3
Gm10432,0.4078,0.06650304724796141,0.1973,3.23
Nipal2,0.4078,0.06650304724796141,0.1973,20.54
Cux1,0.4078,0.06650304724796141,0.1973,35.37
Dot1l,0.4078,0.06650304724796141,0.1973,18.43
Zc3h7b,0.4078,0.06650304724796141,0.1973,43.49
Gm42942,0.4078,0.06650304724796141,0.1973,4.72
Srsf10,0.4078,0.06650304724796141,0.1973,74.38
Natd1,0.4078,0.06650304724796141,0.1973,3.95
Hgf,0.4078,0.06648290022882436,0.1973,5.7
Tmem67,0.4078,0.06650304724796141,0.1973,6.26
Baiap2l1,0.4073,0.06688211628255272,0.1984,4.25
Ptx3,0.4073,0.06688211628255272,0.1984,1.07
Gm31698,0.407,0.06706792685609704,0.1989,1.21
Habp4,0.4065,0.06745818431180049,0.1991,100.15
Myo15a,0.4065,0.06745818431180049,0.1991,1.44
Etnk2,0.4065,0.06745818431180049,0.1991,2.09
Frem2,0.4065,0.06745818431180049,0.1991,1.43
B3galt6,0.4065,0.06745818431180049,0.1991,11.77
Agfg2,0.4065,0.06745818431180049,0.1991,33.45
Tnni1,0.4065,0.06745818431180049,0.1991,5.7
Qpctl,0.4065,0.06745818431180049,0.1991,9.09
Anapc1,0.4065,0.06745818431180049,0.1991,42.28
4930447C04Rik,0.4065,0.06745818431180049,0.1991,18.23
Slc12a9,0.4065,0.06745818431180049,0.1991,13.24
Kdelr2,0.4065,0.06745818431180049,0.1991,41.79
Lypd6,0.4065,0.06745818431180049,0.1991,4.18
Tor1b,0.4065,0.06745818431180049,0.1991,26.58
Flcn,0.4065,0.06745818431180049,0.1991,15.27
Ankrd55,0.4065,0.06745818431180049,0.1991,10.21
Tgfbr2,0.4065,0.06745818431180049,0.1991,3.96
Dsel,0.4065,0.06745818431180049,0.1991,22.26
Akr7a5,0.4065,0.06745818431180049,0.1991,25.93
Styxl2,0.4057,0.06801785294492468,0.2007,1.23
Rpn2,0.4052,0.0684236454174195,0.2007,75.8
Clpp,0.4052,0.0684236454174195,0.2007,88.3
Gm43774,0.4052,0.0684236454174195,0.2007,1.26
Krr1,0.4052,0.0684236454174195,0.2007,11.9
Ercc4,0.4052,0.0684236454174195,0.2007,10.53
Tmem39a,0.4052,0.0684236454174195,0.2007,5.94
Rn18s-rs5,0.4052,0.0684236454174195,0.2007,1240.34
Gm44801,0.4052,0.0684236454174195,0.2007,4.87
Mertk,0.4052,0.0684236454174195,0.2007,1.58
9930017N22Rik,0.4052,0.0684236454174195,0.2007,4.18
Rhot2,0.4052,0.0684236454174195,0.2007,60.26
Mlec,0.4052,0.0684236454174195,0.2007,109.75
Gamt,0.4052,0.0684236454174195,0.2007,53.74
Bcor,0.4052,0.0684236454174195,0.2007,27.08
Aifm1,0.4052,0.0684236454174195,0.2007,14.28
Pgbd5,0.4052,0.0684236454174195,0.2007,41.89
Utp15,0.4052,0.0684236454174195,0.2007,12.99
Slmap,0.4052,0.0684236454174195,0.2007,42.87
Nrsn2,0.4052,0.0684236454174195,0.2007,95.46
Ccnj,0.4052,0.0684236454174195,0.2007,2.77
Nudt16l1,0.4052,0.0684236454174195,0.2007,59.45
Foxj1,0.4052,0.0684236454174195,0.2007,7.63
Ighmbp2,0.4052,0.0684236454174195,0.2007,7.3
Gm44846,0.4041,0.06927751769952047,0.2023,0.23
Plin3,0.4039,0.06939949544788349,0.2023,5.89
Pot1a,0.4039,0.06939949544788349,0.2023,17.01
Gm47026,0.4039,0.0693737448689322,0.2023,0.62
Nr2c1,0.4039,0.06939949544788349,0.2023,7.75
Adam17,0.4039,0.06939949544788349,0.2023,9.63
Tnks2,0.4039,0.06939949544788349,0.2023,73.92
B4galt3,0.4039,0.06939949544788349,0.2023,30.79
Sec31a,0.4039,0.06939949544788349,0.2023,71.02
Gm37607,0.4039,0.06939949544788349,0.2023,1.28
Kdm5a,0.4039,0.06939949544788349,0.2023,28.81
Bbs12,0.4039,0.06939949544788349,0.2023,1.94
Col9a2,0.4039,0.06939949544788349,0.2023,3.57
Cbx5,0.4039,0.06939949544788349,0.2023,148.37
Gm43420,0.4039,0.06939949544788349,0.2023,0.99
Hadha,0.4039,0.06939949544788349,0.2023,67.13
Tra2a,0.4039,0.06939949544788349,0.2023,76.42
Vcpip1,0.4039,0.06939949544788349,0.2023,57.61
Slc19a2,0.4039,0.06939949544788349,0.2023,9.68
Ksr1,0.4039,0.06939949544788349,0.2023,22.13
Dlst,0.4039,0.06939949544788349,0.2023,144.57
Barx2,0.4034,0.06979191075327004,0.2034,2.77
Pmfbp1,0.4031,0.06998667856450964,0.2039,0.95
Capn12,0.4031,0.06998667856450964,0.2039,0.73
Gm9892,0.4031,0.06998667856450964,0.2039,0.53
Cdk2,0.4027,0.07028600476107938,0.2039,1.07
Hnrnpa2b1,0.4026,0.07038579914589073,0.2039,191.3
Gpr137,0.4026,0.07038579914589073,0.2039,77.12
Dcbld2,0.4026,0.07038579914589073,0.2039,38.83
Elmod3,0.4026,0.07038579914589073,0.2039,4.72
Rprd1a,0.4026,0.07038579914589073,0.2039,72.44
Flrt1,0.4026,0.07038579914589073,0.2039,16.67
Notch3,0.4026,0.07038579914589073,0.2039,1.02
Rfng,0.4026,0.07038579914589073,0.2039,48.37
Nphp3,0.4026,0.07038579914589073,0.2039,4.33
Asah2,0.4026,0.07038579914589073,0.2039,30.27
Gm48700,0.4026,0.07038579914589073,0.2039,2.75
Pkp4,0.4026,0.07038579914589073,0.2039,22.7
Mbd4,0.4026,0.07038579914589073,0.2039,2.65
Emc1,0.4026,0.07038579914589073,0.2039,91.86
Ubr4,0.4026,0.07038579914589073,0.2039,110.83
Ap1g1,0.4026,0.07038579914589073,0.2039,85.45
Tut4,0.4026,0.07038579914589073,0.2039,29.28
Zfp703,0.4026,0.07038579914589073,0.2039,23.26
Lhfpl1,0.4026,0.07038579914589073,0.2039,10.13
Adamtsl2,0.4021,0.07078272842015373,0.2051,1.83
Gm43185,0.4014,0.07128208980045321,0.2057,0.64
Kmt2d,0.4013,0.07138262110690316,0.2057,39.03
Gm41760,0.4013,0.07138262110690316,0.2057,1.2
Parp11,0.4013,0.07138262110690316,0.2057,15.14
Med18,0.4013,0.07138262110690316,0.2057,7.55
Thoc2l,0.4013,0.07138262110690316,0.2057,38.98
Slc36a4,0.4013,0.07138262110690316,0.2057,52.11
Tsr2,0.4013,0.07138262110690316,0.2057,38.52
Gadd45gip1,0.4013,0.07138262110690316,0.2057,77.55
Gm21814,0.4013,0.07138262110690316,0.2057,1.39
Polb,0.4013,0.07138262110690316,0.2057,42.23
Sesn3,0.4013,0.07138262110690316,0.2057,46.27
Xrcc5,0.4013,0.07138262110690316,0.2057,12.57
Rps19-ps3,0.4013,0.07138262110690316,0.2057,2.56
Tmprss5,0.4013,0.07138262110690316,0.2057,1.38
Prdm5,0.4013,0.07138262110690316,0.2057,1.18
Xrcc6,0.4013,0.07138262110690316,0.2057,4.97
Gm20386,0.4008,0.0717840969621195,0.2068,0.63
Capn6,0.4008,0.0717840969621195,0.2068,1.11
Gm38236,0.4001,0.0722887579552605,0.2076,0.91
Plek2,0.4001,0.0722887579552605,0.2076,1.46
Hyou1,0.4,0.07239002577225485,0.2076,14.7
Smad9,0.4,0.07239002577225485,0.2076,48.78
Slc44a5,0.4,0.07239002577225485,0.2076,20.07
Ext2,0.4,0.07239002577225485,0.2076,24.23
Gm49602,0.4,0.07239002577225485,0.2076,5.11
Dbndd1,0.4,0.07239002577225485,0.2076,33.04
Exoc3l4,0.4,0.07239002577225485,0.2076,4.95
Eif2b1,0.4,0.07239002577225485,0.2076,14.22
Wdr83,0.4,0.07239002577225485,0.2076,27.54
Gm48375,0.4,0.07239002577225485,0.2076,2.18
Gm47017,0.4,0.07239002577225485,0.2076,0.83
3632454L22Rik,0.4,0.0723694210343587,0.2076,0.64
Gm44797,0.4,0.07239002577225485,0.2076,9.56
Idh3g,0.4,0.07239002577225485,0.2076,49.3
Ephx1,0.4,0.07239002577225485,0.2076,16.02
Gm17146,0.4,0.07239002577225485,0.2076,0.7
Bmal1,0.4,0.07239002577225485,0.2076,5.73
Ift57,0.4,0.07239002577225485,0.2076,15.5
C130051F05Rik,0.4,0.07239002577225485,0.2076,4.24
Gm45222,0.3995,0.07279608081973221,0.2086,0.64
Fam43a,0.3988,0.07330607358492297,0.2092,3.64
Cyld,0.3987,0.07340807742224027,0.2092,52.47
Hax1,0.3987,0.07340807742224027,0.2092,53.91
Myo9b,0.3987,0.07340807742224027,0.2092,19.86
Cryab,0.3987,0.07340807742224027,0.2092,67.08
Col1a1,0.3987,0.07340807742224027,0.2092,2.74
Chadl,0.3987,0.07340807742224027,0.2092,13.83
Atp10d,0.3987,0.07340807742224027,0.2092,2.29
Cep350,0.3987,0.07340807742224027,0.2092,22.57
Zfp719,0.3987,0.07340807742224027,0.2092,8.28
Cep295,0.3987,0.07340807742224027,0.2092,12.97
Gm5148,0.3987,0.07340807742224027,0.2092,3.11
Sybu,0.3987,0.07340807742224027,0.2092,69.19
Zfp13,0.3987,0.07340807742224027,0.2092,7.31
Pcdh17,0.3987,0.07340807742224027,0.2092,218.02
Gm42798,0.3987,0.07340807742224027,0.2092,1.68
Pcgf5,0.3987,0.07340807742224027,0.2092,19.19
Fen1,0.3987,0.07340807742224027,0.2092,10.48
Miip,0.3987,0.07340807742224027,0.2092,7.08
Map10,0.3987,0.07340807742224027,0.2092,2.24
Kcnmb4os2,0.3987,0.07340807742224027,0.2092,4.9
Erich1,0.3987,0.07340807742224027,0.2092,13.1
Lhfpl5,0.3987,0.07340807742224027,0.2092,47.3
Eng,0.3987,0.07340807742224027,0.2092,1.86
9330161L09Rik,0.3975,0.07433410088136647,0.2111,0.63
Esrra,0.3974,0.0744368401691811,0.2111,28.84
Rnf6,0.3974,0.0744368401691811,0.2111,50.46
Clmp,0.3974,0.0744368401691811,0.2111,41.55
Tcim,0.3974,0.0744368401691811,0.2111,2.56
Htt,0.3974,0.0744368401691811,0.2111,67.71
Satb1,0.3974,0.0744368401691811,0.2111,45.71
Onecut2,0.3974,0.0744368401691811,0.2111,50.12
Lin7b,0.3974,0.0744368401691811,0.2111,27.41
Faf2,0.3974,0.0744368401691811,0.2111,44.92
Gprc5c,0.3974,0.0744368401691811,0.2111,12.66
Phf21b,0.3974,0.0744368401691811,0.2111,2.67
Trmo,0.3974,0.0744368401691811,0.2111,2.44
Pdlim4,0.3974,0.0744368401691811,0.2111,6.1
Stip1,0.3974,0.0744368401691811,0.2111,118.62
Alkbh8,0.3974,0.0744368401691811,0.2111,22.16
Enho,0.3974,0.0744368401691811,0.2111,207.82
Megf10,0.3974,0.0744368401691811,0.2111,7.67
Gm50394,0.3969,0.07485215141709546,0.2123,0.61
Cept1,0.3961,0.07547637795047235,0.2129,62.33
Homer2,0.3961,0.07547637795047235,0.2129,36.13
Mrpl45,0.3961,0.07547637795047235,0.2129,31.37
Wdr17,0.3961,0.07547637795047235,0.2129,4.23
Lipe,0.3961,0.07547637795047235,0.2129,7.42
Sptan1,0.3961,0.07547637795047235,0.2129,291.21
Rnf187,0.3961,0.07547637795047235,0.2129,431.78
Marchf11,0.3961,0.07547637795047235,0.2129,62.66
Chkb,0.3961,0.07547637795047235,0.2129,16.1
Prss23,0.3961,0.07547637795047235,0.2129,4.32
Man2a1,0.3961,0.07547637795047235,0.2129,31.97
Kpna3,0.3961,0.07547637795047235,0.2129,67.08
Aldh16a1,0.3961,0.07547637795047235,0.2129,4.03
Ltbp3,0.3961,0.07547637795047235,0.2129,27.21
Tecpr1,0.3961,0.07547637795047235,0.2129,70.92
Nsun5,0.3961,0.07547637795047235,0.2129,11.8
Gm48822,0.3961,0.07547637795047235,0.2129,0.95
Mrs2,0.3961,0.07547637795047235,0.2129,49.38
C330018D20Rik,0.3961,0.07547637795047235,0.2129,4.26
Cabp1,0.3961,0.07547637795047235,0.2129,51.28
Apc2,0.3961,0.07547637795047235,0.2129,102.67
D030046N08Rik,0.3958,0.07573753317483116,0.2135,0.36
Ntng2,0.3953,0.07610995097452813,0.2145,0.44
Asb4,0.3949,0.0764225463630272,0.2147,6.63
Tnc,0.3949,0.0764225463630272,0.2147,0.95
Hspbap1,0.3948,0.07652675452161194,0.2147,8.13
Papola,0.3948,0.07652675452161194,0.2147,84.57
Pnrc1,0.3948,0.07652675452161194,0.2147,56.22
Pnma2,0.3948,0.07652675452161194,0.2147,95.18
Tm9sf4,0.3948,0.07652675452161194,0.2147,40.04
Cd27,0.3948,0.07652675452161194,0.2147,1.81
Caln1,0.3948,0.076538809098775,0.2147,4.11
Septin6,0.3948,0.07652675452161194,0.2147,94.95
Washc1,0.3948,0.07652675452161194,0.2147,21.17
Gm37242,0.3948,0.07652675452161194,0.2147,0.56
Ndufb5,0.3948,0.07652675452161194,0.2147,319.81
Psmf1,0.3948,0.07652675452161194,0.2147,28.13
Gm38014,0.3948,0.07652675452161194,0.2147,2.68
Bend7,0.3948,0.07652675452161194,0.2147,9.66
Nat8f1,0.3948,0.07652675452161194,0.2147,9.27
Nsmce3,0.3948,0.07652675452161194,0.2147,38.1
Raly,0.3948,0.07652675452161194,0.2147,126.68
Rest,0.3948,0.07652675452161194,0.2147,4.18
Gm26783,0.394,0.07716829207219508,0.2164,0.62
Gpr68,0.394,0.07716829207219508,0.2164,0.86
Wsb1,0.3935,0.07758803344921017,0.2166,55.39
Cstf1,0.3935,0.07758803344921017,0.2166,12.17
Zfp865,0.3935,0.07758803344921017,0.2166,13.06
Gtpbp10,0.3935,0.07758803344921017,0.2166,3.89
Ildr2,0.3935,0.07758803344921017,0.2166,3.1
Aph1b,0.3935,0.07758803344921017,0.2166,22.24
Tmem53,0.3935,0.07758803344921017,0.2166,17.91
Sars1,0.3935,0.07758803344921017,0.2166,100.47
Ovgp1,0.3935,0.07758803344921017,0.2166,0.99
Sde2,0.3935,0.07758803344921017,0.2166,28.45
Nrcam,0.3935,0.07758803344921017,0.2166,57.7
Samm50,0.3935,0.07758803344921017,0.2166,64.16
Tfip11,0.3935,0.07758803344921017,0.2166,19.11
Tex15,0.3935,0.07758803344921017,0.2166,1.36
Mios,0.3935,0.07758803344921017,0.2166,8.1
5330438D12Rik,0.3935,0.07758803344921017,0.2166,14.57
Gm16138,0.393,0.07801747339084684,0.2177,0.6
Gm17399,0.3922,0.07866027810398214,0.2185,1.66
Arfgap2,0.3922,0.07866027810398214,0.2185,36.66
Kansl2,0.3922,0.07866027810398214,0.2185,59.93
Klhl23,0.3922,0.07866027810398214,0.2185,9.04
Cavin1,0.3922,0.07866027810398214,0.2185,13.8
Atp9b,0.3922,0.07866027810398214,0.2185,40.35
Gtf3c4,0.3922,0.07866027810398214,0.2185,19.15
2210016L21Rik,0.3922,0.07866027810398214,0.2185,133.0
Misp,0.3922,0.07866027810398214,0.2185,2.54
Slc38a6,0.3922,0.07866027810398214,0.2185,6.26
Gpr3,0.3922,0.07866027810398214,0.2185,2.22
AI480526,0.3922,0.07866027810398214,0.2185,21.56
Rab3b,0.3922,0.07866027810398214,0.2185,81.08
Ralgps1,0.3922,0.07866027810398214,0.2185,30.24
Fgf2,0.3922,0.07866027810398214,0.2185,4.98
Rusc1,0.3922,0.07866027810398214,0.2185,125.19
Baiap2,0.3922,0.07866027810398214,0.2185,18.08
Kdm8,0.3922,0.07866027810398214,0.2185,1.88
Nr4a3,0.3909,0.07974355165372467,0.2203,7.71
Gm44678,0.3909,0.07974355165372467,0.2203,2.67
Commd9,0.3909,0.07974355165372467,0.2203,32.37
Ovca2,0.3909,0.07974355165372467,0.2203,4.09
Nucb1,0.3909,0.07974355165372467,0.2203,93.57
Ppp1r35,0.3909,0.07974355165372467,0.2203,37.79
Nup205,0.3909,0.07974355165372467,0.2203,4.92
Gm49327,0.3909,0.07974355165372467,0.2203,10.84
Tmem181a,0.3909,0.07974355165372467,0.2203,14.93
Gm53012,0.3909,0.07974355165372467,0.2203,1.0
E430024P14Rik,0.3909,0.07974355165372467,0.2203,1.55
Orai1,0.3909,0.07974355165372467,0.2203,11.93
Paqr7,0.3909,0.07974355165372467,0.2203,36.57
Bbs7,0.3909,0.07974355165372467,0.2203,8.36
Cxxc4,0.3909,0.07974355165372467,0.2203,84.84
Trim23,0.3909,0.07974355165372467,0.2203,25.26
Gm10110,0.3909,0.07974355165372467,0.2203,1.05
Pcdhb18,0.3909,0.07974355165372467,0.2203,3.95
Glo1,0.3909,0.07974355165372467,0.2203,144.91
Atg4c,0.3909,0.07974355165372467,0.2203,26.7
Gpatch2l,0.3909,0.07974355165372467,0.2203,13.82
Fbxl12,0.3909,0.07974355165372467,0.2203,8.57
Mapkap1,0.3909,0.07974355165372467,0.2203,56.8
Col24a1,0.3909,0.07974355165372467,0.2203,26.08
Akap7,0.3909,0.07974355165372467,0.2203,87.28
Bclaf3,0.3909,0.07974355165372467,0.2203,14.26
Wasf3,0.3909,0.07974355165372467,0.2203,66.77
Large1,0.3909,0.07974355165372467,0.2203,58.02
Slc25a30,0.3909,0.07974355165372467,0.2203,33.28
Prom2,0.3896,0.08086483268941946,0.2222,0.47
Sec14l2,0.3896,0.08083791705627742,0.2222,5.1
Slc2a4rg-ps,0.3896,0.08083791705627742,0.2222,3.02
Sec24b,0.3896,0.08083791705627742,0.2222,39.5
Tmem107,0.3896,0.08083791705627742,0.2222,23.9
Ptchd1,0.3896,0.08083791705627742,0.2222,29.4
Shf,0.3896,0.08083791705627742,0.2222,64.31
Tmf1,0.3896,0.08083791705627742,0.2222,43.98
Taf3,0.3896,0.08083791705627742,0.2222,14.28
Amer2,0.3896,0.08083791705627742,0.2222,59.49
Slc25a11,0.3896,0.08083791705627742,0.2222,80.37
Slc7a5,0.3896,0.08083791705627742,0.2222,32.41
Arhgef40,0.3896,0.08083791705627742,0.2222,35.9
Hnrnpa1,0.3896,0.08083791705627742,0.2222,179.56
Hipk2,0.3896,0.08083791705627742,0.2222,21.28
Drap1,0.3896,0.08083791705627742,0.2222,173.67
Scamp5,0.3896,0.08083791705627742,0.2222,114.65
Rwdd4a,0.3896,0.08083791705627742,0.2222,21.38
Gm2824,0.3891,0.08128177856366096,0.2234,1.49
Ccdc88b,0.3884,0.08183557234886972,0.2244,0.65
Nolc1,0.3883,0.08194343705246764,0.2244,27.71
Phldb1,0.3883,0.08194343705246764,0.2244,14.21
6430511E19Rik,0.3883,0.08194343705246764,0.2244,1.44
Prrg3,0.3883,0.08194343705246764,0.2244,20.31
Aopep,0.3883,0.08194343705246764,0.2244,242.13
Zgpat,0.3883,0.08194343705246764,0.2244,6.14
Bbs9,0.3883,0.08194343705246764,0.2244,7.69
Gm48298,0.3883,0.08194343705246764,0.2244,0.85
Hgh1,0.3883,0.08194343705246764,0.2244,4.27
Rbm27,0.3883,0.08194343705246764,0.2244,34.15
Efna5,0.3883,0.08194343705246764,0.2244,73.9
Ssr2,0.3883,0.08194343705246764,0.2244,54.4
G730003C15Rik,0.3883,0.08194343705246764,0.2244,1.39
Zw10,0.3883,0.08194343705246764,0.2244,13.01
Magel2,0.3882,0.0820017174549845,0.2245,1.55
Fam163b,0.3876,0.0825331930891427,0.2259,1.34
Gm48328,0.3875,0.08262580316469546,0.2261,0.72
Fam20a,0.3875,0.08262580316469546,0.2261,3.63
Sdk2,0.3871,0.08295158148341907,0.2263,1.4
Dbn1,0.387,0.08306017415904392,0.2263,72.16
Rnf213,0.387,0.08306017415904392,0.2263,9.71
Cldn5,0.387,0.08306017415904392,0.2263,3.55
Gm13622,0.387,0.08306017415904392,0.2263,1.96
Ddx24,0.387,0.08306017415904392,0.2263,194.67
Vamp5,0.387,0.08306017415904392,0.2263,10.3
Ctdspl2,0.387,0.08306017415904392,0.2263,13.87
Lynx1,0.387,0.08306017415904392,0.2263,215.96
Zfp933,0.387,0.08306017415904392,0.2263,3.08
Tsen54,0.387,0.08306017415904392,0.2263,6.25
Scyl1,0.387,0.08306017415904392,0.2263,33.22
Hectd3,0.387,0.08306017415904392,0.2263,25.28
Rrp7a,0.387,0.08306017415904392,0.2263,60.53
Nde1,0.387,0.08306017415904392,0.2263,5.9
mt-Nd6,0.387,0.08306017415904392,0.2263,34.84
Pde4d,0.387,0.08306017415904392,0.2263,19.37
Magi1,0.387,0.08306017415904392,0.2263,71.87
C1qbp,0.387,0.08306017415904392,0.2263,116.07
Orc5,0.387,0.08306017415904392,0.2263,20.71
Aknad1,0.3869,0.08312640846731613,0.2264,0.68
Fbln7,0.3862,0.08375090796890888,0.228,0.62
Sin3b,0.3857,0.08418819066159455,0.2283,63.06
Zfp318,0.3857,0.08418819066159455,0.2283,36.35
Apbb3,0.3857,0.08418819066159455,0.2283,29.15
Cryzl1,0.3857,0.08418819066159455,0.2283,45.3
Cers1,0.3857,0.08418819066159455,0.2283,1.17
Spx,0.3857,0.08418819066159455,0.2283,0.6
Rbm38,0.3857,0.08418819066159455,0.2283,1.62
Eipr1,0.3857,0.08418819066159455,0.2283,23.11
Yju2,0.3857,0.08418819066159455,0.2283,6.78
Copg2,0.3857,0.08418819066159455,0.2283,48.28
Gm9856,0.3857,0.08418819066159455,0.2283,5.63
Foxo3,0.3857,0.08418819066159455,0.2283,25.46
Mr1,0.3857,0.08418819066159455,0.2283,3.13
Cdk12,0.3857,0.08418819066159455,0.2283,22.74
Prkaca,0.3857,0.08418819066159455,0.2283,241.17
Gm43773,0.3857,0.08418819066159455,0.2283,0.68
Dcun1d4,0.3857,0.08418819066159455,0.2283,43.73
Dhx16,0.3857,0.08418819066159455,0.2283,6.95
Pdia3,0.3857,0.08418819066159455,0.2283,79.94
Gm20485,0.3855,0.08441736419930687,0.2289,0.41
Slx1b,0.3844,0.08532754860745444,0.2307,12.37
Nr1h2,0.3844,0.08532754860745444,0.2307,55.01
Ptpn13,0.3844,0.08532754860745444,0.2307,7.14
Scarb1,0.3844,0.08532754860745444,0.2307,12.93
Pcyt1b,0.3844,0.08532754860745444,0.2307,29.32
Ints5,0.3844,0.08532754860745444,0.2307,7.29
Klhl7,0.3844,0.08532754860745444,0.2307,43.36
Trib1,0.3844,0.08532754860745444,0.2307,17.87
Tmem38a,0.3844,0.08532754860745444,0.2307,98.48
Magi3,0.3844,0.08532754860745444,0.2307,23.12
Rasl10b,0.3844,0.08532754860745444,0.2307,57.09
Ankrd50,0.3844,0.08532754860745444,0.2307,43.95
Lmcd1,0.3843,0.08541014832537748,0.2308,0.93
Gm48086,0.3839,0.08579109323674261,0.2318,0.64
1500012K07Rik,0.3836,0.08604447240132311,0.2322,0.52
Pde3b,0.3831,0.0864783097986004,0.2322,12.61
Dhh,0.3831,0.0864783097986004,0.2322,7.79
Ppp1r12b,0.3831,0.0864783097986004,0.2322,43.68
Gucy1a2,0.3831,0.0864783097986004,0.2322,5.69
Pvalb,0.3831,0.0864783097986004,0.2322,11.75
Lama2,0.3831,0.0864783097986004,0.2322,3.1
Msantd2,0.3831,0.0864783097986004,0.2322,11.12
Epop,0.3831,0.0864783097986004,0.2322,1.15
Gdf11,0.3831,0.0864783097986004,0.2322,12.61
Txn2,0.3831,0.0864783097986004,0.2322,143.99
Zbtb7c,0.3831,0.0864783097986004,0.2322,41.12
Utp20,0.3831,0.0864783097986004,0.2322,7.72
Pclo,0.3831,0.0864783097986004,0.2322,194.08
Foxo1,0.3831,0.0864783097986004,0.2322,8.63
Grem2,0.3831,0.0864783097986004,0.2322,6.42
Zfp869,0.3831,0.0864783097986004,0.2322,16.68
Dst,0.3831,0.0864783097986004,0.2322,626.88
Ebi3,0.3831,0.0864783097986004,0.2322,2.11
Trp53,0.3831,0.0864783097986004,0.2322,14.03
Alkbh4,0.3831,0.0864783097986004,0.2322,5.53
Luc7l2,0.3831,0.0864783097986004,0.2322,142.22
D930028M14Rik,0.3831,0.0864783097986004,0.2322,168.27
Zfp607b,0.3831,0.0864783097986004,0.2322,7.3
Arid4a,0.3831,0.0864783097986004,0.2322,30.72
Lsmem1,0.3831,0.0864783097986004,0.2322,1.89
Clstn2,0.3831,0.0864783097986004,0.2322,29.55
Clptm1,0.3831,0.0864783097986004,0.2322,84.72
Il17rd,0.3831,0.0864783097986004,0.2322,2.22
Htr7,0.3823,0.08719455248017285,0.2338,3.73
A730060N03Rik,0.3823,0.0872158361479716,0.2338,0.42
Gm13629,0.3823,0.08717154727397117,0.2338,0.87
Matcap2,0.3818,0.08764053578453823,0.2338,32.18
Zfp454,0.3818,0.08764053578453823,0.2338,2.08
Slc12a6,0.3818,0.08764053578453823,0.2338,83.94
Map3k9,0.3818,0.08764053578453823,0.2338,7.28
Adat2,0.3818,0.08764053578453823,0.2338,5.99
Misp3,0.3818,0.08764053578453823,0.2338,6.33
Mta2,0.3818,0.08764053578453823,0.2338,12.0
Tmem127,0.3818,0.08764053578453823,0.2338,39.35
Pggt1b,0.3818,0.08764053578453823,0.2338,25.6
Gm37747,0.3818,0.08764053578453823,0.2338,0.49
Adamts4,0.3818,0.08764053578453823,0.2338,0.99
Pphln1-ps1,0.3818,0.08764053578453823,0.2338,1.07
Hs3st1,0.3818,0.08764053578453823,0.2338,5.66
Tapt1,0.3818,0.08764053578453823,0.2338,19.31
Tpra1,0.3818,0.08764053578453823,0.2338,22.2
Dennd6a,0.3818,0.08764053578453823,0.2338,32.36
Fra10ac1,0.3818,0.08764053578453823,0.2338,17.58
6430573P05Rik,0.3818,0.08764053578453823,0.2338,1.58
Egln1,0.3818,0.08764053578453823,0.2338,29.56
Gm49870,0.3818,0.08764053578453823,0.2338,0.6
Zc3hc1,0.3818,0.08764053578453823,0.2338,12.16
Klhl15,0.3818,0.08764053578453823,0.2338,17.96
Cacnb2,0.3818,0.08764053578453823,0.2338,5.05
Lrch1,0.3818,0.08764053578453823,0.2338,10.79
Gm5141,0.3818,0.08764053578453823,0.2338,2.28
Fsd1,0.3818,0.08764053578453823,0.2338,37.01
Camta1,0.3818,0.08764053578453823,0.2338,323.75
Nhlrc3,0.3818,0.08764053578453823,0.2338,4.14
Abcc3,0.3816,0.08780592830510998,0.2342,0.42
Rlf,0.3805,0.08881428785517563,0.2358,19.31
Ablim3,0.3805,0.08881428785517563,0.2358,57.04
Rell2,0.3805,0.08881428785517563,0.2358,100.85
Apbb1,0.3805,0.08881428785517563,0.2358,213.24
Gm47163,0.3805,0.08881428785517563,0.2358,39.69
Tmem120a,0.3805,0.08881428785517563,0.2358,22.1
Map3k10,0.3805,0.08881428785517563,0.2358,43.33
Las1l,0.3805,0.08881428785517563,0.2358,20.51
Ttll5,0.3805,0.08881428785517563,0.2358,22.66
Kif19a,0.3805,0.08881428785517563,0.2358,1.05
Aaas,0.3805,0.08881428785517563,0.2358,4.19
Cbl,0.3805,0.08881428785517563,0.2358,100.25
Mypn,0.3805,0.08881428785517563,0.2358,1.13
Zfp574,0.3805,0.08881428785517563,0.2358,10.98
Ermp1,0.3805,0.08881428785517563,0.2358,41.67
Gpr156,0.3805,0.08881428785517563,0.2358,4.48
Prrc2a,0.3805,0.08881428785517563,0.2358,85.7
Parl,0.3805,0.08881428785517563,0.2358,37.57
Mrm3,0.3805,0.08881428785517563,0.2358,11.3
Usp43,0.38,0.08924858953116517,0.2369,0.54
Sox17,0.38,0.08929293433478391,0.237,0.74
Trp63,0.3797,0.08954787544985661,0.2376,0.61
Man1a,0.3792,0.08999962703369178,0.238,32.4
Myo1e,0.3792,0.08999962703369178,0.238,10.96
Cacul1,0.3792,0.08999962703369178,0.238,83.15
Irgm2,0.3792,0.08999962703369178,0.238,7.83
Gm45250,0.3792,0.08999962703369178,0.238,1.43
Ift27,0.3792,0.08999962703369178,0.238,23.04
Emc4,0.3792,0.08999962703369178,0.238,78.22
Ndst4,0.3792,0.08999962703369178,0.238,16.34
Kif9,0.3792,0.08999962703369178,0.238,2.71
Ncapd2,0.3792,0.08999962703369178,0.238,4.57
Gm43413,0.3792,0.08999962703369178,0.238,1.74
Slc18a1,0.3792,0.08999962703369178,0.238,7.06
Tug1,0.3792,0.08999962703369178,0.238,59.77
Mbtps1,0.3792,0.08999962703369178,0.238,52.23
Kcna1,0.3792,0.08999962703369178,0.238,30.05
Gm27184,0.3787,0.0904833718918528,0.2392,1.06
Mfap2,0.3787,0.0904833718918528,0.2392,3.27
Gm266,0.3784,0.09074198900917536,0.2398,0.73
Ccl24,0.378,0.09113769181500024,0.2402,0.43
Gm49768,0.3779,0.09119661406939472,0.2402,1.05
Cep70,0.3779,0.09119661406939472,0.2402,9.14
Pcolce,0.3779,0.09119661406939472,0.2402,1.62
Pak5,0.3779,0.09119661406939472,0.2402,4.63
Gm37084,0.3779,0.09119661406939472,0.2402,1.2
Ankrd33b,0.3779,0.09119661406939472,0.2402,0.83
Rhobtb2,0.3779,0.09119661406939472,0.2402,22.07
Wdr48,0.3779,0.09119661406939472,0.2402,31.8
Kmt2e,0.3779,0.09119661406939472,0.2402,68.76
Rasgrp1,0.3779,0.09119661406939472,0.2402,84.77
Gm45258,0.3778,0.09132285275080622,0.2405,0.64
Edn2,0.3778,0.09132285275080622,0.2405,0.63
Ehmt1,0.3766,0.09240530943057487,0.2416,24.44
Cited1,0.3766,0.09240530943057487,0.2416,2.44
Pan2,0.3766,0.09240530943057487,0.2416,9.34
Sox1ot,0.3766,0.09240530943057487,0.2416,1.23
Atxn7l1,0.3766,0.09240530943057487,0.2416,13.35
Drg2,0.3766,0.09240530943057487,0.2416,21.99
Farp1,0.3766,0.09240530943057487,0.2416,12.9
U2af2,0.3766,0.09240530943057487,0.2416,57.45
Pcdh9,0.3766,0.09240530943057487,0.2416,117.93
Sertad4,0.3766,0.09240530943057487,0.2416,16.77
Evc,0.3766,0.09240530943057487,0.2416,1.45
Hmgn2,0.3766,0.09240530943057487,0.2416,55.97
9430031K09Rik,0.3766,0.09240530943057487,0.2416,0.95
Pofut1,0.3766,0.09240530943057487,0.2416,20.46
Spag9,0.3766,0.09240530943057487,0.2416,193.91
Trip11,0.3766,0.09240530943057487,0.2416,45.93
Dusp12,0.3766,0.09240530943057487,0.2416,14.09
Sgip1,0.3766,0.09240530943057487,0.2416,100.11
Trappc14,0.3766,0.09240530943057487,0.2416,52.26
Adamts10,0.3766,0.09240530943057487,0.2416,5.92
Etv3,0.3766,0.09240530943057487,0.2416,17.07
Gm37107,0.3766,0.09240530943057487,0.2416,1.39
Kcnh7,0.3766,0.09240530943057487,0.2416,28.6
Gm34220,0.3766,0.09240530943057487,0.2416,7.77
Phf2,0.3766,0.09240530943057487,0.2416,19.76
Prmt8,0.3766,0.09240530943057487,0.2416,4.98
Eif4g3,0.3766,0.09240530943057487,0.2416,99.4
Fat1,0.3766,0.09240530943057487,0.2416,11.67
Fam72a,0.3766,0.09240530943057487,0.2416,2.72
Mapkapk3,0.3766,0.09240530943057487,0.2416,2.27
Arhgef2,0.3766,0.09240530943057487,0.2416,9.03
Gm37733,0.3766,0.09240530943057487,0.2416,2.23
Simc1,0.3766,0.09240530943057487,0.2416,6.01
Particl,0.3766,0.09240530943057487,0.2416,19.16
Tgfa,0.3766,0.09240530943057487,0.2416,6.48
Gm37067,0.3754,0.09351069778576158,0.2438,0.59
Zeb1os1,0.3753,0.09362577329735101,0.2438,8.76
Tmem161b,0.3753,0.09362577329735101,0.2438,8.79
Ak5,0.3753,0.09362577329735101,0.2438,12.0
Taf4,0.3753,0.09362577329735101,0.2438,13.19
Ebf3,0.3753,0.09362577329735101,0.2438,32.76
Spire1,0.3753,0.09362577329735101,0.2438,36.83
Stau1,0.3753,0.09362577329735101,0.2438,40.82
Cav2,0.3753,0.09362577329735101,0.2438,22.24
Sfrp4,0.3753,0.09362577329735101,0.2438,1.9
Tesk1,0.3753,0.09362577329735101,0.2438,50.25
Tpcn1,0.3753,0.09362577329735101,0.2438,22.66
Pdp2,0.3753,0.09362577329735101,0.2438,12.69
Morn2,0.3753,0.09362577329735101,0.2438,48.27
Wdr81,0.3753,0.09362577329735101,0.2438,11.6
Ptcd1,0.3753,0.09362577329735101,0.2438,7.81
Slc7a1,0.3753,0.09362577329735101,0.2438,127.85
Mtnap1,0.3753,0.09362577329735101,0.2438,4.1
Rsrc1,0.3753,0.09362577329735101,0.2438,48.25
Trim63,0.3752,0.09372877697175855,0.244,0.36
Gm37311,0.3748,0.09412500582203798,0.245,1.19
Col6a1,0.3748,0.09412500582203798,0.245,0.9
Tm6sf2,0.3745,0.09439486685259418,0.2452,0.54
Prss12,0.3741,0.09474227894714184,0.2452,9.24
Ripor2,0.3741,0.09474227894714184,0.2452,2.71
Lratd2,0.3741,0.09474227894714184,0.2452,1.12
Ncoa4,0.374,0.09485806555451042,0.2452,56.06
Gls2,0.374,0.09485806555451042,0.2452,9.18
Atrnl1,0.374,0.09485806555451042,0.2452,100.69
Chn2,0.374,0.09485806555451042,0.2452,14.46
Inpp5e,0.374,0.09485806555451042,0.2452,16.78
Hdac1,0.374,0.09485806555451042,0.2452,21.85
Armcx2,0.374,0.09485806555451042,0.2452,107.73
Dpm1,0.374,0.09485806555451042,0.2452,20.38
Gm37447,0.374,0.09485806555451042,0.2452,0.67
Atp2a2,0.374,0.09485806555451042,0.2452,327.49
Swsap1,0.374,0.09485806555451042,0.2452,8.38
Donson,0.374,0.09485806555451042,0.2452,8.25
Gm45204,0.374,0.09485806555451042,0.2452,1.18
Gmpr2,0.374,0.09485806555451042,0.2452,20.33
Apoa2,0.374,0.09485806555451042,0.2452,5.9
Mbtps2,0.374,0.09485806555451042,0.2452,21.58
Ermard,0.374,0.09485806555451042,0.2452,7.27
Esco1,0.374,0.09485806555451042,0.2452,13.33
Tcea2,0.374,0.09485806555451042,0.2452,30.97
2610316D01Rik,0.374,0.09485806555451042,0.2452,4.92
Alg10b,0.374,0.09485806555451042,0.2452,34.22
Sec16a,0.374,0.09485806555451042,0.2452,20.84
Canx,0.374,0.09485806555451042,0.2452,661.59
Gm43165,0.374,0.09485806555451042,0.2452,0.7
Gm48314,0.3735,0.09536252461020427,0.2464,0.55
Gm49307,0.3732,0.09563620595299653,0.247,0.61
Rpl13-ps1,0.3732,0.09563620595299653,0.247,0.38
Megf8,0.3727,0.09610224578434735,0.2472,110.63
Tomm34,0.3727,0.09610224578434735,0.2472,149.84
2810021J22Rik,0.3727,0.09610224578434735,0.2472,3.8
Gm49971,0.3727,0.09610224578434735,0.2472,2.5
Gm48230,0.3727,0.09610224578434735,0.2472,0.99
Marcksl1,0.3727,0.09610224578434735,0.2472,25.73
Klhdc3,0.3727,0.09610224578434735,0.2472,79.44
Gm7694,0.3727,0.09610224578434735,0.2472,1.49
Vars1,0.3727,0.09610224578434735,0.2472,20.58
Gm48204,0.3727,0.09610224578434735,0.2472,1.91
Hmgcll1,0.3727,0.09610224578434735,0.2472,10.35
Usp1,0.3727,0.09610224578434735,0.2472,11.26
Scrt1,0.3727,0.09610224578434735,0.2472,33.25
Gm13525,0.3727,0.09610224578434735,0.2472,3.37
Gm26621,0.3727,0.09610224578434735,0.2472,1.1
Tmem128,0.3727,0.09610224578434735,0.2472,51.35
Btrc,0.3727,0.09610224578434735,0.2472,30.95
Tdrd3,0.3727,0.09610224578434735,0.2472,29.61
Zkscan14,0.3727,0.09610224578434735,0.2472,4.39
Dip2a,0.3727,0.09610224578434735,0.2472,28.37
A230072C01Rik,0.3727,0.09610224578434735,0.2472,3.63
Tigd4,0.3719,0.09688950125473532,0.2488,0.95
Gm37329,0.3719,0.09688950125473532,0.2488,0.73
Mtcp1,0.3714,0.09735837325949603,0.2488,1.56
Gm38120,0.3714,0.09735837325949603,0.2488,3.83
Ly6c1,0.3714,0.09735837325949603,0.2488,4.62
Gm37452,0.3714,0.09735837325949603,0.2488,5.94
Gm10645,0.3714,0.09735837325949603,0.2488,0.79
Kras,0.3714,0.09735837325949603,0.2488,121.5
Adprm,0.3714,0.09735837325949603,0.2488,17.41
Nr4a2,0.3714,0.09735837325949603,0.2488,11.01
Yipf4,0.3714,0.09735837325949603,0.2488,88.58
Smco3,0.3714,0.09735837325949603,0.2488,2.79
D530018E20Rik,0.3714,0.09735837325949603,0.2488,3.91
Vangl1,0.3714,0.09735837325949603,0.2488,4.45
Tmx1,0.3714,0.09735837325949603,0.2488,66.91
Adgra2,0.3714,0.09735837325949603,0.2488,4.84
Mtg2,0.3714,0.09735837325949603,0.2488,11.08
Gm43889,0.3714,0.09735837325949603,0.2488,25.43
Appl2,0.3714,0.09735837325949603,0.2488,17.75
Tmem88,0.3714,0.09735837325949603,0.2488,1.34
Samd11,0.3714,0.09735837325949603,0.2488,2.55
Pcdh11x,0.3714,0.09735837325949603,0.2488,33.19
Pcbp2,0.3714,0.09735837325949603,0.2488,523.76
Cope,0.3714,0.09735837325949603,0.2488,99.51
Dyrk1a,0.3714,0.09735837325949603,0.2488,41.7
Rdh10,0.3714,0.09735837325949603,0.2488,6.18
Rab3ip,0.3714,0.09735837325949603,0.2488,37.49
Ccdc92,0.3714,0.09735837325949603,0.2488,379.83
Spcs3,0.3714,0.09735837325949603,0.2488,18.1
Ybey,0.3714,0.09735837325949603,0.2488,5.57
Gpr62,0.3714,0.09735837325949603,0.2488,0.61
Morc2a,0.3714,0.09735837325949603,0.2488,16.53
Prlr,0.3713,0.09744693343905511,0.2489,8.48
Gm45457,0.3713,0.09744693343905511,0.2489,0.54
Gm45893,0.3709,0.0978733809431742,0.25,0.66
4833421G17Rik,0.3703,0.09850860034836108,0.2504,1.04
Sash1,0.3701,0.09862650693576146,0.2504,20.45
Cdc16,0.3701,0.09862650693576146,0.2504,17.25
Taok1,0.3701,0.09862650693576146,0.2504,193.58
Rbmx,0.3701,0.09862650693576146,0.2504,10.71
Slc35a1,0.3701,0.09862650693576146,0.2504,17.93
Mrps30,0.3701,0.09862650693576146,0.2504,15.08
Gm5914,0.3701,0.09862650693576146,0.2504,7.53
Zfp12,0.3701,0.09862650693576146,0.2504,12.51
Zfp113,0.3701,0.09862650693576146,0.2504,6.87
Plch2,0.3701,0.09862650693576146,0.2504,1.56
Gm17396,0.3701,0.09862650693576146,0.2504,19.58
Tmem248,0.3701,0.09862650693576146,0.2504,59.01
Reln,0.3701,0.09862650693576146,0.2504,3.18
Alg11,0.3701,0.09862650693576146,0.2504,34.05
Ago3,0.3701,0.09862650693576146,0.2504,46.64
Supt20,0.3701,0.09862650693576146,0.2504,32.12
Jmjd6,0.3701,0.09862650693576146,0.2504,15.01
Pard3b,0.3701,0.09862650693576146,0.2504,5.45
Ankrd26,0.3701,0.09862650693576146,0.2504,16.67
Atg4b,0.3701,0.09862650693576146,0.2504,70.63
Actmap,0.3701,0.09862650693576146,0.2504,5.19
Pde4a,0.3701,0.09862650693576146,0.2504,19.98
Gm50010,0.3701,0.09862650693576146,0.2504,10.09
Scaf8,0.3701,0.09862650693576146,0.2504,19.72
Dvl3,0.3701,0.09862650693576146,0.2504,29.18
Casp3,0.3701,0.09862650693576146,0.2504,20.01
Virma,0.3701,0.09862650693576146,0.2504,15.47
Dbt,0.3701,0.09862650693576146,0.2504,10.82
Nceh1,0.3701,0.09862650693576146,0.2504,66.47
Dnajb12,0.3701,0.09862650693576146,0.2504,14.21
Gm32391,0.3693,0.0994321973618854,0.2524,0.69
1810059H22Rik,0.3688,0.09990670544494931,0.2524,3.06
Lcor,0.3688,0.09990670544494931,0.2524,17.67
Cttnbp2,0.3688,0.09990670544494931,0.2524,12.66
Gm5242,0.3688,0.09990670544494931,0.2524,0.63
Sorbs3,0.3688,0.09990670544494931,0.2524,3.02
Eif4b,0.3688,0.09990670544494931,0.2524,108.65
Twf2,0.3688,0.09990670544494931,0.2524,16.54
Kirrel3,0.3688,0.09990670544494931,0.2524,27.78
Rbmxl1,0.3688,0.09990670544494931,0.2524,17.7
Ndufs2,0.3688,0.09990670544494931,0.2524,123.8
Gm37673,0.3688,0.09990670544494931,0.2524,2.58
Slc8a2,0.3688,0.09990670544494931,0.2524,19.56
Ltn1,0.3688,0.09990670544494931,0.2524,39.04
Dennd4b,0.3688,0.09990670544494931,0.2524,16.09
Sgms1,0.3688,0.09990670544494931,0.2524,52.84
Trim2,0.3688,0.09990670544494931,0.2524,257.31
Nup210,0.3688,0.09990670544494931,0.2524,5.21
Gm37995,0.3688,0.09990670544494931,0.2524,0.93
Rraga,0.3688,0.09990670544494931,0.2524,95.84
Sephs1,0.3688,0.09990670544494931,0.2524,18.43
Zfp518a,0.3688,0.09990670544494931,0.2524,9.48
Rps27a-ps2,0.3683,0.10043238869217505,0.2537,1.12
Mall,0.368,0.10076385835483377,0.2545,0.74
Slc24a4,0.3679,0.10086198792040549,0.2546,1.26
Septin11,0.3675,0.10119902708769576,0.2546,52.09
Adamts20,0.3675,0.10119902708769576,0.2546,1.44
Car2,0.3675,0.10119902708769576,0.2546,27.96
Pdxdc1,0.3675,0.10119902708769576,0.2546,42.46
Ptges2,0.3675,0.10119902708769576,0.2546,32.59
Rab10os,0.3675,0.10119902708769576,0.2546,28.3
C230035I16Rik,0.3675,0.10119902708769576,0.2546,1.44
Zfp946,0.3675,0.10119902708769576,0.2546,14.08
Vrk1,0.3675,0.10119902708769576,0.2546,8.51
Gm48027,0.3675,0.10119902708769576,0.2546,2.48
Dpy19l4,0.3675,0.10119902708769576,0.2546,38.09
Ipo11,0.3675,0.10119902708769576,0.2546,25.93
Dffb,0.3675,0.10119902708769576,0.2546,5.32
Polr1e,0.3675,0.10119902708769576,0.2546,5.08
Idua,0.3675,0.10119902708769576,0.2546,9.31
Pa2g4,0.3675,0.10119902708769576,0.2546,35.75
Nalf2,0.3675,0.10119902708769576,0.2546,9.87
Hycc2,0.3675,0.10119902708769576,0.2546,51.72
Gm42480,0.367,0.10173009552283756,0.2559,1.61
Plxna2,0.3662,0.10250352982629483,0.2565,46.79
Gda,0.3662,0.10250352982629483,0.2565,81.44
Cct2,0.3662,0.10250352982629483,0.2565,126.77
Mapk1ip1,0.3662,0.10250352982629483,0.2565,16.36
Tarbp2,0.3662,0.10250352982629483,0.2565,20.79
Rhov,0.3662,0.10250352982629483,0.2565,12.99
Rad54l2,0.3662,0.10250352982629483,0.2565,22.42
Cacfd1,0.3662,0.10250352982629483,0.2565,83.43
Mydgf,0.3662,0.10250352982629483,0.2565,43.17
Smarcd3,0.3662,0.10250352982629483,0.2565,20.37
Col23a1,0.3662,0.10250352982629483,0.2565,2.96
Spata6,0.3662,0.10250352982629483,0.2565,14.77
Dolk,0.3662,0.10250352982629483,0.2565,9.74
Dok1,0.3662,0.10250352982629483,0.2565,7.01
Acbd5,0.3662,0.10250352982629483,0.2565,89.03
Ltbp4,0.3662,0.10250352982629483,0.2565,2.04
Ptger2,0.3662,0.10250352982629483,0.2565,10.13
Rbbp4,0.3662,0.10250352982629483,0.2565,64.97
Fosb,0.3662,0.10250352982629483,0.2565,135.66
Zmat1,0.3662,0.10250352982629483,0.2565,11.96
Cemip,0.3662,0.10250352982629483,0.2565,3.56
Aar2,0.3662,0.10250352982629483,0.2565,32.35
Camsap1,0.3662,0.10250352982629483,0.2565,62.21
Epha3,0.3654,0.10333738502503499,0.2585,4.13
Gm37781,0.3651,0.10360965945095067,0.2585,0.48
Mir9-2hg,0.3651,0.10369957236577208,0.2585,1.64
Ttc13,0.3649,0.1038202712775312,0.2585,31.96
Mettl22,0.3649,0.1038202712775312,0.2585,20.89
Fgf14,0.3649,0.1038202712775312,0.2585,11.43
Slc33a1,0.3649,0.1038202712775312,0.2585,27.22
Dusp5,0.3649,0.1038202712775312,0.2585,10.08
Crip3,0.3649,0.1038202712775312,0.2585,1.99
Llgl1,0.3649,0.1038202712775312,0.2585,11.05
Enpp4,0.3649,0.1038202712775312,0.2585,47.55
Ercc3,0.3649,0.1038202712775312,0.2585,20.74
Brap,0.3649,0.1038202712775312,0.2585,62.89
Fem1b,0.3649,0.1038202712775312,0.2585,91.5
Gm42826,0.3649,0.1038202712775312,0.2585,1.71
Klf4,0.3649,0.1038202712775312,0.2585,20.04
4732491K20Rik,0.3649,0.1038202712775312,0.2585,12.68
Zfp36,0.3649,0.1038202712775312,0.2585,91.07
Pdyn,0.3644,0.10436220448197006,0.2598,5.76
Gm37023,0.3644,0.10436220448197006,0.2598,0.52
Bmpr1b,0.3642,0.10460037053049266,0.2603,1.48
Zfp62,0.3636,0.10514930870551215,0.2606,10.99
Zkscan17,0.3636,0.10514930870551215,0.2606,3.17
Man1a2,0.3636,0.10514930870551215,0.2606,77.72
Rtl6,0.3636,0.10514930870551215,0.2606,30.22
Adal,0.3636,0.10514930870551215,0.2606,10.65
Rnaseh2a,0.3636,0.10514930870551215,0.2606,14.67
Dagla,0.3636,0.10514930870551215,0.2606,10.12
Tfpt,0.3636,0.10514930870551215,0.2606,21.19
Sf3b4,0.3636,0.10514930870551215,0.2606,19.33
Rnf13,0.3636,0.10514930870551215,0.2606,97.76
Slc30a9,0.3636,0.10514930870551215,0.2606,187.13
Tmem143,0.3636,0.10514930870551215,0.2606,15.88
Osgin2,0.3636,0.10514930870551215,0.2606,13.71
Tpgs1,0.3636,0.10514930870551215,0.2606,81.88
Gm49784,0.3636,0.10514930870551215,0.2606,0.87
Dlk2,0.3631,0.10569672131365962,0.262,0.63
St8sia5,0.3626,0.10623372820959857,0.2629,1.95
Ddx51,0.3623,0.10649069901450199,0.2629,5.93
Git1,0.3623,0.10649069901450199,0.2629,49.38
Heatr5a,0.3623,0.10649069901450199,0.2629,16.84
Fam221a,0.3623,0.10649069901450199,0.2629,1.03
Tyw3,0.3623,0.10649069901450199,0.2629,7.17
Eif2ak4,0.3623,0.10649069901450199,0.2629,9.77
Gm36988,0.3623,0.10649069901450199,0.2629,0.95
Fbxl3,0.3623,0.10649069901450199,0.2629,60.58
Ahcyl1,0.3623,0.10649069901450199,0.2629,119.32
Nob1,0.3623,0.10649069901450199,0.2629,14.32
Gas2l3,0.3623,0.10649069901450199,0.2629,10.71
Casp4,0.3623,0.10649069901450199,0.2629,3.52
Stmn3,0.3623,0.10649069901450199,0.2629,1538.8
Isyna1,0.3623,0.10649069901450199,0.2629,11.49
Macroh2a1,0.3623,0.10649069901450199,0.2629,83.95
Ess2,0.3623,0.10649069901450199,0.2629,10.79
Nfatc1,0.3618,0.10704362224829075,0.2642,0.91
Zdhhc15,0.361,0.10784449874176319,0.2647,12.39
Eps15l1,0.361,0.10784449874176319,0.2647,19.61
Hddc2,0.361,0.10784449874176319,0.2647,70.75
Gfra4,0.361,0.10784449874176319,0.2647,94.59
Lig3,0.361,0.10784449874176319,0.2647,9.05
Pou2f2,0.361,0.10784449874176319,0.2647,4.62
Ctnnal1,0.361,0.10784449874176319,0.2647,12.26
Ift70a1,0.361,0.10784449874176319,0.2647,4.15
Siae,0.361,0.10784449874176319,0.2647,16.28
Cfap210,0.361,0.10784449874176319,0.2647,2.44
Gm20632,0.361,0.10784449874176319,0.2647,1.46
Mafb,0.361,0.10784449874176319,0.2647,22.01
Glrb,0.361,0.10784449874176319,0.2647,139.58
Cdc23,0.361,0.10784449874176319,0.2647,20.76
Resf1,0.361,0.10784449874176319,0.2647,15.15
Ndufs1,0.361,0.10784449874176319,0.2647,43.76
Gm48267,0.361,0.10784449874176319,0.2647,9.42
Dus2,0.361,0.10784449874176319,0.2647,4.84
Suds3,0.361,0.10784449874176319,0.2647,94.88
Rnf227,0.3597,0.10921076405040114,0.2667,44.87
Rragb,0.3597,0.10921076405040114,0.2667,9.49
Rhbdd3,0.3597,0.10921076405040114,0.2667,23.82
Fcsk,0.3597,0.10921076405040114,0.2667,5.41
Cenatac,0.3597,0.10921076405040114,0.2667,6.12
Hsd17b12,0.3597,0.10921076405040114,0.2667,107.09
Rnf123,0.3597,0.10921076405040114,0.2667,41.23
Hspa1a,0.3597,0.10921076405040114,0.2667,24.02
Adprhl1,0.3597,0.10921076405040114,0.2667,9.73
Mysm1,0.3597,0.10921076405040114,0.2667,22.28
Prorsd1,0.3597,0.10921076405040114,0.2667,8.3
Gm37105,0.3597,0.10921076405040114,0.2667,0.95
Ncapd3,0.3597,0.10921076405040114,0.2667,7.18
Gm10353,0.3597,0.10921076405040114,0.2667,0.6
Asf1a,0.3597,0.10921076405040114,0.2667,13.56
Cr1l,0.3597,0.10921076405040114,0.2667,13.62
Gm38340,0.3597,0.10921076405040114,0.2667,4.42
Rsbn1,0.3597,0.10921076405040114,0.2667,35.29
Nme5,0.3597,0.10921076405040114,0.2667,4.15
Nphp1,0.3597,0.10921076405040114,0.2667,5.11
Rflna,0.3592,0.10977480180849038,0.268,1.01
Pawr,0.3586,0.11046542449127403,0.2691,1.63
Tspan31,0.3584,0.11058955072221302,0.2691,107.72
Sox10,0.3584,0.11058955072221302,0.2691,15.04
Abcd3,0.3584,0.11058955072221302,0.2691,60.3
Zfp821,0.3584,0.11058955072221302,0.2691,27.61
Atp6-ps,0.3584,0.11058955072221302,0.2691,5.0
Gm38009,0.3584,0.11058955072221302,0.2691,1.23
Ttll7,0.3584,0.11058955072221302,0.2691,816.48
Krit1,0.3584,0.11058955072221302,0.2691,88.71
Eno1b,0.3584,0.11058955072221302,0.2691,3.1
Abcf2,0.3584,0.11058955072221302,0.2691,49.71
Ankrd39,0.3584,0.11058955072221302,0.2691,29.93
Brd8,0.3584,0.11058955072221302,0.2691,24.68
Loricrin,0.3584,0.11058955072221302,0.2691,6.66
Tsn,0.3571,0.11198091415054644,0.2707,150.05
Gm36936,0.3571,0.11198091415054644,0.2707,1.47
Anp32a,0.3571,0.11198091415054644,0.2707,93.02
4933434E20Rik,0.3571,0.11198091415054644,0.2707,58.19
Gnmt,0.3571,0.11198091415054644,0.2707,0.69
Antkmt,0.3571,0.11198091415054644,0.2707,26.14
Noxo1,0.3571,0.11198091415054644,0.2707,2.49
Ccl27a,0.3571,0.11198091415054644,0.2707,94.45
Pcnt,0.3571,0.11198091415054644,0.2707,12.41
Apmap,0.3571,0.11198091415054644,0.2707,38.44
Htr2a,0.3571,0.11198091415054644,0.2707,2.03
Yrdc,0.3571,0.11198091415054644,0.2707,26.72
Ptprm,0.3571,0.11198091415054644,0.2707,2.61
Ier5,0.3571,0.11198091415054644,0.2707,8.83
Surf2,0.3571,0.11198091415054644,0.2707,26.31
AW495222,0.3571,0.11208056775808352,0.2709,0.36
Lcmt1,0.3571,0.11198091415054644,0.2707,49.73
Tap1,0.3571,0.11198091415054644,0.2707,4.77
Mrap2,0.3571,0.11198091415054644,0.2707,39.65
Mki67,0.3571,0.11198091415054644,0.2707,0.77
Ssc4d,0.3571,0.11198091415054644,0.2707,2.43
Stac2,0.3571,0.11198091415054644,0.2707,19.38
Gm45343,0.3571,0.11198091415054644,0.2707,2.69
Gm38376,0.3566,0.11255619010808332,0.2719,0.97
4833420G17Rik,0.3558,0.11338490933316327,0.2727,25.12
Pank2,0.3558,0.11338490933316327,0.2727,29.75
Nes,0.3558,0.11338490933316327,0.2727,1.35
Letm2,0.3558,0.11338490933316327,0.2727,29.35
Zfp74,0.3558,0.11338490933316327,0.2727,7.39
Cyp2u1,0.3558,0.11338490933316327,0.2727,14.95
Slc45a4,0.3558,0.11338490933316327,0.2727,40.87
Cxcl1,0.3558,0.11338490933316327,0.2727,5.69
Hmgn1,0.3558,0.11338490933316327,0.2727,79.97
Usf3,0.3558,0.11338490933316327,0.2727,10.74
Retsat,0.3558,0.11338490933316327,0.2727,1.67
Pdpr,0.3558,0.11338490933316327,0.2727,5.51
Ntrk3,0.3558,0.11338490933316327,0.2727,77.09
Trf,0.3558,0.11338490933316327,0.2727,2.87
Gm43389,0.3558,0.11338490933316327,0.2727,1.05
Zfp874b,0.3558,0.11338490933316327,0.2727,10.53
Opa3,0.3558,0.11338490933316327,0.2727,62.28
Rnf20,0.3558,0.11338490933316327,0.2727,38.03
Fip1l1,0.3558,0.11338490933316327,0.2727,56.05
Gm5805,0.3558,0.11338490933316327,0.2727,1.86
Rbpms,0.3558,0.11338490933316327,0.2727,1.85
Fbxw5,0.3558,0.11338490933316327,0.2727,52.95
Egfl6,0.3551,0.11424888781839654,0.2747,1.44
Gm37396,0.3547,0.11467544615398162,0.275,0.68
Nxph4,0.3547,0.114628798004658,0.275,3.2
Gm44607,0.3546,0.11472865043476038,0.275,0.46
Gm43875,0.3545,0.11480159086511355,0.275,3.95
Rpia,0.3545,0.11480159086511355,0.275,9.44
Hyal1,0.3545,0.11480159086511355,0.275,2.85
Pan3,0.3545,0.11480159086511355,0.275,24.12
Top3b,0.3545,0.11480159086511355,0.275,13.25
Abcf1,0.3545,0.11480159086511355,0.275,61.93
Tubg2,0.3545,0.11480159086511355,0.275,42.71
Snhg20,0.3545,0.11480159086511355,0.275,83.9
Plekhg1,0.3545,0.11480159086511355,0.275,5.64
Ddx27,0.3545,0.11480159086511355,0.275,12.87
Chrm2,0.3545,0.11480159086511355,0.275,15.89
Oplah,0.3545,0.11480159086511355,0.275,11.08
Alkbh2,0.3545,0.11480159086511355,0.275,9.56
Cfap36,0.3545,0.11480159086511355,0.275,48.6
Ago2,0.3545,0.11480159086511355,0.275,100.44
Mrpl2,0.3545,0.11480159086511355,0.275,26.69
Cdh7,0.3539,0.11549700351912835,0.2765,0.74
Il16,0.3534,0.11610420224826047,0.2772,0.77
Ccl4,0.3532,0.11623101293161815,0.2772,1.82
Brd2,0.3532,0.11623101293161815,0.2772,186.05
Tbp,0.3532,0.11623101293161815,0.2772,11.23
Ncbp2,0.3532,0.11623101293161815,0.2772,55.08
Slc6a11,0.3532,0.11623101293161815,0.2772,2.81
Slx9,0.3532,0.11623101293161815,0.2772,25.36
Thap12,0.3532,0.11623101293161815,0.2772,19.96
Hopx,0.3532,0.11623101293161815,0.2772,55.82
Gm37305,0.3532,0.11623101293161815,0.2772,3.2
Ccnd2,0.3532,0.11623101293161815,0.2772,3.6
Zfp660,0.3532,0.11623101293161815,0.2772,1.36
Ube2l3,0.3532,0.11623101293161815,0.2772,136.5
Rims2,0.3532,0.11623101293161815,0.2772,32.63
Or4a47,0.3524,0.117163189394394,0.2793,1.06
Usp31,0.3519,0.11767322930096205,0.2794,107.17
Zfp783,0.3519,0.11767322930096205,0.2794,8.8
Tmem179,0.3519,0.11767322930096205,0.2794,195.13
Uba1,0.3519,0.11767322930096205,0.2794,140.09
Rilp,0.3519,0.11767322930096205,0.2794,2.47
Agbl4,0.3519,0.11767322930096205,0.2794,3.81
Tmem229a,0.3519,0.11767322930096205,0.2794,49.72
Tubgcp6,0.3519,0.11767322930096205,0.2794,11.05
Pard6a,0.3519,0.11767322930096205,0.2794,31.06
Ints11,0.3519,0.11767322930096205,0.2794,11.84
Gm37465,0.3519,0.11767322930096205,0.2794,0.91
Sv2b,0.3519,0.11767322930096205,0.2794,30.22
Coq8b,0.3519,0.11767322930096205,0.2794,7.94
Slx4,0.3519,0.11767322930096205,0.2794,3.18
Ube2v1,0.3519,0.11767322930096205,0.2794,5.64
Mrpl37,0.3519,0.11767322930096205,0.2794,23.8
Hsd17b8,0.3519,0.11767322930096205,0.2794,9.83
Scgb1a1,0.3511,0.11861561267713268,0.2814,0.54
Atp6ap1l,0.3508,0.11900016150904898,0.2814,2.26
Spryd4,0.3506,0.11912829331739894,0.2814,7.38
Pycr2,0.3506,0.11912829331739894,0.2814,21.27
Gm42515,0.3506,0.11912829331739894,0.2814,3.54
Copb2,0.3506,0.11912829331739894,0.2814,28.19
Fndc5,0.3506,0.11912829331739894,0.2814,35.79
Sbf2,0.3506,0.11912829331739894,0.2814,24.29
Pes1,0.3506,0.11912829331739894,0.2814,12.62
Kdm5d,0.3506,0.11912829331739894,0.2814,8.78
Cert1,0.3506,0.11912829331739894,0.2814,82.29
Slc25a26,0.3506,0.11912829331739894,0.2814,9.71
Prpf39,0.3506,0.11912829331739894,0.2814,17.51
Polr2m,0.3506,0.11912829331739894,0.2814,195.29
Wdr75,0.3506,0.11912829331739894,0.2814,14.72
Gm14586,0.3506,0.11912829331739894,0.2814,2.87
6030400A10Rik,0.3506,0.11912829331739894,0.2814,6.25
Ccdc136,0.3506,0.11912829331739894,0.2814,77.86
Gpat3,0.3506,0.11912829331739894,0.2814,1.59
Slc6a4,0.3505,0.11930720036663259,0.2818,3.66
4930518I15Rik,0.3501,0.11973219997556067,0.2828,0.68
Snx33,0.3498,0.12008095152632296,0.2835,1.05
Dhtkd1,0.3494,0.12059625789406855,0.2839,3.28
Fnip2,0.3494,0.12059625789406855,0.2839,6.56
Dab2,0.3494,0.12059625789406855,0.2839,1.44
Dvl2,0.3494,0.12059625789406855,0.2839,4.9
Mdfic2,0.3494,0.12059625789406855,0.2839,31.48
Gm37331,0.3494,0.12059625789406855,0.2839,1.22
Gm43071,0.3494,0.12059625789406855,0.2839,0.82
Klhl5,0.3494,0.12059625789406855,0.2839,20.53
Gpatch2,0.3494,0.12059625789406855,0.2839,13.36
Snrpn,0.3494,0.12059625789406855,0.2839,776.18
Cntnap5b,0.3494,0.12048534842946476,0.2839,1.6
4930453N24Rik,0.3481,0.12207717550592732,0.2865,18.27
Casp8ap2,0.3481,0.12207717550592732,0.2865,11.37
Tst,0.3481,0.12207717550592732,0.2865,3.09
Zfp395,0.3481,0.12207717550592732,0.2865,6.72
Man2a2,0.3481,0.12207717550592732,0.2865,64.67
Wdr43,0.3481,0.12207717550592732,0.2865,21.79
Tmem259,0.3481,0.12207717550592732,0.2865,67.74
Icosl,0.3481,0.12207717550592732,0.2865,1.66
Asap1,0.3481,0.12207717550592732,0.2865,253.19
Mfn1,0.3481,0.12207717550592732,0.2865,32.59
Chst10,0.3481,0.12207717550592732,0.2865,7.65
Rock2,0.3481,0.12207717550592732,0.2865,92.51
Golt1b,0.3481,0.12207717550592732,0.2865,40.63
Tnrc6b,0.3481,0.12207717550592732,0.2865,128.95
Zfp346,0.3481,0.12207717550592732,0.2865,14.1
Gm42537,0.3479,0.12226896932471042,0.2869,1.3
Gm44021,0.3472,0.12305058681953429,0.2886,0.47
Gm45846,0.3469,0.12344101308215207,0.2887,0.48
Sin3a,0.3468,0.12357109818269163,0.2887,16.65
Brpf1,0.3468,0.12357109818269163,0.2887,10.06
Smim10l2a,0.3468,0.12357109818269163,0.2887,22.34
Kpna6,0.3468,0.12357109818269163,0.2887,47.7
1700025G04Rik,0.3468,0.12357109818269163,0.2887,76.13
Ccnt2,0.3468,0.12357109818269163,0.2887,60.98
Trmt61b,0.3468,0.12357109818269163,0.2887,24.51
Rbck1,0.3468,0.12357109818269163,0.2887,71.95
Gm45464,0.3468,0.12357109818269163,0.2887,2.44
Gimap6,0.3468,0.12357109818269163,0.2887,2.3
Shq1,0.3468,0.12357109818269163,0.2887,2.94
Fbn1,0.3468,0.12357109818269163,0.2887,5.9
Smg5,0.3468,0.12357109818269163,0.2887,33.98
Med25,0.3468,0.12357109818269163,0.2887,40.18
Topors,0.3468,0.12357109818269163,0.2887,13.38
Cyp4x1,0.3468,0.12357109818269163,0.2887,36.97
Ccl11,0.3462,0.12419254536390735,0.29,1.23
C230085N15Rik,0.3462,0.12419254536390735,0.29,0.58
Pde7b,0.3459,0.12455498759150015,0.2908,0.6
Polr3c,0.3455,0.12507807750179886,0.2909,16.47
Slc50a1,0.3455,0.12507807750179886,0.2909,64.16
Zfp61,0.3455,0.12507807750179886,0.2909,5.41
Sgsm2,0.3455,0.12507807750179886,0.2909,48.14
Lck,0.3455,0.12507807750179886,0.2909,4.19
Eml5,0.3455,0.12507807750179886,0.2909,34.83
Fgfrl1,0.3455,0.12507807750179886,0.2909,1.79
Zfp64,0.3455,0.12507807750179886,0.2909,12.69
Fastkd1,0.3455,0.12507807750179886,0.2909,11.92
Osbp,0.3455,0.12507807750179886,0.2909,42.41
Txnl1,0.3455,0.12507807750179886,0.2909,114.02
Zfp91,0.3455,0.12507807750179886,0.2909,51.87
Gm43858,0.3455,0.12507807750179886,0.2909,0.54
Tcf7l2,0.3455,0.12507807750179886,0.2909,11.17
Ccdc106,0.3455,0.12507807750179886,0.2909,12.48
Psma1,0.3455,0.12507807750179886,0.2909,77.05
Gm42731,0.3455,0.12507807750179886,0.2909,1.16
Ddx56,0.3442,0.12659816458138165,0.293,12.58
Dclre1b,0.3442,0.12659816458138165,0.293,2.33
Asah1,0.3442,0.12659816458138165,0.293,58.24
Ipo7,0.3442,0.12659816458138165,0.293,54.0
Med1,0.3442,0.12659816458138165,0.293,27.63
Cox4i2,0.3442,0.12659816458138165,0.293,4.05
Chka,0.3442,0.12659816458138165,0.293,60.11
Yae1d1,0.3442,0.12659816458138165,0.293,39.28
Sfxn3,0.3442,0.12659816458138165,0.293,135.44
Exoc1,0.3442,0.12659816458138165,0.293,31.63
Taf7,0.3442,0.12659816458138165,0.293,16.36
Hdac11,0.3442,0.12659816458138165,0.293,120.08
Zfp764l1,0.3442,0.12659816458138165,0.293,2.61
C230031I18Rik,0.3442,0.12659816458138165,0.293,11.62
Nek6,0.3442,0.12659816458138165,0.293,5.76
Ube2h,0.3442,0.12659816458138165,0.293,88.91
Tstd2,0.3442,0.12659816458138165,0.293,14.16
Tnk2,0.3442,0.12659816458138165,0.293,84.07
Zcchc17,0.3442,0.12659816458138165,0.293,119.41
Gm31557,0.3433,0.12765543990587283,0.2954,0.35
Trim41,0.3429,0.12813141007326184,0.2955,25.13
Gm54798,0.3429,0.12813141007326184,0.2955,11.04
Zfp507,0.3429,0.12813141007326184,0.2955,10.99
Pemt,0.3429,0.12813141007326184,0.2955,12.07
Bbs4,0.3429,0.12813141007326184,0.2955,17.84
Alms1,0.3429,0.12813141007326184,0.2955,3.9
Larp1b,0.3429,0.12813141007326184,0.2955,28.08
Srrm1,0.3429,0.12813141007326184,0.2955,94.15
Gm44430,0.3429,0.12813141007326184,0.2955,0.66
Tsr3,0.3429,0.12813141007326184,0.2955,51.14
Kdm4c,0.3429,0.12813141007326184,0.2955,10.45
Gm43268,0.3429,0.12813141007326184,0.2955,9.11
Cpsf2,0.3429,0.12813141007326184,0.2955,51.53
Zfp512b,0.3429,0.12813141007326184,0.2955,23.96
Smg8,0.3429,0.12813141007326184,0.2955,11.69
Malt1,0.3429,0.12813141007326184,0.2955,2.83
Hmga1b,0.3423,0.1287706649444769,0.297,0.79
Cdh20,0.342,0.12914713873241787,0.2975,0.92
Utp25,0.3416,0.12967786415595978,0.2975,7.69
Snx13,0.3416,0.12967786415595978,0.2975,58.2
Zfp626,0.3416,0.12967786415595978,0.2975,3.04
Gm37354,0.3416,0.12967786415595978,0.2975,0.82
Galnt13,0.3416,0.12967786415595978,0.2975,62.36
Xkr8,0.3416,0.12967786415595978,0.2975,5.93
Qtrt1,0.3416,0.12967786415595978,0.2975,7.59
Zfp553,0.3416,0.12967786415595978,0.2975,8.8
Phka1,0.3416,0.12967786415595978,0.2975,22.63
Tmed2,0.3416,0.12967786415595978,0.2975,156.52
Cops8,0.3416,0.12967786415595978,0.2975,104.88
Maip1,0.3416,0.12967786415595978,0.2975,15.19
Gm49883,0.3416,0.12967786415595978,0.2975,8.74
Gm28791,0.3416,0.12967786415595978,0.2975,3.72
Gm28151,0.3416,0.12967786415595978,0.2975,1.62
Gm42551,0.3416,0.12967786415595978,0.2975,4.4
Dpysl4,0.3416,0.12967786415595978,0.2975,14.89
Nol9,0.3416,0.12967786415595978,0.2975,6.24
Stk19,0.3416,0.12967786415595978,0.2975,32.79
Pf4,0.3416,0.12967786415595978,0.2975,1.68
Vstm4,0.3416,0.12967786415595978,0.2975,2.19
Eno1,0.3416,0.12967786415595978,0.2975,174.94
Mtmr10,0.3416,0.12967786415595978,0.2975,7.41
Hars2,0.3416,0.12967786415595978,0.2975,11.27
Irx1,0.3413,0.1300403216478554,0.2983,1.78
Gm13558,0.341,0.13032311362168605,0.2989,0.82
Zfp663,0.3407,0.13070434051064977,0.2993,0.63
Gm38263,0.3407,0.13070434051064977,0.2993,1.14
A930012L18Rik,0.3407,0.13070434051064977,0.2993,2.04
Raf1,0.3403,0.13123757652772486,0.2993,54.73
Phf12,0.3403,0.13123757652772486,0.2993,20.73
S100b,0.3403,0.13123757652772486,0.2993,424.41
4930444P10Rik,0.3403,0.13123757652772486,0.2993,2.63
Camk2d,0.3403,0.13123757652772486,0.2993,388.58
Zkscan1,0.3403,0.13123757652772486,0.2993,35.22
Nup153,0.3403,0.13123757652772486,0.2993,30.31
Lmo4,0.3403,0.13123757652772486,0.2993,68.51
Kif17,0.3403,0.13123757652772486,0.2993,2.0
Cc2d1b,0.3403,0.13123757652772486,0.2993,32.6
Dut,0.3403,0.13123757652772486,0.2993,66.84
Arl14ep,0.3403,0.13123757652772486,0.2993,24.16
Cask,0.3403,0.13123757652772486,0.2993,53.74
Ndufa9,0.3403,0.13123757652772486,0.2993,42.1
Grsf1,0.3403,0.13123757652772486,0.2993,83.18
Grik5,0.3403,0.13123757652772486,0.2993,71.34
Senp3,0.3403,0.13123757652772486,0.2993,27.85
Ndst2,0.3403,0.13123757652772486,0.2993,4.96
Ccny,0.3403,0.13123757652772486,0.2993,47.74
Sp2,0.3403,0.13123757652772486,0.2993,13.82
Zfp790,0.3403,0.13123757652772486,0.2993,2.17
Fiz1,0.3403,0.13123757652772486,0.2993,9.88
Capn2,0.3403,0.13123757652772486,0.2993,115.42
Cdadc1,0.3403,0.13123757652772486,0.2993,61.09
Nlgn1,0.3403,0.13123757652772486,0.2993,8.18
Rskr,0.3397,0.13188884968498535,0.3006,0.35
Adra1a,0.3397,0.13188884968498535,0.3006,1.87
Smim35,0.3394,0.13227486767821775,0.3013,0.84
Cfap100,0.3391,0.13267671583534613,0.3013,1.37
Slc25a13,0.3391,0.13267671583534613,0.3013,1.61
Dcp1b,0.339,0.1328105963995839,0.3013,7.19
Pals2,0.339,0.1328105963995839,0.3013,11.01
B230112I24Rik,0.339,0.1328105963995839,0.3013,11.01
Gjc1,0.339,0.1328105963995839,0.3013,4.54
Xpo6,0.339,0.1328105963995839,0.3013,39.65
Gm47817,0.339,0.1328105963995839,0.3013,2.81
Usp36,0.339,0.1328105963995839,0.3013,14.0
Mars1,0.339,0.1328105963995839,0.3013,11.55
Arf4,0.339,0.1328105963995839,0.3013,130.34
Cd46,0.339,0.1328105963995839,0.3013,2.69
Scn5a,0.339,0.1328105963995839,0.3013,54.92
Sod1,0.339,0.1328105963995839,0.3013,230.09
Rnpepl1,0.339,0.1328105963995839,0.3013,13.37
Ftsj3,0.339,0.1328105963995839,0.3013,8.67
Exog,0.339,0.1328105963995839,0.3013,16.3
Crebrf,0.339,0.1328105963995839,0.3013,90.3
Ndufv1,0.339,0.1328105963995839,0.3013,91.28
Hnrnpul1,0.339,0.1328105963995839,0.3013,33.84
Nufip2,0.339,0.1328105963995839,0.3013,88.41
Slc35b4,0.339,0.1328105963995839,0.3013,62.23
Spring1,0.339,0.1328105963995839,0.3013,18.96
Onecut1,0.3388,0.13305040588841857,0.3018,3.35
Gm17597,0.3386,0.13328767204547728,0.3023,0.71
Gm37056,0.3384,0.13346792218899314,0.3026,1.15
Zc2hc1c,0.3378,0.13426247479993894,0.3032,0.79
Zfp949,0.3377,0.13439697248841173,0.3032,10.29
Dleu2,0.3377,0.13439697248841173,0.3032,4.2
Swt1,0.3377,0.13439697248841173,0.3032,18.56
Skap1,0.3377,0.13439697248841173,0.3032,28.0
Mbd2,0.3377,0.13439697248841173,0.3032,33.88
Odf2l,0.3377,0.13439697248841173,0.3032,7.48
P3h4,0.3377,0.13439697248841173,0.3032,12.04
Fam131c,0.3377,0.13439697248841173,0.3032,6.88
2700069I18Rik,0.3377,0.13439697248841173,0.3032,2.49
Mdk,0.3377,0.13439697248841173,0.3032,8.64
Grwd1,0.3377,0.13439697248841173,0.3032,10.21
Hivep1,0.3377,0.13439697248841173,0.3032,46.98
Gm4189,0.3377,0.13439697248841173,0.3032,2.11
Akt1s1,0.3377,0.13439697248841173,0.3032,69.08
Sf1,0.3377,0.13439697248841173,0.3032,96.48
Ubxn2a,0.3377,0.13439697248841173,0.3032,58.84
Slc4a7,0.3377,0.13439697248841173,0.3032,14.59
Tnrc18,0.3377,0.13439697248841173,0.3032,22.58
Sar1b,0.3377,0.13439697248841173,0.3032,43.35
Fmnl3,0.3377,0.13439697248841173,0.3032,2.49
Dcdc2b,0.3377,0.13439697248841173,0.3032,1.02
Msantd5l,0.3377,0.13439697248841173,0.3032,0.92
Zbtb34,0.3377,0.13439697248841173,0.3032,3.99
Gm38178,0.3371,0.13506037969065945,0.3046,2.13
C1ql3,0.3364,0.13599675301002181,0.3054,76.39
Rdh5,0.3364,0.13599675301002181,0.3054,10.88
Mapk8,0.3364,0.13599675301002181,0.3054,68.77
Gm13054,0.3364,0.13599675301002181,0.3054,2.61
Vav2,0.3364,0.13599675301002181,0.3054,11.94
Rnf113a2,0.3364,0.13599675301002181,0.3054,7.42
Chd9,0.3364,0.13599675301002181,0.3054,75.99
Smyd4,0.3364,0.13599675301002181,0.3054,12.35
Vps72,0.3364,0.13599675301002181,0.3054,22.39
Spred1,0.3364,0.13599675301002181,0.3054,41.36
Piezo2,0.3364,0.13599675301002181,0.3054,69.13
Mrpl46,0.3364,0.13599675301002181,0.3054,25.05
Rab3a,0.3364,0.13599675301002181,0.3054,587.47
Psmd11,0.3364,0.13599675301002181,0.3054,83.29
Ubr2,0.3364,0.13599675301002181,0.3054,65.23
Mier3,0.3364,0.13599675301002181,0.3054,14.18
Smarcc1,0.3364,0.13599675301002181,0.3054,76.92
Cadps,0.3364,0.13599675301002181,0.3054,368.4
D830035M03Rik,0.3364,0.13599675301002181,0.3054,2.31
Tmem184b,0.3364,0.13599675301002181,0.3054,74.31
Poc1a,0.3364,0.13599675301002181,0.3054,1.82
Tmem106c,0.3364,0.13599675301002181,0.3054,37.44
A2m,0.3363,0.13606160884944152,0.3056,0.81
Acss3,0.3355,0.13705975987329047,0.3076,0.5
Cmya5,0.3355,0.13706688977221312,0.3076,1.02
Cimip4,0.3354,0.1371789416434126,0.3076,0.33
Sae1,0.3351,0.13760998567228214,0.3076,52.7
Slc16a13,0.3351,0.13760998567228214,0.3076,1.53
Aftph,0.3351,0.13760998567228214,0.3076,48.11
Ccnl1,0.3351,0.13760998567228214,0.3076,36.75
Thada,0.3351,0.13760998567228214,0.3076,5.22
Epb41,0.3351,0.13760998567228214,0.3076,43.99
Tmem33,0.3351,0.13760998567228214,0.3076,96.57
Mgst1,0.3351,0.13760998567228214,0.3076,7.49
Dync2li1,0.3351,0.13760998567228214,0.3076,8.62
Ddx5,0.3351,0.13760998567228214,0.3076,350.34
Atp8b2,0.3351,0.13760998567228214,0.3076,21.23
Fbxo33,0.3351,0.13760998567228214,0.3076,22.84
Pigu,0.3351,0.13760998567228214,0.3076,16.58
Mob2,0.3351,0.13760998567228214,0.3076,65.36
Zfp219,0.3351,0.13760998567228214,0.3076,16.02
Gmppa,0.3351,0.13760998567228214,0.3076,13.31
Map6d1,0.3339,0.13910039689289022,0.31,2.01
Map3k11,0.3338,0.13923671766825074,0.31,12.6
Polr2b,0.3338,0.13923671766825074,0.31,19.37
Gm43887,0.3338,0.13923671766825074,0.31,0.67
Pisd-ps2,0.3338,0.13923671766825074,0.31,10.42
Dcn,0.3338,0.13923671766825074,0.31,11.99
Mpdu1,0.3338,0.13923671766825074,0.31,44.49
H2-Q4,0.3338,0.13923671766825074,0.31,6.16
Snapc4,0.3338,0.13923671766825074,0.31,8.86
Inpp5b,0.3338,0.13923671766825074,0.31,12.35
Gzf1,0.3338,0.13923671766825074,0.31,12.68
Tfap4,0.3338,0.13923671766825074,0.31,5.18
Vac14,0.3338,0.13923671766825074,0.31,13.18
Dhrs7b,0.3338,0.13923671766825074,0.31,14.96
Gm40841,0.3338,0.13923671766825074,0.31,3.54
Gm49284,0.3338,0.13923671766825074,0.31,2.59
Phykpl,0.3338,0.13923671766825074,0.31,3.77
Ttc7b,0.3338,0.13923671766825074,0.31,54.65
6330409D20Rik,0.3338,0.13923671766825074,0.31,6.17
Ldlrap1,0.3332,0.13991854014112548,0.3114,0.51
Rrm2,0.3329,0.14032908435523866,0.3123,0.98
Ikbkg,0.3325,0.14087699566933978,0.3123,21.3
Gpr61,0.3325,0.14087699566933978,0.3123,12.29
AI854703,0.3325,0.14087699566933978,0.3123,17.26
Zfp251,0.3325,0.14087699566933978,0.3123,25.5
Gm34294,0.3325,0.14087699566933978,0.3123,1.5
Hat1,0.3325,0.14087699566933978,0.3123,7.84
Rcl1,0.3325,0.14087699566933978,0.3123,11.3
Prxl2a,0.3325,0.14087699566933978,0.3123,36.83
Crtc3,0.3325,0.14087699566933978,0.3123,32.82
Necab3,0.3325,0.14087699566933978,0.3123,18.71
Cecr2,0.3325,0.14087699566933978,0.3123,1.25
Dennd5b,0.3325,0.14087699566933978,0.3123,36.1
Lin7a,0.3325,0.14087699566933978,0.3123,29.78
D330023K18Rik,0.3325,0.14087699566933978,0.3123,19.27
Eef1d,0.3325,0.14087699566933978,0.3123,61.64
Kcnk12,0.3325,0.14087699566933978,0.3123,2.73
Ebf2,0.3319,0.14156501300818278,0.3138,1.27
Parn,0.3312,0.14253086581850188,0.3146,21.81
Gramd1a,0.3312,0.14253086581850188,0.3146,51.98
Zfp287,0.3312,0.14253086581850188,0.3146,9.98
Aatf,0.3312,0.14253086581850188,0.3146,4.75
Arhgap33,0.3312,0.14253086581850188,0.3146,40.47
4732414G09Rik,0.3312,0.14253086581850188,0.3146,2.77
Mia3,0.3312,0.14253086581850188,0.3146,85.2
A130014A01Rik,0.3312,0.14253086581850188,0.3146,2.0
Rnf114,0.3312,0.14253086581850188,0.3146,53.67
Ifnar2,0.3312,0.14253086581850188,0.3146,13.81
Babam1,0.3312,0.14253086581850188,0.3146,58.55
Mknk1,0.3312,0.14253086581850188,0.3146,10.53
Gm48889,0.3312,0.14253086581850188,0.3146,4.45
Pcdhgc4,0.3312,0.14253086581850188,0.3146,3.73
Rars2,0.3312,0.14253086581850188,0.3146,7.55
Dhx57,0.3312,0.14253086581850188,0.3146,29.47
Mbd3,0.3312,0.14253086581850188,0.3146,90.64
Alcam,0.3312,0.14253086581850188,0.3146,371.06
Sel1l3,0.3312,0.14253086581850188,0.3146,15.8
Atxn2l,0.3312,0.14253086581850188,0.3146,63.12
Uba7,0.3312,0.14253086581850188,0.3146,2.96
Pcdhb12,0.3312,0.14253086581850188,0.3146,2.29
Sec23a,0.3312,0.14253086581850188,0.3146,141.24
Brdt,0.3312,0.14253086581850188,0.3146,15.41
Agpat3,0.3312,0.14253086581850188,0.3146,82.18
Arl8b,0.3312,0.14253086581850188,0.3146,195.39
P2rx7,0.3312,0.14253086581850188,0.3146,2.76
Gm20063,0.3307,0.14307413579546915,0.3157,0.76
Tuft1,0.3306,0.14322510595158403,0.3158,0.66
Slco2a1,0.3306,0.14322510595158403,0.3158,0.55
Pabpc4l,0.3303,0.1436457271722404,0.3167,0.57
Gm38021,0.33,0.14406027416897557,0.3167,0.81
Lmnb1,0.3299,0.14419837372344504,0.3167,2.51
Marchf6,0.3299,0.14419837372344504,0.3167,191.24
Ccdc168,0.3299,0.14419837372344504,0.3167,0.8
1810062G17Rik,0.3299,0.14419837372344504,0.3167,2.21
Dglucy,0.3299,0.14419837372344504,0.3167,3.19
Ppox,0.3299,0.14419837372344504,0.3167,8.07
Cpt1a,0.3299,0.14419837372344504,0.3167,85.14
Pdcd7,0.3299,0.14419837372344504,0.3167,33.6
Rbm25,0.3299,0.14419837372344504,0.3167,86.04
2810002D19Rik,0.3299,0.14419837372344504,0.3167,7.91
Alg6,0.3299,0.14419837372344504,0.3167,11.35
Dnah7a,0.3299,0.14419837372344504,0.3167,3.55
Cnot8,0.3299,0.14419837372344504,0.3167,33.87
Piwil4,0.3299,0.14419837372344504,0.3167,1.06
Psmc4,0.3299,0.14419837372344504,0.3167,43.13
Cacnb4,0.3299,0.14419837372344504,0.3167,98.16
Tmem69,0.3299,0.14419837372344504,0.3167,2.8
Gm37780,0.3299,0.14419837372344504,0.3167,1.55
5730455P16Rik,0.3299,0.14419837372344504,0.3167,64.02
Lmf2,0.3299,0.14419837372344504,0.3167,14.37
Wls,0.3299,0.14419837372344504,0.3167,81.66
Efnb1,0.3299,0.14419837372344504,0.3167,17.69
Gm26560,0.3296,0.1445987189260262,0.3175,0.28
Prkcg,0.3293,0.14489886439798952,0.3182,0.7
Rbp2,0.329,0.14532458124025857,0.319,5.05
Gm43760,0.329,0.14532458124025857,0.319,0.56
Map1b,0.3286,0.14587956444987268,0.3193,2565.75
Sclt1,0.3286,0.14587956444987268,0.3193,10.92
Pcsk7,0.3286,0.14587956444987268,0.3193,18.34
Ell,0.3286,0.14587956444987268,0.3193,10.83
Mgat5b,0.3286,0.14587956444987268,0.3193,25.75
Ctps2,0.3286,0.14587956444987268,0.3193,24.9
Gm47503,0.3286,0.14587956444987268,0.3193,0.85
Palld,0.3286,0.14587956444987268,0.3193,15.81
Bmf,0.3286,0.14587956444987268,0.3193,3.81
Zftraf1,0.3286,0.14587956444987268,0.3193,129.58
Ddx39a,0.3286,0.14587956444987268,0.3193,6.94
Car7,0.3286,0.14587956444987268,0.3193,3.28
Usp32,0.3286,0.14587956444987268,0.3193,96.78
4632415L05Rik,0.3286,0.14587956444987268,0.3193,26.47
Pdia4,0.3273,0.14757448251475364,0.322,20.44
Slitrk1,0.3273,0.14757448251475364,0.322,49.08
Lclat1,0.3273,0.14757448251475364,0.322,33.19
Snhg11,0.3273,0.14757448251475364,0.322,1531.93
Amfr,0.3273,0.14757448251475364,0.322,114.69
Ogfod2,0.3273,0.14757448251475364,0.322,29.67
Cfap96,0.3273,0.14757448251475364,0.322,1.87
1700030K09Rik,0.3273,0.14757448251475364,0.322,3.89
Arhgap6,0.3273,0.14757448251475364,0.322,19.96
Fam114a2,0.3273,0.14757448251475364,0.322,49.16
Yipf6,0.3273,0.14757448251475364,0.322,43.09
Gm38111,0.3267,0.14828755677210215,0.3235,0.99
Gm35082,0.3264,0.148723579055747,0.3241,1.16
Zap70,0.3264,0.14873952048455977,0.3241,0.51
Chd2,0.326,0.14928317187962065,0.3241,27.77
Pnn,0.326,0.14928317187962065,0.3241,46.22
Cyc1,0.326,0.14928317187962065,0.3241,181.65
Dnaja4,0.326,0.14928317187962065,0.3241,35.31
Dnajb5,0.326,0.14928317187962065,0.3241,9.1
Gen1,0.326,0.14928317187962065,0.3241,1.72
Gm44043,0.326,0.14928317187962065,0.3241,1.46
Exosc10,0.326,0.14928317187962065,0.3241,10.65
Gm44432,0.326,0.14928317187962065,0.3241,1.24
Ndor1,0.326,0.14928317187962065,0.3241,3.82
Gm56430,0.326,0.14928317187962065,0.3241,1.24
Nop2,0.326,0.14928317187962065,0.3241,7.22
Gm43378,0.326,0.14928317187962065,0.3241,0.56
Usp19,0.326,0.14928317187962065,0.3241,69.17
Zfp236,0.326,0.14928317187962065,0.3241,15.41
Zfp280c,0.326,0.14928317187962065,0.3241,10.0
A230056P14Rik,0.326,0.14928317187962065,0.3241,3.49
Zfp775,0.326,0.14928317187962065,0.3241,6.24
Cpsf4,0.326,0.14928317187962065,0.3241,6.35
Taf6,0.326,0.14928317187962065,0.3241,24.42
Cd2bp2,0.326,0.14928317187962065,0.3241,36.3
Fam98c,0.326,0.14928317187962065,0.3241,37.05
Dsg2,0.3252,0.15027097083205235,0.3261,2.59
Adamts18,0.3251,0.15046326480736102,0.3265,0.68
Gm42583,0.3251,0.15046326480736102,0.3265,0.87
Phactr2,0.3247,0.15100567594389835,0.3267,113.85
Tmem164,0.3247,0.15100567594389835,0.3267,21.38
Nampt,0.3247,0.15100567594389835,0.3267,49.01
Gm48996,0.3247,0.15100567594389835,0.3267,1.1
Zfp644,0.3247,0.15100567594389835,0.3267,42.54
Ube2l6,0.3247,0.15100567594389835,0.3267,34.24
Bcs1l,0.3247,0.15100567594389835,0.3267,13.93
Gm43879,0.3247,0.15100567594389835,0.3267,20.39
Gm19935,0.3247,0.15100567594389835,0.3267,1.8
Ccdc85b,0.3247,0.15100567594389835,0.3267,179.17
Gm40264,0.3247,0.15100567594389835,0.3267,0.53
Stard3,0.3247,0.15100567594389835,0.3267,15.77
Cyyr1,0.3247,0.15100567594389835,0.3267,1.48
E4f1,0.3247,0.15100567594389835,0.3267,12.31
Mmachc,0.3247,0.15100567594389835,0.3267,14.84
Nme6,0.3247,0.15100567594389835,0.3267,11.48
Rab40c,0.3247,0.15100567594389835,0.3267,20.43
Gpr39,0.3238,0.15220094375599716,0.3285,0.66
Kif7,0.3238,0.15217792240503142,0.3285,0.72
Pnck,0.3234,0.1527420375382629,0.3285,25.68
Camk1,0.3234,0.1527420375382629,0.3285,70.35
Ndrg3,0.3234,0.1527420375382629,0.3285,126.46
Rtn3,0.3234,0.1527420375382629,0.3285,1052.67
Pik3r4,0.3234,0.1527420375382629,0.3285,18.12
Pank4,0.3234,0.1527420375382629,0.3285,7.95
Zbtb43,0.3234,0.1527420375382629,0.3285,9.55
Aggf1,0.3234,0.1527420375382629,0.3285,29.42
Gm49700,0.3234,0.1527420375382629,0.3285,1.61
Srcap,0.3234,0.1527420375382629,0.3285,4.83
3110082I17Rik,0.3234,0.1527420375382629,0.3285,7.0
Ifrd2,0.3234,0.1527420375382629,0.3285,3.78
Trim11,0.3234,0.1527420375382629,0.3285,10.78
Txlna,0.3234,0.1527420375382629,0.3285,35.35
Eif3e,0.3234,0.1527420375382629,0.3285,68.32
Nlgn2,0.3234,0.1527420375382629,0.3285,60.13
Grhpr,0.3234,0.1527420375382629,0.3285,3.97
9330104G04Rik,0.3234,0.1527420375382629,0.3285,1.12
Cfap410,0.3234,0.1527420375382629,0.3285,40.66
Usp42,0.3234,0.1527420375382629,0.3285,11.68
Snhg8,0.3234,0.1527420375382629,0.3285,78.37
Snhg5,0.3234,0.1527420375382629,0.3285,10.69
Cx3cl1,0.3234,0.1527420375382629,0.3285,1.92
Gm16046,0.3228,0.15350843908666142,0.3298,0.48
Apol8,0.3228,0.15347419054544512,0.3298,0.85
Gm43329,0.3225,0.15392595625455965,0.3306,0.65
Trdn,0.3225,0.15392595625455965,0.3306,2.76
C1qtnf6,0.3225,0.1539526001829471,0.3306,0.49
Il25,0.3222,0.15435078434611885,0.3306,1.29
Tdrp,0.3221,0.15449229891803318,0.3306,25.45
Cmtr1,0.3221,0.15449229891803318,0.3306,17.13
Zfp942,0.3221,0.15449229891803318,0.3306,9.07
Traf3,0.3221,0.15449229891803318,0.3306,26.38
Tprkb,0.3221,0.15449229891803318,0.3306,30.51
Hnrnpl,0.3221,0.15449229891803318,0.3306,85.03
Cdk4,0.3221,0.15449229891803318,0.3306,31.6
Pcsk1,0.3221,0.15449229891803318,0.3306,175.66
Gm15879,0.3221,0.15449229891803318,0.3306,2.12
Crlf3,0.3221,0.15449229891803318,0.3306,18.3
Wdr91,0.3221,0.15449229891803318,0.3306,7.22
Irak1bp1,0.3221,0.15449229891803318,0.3306,19.82
Asl,0.3221,0.15449229891803318,0.3306,31.26
Csnk1g2,0.3221,0.15449229891803318,0.3306,104.79
Gm43258,0.3221,0.15449229891803318,0.3306,1.78
Plekhg2,0.3221,0.15449229891803318,0.3306,4.85
Mthfsd,0.3221,0.15449229891803318,0.3306,28.8
Dgke,0.3221,0.15449229891803318,0.3306,33.55
Pnrc2,0.3221,0.15449229891803318,0.3306,19.07
Zc3h12b,0.3221,0.15449229891803318,0.3306,5.51
Methig1,0.3219,0.15478689301905096,0.3312,2.56
Gm45191,0.3218,0.15483368318172752,0.3312,0.84
Gm45286,0.3215,0.15523086495097163,0.332,0.5
Sms-ps,0.3215,0.15523086495097163,0.332,1.16
Cacna2d4,0.3209,0.1560561416776725,0.3332,0.38
Narf,0.3208,0.15625650175659497,0.3332,26.09
Gm43294,0.3208,0.15625650175659497,0.3332,0.71
Gm38380,0.3208,0.15625650175659497,0.3332,5.12
Cdc42bpg,0.3208,0.15625650175659497,0.3332,0.96
Ust,0.3208,0.15625650175659497,0.3332,30.2
C730045M19Rik,0.3208,0.15625650175659497,0.3332,1.65
Odc1,0.3208,0.15625650175659497,0.3332,54.8
Fbxl6,0.3208,0.15625650175659497,0.3332,10.31
Efnb3,0.3208,0.15625650175659497,0.3332,1.18
Islr,0.3208,0.15625650175659497,0.3332,1.26
Gspt1,0.3208,0.15625650175659497,0.3332,36.59
Naa60,0.3208,0.15625650175659497,0.3332,40.9
4930458D05Rik,0.3202,0.1571016055339802,0.3349,0.39
4930526A20Rik,0.3196,0.15789207905661054,0.3358,0.55
Thy1,0.3195,0.15803468713885824,0.3358,432.81
Syt17,0.3195,0.15803468713885824,0.3358,53.14
Supv3l1,0.3195,0.15803468713885824,0.3358,9.94
Ube2t,0.3195,0.15803468713885824,0.3358,3.69
Lrrc2,0.3195,0.15803468713885824,0.3358,3.73
Mars2,0.3195,0.15803468713885824,0.3358,7.46
Gm10814,0.3195,0.15803468713885824,0.3358,2.31
2900052L18Rik,0.3195,0.15803468713885824,0.3358,1.97
Gm43176,0.3195,0.15803468713885824,0.3358,0.57
Slco1a4,0.3195,0.15803468713885824,0.3358,0.76
Gm44800,0.3195,0.15803468713885824,0.3358,3.55
Gm43300,0.3195,0.15803468713885824,0.3358,1.56
Cramp1,0.3195,0.15803468713885824,0.3358,23.41
BC064078,0.3195,0.15803468713885824,0.3358,0.84
Nrm,0.3195,0.15803468713885824,0.3358,2.78
Cdh18,0.3195,0.15803468713885824,0.3358,2.81
Ankrd13a,0.3195,0.15803468713885824,0.3358,29.8
Sp4,0.3195,0.15803468713885824,0.3358,12.07
Pdcd4,0.3195,0.15803468713885824,0.3358,41.4
Rtf1,0.3195,0.15803468713885824,0.3358,100.64
9330185C12Rik,0.319,0.1587498547926579,0.3372,0.45
Plekhg4,0.3182,0.15982689555474963,0.3382,2.37
Gm9958,0.3182,0.15982689555474963,0.3382,0.98
Pkdcc,0.3182,0.15982689555474963,0.3382,2.94
Tmem132e,0.3182,0.15982689555474963,0.3382,57.91
Lamb1,0.3182,0.15982689555474963,0.3382,5.31
Jph1,0.3182,0.15982689555474963,0.3382,6.71
Ncbp3,0.3182,0.15982689555474963,0.3382,28.05
Utp6,0.3182,0.15982689555474963,0.3382,20.0
Gm43259,0.3182,0.15982689555474963,0.3382,1.34
Abi2,0.3182,0.15982689555474963,0.3382,88.21
Rab33b,0.3182,0.15982689555474963,0.3382,31.09
Add3,0.3182,0.15982689555474963,0.3382,25.02
Hibadh,0.3182,0.15982689555474963,0.3382,55.07
Gps1,0.3182,0.15982689555474963,0.3382,69.34
Commd5,0.3182,0.15982689555474963,0.3382,1.11
Fbxl18,0.3182,0.15982689555474963,0.3382,16.73
Slc43a3,0.3182,0.15982689555474963,0.3382,22.78
5330409N07Rik,0.3182,0.15982689555474963,0.3382,5.25
Gm12258,0.3182,0.15982689555474963,0.3382,8.63
Amd2,0.3176,0.1605848581132794,0.3398,0.73
Egr2,0.3169,0.16163316689274107,0.3404,13.93
Coq9,0.3169,0.16163316689274107,0.3404,18.79
Uggt2,0.3169,0.16163316689274107,0.3404,11.27
Foxc1,0.3169,0.16163316689274107,0.3404,0.74
Malat1,0.3169,0.16163316689274107,0.3404,13702.38
Map3k1,0.3169,0.16163316689274107,0.3404,30.83
Med20,0.3169,0.16163316689274107,0.3404,16.69
Gm45804,0.3169,0.16163316689274107,0.3404,5.77
Pcdhb19,0.3169,0.16163316689274107,0.3404,3.3
Fads6,0.3169,0.16163316689274107,0.3404,15.51
Garre1,0.3169,0.16163316689274107,0.3404,20.66
Aga,0.3169,0.16163316689274107,0.3404,6.01
Ptcd3,0.3169,0.16163316689274107,0.3404,18.25
Dmwd,0.3169,0.16163316689274107,0.3404,75.0
Rec114,0.3169,0.16163316689274107,0.3404,4.59
Tcirg1,0.3169,0.16163316689274107,0.3404,3.24
Urb2,0.3169,0.16163316689274107,0.3404,6.56
Slc1a4,0.3169,0.16163316689274107,0.3404,52.66
Zfp142,0.3169,0.16163316689274107,0.3404,16.49
Hspa4l,0.3169,0.16163316689274107,0.3404,141.16
Zfp975,0.3156,0.16345354043341237,0.3429,2.83
Slc27a4,0.3156,0.16345354043341237,0.3429,84.22
Gm10777,0.3156,0.16345354043341237,0.3429,0.6
Morn1,0.3156,0.16345354043341237,0.3429,1.44
BC002059,0.3156,0.16345354043341237,0.3429,3.61
Dpagt1,0.3156,0.16345354043341237,0.3429,23.02
Eif4a3,0.3156,0.16345354043341237,0.3429,18.52
Tmem87a,0.3156,0.16345354043341237,0.3429,5.97
Rsrp1,0.3156,0.16345354043341237,0.3429,257.97
Gm43843,0.3156,0.16345354043341237,0.3429,3.19
Tent2,0.3156,0.16345354043341237,0.3429,20.55
Med30,0.3156,0.16345354043341237,0.3429,40.43
Cd59b,0.3156,0.16345354043341237,0.3429,3.51
Ccr10,0.3156,0.16345354043341237,0.3429,1.39
Creld2,0.3156,0.16345354043341237,0.3429,6.28
Mrps23,0.3156,0.16345354043341237,0.3429,65.59
Gucy1a1,0.3156,0.16345354043341237,0.3429,13.04
Tbxa2r,0.3156,0.16345354043341237,0.3429,0.76
Taf8,0.3156,0.16345354043341237,0.3429,7.08
Rab27b,0.3156,0.16345354043341237,0.3429,28.81
Hrc,0.3154,0.1636729889923294,0.3433,0.37
A930003O13Rik,0.315,0.1642216797678879,0.3443,0.62
6720475M21Rik,0.315,0.16422456308066466,0.3443,0.52
Col8a1,0.3143,0.1652880548430547,0.3452,2.67
Art3,0.3143,0.1652880548430547,0.3452,9.21
Gm48735,0.3143,0.1652880548430547,0.3452,0.75
Rbbp5,0.3143,0.1652880548430547,0.3452,33.18
Hspb2,0.3143,0.1652880548430547,0.3452,2.28
Pdgfa,0.3143,0.1652880548430547,0.3452,71.57
Elk4,0.3143,0.1652880548430547,0.3452,13.11
Bccip,0.3143,0.1652880548430547,0.3452,27.96
Leng9,0.3143,0.1652880548430547,0.3452,3.04
Ermardl2,0.3143,0.1652880548430547,0.3452,2.52
Bmpr2,0.3143,0.1652880548430547,0.3452,277.11
Ppp1r16b,0.3143,0.1652880548430547,0.3452,4.94
Ggcx,0.3143,0.1652880548430547,0.3452,4.66
Klhl13,0.3143,0.1652880548430547,0.3452,30.07
Mrpl4,0.3143,0.1652880548430547,0.3452,42.18
Patl1,0.3143,0.1652880548430547,0.3452,15.34
mt-Atp6,0.3143,0.1652880548430547,0.3452,108.53
E230016M11Rik,0.3143,0.1652880548430547,0.3452,5.53
Magef1,0.3143,0.1652880548430547,0.3452,6.04
Gm38223,0.3143,0.1652880548430547,0.3452,0.83
Gmps,0.3143,0.1652880548430547,0.3452,70.82
Ccdc8,0.3137,0.16606564559725503,0.3468,2.34
Rgs9,0.313,0.16713674816730892,0.348,12.62
Uqcc6,0.313,0.16713674816730892,0.348,10.87
Mlh1,0.313,0.16713674816730892,0.348,5.17
Serpina3g,0.313,0.16713674816730892,0.348,21.84
Gm2011,0.313,0.16713674816730892,0.348,12.72
Larp1,0.313,0.16713674816730892,0.348,144.09
Norad,0.313,0.16713674816730892,0.348,776.53
Tmem150a,0.313,0.16713674816730892,0.348,6.26
Armh3,0.313,0.16713674816730892,0.348,19.76
Smyd3,0.313,0.16713674816730892,0.348,22.25
Lmo1,0.313,0.16713674816730892,0.348,110.42
Rpp25l,0.313,0.16713674816730892,0.348,18.68
Tent5c,0.313,0.16713674816730892,0.348,1.48
1700016P03Rik,0.313,0.16713674816730892,0.348,1.32
Ssbp3,0.313,0.16713674816730892,0.348,198.94
Nacc1,0.313,0.16713674816730892,0.348,53.22
Npas2,0.3124,0.16792093210253992,0.3496,0.64
Pdzph1,0.3121,0.1684739861802751,0.3505,0.75
Gm20515,0.3118,0.16885391349717851,0.3505,0.4
Trpv4,0.3118,0.16885391349717851,0.3505,0.91
Pex12,0.3117,0.16899965782484547,0.3505,5.85
Abca9,0.3117,0.16899965782484547,0.3505,0.99
Nid2,0.3117,0.16899965782484547,0.3505,2.85
Kcnj3,0.3117,0.16899965782484547,0.3505,51.17
Cwf19l2,0.3117,0.16899965782484547,0.3505,29.0
Ercc1,0.3117,0.16899965782484547,0.3505,17.27
Tmem50b,0.3117,0.16899965782484547,0.3505,119.53
Gabarapl1,0.3117,0.16899965782484547,0.3505,626.47
Vps26c,0.3117,0.16899965782484547,0.3505,20.82
Pusl1,0.3117,0.16899965782484547,0.3505,21.17
Zfp691,0.3117,0.16899965782484547,0.3505,2.93
Itih5,0.3117,0.16899965782484547,0.3505,10.22
D030056L22Rik,0.3117,0.16899965782484547,0.3505,34.3
Zfp112,0.3117,0.16899965782484547,0.3505,6.86
Fance,0.3117,0.16899965782484547,0.3505,12.57
Gm47664,0.3117,0.16899965782484547,0.3505,4.52
Chrdl1,0.3114,0.16941183336962343,0.3513,2.68
Gm48878,0.3111,0.1697904597851181,0.352,3.59
Gm38355,0.3108,0.17029150202682605,0.353,1.47
Hspb3,0.3108,0.17029150202682605,0.353,1.51
Gm47024,0.3105,0.17073057551539747,0.353,1.8
Phospho1,0.3104,0.17087682060108259,0.353,3.4
Gm5431,0.3104,0.17087682060108259,0.353,0.69
Epb41l1,0.3104,0.17087682060108259,0.353,149.07
Ppil1,0.3104,0.17087682060108259,0.353,15.16
Gm37814,0.3104,0.17087682060108259,0.353,2.58
Fan1,0.3104,0.17087682060108259,0.353,1.32
Alg3,0.3104,0.17087682060108259,0.353,12.27
Syne2,0.3104,0.17087682060108259,0.353,8.91
Rpl10-ps6,0.3104,0.17087682060108259,0.353,1.37
Dbi,0.3104,0.17087682060108259,0.353,762.32
Zfp941,0.3104,0.17087682060108259,0.353,20.09
Parp10,0.3104,0.17087682060108259,0.353,5.46
Dad1,0.3104,0.17087682060108259,0.353,280.75
Rabggtb,0.3104,0.17087682060108259,0.353,92.89
Taf2,0.3091,0.17276827264194697,0.3557,30.28
Nuak2,0.3091,0.17276827264194697,0.3557,1.6
Hsp90b1,0.3091,0.17276827264194697,0.3557,231.62
Aen,0.3091,0.17276827264194697,0.3557,19.09
Tufm,0.3091,0.17276827264194697,0.3557,24.42
Wfikkn2,0.3091,0.17276827264194697,0.3557,1.92
Dgcr8,0.3091,0.17276827264194697,0.3557,19.49
Esyt3,0.3091,0.17276827264194697,0.3557,2.46
Tlr3,0.3091,0.17276827264194697,0.3557,6.92
Dhx15,0.3091,0.17276827264194697,0.3557,77.17
Cpeb2,0.3091,0.17276827264194697,0.3557,168.66
Nek3,0.3091,0.17276827264194697,0.3557,4.18
Pdss2,0.3091,0.17276827264194697,0.3557,10.95
Rint1,0.3091,0.17276827264194697,0.3557,12.05
A230059L01Rik,0.3091,0.17276827264194697,0.3557,1.01
Sos2,0.3091,0.17276827264194697,0.3557,27.71
Jarid2,0.3091,0.17276827264194697,0.3557,26.67
Rhob,0.3078,0.17467404944767495,0.3583,136.2
Kif21b,0.3078,0.17467404944767495,0.3583,3.67
Reep2,0.3078,0.17467404944767495,0.3583,153.67
9130221H12Rik,0.3078,0.17467404944767495,0.3583,4.09
Gm4924,0.3078,0.17467404944767495,0.3583,5.33
Gm48701,0.3078,0.17467404944767495,0.3583,1.07
Fam171a2,0.3078,0.17467404944767495,0.3583,37.42
Slc25a23,0.3078,0.17467404944767495,0.3583,43.94
Lrp1b,0.3078,0.17467404944767495,0.3583,44.61
Arhgap21,0.3078,0.17467404944767495,0.3583,62.86
Ino80d,0.3078,0.17467404944767495,0.3583,40.21
Asb7,0.3078,0.17467404944767495,0.3583,16.29
Bcas3,0.3078,0.17467404944767495,0.3583,45.58
Dhdds,0.3078,0.17467404944767495,0.3583,50.68
Rad1,0.3078,0.17467404944767495,0.3583,12.41
Adcy8,0.3078,0.17467404944767495,0.3583,4.21
Lap3,0.3078,0.17467404944767495,0.3583,23.09
Ldaf1,0.3078,0.17467404944767495,0.3583,24.0
Lrrc36,0.3072,0.17548485219449686,0.3598,0.97
Gm37602,0.3072,0.17548485219449686,0.3598,0.5
Crygn,0.3072,0.17548485219449686,0.3598,0.83
6330411D24Rik,0.3068,0.17607749716206508,0.3608,2.5
Gm47232,0.3065,0.17659418586665693,0.3608,1.03
A530076I17Rik,0.3065,0.17659418586665693,0.3608,0.7
Gm13524,0.3065,0.17659418586665693,0.3608,0.74
Tbc1d9b,0.3065,0.17659418586665693,0.3608,125.43
Maf1,0.3065,0.17659418586665693,0.3608,47.95
Cdkl5,0.3065,0.17659418586665693,0.3608,15.88
E430021H15Rik,0.3065,0.17659418586665693,0.3608,1.74
Tjp2,0.3065,0.17659418586665693,0.3608,5.3
Gabra3,0.3065,0.17659418586665693,0.3608,5.41
Rbl2,0.3065,0.17659418586665693,0.3608,14.0
Aldh5a1,0.3065,0.17659418586665693,0.3608,27.29
Gm42974,0.3065,0.17659418586665693,0.3608,6.43
Atp1a1,0.3065,0.17659418586665693,0.3608,960.96
Kctd21,0.3065,0.17659418586665693,0.3608,3.5
Abhd17b,0.3065,0.17659418586665693,0.3608,48.19
Ube2b,0.3065,0.17659418586665693,0.3608,394.15
Sdccag8,0.3065,0.17659418586665693,0.3608,10.84
Abca1,0.3065,0.17659418586665693,0.3608,52.71
Trappc10,0.3065,0.17659418586665693,0.3608,54.29
Mpp2,0.3065,0.17659418586665693,0.3608,32.3
Gm38082,0.3065,0.17659418586665693,0.3608,0.84
Gm19744,0.3062,0.17704417864385022,0.3616,1.38
Gm11175,0.3059,0.17741170364467174,0.3623,1.21
Gm43256,0.3059,0.1774930278496024,0.3625,0.41
Ccn2,0.3056,0.17793562507253738,0.363,1.47
Ncan,0.3052,0.17852871608932544,0.363,8.12
Jpx,0.3052,0.17852871608932544,0.363,3.63
Gsk3a,0.3052,0.17852871608932544,0.363,97.14
Efl1,0.3052,0.17852871608932544,0.363,5.05
Trappc13,0.3052,0.17852871608932544,0.363,47.44
Gm44623,0.3052,0.17852871608932544,0.363,1.34
Gm21926,0.3052,0.17852871608932544,0.363,18.33
Dcun1d2,0.3052,0.17852871608932544,0.363,24.33
Slc11a2,0.3052,0.17852871608932544,0.363,26.78
Ncor2,0.3052,0.17852871608932544,0.363,82.51
Sart1,0.3052,0.17852871608932544,0.363,21.76
Gm6345,0.3052,0.17852871608932544,0.363,1.16
Gfm1,0.3052,0.17852871608932544,0.363,18.48
Cpsf7,0.3052,0.17852871608932544,0.363,42.61
Eny2,0.3052,0.17852871608932544,0.363,101.07
Gm44863,0.3052,0.17852871608932544,0.363,1.48
Tubb4a,0.3052,0.17852871608932544,0.363,301.24
Brsk1,0.3052,0.17852871608932544,0.363,67.66
Thsd7a,0.3052,0.17852871608932544,0.363,172.37
Cactin,0.3052,0.17852871608932544,0.363,10.83
Mfap1b,0.3052,0.17852871608932544,0.363,33.07
Spsb2,0.3052,0.17852871608932544,0.363,12.61
Gnpnat1,0.3052,0.17852871608932544,0.363,17.28
Med12l,0.3052,0.17852871608932544,0.363,29.29
Igf2bp2,0.3052,0.17852871608932544,0.363,1.89
Katnal2,0.3043,0.17988270708099616,0.3657,0.65
Tox3,0.304,0.18032902395518421,0.3657,2.23
Arhgap44,0.3039,0.18047767364208767,0.3657,69.46
0610030E20Rik,0.3039,0.18047767364208767,0.3657,9.29
Tmem151a,0.3039,0.18047767364208767,0.3657,192.04
Zfp582,0.3039,0.18047767364208767,0.3657,2.97
Btbd10,0.3039,0.18047767364208767,0.3657,30.52
Clcc1,0.3039,0.18047767364208767,0.3657,7.68
Setd1a,0.3039,0.18047767364208767,0.3657,28.03
Cnnm3,0.3039,0.18047767364208767,0.3657,21.63
Rlig1,0.3039,0.18047767364208767,0.3657,15.83
Snap23,0.3039,0.18047767364208767,0.3657,4.51
Ogdh,0.3039,0.18047767364208767,0.3657,228.19
Zcchc3,0.3039,0.18047767364208767,0.3657,15.54
Arap2,0.3039,0.18047767364208767,0.3657,28.29
Fads2b,0.303,0.181837440381585,0.3682,1.39
Cer1,0.303,0.18184427697352507,0.3682,0.8
Uaca,0.3026,0.1824410913813027,0.3682,5.67
Gm3696,0.3026,0.1824410913813027,0.3682,0.97
Dera,0.3026,0.1824410913813027,0.3682,3.37
Daam1,0.3026,0.1824410913813027,0.3682,48.02
Cdkl1,0.3026,0.1824410913813027,0.3682,1.56
Crocc,0.3026,0.1824410913813027,0.3682,6.28
Pebp1,0.3026,0.1824410913813027,0.3682,435.1
Anxa6,0.3026,0.1824410913813027,0.3682,186.03
Bicra,0.3026,0.1824410913813027,0.3682,8.93
Oip5os1,0.3026,0.1824410913813027,0.3682,95.51
Castor1,0.3026,0.1824410913813027,0.3682,1.64
Coro7,0.3026,0.1824410913813027,0.3682,41.96
Rock1,0.3026,0.1824410913813027,0.3682,32.68
Zfp592,0.3026,0.1824410913813027,0.3682,15.9
Sh2d5,0.3026,0.1824410913813027,0.3682,6.25
Net1,0.3026,0.1824410913813027,0.3682,4.99
Mplkip,0.3026,0.1824410913813027,0.3682,14.6
Adam22,0.3026,0.1824410913813027,0.3682,92.68
Hes6,0.3026,0.1824410913813027,0.3682,23.01
Klhdc2,0.3026,0.1824410913813027,0.3682,90.17
Pex3,0.3026,0.1824410913813027,0.3682,23.04
Tbc1d30,0.3026,0.1824410913813027,0.3682,14.0
Mmp2,0.3026,0.1824410913813027,0.3682,8.25
Eif2s3x,0.3026,0.1824410913813027,0.3682,143.42
Nfatc4,0.3023,0.1829205174538273,0.3691,0.38
Ybx2,0.3016,0.18391265409382418,0.3708,0.82
Dnajc8,0.3013,0.184419001487306,0.3708,134.79
1700040D17Rik,0.3013,0.184419001487306,0.3708,0.73
Atg14,0.3013,0.184419001487306,0.3708,11.74
Birc3,0.3013,0.184419001487306,0.3708,3.54
Hnmt,0.3013,0.184419001487306,0.3708,9.81
Hspa14,0.3013,0.184419001487306,0.3708,9.67
Brd3,0.3013,0.184419001487306,0.3708,35.28
9430085M18Rik,0.3013,0.184419001487306,0.3708,1.25
Trim45,0.3013,0.184419001487306,0.3708,9.12
Crym,0.3013,0.184419001487306,0.3708,2.47
Pcdhb6,0.3013,0.184419001487306,0.3708,1.95
Tmprss7,0.3013,0.184419001487306,0.3708,0.75
Pdgfrl,0.3013,0.184419001487306,0.3708,0.69
Gm37949,0.3013,0.184419001487306,0.3708,2.28
D830050J10Rik,0.3013,0.184419001487306,0.3708,5.15
Slco3a1,0.3013,0.184419001487306,0.3708,25.53
Dis3l2,0.3013,0.184419001487306,0.3708,14.96
Cstf3,0.3013,0.184419001487306,0.3708,54.24
Wdr3,0.3013,0.184419001487306,0.3708,8.06
Ubxn4,0.3013,0.184419001487306,0.3708,90.65
Gm47857,0.3004,0.1858110097789104,0.3731,0.45
Kctd14,0.3004,0.1858110097789104,0.3731,0.92
2300009A05Rik,0.3,0.18641143545847974,0.3731,53.98
Lmnb2,0.3,0.18641143545847974,0.3731,11.57
Zkscan4,0.3,0.18641143545847974,0.3731,2.2
Cebpb,0.3,0.18641143545847974,0.3731,55.42
Zfp169,0.3,0.18641143545847974,0.3731,1.9
Polr3h,0.3,0.18641143545847974,0.3731,32.18
Gm43882,0.3,0.18641143545847974,0.3731,9.72
Ankrd13c,0.3,0.18641143545847974,0.3731,32.38
Mkrn2,0.3,0.18641143545847974,0.3731,21.82
Ccpg1,0.3,0.18641143545847974,0.3731,30.88
Ap3b2,0.3,0.18641143545847974,0.3731,98.09
Mtr,0.3,0.18641143545847974,0.3731,17.1
Stk24,0.3,0.18641143545847974,0.3731,38.31
Pla2g15,0.3,0.18641143545847974,0.3731,16.37
Tenm3,0.3,0.18641143545847974,0.3731,36.94
6330549D23Rik,0.3,0.18641143545847974,0.3731,0.72
Myrf,0.3,0.18641143545847974,0.3731,6.23
Ythdf1,0.3,0.18641143545847974,0.3731,51.28
2600006K01Rik,0.3,0.18641143545847974,0.3731,4.07
Sinhcaf,0.3,0.18641143545847974,0.3731,7.45
Frem1,0.2997,0.18691099591283478,0.3741,2.4
Pnma1,0.2987,0.18841842410537243,0.3758,3.48
Srp72,0.2987,0.18841842410537243,0.3758,82.66
Rnf17,0.2987,0.18841842410537243,0.3758,0.7
Parp4,0.2987,0.18841842410537243,0.3758,42.4
Chd5,0.2987,0.18841842410537243,0.3758,120.56
Sestd1,0.2987,0.18841842410537243,0.3758,29.85
Setmar,0.2987,0.18841842410537243,0.3758,3.09
Gm48266,0.2987,0.18841842410537243,0.3758,8.81
Mob3c,0.2987,0.18841842410537243,0.3758,3.2
Klhl9,0.2987,0.18841842410537243,0.3758,111.09
Recql5,0.2987,0.18841842410537243,0.3758,8.37
Mrpl24,0.2987,0.18841842410537243,0.3758,34.27
Wnt5a,0.2987,0.18841842410537243,0.3758,6.37
4833413G10Rik,0.2987,0.18841842410537243,0.3758,0.84
Ankrd9,0.2987,0.18841842410537243,0.3758,15.31
Eml4,0.2987,0.18841842410537243,0.3758,32.2
Rps6ka5,0.2987,0.18841842410537243,0.3758,8.09
Trim3,0.2987,0.18841842410537243,0.3758,57.69
Wdr18,0.2987,0.18841842410537243,0.3758,34.38
Mrps2,0.2974,0.19043999754486576,0.3782,16.82
Pdcd6,0.2974,0.19043999754486576,0.3782,48.58
Gm43737,0.2974,0.19043999754486576,0.3782,8.02
Rab31,0.2974,0.19043999754486576,0.3782,16.03
Tsix,0.2974,0.19043999754486576,0.3782,1.23
Plag1,0.2974,0.19043999754486576,0.3782,2.7
Sdad1,0.2974,0.19043999754486576,0.3782,14.0
Ints2,0.2974,0.19043999754486576,0.3782,11.82
Smim27,0.2974,0.19043999754486576,0.3782,14.98
Frrs1l,0.2974,0.19043999754486576,0.3782,66.96
Leprotl1,0.2974,0.19043999754486576,0.3782,134.15
Actn1,0.2974,0.19043999754486576,0.3782,30.84
Hipk1,0.2974,0.19043999754486576,0.3782,68.8
Neto1,0.2974,0.19043999754486576,0.3782,10.93
Gm49741,0.2974,0.19043999754486576,0.3782,3.11
Inka1,0.2974,0.19043999754486576,0.3782,3.34
Pygb,0.2974,0.19043999754486576,0.3782,252.86
Jrkl,0.2974,0.19043999754486576,0.3782,10.2
Id1,0.2974,0.19043999754486576,0.3782,22.16
Mgp,0.2974,0.19043999754486576,0.3782,2.35
H3f3a,0.2974,0.19043999754486576,0.3782,118.1
Map3k7,0.2974,0.19043999754486576,0.3782,24.69
Hoxa5,0.2971,0.19096010340984218,0.3791,0.86
Prr14,0.2961,0.1924761851943924,0.3813,14.74
Rps6ka6,0.2961,0.1924761851943924,0.3813,5.18
Tubb4b,0.2961,0.1924761851943924,0.3813,238.22
Adgra1,0.2961,0.1924761851943924,0.3813,13.19
Gm42702,0.2961,0.1924761851943924,0.3813,2.24
2310068J16Rik,0.2961,0.1924761851943924,0.3813,4.09
Guf1,0.2961,0.1924761851943924,0.3813,12.89
Ccdc137,0.2961,0.1924761851943924,0.3813,23.56
Mpz,0.2961,0.1924761851943924,0.3813,120.14
Abl2,0.2961,0.1924761851943924,0.3813,33.01
C030014I23Rik,0.2961,0.1924761851943924,0.3813,5.97
Tacr3,0.2952,0.1939197144292657,0.3839,6.09
Il33,0.295,0.1941802489599365,0.3839,0.36
Dkk1,0.2949,0.19437529256407005,0.3839,3.88
Dmrtc1a,0.2948,0.1945270157662032,0.3839,5.25
Fam20c,0.2948,0.1945270157662032,0.3839,41.97
Nectin2,0.2948,0.1945270157662032,0.3839,30.68
Bms1,0.2948,0.1945270157662032,0.3839,11.32
C2cd2l,0.2948,0.1945270157662032,0.3839,61.31
Gtf2f1,0.2948,0.1945270157662032,0.3839,21.78
Fabp3,0.2948,0.1945270157662032,0.3839,137.24
Gpr180,0.2948,0.1945270157662032,0.3839,23.77
P2ry1,0.2948,0.1945270157662032,0.3839,119.78
Ccdc14,0.2948,0.1945270157662032,0.3839,2.47
Zfp37,0.2948,0.1945270157662032,0.3839,11.81
Prima1,0.2948,0.1945270157662032,0.3839,4.99
Cerkl,0.2948,0.1945270157662032,0.3839,1.43
Aco1,0.2948,0.1945270157662032,0.3839,15.35
Mtus2,0.2948,0.1945270157662032,0.3839,18.27
Prr3,0.2948,0.1945270157662032,0.3839,25.0
Syce2,0.2948,0.1945270157662032,0.3839,2.01
Padi2,0.2936,0.19644038430464422,0.3866,2.08
Pskh1,0.2935,0.19659251726168667,0.3866,9.69
Gm50012,0.2935,0.19659251726168667,0.3866,3.81
Gm49555,0.2935,0.19659251726168667,0.3866,1.59
Nrip1,0.2935,0.19659251726168667,0.3866,40.6
Cdk18,0.2935,0.19659251726168667,0.3866,6.76
Bcl2l13,0.2935,0.19659251726168667,0.3866,36.38
Eogt,0.2935,0.19659251726168667,0.3866,9.38
Ankrd11,0.2935,0.19659251726168667,0.3866,91.84
Hhipl1,0.2935,0.19659251726168667,0.3866,4.96
Pex6,0.2935,0.19659251726168667,0.3866,30.8
G2e3,0.2935,0.19659251726168667,0.3866,7.84
Gm29170,0.2935,0.19659251726168667,0.3866,3.74
Mcrs1,0.2935,0.19659251726168667,0.3866,50.53
Cmtm4,0.2935,0.19659251726168667,0.3866,38.89
Pik3ip1,0.2935,0.19659251726168667,0.3866,65.88
Ddx25,0.2935,0.19659251726168667,0.3866,23.89
Usp21,0.2935,0.19659251726168667,0.3866,7.01
St8sia2,0.2923,0.1985201818243985,0.3893,2.81
Fut8,0.2922,0.19867271696574043,0.3893,15.54
Zcchc4,0.2922,0.19867271696574043,0.3893,10.73
Odr4,0.2922,0.19867271696574043,0.3893,50.71
Ubtd1,0.2922,0.19867271696574043,0.3893,25.81
Fbxo9,0.2922,0.19867271696574043,0.3893,135.19
Cep128,0.2922,0.19867271696574043,0.3893,1.58
Lix1,0.2922,0.19867271696574043,0.3893,175.98
B3galnt2,0.2922,0.19867271696574043,0.3893,6.23
Slc17a5,0.2922,0.19867271696574043,0.3893,26.03
Nr1h3,0.2922,0.19867271696574043,0.3893,1.21
Gga2,0.2922,0.19867271696574043,0.3893,68.46
Nup133,0.2922,0.19867271696574043,0.3893,8.79
Pigg,0.2922,0.19867271696574043,0.3893,8.03
Grin1,0.2922,0.19867271696574043,0.3893,99.41
Rala,0.2922,0.19867271696574043,0.3893,137.76
Abcb4,0.2922,0.19867271696574043,0.3893,14.0
A930037H05Rik,0.2922,0.19867271696574043,0.3893,1.37
Gm45570,0.2922,0.19867271696574043,0.3893,0.69
A230006K03Rik,0.2917,0.1995656036054259,0.3909,0.74
Map2k4,0.2909,0.2007676414411941,0.3921,139.6
Bin1,0.2909,0.2007676414411941,0.3921,166.9
Ctnnbl1,0.2909,0.2007676414411941,0.3921,29.29
Kif1a,0.2909,0.2007676414411941,0.3921,656.39
Zfp35,0.2909,0.2007676414411941,0.3921,11.55
Cnnm1,0.2909,0.2007676414411941,0.3921,22.49
Mta1,0.2909,0.2007676414411941,0.3921,43.4
Nsrp1,0.2909,0.2007676414411941,0.3921,21.65
Gm42467,0.2909,0.2007676414411941,0.3921,1.99
Dync1h1,0.2909,0.2007676414411941,0.3921,363.34
Hddc3,0.2909,0.2007676414411941,0.3921,9.84
Mtif2,0.2909,0.2007676414411941,0.3921,16.99
Suclg1,0.2909,0.2007676414411941,0.3921,55.13
4632427E13Rik,0.2909,0.2007676414411941,0.3921,23.31
Zfp449,0.2909,0.2007676414411941,0.3921,5.41
Mc4r,0.29,0.2022636192838649,0.3944,2.27
Gm5111,0.2899,0.20239936548041948,0.3944,0.34
Klrg2,0.2896,0.2028773165232885,0.3944,1.47
Dhx34,0.2896,0.2028773165232885,0.3944,4.16
Zdhhc5,0.2896,0.2028773165232885,0.3944,25.84
Tlcd5,0.2896,0.2028773165232885,0.3944,9.52
Dusp16,0.2896,0.2028773165232885,0.3944,13.93
Gm26724,0.2896,0.2028773165232885,0.3944,1.92
Gm20257,0.2896,0.2028773165232885,0.3944,2.25
Trap1,0.2896,0.2028773165232885,0.3944,20.58
Med19,0.2896,0.2028773165232885,0.3944,36.77
Wdfy3,0.2896,0.2028773165232885,0.3944,156.75
Hcfc2,0.2896,0.2028773165232885,0.3944,14.49
Park7,0.2896,0.2028773165232885,0.3944,301.2
Vegfb,0.2896,0.2028773165232885,0.3944,162.21
Zfp513,0.2896,0.2028773165232885,0.3944,9.18
Srsf4,0.2896,0.2028773165232885,0.3944,32.33
Rpe,0.2896,0.2028773165232885,0.3944,24.88
Myl12a,0.2896,0.2028773165232885,0.3944,48.57
Gm43149,0.2896,0.2028773165232885,0.3944,4.5
Galm,0.2896,0.2028773165232885,0.3944,3.08
Blmh,0.2896,0.2028773165232885,0.3944,66.37
Rn7sk,0.2896,0.2028773165232885,0.3944,20.3
Gm48890,0.2896,0.2028773165232885,0.3944,1.45
Slc35d1,0.2896,0.2028773165232885,0.3944,14.11
Egflam,0.2896,0.2028773165232885,0.3944,1.39
Ttc27,0.2896,0.2028773165232885,0.3944,5.86
Gm11627,0.2891,0.2037841864516286,0.3961,0.54
9130017K11Rik,0.2889,0.20404564335298872,0.3965,0.46
Gm42639,0.2884,0.2048480718311434,0.3971,1.38
Gm45183,0.2883,0.2050017673142075,0.3971,2.48
Chmp1b2,0.2883,0.2050017673142075,0.3971,31.71
Polr3a,0.2883,0.2050017673142075,0.3971,9.35
Ube2g2,0.2883,0.2050017673142075,0.3971,46.83
Zfp748,0.2883,0.2050017673142075,0.3971,5.19
Ndufa12,0.2883,0.2050017673142075,0.3971,133.84
Kat14,0.2883,0.2050017673142075,0.3971,16.01
Setd6,0.2883,0.2050017673142075,0.3971,11.4
Mosmo,0.2883,0.2050017673142075,0.3971,94.66
Prkrip1,0.2883,0.2050017673142075,0.3971,31.46
Zfp110,0.2883,0.2050017673142075,0.3971,10.82
Eri2,0.2883,0.2050017673142075,0.3971,5.13
Tspan33,0.2883,0.2050017673142075,0.3971,7.26
Nsd2,0.2883,0.2050017673142075,0.3971,74.72
Kif11,0.2883,0.2050017673142075,0.3971,2.42
Gm42463,0.2883,0.2050017673142075,0.3971,0.6
Ndrg4,0.2883,0.2050017673142075,0.3971,1446.9
Mmrn2,0.2878,0.2059156592112733,0.3988,0.97
Gm38069,0.2873,0.20667036659874027,0.3996,1.62
2610021A01Rik,0.287,0.20714101817766592,0.3996,6.12
Alkbh5,0.287,0.20714101817766592,0.3996,62.27
Zfp3,0.287,0.20714101817766592,0.3996,3.48
Gm28229,0.287,0.20714101817766592,0.3996,0.7
Gm37783,0.287,0.20714101817766592,0.3996,1.13
Mettl25,0.287,0.20714101817766592,0.3996,6.49
Chmp6,0.287,0.20714101817766592,0.3996,32.75
Adgrf5,0.287,0.20714101817766592,0.3996,1.16
Gm3625,0.287,0.20714101817766592,0.3996,3.2
Svop,0.287,0.20714101817766592,0.3996,44.05
Cracdl,0.287,0.20714101817766592,0.3996,8.45
P3h1,0.287,0.20714101817766592,0.3996,4.56
A630089N07Rik,0.287,0.20714101817766592,0.3996,1.14
Metap1d,0.287,0.20714101817766592,0.3996,19.42
Isoc1,0.287,0.20714101817766592,0.3996,135.91
Anapc4,0.287,0.20714101817766592,0.3996,31.46
Strn3,0.287,0.20714101817766592,0.3996,52.19
Iqck,0.287,0.20714101817766592,0.3996,0.75
Gm10819,0.287,0.20714101817766592,0.3996,2.13
Vps52,0.287,0.20714101817766592,0.3996,33.68
Slc6a2,0.2865,0.20806195186856952,0.4013,156.07
Mesp2,0.2865,0.20806195186856952,0.4013,0.56
Dpp7,0.2857,0.20929509273355457,0.4021,9.37
Gpank1,0.2857,0.20929509273355457,0.4021,10.16
Gm37902,0.2857,0.20929509273355457,0.4021,1.13
Zfp341,0.2857,0.20929509273355457,0.4021,3.19
Tpgs2,0.2857,0.20929509273355457,0.4021,94.91
Rap1gds1,0.2857,0.20929509273355457,0.4021,274.15
Sfmbt1,0.2857,0.20929509273355457,0.4021,19.75
Rpa2,0.2857,0.20929509273355457,0.4021,7.35
Ppp4r3b,0.2857,0.20929509273355457,0.4021,25.59
Pigq,0.2857,0.20929509273355457,0.4021,71.41
Aldh18a1,0.2857,0.20929509273355457,0.4021,11.39
Fam110a,0.2857,0.20929509273355457,0.4021,3.56
Agl,0.2857,0.20929509273355457,0.4021,55.06
Ptprf,0.2857,0.20929509273355457,0.4021,144.08
9430015G10Rik,0.2857,0.20929509273355457,0.4021,4.45
Gm37529,0.2857,0.20929509273355457,0.4021,2.9
Emc2,0.2857,0.20929509273355457,0.4021,66.45
Gm15743,0.2857,0.20929509273355457,0.4021,1.53
Poglut1,0.2857,0.20929509273355457,0.4021,62.13
Gm43874,0.2857,0.20929509273355457,0.4021,7.95
Aup1,0.2857,0.20929509273355457,0.4021,62.14
Psmg1,0.2857,0.20929509273355457,0.4021,9.48
Akain1,0.2851,0.21035871020789088,0.4041,1.52
Htr1f,0.2847,0.21100102866673642,0.4048,3.8
Prpf38a,0.2844,0.2114640138526405,0.4048,19.11
Gm48768,0.2844,0.2114640138526405,0.4048,1.43
AA465934,0.2844,0.2114640138526405,0.4048,1.53
Rbm6,0.2844,0.2114640138526405,0.4048,37.1
Pml,0.2844,0.2114640138526405,0.4048,8.69
Zscan29,0.2844,0.2114640138526405,0.4048,6.03
Pcgf1,0.2844,0.2114640138526405,0.4048,46.51
Exoc3,0.2844,0.2114640138526405,0.4048,57.75
Ppp1r8,0.2844,0.2114640138526405,0.4048,24.28
Trim68,0.2844,0.2114640138526405,0.4048,12.28
Tmem101,0.2844,0.2114640138526405,0.4048,23.74
Tenm1,0.2844,0.2114640138526405,0.4048,25.07
Usp6nl,0.2844,0.2114640138526405,0.4048,24.21
Gm16310,0.2844,0.2114640138526405,0.4048,0.79
Actr10,0.2844,0.2114640138526405,0.4048,72.28
Slc38a2,0.2844,0.2114640138526405,0.4048,153.79
Tsr1,0.2844,0.2114640138526405,0.4048,16.06
Usp11,0.2844,0.2114640138526405,0.4048,37.41
Rev1,0.2844,0.2114640138526405,0.4048,13.06
Eml6,0.2844,0.2114640138526405,0.4048,16.1
Mdm4,0.2844,0.2114640138526405,0.4048,43.04
Abhd4,0.2844,0.2114640138526405,0.4048,36.01
Terb1,0.2839,0.2123990894136239,0.4066,0.65
Plekhf1,0.2831,0.2136478036513266,0.4076,2.7
Slitrk4,0.2831,0.2136478036513266,0.4076,16.11
Hoxa3,0.2831,0.2136478036513266,0.4076,4.49
Gm43371,0.2831,0.2136478036513266,0.4076,4.13
Gstm5,0.2831,0.2136478036513266,0.4076,96.44
Mx2,0.2831,0.2136478036513266,0.4076,4.93
Gm43034,0.2831,0.2136478036513266,0.4076,1.77
Ttll3,0.2831,0.2136478036513266,0.4076,3.73
Atf6,0.2831,0.2136478036513266,0.4076,28.53
Gm42969,0.2831,0.2136478036513266,0.4076,5.08
5330431K02Rik,0.2831,0.2136478036513266,0.4076,40.64
Gm31513,0.2819,0.2156910127782665,0.4097,0.83
1700019D03Rik,0.2818,0.2158464834864694,0.4097,31.85
Gm15246,0.2818,0.2158464834864694,0.4097,1.45
Zfp26,0.2818,0.2158464834864694,0.4097,20.27
Naglu,0.2818,0.2158464834864694,0.4097,7.74
Dydc2,0.2818,0.2158464834864694,0.4097,1.42
Hirip3,0.2818,0.2158464834864694,0.4097,4.59
Gm5113,0.2818,0.2158464834864694,0.4097,16.72
Skic3,0.2818,0.2158464834864694,0.4097,30.85
Dek,0.2818,0.2158464834864694,0.4097,50.87
Orc2,0.2818,0.2158464834864694,0.4097,18.55
G530011O06Riky,0.2818,0.2158464834864694,0.4097,1.85
Larp6,0.2818,0.2158464834864694,0.4097,13.93
Rhpn1,0.2818,0.2158464834864694,0.4097,1.42
Sufu,0.2818,0.2158464834864694,0.4097,7.78
Gm16124,0.2818,0.2158464834864694,0.4097,1.43
Adamtsl5,0.2818,0.2158464834864694,0.4097,1.32
Il1r1,0.2818,0.2158464834864694,0.4097,7.1
Peak1,0.2818,0.2158464834864694,0.4097,31.11
Chml,0.2818,0.2158464834864694,0.4097,31.01
Tbpl1,0.2818,0.2158464834864694,0.4097,72.38
Vgll3,0.2818,0.2158464834864694,0.4097,3.95
Ppp1r21,0.2818,0.2158464834864694,0.4097,36.49
Cog5,0.2818,0.2158464834864694,0.4097,37.45
Gm12216,0.2818,0.2158464834864694,0.4097,7.73
2610037D02Rik,0.2818,0.2158464834864694,0.4097,5.73
Pced1a,0.2818,0.2158464834864694,0.4097,10.9
Ralgds,0.2818,0.2158464834864694,0.4097,75.02
Gm28564,0.2809,0.21743639878064797,0.4123,0.9
Anxa3,0.2806,0.21790427268143042,0.4123,3.23
Ap4s1,0.2805,0.2180600739502556,0.4123,51.66
Arrdc1,0.2805,0.2180600739502556,0.4123,18.52
Phactr3,0.2805,0.2180600739502556,0.4123,85.88
5430420F09Rik,0.2805,0.2180600739502556,0.4123,0.97
Ncdn,0.2805,0.2180600739502556,0.4123,376.45
Snrnp40,0.2805,0.2180600739502556,0.4123,15.29
Zfp867,0.2805,0.2180600739502556,0.4123,3.64
Gtf2h4,0.2805,0.2180600739502556,0.4123,7.59
Pomc,0.2805,0.2180600739502556,0.4123,12.38
Copb1,0.2805,0.2180600739502556,0.4123,29.28
Gramd4,0.2805,0.2180600739502556,0.4123,17.78
Cacnb3,0.2805,0.2180600739502556,0.4123,209.08
Cep192,0.2805,0.2180600739502556,0.4123,5.7
Mtmr14,0.2805,0.2180600739502556,0.4123,19.13
Gm42696,0.2805,0.2180600739502556,0.4123,1.28
Slc25a17,0.2805,0.2180600739502556,0.4123,63.01
Cplane1,0.2805,0.2180600739502556,0.4123,37.3
Actn3,0.2805,0.2180600739502556,0.4123,0.5
Smim41,0.28,0.21901650346446902,0.4139,0.74
Krt90,0.28,0.21901650346446902,0.4139,2.77
Usp4,0.2792,0.22028859486514024,0.4148,31.39
Nptn,0.2792,0.22028859486514024,0.4148,414.57
Pank1,0.2792,0.22028859486514024,0.4148,37.17
Wipf2,0.2792,0.22028859486514024,0.4148,44.53
Arhgef1,0.2792,0.22028859486514024,0.4148,29.79
Ftx,0.2792,0.22028859486514024,0.4148,11.99
Sec14l1,0.2792,0.22028859486514024,0.4148,44.8
Gdpd1,0.2792,0.22028859486514024,0.4148,38.92
Tbc1d15,0.2792,0.22028859486514024,0.4148,25.54
Gm47135,0.2792,0.22028859486514024,0.4148,128.75
Rcn3,0.2792,0.22028859486514024,0.4148,3.01
Mettl8,0.2792,0.22028859486514024,0.4148,10.38
Sgpp2,0.2792,0.22028859486514024,0.4148,240.07
Zfp536,0.2792,0.22028859486514024,0.4148,119.72
Mme,0.2792,0.22028859486514024,0.4148,2.63
Gm47011,0.2787,0.22125217876550174,0.4166,0.83
Opn1sw,0.2787,0.22125217876550174,0.4166,0.63
Riok1,0.2779,0.2225320652788448,0.4174,14.67
Gm16536,0.2779,0.2225320652788448,0.4174,14.57
Dhx37,0.2779,0.2225320652788448,0.4174,5.24
Ube2f,0.2779,0.2225320652788448,0.4174,46.08
Dnaaf5,0.2779,0.2225320652788448,0.4174,4.66
Papolg,0.2779,0.2225320652788448,0.4174,11.86
Taok3,0.2779,0.2225320652788448,0.4174,66.1
Gm37960,0.2779,0.2225320652788448,0.4174,1.07
Glmp,0.2779,0.2225320652788448,0.4174,26.42
Gm33989,0.2779,0.2225320652788448,0.4174,9.61
Nrbp1,0.2779,0.2225320652788448,0.4174,73.72
Dbr1,0.2779,0.2225320652788448,0.4174,2.86
Tulp4,0.2779,0.2225320652788448,0.4174,173.04
Hbegf,0.2779,0.2225320652788448,0.4174,7.24
Csnk1a1,0.2779,0.2225320652788448,0.4174,334.65
Cyth1,0.2779,0.2225320652788448,0.4174,35.27
Ulk3,0.2779,0.2225320652788448,0.4174,21.92
Fgf22,0.2779,0.2225320652788448,0.4174,4.36
Gm44286,0.2779,0.2225320652788448,0.4174,9.67
Rccd1,0.2779,0.2225320652788448,0.4174,1.41
Ndufaf2,0.2779,0.2225320652788448,0.4174,46.33
Dpy19l3,0.2779,0.2225320652788448,0.4174,5.83
Gm43788,0.2766,0.22479050345941637,0.42,1.79
Znrf1,0.2766,0.22479050345941637,0.42,76.57
Fam98a,0.2766,0.22479050345941637,0.42,43.79
Chtop,0.2766,0.22479050345941637,0.42,99.31
Atxn7,0.2766,0.22479050345941637,0.42,18.59
Epn1,0.2766,0.22479050345941637,0.42,121.07
Psmd2,0.2766,0.22479050345941637,0.42,120.81
Cpeb1os1,0.2766,0.22479050345941637,0.42,1.35
Rtn1,0.2766,0.22479050345941637,0.42,1395.84
Cct3,0.2766,0.22479050345941637,0.42,77.9
Il34,0.2766,0.22479050345941637,0.42,8.66
Mphosph6,0.2766,0.22479050345941637,0.42,25.94
Zfp606,0.2766,0.22479050345941637,0.42,6.98
Cklf,0.2766,0.22479050345941637,0.42,13.91
Amot,0.2766,0.22479050345941637,0.42,10.54
Tmem123,0.2766,0.22479050345941637,0.42,9.57
Thbs1,0.2766,0.22479050345941637,0.42,13.9
Btd,0.2766,0.22479050345941637,0.42,8.42
Tmem115,0.2766,0.22479050345941637,0.42,22.21
Bcat1,0.2766,0.22479050345941637,0.42,27.46
Me2,0.2766,0.22479050345941637,0.42,20.22
Kif1b,0.2766,0.22479050345941637,0.42,892.66
Meis2,0.2761,0.22576844884016925,0.4218,7.7
Gm37551,0.2758,0.22619002029340554,0.4225,0.51
Gm43817,0.2757,0.22643527761737173,0.4226,0.31
Gm37320,0.2757,0.22643527761737173,0.4226,0.73
Crybb1,0.2754,0.22690688745441437,0.4226,1.05
Zfyve28,0.2753,0.22706392689035135,0.4226,25.03
Memo1,0.2753,0.22706392689035135,0.4226,25.63
Ik,0.2753,0.22706392689035135,0.4226,41.42
Col14a1,0.2753,0.22706392689035135,0.4226,3.12
Spg21,0.2753,0.22706392689035135,0.4226,28.55
Tmem41b,0.2753,0.22706392689035135,0.4226,77.06
Scaper,0.2753,0.22706392689035135,0.4226,39.25
Bmp8a,0.2753,0.22706392689035135,0.4226,1.61
Gm45311,0.2753,0.22706392689035135,0.4226,2.62
Siah1a,0.2753,0.22706392689035135,0.4226,45.6
Atpaf1,0.2753,0.22706392689035135,0.4226,26.74
Hnrnpk,0.2753,0.22706392689035135,0.4226,320.08
Ppp2r1b,0.2753,0.22706392689035135,0.4226,6.09
Noct,0.2753,0.22706392689035135,0.4226,24.24
Rprm,0.2753,0.22706392689035135,0.4226,144.34
Trim39,0.2753,0.22706392689035135,0.4226,10.61
Dedd,0.2753,0.22706392689035135,0.4226,12.83
Grm5,0.2749,0.22777534602792024,0.4239,3.66
Mtbp,0.274,0.22935235226578057,0.4256,1.06
Paox,0.274,0.22935235226578057,0.4256,6.77
Erc2,0.274,0.22935235226578057,0.4256,75.69
Nasp,0.274,0.22935235226578057,0.4256,7.74
Camk2g,0.274,0.22935235226578057,0.4256,114.94
Gm44550,0.274,0.22935235226578057,0.4256,2.18
Vamp8,0.274,0.22935235226578057,0.4256,17.61
Mgat3,0.274,0.22935235226578057,0.4256,56.02
Zhx3,0.274,0.22935235226578057,0.4256,19.8
Eif1b,0.274,0.22935235226578057,0.4256,548.36
Nxph3,0.274,0.22935235226578057,0.4256,9.0
Jpt2,0.274,0.22935235226578057,0.4256,10.19
Mx1,0.274,0.22935235226578057,0.4256,0.82
Tex264,0.274,0.22935235226578057,0.4256,74.8
Acot2,0.274,0.22935235226578057,0.4256,4.8
Mapk7,0.274,0.22935235226578057,0.4256,13.57
Tmem35b,0.274,0.22935235226578057,0.4256,4.12
Gm42701,0.2735,0.23034472725778854,0.4273,1.07
Tyrp1,0.2732,0.2308006025374883,0.4281,1.37
Ints9,0.2727,0.2316557954857192,0.4282,12.17
Tmem17,0.2727,0.2316557954857192,0.4282,9.98
Coq7,0.2727,0.2316557954857192,0.4282,72.02
Rab9,0.2727,0.2316557954857192,0.4282,40.97
Insig2,0.2727,0.2316557954857192,0.4282,72.24
Kremen2,0.2727,0.2316557954857192,0.4282,1.63
Thoc2,0.2727,0.2316557954857192,0.4282,34.26
Vars2,0.2727,0.2316557954857192,0.4282,9.17
Trerf1,0.2727,0.2316557954857192,0.4282,11.71
Gm4430,0.2727,0.2316557954857192,0.4282,1.55
Pabpc4,0.2727,0.2316557954857192,0.4282,19.44
Pigs,0.2727,0.2316557954857192,0.4282,67.26
Nek9,0.2727,0.2316557954857192,0.4282,57.04
Lsg1,0.2727,0.2316557954857192,0.4282,9.38
Zfp653,0.2727,0.2316557954857192,0.4282,7.02
Rimklb,0.2727,0.2316557954857192,0.4282,2.47
6330419E04Rik,0.2727,0.2316557954857192,0.4282,11.3
Gm43884,0.2727,0.2316557954857192,0.4282,4.79
Slc16a2,0.2727,0.2316557954857192,0.4282,15.94
Tbx2,0.2727,0.2316557954857192,0.4282,15.13
Neurl3,0.2722,0.2326554100158905,0.43,0.71
Spin4,0.2722,0.2326554100158905,0.43,0.78
Gabrq,0.2721,0.23271127280403306,0.43,0.37
Bmp6,0.2719,0.23312872356595232,0.4306,0.72
Gm17634,0.2719,0.23312872356595232,0.4306,1.09
Sardh,0.2715,0.2338163938754921,0.4306,0.81
Dock3,0.2714,0.23397427165138135,0.4306,64.7
Gm38085,0.2714,0.23397427165138135,0.4306,1.65
Psmc6,0.2714,0.23397427165138135,0.4306,94.32
Taf15,0.2714,0.23397427165138135,0.4306,18.14
Tmem126a,0.2714,0.23397427165138135,0.4306,50.33
Armc5,0.2714,0.23397427165138135,0.4306,15.8
Nwd1,0.2714,0.23397427165138135,0.4306,3.12
Zfp747l1,0.2714,0.23397427165138135,0.4306,2.13
Pum1,0.2714,0.23397427165138135,0.4306,70.22
Zfp420,0.2714,0.23397427165138135,0.4306,4.6
Nploc4,0.2714,0.23397427165138135,0.4306,70.06
Gm45053,0.2714,0.23397427165138135,0.4306,1.18
Zdhhc24,0.2714,0.23397427165138135,0.4306,13.34
Gm47982,0.2714,0.23397427165138135,0.4306,1.58
Nifk,0.2714,0.23397427165138135,0.4306,20.41
Pvr,0.2714,0.23397427165138135,0.4306,8.98
Senp5,0.2714,0.23397427165138135,0.4306,65.97
Gm43359,0.2714,0.23397427165138135,0.4306,3.39
Smarcd2,0.2714,0.23397427165138135,0.4306,21.89
Senp6,0.2714,0.23397427165138135,0.4306,82.62
Sh3gl2,0.2714,0.23397427165138135,0.4306,191.45
Pde10a,0.2714,0.23397427165138135,0.4306,22.68
Rab5a,0.2701,0.2363077950605595,0.4336,156.33
Adam23,0.2701,0.2363077950605595,0.4336,89.36
Lysmd2,0.2701,0.2363077950605595,0.4336,85.48
Ttyh2,0.2701,0.2363077950605595,0.4336,3.53
Lrfn1,0.2701,0.2363077950605595,0.4336,46.39
2410018L13Rik,0.2701,0.2363077950605595,0.4336,2.64
Mon2,0.2701,0.2363077950605595,0.4336,42.49
Lrfn3,0.2701,0.2363077950605595,0.4336,15.4
Irgm1,0.2701,0.2363077950605595,0.4336,8.26
Ubn1,0.2701,0.2363077950605595,0.4336,37.15
Gm5577,0.2701,0.2363077950605595,0.4336,9.37
Gm49972,0.2701,0.2363077950605595,0.4336,1.97
Gm47477,0.2701,0.2363077950605595,0.4336,1.04
Ptpn23,0.2701,0.2363077950605595,0.4336,29.31
Puf60,0.2701,0.2363077950605595,0.4336,59.28
Zfhx2os,0.2691,0.2382472604585512,0.4361,0.48
Cars1,0.2688,0.2386563792030716,0.4361,18.34
AI839979,0.2688,0.2386563792030716,0.4361,1.03
Btf3l4b,0.2688,0.2386563792030716,0.4361,6.71
2310030G06Rik,0.2688,0.2386563792030716,0.4361,2.24
Tmx2,0.2688,0.2386563792030716,0.4361,259.74
Dhrs2,0.2688,0.2386563792030716,0.4361,1.74
Sub1,0.2688,0.2386563792030716,0.4361,359.06
Pura,0.2688,0.2386563792030716,0.4361,253.54
Snx14,0.2688,0.2386563792030716,0.4361,17.93
Snx17,0.2688,0.2386563792030716,0.4361,51.25
Zfp276,0.2688,0.2386563792030716,0.4361,6.15
Zc3h10,0.2688,0.2386563792030716,0.4361,7.07
Trp53rkb,0.2688,0.2386563792030716,0.4361,10.05
Gm43313,0.2688,0.2386563792030716,0.4361,1.19
Snw1,0.2688,0.2386563792030716,0.4361,34.65
Ttc34,0.2688,0.2386563792030716,0.4361,0.82
Slc7a6os,0.2688,0.2386563792030716,0.4361,11.07
Rc3h2,0.2688,0.2386563792030716,0.4361,73.58
Gm56334,0.268,0.2402045823678039,0.4381,0.91
Irx3,0.268,0.24014703241247753,0.4381,3.07
Megf6,0.2675,0.24102003675627295,0.4381,1.47
Aasdh,0.2675,0.24102003675627295,0.4381,4.35
Mtmr11,0.2675,0.24102003675627295,0.4381,8.63
Prss57,0.2675,0.24102003675627295,0.4381,1.04
Gm44190,0.2675,0.24102003675627295,0.4381,0.83
2610005L07Rik,0.2675,0.24102003675627295,0.4381,9.64
Samd12,0.2675,0.24102003675627295,0.4381,70.04
Slc26a2,0.2675,0.24102003675627295,0.4381,4.15
2900076A07Rik,0.2675,0.24102003675627295,0.4381,13.9
Smcr8,0.2675,0.24102003675627295,0.4381,10.35
Pcdhgc5,0.2675,0.24102003675627295,0.4381,1.09
Gm49628,0.2675,0.24102003675627295,0.4381,2.29
Gm43873,0.2675,0.24102003675627295,0.4381,3.24
Gm17491,0.2675,0.24102003675627295,0.4381,1.25
Pdhb,0.2675,0.24102003675627295,0.4381,98.47
Wdr44,0.2675,0.24102003675627295,0.4381,33.24
Tpst2,0.2675,0.24102003675627295,0.4381,23.35
Slc41a3,0.2675,0.24102003675627295,0.4381,27.81
Polr1g,0.2675,0.24102003675627295,0.4381,9.13
1600014C10Rik,0.2675,0.24102003675627295,0.4381,34.56
Rtp4,0.2675,0.24102003675627295,0.4381,5.87
Sh2d3c,0.2675,0.24102003675627295,0.4381,12.38
Fbll1,0.2675,0.24102003675627295,0.4381,14.51
Psph,0.2675,0.24102003675627295,0.4381,10.38
Etfdh,0.2675,0.24102003675627295,0.4381,9.99
Gm44152,0.2675,0.24102003675627295,0.4381,1.09
Nmd3,0.2675,0.24102003675627295,0.4381,12.4
Hoxc5,0.2673,0.24136952701741618,0.4387,1.06
Gngt2,0.267,0.24204876654188923,0.4399,0.5
Dcc,0.2665,0.2429999739193693,0.4406,2.83
Sidt1,0.2665,0.24298351499123969,0.4406,0.38
Rsph9,0.2662,0.2433987795806379,0.4406,7.55
Snph,0.2662,0.2433987795806379,0.4406,83.8
Capn1,0.2662,0.2433987795806379,0.4406,82.61
Stim2,0.2662,0.2433987795806379,0.4406,27.11
Lgals7,0.2662,0.2433987795806379,0.4406,1.64
Gnl2,0.2662,0.2433987795806379,0.4406,16.35
Fbxl21,0.2662,0.2433987795806379,0.4406,7.05
Dusp6,0.2662,0.2433987795806379,0.4406,18.48
Ap4m1,0.2662,0.2433987795806379,0.4406,5.56
Slc6a6,0.2662,0.2433987795806379,0.4406,37.61
Tlcd3b,0.2662,0.2433987795806379,0.4406,88.82
Zscan20,0.2662,0.2433987795806379,0.4406,2.18
Slc6a8,0.2662,0.2433987795806379,0.4406,24.49
Dna2,0.2662,0.2433987795806379,0.4406,1.38
Ntn3,0.2662,0.2433987795806379,0.4406,6.33
Eif2b4,0.2662,0.2433987795806379,0.4406,24.58
Htatsf1,0.2662,0.2433987795806379,0.4406,31.9
Gm48838,0.2662,0.2433987795806379,0.4406,1.59
Nudc,0.2662,0.2433987795806379,0.4406,105.41
Gm30122,0.2662,0.2433987795806379,0.4406,2.05
Zfyve27,0.2662,0.2433987795806379,0.4406,60.78
Lrrc8d,0.2662,0.2433987795806379,0.4406,60.98
Ppp4r4,0.2662,0.2433987795806379,0.4406,14.29
Gm21691,0.265,0.2456335212255172,0.4434,0.9
Zfp800,0.2649,0.24579261871540775,0.4434,8.28
Dcp1a,0.2649,0.24579261871540775,0.4434,5.65
Dnajc25,0.2649,0.24579261871540775,0.4434,5.14
Jun,0.2649,0.24579261871540775,0.4434,209.28
Timp2,0.2649,0.24579261871540775,0.4434,584.63
Gm17971,0.2649,0.24579261871540775,0.4434,1.27
Myo5a,0.2649,0.24579261871540775,0.4434,268.47
Nipsnap2,0.2649,0.24579261871540775,0.4434,56.19
Usp16,0.2649,0.24579261871540775,0.4434,31.52
Ctdsp1,0.2649,0.24579261871540775,0.4434,7.38
Hcfc1,0.2649,0.24579261871540775,0.4434,71.14
Gm47702,0.2649,0.24579261871540775,0.4434,0.87
Tbc1d2b,0.2649,0.24579261871540775,0.4434,6.33
Plcg2,0.264,0.24756377012685363,0.446,0.61
Gm48207,0.2637,0.24804225017176074,0.446,1.78
Gm45159,0.2637,0.24804225017176074,0.446,2.15
Rhpn2,0.2636,0.24820156437430954,0.446,1.09
Atad3a,0.2636,0.24820156437430954,0.446,15.93
N4bp2l2,0.2636,0.24820156437430954,0.446,27.35
Rela,0.2636,0.24820156437430954,0.446,21.51
Macir,0.2636,0.24820156437430954,0.446,36.94
Brwd3,0.2636,0.24820156437430954,0.446,5.66
Gm43876,0.2636,0.24820156437430954,0.446,3.05
Lemd3,0.2636,0.24820156437430954,0.446,26.34
Fuca1,0.2636,0.24820156437430954,0.446,28.89
Tubgcp2,0.2636,0.24820156437430954,0.446,13.55
Wdr46,0.2636,0.24820156437430954,0.446,5.38
Ggnbp1,0.2636,0.24820156437430954,0.446,1.52
Arhgef18,0.2636,0.24820156437430954,0.446,33.52
Wdr41,0.2636,0.24820156437430954,0.446,32.53
Cnppd1,0.2636,0.24820156437430954,0.446,30.4
Sdr42e1,0.2636,0.24820156437430954,0.446,3.39
Timm10b,0.2636,0.24820156437430954,0.446,86.42
Rnf152,0.2636,0.24820156437430954,0.446,4.12
Slc25a47,0.2636,0.24820156437430954,0.446,1.38
Mier1,0.2636,0.24820156437430954,0.446,29.25
2810433D01Rik,0.2625,0.25024301698631124,0.4492,0.46
Prpsap2,0.2623,0.2506256259413438,0.4492,17.96
Ythdc1,0.2623,0.2506256259413438,0.4492,71.96
Rb1cc1,0.2623,0.2506256259413438,0.4492,89.86
Gnpat,0.2623,0.2506256259413438,0.4492,22.68
Amt,0.2623,0.2506256259413438,0.4492,9.24
Prcd,0.2623,0.2506256259413438,0.4492,8.43
Suz12,0.2623,0.2506256259413438,0.4492,57.31
Dlgap1,0.2623,0.2506256259413438,0.4492,45.77
Fhod1,0.2623,0.2506256259413438,0.4492,1.54
N4bp2os,0.2623,0.2506256259413438,0.4492,2.52
Inha,0.2623,0.2506256259413438,0.4492,16.25
Tlk1,0.2623,0.2506256259413438,0.4492,89.14
Emc8,0.2623,0.2506256259413438,0.4492,47.22
Grm8,0.2618,0.2516837059463991,0.4509,4.71
Mfsd12,0.261,0.2530648119666416,0.452,21.24
Zfp90,0.261,0.2530648119666416,0.452,9.56
Tmem129,0.261,0.2530648119666416,0.452,21.23
Immt,0.261,0.2530648119666416,0.452,85.99
Cbx7,0.261,0.2530648119666416,0.452,26.16
Dtwd1,0.261,0.2530648119666416,0.452,4.08
Pogz,0.261,0.2530648119666416,0.452,30.73
Rhoc,0.261,0.2530648119666416,0.452,60.1
Gm42888,0.261,0.2530648119666416,0.452,9.51
Msantd7,0.261,0.2530648119666416,0.452,2.62
Nlrx1,0.261,0.2530648119666416,0.452,8.65
Copa,0.261,0.2530648119666416,0.452,185.54
Traf6,0.261,0.2530648119666416,0.452,8.37
Cpt2,0.261,0.2530648119666416,0.452,9.64
Brd3os,0.261,0.2530648119666416,0.452,14.74
Rps18-ps6,0.2598,0.25535922144439555,0.4552,1.06
Gm5069,0.2597,0.2555191301623943,0.4552,4.14
Fbn2,0.2597,0.2555191301623943,0.4552,9.25
Rps13,0.2597,0.2555191301623943,0.4552,413.47
Rnf146,0.2597,0.2555191301623943,0.4552,47.97
Tusc1,0.2597,0.2555191301623943,0.4552,20.1
Ric3,0.2597,0.2555191301623943,0.4552,58.13
Slc25a14,0.2597,0.2555191301623943,0.4552,32.66
4932441J04Rik,0.2585,0.2578284992583392,0.4583,1.25
Rarb,0.2584,0.2579885873988545,0.4583,3.47
Zfand4,0.2584,0.2579885873988545,0.4583,2.84
Smad5,0.2584,0.2579885873988545,0.4583,23.62
Zbed5,0.2584,0.2579885873988545,0.4583,1.33
Btg3,0.2584,0.2579885873988545,0.4583,39.48
Slc25a29,0.2584,0.2579885873988545,0.4583,7.45
Oxct1as,0.2584,0.2579885873988545,0.4583,0.65
Armc7,0.2584,0.2579885873988545,0.4583,4.44
Tmem147,0.2584,0.2579885873988545,0.4583,155.23
Spop,0.2584,0.2579885873988545,0.4583,157.91
Ube4b,0.2584,0.2579885873988545,0.4583,114.01
Mrps10,0.2584,0.2579885873988545,0.4583,80.8
Hira,0.2584,0.2579885873988545,0.4583,20.94
Tsen15,0.2584,0.2579885873988545,0.4583,42.67
Clk2,0.2584,0.2579885873988545,0.4583,9.09
Tipin,0.2584,0.2579885873988545,0.4583,15.38
Sorl1,0.2584,0.2579885873988545,0.4583,42.79
Chodl,0.258,0.25886639225161606,0.4598,14.63
Gm9885,0.2572,0.260312931614162,0.4611,3.65
A630081D01Rik,0.2572,0.260312931614162,0.4611,0.71
Ccnt1,0.2571,0.2604731897004084,0.4611,40.6
Nxpe3,0.2571,0.2604731897004084,0.4611,31.72
Rgs2,0.2571,0.2604731897004084,0.4611,30.81
Gm44675,0.2571,0.2604731897004084,0.4611,3.95
Gpr4,0.2571,0.2604731897004084,0.4611,2.07
Tbc1d22b,0.2571,0.2604731897004084,0.4611,28.94
Ube2q2,0.2571,0.2604731897004084,0.4611,168.87
A430005L14Rik,0.2571,0.2604731897004084,0.4611,14.18
Trim12a,0.2571,0.2604731897004084,0.4611,2.55
Agpat5,0.2571,0.2604731897004084,0.4611,42.22
Heca,0.2571,0.2604731897004084,0.4611,34.53
Pigv,0.2571,0.2604731897004084,0.4611,5.75
Pold3,0.2571,0.2604731897004084,0.4611,9.72
Gins4,0.2571,0.2604731897004084,0.4611,9.19
Tcf7,0.2571,0.2604731897004084,0.4611,1.1
Ubap1,0.2571,0.2604731897004084,0.4611,42.09
Ndufaf6,0.2571,0.2604731897004084,0.4611,23.02
Dnttip1,0.2571,0.2604731897004084,0.4611,25.36
Rab38,0.2566,0.2615608324144421,0.463,0.87
Acy3,0.2566,0.2615608324144421,0.463,1.06
Slc35f4,0.2562,0.2623307022778898,0.4634,6.64
Pik3r1,0.2558,0.262972942241723,0.4634,153.17
Gm3086,0.2558,0.262972942241723,0.4634,1.21
Oas1b,0.2558,0.262972942241723,0.4634,2.66
Pole,0.2558,0.262972942241723,0.4634,1.56
Neu1,0.2558,0.262972942241723,0.4634,28.31
Gm43885,0.2558,0.262972942241723,0.4634,16.2
Ubxn1,0.2558,0.262972942241723,0.4634,161.43
Slc35e4,0.2558,0.262972942241723,0.4634,30.59
Trmt9b,0.2558,0.262972942241723,0.4634,9.67
Tdrkh,0.2558,0.262972942241723,0.4634,33.1
Chid1,0.2558,0.262972942241723,0.4634,24.63
Ctps1,0.2558,0.262972942241723,0.4634,39.84
Ptrh2,0.2558,0.262972942241723,0.4634,20.12
D130043K22Rik,0.2558,0.262972942241723,0.4634,36.5
Ikbkb,0.2558,0.262972942241723,0.4634,24.32
Echs1,0.2558,0.262972942241723,0.4634,41.32
Otud5,0.2558,0.262972942241723,0.4634,36.93
Snhg1,0.2558,0.262972942241723,0.4634,33.01
Ralgapb,0.2558,0.262972942241723,0.4634,67.56
Efhc2,0.2558,0.262972942241723,0.4634,3.27
Rsph3a,0.2558,0.262972942241723,0.4634,5.03
Sh3pxd2b,0.2558,0.262972942241723,0.4634,21.64
Get1,0.2558,0.262972942241723,0.4634,69.55
Srsf9,0.2558,0.262972942241723,0.4634,29.12
Sox11,0.2558,0.262972942241723,0.4634,64.32
Rtp1,0.2549,0.2648450015481352,0.4662,4.21
Usb1,0.2545,0.265487849343965,0.4662,4.98
Map7d2,0.2545,0.265487849343965,0.4662,460.88
Spin2c,0.2545,0.265487849343965,0.4662,1.7
Gm20300,0.2545,0.265487849343965,0.4662,50.83
Acot6,0.2545,0.265487849343965,0.4662,8.04
Pwwp2a,0.2545,0.265487849343965,0.4662,12.61
Rpl22,0.2545,0.265487849343965,0.4662,301.62
Smarcad1,0.2545,0.265487849343965,0.4662,20.17
Gria2,0.2545,0.265487849343965,0.4662,115.18
Rgs12,0.2545,0.265487849343965,0.4662,23.34
Lactb,0.2545,0.265487849343965,0.4662,10.82
Trpc1,0.2545,0.265487849343965,0.4662,38.64
Gm43880,0.2545,0.265487849343965,0.4662,18.34
Phax,0.2545,0.265487849343965,0.4662,39.24
Racgap1,0.2545,0.265487849343965,0.4662,18.8
Med13l,0.2545,0.265487849343965,0.4662,33.37
Mctp2,0.2545,0.265487849343965,0.4662,5.48
Gm42568,0.2545,0.265487849343965,0.4662,1.68
Tmem132a,0.2545,0.265487849343965,0.4662,26.75
4930455G09Rik,0.2545,0.265487849343965,0.4662,3.1
9430041J12Rik,0.254,0.2665903458734902,0.4681,0.86
Gm42635,0.2532,0.26801791447109463,0.4687,2.01
Spata6l,0.2532,0.26801791447109463,0.4687,3.47
Ubr3,0.2532,0.26801791447109463,0.4687,116.84
Zfp729b,0.2532,0.26801791447109463,0.4687,4.31
Zc3h7a,0.2532,0.26801791447109463,0.4687,30.2
Cant1,0.2532,0.26801791447109463,0.4687,44.08
Lsm14a,0.2532,0.26801791447109463,0.4687,28.12
Rcn1,0.2532,0.26801791447109463,0.4687,11.79
Nudt15,0.2532,0.26801791447109463,0.4687,4.44
Rabep1,0.2532,0.26801791447109463,0.4687,126.09
Angel1,0.2532,0.26801791447109463,0.4687,38.81
Golga2,0.2532,0.26801791447109463,0.4687,61.53
Zfp267,0.2532,0.26801791447109463,0.4687,12.96
Hexa,0.2532,0.26801791447109463,0.4687,32.58
Rab8a,0.2532,0.26801791447109463,0.4687,36.07
Mks1,0.2532,0.26801791447109463,0.4687,1.79
Klhl28,0.2532,0.26801791447109463,0.4687,36.89
Rtl8b,0.2532,0.26801791447109463,0.4687,139.46
Zscan12,0.2519,0.27056314022623573,0.4714,3.47
Slc22a18,0.2519,0.27056314022623573,0.4714,2.79
Gm47483,0.2519,0.27056314022623573,0.4714,1.9
Exosc9,0.2519,0.27056314022623573,0.4714,12.07
Naa25,0.2519,0.27056314022623573,0.4714,35.08
Dpysl2,0.2519,0.27056314022623573,0.4714,1101.77
Dpm3,0.2519,0.27056314022623573,0.4714,117.69
Atad1,0.2519,0.27056314022623573,0.4714,114.84
Fbxo45,0.2519,0.27056314022623573,0.4714,52.33
Daxx,0.2519,0.27056314022623573,0.4714,15.59
Dnajc6,0.2519,0.27056314022623573,0.4714,142.38
Ubox5,0.2519,0.27056314022623573,0.4714,5.49
Zdhhc3,0.2519,0.27056314022623573,0.4714,71.15
Snd1,0.2519,0.27056314022623573,0.4714,36.0
Nup188,0.2519,0.27056314022623573,0.4714,5.97
Or51e2,0.2519,0.27056314022623573,0.4714,17.61
Mob3b,0.2519,0.27056314022623573,0.4714,1.59
Ap1g2,0.2519,0.27056314022623573,0.4714,4.33
9330188P03Rik,0.2519,0.27056314022623573,0.4714,1.13
Rhbdf2,0.2519,0.27056314022623573,0.4714,3.61
Zmym6,0.2519,0.27056314022623573,0.4714,2.49
Tigd3,0.2519,0.27056314022623573,0.4714,0.56
Rtl8c,0.2519,0.27056314022623573,0.4714,51.04
Dnajc19-ps,0.2514,0.27168053493801025,0.4733,0.92
Ier5l,0.2506,0.2731235283481196,0.4741,11.82
Sap30bp,0.2506,0.2731235283481196,0.4741,22.83
D930048N14Rik,0.2506,0.2731235283481196,0.4741,1.96
Gm48420,0.2506,0.2731235283481196,0.4741,1.05
Ezr,0.2506,0.2731235283481196,0.4741,19.56
Rab13,0.2506,0.2731235283481196,0.4741,6.78
Hace1,0.2506,0.2731235283481196,0.4741,36.83
Vsig10,0.2506,0.2731235283481196,0.4741,4.18
Zfp101,0.2506,0.2731235283481196,0.4741,4.5
Cmtr2,0.2506,0.2731235283481196,0.4741,5.41
Mad1l1,0.2506,0.2731235283481196,0.4741,7.36
Ranbp9,0.2506,0.2731235283481196,0.4741,52.11
Yipf1,0.2506,0.2731235283481196,0.4741,30.71
Eif2ak1,0.2506,0.2731235283481196,0.4741,31.7
Mmp17,0.2506,0.2731235283481196,0.4741,1.07
Syn2,0.2506,0.2731235283481196,0.4741,344.31
Cnot6l,0.2506,0.2731235283481196,0.4741,24.0
Fubp3,0.2506,0.2731235283481196,0.4741,26.88
Nkiras1,0.2506,0.2731235283481196,0.4741,107.79
Dnase1l2,0.2506,0.2731235283481196,0.4741,1.4
Slc25a10,0.2506,0.2731235283481196,0.4741,17.97
Uspl1,0.2506,0.2731235283481196,0.4741,24.47
Asprv1,0.2494,0.27569907970760527,0.4771,0.86
Selenot,0.2494,0.27569907970760527,0.4771,227.86
Trmt6,0.2494,0.27569907970760527,0.4771,22.06
Pcna,0.2494,0.27569907970760527,0.4771,19.78
Zfp335os,0.2494,0.27569907970760527,0.4771,2.85
Map3k2,0.2494,0.27569907970760527,0.4771,39.21
Ripk1,0.2494,0.27569907970760527,0.4771,8.65
Lamp1,0.2494,0.27569907970760527,0.4771,349.63
Zranb3,0.2494,0.27569907970760527,0.4771,4.97
Stk40,0.2494,0.27569907970760527,0.4771,19.17
Lmbr1l,0.2494,0.27569907970760527,0.4771,6.69
Anks1b,0.2494,0.27569907970760527,0.4771,30.05
Gm43445,0.2494,0.27553800425818625,0.4771,1.18
Homez,0.2494,0.27569907970760527,0.4771,7.26
Pgam5,0.2494,0.27569907970760527,0.4771,34.29
Gm42685,0.2494,0.27569907970760527,0.4771,2.39
Tfcp2l1,0.2494,0.27569907970760527,0.4771,0.57
Nudt3,0.2494,0.27569907970760527,0.4771,211.16
Gm45129,0.2494,0.27569907970760527,0.4771,1.99
Ifitm1,0.2489,0.27667356760230705,0.4788,1.07
Mas1,0.2483,0.2778175433198615,0.4796,0.32
Psmd4,0.2481,0.2782897943042768,0.4796,86.65
Fkbp7,0.2481,0.2782897943042768,0.4796,2.53
Inpp5k,0.2481,0.2782897943042768,0.4796,39.8
Snrpf,0.2481,0.2782897943042768,0.4796,109.27
Cdc37,0.2481,0.2782897943042768,0.4796,108.18
Snora57,0.2481,0.2782897943042768,0.4796,1.45
Hpf1,0.2481,0.2782897943042768,0.4796,66.64
Rc3h1,0.2481,0.2782897943042768,0.4796,120.29
Myo1a,0.2481,0.2782897943042768,0.4796,5.04
Pard6b,0.2481,0.2782897943042768,0.4796,4.47
Alkbh1,0.2481,0.2782897943042768,0.4796,15.14
Rassf10,0.2481,0.2782897943042768,0.4796,1.51
Gm43877,0.2481,0.2782897943042768,0.4796,5.24
Ppp6r2,0.2481,0.2782897943042768,0.4796,35.12
Vps37b,0.2481,0.2782897943042768,0.4796,7.52
Pak6,0.2481,0.2782897943042768,0.4796,2.97
Tmem131l,0.2481,0.2782897943042768,0.4796,13.75
Kcnab2,0.2481,0.2782897943042768,0.4796,301.96
Gm37399,0.2481,0.2782897943042768,0.4796,1.31
Gm47624,0.2475,0.2794296128827531,0.4814,0.54
Snx11,0.2468,0.28089567126311854,0.4823,60.56
Gm37968,0.2468,0.28089567126311854,0.4823,0.65
Mief2,0.2468,0.28089567126311854,0.4823,10.7
Tbc1d1,0.2468,0.28089567126311854,0.4823,7.47
E2f5,0.2468,0.28089567126311854,0.4823,7.17
Zbtb37,0.2468,0.28089567126311854,0.4823,8.99
Zfp711,0.2468,0.28089567126311854,0.4823,4.99
Rae1,0.2468,0.28089567126311854,0.4823,18.69
Gm45201,0.2468,0.28089567126311854,0.4823,1.31
Prob1,0.2468,0.28089567126311854,0.4823,2.81
Gm16008,0.2468,0.28089567126311854,0.4823,2.12
Rps6kb2,0.2468,0.28089567126311854,0.4823,15.93
Gtf3c5,0.2468,0.28089567126311854,0.4823,10.56
Ccdc163,0.2468,0.28089567126311854,0.4823,4.43
Zfp619,0.2468,0.28089567126311854,0.4823,1.75
Dhrs7,0.2468,0.28089567126311854,0.4823,21.13
Zfp53,0.2468,0.28089567126311854,0.4823,3.37
Fam171b,0.2468,0.28089567126311854,0.4823,197.08
Mogat1,0.2458,0.28287070161469585,0.4851,0.55
Crhbp,0.2458,0.28287070161469585,0.4851,2.22
Gm44288,0.2455,0.283516708831267,0.4851,5.43
Fem1al,0.2455,0.283516708831267,0.4851,1.33
Tmco3,0.2455,0.283516708831267,0.4851,50.1
Plaa,0.2455,0.283516708831267,0.4851,52.13
Slc44a3,0.2455,0.283516708831267,0.4851,1.11
Fam98b,0.2455,0.283516708831267,0.4851,23.52
Gm47260,0.2455,0.283516708831267,0.4851,1.73
Gid8,0.2455,0.283516708831267,0.4851,34.72
Bud23,0.2455,0.283516708831267,0.4851,11.42
Cul3,0.2455,0.283516708831267,0.4851,100.18
Cptp,0.2455,0.283516708831267,0.4851,35.16
Ppa2,0.2455,0.283516708831267,0.4851,57.27
Msrb3,0.2455,0.283516708831267,0.4851,2.68
Dsc2,0.2455,0.283516708831267,0.4851,1.3
Manbal,0.2455,0.283516708831267,0.4851,81.25
Rexo1,0.2455,0.283516708831267,0.4851,29.99
Casd1,0.2455,0.283516708831267,0.4851,67.65
Slc30a6,0.2455,0.283516708831267,0.4851,7.18
Tagln2,0.2455,0.283516708831267,0.4851,118.84
Acbd6,0.2455,0.283516708831267,0.4851,65.12
Gm15728,0.2455,0.283516708831267,0.4851,1.94
Hint2,0.2455,0.283516708831267,0.4851,75.18
Csmd2,0.2442,0.286152904374841,0.4876,29.3
Klhl11,0.2442,0.286152904374841,0.4876,1.71
Dusp28,0.2442,0.286152904374841,0.4876,34.71
Gm19445,0.2442,0.286152904374841,0.4876,5.61
Gm42462,0.2442,0.286152904374841,0.4876,0.83
Ccdc96,0.2442,0.286152904374841,0.4876,1.26
Socs6,0.2442,0.286152904374841,0.4876,23.5
Micall1,0.2442,0.286152904374841,0.4876,27.55
Gm48699,0.2442,0.286152904374841,0.4876,1.92
Hccs,0.2442,0.286152904374841,0.4876,35.64
Glis1,0.2442,0.286152904374841,0.4876,1.99
C630043F03Rik,0.2442,0.286152904374841,0.4876,6.59
Dnajc10,0.2442,0.286152904374841,0.4876,87.56
Chrd,0.2442,0.286152904374841,0.4876,1.35
Setx,0.2442,0.286152904374841,0.4876,38.7
Ddx50,0.2442,0.286152904374841,0.4876,46.29
Rmnd5a,0.2442,0.286152904374841,0.4876,42.7
Ptprj,0.2442,0.286152904374841,0.4876,13.78
Man2c1os,0.2442,0.286152904374841,0.4876,1.61
Rnf25,0.2442,0.286152904374841,0.4876,14.07
Rhobtb3,0.2442,0.286152904374841,0.4876,20.05
Ankrd16,0.2442,0.286152904374841,0.4876,12.97
Riox1,0.2442,0.286152904374841,0.4876,3.82
H2-DMb1,0.2442,0.286152904374841,0.4876,0.7
Rtkn2,0.2432,0.2881577031138258,0.491,0.53
Fst,0.243,0.2885158913195734,0.491,9.34
Htra2,0.2429,0.28880425437585355,0.491,23.36
P2rx2,0.2429,0.28880425437585355,0.491,352.69
Mir100hg,0.2429,0.28880425437585355,0.491,90.34
Ccdc47,0.2429,0.28880425437585355,0.491,79.85
Gm43457,0.2429,0.28880425437585355,0.491,0.99
8430406P12Rik,0.2429,0.28880425437585355,0.491,0.61
Mmp15,0.2429,0.28880425437585355,0.491,75.79
Smim19,0.2429,0.28880425437585355,0.491,109.73
Zfp386,0.2429,0.28880425437585355,0.491,9.23
Kcnd2,0.2429,0.28880425437585355,0.491,3.9
Zranb1,0.2429,0.28880425437585355,0.491,38.83
6330415B21Rik,0.2416,0.291470754429199,0.4938,33.37
G6pc3,0.2416,0.291470754429199,0.4938,57.82
St8sia4,0.2416,0.291470754429199,0.4938,5.99
Vapb,0.2416,0.291470754429199,0.4938,263.15
Nckap1,0.2416,0.291470754429199,0.4938,267.52
Cep63,0.2416,0.291470754429199,0.4938,16.26
Ncbp1,0.2416,0.291470754429199,0.4938,16.74
Gpx4-ps2,0.2416,0.291470754429199,0.4938,21.27
A630023A22Rik,0.2416,0.291470754429199,0.4938,8.75
Pde4dip,0.2416,0.291470754429199,0.4938,109.41
Brd4,0.2416,0.291470754429199,0.4938,71.58
Wdfy2,0.2416,0.291470754429199,0.4938,45.96
Herc1,0.2416,0.291470754429199,0.4938,191.32
Hsdl1,0.2416,0.291470754429199,0.4938,95.76
Rxylt1,0.2416,0.291470754429199,0.4938,36.96
B230217C12Rik,0.2416,0.291470754429199,0.4938,33.15
Tha1,0.2416,0.291470754429199,0.4938,2.12
Edrf1,0.2416,0.291470754429199,0.4938,6.19
Mical3,0.2416,0.291470754429199,0.4938,29.93
Foxo4,0.2416,0.291470754429199,0.4938,4.1
Arhgef9,0.2416,0.291470754429199,0.4938,56.58
Dcaf17,0.2403,0.29415239923972397,0.497,13.17
Tmem43,0.2403,0.29415239923972397,0.497,37.21
Fxr1,0.2403,0.29415239923972397,0.497,90.09
Ankrd35,0.2403,0.29415239923972397,0.497,5.74
Kctd19,0.2403,0.29415239923972397,0.497,2.04
Glt1d1,0.2403,0.29415239923972397,0.497,6.24
Krt7,0.2403,0.29399082033013324,0.497,1.11
Gpr27,0.2403,0.29415239923972397,0.497,36.18
Gm37033,0.2403,0.29415239923972397,0.497,1.56
Galt,0.2403,0.29415239923972397,0.497,21.61
Gm16023,0.2403,0.29415239923972397,0.497,1.08
Myh11,0.2403,0.29415239923972397,0.497,0.97
Zfhx2,0.2403,0.29415239923972397,0.497,72.68
Saa1,0.2403,0.29415239923972397,0.497,1.82
Cryba4,0.2393,0.29620212034381926,0.4992,0.64
Gjd2os,0.2393,0.29620212034381926,0.4992,2.17
Gm38067,0.2392,0.2963085804517254,0.4992,0.35
Ppp4c,0.239,0.29684918261937715,0.4992,58.21
Rrn3,0.239,0.29684918261937715,0.4992,41.5
Sec61a1,0.239,0.29684918261937715,0.4992,85.86
Bpnt1,0.239,0.29684918261937715,0.4992,85.28
Klhl36,0.239,0.29684918261937715,0.4992,1.42
Gm14966,0.239,0.29684918261937715,0.4992,1.76
Dpp9,0.239,0.29684918261937715,0.4992,54.93
Psmc3ip,0.239,0.29684918261937715,0.4992,1.7
Ccdc17,0.239,0.29684918261937715,0.4992,1.23
Snta1,0.239,0.29684918261937715,0.4992,8.94
Ntrk2,0.239,0.29684918261937715,0.4992,514.62
Gapdh,0.239,0.29684918261937715,0.4992,681.82
Gm37219,0.239,0.29684918261937715,0.4992,1.12
Gatad2a,0.239,0.29684918261937715,0.4992,74.18
Six1,0.239,0.29684918261937715,0.4992,134.71
A430033K04Rik,0.239,0.29684918261937715,0.4992,3.63
Gm44433,0.239,0.29684918261937715,0.4992,28.39
D130020L05Rik,0.239,0.29684918261937715,0.4992,6.26
Uhrf2,0.239,0.29684918261937715,0.4992,45.64
Tatdn1,0.239,0.29684918261937715,0.4992,30.43
Qpct,0.239,0.29684918261937715,0.4992,11.34
Plagl2,0.239,0.29684918261937715,0.4992,3.25
Gm42576,0.2377,0.2995610974844405,0.5015,3.38
Rnf122,0.2377,0.2995610974844405,0.5015,16.52
Gm2415,0.2377,0.2995610974844405,0.5015,5.23
Nedd9,0.2377,0.2995610974844405,0.5015,7.92
Tmtc4,0.2377,0.2995610974844405,0.5015,41.14
1010001B22Rik,0.2377,0.2995610974844405,0.5015,1.33
Mlf1,0.2377,0.2995610974844405,0.5015,6.8
Carmil2,0.2377,0.2995610974844405,0.5015,63.47
Eif3m,0.2377,0.2995610974844405,0.5015,52.74
Abcc1,0.2377,0.2995610974844405,0.5015,21.18
Dnajc3,0.2377,0.2995610974844405,0.5015,57.78
Zfp46,0.2377,0.2995610974844405,0.5015,13.78
Nudt17,0.2377,0.2995610974844405,0.5015,15.14
Adrm1,0.2377,0.2995610974844405,0.5015,42.53
A630052C17Rik,0.2377,0.2995610974844405,0.5015,1.92
Polr2e,0.2377,0.2995610974844405,0.5015,48.95
Srrd,0.2377,0.2995610974844405,0.5015,17.01
Zcrb1,0.2377,0.2995610974844405,0.5015,267.7
Pltp,0.2377,0.2995610974844405,0.5015,1.73
Mfsd14a,0.2377,0.2995610974844405,0.5015,41.57
Trappc3,0.2377,0.2995610974844405,0.5015,51.94
Odf2,0.2377,0.2995610974844405,0.5015,26.97
Fbrs,0.2377,0.2995610974844405,0.5015,19.14
Unc79,0.2377,0.2995610974844405,0.5015,13.32
Qsox1,0.2377,0.2995610974844405,0.5015,29.06
Btf3l4,0.2377,0.2995610974844405,0.5015,33.46
Gm10649,0.2371,0.3007610886960734,0.5035,1.09
1700048O20Rik,0.2364,0.3022881358528413,0.5046,3.22
Ephx4,0.2364,0.3022881358528413,0.5046,14.05
Zdhhc17,0.2364,0.3022881358528413,0.5046,129.59
Ncapg2,0.2364,0.3022881358528413,0.5046,6.51
Mex3a,0.2364,0.3022881358528413,0.5046,1.81
Kif13a,0.2364,0.3022881358528413,0.5046,26.09
Phtf2,0.2364,0.3022881358528413,0.5046,17.23
Gm16894,0.2364,0.3022881358528413,0.5046,3.63
Ctnnd2,0.2364,0.3022881358528413,0.5046,107.29
Zfp532,0.2364,0.3022881358528413,0.5046,18.65
Zfp282,0.2364,0.3022881358528413,0.5046,9.47
Pald1,0.2364,0.3022881358528413,0.5046,10.24
Gm44235,0.2364,0.3022881358528413,0.5046,25.83
Dact2,0.2364,0.3022881358528413,0.5046,4.43
Zc3h13,0.2364,0.3022881358528413,0.5046,30.96
Prpf31,0.2364,0.3022881358528413,0.5046,27.74
Pthlh,0.2364,0.3022881358528413,0.5046,4.24
Tigd2,0.2364,0.3022881358528413,0.5046,41.46
Sdc3,0.2364,0.3022881358528413,0.5046,180.47
Gm43482,0.2354,0.3043830862118859,0.5075,0.39
Slc3a2,0.2351,0.30503028884154887,0.5075,64.57
Gmds,0.2351,0.30503028884154887,0.5075,11.5
Jakmip3,0.2351,0.30503028884154887,0.5075,21.42
Gm43628,0.2351,0.30503028884154887,0.5075,1.32
Anks6,0.2351,0.30503028884154887,0.5075,2.64
Scly,0.2351,0.30503028884154887,0.5075,12.24
Pdk1,0.2351,0.30503028884154887,0.5075,16.39
Erdr1x,0.2351,0.30503028884154887,0.5075,3.47
Scn2b,0.2351,0.30503028884154887,0.5075,109.52
Acad9,0.2351,0.30503028884154887,0.5075,8.57
Aifm2,0.2351,0.30503028884154887,0.5075,3.58
Nup98,0.2351,0.30503028884154887,0.5075,21.14
Rabep2,0.2351,0.30503028884154887,0.5075,11.94
Tent4b,0.2351,0.30503028884154887,0.5075,21.77
Cadm3,0.2351,0.30503028884154887,0.5075,259.05
Exosc3,0.2351,0.30503028884154887,0.5075,8.6
Nipa2,0.2351,0.30503028884154887,0.5075,48.69
Edem1,0.2351,0.30503028884154887,0.5075,21.17
Cenpx,0.2351,0.30503028884154887,0.5075,37.94
Phf20,0.2351,0.30503028884154887,0.5075,60.62
Kcnc4,0.2351,0.30503028884154887,0.5075,226.12
Gjd2,0.2351,0.30503028884154887,0.5075,3.84
Ogfr,0.2351,0.30503028884154887,0.5075,14.88
Glt8d2,0.2345,0.30616644187709824,0.5093,0.57
Pgr15l,0.2344,0.3064304222569352,0.5097,2.39
Shprh,0.2338,0.3077875466640504,0.5101,20.36
Zfp953,0.2338,0.3077875466640504,0.5101,0.64
Bard1,0.2338,0.3077875466640504,0.5101,2.38
Insr,0.2338,0.3077875466640504,0.5101,28.47
Exosc1,0.2338,0.3077875466640504,0.5101,21.86
Bap1,0.2338,0.3077875466640504,0.5101,58.95
Polr3e,0.2338,0.3077875466640504,0.5101,12.07
Epb41l4aos,0.2338,0.3077875466640504,0.5101,14.93
Ap2m1-ps,0.2338,0.3077875466640504,0.5101,1.25
Csnk2b,0.2338,0.3077875466640504,0.5101,120.45
Rlim,0.2338,0.3077875466640504,0.5101,47.4
Lins1,0.2338,0.3077875466640504,0.5101,10.8
Zfp182,0.2338,0.3077875466640504,0.5101,2.87
Rnf19b,0.2338,0.3077875466640504,0.5101,39.29
Phlpp2,0.2338,0.3077875466640504,0.5101,29.36
Tmem198,0.2338,0.3077875466640504,0.5101,13.1
Seh1l,0.2338,0.3077875466640504,0.5101,29.95
Cdon,0.2338,0.3077875466640504,0.5101,4.01
Tab1,0.2338,0.3077875466640504,0.5101,14.38
Naa10,0.2338,0.3077875466640504,0.5101,19.77
Gtf2b,0.2338,0.3077875466640504,0.5101,23.95
Lnx2,0.2338,0.3077875466640504,0.5101,5.85
Dcaf13,0.2338,0.3077875466640504,0.5101,7.23
Prr5,0.2338,0.3077875466640504,0.5101,14.36
Mtmr7,0.2325,0.31055989862791333,0.5127,48.92
Cfap20,0.2325,0.31055989862791333,0.5127,48.31
Ntsr2,0.2325,0.31055989862791333,0.5127,1.32
Ficd,0.2325,0.31055989862791333,0.5127,12.0
Copg1,0.2325,0.31055989862791333,0.5127,148.49
1700017B05Rik,0.2325,0.31055989862791333,0.5127,2.51
Ica1,0.2325,0.31055989862791333,0.5127,24.63
Taf1c,0.2325,0.31055989862791333,0.5127,7.64
Fbxo10,0.2325,0.31055989862791333,0.5127,11.93
Tor2a,0.2325,0.31055989862791333,0.5127,5.55
Spata2l,0.2325,0.31055989862791333,0.5127,6.5
Wdr55,0.2325,0.31055989862791333,0.5127,8.29
Acadl,0.2325,0.31055989862791333,0.5127,103.0
Parp2,0.2325,0.31055989862791333,0.5127,13.21
Polr2h,0.2325,0.31055989862791333,0.5127,38.9
Paqr9,0.2325,0.31055989862791333,0.5127,63.95
B3gntl1,0.2325,0.31055989862791333,0.5127,1.59
Sox3,0.2325,0.31055989862791333,0.5127,2.04
Larp4,0.2325,0.31055989862791333,0.5127,96.15
Rpl4,0.2325,0.31055989862791333,0.5127,411.61
Gm37731,0.2317,0.31213396967742285,0.5153,0.29
Szrd1,0.2312,0.313347333132429,0.5156,24.94
Gm43362,0.2312,0.313347333132429,0.5156,10.12
Cdk2ap2,0.2312,0.313347333132429,0.5156,80.22
Intu,0.2312,0.313347333132429,0.5156,3.09
Enpp1,0.2312,0.313347333132429,0.5156,3.57
Gm44438,0.2312,0.313347333132429,0.5156,7.81
Pex26,0.2312,0.313347333132429,0.5156,9.08
Qrich1,0.2312,0.313347333132429,0.5156,75.63
Gm26672,0.2312,0.313347333132429,0.5156,1.43
Prtn3,0.2312,0.313347333132429,0.5156,2.81
1810010H24Rik,0.2312,0.313347333132429,0.5156,2.97
Unc45a,0.2312,0.313347333132429,0.5156,39.32
Ezh1,0.2312,0.313347333132429,0.5156,42.1
Ccdc15,0.2312,0.313347333132429,0.5156,1.33
Ddx19b,0.2312,0.313347333132429,0.5156,14.27
Aco2,0.2312,0.313347333132429,0.5156,162.71
Tmem161a,0.2299,0.3161498376663408,0.5183,27.34
Dbndd2,0.2299,0.3161498376663408,0.5183,27.01
Gm29216,0.2299,0.3161498376663408,0.5183,7.79
Gm15417,0.2299,0.3161498376663408,0.5183,16.73
Epha10,0.2299,0.3161498376663408,0.5183,12.42
Plxnc1,0.2299,0.3161498376663408,0.5183,27.13
Mtx1,0.2299,0.3161498376663408,0.5183,18.36
Hapstr1,0.2299,0.3161498376663408,0.5183,56.6
Lax1,0.2299,0.3161498376663408,0.5183,0.84
Xrn2,0.2299,0.3161498376663408,0.5183,20.56
Ndrg2,0.2299,0.3161498376663408,0.5183,215.05
Gm30531,0.2299,0.3161498376663408,0.5183,2.53
Cdc42bpa,0.2299,0.3161498376663408,0.5183,128.17
Apoo,0.2299,0.3161498376663408,0.5183,30.75
Ubqln1,0.2299,0.3161498376663408,0.5183,113.76
5830454E08Rik,0.2299,0.3161498376663408,0.5183,4.1
Clip1,0.2299,0.3161498376663408,0.5183,57.51
Gm17922,0.2299,0.3161498376663408,0.5183,3.27
5330406M23Rik,0.2299,0.3161498376663408,0.5183,20.5
Parp14,0.2299,0.3161498376663408,0.5183,8.32
Zfp84,0.2299,0.3161498376663408,0.5183,5.13
Pkdrej,0.2299,0.3161498376663408,0.5183,0.94
Hmces,0.2299,0.3161498376663408,0.5183,11.83
Jmjd1c,0.2299,0.3161498376663408,0.5183,46.98
Gm13594,0.2293,0.3173952221698546,0.5203,0.77
Gm6566,0.2293,0.3173476403314299,0.5202,0.38
Alas1,0.2286,0.3189673988056576,0.5208,11.8
Gm43681,0.2286,0.3189673988056576,0.5208,2.41
Gm4673,0.2286,0.3189673988056576,0.5208,2.39
Smpdl3a,0.2286,0.3189673988056576,0.5208,22.0
Arhgap1,0.2286,0.3189673988056576,0.5208,56.72
Gm38083,0.2286,0.3189673988056576,0.5208,0.54
Rab27a,0.2286,0.3189673988056576,0.5208,17.44
Ctu2,0.2286,0.3189673988056576,0.5208,13.23
Zfp248,0.2286,0.3189673988056576,0.5208,11.55
Srl,0.2286,0.3189673988056576,0.5208,5.62
Rph3al,0.2286,0.3189673988056576,0.5208,5.59
Ciz1,0.2286,0.3189673988056576,0.5208,15.75
Mboat7,0.2286,0.3189673988056576,0.5208,44.2
Triobp,0.2286,0.3189673988056576,0.5208,8.0
Lrp10,0.2286,0.3189673988056576,0.5208,69.48
Cdk2ap1,0.2286,0.3189673988056576,0.5208,52.93
Galk2,0.2286,0.3189673988056576,0.5208,17.12
Dlgap2,0.2286,0.3189673988056576,0.5208,2.55
Tvp23b,0.2286,0.3189673988056576,0.5208,34.27
Rap1a,0.2286,0.3189673988056576,0.5208,39.11
Fbxo34,0.2286,0.3189673988056576,0.5208,20.76
Cldn11,0.228,0.32022036369109563,0.5226,4.42
Asb16,0.228,0.32022036369109563,0.5226,1.06
Prokr1,0.2279,0.32036525922365994,0.5228,0.89
Adgrg3,0.2274,0.32160312525748574,0.5235,0.44
Actr3b,0.2273,0.32180000221155247,0.5235,50.1
Cd36,0.2273,0.32180000221155247,0.5235,0.92
Gm16759,0.2273,0.32180000221155247,0.5235,1.1
Tm4sf1,0.2273,0.32180000221155247,0.5235,23.72
Zfp839,0.2273,0.32180000221155247,0.5235,6.01
Gm43848,0.2273,0.32180000221155247,0.5235,2.78
Dennd4c,0.2273,0.32180000221155247,0.5235,5.8
Ifngr1,0.2273,0.32180000221155247,0.5235,16.61
Ets1,0.2273,0.32180000221155247,0.5235,3.77
Sec24c,0.2273,0.32180000221155247,0.5235,41.13
Sirt4,0.2273,0.32180000221155247,0.5235,5.27
Hsf4,0.2273,0.32180000221155247,0.5235,20.28
Slc8a1,0.2273,0.32180000221155247,0.5235,89.34
Gm45537,0.2273,0.32180000221155247,0.5235,2.32
Sox5,0.2273,0.32180000221155247,0.5235,3.21
Plekha2,0.2273,0.32180000221155247,0.5235,18.46
Anxa4,0.2273,0.32180000221155247,0.5235,13.87
Gm47585,0.2273,0.32180000221155247,0.5235,8.44
Mtnr1a,0.2262,0.32408677842300526,0.5265,1.01
G430095P16Rik,0.2261,0.3242639280636101,0.5265,0.98
Bcl2,0.226,0.32464763262834334,0.5265,58.23
Eif4enif1,0.226,0.32464763262834334,0.5265,32.81
Dync1li1,0.226,0.32464763262834334,0.5265,174.85
Zfp961,0.226,0.32464763262834334,0.5265,3.99
C2cd2,0.226,0.32464763262834334,0.5265,21.72
Efcab2,0.226,0.32464763262834334,0.5265,12.09
Mfsd14b,0.226,0.32464763262834334,0.5265,44.3
Synm,0.226,0.32464763262834334,0.5265,199.71
Heatr3,0.226,0.32464763262834334,0.5265,12.88
Max,0.226,0.32464763262834334,0.5265,51.7
Rnf32,0.226,0.32464763262834334,0.5265,9.0
2610008E11Rik,0.226,0.32464763262834334,0.5265,10.08
Porcn,0.226,0.32464763262834334,0.5265,16.75
Gm31024,0.226,0.32464763262834334,0.5265,0.68
Adam11,0.226,0.32464763262834334,0.5265,52.28
Mrpl12,0.226,0.32464763262834334,0.5265,119.34
Pnma3,0.226,0.32464763262834334,0.5265,8.74
Gm42841,0.225,0.32686454503186063,0.5292,0.91
2810001G20Rik,0.2247,0.3275102738815652,0.5292,21.24
Gga3,0.2247,0.3275102738815652,0.5292,38.54
Ube2e3,0.2247,0.3275102738815652,0.5292,71.22
Gm10136,0.2247,0.3275102738815652,0.5292,0.6
Strn4,0.2247,0.3275102738815652,0.5292,48.9
Gm42547,0.2247,0.3275102738815652,0.5292,9.15
Mrpl16,0.2247,0.3275102738815652,0.5292,18.31
Dtnb,0.2247,0.3275102738815652,0.5292,26.34
Ccdc51,0.2247,0.3275102738815652,0.5292,2.75
Grhl3,0.2247,0.3275102738815652,0.5292,4.09
Ccdc127,0.2247,0.3275102738815652,0.5292,62.59
Gm10399,0.2247,0.327349006534284,0.5292,0.64
Gm50240,0.2247,0.3275102738815652,0.5292,10.34
Phf2os1,0.2247,0.3275102738815652,0.5292,0.58
Mtmr4,0.2247,0.3275102738815652,0.5292,43.46
Plcl2,0.2247,0.3275102738815652,0.5292,4.13
N6amt1,0.2247,0.3275102738815652,0.5292,28.15
Kyat3,0.2247,0.3275102738815652,0.5292,3.27
Anapc13,0.2247,0.3275102738815652,0.5292,108.92
C1galt1c1,0.2247,0.3275102738815652,0.5292,19.17
Hmcn1,0.2247,0.3275102738815652,0.5292,3.09
Wrnip1,0.2247,0.3275102738815652,0.5292,36.57
Cbx6,0.2247,0.3275102738815652,0.5292,231.29
Gm42940,0.2247,0.3275102738815652,0.5292,0.75
Itgb3,0.2247,0.3275102738815652,0.5292,3.63
Hivep2,0.2247,0.3275102738815652,0.5292,47.57
Hapln4,0.2241,0.32878599697062627,0.5312,7.85
Gm43658,0.2235,0.33003798555082364,0.532,0.53
Gm47816,0.2234,0.330387908876124,0.532,0.88
Pmpca,0.2234,0.330387908876124,0.532,34.35
Trafd1,0.2234,0.330387908876124,0.532,42.38
Palb2,0.2234,0.330387908876124,0.532,0.96
Sf3a3,0.2234,0.330387908876124,0.532,11.28
Gm42971,0.2234,0.330387908876124,0.532,24.39
Wac,0.2234,0.330387908876124,0.532,87.9
Pcgf6,0.2234,0.330387908876124,0.532,10.1
Gm45221,0.2234,0.330387908876124,0.532,2.3
Ngrn,0.2234,0.330387908876124,0.532,79.43
Zfp511,0.2234,0.330387908876124,0.532,23.77
Calr4,0.2234,0.3302267363197822,0.532,0.64
Gm37264,0.2234,0.330387908876124,0.532,0.5
Gm44894,0.2234,0.330387908876124,0.532,2.41
Tnfaip6,0.2234,0.330387908876124,0.532,4.2
Cdkn2c,0.2234,0.330387908876124,0.532,3.34
Atg9a,0.2234,0.330387908876124,0.532,1.64
Psmd1,0.2234,0.330387908876124,0.532,98.97
BC005537,0.2234,0.330387908876124,0.532,450.37
Chek1,0.2234,0.330387908876124,0.532,1.18
Gm43890,0.2234,0.330387908876124,0.532,0.52
Htr4,0.2232,0.33087729152152,0.5328,1.03
Gm11713,0.2222,0.333117320097801,0.5347,0.79
Fbxl22,0.2222,0.3331194525915887,0.5347,0.62
Lman2,0.2221,0.3332805195945379,0.5347,49.74
Fgl2,0.2221,0.3332805195945379,0.5347,1.89
Cadps2,0.2221,0.3332805195945379,0.5347,15.85
Mdp1,0.2221,0.3332805195945379,0.5347,45.95
Fbxo5,0.2221,0.3332805195945379,0.5347,0.88
Fahd2a,0.2221,0.3332805195945379,0.5347,12.41
Gm37238,0.2221,0.3332805195945379,0.5347,1.31
AW554918,0.2221,0.3332805195945379,0.5347,9.67
Gm37524,0.2221,0.3332805195945379,0.5347,1.48
Uri1,0.2221,0.3332805195945379,0.5347,53.98
Gm10643,0.2221,0.3332805195945379,0.5347,1.92
Tafa1,0.2221,0.3332805195945379,0.5347,5.25
Foxk1,0.2221,0.3332805195945379,0.5347,22.96
Gm15411,0.2211,0.3355436160321529,0.5373,0.56
Cyp4f17,0.2209,0.33602713644126964,0.5373,2.56
Nlrc3,0.2208,0.3361880870952679,0.5373,1.04
A630036G19Rik,0.2208,0.3361880870952679,0.5373,5.21
4930523C07Rik,0.2208,0.3361880870952679,0.5373,1.38
Nol11,0.2208,0.3361880870952679,0.5373,17.83
Mettl2,0.2208,0.3361880870952679,0.5373,9.88
Pnpt1,0.2208,0.3361880870952679,0.5373,12.3
Kat8,0.2208,0.3361880870952679,0.5373,9.11
Atp6v1g2,0.2208,0.3361880870952679,0.5373,283.87
Kash5,0.2208,0.3361880870952679,0.5373,0.64
Exosc5,0.2208,0.3361880870952679,0.5373,22.11
Alyref,0.2208,0.3361880870952679,0.5373,66.51
Chst2,0.2208,0.3361880870952679,0.5373,69.32
Ccne2,0.2208,0.3361880870952679,0.5373,5.91
Kdm3b,0.2208,0.3361880870952679,0.5373,7.45
Gm11578,0.2208,0.3361880870952679,0.5373,3.15
Bnc2,0.2208,0.3360335544126599,0.5373,7.2
Nmt2,0.2208,0.3361880870952679,0.5373,112.23
Gm37368,0.2208,0.3361880870952679,0.5373,2.35
Tmem70,0.2208,0.3361880870952679,0.5373,33.24
Septin3,0.2208,0.3361880870952679,0.5373,112.71
Dcun1d3,0.2208,0.3361880870952679,0.5373,22.23
Ldb1,0.2208,0.3361880870952679,0.5373,26.48
Prcc,0.2208,0.3361880870952679,0.5373,13.79
Tnxb,0.2208,0.3361880870952679,0.5373,2.23
Cdk2ap1rt,0.2208,0.3361880870952679,0.5373,1.87
Tjp1,0.2208,0.3361880870952679,0.5373,12.76
Dleu7,0.2198,0.33846662630580276,0.5401,2.44
5730596B20Rik,0.2198,0.33846662630580276,0.5401,0.6
Slc18a3,0.2198,0.33846662630580276,0.5401,6.84
Ntm,0.2196,0.3389497680336333,0.5401,2.52
Fam120c,0.2195,0.3391105915111325,0.5401,6.88
Rps24-ps3,0.2195,0.3391105915111325,0.5401,1.52
Nat8l,0.2195,0.3391105915111325,0.5401,174.44
Sh3gl1,0.2195,0.3391105915111325,0.5401,20.93
Dpcd,0.2195,0.3391105915111325,0.5401,117.36
Phpt1,0.2195,0.3391105915111325,0.5401,39.43
Epdr1,0.2195,0.3391105915111325,0.5401,331.65
Crat,0.2195,0.3391105915111325,0.5401,21.91
Tmem199,0.2195,0.3391105915111325,0.5401,46.87
Gm49486,0.2195,0.3391105915111325,0.5401,0.71
Gm38157,0.2195,0.3391105915111325,0.5401,17.69
Npepps,0.2195,0.3391105915111325,0.5401,156.76
Gm45074,0.2195,0.3391105915111325,0.5401,0.61
Gpr108,0.2195,0.3391105915111325,0.5401,31.82
Entpd5,0.2195,0.3391105915111325,0.5401,23.1
Cyp51,0.2195,0.3391105915111325,0.5401,93.51
Zfp618,0.2195,0.3391105915111325,0.5401,9.78
Esf1,0.2195,0.3391105915111325,0.5401,29.39
Gm42727,0.2195,0.3391105915111325,0.5401,0.74
Celsr3,0.2182,0.342048012047813,0.5436,37.65
Arhgef3,0.2182,0.342048012047813,0.5436,18.4
Fbxl9,0.2182,0.342048012047813,0.5436,2.67
Sgcd,0.2182,0.342048012047813,0.5436,4.22
Kcnn1,0.2182,0.342048012047813,0.5436,8.36
C130089K02Rik,0.2182,0.342048012047813,0.5436,4.7
2610012C04Rik,0.2182,0.342048012047813,0.5436,2.08
Mir181a-1hg,0.2182,0.342048012047813,0.5436,1.13
Grik2,0.2182,0.342048012047813,0.5436,4.78
D430040D24Rik,0.2182,0.342048012047813,0.5436,1.58
Pias4,0.2182,0.342048012047813,0.5436,22.76
Rps6kc1,0.2182,0.342048012047813,0.5436,22.77
Prx,0.2182,0.342048012047813,0.5436,4.45
Gm48369,0.2176,0.3433898749738071,0.5456,0.83
Gm44883,0.2176,0.3433616967654794,0.5456,2.7
Wdpcp,0.2169,0.3450003269824448,0.5465,3.45
Hsd17b11,0.2169,0.3450003269824448,0.5465,21.28
Cdo1,0.2169,0.3450003269824448,0.5465,7.71
Dnajc19,0.2169,0.3450003269824448,0.5465,136.67
Vipas39,0.2169,0.3450003269824448,0.5465,38.98
Pcbp1,0.2169,0.3450003269824448,0.5465,167.26
Specc1l,0.2169,0.3450003269824448,0.5465,59.17
Trmt44,0.2169,0.3450003269824448,0.5465,3.26
Rhbdl1,0.2169,0.3450003269824448,0.5465,2.77
Kif3b,0.2169,0.3450003269824448,0.5465,43.96
Ppp3cb,0.2169,0.3450003269824448,0.5465,219.27
Eif4h,0.2169,0.3450003269824448,0.5465,182.9
Tmem9,0.2169,0.3450003269824448,0.5465,70.92
Dnajc24,0.2169,0.3450003269824448,0.5465,9.36
Ikzf3,0.2164,0.3461630169878637,0.5483,0.81
1700056N10Rik,0.2163,0.34632160484040014,0.5485,0.82
Gm37035,0.2159,0.3473253275547354,0.5494,0.91
Tcea3,0.2157,0.3477237081905844,0.5494,0.72
Muc15,0.2156,0.3478486337154454,0.5494,0.44
Dnajc1,0.2156,0.34796751366229955,0.5494,11.36
Ghr,0.2156,0.34796751366229955,0.5494,22.58
Plekhm1,0.2156,0.34796751366229955,0.5494,9.64
Ireb2,0.2156,0.34796751366229955,0.5494,44.52
Tacc3,0.2156,0.34796751366229955,0.5494,4.36
Rps3a3,0.2156,0.34796751366229955,0.5494,15.95
9130002K18Rik,0.2156,0.34796751366229955,0.5494,0.95
Golim4,0.2156,0.34796751366229955,0.5494,60.24
Cab39l,0.2156,0.34796751366229955,0.5494,44.74
Gm44834,0.2156,0.34796751366229955,0.5494,0.47
Gm15513,0.2156,0.34796751366229955,0.5494,3.22
Helb,0.2156,0.34796751366229955,0.5494,2.35
Gm12371,0.2156,0.34796751366229955,0.5494,4.76
Rapgef4,0.2156,0.34796751366229955,0.5494,61.71
Mrpl39,0.2156,0.34796751366229955,0.5494,10.9
Chd4,0.2156,0.34796751366229955,0.5494,142.45
Fgf7,0.2144,0.35078934260778655,0.5517,0.84
Gm42876,0.2144,0.35078934260778655,0.5517,0.55
Adgb,0.2143,0.3509495485035526,0.5517,2.32
Lrrfip2,0.2143,0.3509495485035526,0.5517,51.29
Gm47140,0.2143,0.3509495485035526,0.5517,1.21
Klhl12,0.2143,0.3509495485035526,0.5517,35.84
Impa2,0.2143,0.3509495485035526,0.5517,10.82
4833412K13Rik,0.2143,0.3509495485035526,0.5517,2.45
Ccna2,0.2143,0.3509495485035526,0.5517,0.86
Nit2,0.2143,0.3509495485035526,0.5517,6.27
Fxyd4,0.2143,0.3509495485035526,0.5517,2.36
Pabir2,0.2143,0.3509495485035526,0.5517,58.8
Gm43376,0.2143,0.3509495485035526,0.5517,37.87
Cdc73,0.2143,0.3509495485035526,0.5517,67.2
Usf1,0.2143,0.3509495485035526,0.5517,10.93
Cdhr1,0.2143,0.3509495485035526,0.5517,30.55
Itm2b,0.2143,0.3509495485035526,0.5517,734.04
Prkci,0.2143,0.3509495485035526,0.5517,35.7
Gm10039,0.2143,0.3509495485035526,0.5517,9.13
Star,0.2143,0.3509495485035526,0.5517,0.82
Actr1b,0.2143,0.3509495485035526,0.5517,188.72
Tram1,0.2143,0.3509495485035526,0.5517,50.28
Lrsam1,0.2143,0.3509495485035526,0.5517,70.09
Ptp4a2,0.2143,0.3509495485035526,0.5517,168.21
B3gat2,0.2143,0.3509495485035526,0.5517,2.58
Lrmda,0.2143,0.3509495485035526,0.5517,0.7
Rreb1,0.2143,0.3509495485035526,0.5517,1.63
Cmtm8,0.2143,0.3509495485035526,0.5517,4.62
Rnf128,0.2143,0.3509495485035526,0.5517,6.75
Nebl,0.2143,0.3509495485035526,0.5517,53.94
Krt8,0.213,0.3539175479718019,0.5546,0.53
Mak16,0.213,0.353946406990143,0.5546,11.34
Zhx1,0.213,0.353946406990143,0.5546,42.6
Zfp772,0.213,0.353946406990143,0.5546,9.57
Hadh,0.213,0.353946406990143,0.5546,27.01
Pde12,0.213,0.353946406990143,0.5546,19.76
Mss51,0.213,0.353946406990143,0.5546,0.86
Prr18,0.213,0.353946406990143,0.5546,2.04
Pnpla8,0.213,0.353946406990143,0.5546,78.83
Trim59,0.213,0.353946406990143,0.5546,2.61
Pam16l,0.213,0.353946406990143,0.5546,3.33
Gm42979,0.213,0.353946406990143,0.5546,3.3
Ndufb11,0.213,0.353946406990143,0.5546,323.43
Tm9sf1,0.213,0.353946406990143,0.5546,3.12
Dipk1c,0.213,0.3539175479718019,0.5546,1.18
Cmip,0.213,0.353946406990143,0.5546,75.99
Ing5,0.213,0.353946406990143,0.5546,7.05
Minar2,0.213,0.353946406990143,0.5546,86.58
Rasd1,0.213,0.353946406990143,0.5546,8.48
Ice2,0.213,0.353946406990143,0.5546,4.93
Xylb,0.213,0.353946406990143,0.5546,2.27
1600020E01Rik,0.2117,0.35695806367272104,0.5582,13.13
E130307A14Rik,0.2117,0.35695806367272104,0.5582,12.45
Nomo1,0.2117,0.35695806367272104,0.5582,80.37
Gm44168,0.2117,0.35695806367272104,0.5582,1.11
Ufsp2,0.2117,0.35695806367272104,0.5582,40.06
Apba3,0.2117,0.35695806367272104,0.5582,10.29
Tstd1,0.2117,0.35695806367272104,0.5582,14.01
Snrnp35,0.2117,0.35695806367272104,0.5582,7.63
Ints12,0.2117,0.35695806367272104,0.5582,7.37
Gm32031,0.2117,0.35695806367272104,0.5582,6.03
Wdfy1,0.2117,0.35695806367272104,0.5582,24.31
Dyrk1b,0.2117,0.35695806367272104,0.5582,15.59
Krcc1,0.2117,0.35695806367272104,0.5582,43.42
Ndufa10,0.2117,0.35695806367272104,0.5582,164.13
Glis2,0.2117,0.35695806367272104,0.5582,10.23
Mafa,0.2107,0.35934529257900544,0.5611,1.24
Gm44899,0.2107,0.35934529257900544,0.5611,1.04
Gm44802,0.2107,0.35934529257900544,0.5611,0.46
AU022252,0.2104,0.35998449216768674,0.5611,32.35
Slc29a1,0.2104,0.35998449216768674,0.5611,35.9
Podxl,0.2104,0.35998449216768674,0.5611,2.2
Larp7,0.2104,0.35998449216768674,0.5611,15.03
Mtrf1l,0.2104,0.35998449216768674,0.5611,4.53
Mrpl15,0.2104,0.35998449216768674,0.5611,27.42
Trappc9,0.2104,0.35998449216768674,0.5611,54.48
Pmp22,0.2104,0.35998449216768674,0.5611,400.52
Nrn1,0.2104,0.35998449216768674,0.5611,433.81
Sobp,0.2104,0.35998449216768674,0.5611,60.86
Gm43422,0.2104,0.3599028329220745,0.5611,0.51
Numb,0.2104,0.35998449216768674,0.5611,25.74
Slc26a6,0.2104,0.35998449216768674,0.5611,3.1
Klhl20,0.2104,0.35998449216768674,0.5611,31.05
Brf1,0.2104,0.35998449216768674,0.5611,15.44
B230206I08Rik,0.2104,0.35998449216768674,0.5611,4.68
Ndufa6,0.2104,0.35998449216768674,0.5611,484.99
Thop1,0.2104,0.35998449216768674,0.5611,15.98
Tmem181b-ps,0.2104,0.35998449216768674,0.5611,3.78
Maml3,0.2104,0.35998449216768674,0.5611,12.14
P2rx6,0.2104,0.35998449216768674,0.5611,6.09
Obsl1,0.2104,0.35998449216768674,0.5611,10.85
Gm48562,0.2104,0.35998449216768674,0.5611,1.96
Nt5e,0.2098,0.361343715747016,0.5632,9.89
Rasef,0.2094,0.3623873225838543,0.5643,2.31
Mageb16,0.2092,0.36286625234676345,0.5643,0.7
Gm35065,0.2092,0.3628757206961725,0.5643,0.61
Pakap,0.2091,0.36302566515631635,0.5643,12.86
Gm38056,0.2091,0.36302566515631635,0.5643,0.66
Nudcd3,0.2091,0.36302566515631635,0.5643,95.4
Btaf1,0.2091,0.36302566515631635,0.5643,12.37
Sapcd1,0.2091,0.36302566515631635,0.5643,1.81
Nbr1,0.2091,0.36302566515631635,0.5643,57.48
Kbtbd2,0.2091,0.36302566515631635,0.5643,87.05
Med14,0.2091,0.36302566515631635,0.5643,54.7
Hhat,0.2091,0.36302566515631635,0.5643,2.35
Hmgcl,0.2091,0.36302566515631635,0.5643,9.52
Kcnh5,0.2089,0.3635190762252367,0.565,0.28
Xdh,0.2085,0.3643924707869238,0.5662,1.42
Gm37581,0.2085,0.3643924707869238,0.5662,0.44
Cdkn2a,0.2083,0.364933602562239,0.5668,0.35
Erbb2,0.2081,0.3654441131635434,0.5668,2.0
Gm37728,0.2078,0.3660815543839817,0.5668,16.68
Dact1,0.2078,0.3660815543839817,0.5668,6.8
Atp5f1b,0.2078,0.3660815543839817,0.5668,509.5
Zfp93,0.2078,0.3660815543839817,0.5668,4.64
2010109A12Rik,0.2078,0.3660815543839817,0.5668,1.18
Cops3,0.2078,0.3660815543839817,0.5668,35.24
Trim46,0.2078,0.3660815543839817,0.5668,37.22
Cd83,0.2078,0.3660815543839817,0.5668,11.44
Acyp1,0.2078,0.3660815543839817,0.5668,49.81
Gm17066,0.2078,0.3660815543839817,0.5668,3.86
Gm42514,0.2078,0.3660815543839817,0.5668,0.89
Gm14033,0.2078,0.3660815543839817,0.5668,1.47
Ier2,0.2078,0.3660815543839817,0.5668,56.82
Gdpd5,0.2078,0.3660815543839817,0.5668,39.73
Piga,0.2078,0.3660815543839817,0.5668,4.53
Tceal1,0.2078,0.3660815543839817,0.5668,67.49
Gm38192,0.2078,0.3660815543839817,0.5668,0.85
Bloc1s5,0.2078,0.3660815543839817,0.5668,30.96
Styx,0.2078,0.3660815543839817,0.5668,5.16
Snrpert,0.2078,0.3660815543839817,0.5668,4.34
Vrk2,0.2072,0.3674559386617402,0.5688,0.92
Osgin1,0.2066,0.36899318068642767,0.5697,0.9
Atf1,0.2065,0.36915213065945873,0.5697,13.67
Rnf169,0.2065,0.36915213065945873,0.5697,11.94
Agap2,0.2065,0.36915213065945873,0.5697,3.96
Mast3,0.2065,0.36915213065945873,0.5697,17.72
Nadsyn1,0.2065,0.36915213065945873,0.5697,1.96
Rps6ka3,0.2065,0.36915213065945873,0.5697,76.31
5031425E22Rik,0.2065,0.36915213065945873,0.5697,22.89
Coq4,0.2065,0.36915213065945873,0.5697,13.07
Arl6ip4,0.2065,0.36915213065945873,0.5697,86.84
Gm49703,0.2065,0.36915213065945873,0.5697,1.08
Dnhd1,0.2065,0.36915213065945873,0.5697,1.05
Cep95,0.2065,0.36915213065945873,0.5697,1.93
Cyp39a1,0.2065,0.36915213065945873,0.5697,3.53
Vps18,0.2065,0.36915213065945873,0.5697,23.88
Ddx20,0.2065,0.36915213065945873,0.5697,2.84
Ift22,0.2065,0.36915213065945873,0.5697,35.62
Necap2,0.2065,0.36915213065945873,0.5697,10.9
Anapc2,0.2065,0.36915213065945873,0.5697,55.94
Gm38351,0.2064,0.3694102950333216,0.5701,0.39
Fam186b,0.2059,0.3705340897315556,0.5718,0.58
Gpat2,0.2055,0.3716018586698655,0.5727,2.18
Zfp260,0.2052,0.3722373638543263,0.5727,41.3
Pdcd2,0.2052,0.3722373638543263,0.5727,17.43
Ifrd1,0.2052,0.3722373638543263,0.5727,45.52
Cfl2,0.2052,0.3722373638543263,0.5727,314.75
Tmem165,0.2052,0.3722373638543263,0.5727,37.6
Wdr82,0.2052,0.3722373638543263,0.5727,37.37
Rab3gap2,0.2052,0.3722373638543263,0.5727,62.91
Pus10,0.2052,0.3722373638543263,0.5727,4.58
Cdkn2aip,0.2052,0.3722373638543263,0.5727,10.31
Zdhhc22,0.2052,0.3722373638543263,0.5727,32.47
Cby1,0.2052,0.3722373638543263,0.5727,37.16
Ccdc162,0.2052,0.3722373638543263,0.5727,1.92
Gm9493,0.2052,0.3722373638543263,0.5727,2.34
Gipc2,0.2052,0.3722373638543263,0.5727,7.05
Cdc40,0.2052,0.3722373638543263,0.5727,18.56
Pdcd5-ps,0.2052,0.3722373638543263,0.5727,7.89
Yif1a,0.2052,0.3722373638543263,0.5727,37.15
Gm45120,0.2046,0.37374753748637146,0.5749,0.48
Gm43237,0.2042,0.37470275255226315,0.5758,0.97
Rpl18-ps1,0.204,0.3751787801795106,0.5758,0.62
U2af1,0.2039,0.37533722290245836,0.5758,81.15
Skic2,0.2039,0.37533722290245836,0.5758,24.15
Clp1,0.2039,0.37533722290245836,0.5758,4.81
Fam168b,0.2039,0.37533722290245836,0.5758,122.95
Nhsl2,0.2039,0.37533722290245836,0.5758,15.06
Fhip1b,0.2039,0.37533722290245836,0.5758,26.52
Traf3ip3,0.2039,0.37533722290245836,0.5758,3.6
Gzmm,0.2039,0.37533722290245836,0.5758,0.78
Bicral,0.2039,0.37533722290245836,0.5758,24.7
Kcna6,0.2039,0.37533722290245836,0.5758,145.64
Snap47,0.2039,0.37533722290245836,0.5758,157.94
Btbd3,0.2039,0.37533722290245836,0.5758,94.63
AV356131,0.2039,0.37533722290245836,0.5758,8.04
Pi4k2a,0.2039,0.37533722290245836,0.5758,93.28
Gm12294,0.2039,0.37533722290245836,0.5758,0.71
Gm42869,0.2033,0.3767343182028006,0.5778,0.63
Gm48593,0.2029,0.3778182849200599,0.5785,0.6
Pprc1,0.2026,0.37845167579960404,0.5785,9.46
Gm42939,0.2026,0.37845167579960404,0.5785,1.78
Hs2st1,0.2026,0.37845167579960404,0.5785,49.16
Gm38116,0.2026,0.37845167579960404,0.5785,29.05
Smpd4,0.2026,0.37845167579960404,0.5785,12.13
Prr22,0.2026,0.37845167579960404,0.5785,1.99
Rpl32l,0.2026,0.37845167579960404,0.5785,2.63
Gm45200,0.2026,0.37845167579960404,0.5785,2.05
Stxbp3,0.2026,0.37845167579960404,0.5785,8.45
Pja1,0.2026,0.37845167579960404,0.5785,69.1
Golph3l,0.2026,0.37845167579960404,0.5785,15.31
Bcdin3d,0.2026,0.37845167579960404,0.5785,6.75
Gm37018,0.2026,0.37845167579960404,0.5785,5.0
Nfkbib,0.2026,0.37845167579960404,0.5785,15.76
Rab43,0.2026,0.37845167579960404,0.5785,1.85
Scfd2,0.2026,0.37845167579960404,0.5785,6.36
Gm12058,0.2026,0.37845167579960404,0.5785,0.55
Vps54,0.2026,0.37845167579960404,0.5785,16.98
Pwwp3b,0.2026,0.37845167579960404,0.5785,4.88
Mpdz,0.2026,0.37845167579960404,0.5785,51.69
Ninl,0.2013,0.3815806896030637,0.5814,3.21
Spg11,0.2013,0.3815806896030637,0.5814,3.46
Adamts9,0.2013,0.3815806896030637,0.5814,3.01
Cyp2j9,0.2013,0.3815806896030637,0.5814,4.53
Pfn2,0.2013,0.3815806896030637,0.5814,730.06
A930006K02Rik,0.2013,0.3815806896030637,0.5814,4.5
Thoc3,0.2013,0.3815806896030637,0.5814,24.39
Ccar2,0.2013,0.3815806896030637,0.5814,21.83
Rgs8,0.2013,0.3815806896030637,0.5814,14.34
Trmt112,0.2013,0.3815806896030637,0.5814,250.79
C1qtnf1,0.2013,0.3815806896030637,0.5814,14.93
Lca5,0.2013,0.3815806896030637,0.5814,5.91
Atrn,0.2013,0.3815806896030637,0.5814,59.46
Slc25a32,0.2013,0.3815806896030637,0.5814,17.03
Rpgrip1,0.2013,0.3815806896030637,0.5814,17.13
Tmem39b,0.2013,0.3815806896030637,0.5814,5.55
C920021L13Rik,0.2013,0.3815806896030637,0.5814,1.79
Psmb7,0.2013,0.3815806896030637,0.5814,110.84
Tnfrsf13c,0.2011,0.3820783891127363,0.5821,0.84
Slc15a5,0.201,0.38226953464089497,0.5824,0.78
Gm42892,0.2007,0.383142949948881,0.5836,1.72
Slc10a4-ps,0.2003,0.3840931326499581,0.5841,0.99
Edn3,0.2003,0.3840931326499581,0.5841,5.11
Fam13c,0.2,0.38472423043145215,0.5841,16.87
Tox2,0.2,0.38472423043145215,0.5841,51.11
Plcd3,0.2,0.38472423043145215,0.5841,3.52
Nell2,0.2,0.38472423043145215,0.5841,6.97
Vps13d,0.2,0.38472423043145215,0.5841,57.1
Slc37a4,0.2,0.38472423043145215,0.5841,11.02
Bcl2l2,0.2,0.38472423043145215,0.5841,56.51
Bdkrb2,0.2,0.38472423043145215,0.5841,9.52
Ptpmt1,0.2,0.38472423043145215,0.5841,78.9
P2rx5,0.2,0.38472423043145215,0.5841,1.99
A930033H14Rik,0.2,0.38472423043145215,0.5841,1.16
Atp6v1d,0.2,0.38472423043145215,0.5841,126.77
1110002O04Rik,0.2,0.38472423043145215,0.5841,2.94
Lnx1,0.2,0.38472423043145215,0.5841,9.85
1700028J19Rik,0.2,0.38472423043145215,0.5841,0.69
Fuca2,0.2,0.38472423043145215,0.5841,46.09
Xpo1,0.2,0.38472423043145215,0.5841,75.52
Gm42715,0.2,0.38472423043145215,0.5841,2.47
Kcna4,0.2,0.38472423043145215,0.5841,10.19
Vps39,0.2,0.38472423043145215,0.5841,22.57
Gm28320,0.2,0.38472423043145215,0.5841,11.12
Gm48966,0.2,0.38472423043145215,0.5841,1.97
B430010I23Rik,0.2,0.38472423043145215,0.5841,3.59
Fgd4,0.2,0.38472423043145215,0.5841,22.5
Gm43166,0.1988,0.3877249690216247,0.5869,0.76
Carm1,0.1987,0.3878822634645567,0.5869,32.79
Tagln,0.1987,0.3878822634645567,0.5869,3.96
Gm12543,0.1987,0.3878822634645567,0.5869,0.5
Rab15,0.1987,0.3878822634645567,0.5869,155.6
Masp1,0.1987,0.3878822634645567,0.5869,5.86
Ccdc71,0.1987,0.3878822634645567,0.5869,21.1
Smc2,0.1987,0.3878822634645567,0.5869,7.65
Txndc12,0.1987,0.3878822634645567,0.5869,14.98
Prim1,0.1987,0.3878822634645567,0.5869,2.59
Zdhhc13,0.1987,0.3878822634645567,0.5869,12.04
Timm29,0.1987,0.3878822634645567,0.5869,42.27
Mtfp1,0.1987,0.3878822634645567,0.5869,14.81
Trim26,0.1987,0.3878822634645567,0.5869,22.29
Terf2ip,0.1987,0.3878822634645567,0.5869,33.78
Xndc1,0.1987,0.3878822634645567,0.5869,5.2
Qng1,0.1987,0.3878822634645567,0.5869,14.13
Myt1l,0.1987,0.3878822634645567,0.5869,143.33
Gm43778,0.1987,0.3878822634645567,0.5869,0.85
Rnf180,0.1987,0.3878822634645567,0.5869,5.39
Zc3h14,0.1987,0.3878822634645567,0.5869,41.18
Plekhh2,0.1987,0.3878822634645567,0.5869,0.65
Il10rb,0.1987,0.3878822634645567,0.5869,60.29
Gpc1,0.1987,0.3878822634645567,0.5869,62.3
Pfkl,0.1987,0.3878822634645567,0.5869,31.62
Tmem241,0.1987,0.3878822634645567,0.5869,6.51
Gm43623,0.198,0.38947963774067407,0.5892,0.63
Epha2,0.1977,0.3904261274994989,0.5898,0.74
Sdha,0.1974,0.39105475294328795,0.5898,225.89
Gm43229,0.1974,0.39105475294328795,0.5898,4.84
Vta1,0.1974,0.39105475294328795,0.5898,26.79
Eif5a2,0.1974,0.39105475294328795,0.5898,97.01
Gm42783,0.1974,0.39105475294328795,0.5898,0.81
Rcn2,0.1974,0.39105475294328795,0.5898,75.74
Prrt1,0.1974,0.39105475294328795,0.5898,24.39
Mafk,0.1974,0.39105475294328795,0.5898,10.9
Smim36,0.1974,0.39105475294328795,0.5898,20.82
Fam117a,0.1974,0.39105475294328795,0.5898,5.9
Scnm1,0.1974,0.39105475294328795,0.5898,28.78
Fbxo28,0.1974,0.39105475294328795,0.5898,52.82
Rab5if,0.1974,0.39105475294328795,0.5898,70.05
B130021K23Rik,0.1974,0.39105475294328795,0.5898,1.38
Dis3,0.1974,0.39105475294328795,0.5898,5.75
Hcn3,0.1974,0.39105475294328795,0.5898,49.4
Trappc3l,0.1974,0.39105475294328795,0.5898,3.29
Snhg17,0.1974,0.39105475294328795,0.5898,4.48
Stk32b,0.1971,0.3917378069217589,0.5908,1.48
Gm15823,0.1968,0.3924895897113741,0.5918,0.77
Ntn1,0.1964,0.3936143402277995,0.5924,0.59
Nmrk1,0.1961,0.39424166216971973,0.5924,11.51
Bola1,0.1961,0.39424166216971973,0.5924,37.16
Pitpnm3,0.1961,0.39424166216971973,0.5924,18.17
Gm43111,0.1961,0.39424166216971973,0.5924,2.04
Cuedc1,0.1961,0.39424166216971973,0.5924,52.88
Washc4,0.1961,0.39424166216971973,0.5924,36.39
Cryz,0.1961,0.39424166216971973,0.5924,12.81
Gm43696,0.1961,0.39424166216971973,0.5924,7.12
4921515G04Rik,0.1961,0.39424166216971973,0.5924,1.75
6230400D17Rik,0.1961,0.39424166216971973,0.5924,3.6
Tbl3,0.1961,0.39424166216971973,0.5924,8.71
Hcfc1r1,0.1961,0.39424166216971973,0.5924,432.96
Rtca,0.1961,0.39424166216971973,0.5924,48.63
Naa35,0.1961,0.39424166216971973,0.5924,42.98
Tdrd7,0.1961,0.39424166216971973,0.5924,17.27
Gm43871,0.1961,0.39424166216971973,0.5924,0.79
Atraid,0.1961,0.39424166216971973,0.5924,37.03
Stx12,0.1961,0.39424166216971973,0.5924,154.54
Pold2,0.1961,0.39424166216971973,0.5924,7.1
Phip,0.1961,0.39424166216971973,0.5924,43.53
Mmadhc,0.1961,0.39424166216971973,0.5924,35.53
Gm46620,0.1961,0.39424166216971973,0.5924,1.02
Gm9922,0.1951,0.39681698000902466,0.5953,0.82
Gpr182,0.1949,0.3972866377575651,0.5953,0.6
Snap29,0.1948,0.3974429535072251,0.5953,20.7
Rtn4rl2,0.1948,0.3974429535072251,0.5953,1.6
Gm12940,0.1948,0.3974429535072251,0.5953,6.74
Xrcc3,0.1948,0.3974429535072251,0.5953,1.54
Lysmd3,0.1948,0.3974429535072251,0.5953,11.43
Ptov1,0.1948,0.3974429535072251,0.5953,162.69
Socs3,0.1948,0.3974429535072251,0.5953,86.7
Zfp114,0.1948,0.3974429535072251,0.5953,0.8
Serinc2,0.1948,0.3974429535072251,0.5953,31.95
Hecw1,0.1948,0.3974429535072251,0.5953,96.3
Fam220a,0.1948,0.3974429535072251,0.5953,5.09
Clic4,0.1948,0.3974429535072251,0.5953,40.35
Acss1,0.1948,0.3974429535072251,0.5953,3.23
Rpap3,0.1948,0.3974429535072251,0.5953,30.92
Gm50107,0.1948,0.3974429535072251,0.5953,3.74
Kctd8,0.1948,0.3974429535072251,0.5953,37.8
Acsl4,0.1948,0.3974429535072251,0.5953,78.96
Gm16835,0.1948,0.3974429535072251,0.5953,2.12
Ppm1l,0.1948,0.3974429535072251,0.5953,85.63
Col5a1,0.1948,0.3974429535072251,0.5953,1.12
Pitrm1,0.1948,0.3974429535072251,0.5953,9.63
4930590J08Rik,0.1948,0.3974429535072251,0.5953,0.96
Tbc1d5,0.1948,0.3974429535072251,0.5953,23.2
Ecd,0.1948,0.3974429535072251,0.5953,18.75
Cyp26b1,0.1941,0.399093566433892,0.5976,0.5
Sox18,0.1938,0.40003400830177427,0.5985,0.95
Gm10115,0.1936,0.40050262129571507,0.5985,0.79
Jazf1,0.1935,0.40065858838070295,0.5985,3.51
Gm49975,0.1935,0.40075365991676837,0.5986,0.47
Eef1g,0.1935,0.40065858838070295,0.5985,478.41
Parp16,0.1935,0.40065858838070295,0.5985,3.17
Clptm1l,0.1935,0.40065858838070295,0.5985,59.94
Gm5617,0.1935,0.40065858838070295,0.5985,17.54
Ncald,0.1935,0.40065858838070295,0.5985,517.98
Sgms1os1,0.1935,0.40065858838070295,0.5985,5.54
Tor1aip1,0.1935,0.40065858838070295,0.5985,25.72
Nectin3,0.1935,0.40065858838070295,0.5985,32.06
Tmem44,0.1935,0.40065858838070295,0.5985,0.96
Ccbe1,0.1923,0.4035791174435866,0.6018,0.28
Gm44237,0.1922,0.40388852727689756,0.6018,1.3
2310058D17Rik,0.1922,0.40388852727689756,0.6018,2.65
Rab35,0.1922,0.40388852727689756,0.6018,62.35
Ebf4,0.1922,0.40388852727689756,0.6018,9.64
Erh,0.1922,0.40388852727689756,0.6018,27.65
Asb3,0.1922,0.40388852727689756,0.6018,20.07
Ly6e,0.1922,0.40388852727689756,0.6018,13.55
Psd3,0.1922,0.40388852727689756,0.6018,69.95
Cep68,0.1922,0.40388852727689756,0.6018,10.63
Ap4e1,0.1922,0.40388852727689756,0.6018,5.98
Nckap5l,0.1922,0.40388852727689756,0.6018,9.98
Aff1,0.1922,0.40388852727689756,0.6018,8.36
Tmem98,0.1922,0.40388852727689756,0.6018,2.05
Gm49001,0.1922,0.40388852727689756,0.6018,13.04
Umps,0.1922,0.40388852727689756,0.6018,8.01
Smim10l3,0.1909,0.4071327297448126,0.605,1.12
Pwp1,0.1909,0.4071327297448126,0.605,11.53
Ece1,0.1909,0.4071327297448126,0.605,54.72
Speg,0.1909,0.4071327297448126,0.605,26.58
Kifbp,0.1909,0.4071327297448126,0.605,50.51
H1f4,0.1909,0.4071327297448126,0.605,4.52
Fstl5,0.1909,0.4071327297448126,0.605,36.32
Gm38365,0.1909,0.4071327297448126,0.605,2.42
Golga1,0.1909,0.4071327297448126,0.605,28.97
Shld3,0.1909,0.4071327297448126,0.605,2.01
Cbx2,0.1909,0.4071327297448126,0.605,1.97
Pi4k2b,0.1909,0.4071327297448126,0.605,6.5
Eeig2,0.1909,0.4071327297448126,0.605,362.55
Gm4617,0.1903,0.408605120639624,0.6071,0.66
Psmd6,0.1896,0.41039115439621604,0.6082,44.37
Zfp469,0.1896,0.41039115439621604,0.6082,3.63
Gm14044,0.1896,0.41039115439621604,0.6082,0.95
Mllt10,0.1896,0.41039115439621604,0.6082,23.75
Jagn1,0.1896,0.41039115439621604,0.6082,49.45
Gm5436,0.1896,0.41039115439621604,0.6082,1.41
Ndufs3,0.1896,0.41039115439621604,0.6082,71.12
Ptchd4,0.1896,0.4104737250979835,0.6083,0.61
Kctd16,0.1896,0.41039115439621604,0.6082,76.62
Klhdc1,0.1896,0.41039115439621604,0.6082,12.02
Cnot11,0.1896,0.41039115439621604,0.6082,15.35
Cpne7,0.1896,0.41039115439621604,0.6082,14.08
Sptlc1,0.1896,0.41039115439621604,0.6082,23.22
Ebag9,0.1896,0.41039115439621604,0.6082,37.07
Gas8,0.1896,0.41039115439621604,0.6082,11.38
Hspe1-rs1,0.1896,0.41039115439621604,0.6082,4.25
Zfp108,0.1884,0.41350929882822546,0.6115,0.71
Agpat1,0.1883,0.4136637589062404,0.6115,21.89
Orc4,0.1883,0.4136637589062404,0.6115,26.16
Kif26a,0.1883,0.4136637589062404,0.6115,16.86
Tom1l2,0.1883,0.4136637589062404,0.6115,182.27
Synj2,0.1883,0.4136637589062404,0.6115,10.36
Sgsm1,0.1883,0.4136637589062404,0.6115,62.11
Dnajb1,0.1883,0.4136637589062404,0.6115,72.14
Cutc,0.1883,0.4136637589062404,0.6115,4.12
Abcc8,0.1883,0.4136637589062404,0.6115,5.12
Nap1l1,0.1883,0.4136637589062404,0.6115,138.73
G3bp1,0.1883,0.4136637589062404,0.6115,102.87
Tspan9,0.1883,0.4136637589062404,0.6115,9.35
Tspan13,0.1883,0.4136637589062404,0.6115,284.0
Eif5b,0.1883,0.4136637589062404,0.6115,106.65
Set,0.1883,0.4136637589062404,0.6115,204.56
Rps8,0.1883,0.4136637589062404,0.6115,941.96
Mcm9,0.1883,0.4136637589062404,0.6115,5.69
Nat9,0.1883,0.4136637589062404,0.6115,22.45
Pla2g2d,0.1879,0.4148018897210654,0.6132,0.74
Chdh,0.1877,0.4151511060713103,0.6136,0.87
Gabrg3,0.1871,0.4167964447946993,0.6149,2.44
Gabrg1,0.187,0.41695050001407463,0.6149,18.93
Lss,0.187,0.41695050001407463,0.6149,20.25
Mttp,0.187,0.41695050001407463,0.6149,8.9
Tmem178,0.187,0.41701032930713544,0.6149,0.48
Pcdh8,0.187,0.4170552811828057,0.6149,0.74
Ccdc28a,0.187,0.41695050001407463,0.6149,91.46
Focad,0.187,0.41695050001407463,0.6149,7.86
Ramp1,0.187,0.41695050001407463,0.6149,24.49
Ing4,0.187,0.41695050001407463,0.6149,1.01
Aars1,0.187,0.41695050001407463,0.6149,46.57
Kcnc2,0.187,0.41695050001407463,0.6149,66.76
L3mbtl1,0.187,0.41695050001407463,0.6149,2.55
Gpr21,0.187,0.41695050001407463,0.6149,1.43
Tmem260,0.187,0.41695050001407463,0.6149,14.11
Stk39,0.187,0.41695050001407463,0.6149,132.45
Crhr1,0.1865,0.41813165986957174,0.6165,0.41
Gucy2e,0.186,0.41963605970712303,0.618,0.78
Gm3728,0.186,0.41963605970712303,0.618,0.71
Slc38a11,0.186,0.41963605970712303,0.618,2.41
Spice1,0.1857,0.4202513335237499,0.618,7.89
Thap6,0.1857,0.4202513335237499,0.618,1.74
Npat,0.1857,0.4202513335237499,0.618,13.87
Adam15,0.1857,0.4202513335237499,0.618,53.19
Hyal2,0.1857,0.4202513335237499,0.618,6.34
Gm44164,0.1857,0.4202513335237499,0.618,4.88
D630045J12Rik,0.1857,0.4202513335237499,0.618,9.88
Gm15459,0.1857,0.4202513335237499,0.618,0.86
Gm42843,0.1857,0.42036735617152193,0.6182,0.53
Kidins220,0.1857,0.4202513335237499,0.618,179.7
Ubc,0.1857,0.4202513335237499,0.618,266.32
BC065397,0.1857,0.4202513335237499,0.618,1.8
AW011738,0.1857,0.4202513335237499,0.618,2.56
Pdhx,0.1857,0.4202513335237499,0.618,18.85
Adamts7,0.1847,0.42295264926143433,0.621,0.89
Gm43113,0.1844,0.42356621430502056,0.621,1.19
Ero1a,0.1844,0.42356621430502056,0.621,74.51
Sgsm3,0.1844,0.42356621430502056,0.621,19.24
Tmub2,0.1844,0.42356621430502056,0.621,60.83
Uba2,0.1844,0.42356621430502056,0.621,73.85
Slc30a4,0.1844,0.42356621430502056,0.621,16.43
Uqcc2,0.1844,0.42356621430502056,0.621,507.93
Stxbp1,0.1844,0.42356621430502056,0.621,748.77
Dync2i2,0.1844,0.42356621430502056,0.621,10.37
Mrpl47,0.1844,0.42356621430502056,0.621,9.59
Kantr,0.1844,0.42356621430502056,0.621,47.83
C1qc,0.1844,0.42356621430502056,0.621,2.3
Glul,0.1844,0.42356621430502056,0.621,169.47
Calu,0.1844,0.42356621430502056,0.621,57.74
Tepsin,0.1844,0.42356621430502056,0.621,9.05
Tro,0.1844,0.42356621430502056,0.621,65.95
Stx3,0.1844,0.42356621430502056,0.621,30.49
Def8,0.1844,0.42356621430502056,0.621,62.61
Pef1,0.1844,0.42356621430502056,0.621,78.13
Ppp1r27,0.1835,0.42591706095346393,0.6237,0.29
Olah,0.1833,0.42651899817322025,0.6237,2.83
Cped1,0.1832,0.42674232312579163,0.6237,0.84
Gm9776,0.1831,0.4268950962943347,0.6237,2.83
Kcnh8,0.1831,0.4268950962943347,0.6237,17.73
Cwc15,0.1831,0.4268950962943347,0.6237,101.78
Ifi35,0.1831,0.4268950962943347,0.6237,32.91
Lysmd1,0.1831,0.4268950962943347,0.6237,23.58
Inpp5a,0.1831,0.4268950962943347,0.6237,11.17
Gm43005,0.1831,0.4268950962943347,0.6237,2.94
Mat2a,0.1831,0.4268950962943347,0.6237,179.03
E330034L11Rik,0.1831,0.4268950962943347,0.6237,1.65
Mal2,0.1831,0.4268950962943347,0.6237,27.29
Mthfd2l,0.1831,0.4268950962943347,0.6237,32.69
Atp6v1b2,0.1831,0.4268950962943347,0.6237,756.28
Dipk1b,0.1831,0.4268950962943347,0.6237,78.66
Blzf1,0.1831,0.4268950962943347,0.6237,13.22
Zmynd8,0.1831,0.4268950962943347,0.6237,63.69
Dennd11,0.1831,0.4268950962943347,0.6237,12.81
Brd7,0.1831,0.4268950962943347,0.6237,28.35
Ddx21,0.1831,0.4268950962943347,0.6237,14.72
Cdc25b,0.1831,0.4268950962943347,0.6237,4.35
Ccng2,0.1818,0.43023793249590314,0.6265,22.46
Pacsin2,0.1818,0.43023793249590314,0.6265,57.2
Gm42853,0.1818,0.43023793249590314,0.6265,6.36
Hmgxb4,0.1818,0.43023793249590314,0.6265,12.46
Kmt5b,0.1818,0.43023793249590314,0.6265,22.54
Fxyd3,0.1818,0.43023793249590314,0.6265,4.99
Rab11bos1,0.1818,0.43023793249590314,0.6265,9.95
Rnaseh2c,0.1818,0.43023793249590314,0.6265,34.6
Emc9,0.1818,0.43023793249590314,0.6265,91.5
Tmbim6,0.1818,0.43023793249590314,0.6265,112.14
Csrnp1,0.1818,0.43023793249590314,0.6265,16.63
Gm15609,0.1818,0.43023793249590314,0.6265,4.58
Rpl36a-ps2,0.1818,0.43023793249590314,0.6265,3.93
Insig1,0.1818,0.43023793249590314,0.6265,104.16
Adra1b,0.1818,0.43023793249590314,0.6265,2.19
Lurap1l,0.1818,0.43023793249590314,0.6265,11.77
Phb2,0.1818,0.43023793249590314,0.6265,62.29
Zkscan6,0.1818,0.43023793249590314,0.6265,4.58
Cenpc1,0.1818,0.43023793249590314,0.6265,23.04
Armc1,0.1818,0.43023793249590314,0.6265,102.61
Gm6368,0.1806,0.4334428127239708,0.63,1.16
Nfrkb,0.1805,0.433594674982858,0.63,12.28
Usp35,0.1805,0.433594674982858,0.63,26.7
Gm42973,0.1805,0.433594674982858,0.63,10.65
Sypl1,0.1805,0.433594674982858,0.63,47.58
Etv4,0.1805,0.433594674982858,0.63,1.08
Nprl3,0.1805,0.433594674982858,0.63,13.41
Nans,0.1805,0.433594674982858,0.63,17.39
Zfp943,0.1805,0.433594674982858,0.63,9.92
Tpst1,0.1805,0.433594674982858,0.63,24.23
Hotairm1,0.1805,0.433594674982858,0.63,18.93
Bves,0.1805,0.433594674982858,0.63,5.41
Ints15,0.1805,0.433594674982858,0.63,15.43
Pnkd,0.1805,0.433594674982858,0.63,229.45
Pgap3,0.1805,0.433594674982858,0.63,8.4
Gm34583,0.18,0.4349956100460253,0.6319,1.64
Gm26826,0.1799,0.4351266183419431,0.632,0.9
5730405O15Rik,0.1793,0.4368138849445406,0.6325,0.77
Rad52,0.1792,0.4369652748985062,0.6325,8.6
Btg1,0.1792,0.4369652748985062,0.6325,85.52
Pptc7,0.1792,0.4369652748985062,0.6325,44.41
Loxl1,0.1792,0.4369652748985062,0.6325,1.53
Smim43,0.1792,0.4369652748985062,0.6325,7.58
Gm13436,0.1792,0.4369652748985062,0.6325,2.77
Tnip2,0.1792,0.4369652748985062,0.6325,5.34
Gm43032,0.1792,0.4369652748985062,0.6325,2.46
Gm49599,0.1792,0.4369652748985062,0.6325,10.31
Mxd4,0.1792,0.4369652748985062,0.6325,50.86
Ttyh3,0.1792,0.4369652748985062,0.6325,49.55
Dhrs13,0.1792,0.4369652748985062,0.6325,10.67
Ankrd54,0.1792,0.4369652748985062,0.6325,12.98
Parp9,0.1792,0.4369652748985062,0.6325,3.98
Fgfr1,0.1792,0.4369652748985062,0.6325,100.46
Alkbh7,0.1792,0.4369652748985062,0.6325,27.27
Dnaja3,0.1792,0.4369652748985062,0.6325,46.49
Abhd10,0.1792,0.4369652748985062,0.6325,42.68
Lfng,0.1782,0.43974533695323403,0.6357,0.66
Snx20,0.1782,0.43974533695323403,0.6357,0.57
Nradd,0.1779,0.4403496824576795,0.6357,5.07
Zfp106,0.1779,0.4403496824576795,0.6357,65.79
Zfp292,0.1779,0.4403496824576795,0.6357,28.76
Mvb12a,0.1779,0.4403496824576795,0.6357,59.57
1700112D23Rik,0.1779,0.4403496824576795,0.6357,5.02
Atp5l2-ps,0.1779,0.4403496824576795,0.6357,1.01
C1qa,0.1779,0.4403496824576795,0.6357,2.41
Yod1,0.1779,0.4403496824576795,0.6357,36.76
Caskin1,0.1779,0.4403496824576795,0.6357,88.01
Twsg1,0.1779,0.4403496824576795,0.6357,21.5
Gm19817,0.1779,0.4403496824576795,0.6357,3.79
Golga5,0.1779,0.4403496824576795,0.6357,12.44
Nxt1,0.1779,0.4403496824576795,0.6357,12.88
Prkaa1,0.1779,0.4403496824576795,0.6357,65.37
Akr1b1,0.1779,0.4403496824576795,0.6357,67.75
Ccndbp1,0.1779,0.4403496824576795,0.6357,66.83
D130004A15Rik,0.1773,0.441896387839692,0.6378,1.87
Atp6v0c-ps2,0.1769,0.44314548033492757,0.6385,1.25
Sprtn,0.1766,0.44374784694817343,0.6385,9.05
Tmem41a,0.1766,0.44374784694817343,0.6385,30.68
Ttc5,0.1766,0.44374784694817343,0.6385,18.46
Tmem185b,0.1766,0.44374784694817343,0.6385,11.44
Rnf4,0.1766,0.44374784694817343,0.6385,59.48
Pds5a,0.1766,0.44374784694817343,0.6385,40.34
Ermardl1,0.1766,0.44374784694817343,0.6385,0.93
Gm15991,0.1766,0.44374784694817343,0.6385,0.75
4931415C17Rik,0.1766,0.44374784694817343,0.6385,1.15
Prkar1b,0.1766,0.44374784694817343,0.6385,448.15
Arnt,0.1766,0.44374784694817343,0.6385,14.41
Tfe3,0.1766,0.44374784694817343,0.6385,27.14
Gm49839,0.1766,0.44374784694817343,0.6385,0.58
Zfp729a,0.1766,0.44374784694817343,0.6385,7.28
Hsd17b4,0.1766,0.44374784694817343,0.6385,13.82
Gm2990,0.1765,0.44413864552992305,0.639,2.1
Gm44417,0.176,0.4453019118410215,0.6406,0.82
Pln,0.1756,0.4465593739304371,0.6414,1.11
Vill,0.1754,0.4470098110086423,0.6414,2.93
Fabp4,0.1754,0.4470098110086423,0.6414,0.92
Gm19325,0.1753,0.44715971673228244,0.6414,0.56
Rsl1d1,0.1753,0.44715971673228244,0.6414,31.61
Smyd2,0.1753,0.44715971673228244,0.6414,109.85
Rab11fip5,0.1753,0.44715971673228244,0.6414,70.61
Pola1,0.1753,0.44715971673228244,0.6414,4.38
Elk1,0.1753,0.44715971673228244,0.6414,8.11
Camkk1,0.1753,0.44715971673228244,0.6414,18.06
Zbtb4,0.1753,0.44715971673228244,0.6414,147.7
Deaf1,0.1753,0.44715971673228244,0.6414,45.5
Jsrp1,0.1753,0.44715971673228244,0.6414,3.03
Strada,0.1753,0.44715971673228244,0.6414,15.36
1700018L02Rik,0.1753,0.44715971673228244,0.6414,0.74
Pycr1,0.1753,0.44715971673228244,0.6414,1.82
Rpl14-ps1,0.1753,0.44715971673228244,0.6414,5.38
Zfp14,0.1753,0.44715971673228244,0.6414,4.74
Rps21,0.1753,0.44715971673228244,0.6414,759.93
Ino80e,0.1753,0.44715971673228244,0.6414,25.05
Krt222,0.1753,0.44715971673228244,0.6414,35.24
Ddx11,0.1753,0.44715971673228244,0.6414,0.94
Cd320,0.1753,0.44715971673228244,0.6414,15.39
Thap3,0.1753,0.44715971673228244,0.6414,24.87
Mettl17,0.1753,0.44715971673228244,0.6414,6.43
Gm47018,0.1743,0.44998696513614256,0.6442,0.55
Sgpl1,0.174,0.4505852392484293,0.6442,35.8
Nek4,0.174,0.4505852392484293,0.6442,7.8
Gm42970,0.174,0.4505852392484293,0.6442,21.04
Atg7,0.174,0.4505852392484293,0.6442,13.16
Pex2,0.174,0.4505852392484293,0.6442,17.72
Gm26797,0.174,0.4505852392484293,0.6442,1.91
Rce1,0.174,0.4505852392484293,0.6442,20.07
Arpp21,0.174,0.4505852392484293,0.6442,26.35
Snrpa1,0.174,0.4505852392484293,0.6442,21.99
Slc25a27,0.174,0.4505852392484293,0.6442,50.42
G3bp2,0.174,0.4505852392484293,0.6442,409.88
Tcf3,0.174,0.4505852392484293,0.6442,18.24
Invs,0.174,0.4505852392484293,0.6442,5.45
Bag5,0.174,0.4505852392484293,0.6442,34.16
Tesc,0.174,0.4505852392484293,0.6442,69.88
Gm43430,0.174,0.4505852392484293,0.6442,1.23
Gm5621,0.174,0.4505852392484293,0.6442,0.74
Kit,0.174,0.4505852392484293,0.6442,12.2
Cnbd2,0.174,0.4505852392484293,0.6442,2.92
Ptdss2,0.174,0.4505852392484293,0.6442,36.41
Gm22063,0.174,0.4505852392484293,0.6442,1.44
Adss1,0.174,0.4505852392484293,0.6442,1.32
Ipcef1,0.174,0.4505852392484293,0.6442,2.12
Vim,0.174,0.4505852392484293,0.6442,162.62
Gm43789,0.174,0.4505852392484293,0.6442,1.05
Tmtc3,0.174,0.4505852392484293,0.6442,13.71
Gm14269,0.1739,0.45080643329360115,0.6445,0.53
Fam167a,0.1734,0.4522134768725463,0.6464,0.49
Ppil2,0.1727,0.45402436101288696,0.6469,35.63
Gm14286,0.1727,0.45402436101288696,0.6469,0.86
Ndel1,0.1727,0.45402436101288696,0.6469,104.48
Sema4a,0.1727,0.45402436101288696,0.6469,4.98
Cox4i1,0.1727,0.45402436101288696,0.6469,1928.17
Mfsd4b4,0.1727,0.45402436101288696,0.6469,4.88
Pigm,0.1727,0.45402436101288696,0.6469,12.65
Gatc,0.1727,0.45402436101288696,0.6469,15.93
Gm11478,0.1727,0.45402436101288696,0.6469,38.64
Actr2,0.1727,0.45402436101288696,0.6469,154.18
Gm49077,0.1727,0.45402436101288696,0.6469,0.79
Gm37767,0.1727,0.45402436101288696,0.6469,0.99
Crispld2,0.1727,0.45402436101288696,0.6469,0.91
Cep19,0.1727,0.45402436101288696,0.6469,36.8
Zfhx4,0.1727,0.45402436101288696,0.6469,60.46
Gcnt2,0.1727,0.45402436101288696,0.6469,220.73
Gm16794,0.1727,0.45402436101288696,0.6469,2.06
Cxcl12,0.1727,0.45402436101288696,0.6469,3.46
Gcn1,0.1727,0.45402436101288696,0.6469,36.03
Gm42528,0.1727,0.45402436101288696,0.6469,1.71
Umodl1,0.1726,0.4544447511583192,0.6474,0.3
Fut9,0.1714,0.45747702762159437,0.6495,4.22
Slc18a2,0.1714,0.45747702762159437,0.6495,45.62
Rsph3b,0.1714,0.45747702762159437,0.6495,6.07
Rnf103,0.1714,0.45747702762159437,0.6495,59.22
Setd1b,0.1714,0.45747702762159437,0.6495,59.73
Pierce2,0.1714,0.45747702762159437,0.6495,5.68
Mpp4,0.1714,0.45747702762159437,0.6495,1.01
Gm44234,0.1714,0.45747702762159437,0.6495,14.9
Cab39,0.1714,0.45747702762159437,0.6495,227.68
Zbed5-ps,0.1714,0.45747702762159437,0.6495,2.85
Gemin2,0.1714,0.45747702762159437,0.6495,5.67
AI593442,0.1714,0.45747702762159437,0.6495,71.09
Lama5,0.1714,0.45747702762159437,0.6495,2.71
A930036I15Rik,0.1714,0.45747702762159437,0.6495,1.97
Tbc1d2,0.1714,0.45747702762159437,0.6495,1.4
Slc20a1,0.1714,0.45747702762159437,0.6495,56.6
Atp6ap1,0.1714,0.45747702762159437,0.6495,253.54
Ahnak,0.1714,0.45747702762159437,0.6495,68.42
Gm38366,0.1714,0.45747702762159437,0.6495,0.59
Tmem131,0.1714,0.45747702762159437,0.6495,33.29
Gm48602,0.1714,0.45747702762159437,0.6495,0.92
Gm7968,0.1714,0.45747702762159437,0.6495,1.4
Tfdp1,0.1714,0.45747702762159437,0.6495,24.23
Gabra5,0.1714,0.45747702762159437,0.6495,3.55
Gm38257,0.1704,0.4603513844801455,0.6522,0.99
Rpl28-ps1,0.1704,0.4603513844801455,0.6522,0.7
Gm48751,0.1704,0.4603513844801455,0.6522,0.64
Sart3,0.1701,0.46094318375206567,0.6522,16.5
Nae1,0.1701,0.46094318375206567,0.6522,32.58
Cry1,0.1701,0.46094318375206567,0.6522,9.52
Fam161a,0.1701,0.46094318375206567,0.6522,3.05
Ttc7,0.1701,0.46094318375206567,0.6522,5.02
Csf2ra,0.1701,0.46094318375206567,0.6522,20.7
Atl1,0.1701,0.46094318375206567,0.6522,222.37
Cisd2,0.1701,0.46094318375206567,0.6522,81.05
Cdk10,0.1701,0.46094318375206567,0.6522,37.54
Ubqln4,0.1701,0.46094318375206567,0.6522,38.47
Mad2l2,0.1701,0.46094318375206567,0.6522,17.41
Zfp963,0.1701,0.46094318375206567,0.6522,2.49
Ofd1,0.1701,0.46094318375206567,0.6522,3.67
Pcf11,0.1701,0.46094318375206567,0.6522,21.23
Ppp2r2d,0.1701,0.46094318375206567,0.6522,96.12
Tle1,0.1701,0.46094318375206567,0.6522,105.23
Nnat,0.1701,0.46094318375206567,0.6522,229.13
Malsu1,0.1701,0.46094318375206567,0.6522,33.98
Shank3,0.1701,0.46094318375206567,0.6522,2.13
Elovl5,0.1701,0.46094318375206567,0.6522,190.81
Gm44053,0.1701,0.46094318375206567,0.6522,1.59
Nwd2,0.1701,0.46094318375206567,0.6522,13.34
Lta4h,0.1701,0.46094318375206567,0.6522,11.83
Zcchc12,0.1701,0.46094318375206567,0.6522,43.98
Slc35b3,0.1701,0.46094318375206567,0.6522,14.96
Rps15a-ps7,0.1691,0.46383322157276846,0.654,0.79
Trim36,0.1688,0.46442277316539365,0.654,76.76
Gm50285,0.1688,0.46442277316539365,0.654,1.53
Ppm1m,0.1688,0.46442277316539365,0.654,6.5
Zfyve9,0.1688,0.46442277316539365,0.654,51.61
Ogfod1,0.1688,0.46442277316539365,0.654,43.6
Ptcd2,0.1688,0.46442277316539365,0.654,28.06
Tmem91,0.1688,0.46442277316539365,0.654,13.63
Exoc6b,0.1688,0.46442277316539365,0.654,61.45
Grp,0.1688,0.46442277316539365,0.654,10.76
Fastkd3,0.1688,0.46442277316539365,0.654,12.37
Pqbp1,0.1688,0.46442277316539365,0.654,30.94
Cdk13,0.1688,0.46442277316539365,0.654,30.69
Ndufv2,0.1688,0.46442277316539365,0.654,155.93
Senp2,0.1688,0.46442277316539365,0.654,42.62
Gm15712,0.1688,0.46442277316539365,0.654,0.9
Slc35c1,0.1688,0.46442277316539365,0.654,9.96
Dxo,0.1688,0.46442277316539365,0.654,7.35
Rsad2,0.1688,0.46442277316539365,0.654,7.55
Lsm14b,0.1688,0.46442277316539365,0.654,27.71
Meaf6,0.1688,0.46442277316539365,0.654,62.88
Nup160,0.1688,0.46442277316539365,0.654,4.46
Ttll12,0.1688,0.46442277316539365,0.654,16.39
Gm26782,0.1688,0.46442277316539365,0.654,72.18
Gm45762,0.1688,0.46442277316539365,0.654,0.83
Gm49338,0.1688,0.46442277316539365,0.654,13.11
Ppil4,0.1688,0.46442277316539365,0.654,16.4
Zc3h6,0.1688,0.46442277316539365,0.654,19.27
Mterf3,0.1688,0.46442277316539365,0.654,6.6
Tkt,0.1688,0.46442277316539365,0.654,121.31
Zim1,0.1688,0.46442277316539365,0.654,1.79
Gm48933,0.1688,0.46442277316539365,0.654,2.02
Plekha7,0.1688,0.46442277316539365,0.654,5.91
Ptpn14,0.1688,0.46442277316539365,0.654,1.78
F9,0.1686,0.46496013145422327,0.6547,0.98
Gm45257,0.1681,0.46644398582655683,0.6568,0.48
D130079A08Rik,0.1678,0.46732847938607647,0.657,2.46
Garem2,0.1678,0.46732847938607647,0.657,0.59
4930469K13Rik,0.1676,0.4676727843055978,0.657,0.37
Dph2,0.1675,0.46791573870834524,0.657,5.69
Cd81,0.1675,0.46791573870834524,0.657,212.85
Uvssa,0.1675,0.46791573870834524,0.657,5.85
Naf1,0.1675,0.46791573870834524,0.657,13.28
Gm37303,0.1675,0.46791573870834524,0.657,3.25
Gm10250,0.1675,0.46791573870834524,0.657,3.22
Abraxas1,0.1675,0.46791573870834524,0.657,3.08
Zbtb24,0.1675,0.46791573870834524,0.657,7.94
Prkab1,0.1675,0.46791573870834524,0.657,6.13
Gm10343,0.1675,0.46791573870834524,0.657,0.65
5730409E04Rik,0.1675,0.46791573870834524,0.657,59.96
Card10,0.1675,0.46791573870834524,0.657,2.89
Pgm3,0.1675,0.46791573870834524,0.657,6.61
Khsrp,0.1675,0.46791573870834524,0.657,11.99
Col4a1,0.1675,0.46791573870834524,0.657,13.95
Mrc1,0.1674,0.46819837512437584,0.6573,0.64
Ctsh,0.1673,0.4684781153818403,0.6577,0.5
Pcdha9,0.1669,0.46952087472788323,0.659,0.5
A730089K16Rik,0.1663,0.47127597103155006,0.6598,1.23
Cops5,0.1662,0.471422022315551,0.6598,57.37
C230013L11Rik,0.1662,0.471422022315551,0.6598,1.61
Odad1,0.1662,0.471422022315551,0.6598,1.56
Abhd1,0.1662,0.471422022315551,0.6598,1.81
Scai,0.1662,0.471422022315551,0.6598,29.9
Gm44829,0.1662,0.471422022315551,0.6598,2.37
Mtmr1,0.1662,0.471422022315551,0.6598,17.64
Pllp,0.1662,0.471422022315551,0.6598,3.37
Btbd2,0.1662,0.471422022315551,0.6598,88.91
Gm43765,0.1662,0.471422022315551,0.6598,4.14
Avl9,0.1662,0.471422022315551,0.6598,55.82
Fig4,0.1662,0.471422022315551,0.6598,14.26
Gm44677,0.1662,0.471422022315551,0.6598,4.52
Gm19035,0.1662,0.471422022315551,0.6598,0.61
Gm42941,0.1662,0.471422022315551,0.6598,6.93
Tma16,0.1662,0.471422022315551,0.6598,10.47
Slc25a51,0.1662,0.471422022315551,0.6598,100.33
Ccdc126,0.1662,0.471422022315551,0.6598,6.6
Gm4129,0.1662,0.471422022315551,0.6598,1.25
Hdhd2,0.1662,0.471422022315551,0.6598,12.22
Lsm11,0.1662,0.471422022315551,0.6598,9.49
Zfp759,0.1662,0.471422022315551,0.6598,2.06
Mov10,0.1662,0.471422022315551,0.6598,2.18
D630033A02Rik,0.1662,0.471422022315551,0.6598,10.97
Tcerg1,0.1662,0.471422022315551,0.6598,42.3
Tmc1,0.1661,0.4717171966011303,0.6602,0.57
Rassf9,0.166,0.47200958307363894,0.6605,0.88
Gm42571,0.1656,0.4730343848934641,0.6619,0.53
Spink2,0.1656,0.4730343848934641,0.6619,2.35
Gm42549,0.1649,0.47494156501178986,0.6628,0.99
Bivm,0.1649,0.47494156501178986,0.6628,14.57
Tmem175,0.1649,0.47494156501178986,0.6628,27.65
Fam227a,0.1649,0.47494156501178986,0.6628,1.42
Kmt2b,0.1649,0.47494156501178986,0.6628,18.81
Tekt2,0.1649,0.47494156501178986,0.6628,0.96
Tdp1,0.1649,0.47494156501178986,0.6628,5.24
Mterf4,0.1649,0.47494156501178986,0.6628,7.65
Rab20,0.1649,0.47494156501178986,0.6628,2.25
Rybp,0.1649,0.47494156501178986,0.6628,27.5
Tes3-ps,0.1649,0.47494156501178986,0.6628,0.63
Gm45873,0.1649,0.47494156501178986,0.6628,1.85
Eif3k,0.1649,0.47494156501178986,0.6628,297.75
mt-Co3,0.1649,0.47494156501178986,0.6628,57.28
Klhl26,0.1649,0.47494156501178986,0.6628,35.1
Hs1bp3,0.1649,0.47494156501178986,0.6628,14.95
Sdf2l1,0.1649,0.47494156501178986,0.6628,17.35
Nat14,0.1649,0.47494156501178986,0.6628,20.14
Naa20,0.1649,0.47494156501178986,0.6628,44.11
Abcc5,0.1649,0.47494156501178986,0.6628,118.59
Gypc,0.1643,0.47656113539692857,0.665,1.1
Gm43560,0.1637,0.47832945694919987,0.6653,1.98
Eps8l2,0.1637,0.47832945694919987,0.6653,0.68
Gabrg2,0.1636,0.4784743069143618,0.6653,32.44
L3hypdh,0.1636,0.4784743069143618,0.6653,2.23
Tbc1d20,0.1636,0.4784743069143618,0.6653,29.96
Traf4,0.1636,0.4784743069143618,0.6653,4.13
Gm38104,0.1636,0.4784743069143618,0.6653,3.61
Calm2,0.1636,0.4784743069143618,0.6653,2197.34
Rttn,0.1636,0.4784743069143618,0.6653,2.97
Zfp207,0.1636,0.4784743069143618,0.6653,71.49
Klhl24,0.1636,0.4784743069143618,0.6653,60.84
Mccc1,0.1636,0.4784743069143618,0.6653,12.13
Myo3b,0.1636,0.47844246023039505,0.6653,0.4
Pgm2,0.1636,0.4784743069143618,0.6653,3.04
Dusp1,0.1636,0.4784743069143618,0.6653,124.99
Rmdn3,0.1636,0.4784743069143618,0.6653,21.22
Dhfr,0.1636,0.4784743069143618,0.6653,5.77
Ankmy1,0.1636,0.4784743069143618,0.6653,0.73
Nfkbil1,0.1636,0.4784743069143618,0.6653,21.14
Cx3cr1,0.1636,0.4784743069143618,0.6653,3.48
Rps6,0.1636,0.4784743069143618,0.6653,302.8
Ccdc39,0.1636,0.4784743069143618,0.6653,4.34
Nfkbiz,0.1636,0.4784743069143618,0.6653,13.25
Gabrr1,0.1635,0.47879480116737755,0.6657,0.56
Htra3,0.163,0.4801010658813169,0.6675,0.71
Gm42047,0.1625,0.48144254137192427,0.6683,0.72
Dnajb3,0.1623,0.4820201872355597,0.6683,2.76
Cd34,0.1623,0.4820201872355597,0.6683,4.11
5330434G04Rik,0.1623,0.4820201872355597,0.6683,82.12
S100pbp,0.1623,0.4820201872355597,0.6683,41.17
Gm4221,0.1623,0.4820201872355597,0.6683,1.11
Dennd4a,0.1623,0.4820201872355597,0.6683,53.65
Cnih2,0.1623,0.4820201872355597,0.6683,84.01
Zfp175,0.1623,0.4820201872355597,0.6683,0.99
Zfp7,0.1623,0.4820201872355597,0.6683,4.37
Proser3,0.1623,0.4820201872355597,0.6683,2.1
Gin1,0.1623,0.4820201872355597,0.6683,11.5
Dtd1,0.1623,0.4820201872355597,0.6683,38.16
Jund,0.1623,0.4820201872355597,0.6683,618.52
Scmh1,0.1623,0.4820201872355597,0.6683,35.18
Tctn2,0.1623,0.4820201872355597,0.6683,6.96
Cfap69,0.1623,0.4820201872355597,0.6683,4.91
Ltbp1,0.1623,0.4820201872355597,0.6683,1.41
Ildr1,0.1623,0.4820201872355597,0.6683,6.78
Igip,0.1623,0.4820201872355597,0.6683,90.53
Il12a,0.1612,0.4850040124522588,0.671,0.91
Mtag2,0.161,0.4855791442852288,0.671,3.88
Urm1,0.161,0.4855791442852288,0.671,78.65
Sec13,0.161,0.4855791442852288,0.671,39.03
Ppm1d,0.161,0.4855791442852288,0.671,7.25
Uqcc5,0.161,0.4855791442852288,0.671,34.72
Gm10101,0.161,0.4855791442852288,0.671,0.47
Tbc1d12,0.161,0.4855791442852288,0.671,18.66
Tulp3,0.161,0.4855791442852288,0.671,19.86
Eif4e3,0.161,0.4855791442852288,0.671,42.19
Dld,0.161,0.4855791442852288,0.671,57.24
Enox1,0.161,0.4855791442852288,0.671,34.11
Tubb6,0.161,0.4855791442852288,0.671,7.36
Cops7a,0.161,0.4855791442852288,0.671,72.78
Agbl5,0.161,0.4855791442852288,0.671,3.08
Mpnd,0.161,0.4855791442852288,0.671,113.53
Pik3ca,0.161,0.4855791442852288,0.671,84.51
Gm44679,0.161,0.4855791442852288,0.671,0.66
Tmem18,0.161,0.4855791442852288,0.671,17.62
Pdzd8,0.161,0.4855791442852288,0.671,78.32
Gm34922,0.1604,0.4872202208425377,0.6732,0.95
Dock2,0.1603,0.4877161022221068,0.6733,0.6
Prrx1,0.1599,0.48857854174823107,0.6733,1.09
Ceacam1,0.1598,0.48900815025697775,0.6733,0.55
Tnfrsf25,0.1598,0.48900815025697775,0.6733,0.55
B630019K06Rik,0.1597,0.4891511154734236,0.6733,107.26
Ctdnep1,0.1597,0.4891511154734236,0.6733,52.83
Zfp125,0.1597,0.4891511154734236,0.6733,2.6
Phf11c,0.1597,0.4891511154734236,0.6733,0.62
Ppt2,0.1597,0.4891511154734236,0.6733,23.17
Gm38146,0.1597,0.4891511154734236,0.6733,0.99
Npm3,0.1597,0.4891511154734236,0.6733,7.75
Mrps9,0.1597,0.4891511154734236,0.6733,33.02
C1qb,0.1597,0.4891511154734236,0.6733,2.63
Prxl2b,0.1597,0.4891511154734236,0.6733,76.32
Uba6,0.1597,0.4891511154734236,0.6733,101.04
Ddx18,0.1597,0.4891511154734236,0.6733,18.54
Cd1d1,0.1597,0.4891511154734236,0.6733,12.77
Nectin1,0.1597,0.4891511154734236,0.6733,14.03
Gm13821,0.1597,0.4891511154734236,0.6733,1.06
Foxj2,0.1597,0.4891511154734236,0.6733,21.99
Gm18101,0.1597,0.4891511154734236,0.6733,1.18
Srp68,0.1597,0.4891511154734236,0.6733,35.2
Itpkc,0.1597,0.4891511154734236,0.6733,5.5
Slc66a1,0.1597,0.4891511154734236,0.6733,8.87
Npdc1,0.1597,0.4891511154734236,0.6733,321.77
Gm44090,0.1597,0.4891511154734236,0.6733,1.45
Npl,0.1586,0.49216606566922527,0.676,0.64
Gm38348,0.1585,0.49259372232111476,0.676,0.41
Cog8,0.1584,0.49273603731315235,0.676,24.87
Ipo13,0.1584,0.49273603731315235,0.676,25.4
Eif3l,0.1584,0.49273603731315235,0.676,44.07
Cdc42ep1,0.1584,0.49273603731315235,0.676,2.21
E2f4,0.1584,0.49273603731315235,0.676,18.87
Zfp94,0.1584,0.49273603731315235,0.676,9.18
Popdc3,0.1584,0.49273603731315235,0.676,11.32
Slc16a9,0.1584,0.49273603731315235,0.676,2.23
Armcx4,0.1584,0.49273603731315235,0.676,34.2
Rp2,0.1584,0.49273603731315235,0.676,9.18
Arg1,0.1584,0.49273603731315235,0.676,6.87
Atp6v1c2,0.1584,0.49273603731315235,0.676,2.47
Rfc3,0.1584,0.49273603731315235,0.676,3.08
Ctss,0.1584,0.49273603731315235,0.676,1.34
Mavs,0.1584,0.49273603731315235,0.676,7.55
Atg2a,0.1584,0.49273603731315235,0.676,21.07
Sema3d,0.1584,0.49273603731315235,0.676,38.11
Stx6,0.1584,0.49273603731315235,0.676,34.77
Gm6023,0.1578,0.4943913488686669,0.6781,0.7
Gm42897,0.1577,0.49491196448669567,0.6788,0.38
Eid3,0.1572,0.49619219159874156,0.6792,0.5
Cdk5r2,0.1571,0.4963338454232182,0.6792,151.34
Fosl2,0.1571,0.4963338454232182,0.6792,22.58
Brat1,0.1571,0.4963338454232182,0.6792,7.53
Katnb1,0.1571,0.4963338454232182,0.6792,16.89
Bicd2,0.1571,0.4963338454232182,0.6792,66.28
Gm34597,0.1571,0.4963338454232182,0.6792,1.41
Gm9800,0.1571,0.4963338454232182,0.6792,1.43
Klhl18,0.1571,0.4963338454232182,0.6792,14.19
Lypla2,0.1571,0.4963338454232182,0.6792,104.89
Acbd4,0.1571,0.4963338454232182,0.6792,26.92
Lrrk2,0.1571,0.4963338454232182,0.6792,15.02
Rpl36,0.1571,0.4963338454232182,0.6792,870.08
Smarcb1,0.1571,0.4963338454232182,0.6792,28.27
Ciart,0.1571,0.4963338454232182,0.6792,1.05
Gm37824,0.1561,0.49920036839263987,0.6821,0.42
Gm39326,0.156,0.4993798385300865,0.6821,0.85
Col7a1,0.1559,0.49980349278891234,0.6821,2.28
Gm45413,0.1558,0.49994447453114993,0.6821,2.22
Morf4l1,0.1558,0.49994447453114993,0.6821,699.77
BC005624,0.1558,0.49994447453114993,0.6821,66.53
Zscan22,0.1558,0.49994447453114993,0.6821,4.81
Ndufc2,0.1558,0.49994447453114993,0.6821,336.93
Gm10605,0.1558,0.49994447453114993,0.6821,19.38
Pmm2,0.1558,0.49994447453114993,0.6821,10.32
Smad1,0.1558,0.49994447453114993,0.6821,113.65
Gm43573,0.1558,0.49994447453114993,0.6821,0.84
Socs5,0.1558,0.49994447453114993,0.6821,46.62
Synpo2,0.1558,0.49994447453114993,0.6821,3.78
Ppp1r11,0.1558,0.49994447453114993,0.6821,144.18
2210406O10Rik,0.1558,0.49994447453114993,0.6821,8.77
Rps10,0.1558,0.49994447453114993,0.6821,119.31
Ncmap,0.1558,0.49994447453114993,0.6821,4.86
Thpo,0.1555,0.5008106885923829,0.6832,0.42
Crb3,0.1552,0.5016139347013416,0.6842,0.47
Prkcq,0.1547,0.5030059558038966,0.6846,0.57
Gcfc2,0.1545,0.5035678584762259,0.6846,1.9
Caprin1,0.1545,0.5035678584762259,0.6846,250.79
Cep76,0.1545,0.5035678584762259,0.6846,2.82
Gfus,0.1545,0.5035678584762259,0.6846,20.46
Tac1,0.1545,0.5035678584762259,0.6846,119.82
Eif4a2,0.1545,0.5035678584762259,0.6846,820.52
Fmr1,0.1545,0.5035678584762259,0.6846,52.96
Tril,0.1545,0.5035678584762259,0.6846,4.68
Shmt2,0.1545,0.5035678584762259,0.6846,11.74
Slc26a7,0.1545,0.5035678584762259,0.6846,3.17
Opa1,0.1545,0.5035678584762259,0.6846,92.82
Tceal3,0.1545,0.5035678584762259,0.6846,89.55
Mrps25,0.1545,0.5035678584762259,0.6846,60.15
Aprt,0.1545,0.5035678584762259,0.6846,108.94
Slain2,0.1545,0.5035678584762259,0.6846,30.82
Tnip1,0.1545,0.5035678584762259,0.6846,23.94
Tom1l1,0.1545,0.5035678584762259,0.6846,4.4
Zfp976,0.1545,0.5035678584762259,0.6846,2.96
Sema3a,0.1544,0.5039794646072843,0.6851,1.48
Fank1,0.1539,0.5052443593760665,0.6867,0.88
Cldn3,0.1539,0.5052443593760665,0.6867,3.11
2700054A10Rik,0.1532,0.5072039302125892,0.6874,1.56
AI837181,0.1532,0.5072039302125892,0.6874,45.4
C2cd4d,0.1532,0.5072039302125892,0.6874,2.58
Mpi,0.1532,0.5072039302125892,0.6874,20.13
Sik2,0.1532,0.5072039302125892,0.6874,4.59
Stmp1,0.1532,0.5072039302125892,0.6874,168.29
Tsnax,0.1532,0.5072039302125892,0.6874,90.84
Gm32036,0.1532,0.5072039302125892,0.6874,1.71
Atxn10,0.1532,0.5072039302125892,0.6874,161.1
Gm37663,0.1532,0.5072039302125892,0.6874,1.06
6030460B20Rik,0.1532,0.5072039302125892,0.6874,0.98
Rnd3,0.1532,0.5072039302125892,0.6874,18.03
Nedd4,0.1532,0.5072039302125892,0.6874,329.4
Csmd1,0.1532,0.5072039302125892,0.6874,32.22
Itpkb,0.1532,0.5072039302125892,0.6874,22.93
B3gnt4,0.1532,0.5072039302125892,0.6874,1.75
B230322F03Rik,0.1532,0.5072039302125892,0.6874,1.42
Pelo,0.1532,0.5072039302125892,0.6874,1.77
Xxylt1,0.1532,0.5072039302125892,0.6874,9.48
Gm47138,0.1532,0.5072039302125892,0.6874,3.28
Ddb2,0.1532,0.5072039302125892,0.6874,4.21
Gm45534,0.1521,0.5102963161916965,0.6902,0.81
Csgalnact1,0.1519,0.5108526218124549,0.6902,14.37
Spock2,0.1519,0.5108526218124549,0.6902,903.71
Srd5a1,0.1519,0.5108526218124549,0.6902,12.11
Gm10382,0.1519,0.5108526218124549,0.6902,0.89
Ndufa13,0.1519,0.5108526218124549,0.6902,773.77
Rpl17,0.1519,0.5108526218124549,0.6902,425.58
Psmd14,0.1519,0.5108526218124549,0.6902,63.75
Plxdc2,0.1519,0.5108526218124549,0.6902,15.24
Ralgapa1,0.1519,0.5108526218124549,0.6902,94.56
Mgat5,0.1519,0.5108526218124549,0.6902,64.95
Snrpb2,0.1519,0.5108526218124549,0.6902,65.84
Yars1,0.1519,0.5108526218124549,0.6902,50.45
Acp2,0.1519,0.5108526218124549,0.6902,51.16
Glt8d1,0.1519,0.5108526218124549,0.6902,26.06
Fzd1,0.1519,0.5108526218124549,0.6902,2.14
Spaca6,0.1519,0.5108526218124549,0.6902,9.91
Gm9586,0.1515,0.5121822986725273,0.6919,0.82
Slc25a12,0.1506,0.514513864469408,0.6929,127.8
Mtres1,0.1506,0.514513864469408,0.6929,33.65
Gm43360,0.1506,0.514513864469408,0.6929,1.2
H2-Aa,0.1506,0.514513864469408,0.6929,4.13
Rab26,0.1506,0.514513864469408,0.6929,2.79
Ganc,0.1506,0.514513864469408,0.6929,11.13
Rbl1,0.1506,0.514513864469408,0.6929,1.76
Mrgbp,0.1506,0.514513864469408,0.6929,8.74
Rpl27,0.1506,0.514513864469408,0.6929,303.43
Trps1,0.1506,0.514513864469408,0.6929,10.68
Galc,0.1506,0.514513864469408,0.6929,27.52
Slc25a19,0.1506,0.514513864469408,0.6929,28.66
1110003F10Rik,0.1506,0.514513864469408,0.6929,1.2
Fez2,0.1506,0.514513864469408,0.6929,67.51
Rftn2,0.1506,0.514513864469408,0.6929,2.21
Cpne3,0.1506,0.514513864469408,0.6929,200.2
Rps7,0.1506,0.514513864469408,0.6929,496.06
Lzts3,0.1494,0.5181875885017935,0.6962,8.03
Gm27030,0.1494,0.5181875885017935,0.6962,1.14
Eps8l1,0.1494,0.5181875885017935,0.6962,5.68
Mapkbp1,0.1494,0.5181875885017935,0.6962,9.45
2510017J16Rik,0.1494,0.5181875885017935,0.6962,0.61
9330158H04Rik,0.1494,0.5181875885017935,0.6962,11.99
Folh1,0.1494,0.5180501298051117,0.6962,2.1
Rbak,0.1494,0.5181875885017935,0.6962,2.91
Rtkn,0.1494,0.5181875885017935,0.6962,26.71
Hps6,0.1494,0.5181875885017935,0.6962,4.74
Smchd1,0.1494,0.5181875885017935,0.6962,29.55
Gm5802,0.1494,0.5181875885017935,0.6962,2.89
Por,0.1494,0.5181875885017935,0.6962,31.45
Gng4,0.1494,0.5181875885017935,0.6962,35.42
Ccdc181,0.1481,0.5218737233561959,0.6989,15.83
Dhx32,0.1481,0.5218737233561959,0.6989,17.93
6330403K07Rik,0.1481,0.5218737233561959,0.6989,396.92
Gm43852,0.1481,0.5218737233561959,0.6989,1.65
Stx11,0.1481,0.5218737233561959,0.6989,2.62
Rab22a,0.1481,0.5218737233561959,0.6989,70.72
Arv1,0.1481,0.5218737233561959,0.6989,6.81
Tspyl1,0.1481,0.5218737233561959,0.6989,148.15
Gpr19,0.1481,0.5218737233561959,0.6989,15.04
9030407P20Rik,0.1481,0.5218737233561959,0.6989,4.46
5830408C22Rik,0.1481,0.5218737233561959,0.6989,2.55
Tnfsf9,0.1481,0.5217370015605404,0.6989,1.14
Rps13-ps1,0.1481,0.5218737233561959,0.6989,1.44
Gm43679,0.1481,0.5218737233561959,0.6989,1.3
4732416N19Rik,0.1481,0.5218737233561959,0.6989,1.22
Gm44680,0.1469,0.5250276038738014,0.7022,1.13
Klhl1,0.1469,0.5250276038738014,0.7022,2.08
A430019L02Rik,0.1468,0.5255721976110103,0.7022,2.31
Txnl4b,0.1468,0.5255721976110103,0.7022,22.99
Thumpd2,0.1468,0.5255721976110103,0.7022,1.67
Tceanc2,0.1468,0.5255721976110103,0.7022,12.68
Acaa1a,0.1468,0.5255721976110103,0.7022,28.7
Acta2,0.1468,0.5255721976110103,0.7022,3.25
Mt1,0.1468,0.5255721976110103,0.7022,379.34
A530083I20Rik,0.1468,0.5255721976110103,0.7022,1.1
Pappa2,0.1468,0.5254362233961193,0.7022,16.18
Dnajb4,0.1468,0.5255721976110103,0.7022,90.81
Gm43751,0.1468,0.5255721976110103,0.7022,6.74
Zfp526,0.1468,0.5255721976110103,0.7022,1.17
Ctsb,0.1468,0.5255721976110103,0.7022,1099.6
Dand5,0.1468,0.5255721976110103,0.7022,15.96
Zfp951,0.1468,0.5255721976110103,0.7022,1.27
Gm45705,0.1465,0.5263539223303013,0.7032,0.42
Gm26760,0.1455,0.5292829389801046,0.7051,2.99
Gm43061,0.1455,0.5292829389801046,0.7051,0.9
Igf2bp3,0.1455,0.5292829389801046,0.7051,6.27
Col6a3,0.1455,0.5291477229870891,0.7051,1.93
Gabra2,0.1455,0.5292829389801046,0.7051,20.08
Marveld2,0.1455,0.5292829389801046,0.7051,4.08
Eloa,0.1455,0.5292829389801046,0.7051,15.92
Hnrnph2,0.1455,0.5292829389801046,0.7051,72.26
6720427I07Rik,0.1455,0.5292829389801046,0.7051,2.95
Cldn19,0.1455,0.5292829389801046,0.7051,1.81
Ckap5,0.1455,0.5292829389801046,0.7051,101.88
A530041M06Rik,0.1455,0.5292829389801046,0.7051,3.33
Ccdc57,0.1455,0.5292829389801046,0.7051,1.22
Med17,0.1455,0.5292829389801046,0.7051,10.09
Lmbr1,0.1455,0.5292829389801046,0.7051,33.53
Myl6b,0.1455,0.5292829389801046,0.7051,34.25
Myl1,0.1455,0.5292829389801046,0.7051,57.07
Gm4853,0.1443,0.532467393059331,0.7085,0.47
Naxd,0.1442,0.5330058743165695,0.7085,31.04
Irf6,0.1442,0.5330058743165695,0.7085,22.61
Bbc3,0.1442,0.5330058743165695,0.7085,14.95
Tm9sf2,0.1442,0.5330058743165695,0.7085,126.76
Gm44542,0.1442,0.5328714271466563,0.7085,0.71
Pigw,0.1442,0.5330058743165695,0.7085,3.4
Ascc1,0.1442,0.5330058743165695,0.7085,26.26
Prdm15,0.1442,0.5330058743165695,0.7085,6.27
Riok3,0.1442,0.5330058743165695,0.7085,60.51
Gm26691,0.1442,0.5330058743165695,0.7085,1.44
Gpbp1l1,0.1442,0.5330058743165695,0.7085,20.51
Gm17753,0.1442,0.5330058743165695,0.7085,0.64
Gm43088,0.1442,0.5330058743165695,0.7085,0.86
Dnttip2,0.1442,0.5330058743165695,0.7085,8.51
Ncam1,0.1442,0.5330058743165695,0.7085,377.88
Gm43609,0.1442,0.5330058743165695,0.7085,0.85
Pxmp2,0.1442,0.5330058743165695,0.7085,93.74
Inpp4a,0.1442,0.5330058743165695,0.7085,103.13
Dcps,0.1442,0.5330058743165695,0.7085,6.87
Mag,0.1442,0.5330058743165695,0.7085,1.57
5031434O11Rik,0.1429,0.5367409296165598,0.7119,2.41
Palmd,0.1429,0.5367409296165598,0.7119,20.71
Ddx31,0.1429,0.5367409296165598,0.7119,8.49
Insl6,0.1429,0.5367409296165598,0.7119,2.29
Usp40,0.1429,0.5367409296165598,0.7119,11.3
4933431E20Rik,0.1429,0.5367409296165598,0.7119,29.38
Cybc1,0.1429,0.5367409296165598,0.7119,29.55
Gpsm3,0.1429,0.5367409296165598,0.7119,17.71
Tmem106b,0.1429,0.5367409296165598,0.7119,69.89
Fkbp3,0.1429,0.5367409296165598,0.7119,192.17
Sec23b,0.1429,0.5367409296165598,0.7119,34.74
Cbll1,0.1429,0.5367409296165598,0.7119,17.43
Stag2,0.1429,0.5367409296165598,0.7119,34.73
Actr5,0.1429,0.5367409296165598,0.7119,2.73
Zbtb38,0.1429,0.5367409296165598,0.7119,66.29
Arhgdib,0.1417,0.5399558305685535,0.7152,0.74
Gm10288,0.1417,0.5399558305685535,0.7152,1.23
Hspa9,0.1416,0.5404880300232261,0.7152,162.98
Gm9794,0.1416,0.5404880300232261,0.7152,16.86
Rwdd2b,0.1416,0.5404880300232261,0.7152,6.47
Txndc5,0.1416,0.5404880300232261,0.7152,37.52
Siva1,0.1416,0.5404880300232261,0.7152,46.54
Snrpa,0.1416,0.5404880300232261,0.7152,28.11
4632418H02Rik,0.1416,0.5404880300232261,0.7152,1.02
Tmod3,0.1416,0.5404880300232261,0.7152,24.01
Nox4,0.1416,0.5404694372641005,0.7152,0.38
Gm37941,0.1416,0.5404880300232261,0.7152,6.04
Ncoa3,0.1416,0.5404880300232261,0.7152,18.84
Sv2c,0.1416,0.5404880300232261,0.7152,480.6
Gpx4,0.1416,0.5404880300232261,0.7152,576.49
Atp5mc1,0.1416,0.5404880300232261,0.7152,924.7
Csnk1d,0.1416,0.5404880300232261,0.7152,121.75
Arb2a,0.1416,0.5404880300232261,0.7152,25.61
Rps17,0.1416,0.5404880300232261,0.7152,361.67
Zbtb7a,0.1416,0.5404880300232261,0.7152,133.21
Gm19569,0.1404,0.5437181043459017,0.7181,0.54
Grik4,0.1403,0.5442470998307318,0.7181,18.89
Gm13715,0.1403,0.5442470998307318,0.7181,3.41
Gpr150,0.1403,0.5442470998307318,0.7181,14.14
Ndufb4c,0.1403,0.5442470998307318,0.7181,12.15
G530011O06Rikx,0.1403,0.5442470998307318,0.7181,1.15
Tet3,0.1403,0.5442470998307318,0.7181,23.36
Sntb2,0.1403,0.5442470998307318,0.7181,18.17
Aldoc,0.1403,0.5442470998307318,0.7181,108.18
Dlg1,0.1403,0.5442470998307318,0.7181,16.85
Ttc23,0.1403,0.5442470998307318,0.7181,2.2
Zfp503,0.1403,0.5442470998307318,0.7181,2.68
Ap5m1,0.1403,0.5442470998307318,0.7181,20.2
Ccdc191,0.1403,0.5442470998307318,0.7181,3.58
Usp33,0.1403,0.5442470998307318,0.7181,68.36
Usp3,0.1403,0.5442470998307318,0.7181,13.5
Pcsk4,0.1403,0.5442470998307318,0.7181,1.39
Uqcrc1,0.1403,0.5442470998307318,0.7181,137.64
Ptpn18,0.1403,0.5442470998307318,0.7181,1.06
Etf1,0.1403,0.5442470998307318,0.7181,73.66
Gm14049,0.1403,0.5442470998307318,0.7181,0.46
Rhoj,0.1403,0.5442470998307318,0.7181,4.05
Fgf9,0.1403,0.5442470998307318,0.7181,9.01
Ly75,0.1394,0.5467002590821196,0.7205,0.67
E2f7,0.1391,0.5474923127811182,0.7205,0.44
Ankib1,0.139,0.5480180624883647,0.7205,36.99
Scn3a,0.139,0.5480180624883647,0.7205,82.33
C130036L24Rik,0.139,0.5480180624883647,0.7205,5.19
Junb,0.139,0.5480180624883647,0.7205,161.38
Gm37106,0.139,0.5480180624883647,0.7205,2.68
Sos1,0.139,0.5480180624883647,0.7205,86.34
Gm43667,0.139,0.5480180624883647,0.7205,0.89
Cdk14,0.139,0.5480180624883647,0.7205,96.92
Fibcd1,0.139,0.5480180624883647,0.7205,5.16
Gm3365,0.139,0.5480180624883647,0.7205,1.2
Slc22a5,0.139,0.5480180624883647,0.7205,4.06
Yes1,0.139,0.5480180624883647,0.7205,15.76
Yif1b,0.139,0.5480180624883647,0.7205,52.78
Fam178b,0.139,0.5480180624883647,0.7205,2.28
Arid5a,0.139,0.5480180624883647,0.7205,18.83
Bud13,0.139,0.5480180624883647,0.7205,2.71
1810009A15Rik,0.139,0.5480180624883647,0.7205,2.03
Gm28439,0.139,0.5480180624883647,0.7205,0.92
Ints7,0.139,0.5480180624883647,0.7205,16.33
Tmem186,0.139,0.5480180624883647,0.7205,11.78
Camkmt,0.139,0.5480180624883647,0.7205,16.23
Zbtb48,0.139,0.5480180624883647,0.7205,4.24
Mycbp,0.139,0.5480180624883647,0.7205,39.06
Zfp758,0.139,0.5480180624883647,0.7205,6.2
Gm9442,0.1378,0.5512783782981034,0.7234,0.67
E130201H02Rik,0.1377,0.551800840604731,0.7234,1.07
Sap30,0.1377,0.551800840604731,0.7234,6.1
Sntb1,0.1377,0.551800840604731,0.7234,10.34
Dennd1a,0.1377,0.551800840604731,0.7234,25.87
Gm12689,0.1377,0.551800840604731,0.7234,0.71
Nrip2,0.1377,0.551800840604731,0.7234,17.26
Ngdn,0.1377,0.551800840604731,0.7234,16.53
Zdhhc23,0.1377,0.551800840604731,0.7234,1.17
Rabl2,0.1377,0.551800840604731,0.7234,18.66
Wdr25,0.1377,0.551800840604731,0.7234,6.47
Gm14236,0.1377,0.5516703950850506,0.7234,0.71
Taf5,0.1377,0.551800840604731,0.7234,4.39
Ip6k2,0.1377,0.551800840604731,0.7234,34.46
Ptprn,0.1377,0.551800840604731,0.7234,370.3
AI506816,0.1377,0.551800840604731,0.7234,6.93
Med15,0.1377,0.551800840604731,0.7234,35.94
Gm57488,0.1377,0.551800840604731,0.7234,2.86
Adgre1,0.1365,0.5550762224793959,0.7266,2.1
Zbtb6,0.1364,0.5555953559520419,0.7266,9.05
Mrto4,0.1364,0.5555953559520419,0.7266,23.52
Bc1,0.1364,0.5555953559520419,0.7266,8.78
Zfp1006,0.1364,0.5555953559520419,0.7266,13.57
Mzt2,0.1364,0.5555953559520419,0.7266,21.17
Zik1,0.1364,0.5555953559520419,0.7266,8.49
Polk,0.1364,0.5555953559520419,0.7266,16.94
Arcn1,0.1364,0.5555953559520419,0.7266,52.29
Ubr7,0.1364,0.5555953559520419,0.7266,15.63
Nelfa,0.1364,0.5555953559520419,0.7266,15.12
Gm49674,0.1364,0.5555953559520419,0.7266,4.97
Ushbp1,0.1364,0.5555953559520419,0.7266,0.92
Tgfbrap1,0.1364,0.5555953559520419,0.7266,23.2
Gm45555,0.1364,0.5555953559520419,0.7266,0.68
Def6,0.1364,0.5555953559520419,0.7266,7.66
Mmab,0.1364,0.5555953559520419,0.7266,15.93
Epha6,0.1362,0.5561999613781119,0.7273,2.63
Gm41396,0.1351,0.5592727572834729,0.7293,2.55
Arid3b,0.1351,0.5594015294704846,0.7293,9.07
Gm13423,0.1351,0.5594015294704846,0.7293,0.63
Ypel5,0.1351,0.5594015294704846,0.7293,125.4
Ankrd10,0.1351,0.5594015294704846,0.7293,48.32
Zc3h8,0.1351,0.5594015294704846,0.7293,6.89
BC051226,0.1351,0.5594015294704846,0.7293,12.75
Hells,0.1351,0.5594015294704846,0.7293,6.62
Acad11,0.1351,0.5594015294704846,0.7293,8.85
Heg1,0.1351,0.5594015294704846,0.7293,2.7
Paip2b,0.1351,0.5594015294704846,0.7293,96.6
Jade3,0.1351,0.5594015294704846,0.7293,4.9
Tmem81,0.1351,0.5594015294704846,0.7293,1.71
Rps13-ps2,0.1351,0.5594015294704846,0.7293,1.41
Taok2,0.1351,0.5594015294704846,0.7293,17.71
Rpl13a,0.1351,0.5594015294704846,0.7293,184.78
Ibtk,0.1351,0.5594015294704846,0.7293,17.23
Gm43379,0.1351,0.5594015294704846,0.7293,2.28
Gm29325,0.1351,0.5594015294704846,0.7293,0.93
Prpf4,0.1351,0.5594015294704846,0.7293,14.3
Gucy1b1,0.1351,0.5594015294704846,0.7293,6.07
Gm37292,0.1351,0.5594015294704846,0.7293,1.59
Plekhg3,0.1351,0.5594015294704846,0.7293,4.44
Tmem232,0.1345,0.5611806156713277,0.7316,1.87
Gm36495,0.1339,0.5628435955446953,0.7324,0.33
Dock6,0.1338,0.5632192812726847,0.7324,5.25
Zfp788,0.1338,0.5632192812726847,0.7324,11.49
Gm37884,0.1338,0.5632192812726847,0.7324,1.13
Gm19412,0.1338,0.5632192812726847,0.7324,9.46
Zpbp,0.1338,0.5630913611327784,0.7324,1.49
Zfp30,0.1338,0.5632192812726847,0.7324,15.31
Stx18,0.1338,0.5632192812726847,0.7324,25.12
Stimate,0.1338,0.5632192812726847,0.7324,32.67
Bche,0.1338,0.5632192812726847,0.7324,30.19
Reep5,0.1338,0.5632192812726847,0.7324,1209.8
Oaz1-ps,0.1338,0.5632192812726847,0.7324,34.65
Exoc1l,0.1338,0.5632192812726847,0.7324,9.78
1500004A13Rik,0.1338,0.5632192812726847,0.7324,116.78
Spopl,0.1338,0.5632192812726847,0.7324,26.61
Tyw5,0.1338,0.5632192812726847,0.7324,9.18
Iars1,0.1338,0.5632192812726847,0.7324,37.82
Sat1,0.1338,0.5632192812726847,0.7324,95.6
Parvb,0.1338,0.5632192812726847,0.7324,77.63
Crabp2,0.1332,0.5650049835469226,0.7346,1.88
Ccl12,0.1332,0.5650049835469226,0.7346,0.96
Gm43984,0.1325,0.5670485306482511,0.7352,1.03
Zfp579,0.1325,0.5670485306482511,0.7352,11.65
Plagl1,0.1325,0.5670485306482511,0.7352,29.51
Tsga10,0.1325,0.5670485306482511,0.7352,20.07
Med9os,0.1325,0.5670485306482511,0.7352,1.53
Fignl2,0.1325,0.5670485306482511,0.7352,3.91
Herc4,0.1325,0.5670485306482511,0.7352,19.94
Harbi1,0.1325,0.5670485306482511,0.7352,4.72
Cux2,0.1325,0.5670485306482511,0.7352,50.27
Mcrip1,0.1325,0.5670485306482511,0.7352,198.51
Gtpbp2,0.1325,0.5670485306482511,0.7352,41.34
Adh5,0.1325,0.5670485306482511,0.7352,21.16
Pcid2,0.1325,0.5670485306482511,0.7352,14.34
Phtf1os,0.1325,0.5670485306482511,0.7352,2.25
Amdhd2,0.1325,0.5670485306482511,0.7352,14.26
Cox15,0.1325,0.5670485306482511,0.7352,12.0
Cd274,0.1325,0.5670485306482511,0.7352,7.89
Ccl7,0.1325,0.5670485306482511,0.7352,1.8
Klhl21,0.1325,0.5670485306482511,0.7352,35.71
Tceal9,0.1325,0.5670485306482511,0.7352,144.66
Zfp59,0.1325,0.5670485306482511,0.7352,0.67
Fas,0.1319,0.568840818493698,0.7374,0.96
Ndufa4l2,0.1319,0.568840818493698,0.7374,0.9
Plxdc1,0.1313,0.5703837882989616,0.7376,0.6
Meis3,0.1312,0.5708891960684092,0.7376,39.15
Tamm41,0.1312,0.5708891960684092,0.7376,4.18
Smn1,0.1312,0.5708891960684092,0.7376,12.94
Polr2f,0.1312,0.5708891960684092,0.7376,126.24
Gm6612,0.1312,0.5707630105289834,0.7376,0.62
Rps6ka4,0.1312,0.5708891960684092,0.7376,2.13
Aldh1b1,0.1312,0.5708891960684092,0.7376,3.13
Mark4,0.1312,0.5708891960684092,0.7376,56.66
Ifnar1,0.1312,0.5708891960684092,0.7376,19.84
Mrm2,0.1312,0.5708891960684092,0.7376,8.4
Adnp2,0.1312,0.5708891960684092,0.7376,13.2
Gpr89,0.1312,0.5708891960684092,0.7376,21.34
Vmp1,0.1312,0.5708891960684092,0.7376,62.08
Ccdc167,0.1312,0.5708891960684092,0.7376,34.95
Mrpl34,0.1312,0.5708891960684092,0.7376,82.43
Spata13,0.1312,0.5708891960684092,0.7376,30.32
Oma1,0.1312,0.5708891960684092,0.7376,2.49
B3gnt5,0.1312,0.5708891960684092,0.7376,2.51
Decr2,0.1312,0.5708891960684092,0.7376,25.79
Rundc3a,0.1312,0.5708891960684092,0.7376,249.74
Gm20163,0.1306,0.5726880385225688,0.7398,1.39
Gm37584,0.1306,0.5726880385225688,0.7398,0.59
C330011M18Rik,0.13,0.5742393204043255,0.7404,0.65
Depdc5,0.1299,0.5747411951907224,0.7404,36.94
Glp1r,0.1299,0.5747411951907224,0.7404,37.88
Gm20387,0.1299,0.5747411951907224,0.7404,3.04
Pole4,0.1299,0.5747411951907224,0.7404,60.68
Gal,0.1299,0.5747411951907224,0.7404,215.03
D730044K07Rik,0.1299,0.5747411951907224,0.7404,1.63
Rspry1,0.1299,0.5747411951907224,0.7404,49.58
Epm2aip1,0.1299,0.5747411951907224,0.7404,212.72
Tnpo3,0.1299,0.5747411951907224,0.7404,37.58
Txlng,0.1299,0.5747411951907224,0.7404,22.44
Zhx2,0.1299,0.5747411951907224,0.7404,5.44
Atp6v1h,0.1299,0.5747411951907224,0.7404,56.7
Uckl1,0.1299,0.5747411951907224,0.7404,15.41
Gm37065,0.1299,0.5747411951907224,0.7404,0.43
Kdm1b,0.1299,0.5747411951907224,0.7404,5.81
Flad1,0.1299,0.5747411951907224,0.7404,9.68
Sdf4,0.1299,0.5747411951907224,0.7404,221.16
1700124L16Rik,0.1299,0.5747411951907224,0.7404,1.7
Nbas,0.1299,0.5747411951907224,0.7404,20.93
Grb10,0.1299,0.5747411951907224,0.7404,44.34
Gm13453,0.1287,0.578106143252538,0.7426,1.0
Atg4a,0.1286,0.5786044448638965,0.7426,6.89
Arhgef10,0.1286,0.5786044448638965,0.7426,7.5
Faxc,0.1286,0.5786044448638965,0.7426,10.68
Synj2bp,0.1286,0.5786044448638965,0.7426,58.5
Sec63,0.1286,0.5786044448638965,0.7426,48.93
Gm37510,0.1286,0.5786044448638965,0.7426,2.48
E130102H24Rik,0.1286,0.5786044448638965,0.7426,7.51
5330439K02Rik,0.1286,0.5786044448638965,0.7426,2.27
Gm10073,0.1286,0.5786044448638965,0.7426,6.43
Dck,0.1286,0.5786044448638965,0.7426,48.33
D930036K23Rik,0.1286,0.5786044448638965,0.7426,1.86
Zfp689,0.1286,0.5786044448638965,0.7426,3.28
Disc1,0.1286,0.5786044448638965,0.7426,2.16
Rif1,0.1286,0.5786044448638965,0.7426,13.57
Zfp358,0.1286,0.5786044448638965,0.7426,12.58
S100a4,0.1286,0.5786044448638965,0.7426,6.65
Ndufaf7,0.1286,0.5786044448638965,0.7426,18.87
A930029G22Rik,0.1286,0.5786044448638965,0.7426,1.23
Nubp2,0.1286,0.5786044448638965,0.7426,27.85
Rad23a,0.1286,0.5786044448638965,0.7426,73.81
Gm37893,0.1286,0.5786044448638965,0.7426,0.58
As3mt,0.1286,0.5786044448638965,0.7426,41.6
Trnau1ap,0.1286,0.5786044448638965,0.7426,19.01
Gm15860,0.1286,0.5786044448638965,0.7426,8.5
Gm49677,0.1286,0.5786044448638965,0.7426,34.6
Iqcc,0.1286,0.5786044448638965,0.7426,10.14
Mrpl41,0.1273,0.5824788611326692,0.7463,101.87
Mrps31,0.1273,0.5824788611326692,0.7463,7.59
Emb,0.1273,0.5824788611326692,0.7463,263.84
Elof1,0.1273,0.5824788611326692,0.7463,99.68
Ddx42,0.1273,0.5824788611326692,0.7463,57.91
Bora,0.1273,0.5824788611326692,0.7463,2.97
Cdc27,0.1273,0.5824788611326692,0.7463,45.22
Tcf12,0.1273,0.5824788611326692,0.7463,46.13
Ccdc66,0.1273,0.5824788611326692,0.7463,6.76
Dmac1,0.1273,0.5824788611326692,0.7463,34.02
Neurl2,0.1273,0.5824788611326692,0.7463,2.74
9130604C24Rik,0.1273,0.5824788611326692,0.7463,1.52
Senp1,0.1273,0.5824788611326692,0.7463,8.97
1600023N17Rik,0.1273,0.5824788611326692,0.7463,1.51
Mbd6,0.1273,0.5824788611326692,0.7463,37.53
Prp2rt,0.1267,0.584297177052841,0.7486,0.58
Spats1,0.126,0.5863643592427877,0.7493,2.69
Gm43018,0.126,0.5863643592427877,0.7493,1.53
Psmc1,0.126,0.5863643592427877,0.7493,124.33
Slc25a5,0.126,0.5863643592427877,0.7493,158.78
Impdh1,0.126,0.5863643592427877,0.7493,97.93
Gm6225,0.126,0.5863643592427877,0.7493,0.94
Ggh,0.126,0.5863643592427877,0.7493,13.51
Ino80,0.126,0.5863643592427877,0.7493,14.18
Bcas2,0.126,0.5863643592427877,0.7493,121.53
Gm43637,0.126,0.5863643592427877,0.7493,0.6
Mettl9,0.126,0.5863643592427877,0.7493,26.05
Reck,0.126,0.5863643592427877,0.7493,2.94
Gm42725,0.126,0.5863643592427877,0.7493,0.98
Usp46,0.126,0.5863643592427877,0.7493,65.38
Gm17530,0.126,0.5863643592427877,0.7493,1.59
9330020H09Rik,0.126,0.5863643592427877,0.7493,3.4
Lrrc7,0.1251,0.5890392374550647,0.7522,0.94
Grip2,0.1247,0.590260853646067,0.7522,7.56
Isca1,0.1247,0.590260853646067,0.7522,46.64
Dancr,0.1247,0.590260853646067,0.7522,21.97
Matn2,0.1247,0.590260853646067,0.7522,22.62
Sema3b,0.1247,0.590260853646067,0.7522,15.87
Psmb4,0.1247,0.590260853646067,0.7522,153.39
Wrap53,0.1247,0.590260853646067,0.7522,3.84
Gm37986,0.1247,0.590260853646067,0.7522,1.26
Tram2,0.1247,0.590260853646067,0.7522,1.01
Fez1,0.1247,0.590260853646067,0.7522,98.37
Gm38374,0.1247,0.590260853646067,0.7522,1.11
Mmp16,0.1247,0.590260853646067,0.7522,27.06
Gm19327,0.1247,0.590260853646067,0.7522,2.38
Fjx1,0.1247,0.590260853646067,0.7522,10.87
Nf2,0.1247,0.590260853646067,0.7522,34.13
Ubald2,0.1247,0.590260853646067,0.7522,43.99
Chaserr,0.1247,0.590260853646067,0.7522,32.65
Top1mt,0.1247,0.590260853646067,0.7522,8.8
Dnaaf10,0.1247,0.590260853646067,0.7522,5.79
Ptgs2,0.1244,0.5912087225007119,0.7533,0.53
Cox20b,0.1235,0.5936846464632534,0.7546,0.62
Dedd2,0.1234,0.5941682580055346,0.7546,17.05
Zfp955a,0.1234,0.5941682580055346,0.7546,4.06
Parm1,0.1234,0.5941682580055346,0.7546,281.13
Nrg4,0.1234,0.5941682580055346,0.7546,2.28
Gm54719,0.1234,0.5941682580055346,0.7546,0.89
Mtcl2,0.1234,0.5941682580055346,0.7546,4.64
Amigo1,0.1234,0.5941682580055346,0.7546,110.82
Gm49502,0.1234,0.5941682580055346,0.7546,3.67
Mrpl58,0.1234,0.5941682580055346,0.7546,76.11
Efr3b,0.1234,0.5941682580055346,0.7546,62.43
Prpf3,0.1234,0.5941682580055346,0.7546,5.68
Ranbp17,0.1234,0.5941682580055346,0.7546,6.03
Mapk6,0.1234,0.5941682580055346,0.7546,26.15
Gm43112,0.1234,0.5941682580055346,0.7546,1.12
Rita1,0.1234,0.5941682580055346,0.7546,21.09
Tmem88b,0.1234,0.5941682580055346,0.7546,3.76
Gcat,0.1234,0.5941682580055346,0.7546,5.89
Psmc2,0.1234,0.5941682580055346,0.7546,50.81
Ndufs6,0.1234,0.5941682580055346,0.7546,310.21
Itga4,0.1234,0.5941682580055346,0.7546,6.9
Usp37,0.1234,0.5941682580055346,0.7546,23.05
Glyr1,0.1234,0.5941682580055346,0.7546,98.55
Rnf207,0.1234,0.5941682580055346,0.7546,4.61
Phxr4,0.1234,0.5941682580055346,0.7546,6.6
9930024M15Rik,0.1234,0.5941682580055346,0.7546,0.93
Gsta3,0.1234,0.5941682580055346,0.7546,3.3
Gm29560,0.1228,0.5958088365843449,0.7566,0.53
Pou5f2,0.1221,0.598086485200657,0.7573,2.91
Gm12254,0.1221,0.598086485200657,0.7573,15.07
Coil,0.1221,0.598086485200657,0.7573,19.98
Hspa8,0.1221,0.598086485200657,0.7573,958.44
Hexim1,0.1221,0.598086485200657,0.7573,28.97
Clxn,0.1221,0.598086485200657,0.7573,11.53
Gpha2,0.1221,0.598086485200657,0.7573,27.98
Tmco1,0.1221,0.598086485200657,0.7573,76.41
Airim,0.1221,0.598086485200657,0.7573,5.36
Itgb1bp1,0.1221,0.598086485200657,0.7573,28.89
Xist,0.1221,0.598086485200657,0.7573,184.43
Rims1,0.1221,0.598086485200657,0.7573,12.47
Gm43883,0.1221,0.598086485200657,0.7573,1.85
Mettl14,0.1221,0.598086485200657,0.7573,15.29
Dpp8,0.1221,0.598086485200657,0.7573,33.23
Psme3,0.1221,0.598086485200657,0.7573,75.54
Ccdc34,0.1221,0.598086485200657,0.7573,36.65
Tcta,0.1221,0.598086485200657,0.7573,88.67
Obox3-ps7,0.1215,0.599930304559326,0.7596,0.68
Gm49085,0.1208,0.6020154473326507,0.7602,1.51
Usp49,0.1208,0.6020154473326507,0.7602,8.24
Gm43263,0.1208,0.6020154473326507,0.7602,0.9
Mib1,0.1208,0.6020154473326507,0.7602,96.29
Sanbr,0.1208,0.6020154473326507,0.7602,87.58
Ptk2,0.1208,0.6020154473326507,0.7602,26.31
Gm10570,0.1208,0.6020154473326507,0.7602,2.92
Nbeal1,0.1208,0.6020154473326507,0.7602,130.66
C030006N10Rik,0.1208,0.6020154473326507,0.7602,1.84
Slc7a14,0.1208,0.6020154473326507,0.7602,297.64
Trmt5,0.1208,0.6020154473326507,0.7602,4.72
Snora78,0.1208,0.6020154473326507,0.7602,1.89
Colgalt1,0.1208,0.6020154473326507,0.7602,49.48
2610028D06Rik,0.1208,0.6020154473326507,0.7602,1.43
Gm43290,0.1208,0.6020154473326507,0.7602,1.94
Gm18194,0.1208,0.6020154473326507,0.7602,0.78
Adnp,0.1208,0.6020154473326507,0.7602,3.72
Rcor2,0.1208,0.6020154473326507,0.7602,7.76
Kdm4a,0.1208,0.6020154473326507,0.7602,20.36
Tcp11,0.1204,0.6031919564962981,0.7616,0.31
Gm15441,0.1196,0.6054828723043167,0.7626,0.85
Gm42692,0.1195,0.6058371682978014,0.7626,0.6
Dnah9,0.1195,0.6059550557298753,0.7626,1.65
Utrn,0.1195,0.6059550557298753,0.7626,53.56
Sbk1,0.1195,0.6059550557298753,0.7626,27.11
Gm44283,0.1195,0.6059550557298753,0.7626,1.81
Ephx2,0.1195,0.6059550557298753,0.7626,1.58
Lyrm4,0.1195,0.6059550557298753,0.7626,37.26
Rsrc2,0.1195,0.6059550557298753,0.7626,84.56
Sema3e,0.1195,0.6059550557298753,0.7626,19.98
Stk17b,0.1195,0.6059550557298753,0.7626,6.02
Mospd3,0.1195,0.6059550557298753,0.7626,31.26
Brox,0.1195,0.6059550557298753,0.7626,80.71
Lrrc40,0.1195,0.6059550557298753,0.7626,12.78
Capn7,0.1195,0.6059550557298753,0.7626,32.6
Nadk2,0.1195,0.6059550557298753,0.7626,7.63
1110035H17Rik,0.1195,0.6059550557298753,0.7626,1.63
Psip1,0.1195,0.6059550557298753,0.7626,134.99
B630019A10Rik,0.1195,0.6059550557298753,0.7626,1.05
Gm7435,0.1195,0.6059550557298753,0.7626,1.0
Atp6v0c,0.1195,0.6059550557298753,0.7626,1210.72
Cpd,0.1195,0.6059550557298753,0.7626,65.06
Tonsl,0.1195,0.6059550557298753,0.7626,4.21
Rps9,0.1195,0.6059550557298753,0.7626,1052.48
mt-Atp8,0.1195,0.6059550557298753,0.7626,544.66
Myof,0.119,0.6075467827664899,0.7646,0.41
6720469O03Rik,0.1189,0.607811421020037,0.7647,2.03
Gm8437,0.1183,0.6094369237751,0.7653,0.47
Spata2,0.1182,0.6099052209533065,0.7653,23.44
Hba-a1,0.1182,0.6099052209533065,0.7653,6.88
Tars1,0.1182,0.6099052209533065,0.7653,13.31
B3gnt9,0.1182,0.6099052209533065,0.7653,1.92
Snca,0.1182,0.6099052209533065,0.7653,180.1
Serpinb9,0.1182,0.6099052209533065,0.7653,12.27
Asb8,0.1182,0.6099052209533065,0.7653,59.77
Amy1,0.1182,0.6099052209533065,0.7653,7.1
Men1,0.1182,0.6099052209533065,0.7653,39.31
Apool,0.1182,0.6099052209533065,0.7653,4.98
Adgrl1,0.1182,0.6099052209533065,0.7653,220.65
Prkaa2,0.1182,0.6099052209533065,0.7653,42.49
Rab44,0.1182,0.6097450471725111,0.7653,0.5
Zfp280d,0.1182,0.6099052209533065,0.7653,21.39
Eif3g,0.1182,0.6099052209533065,0.7653,57.88
Prpf4b,0.1182,0.6099052209533065,0.7653,81.26
Adgrg2,0.1182,0.6099052209533065,0.7653,12.91
Rpl21,0.1182,0.6099052209533065,0.7653,737.11
Htr1b,0.1182,0.6099052209533065,0.7653,15.15
Ubxn2b,0.1182,0.6099052209533065,0.7653,24.75
Ap2a1,0.1182,0.6099052209533065,0.7653,153.83
1110065P20Rik,0.1169,0.6138658528020938,0.768,144.08
Slc46a3,0.1169,0.6138658528020938,0.768,1.44
Zfp668,0.1169,0.6138658528020938,0.768,6.45
Stub1,0.1169,0.6138658528020938,0.768,214.08
Gm9996,0.1169,0.6138658528020938,0.768,1.56
Ccnk,0.1169,0.6138658528020938,0.768,16.11
Celf3,0.1169,0.6138658528020938,0.768,84.94
Lgals3bp,0.1169,0.6138658528020938,0.768,26.0
Kcnip2,0.1169,0.6138658528020938,0.768,12.39
Lncpint,0.1169,0.6138658528020938,0.768,14.89
Cyfip1,0.1169,0.6138658528020938,0.768,22.98
Gm43860,0.1169,0.6138658528020938,0.768,2.0
Casc3,0.1169,0.6138658528020938,0.768,55.4
Ajap1,0.1169,0.6137511020770224,0.768,1.16
Rida,0.1169,0.6138658528020938,0.768,17.69
Tcf20,0.1169,0.6138658528020938,0.768,29.57
Osbpl7,0.1169,0.6138658528020938,0.768,11.22
Eif3d,0.1169,0.6138658528020938,0.768,44.65
Paxx,0.1169,0.6138658528020938,0.768,91.14
Acvr1c,0.1169,0.6138658528020938,0.768,2.17
Zfp335,0.1169,0.6138658528020938,0.768,11.9
Kif3c,0.1169,0.6138658528020938,0.768,176.56
Iars2,0.1169,0.6138658528020938,0.768,31.95
Pik3ap1,0.1163,0.6155180740150132,0.77,0.37
Limd1,0.1156,0.6178368603191974,0.7705,7.55
Zdhhc21,0.1156,0.6178368603191974,0.7705,126.65
Zcwpw2,0.1156,0.6178368603191974,0.7705,1.42
Rnf5,0.1156,0.6178368603191974,0.7705,108.81
Ino80b,0.1156,0.6178368603191974,0.7705,26.81
Fam168a,0.1156,0.6178368603191974,0.7705,118.03
Ube4a,0.1156,0.6178368603191974,0.7705,82.21
Arl6ip1,0.1156,0.6178368603191974,0.7705,662.87
Mir1931,0.1156,0.6178368603191974,0.7705,0.86
Tsfm,0.1156,0.6178368603191974,0.7705,28.54
Dus4l,0.1156,0.6178368603191974,0.7705,3.23
Aldh7a1,0.1156,0.6178368603191974,0.7705,22.99
Rufy1,0.1156,0.6178368603191974,0.7705,10.6
Hyal3,0.1156,0.6178368603191974,0.7705,2.6
Pdzrn4,0.1156,0.6178368603191974,0.7705,1.34
Polr1has,0.1156,0.6178368603191974,0.7705,4.13
Tmem245,0.1156,0.6178368603191974,0.7705,93.32
Hip1,0.1156,0.6178368603191974,0.7705,62.04
Mrpl10,0.1156,0.6178368603191974,0.7705,33.83
Gnl3l,0.1156,0.6178368603191974,0.7705,186.94
Pno1,0.1156,0.6178368603191974,0.7705,22.52
Mrpl19,0.1156,0.6178368603191974,0.7705,28.83
Atp5pf,0.1156,0.6178368603191974,0.7705,750.77
Hdhd3,0.1156,0.6178368603191974,0.7705,2.82
Gm37720,0.1151,0.6193234347130396,0.7723,0.98
Gm12131,0.115,0.6195470716125335,0.7725,0.32
Arhgap18,0.1144,0.6213617403211447,0.7737,0.79
Spata24,0.1143,0.6218181517971056,0.7737,4.34
Tmem87b,0.1143,0.6218181517971056,0.7737,63.42
Chordc1,0.1143,0.6218181517971056,0.7737,64.23
Nfya,0.1143,0.6218181517971056,0.7737,10.8
Zfp707,0.1143,0.6218181517971056,0.7737,5.62
Bnip3,0.1143,0.6218181517971056,0.7737,123.35
Lsm4,0.1143,0.6218181517971056,0.7737,129.29
Six4,0.1143,0.6218181517971056,0.7737,30.23
Gars1,0.1143,0.6218181517971056,0.7737,79.67
Ano3,0.1143,0.6218181517971056,0.7737,84.74
Agmo,0.1143,0.6217042032418116,0.7737,0.73
Fndc3a,0.1143,0.6218181517971056,0.7737,50.02
Prdx5,0.1143,0.6218181517971056,0.7737,310.69
Gm43896,0.1143,0.6218181517971056,0.7737,3.34
Plcxd3,0.1143,0.6218181517971056,0.7737,43.72
9530034E10Rik,0.1134,0.6246756191957163,0.7761,0.53
Tnfrsf21,0.113,0.6258096347836315,0.7761,166.39
Cd47,0.113,0.6258096347836315,0.7761,355.96
Mtmr12,0.113,0.6258096347836315,0.7761,10.55
Cst6,0.113,0.6258096347836315,0.7761,99.99
Trnp1,0.113,0.6258096347836315,0.7761,521.92
Prodh,0.113,0.6258096347836315,0.7761,2.74
Aig1,0.113,0.6258096347836315,0.7761,97.59
Wasl,0.113,0.6258096347836315,0.7761,196.18
Rpl7,0.113,0.6258096347836315,0.7761,247.8
Eif4g2,0.113,0.6258096347836315,0.7761,577.1
Gm37090,0.113,0.6258096347836315,0.7761,4.78
Gm16796,0.113,0.6258096347836315,0.7761,0.6
Ccdc12,0.113,0.6258096347836315,0.7761,55.69
Ap4b1,0.113,0.6258096347836315,0.7761,7.03
Atp7a,0.113,0.6258096347836315,0.7761,20.22
Smad7,0.113,0.6258096347836315,0.7761,12.66
Serpinb1a,0.113,0.6258096347836315,0.7761,5.15
Sbsn,0.113,0.6258096347836315,0.7761,1.22
Pabpn1,0.113,0.6258096347836315,0.7761,66.19
Gfer,0.113,0.6258096347836315,0.7761,26.21
Meak7,0.113,0.6258096347836315,0.7761,6.53
Ndufb9,0.113,0.6258096347836315,0.7761,468.6
Gm12251,0.113,0.6258096347836315,0.7761,1.29
Psg16,0.113,0.6258096347836315,0.7761,0.89
Pou6f1,0.1117,0.6298112160877903,0.7791,27.45
Mrpl3,0.1117,0.6298112160877903,0.7791,41.16
Spindoc,0.1117,0.6298112160877903,0.7791,14.41
Ndst1,0.1117,0.6298112160877903,0.7791,63.67
Ptges3l,0.1117,0.6298112160877903,0.7791,0.74
Ncstn,0.1117,0.6298112160877903,0.7791,58.05
Ssr4,0.1117,0.6298112160877903,0.7791,161.26
Trappc12,0.1117,0.6298112160877903,0.7791,29.55
Mocos,0.1117,0.6298112160877903,0.7791,2.85
4933431K14Rik,0.1117,0.6298112160877903,0.7791,2.63
Gga1,0.1117,0.6298112160877903,0.7791,54.88
Tppp,0.1117,0.6298112160877903,0.7791,40.04
Glyctk,0.1117,0.6298112160877903,0.7791,1.87
Mrpl48,0.1117,0.6298112160877903,0.7791,93.82
Rmi1,0.1117,0.6298112160877903,0.7791,14.09
Ppp4r1,0.1117,0.6298112160877903,0.7791,23.2
Eya3,0.1117,0.6298112160877903,0.7791,27.34
Rpl23a-ps2,0.1117,0.6298112160877903,0.7791,1.0
Wdr11,0.1117,0.6298112160877903,0.7791,30.62
Plbd2,0.1117,0.6298112160877903,0.7791,107.42
Arhgef25,0.1117,0.6298112160877903,0.7791,71.98
Gm42815,0.1114,0.6306970922580836,0.7801,0.64
Efna4,0.1111,0.6315855835485144,0.781,0.38
Gm37900,0.1111,0.631534057515609,0.781,0.28
Camsap2,0.1104,0.6338228017857539,0.782,93.05
Thumpd3,0.1104,0.6338228017857539,0.782,13.39
2610020C07Rik,0.1104,0.6338228017857539,0.782,1.35
Cebpz,0.1104,0.6338228017857539,0.782,34.07
Synpo,0.1104,0.6338228017857539,0.782,14.26
Gm527,0.1104,0.6338228017857539,0.782,4.15
Nedd1,0.1104,0.6338228017857539,0.782,3.71
Zfr,0.1104,0.6338228017857539,0.782,157.83
Gm43598,0.1104,0.6337119050264142,0.782,0.77
Tubb5,0.1104,0.6338228017857539,0.782,1276.52
4930532G15Rik,0.1104,0.6338228017857539,0.782,1.51
Sh3bp1,0.1104,0.6337119050264142,0.782,0.59
Appl1,0.1104,0.6338228017857539,0.782,90.15
Itch,0.1104,0.6338228017857539,0.782,51.16
Gm43122,0.1104,0.6338228017857539,0.782,1.19
Vmac,0.1104,0.6338228017857539,0.782,10.42
Phf7,0.1104,0.6338228017857539,0.782,3.89
Fgf20,0.1104,0.6339387617765185,0.7821,0.37
Farsb,0.1104,0.6338228017857539,0.782,42.33
H13,0.1104,0.6338228017857539,0.782,129.69
Zfp870,0.1104,0.6338228017857539,0.782,3.04
Gm38381,0.1098,0.6357219365889479,0.7842,1.08
Gm28959,0.1091,0.6377344359563488,0.7846,0.58
Gm47139,0.1091,0.637844297226886,0.7846,1.97
Ttll1,0.1091,0.637844297226886,0.7846,38.37
Ddx10,0.1091,0.637844297226886,0.7846,16.89
Wwox,0.1091,0.637844297226886,0.7846,27.54
Rad9a,0.1091,0.637844297226886,0.7846,8.89
Ndufa8,0.1091,0.637844297226886,0.7846,255.27
Gm29683,0.1091,0.637844297226886,0.7846,1.28
Zbtb3,0.1091,0.637844297226886,0.7846,1.37
Sh2b2,0.1091,0.637844297226886,0.7846,0.94
Gtf2h3,0.1091,0.637844297226886,0.7846,3.38
Mthfd1l,0.1091,0.637844297226886,0.7846,16.68
Gstcd,0.1091,0.637844297226886,0.7846,3.45
Tm4sf4,0.1091,0.637844297226886,0.7846,25.99
Zfp623,0.1091,0.637844297226886,0.7846,6.07
Cckbr,0.1091,0.6377344359563488,0.7846,7.91
Pign,0.1091,0.637844297226886,0.7846,6.37
Grk3,0.1091,0.637844297226886,0.7846,35.05
Abi3bp,0.1091,0.637844297226886,0.7846,1.2
Gm34655,0.1091,0.637844297226886,0.7846,0.51
Rpl8,0.1091,0.637844297226886,0.7846,795.64
Baiap2l2,0.1088,0.6387608376403423,0.7857,2.12
Zfp595,0.1085,0.6397493911755346,0.7868,1.21
Icam1,0.1079,0.6414397450686121,0.7875,0.61
Zbtb18,0.1078,0.6418756070398507,0.7875,75.77
Nudt12,0.1078,0.6418756070398507,0.7875,9.45
Hsdl2,0.1078,0.6418756070398507,0.7875,67.92
Nhlrc2,0.1078,0.6418756070398507,0.7875,11.75
D830025C05Rik,0.1078,0.6418756070398507,0.7875,2.28
Maoa,0.1078,0.6418756070398507,0.7875,92.11
A530072M11Rik,0.1078,0.6418756070398507,0.7875,1.23
Ankrd28,0.1078,0.6418756070398507,0.7875,15.85
Cldn9,0.1078,0.6418756070398507,0.7875,4.59
B230354K17Rik,0.1078,0.6418756070398507,0.7875,17.49
Casz1,0.1078,0.6418756070398507,0.7875,66.29
Gm19705,0.1078,0.6418756070398507,0.7875,1.42
Zfp830,0.1078,0.6418756070398507,0.7875,5.56
Tefm,0.1078,0.6418756070398507,0.7875,3.55
Lsr,0.1072,0.6437425291458803,0.7897,0.8
2610017A05Rik,0.1069,0.6448030341938726,0.7903,0.27
Plcb4,0.1065,0.6459166351388025,0.7903,80.84
AA914427,0.1065,0.6459166351388025,0.7903,1.01
Zfp709,0.1065,0.6459166351388025,0.7903,3.95
Gtf2e1,0.1065,0.6459166351388025,0.7903,22.85
Grcc10,0.1065,0.6459166351388025,0.7903,153.86
Api5,0.1065,0.6459166351388025,0.7903,44.45
2310039H08Rik,0.1065,0.6459166351388025,0.7903,18.21
Derl1,0.1065,0.6459166351388025,0.7903,91.25
Rin1,0.1065,0.6459166351388025,0.7903,0.89
Prr14l,0.1065,0.6459166351388025,0.7903,16.98
Espl1,0.1065,0.6458088717432676,0.7903,0.56
Cntrob,0.1065,0.6459166351388025,0.7903,6.45
Npr2,0.1065,0.6459166351388025,0.7903,76.89
Slc35b2,0.1065,0.6459166351388025,0.7903,26.57
Ctnnb1,0.1065,0.6459166351388025,0.7903,253.05
Atp6v1e1,0.1065,0.6459166351388025,0.7903,313.63
Runx1t1,0.1065,0.6459166351388025,0.7903,41.71
Acvrl1,0.1065,0.6458088717432676,0.7903,0.63
Nt5c,0.1065,0.6459166351388025,0.7903,67.45
Arid1a,0.1065,0.6459166351388025,0.7903,134.7
Lmo3,0.1055,0.6490390810762651,0.7926,0.64
Gm45378,0.1053,0.6495398948422368,0.7926,0.53
Pear1,0.1053,0.6495398948422368,0.7926,0.54
Dnajc5,0.1052,0.6499672847296488,0.7926,272.54
Mgat2,0.1052,0.6499672847296488,0.7926,43.54
4930431P19Rik,0.1052,0.6499672847296488,0.7926,4.26
A830035O19Rik,0.1052,0.6498605835705255,0.7926,0.76
Tmem177,0.1052,0.6499672847296488,0.7926,7.32
Ptbp2,0.1052,0.6499672847296488,0.7926,127.54
Micos13,0.1052,0.6499672847296488,0.7926,186.34
Gm45447,0.1052,0.6499672847296488,0.7926,2.4
Gdpgp1,0.1052,0.6499672847296488,0.7926,3.95
4732440D04Rik,0.1052,0.6499672847296488,0.7926,7.14
Kcnb1,0.1052,0.6499672847296488,0.7926,105.85
1700008J07Rik,0.1052,0.6499672847296488,0.7926,2.16
Tank,0.1052,0.6499672847296488,0.7926,16.58
Smg6,0.1052,0.6499672847296488,0.7926,23.68
Pdzrn3,0.1052,0.6499672847296488,0.7926,2.26
Rbm12,0.1052,0.6499672847296488,0.7926,13.55
Atp8b3,0.1052,0.6499672847296488,0.7926,4.69
Trmt12,0.1052,0.6499672847296488,0.7926,4.95
Ppp1r15a,0.1052,0.6499672847296488,0.7926,50.14
Ppara,0.1052,0.6499672847296488,0.7926,1.06
Gm9531,0.1046,0.6518900203947848,0.7948,0.84
S100a7a,0.1042,0.6529667907906075,0.7957,0.87
Rabgef1,0.1039,0.6540274583163918,0.7957,24.49
Kin,0.1039,0.6540274583163918,0.7957,8.74
6820431F20Rik,0.1039,0.6540274583163918,0.7957,131.1
A430110C17Rik,0.1039,0.6540274583163918,0.7957,0.77
Abcb1b,0.1039,0.6540274583163918,0.7957,4.56
Gm38200,0.1039,0.6540274583163918,0.7957,1.18
Chpt1,0.1039,0.6540274583163918,0.7957,29.53
Rnft1,0.1039,0.6540274583163918,0.7957,5.07
Ssbp4,0.1039,0.6540274583163918,0.7957,47.69
Notch2,0.1039,0.6540274583163918,0.7957,3.48
Pcdha11,0.1039,0.6540274583163918,0.7957,1.89
Hpcal4,0.1039,0.6540274583163918,0.7957,34.27
Dact3,0.1039,0.6540274583163918,0.7957,26.99
Isg20l2,0.1039,0.6540274583163918,0.7957,5.95
Plxnd1,0.1039,0.6540274583163918,0.7957,13.14
Mkln1,0.1039,0.6540274583163918,0.7957,98.92
Gm43322,0.1039,0.6540274583163918,0.7957,23.85
Tatdn3,0.1039,0.6540274583163918,0.7957,13.53
Pcdhga7,0.1039,0.6540274583163918,0.7957,0.66
Col4a4,0.1033,0.6559559945546692,0.7978,0.86
Npr3,0.1032,0.6562317322178188,0.7979,0.87
Gm52989,0.1027,0.657678280450702,0.7979,0.53
Gm16378,0.1026,0.6580970577075416,0.7979,1.0
Mbd1,0.1026,0.6580970577075416,0.7979,24.4
Baz2a,0.1026,0.6580970577075416,0.7979,34.57
Fbxw8,0.1026,0.6580970577075416,0.7979,59.31
Babam2,0.1026,0.6580970577075416,0.7979,24.59
Pdss1,0.1026,0.6580970577075416,0.7979,5.41
Tmem60,0.1026,0.6580970577075416,0.7979,69.68
Gm42989,0.1026,0.6579925072364576,0.7979,0.62
Rps10-ps2,0.1026,0.6580970577075416,0.7979,10.56
Ero1b,0.1026,0.6580970577075416,0.7979,11.86
Dynll2,0.1026,0.6580970577075416,0.7979,900.48
Lrrc14,0.1026,0.6580970577075416,0.7979,32.66
Scg3,0.1026,0.6580970577075416,0.7979,147.99
Aldh4a1,0.1026,0.6580970577075416,0.7979,10.92
Lrch3,0.1026,0.6580970577075416,0.7979,17.74
Ddx1,0.1026,0.6580970577075416,0.7979,57.89
Pak4,0.1026,0.6580970577075416,0.7979,4.15
Imp4,0.1026,0.6580970577075416,0.7979,15.63
Gm43437,0.1026,0.6580970577075416,0.7979,2.2
Cd52,0.1026,0.6580970577075416,0.7979,1.15
Idh3a,0.1026,0.6580970577075416,0.7979,151.62
Aars2,0.1026,0.6580970577075416,0.7979,15.09
4930413G21Rik,0.1014,0.6617615650059866,0.8008,0.59
Ddrgk1,0.1013,0.6621759840226068,0.8008,67.7
Ahctf1,0.1013,0.6621759840226068,0.8008,15.89
Rpl18,0.1013,0.6621759840226068,0.8008,376.99
Saxo2,0.1013,0.6621759840226068,0.8008,19.53
Pcdh19,0.1013,0.6621759840226068,0.8008,16.41
Pafah1b2,0.1013,0.6621759840226068,0.8008,230.36
Fam50a,0.1013,0.6621759840226068,0.8008,15.87
Fancg,0.1013,0.6621759840226068,0.8008,11.75
Ctsd,0.1013,0.6621759840226068,0.8008,539.96
Abca3,0.1013,0.6621759840226068,0.8008,99.03
Shpk,0.1013,0.6621759840226068,0.8008,5.81
Micu2,0.1013,0.6621759840226068,0.8008,13.08
Scd2,0.1013,0.6621759840226068,0.8008,1326.77
Bnip1,0.1013,0.6621759840226068,0.8008,14.64
Gm40466,0.1013,0.6621759840226068,0.8008,2.6
Ubxn11,0.1013,0.6621759840226068,0.8008,2.26
Rpl26,0.1013,0.6621759840226068,0.8008,957.53
Khk,0.1013,0.6621759840226068,0.8008,25.64
Tfg,0.1013,0.6621759840226068,0.8008,53.56
Srgn,0.1007,0.6641159988647739,0.8029,1.48
4930417H01Rik,0.1007,0.6641159988647739,0.8029,0.78
Krt76,0.1001,0.6658541111143043,0.8037,1.29
B230317F23Rik,0.1,0.6662641376986583,0.8037,1.13
Prune1,0.1,0.6662641376986583,0.8037,48.85
Vstm2l,0.1,0.6662641376986583,0.8037,220.01
Ubtd2,0.1,0.6662641376986583,0.8037,3.37
N4bp2,0.1,0.6662641376986583,0.8037,7.26
Pex10,0.1,0.6662641376986583,0.8037,4.57
Ap3s2,0.1,0.6662641376986583,0.8037,82.85
Gm15445,0.1,0.6662641376986583,0.8037,0.84
Pigz,0.1,0.6662641376986583,0.8037,14.45
Gm10544,0.1,0.6662641376986583,0.8037,1.18
Samd4b,0.1,0.6662641376986583,0.8037,61.79
Ndufa4,0.1,0.6662641376986583,0.8037,1432.93
Tomm6os,0.1,0.6662641376986583,0.8037,1.94
Rps25,0.1,0.6662641376986583,0.8037,303.19
Slc19a1,0.0987,0.6703614184969643,0.807,17.6
Med12,0.0987,0.6703614184969643,0.807,1.06
Pfas,0.0987,0.6703614184969643,0.807,5.15
Haus6,0.0987,0.6703614184969643,0.807,9.44
Cntn4,0.0987,0.6703614184969643,0.807,5.3
Sorcs1,0.0987,0.6703614184969643,0.807,21.76
Morc2b,0.0987,0.6703614184969643,0.807,1.24
Mapkapk5,0.0987,0.6703614184969643,0.807,3.88
Gar1,0.0987,0.6703614184969643,0.807,21.34
Map2k2,0.0987,0.6703614184969643,0.807,111.87
Stag1,0.0987,0.6703614184969643,0.807,19.65
Gm44401,0.0987,0.6703614184969643,0.807,0.99
Degs1,0.0987,0.6703614184969643,0.807,205.19
Dnah1,0.0979,0.6729830805272088,0.81,1.12
Cfap251,0.0975,0.6740665850670668,0.81,0.79
Mrps7,0.0974,0.6744677255097002,0.81,56.34
Vgf,0.0974,0.6744677255097002,0.81,117.17
Abhd14b,0.0974,0.6744677255097002,0.81,29.38
4833412C15Rik,0.0974,0.6744677255097002,0.81,5.84
Ddx55,0.0974,0.6744677255097002,0.81,16.74
Uba52-ps,0.0974,0.6744677255097002,0.81,1.74
Phlda1,0.0974,0.6744677255097002,0.81,54.81
Gm43886,0.0974,0.6744677255097002,0.81,1.52
Med4,0.0974,0.6744677255097002,0.81,20.29
Slc2a3,0.0974,0.6744677255097002,0.81,97.86
Rassf6,0.0974,0.6744677255097002,0.81,1.95
Nono,0.0974,0.6744677255097002,0.81,108.31
Clta,0.0974,0.6744677255097002,0.81,419.1
Hgsnat,0.0974,0.6744677255097002,0.81,37.07
Lcp1,0.0974,0.6744677255097002,0.81,16.17
C230096K16Rik,0.0974,0.6744677255097002,0.81,2.17
Gm7008,0.0974,0.6744677255097002,0.81,2.16
Lat,0.0968,0.6764246456173111,0.8122,0.48
Glis3,0.0967,0.6765849282954811,0.8124,0.42
Hoxaas3,0.0962,0.6781863097736901,0.8128,0.78
Zbtb39,0.0961,0.6785829571667291,0.8128,4.32
Cygb,0.0961,0.6785829571667291,0.8128,174.79
Gm43154,0.0961,0.6785829571667291,0.8128,1.77
Nudt11,0.0961,0.6785829571667291,0.8128,39.69
Cul5,0.0961,0.6785829571667291,0.8128,47.44
Elovl2,0.0961,0.6785829571667291,0.8128,2.33
Mapk8ip3,0.0961,0.6785829571667291,0.8128,272.29
B9d2,0.0961,0.6785829571667291,0.8128,14.55
Chtf8,0.0961,0.6785829571667291,0.8128,1.22
Pkn2,0.0961,0.6785829571667291,0.8128,46.23
Togaram1,0.0961,0.6785829571667291,0.8128,36.59
Rassf2,0.0961,0.6785829571667291,0.8128,3.72
Smim26,0.0961,0.6785829571667291,0.8128,95.23
Zfp451,0.0961,0.6785829571667291,0.8128,70.02
Gm15706,0.0961,0.6785829571667291,0.8128,9.32
Kcnt1,0.0961,0.6785829571667291,0.8128,34.5
Cemip2,0.0961,0.6785829571667291,0.8128,42.59
Ppp1r7,0.0961,0.6785829571667291,0.8128,53.84
Clrn2,0.0949,0.68231488977141,0.8159,2.07
Pycard,0.0948,0.6827070112424533,0.8159,2.63
Spryd3,0.0948,0.6827070112424533,0.8159,116.94
Csf1,0.0948,0.6827070112424533,0.8159,17.23
Tyrobp,0.0948,0.6827070112424533,0.8159,2.22
Fbh1,0.0948,0.6827070112424533,0.8159,39.1
Txnrd3,0.0948,0.6827070112424533,0.8159,11.77
Dnmbp,0.0948,0.6827070112424533,0.8159,6.09
Kdm4d,0.0948,0.6826091168371505,0.8159,0.63
Ccdc160,0.0948,0.6827070112424533,0.8159,2.25
Lipt1,0.0948,0.6827070112424533,0.8159,1.53
Timm44,0.0948,0.6827070112424533,0.8159,29.13
Stk26,0.0948,0.6827070112424533,0.8159,4.07
Rnf8,0.0948,0.6827070112424533,0.8159,56.7
Nthl1,0.0948,0.6827070112424533,0.8159,3.48
Irak4,0.0948,0.6827070112424533,0.8159,1.37
Gm37138,0.0948,0.6827070112424533,0.8159,11.92
Tmem132b,0.0948,0.6827070112424533,0.8159,3.32
Ffar3,0.0942,0.6846749882665739,0.8182,2.53
Fgf5,0.0938,0.6858681731766707,0.8188,0.51
Zfp143,0.0935,0.6868397848627374,0.8188,5.73
Hoxb6,0.0935,0.6868397848627374,0.8188,62.52
Pwp2,0.0935,0.6868397848627374,0.8188,12.64
Upp2,0.0935,0.6868397848627374,0.8188,23.92
Gabbr1,0.0935,0.6868397848627374,0.8188,364.57
Dynlt1f,0.0935,0.6868397848627374,0.8188,6.2
Zfp39,0.0935,0.6868397848627374,0.8188,2.16
Amer3,0.0935,0.6868397848627374,0.8188,15.67
St6galnac6,0.0935,0.6868397848627374,0.8188,47.82
Nsd1,0.0935,0.6868397848627374,0.8188,61.27
Rpap1,0.0935,0.6868397848627374,0.8188,20.19
Hsd11b1,0.0935,0.6868397848627374,0.8188,2.76
Syt5,0.0935,0.6868397848627374,0.8188,38.01
Rps14,0.0935,0.6868397848627374,0.8188,1221.68
Mrps12,0.0935,0.6868397848627374,0.8188,151.82
Rpl3,0.0935,0.6868397848627374,0.8188,1283.17
Tpt1-ps3,0.0935,0.6868397848627374,0.8188,7.15
Cd300a,0.0935,0.6868397848627374,0.8188,0.42
Cad,0.0935,0.6868397848627374,0.8188,6.63
BC037704,0.0935,0.6868397848627374,0.8188,1.53
D630036H23Rik,0.0923,0.6905982021374572,0.8216,0.58
Gm17334,0.0922,0.6909811745118993,0.8216,1.57
B4galt7,0.0922,0.6909811745118993,0.8216,11.13
Chrm3,0.0922,0.6909811745118993,0.8216,24.56
Rnf138,0.0922,0.6909811745118993,0.8216,14.37
Gm3248,0.0922,0.6909811745118993,0.8216,2.92
Rab24,0.0922,0.6909811745118993,0.8216,91.41
Gm56053,0.0922,0.6909811745118993,0.8216,1.77
Ckap4,0.0922,0.6909811745118993,0.8216,56.95
Ptprn2,0.0922,0.6909811745118993,0.8216,8.84
Mepce,0.0922,0.6909811745118993,0.8216,25.69
4930579K19Rik,0.0922,0.6909811745118993,0.8216,1.74
Stk35,0.0922,0.6909811745118993,0.8216,15.1
Slc39a7,0.0922,0.6909811745118993,0.8216,1.75
Ssbp1,0.0922,0.6909811745118993,0.8216,40.41
Plcxd1,0.0922,0.6909811745118993,0.8216,1.93
Ndufb2,0.0922,0.6909811745118993,0.8216,381.39
Gm43267,0.0916,0.6929600340281467,0.8239,0.63
Gm38357,0.091,0.6947527261476362,0.8246,0.52
1700001G11Rik,0.0909,0.6951310760397715,0.8246,1.44
Top1,0.0909,0.6951310760397715,0.8246,104.63
Pck2,0.0909,0.6951310760397715,0.8246,35.13
Rhbdf1,0.0909,0.6951310760397715,0.8246,5.37
Cdkn2aipnl,0.0909,0.6951310760397715,0.8246,38.13
Mthfd2,0.0909,0.6951310760397715,0.8246,56.78
Itga7,0.0909,0.6951310760397715,0.8246,30.41
Rrm2b,0.0909,0.6951310760397715,0.8246,48.74
Mok,0.0909,0.6951310760397715,0.8246,3.99
Hey1,0.0909,0.6951310760397715,0.8246,34.54
Mapk10,0.0909,0.6951310760397715,0.8246,131.66
Cyb561d2,0.0909,0.6951310760397715,0.8246,41.79
Brcc3,0.0909,0.6951310760397715,0.8246,38.77
Glmn,0.0909,0.6951310760397715,0.8246,7.68
Ppp1r15b,0.0909,0.6951310760397715,0.8246,22.7
Dpy19l1,0.0909,0.6951310760397715,0.8246,22.55
Cct4,0.0909,0.6951310760397715,0.8246,77.75
Gm45114,0.0909,0.6951310760397715,0.8246,2.77
Gm45185,0.0903,0.6971153103833312,0.8268,0.51
Sctr,0.0903,0.6971153103833312,0.8268,10.65
Gm50232,0.0902,0.6974068656083993,0.827,0.42
Il10ra,0.0899,0.6983525261254853,0.8271,0.42
Gm10366,0.0899,0.6983525261254853,0.8271,0.47
Tdrd6,0.0897,0.698915688746886,0.8271,0.86
Plekhd1os,0.0897,0.698915688746886,0.8271,1.18
4632404H12Rik,0.0896,0.6992893846688304,0.8271,2.64
Ift43,0.0896,0.6992893846688304,0.8271,18.39
Snrpd1,0.0896,0.6992893846688304,0.8271,98.43
Rab11fip1,0.0896,0.6992893846688304,0.8271,2.18
Ndn,0.0896,0.6992893846688304,0.8271,282.96
Sike1,0.0896,0.6992893846688304,0.8271,43.49
Gm48062,0.0896,0.6992893846688304,0.8271,1.09
E2f2,0.0896,0.6992893846688304,0.8271,6.49
Yme1l1,0.0896,0.6992893846688304,0.8271,66.45
Urgcp,0.0896,0.6992893846688304,0.8271,44.39
Rufy2,0.0896,0.6992893846688304,0.8271,71.08
Adk,0.0896,0.6992893846688304,0.8271,51.54
Hltf,0.0896,0.6992893846688304,0.8271,15.38
Pex16,0.0896,0.6992893846688304,0.8271,25.24
Wdr31,0.0896,0.6992893846688304,0.8271,2.01
Gm31166,0.0896,0.6992893846688304,0.8271,0.74
Idnk,0.0896,0.6992893846688304,0.8271,97.13
Nsd3,0.0896,0.6992893846688304,0.8271,67.19
Ttll13,0.0896,0.6992893846688304,0.8271,1.34
Lrrc41,0.0883,0.7034559950013928,0.8305,45.74
Picalm,0.0883,0.7034559950013928,0.8305,98.23
Tmem147os,0.0883,0.7034559950013928,0.8305,8.96
Scaf4,0.0883,0.7034559950013928,0.8305,11.27
Cnot6,0.0883,0.7034559950013928,0.8305,39.52
Tcf25,0.0883,0.7034559950013928,0.8305,588.84
Snrpc,0.0883,0.7034559950013928,0.8305,40.72
Bloc1s1,0.0883,0.7034559950013928,0.8305,59.63
Psmd5,0.0883,0.7034559950013928,0.8305,39.06
Dnajc30,0.0883,0.7034559950013928,0.8305,33.56
Zfp446,0.0883,0.7034559950013928,0.8305,6.4
Poc1b,0.0883,0.7034559950013928,0.8305,6.81
Rtn2,0.0883,0.7034559950013928,0.8305,101.18
Slc22a23,0.0883,0.7034559950013928,0.8305,25.91
Ndufs7,0.0883,0.7034559950013928,0.8305,238.24
Zfp1001,0.0877,0.705450844165579,0.8328,0.79
Irag1,0.0871,0.7072665060812348,0.8338,0.87
Zmym5,0.087,0.7076308010268806,0.8338,43.66
A130010J15Rik,0.087,0.7076308010268806,0.8338,11.84
Spag4,0.087,0.7076308010268806,0.8338,4.03
Gm42937,0.087,0.7076308010268806,0.8338,2.42
Cspp1,0.087,0.7076308010268806,0.8338,26.57
AK157302,0.087,0.7076308010268806,0.8338,2.05
Nsg1,0.087,0.7076308010268806,0.8338,191.32
Trpm4,0.087,0.7076308010268806,0.8338,19.05
Med13,0.087,0.7076308010268806,0.8338,34.94
3000002C10Rik,0.087,0.7076308010268806,0.8338,1.47
Ice1,0.087,0.7076308010268806,0.8338,35.73
Gm48442,0.087,0.7076308010268806,0.8338,0.59
Gm36955,0.0864,0.7096308893937826,0.836,0.46
Trpm8,0.0862,0.7102568562419098,0.8366,0.41
Coch,0.0858,0.7114541474661478,0.8367,2.37
Gm8292,0.0858,0.7114541474661478,0.8367,0.53
AI597479,0.0857,0.7118136961291482,0.8367,21.94
Cdk5rap1,0.0857,0.7118136961291482,0.8367,3.49
1500015A07Rik,0.0857,0.7118136961291482,0.8367,5.4
Arfgef1,0.0857,0.7118136961291482,0.8367,100.32
Arih1,0.0857,0.7118136961291482,0.8367,79.79
Usp18,0.0857,0.7118136961291482,0.8367,1.4
Gfra2,0.0857,0.7118136961291482,0.8367,60.43
Rps18,0.0857,0.7118136961291482,0.8367,891.55
Gm45809,0.0857,0.7118136961291482,0.8367,28.28
Slc9a5,0.0857,0.7118136961291482,0.8367,12.74
Elp4,0.0857,0.7118136961291482,0.8367,7.82
Pomt1,0.0857,0.7118136961291482,0.8367,6.84
Polr3gl,0.0857,0.7118136961291482,0.8367,28.17
Cpt1c,0.0857,0.7118136961291482,0.8367,41.79
Tomm70a,0.0857,0.7118136961291482,0.8367,209.1
Kl,0.0853,0.7130127180763979,0.8381,0.62
Pik3c2g,0.0852,0.7134556134079425,0.8385,0.34
Extl1,0.085,0.7142173094118972,0.8393,0.6
Fcrlb,0.0845,0.7156498007545687,0.8393,0.49
Gm48887,0.0844,0.7160045730938804,0.8393,1.51
Kcnb2,0.0844,0.7160045730938804,0.8393,330.86
Chm,0.0844,0.7160045730938804,0.8393,31.44
Cep85,0.0844,0.7160045730938804,0.8393,17.52
Fam151b,0.0844,0.7160045730938804,0.8393,1.18
Kcnq5,0.0844,0.7160045730938804,0.8393,6.66
Zzef1,0.0844,0.7160045730938804,0.8393,60.37
Pyroxd1,0.0844,0.7160045730938804,0.8393,5.54
Rufy3,0.0844,0.7160045730938804,0.8393,484.7
Mitd1,0.0844,0.7160045730938804,0.8393,13.39
Pim2,0.0844,0.7160045730938804,0.8393,23.01
Gstt3,0.0844,0.715916004413026,0.8393,0.95
B230319C09Rik,0.0844,0.7160045730938804,0.8393,0.77
Basp1,0.0844,0.7160045730938804,0.8393,714.54
Rps27rt,0.0844,0.7160045730938804,0.8393,10.55
Bambi-ps1,0.0844,0.715916004413026,0.8393,0.63
Sprr1a,0.0844,0.7160045730938804,0.8393,107.94
Esr2,0.084,0.7172195540514619,0.8406,0.37
Gpr88,0.0839,0.7178233762132494,0.8413,1.11
Gm45169,0.0837,0.718440254529267,0.8417,0.53
C3,0.0832,0.7198533577703352,0.8417,0.64
Nfe2l3,0.0831,0.7202033241160488,0.8417,2.16
Islr2,0.0831,0.7202033241160488,0.8417,6.09
Git2,0.0831,0.7202033241160488,0.8417,37.5
Mrpl43,0.0831,0.7202033241160488,0.8417,86.08
Gm29650,0.0831,0.7202033241160488,0.8417,3.38
Mettl1,0.0831,0.7202033241160488,0.8417,23.19
Ap2b1,0.0831,0.7202033241160488,0.8417,257.87
Cdk19,0.0831,0.7202033241160488,0.8417,10.41
Nxpe4,0.0831,0.7202033241160488,0.8417,4.64
Chst12,0.0831,0.7202033241160488,0.8417,24.87
Trappc2,0.0831,0.7202033241160488,0.8417,86.26
Haus7,0.0831,0.7202033241160488,0.8417,7.82
Hoxc4,0.0831,0.7202033241160488,0.8417,18.48
Ttc38,0.0831,0.7202033241160488,0.8417,11.46
Tom1,0.0831,0.7202033241160488,0.8417,57.6
Rel,0.0831,0.7202033241160488,0.8417,8.02
Spmip6,0.0831,0.7202033241160488,0.8417,1.11
Slc43a2,0.0831,0.7202033241160488,0.8417,66.48
Kdsr,0.0831,0.7202033241160488,0.8417,58.34
Ccdc59,0.0831,0.7202033241160488,0.8417,29.46
Gm7072,0.0831,0.7202033241160488,0.8417,10.08
Gm10754,0.0825,0.7223138992468274,0.8441,0.49
Gm43398,0.0825,0.7222188525747494,0.844,5.63
Ccdc68,0.0819,0.7240647097504131,0.8447,0.62
Cdk20,0.0818,0.7244098408074375,0.8447,6.52
Mettl3,0.0818,0.7244098408074375,0.8447,8.92
Mamld1,0.0818,0.7244098408074375,0.8447,27.49
mt-Rnr1,0.0818,0.7244098408074375,0.8447,509.27
1700028K03Rik,0.0818,0.7244098408074375,0.8447,0.91
Tmed3,0.0818,0.7244098408074375,0.8447,55.97
4931414P19Rik,0.0818,0.7244098408074375,0.8447,1.9
3110080E11Rik,0.0818,0.7244098408074375,0.8447,6.94
Tcn2,0.0818,0.7244098408074375,0.8447,12.38
Irf9,0.0818,0.7244098408074375,0.8447,15.87
Frmpd4,0.0818,0.7244098408074375,0.8447,78.87
Eif3f,0.0818,0.7244098408074375,0.8447,433.52
Nudt18,0.0818,0.7244098408074375,0.8447,37.97
Esd,0.0818,0.7244098408074375,0.8447,109.15
Ehmt2,0.0818,0.7244098408074375,0.8447,42.34
Pccb,0.0818,0.7244098408074375,0.8447,35.73
Gm9385,0.0818,0.7244098408074375,0.8447,17.85
Lct,0.0813,0.7260425406582917,0.8464,0.6
Dynlt1c,0.0812,0.7264304221727108,0.8468,2.21
Otop3,0.0806,0.7282837473525259,0.8475,1.66
Cdca7,0.0806,0.7282837473525259,0.8475,1.17
Pum2,0.0805,0.7286240142042282,0.8475,116.21
Oaz1,0.0805,0.7286240142042282,0.8475,1389.79
Fam3a,0.0805,0.7286240142042282,0.8475,20.01
Tmem19,0.0805,0.7286240142042282,0.8475,30.49
Ndufa5,0.0805,0.7286240142042282,0.8475,464.28
Ss18,0.0805,0.7286240142042282,0.8475,8.57
Amacr,0.0805,0.7286240142042282,0.8475,10.11
Zdhhc6,0.0805,0.7286240142042282,0.8475,19.55
Cyp4f13,0.0805,0.7286240142042282,0.8475,8.99
Banp,0.0805,0.7286240142042282,0.8475,20.55
Cluap1,0.0805,0.7286240142042282,0.8475,8.37
Nhlrc1,0.0805,0.7286240142042282,0.8475,11.84
Slc16a3,0.0805,0.7286240142042282,0.8475,14.65
Mettl5,0.0805,0.7286240142042282,0.8475,12.8
Trnt1,0.0805,0.7286240142042282,0.8475,25.85
Nosip,0.0805,0.7286240142042282,0.8475,27.16
Lrrc4c,0.0805,0.7286240142042282,0.8475,20.79
Rps23,0.0805,0.7286240142042282,0.8475,896.49
Trp53inp1,0.0792,0.7328457347746481,0.8499,14.26
Fktn,0.0792,0.7328457347746481,0.8499,49.71
Hoxa4,0.0792,0.7328457347746481,0.8499,3.33
Trmt10c,0.0792,0.7328457347746481,0.8499,7.17
Plgrkt,0.0792,0.7328457347746481,0.8499,14.05
Skic8,0.0792,0.7328457347746481,0.8499,26.83
Pfdn2,0.0792,0.7328457347746481,0.8499,356.88
Zfp324,0.0792,0.7328457347746481,0.8499,4.49
Ndc1,0.0792,0.7328457347746481,0.8499,21.82
Zfp661,0.0792,0.7328457347746481,0.8499,2.43
Ext1,0.0792,0.7328457347746481,0.8499,18.29
Naaa,0.0792,0.7328457347746481,0.8499,21.89
Sned1,0.0792,0.7328457347746481,0.8499,1.6
Creb3,0.0792,0.7328457347746481,0.8499,23.71
9430091E24Rik,0.0792,0.7328457347746481,0.8499,1.05
Glce,0.0792,0.7328457347746481,0.8499,44.49
Gm42972,0.0792,0.7328457347746481,0.8499,13.75
Msantd4,0.0792,0.7328457347746481,0.8499,74.24
Exoc2,0.0792,0.7328457347746481,0.8499,38.06
Postn,0.0792,0.7328457347746481,0.8499,3.98
Blvra,0.0792,0.7328457347746481,0.8499,15.85
Pate13,0.0784,0.7354100633598206,0.8528,0.43
Gm7331,0.078,0.7367444392037675,0.8528,0.67
Gm37558,0.0779,0.7370748924266822,0.8528,2.89
A430027H14Rik,0.0779,0.7370748924266822,0.8528,3.73
Pbdc1,0.0779,0.7370748924266822,0.8528,29.08
Platr25,0.0779,0.7370748924266822,0.8528,7.87
Nif3l1,0.0779,0.7370748924266822,0.8528,11.97
Kpnb1,0.0779,0.7370748924266822,0.8528,100.95
Pds5b,0.0779,0.7370748924266822,0.8528,46.51
Dars1,0.0779,0.7370748924266822,0.8528,22.56
Slc2a6,0.0779,0.7370748924266822,0.8528,21.22
Eif3a,0.0779,0.7370748924266822,0.8528,157.61
Patj,0.0779,0.7370748924266822,0.8528,4.04
Slc16a11,0.0779,0.7370748924266822,0.8528,5.92
Cd14,0.0775,0.7383699426829441,0.8542,0.81
Foxp2,0.0775,0.7383699426829441,0.8542,0.62
Gm47936,0.0773,0.7391103458227165,0.855,0.58
Proscos,0.0766,0.7413113765158404,0.8557,5.37
Cbr1,0.0766,0.7413113765158404,0.8557,42.13
Cdc14a,0.0766,0.7412301153711411,0.8557,3.22
Mad2l1,0.0766,0.7413113765158404,0.8557,4.98
Elmo1,0.0766,0.7413113765158404,0.8557,118.84
Cdca4,0.0766,0.7413113765158404,0.8557,5.1
B430203G13Rik,0.0766,0.7413113765158404,0.8557,0.7
Zfp296,0.0766,0.7413113765158404,0.8557,2.16
Arhgef28,0.0766,0.7413113765158404,0.8557,23.95
Snx2,0.0766,0.7413113765158404,0.8557,41.41
Gask1a,0.0766,0.7412301153711411,0.8557,0.99
Rhot1,0.0766,0.7413113765158404,0.8557,54.17
Gm30285,0.0766,0.7413113765158404,0.8557,0.52
4930563E22Rik,0.0766,0.7413113765158404,0.8557,9.59
Psmc5,0.0753,0.7455550758529896,0.8586,189.49
Pcdhb4,0.0753,0.7455550758529896,0.8586,1.63
2810025M15Rik,0.0753,0.7455550758529896,0.8586,25.23
Lzts2,0.0753,0.7455550758529896,0.8586,24.58
Copz2,0.0753,0.7455550758529896,0.8586,19.2
Snapc2,0.0753,0.7455550758529896,0.8586,18.38
Nsmce4a,0.0753,0.7455550758529896,0.8586,28.53
Wnt9a,0.0753,0.7455550758529896,0.8586,8.46
Rfc4,0.0753,0.7455550758529896,0.8586,2.82
Ophn1,0.0753,0.7455550758529896,0.8586,24.66
5430434F05Rik,0.0753,0.7455550758529896,0.8586,0.99
Gm26549,0.0753,0.7455550758529896,0.8586,1.17
Bex4,0.0753,0.7455550758529896,0.8586,57.63
Zfp28,0.0753,0.7455550758529896,0.8586,3.87
Odad3,0.0741,0.7494903531415749,0.8612,0.57
Ppp6r1,0.074,0.7498058787122429,0.8612,38.5
Eya2,0.074,0.7498058787122429,0.8612,1.73
Fbxl15,0.074,0.7498058787122429,0.8612,26.68
Garin5a,0.074,0.7498058787122429,0.8612,12.75
5530601H04Rik,0.074,0.7498058787122429,0.8612,15.69
Prorp,0.074,0.7498058787122429,0.8612,4.7
Pdlim5,0.074,0.7498058787122429,0.8612,34.42
Sptbn1,0.074,0.7498058787122429,0.8612,623.76
Gabbr2,0.074,0.7498058787122429,0.8612,58.14
Rasl10a,0.074,0.7498058787122429,0.8612,6.39
Mcmbp,0.074,0.7498058787122429,0.8612,15.97
Sccpdh,0.074,0.7498058787122429,0.8612,137.58
Tpbgl,0.074,0.7498058787122429,0.8612,63.04
Fcho2,0.074,0.7498058787122429,0.8612,22.17
Naa50,0.074,0.7498058787122429,0.8612,58.79
Nabp2,0.074,0.7498058787122429,0.8612,72.9
Gm17494,0.074,0.7498058787122429,0.8612,3.5
Gm44897,0.0728,0.753753176827661,0.8636,0.68
Otub2,0.0727,0.7540636728389067,0.8636,10.29
Gm6402,0.0727,0.7540636728389067,0.8636,1.56
Ruvbl2,0.0727,0.7540636728389067,0.8636,8.84
Gm45484,0.0727,0.7540636728389067,0.8636,1.04
Sema3c,0.0727,0.7540636728389067,0.8636,103.07
Aldh1l2,0.0727,0.7540636728389067,0.8636,1.54
Rps6-ps4,0.0727,0.7540636728389067,0.8636,11.21
Galnt10,0.0727,0.7540636728389067,0.8636,5.61
Gm49207,0.0727,0.7540636728389067,0.8636,0.76
Zfp809,0.0727,0.7540636728389067,0.8636,3.76
Tbrg4,0.0727,0.7540636728389067,0.8636,11.35
Gm5124,0.0727,0.7540636728389067,0.8636,18.75
Trmt10a,0.0727,0.7540636728389067,0.8636,16.94
Mir6236,0.0727,0.7540636728389067,0.8636,2.14
Snai2,0.0727,0.7540636728389067,0.8636,3.87
Rnmt,0.0727,0.7540636728389067,0.8636,43.46
Tspyl5,0.0727,0.7540636728389067,0.8636,14.51
Dnajb6,0.0727,0.7540636728389067,0.8636,178.86
Rpl10,0.0727,0.7540636728389067,0.8636,941.7
Gm4204,0.0727,0.7540636728389067,0.8636,4.1
Pdk3,0.0727,0.7540636728389067,0.8636,20.43
Pdcl3,0.0727,0.7540636728389067,0.8636,80.31
Dcaf4,0.0727,0.7540636728389067,0.8636,9.06
Tmem135,0.0727,0.7540636728389067,0.8636,56.84
C9orf72,0.0727,0.7540636728389067,0.8636,43.45
Ssu2,0.0723,0.7556158234424275,0.8652,0.91
Gm9857,0.0723,0.7556158234424275,0.8652,0.5
Cldn1,0.0721,0.7561182727979257,0.8654,0.47
Hoxd1,0.0715,0.7580229051750197,0.8654,1.85
Ankrd1,0.0715,0.7580229051750197,0.8654,0.89
Rps27,0.0714,0.7583283454574847,0.8654,842.44
Fundc1,0.0714,0.7583283454574847,0.8654,107.64
Dennd10,0.0714,0.7583283454574847,0.8654,38.32
Fads2,0.0714,0.7583283454574847,0.8654,96.59
Ppif,0.0714,0.7583283454574847,0.8654,16.93
Emc3,0.0714,0.7583283454574847,0.8654,43.25
Nfat5,0.0714,0.7583283454574847,0.8654,87.75
B230209E15Rik,0.0714,0.7583283454574847,0.8654,3.43
Rpl32,0.0714,0.7583283454574847,0.8654,1200.08
Gm13483,0.0714,0.7583283454574847,0.8654,4.88
Tnfsf12,0.0714,0.7583283454574847,0.8654,34.24
Gm44567,0.0714,0.7583283454574847,0.8654,1.58
Elf2,0.0714,0.7583283454574847,0.8654,25.62
Man1b1,0.0714,0.7583283454574847,0.8654,49.83
Slc52a2,0.0714,0.7583283454574847,0.8654,10.9
Snx19,0.0714,0.7583283454574847,0.8654,34.42
Ern1,0.0714,0.7583283454574847,0.8654,9.66
Naprt,0.0714,0.7583283454574847,0.8654,0.76
Cd28,0.0712,0.7589469789940186,0.8661,0.42
Gm36738,0.0708,0.7603876076962485,0.8676,0.77
Tpbg,0.0708,0.7603876076962485,0.8676,4.66
Tnnt2,0.0706,0.7610864914238021,0.8679,4.6
Gm53058,0.0706,0.7610864914238021,0.8679,0.47
Cryba2,0.0706,0.7610864914238021,0.8679,1.64
Batf3,0.0706,0.7610864914238021,0.8679,0.36
Gm16973,0.0701,0.7625997832797398,0.8679,2.41
1700113A16Rik,0.0701,0.7625997832797398,0.8679,2.29
Tagln3,0.0701,0.7625997832797398,0.8679,469.09
Unk,0.0701,0.7625997832797398,0.8679,10.42
Cdc42se2,0.0701,0.7625997832797398,0.8679,60.3
Ppp3cc,0.0701,0.7625997832797398,0.8679,10.82
Trim47,0.0701,0.7625997832797398,0.8679,2.8
Trappc8,0.0701,0.7625997832797398,0.8679,48.1
Pbx1,0.0701,0.7625997832797398,0.8679,201.33
Rasal2,0.0701,0.7625997832797398,0.8679,68.95
Syap1,0.0701,0.7625997832797398,0.8679,24.08
Slc30a1,0.0701,0.7625997832797398,0.8679,9.41
Smim11,0.0701,0.7625997832797398,0.8679,50.49
Idh3b,0.0701,0.7625997832797398,0.8679,119.6
Tvp23bos,0.0701,0.7625997832797398,0.8679,0.75
Ahi1,0.0701,0.7625997832797398,0.8679,160.54
Cdca3,0.0701,0.7625997832797398,0.8679,1.65
Bmyc,0.0701,0.7625997832797398,0.8679,151.37
Kcnj13,0.0698,0.7635225185022045,0.8689,0.23
Bcl2l15,0.0689,0.7665826205691005,0.8708,0.62
Nfatc2,0.0688,0.7668778725128099,0.8708,3.53
Lin9,0.0688,0.7668778725128099,0.8708,2.55
Gpr137b-ps,0.0688,0.7668778725128099,0.8708,6.14
Tifab,0.0688,0.7668778725128099,0.8708,4.01
Pde1c,0.0688,0.7668778725128099,0.8708,9.09
Gm43597,0.0688,0.7668778725128099,0.8708,6.26
Vsig8,0.0688,0.7668778725128099,0.8708,1.23
Zfp827,0.0688,0.7668778725128099,0.8708,27.39
Sucla2,0.0688,0.7668778725128099,0.8708,118.58
Mesd,0.0688,0.7668778725128099,0.8708,51.55
Vcp-rs,0.0688,0.7668778725128099,0.8708,1.17
Abca6,0.0688,0.7668778725128099,0.8708,1.83
Pgap6,0.0688,0.7668778725128099,0.8708,31.31
Wdr76,0.0688,0.7668778725128099,0.8708,1.85
Gm7240,0.0688,0.7668778725128099,0.8708,0.81
Rad51ap1,0.0688,0.7668778725128099,0.8708,1.02
Gm45605,0.0688,0.7668778725128099,0.8708,2.61
Gm6863,0.0688,0.7668778725128099,0.8708,6.08
Dgka,0.0688,0.7668778725128099,0.8708,8.92
Cnot9,0.0688,0.7668778725128099,0.8708,12.75
Gm49089,0.0688,0.7668778725128099,0.8708,0.76
Padi1,0.068,0.769700768492985,0.8737,1.06
Dll1,0.0676,0.7708723787122118,0.8737,1.21
Atp13a3,0.0675,0.7711624988673798,0.8737,36.51
Trim24,0.0675,0.7711624988673798,0.8737,15.65
Slc37a1,0.0675,0.7711624988673798,0.8737,10.89
Ociad2,0.0675,0.7711624988673798,0.8737,9.87
Ado,0.0675,0.7711624988673798,0.8737,12.69
Mid2,0.0675,0.7711624988673798,0.8737,23.78
Prag1,0.0675,0.7711624988673798,0.8737,8.25
Gm15608,0.0675,0.7711624988673798,0.8737,1.13
A330040F15Rik,0.0675,0.7711624988673798,0.8737,2.21
Bbs5,0.0675,0.7711624988673798,0.8737,7.47
Cnbp,0.0675,0.7711624988673798,0.8737,143.98
Rdh12,0.0675,0.7711624988673798,0.8737,2.19
Gm42633,0.0675,0.7711624988673798,0.8737,0.74
Dnajc11,0.0675,0.7711624988673798,0.8737,37.86
Gm28876,0.0674,0.7714356256577708,0.8739,0.58
Ube2c,0.0663,0.7753824081677828,0.8761,0.77
Ppcs,0.0662,0.7754535475659065,0.8761,22.11
Cyp4f16,0.0662,0.7754535475659065,0.8761,9.26
Gatb,0.0662,0.7754535475659065,0.8761,5.72
Pex5l,0.0662,0.7754535475659065,0.8761,113.85
Slc15a2,0.0662,0.7754535475659065,0.8761,4.52
Rsf1,0.0662,0.7754535475659065,0.8761,45.82
Pcsk1n,0.0662,0.7754535475659065,0.8761,2990.04
Nqo1,0.0662,0.7754535475659065,0.8761,7.06
Mis12,0.0662,0.7754535475659065,0.8761,14.97
Trip4,0.0662,0.7754535475659065,0.8761,35.69
Mmp24os1,0.0662,0.7754535475659065,0.8761,96.76
Mief1,0.0662,0.7754535475659065,0.8761,25.69
Gm49336,0.0662,0.7754535475659065,0.8761,50.71
Plek,0.0662,0.7754535475659065,0.8761,5.4
Mppe1,0.0662,0.7754535475659065,0.8761,22.64
Gm42909,0.0662,0.7754535475659065,0.8761,2.41
Zfp330,0.0662,0.7754535475659065,0.8761,24.05
Sult1a1,0.0662,0.7754535475659065,0.8761,1.18
Tgif1,0.0662,0.7754535475659065,0.8761,1.71
Pi16,0.0656,0.7775309508311281,0.8781,1.52
Grap,0.0651,0.7790494389639733,0.8781,0.46
Gm15261,0.065,0.7796810573119215,0.8781,1.44
Gm26902,0.065,0.7796810573119215,0.8781,1.73
Tenm4,0.0649,0.7797509033508971,0.8781,40.03
Mdh2,0.0649,0.7797509033508971,0.8781,216.2
Rps12,0.0649,0.7797509033508971,0.8781,455.78
Emilin1,0.0649,0.7797509033508971,0.8781,1.24
Noc4l,0.0649,0.7797509033508971,0.8781,8.17
Pkn1,0.0649,0.7797509033508971,0.8781,40.34
Plekho1,0.0649,0.7797509033508971,0.8781,21.41
Cfdp1,0.0649,0.7797509033508971,0.8781,97.19
Top6bl,0.0649,0.7797509033508971,0.8781,1.58
Rpl31,0.0649,0.7797509033508971,0.8781,458.3
Map4,0.0649,0.7797509033508971,0.8781,617.15
Plpp3,0.0649,0.7797509033508971,0.8781,32.48
Sfxn1,0.0649,0.7797509033508971,0.8781,39.2
Gm47155,0.0649,0.7797509033508971,0.8781,3.21
Ccdc93,0.0649,0.7797509033508971,0.8781,14.03
Ap3d1,0.0649,0.7797509033508971,0.8781,91.74
Nufip1,0.0649,0.7797509033508971,0.8781,5.78
Gm14443,0.0649,0.7797509033508971,0.8781,2.46
Efcab12,0.0649,0.7797509033508971,0.8781,2.01
Ssr1,0.0636,0.7840544504932396,0.8811,112.71
4933404O12Rik,0.0636,0.7840544504932396,0.8811,3.28
Bloc1s6,0.0636,0.7840544504932396,0.8811,33.5
Rev3l,0.0636,0.7840544504932396,0.8811,27.18
Lgals4,0.0636,0.7840544504932396,0.8811,1.25
Csnk2a1,0.0636,0.7840544504932396,0.8811,108.89
Piezo1,0.0636,0.7840544504932396,0.8811,9.03
Cast,0.0636,0.7840544504932396,0.8811,117.46
Mrpl21,0.0636,0.7840544504932396,0.8811,56.87
Terf2,0.0636,0.7840544504932396,0.8811,23.25
Izumo4,0.0636,0.7840544504932396,0.8811,51.66
Iqank1,0.0636,0.7840544504932396,0.8811,1.88
Mapkapk2,0.0636,0.7840544504932396,0.8811,28.44
Col5a3,0.0636,0.7840544504932396,0.8811,30.6
Psmd8,0.0636,0.7840544504932396,0.8811,86.78
Timp1,0.0636,0.7840544504932396,0.8811,1.18
Tbl1x,0.0636,0.7840544504932396,0.8811,79.5
Gm19426,0.0624,0.7880947208655751,0.8838,1.07
Aoc2,0.0623,0.788364072800584,0.8838,1.28
Gpr137b,0.0623,0.788364072800584,0.8838,13.41
Rps28,0.0623,0.788364072800584,0.8838,810.96
Tada2b,0.0623,0.788364072800584,0.8838,22.22
Slc35a4,0.0623,0.788364072800584,0.8838,37.75
3110080O07Rik,0.0623,0.788364072800584,0.8838,0.67
Gm20604,0.0623,0.788364072800584,0.8838,27.55
Spire2,0.0623,0.788364072800584,0.8838,39.66
Mrps16,0.0623,0.788364072800584,0.8838,81.64
Dop1b,0.0623,0.788364072800584,0.8838,55.03
Ppip5k1,0.0623,0.788364072800584,0.8838,29.11
Rassf1,0.0623,0.788364072800584,0.8838,13.95
Gm47512,0.0623,0.788364072800584,0.8838,1.16
Ifit3,0.0623,0.788364072800584,0.8838,4.49
Gnb1l,0.0623,0.788364072800584,0.8838,3.01
Zdhhc16,0.0623,0.788364072800584,0.8838,19.77
R74862,0.0623,0.788364072800584,0.8838,5.79
Plcb1,0.0623,0.788364072800584,0.8838,40.93
Alg12,0.0623,0.788364072800584,0.8838,7.55
Ftcd,0.0611,0.7926137226851981,0.8871,0.56
Rpl24,0.061,0.7926796536257745,0.8871,236.71
Rbfa,0.061,0.7926796536257745,0.8871,27.34
8430429K09Rik,0.061,0.7926796536257745,0.8871,8.93
Adam10,0.061,0.7926796536257745,0.8871,82.48
Mcm5,0.061,0.7926796536257745,0.8871,1.54
2010320O07Rik,0.061,0.7926796536257745,0.8871,0.92
Gm43023,0.061,0.7926796536257745,0.8871,6.13
Gm29488,0.061,0.7926796536257745,0.8871,0.83
Cdt1,0.061,0.7926796536257745,0.8871,0.79
Ap1m1,0.061,0.7926796536257745,0.8871,96.57
Upf1,0.061,0.7926796536257745,0.8871,64.51
Trim13,0.061,0.7926796536257745,0.8871,5.36
Alkbh3,0.061,0.7926796536257745,0.8871,15.06
Gm9930,0.0604,0.7947743684513038,0.8894,1.86
Serpinb6c,0.0599,0.7963521403923735,0.8898,1.1
Them6,0.0597,0.7970010758753313,0.8898,169.5
Zfpm2,0.0597,0.7970010758753313,0.8898,2.65
Glipr2,0.0597,0.7970010758753313,0.8898,7.27
D430036J16Rik,0.0597,0.7970010758753313,0.8898,3.01
Stamos,0.0597,0.7970010758753313,0.8898,0.79
Gm38125,0.0597,0.7970010758753313,0.8898,1.49
Nfkb2,0.0597,0.7970010758753313,0.8898,2.1
Hoxb5os,0.0597,0.7970010758753313,0.8898,10.4
Med26,0.0597,0.7970010758753313,0.8898,4.9
Zfp426,0.0597,0.7970010758753313,0.8898,15.8
Rrbp1,0.0597,0.7970010758753313,0.8898,82.09
Agbl3,0.0597,0.7970010758753313,0.8898,6.27
Rbfox1,0.0597,0.7970010758753313,0.8898,87.61
Ghdc,0.0597,0.7970010758753313,0.8898,10.08
Gm26871,0.0597,0.7970010758753313,0.8898,107.35
Bcam,0.0597,0.7970010758753313,0.8898,284.46
Nhej1,0.0597,0.7970010758753313,0.8898,2.44
Ly6a,0.0597,0.7970010758753313,0.8898,2.25
Napa,0.0597,0.7970010758753313,0.8898,209.12
Hnrnpc,0.0597,0.7970010758753313,0.8898,135.67
Myo1c,0.0597,0.7970010758753313,0.8898,19.39
2810455O05Rik,0.0597,0.7970010758753313,0.8898,1.59
Wdsub1,0.0597,0.7970010758753313,0.8898,13.19
Gpc4,0.0591,0.7990999864703723,0.892,1.4
Adgrd1,0.0588,0.8000507571912421,0.8923,1.24
Gm32699,0.0588,0.8000507571912421,0.8923,0.61
Gm26810,0.0585,0.8012649292593709,0.8923,0.56
Maff,0.0584,0.8013282220179795,0.8923,10.02
Gm37773,0.0584,0.8013282220179795,0.8923,12.33
Polq,0.0584,0.8013282220179795,0.8923,0.4
Zcchc2,0.0584,0.8013282220179795,0.8923,13.04
Brix1,0.0584,0.8013282220179795,0.8923,8.75
E130008D07Rik,0.0584,0.8013282220179795,0.8923,0.79
Relch,0.0584,0.8013282220179795,0.8923,78.6
Bhlhe41,0.0584,0.8013282220179795,0.8923,64.02
Gm43795,0.0584,0.8013282220179795,0.8923,5.35
Arl2,0.0584,0.8013282220179795,0.8923,146.02
Rpl18a,0.0584,0.8013282220179795,0.8923,1167.03
Slc49a4,0.0584,0.8013282220179795,0.8923,71.32
Khnyn,0.0584,0.8013282220179795,0.8923,18.93
Mindy4,0.0584,0.8013282220179795,0.8923,2.09
Bmpr1a,0.0584,0.8013282220179795,0.8923,58.14
Dusp3,0.0584,0.8013282220179795,0.8923,165.78
Gm37933,0.0584,0.8013282220179795,0.8923,1.05
Chsy3,0.0584,0.8013282220179795,0.8923,8.06
Gm2a,0.0584,0.8013282220179795,0.8923,17.72
1810030O07Rik,0.0584,0.8013282220179795,0.8923,17.53
Dnm3,0.0584,0.8013282220179795,0.8923,377.16
Zfp9,0.0584,0.8013282220179795,0.8923,27.04
Faim,0.0584,0.8013282220179795,0.8923,36.61
Rgs5,0.0584,0.8013282220179795,0.8923,5.25
Gm9118,0.0578,0.8034312748808564,0.8946,0.55
Wnt16,0.0575,0.8044102867142399,0.8948,0.38
A230103J11Rik,0.0572,0.8055990085364837,0.8948,0.85
Gm16861,0.0571,0.8056609740932286,0.8948,1.33
Gltp,0.0571,0.8056609740932286,0.8948,25.65
Gpn1,0.0571,0.8056609740932286,0.8948,22.74
Eif3i,0.0571,0.8056609740932286,0.8948,113.47
Pld1,0.0571,0.8056609740932286,0.8948,3.24
Gmeb2,0.0571,0.8056609740932286,0.8948,10.32
Hk1,0.0571,0.8056609740932286,0.8948,375.06
Herc2,0.0571,0.8056609740932286,0.8948,147.42
4921504A21Rik,0.0571,0.8056609740932286,0.8948,2.06
Kremen1,0.0571,0.8056609740932286,0.8948,13.69
R3hdm4,0.0571,0.8056609740932286,0.8948,77.36
Ttll9,0.0571,0.8056609740932286,0.8948,1.71
Ddx23,0.0571,0.8056609740932286,0.8948,9.48
Akna,0.0565,0.8077681154018477,0.897,0.77
4933406I18Rik,0.0559,0.8099385806267573,0.8979,0.65
Gm37206,0.0558,0.8099992137199937,0.8979,1.23
Zfx,0.0558,0.8099992137199937,0.8979,11.84
4833445I07Rik,0.0558,0.8099992137199937,0.8979,2.04
Rps19,0.0558,0.8099992137199937,0.8979,904.07
Uggt1,0.0558,0.8099992137199937,0.8979,42.81
2810428J06Rik,0.0558,0.8099992137199937,0.8979,1.18
Unc119b,0.0558,0.8099992137199937,0.8979,17.58
Polg2,0.0558,0.8099992137199937,0.8979,3.8
Ednra,0.0558,0.8099992137199937,0.8979,20.02
Dcaf12l1,0.0558,0.8099992137199937,0.8979,48.43
Spdl1,0.0546,0.81410529877597,0.9004,0.59
Hbb-bt,0.0546,0.81410529877597,0.9004,3.04
Hint3,0.0545,0.814342822105269,0.9004,51.56
Cnst,0.0545,0.814342822105269,0.9004,116.38
Tfeb,0.0545,0.814342822105269,0.9004,6.26
Ppp1r3f,0.0545,0.814342822105269,0.9004,1.55
Ndufa3,0.0545,0.814342822105269,0.9004,429.39
Gm19967,0.0545,0.814342822105269,0.9004,1.5
Pot1b,0.0545,0.814342822105269,0.9004,3.49
Poglut2,0.0545,0.814342822105269,0.9004,2.22
Adck5,0.0545,0.814342822105269,0.9004,10.39
Wdr13,0.0545,0.814342822105269,0.9004,74.35
Gm48139,0.0545,0.814342822105269,0.9004,0.8
Ggnbp2,0.0545,0.814342822105269,0.9004,93.29
Asxl1,0.0545,0.814342822105269,0.9004,34.5
Nfil3,0.0545,0.814342822105269,0.9004,8.18
Gm17435,0.0545,0.814342822105269,0.9004,1.11
Lca5l,0.0545,0.814342822105269,0.9004,4.71
Gm38057,0.0541,0.8159278137853094,0.9021,0.44
Oprk1,0.0533,0.8184595348071535,0.9033,3.46
Lrwd1,0.0532,0.8186916800528404,0.9033,4.54
1700007L15Rik,0.0532,0.8186916800528404,0.9033,1.86
Apobec1,0.0532,0.8186916800528404,0.9033,1.06
Rfc1,0.0532,0.8186916800528404,0.9033,58.32
Lpar4,0.0532,0.8186916800528404,0.9033,0.94
Ttc32,0.0532,0.8186916800528404,0.9033,4.32
Gm43888,0.0532,0.8186916800528404,0.9033,0.91
Gm44291,0.0532,0.8186916800528404,0.9033,1.43
Gm38043,0.0532,0.8186916800528404,0.9033,1.36
Eri1,0.0532,0.8186916800528404,0.9033,8.14
Med31,0.0532,0.8186916800528404,0.9033,57.36
Armc6,0.0532,0.8186916800528404,0.9033,22.15
Golgb1,0.0532,0.8186916800528404,0.9033,107.12
Bcl9,0.0532,0.8186916800528404,0.9033,29.95
Mslnl,0.0521,0.822477159357621,0.9058,0.36
Sulf1,0.0519,0.8230456679720456,0.9058,3.66
Gm42636,0.0519,0.8230456679720456,0.9058,1.09
Efcc1,0.0519,0.8230456679720456,0.9058,1.38
Eef1akmt2,0.0519,0.8230456679720456,0.9058,20.21
4933439C10Rik,0.0519,0.8230456679720456,0.9058,16.97
A230087F16Rik,0.0519,0.8230456679720456,0.9058,1.92
Fam53c,0.0519,0.8230456679720456,0.9058,58.76
Imp3,0.0519,0.8230456679720456,0.9058,53.15
Anapc15,0.0519,0.8230456679720456,0.9058,34.72
Alg5,0.0519,0.8230456679720456,0.9058,18.3
A330041J22Rik,0.0519,0.8230456679720456,0.9058,4.42
Hic2,0.0519,0.8230456679720456,0.9058,5.76
Ddr1,0.0519,0.8230456679720456,0.9058,35.15
Nsfl1c,0.0519,0.8230456679720456,0.9058,59.68
Gm48986,0.0519,0.8230456679720456,0.9058,1.1
Znrf3,0.0519,0.8230456679720456,0.9058,5.4
4933407K13Rik,0.0519,0.8230456679720456,0.9058,2.21
Kcmf1,0.0519,0.8230456679720456,0.9058,80.05
Niban3,0.0519,0.8230456679720456,0.9058,3.13
Pgp,0.0519,0.8230456679720456,0.9058,147.05
Rom1,0.0519,0.8230456679720456,0.9058,23.06
Gramd2b,0.0513,0.8251686185632998,0.908,1.73
Zfp566,0.0506,0.8274046658865746,0.9083,1.58
Dnai4,0.0506,0.8274046658865746,0.9083,3.19
Rpl14,0.0506,0.8274046658865746,0.9083,997.09
Slc17a6,0.0506,0.8274046658865746,0.9083,280.77
Slc25a4,0.0506,0.8274046658865746,0.9083,1122.58
Celsr1,0.0506,0.8274046658865746,0.9083,14.47
Lin28b,0.0506,0.8274046658865746,0.9083,7.18
Limk2,0.0506,0.8274046658865746,0.9083,78.92
Prep,0.0506,0.8274046658865746,0.9083,19.67
4931406C07Rik,0.0506,0.8274046658865746,0.9083,16.17
Hpcal1,0.0506,0.8274046658865746,0.9083,214.02
Nyap2,0.0506,0.8274046658865746,0.9083,18.81
Ifi27,0.0506,0.8274046658865746,0.9083,184.23
Colec12,0.05,0.8295314311362914,0.9106,1.57
Bmt2,0.0494,0.8317685534433151,0.9107,16.2
Acsf2,0.0494,0.8317685534433151,0.9107,2.15
Cul1,0.0494,0.8317685534433151,0.9107,69.25
Uap1l1,0.0494,0.8317685534433151,0.9107,5.39
Zfp97,0.0494,0.8315526592464484,0.9107,0.48
Pdlim1,0.0494,0.8317685534433151,0.9107,1.61
Gpkow,0.0494,0.8317685534433151,0.9107,17.86
Slit1,0.0494,0.8317685534433151,0.9107,3.48
Qsox2,0.0494,0.8317685534433151,0.9107,12.97
Mrpl44,0.0494,0.8317685534433151,0.9107,33.64
A430027C01Rik,0.0494,0.8317685534433151,0.9107,2.46
Mutyh,0.0494,0.8317685534433151,0.9107,1.22
C030038I04Rik,0.0494,0.8317146577187182,0.9107,0.47
Nectin4,0.0494,0.8317685534433151,0.9107,4.97
Tnfrsf19,0.0494,0.8317146577187182,0.9107,2.09
Zfp696,0.0494,0.8317685534433151,0.9107,2.08
2900093K20Rik,0.0494,0.8317685534433151,0.9107,18.91
Tmprss9,0.0484,0.8350768305845464,0.9137,0.44
Schip1,0.0481,0.8361372099212367,0.9137,25.04
Gm42997,0.0481,0.8361372099212367,0.9137,0.68
Pcolce2,0.0481,0.8361372099212367,0.9137,20.66
Gon7,0.0481,0.8361372099212367,0.9137,15.38
D430019H16Rik,0.0481,0.8361372099212367,0.9137,67.18
Cntn2,0.0481,0.8361372099212367,0.9137,121.92
Adipor1,0.0481,0.8361372099212367,0.9137,169.66
Kif5b,0.0481,0.8361372099212367,0.9137,279.3
Mpp1,0.0481,0.8361372099212367,0.9137,31.29
Nkain2,0.0481,0.8361372099212367,0.9137,15.88
Gm17092,0.0481,0.8361372099212367,0.9137,3.56
Wdr20,0.0481,0.8361372099212367,0.9137,7.64
Tdp2,0.0481,0.8361372099212367,0.9137,14.92
Rps15,0.0481,0.8361372099212367,0.9137,523.91
4833438C02Rik,0.0481,0.8361372099212367,0.9137,1.01
Gm43373,0.0481,0.8361372099212367,0.9137,1.17
Rad17,0.0481,0.8361372099212367,0.9137,14.79
Tmem182,0.0476,0.8375669697680116,0.9152,0.49
Trim56,0.0468,0.8405105142403159,0.916,28.04
Nfkbid,0.0468,0.8405105142403159,0.916,1.11
Gm30238,0.0468,0.8404593463950095,0.916,0.64
Rffl,0.0468,0.8405105142403159,0.916,9.9
P2ry6,0.0468,0.8403055468898486,0.916,1.51
Zscan2,0.0468,0.8405105142403159,0.916,2.59
Neil1,0.0468,0.8405105142403159,0.916,2.12
Zfc3h1,0.0468,0.8405105142403159,0.916,39.23
Dph6,0.0468,0.8405105142403159,0.916,22.06
Arih2,0.0468,0.8405105142403159,0.916,31.78
Drgx,0.0468,0.8405105142403159,0.916,10.14
Mpst,0.0468,0.8405105142403159,0.916,15.68
Gm37834,0.0468,0.8403055468898486,0.916,1.99
6330415G19Rik,0.0468,0.8405105142403159,0.916,1.82
Tnpo2,0.0468,0.8405105142403159,0.916,73.09
Rtraf,0.0468,0.8405105142403159,0.916,176.76
Sult2b1,0.0468,0.8403055468898486,0.916,0.73
Rbm34,0.0468,0.8405105142403159,0.916,21.18
Gps2,0.0468,0.8405105142403159,0.916,18.62
Hbp1,0.0468,0.8405105142403159,0.916,37.51
Phrf1,0.0455,0.8448883449705005,0.9192,18.45
E2f3,0.0455,0.8448883449705005,0.9192,13.88
Gm37109,0.0455,0.8448883449705005,0.9192,3.51
Creld1,0.0455,0.8448883449705005,0.9192,131.79
Klhl35,0.0455,0.8448883449705005,0.9192,0.56
4633401B06Rik,0.0455,0.8448883449705005,0.9192,2.18
Ipo8,0.0455,0.8448883449705005,0.9192,61.72
Cln6,0.0455,0.8448883449705005,0.9192,19.71
Mcm3ap,0.0455,0.8448883449705005,0.9192,13.03
Gm36839,0.0455,0.8448883449705005,0.9192,1.64
Pdxk,0.0455,0.8448883449705005,0.9192,34.09
Zfand6,0.0455,0.8448883449705005,0.9192,127.1
Dynlt2b,0.0455,0.8448883449705005,0.9192,24.87
Gm9873,0.0455,0.8448883449705005,0.9192,0.56
Hacl1,0.0455,0.8448883449705005,0.9192,2.55
Ift20,0.0455,0.8448883449705005,0.9192,122.17
Rpl36a-ps3,0.0448,0.8470298092689666,0.9213,0.56
1700088E04Rik,0.0442,0.8492705803407119,0.9219,4.25
Cntn6,0.0442,0.8492705803407119,0.9219,1.66
Ubr5,0.0442,0.8492705803407119,0.9219,80.44
Gm15421,0.0442,0.8492705803407119,0.9219,2.19
Gm48302,0.0442,0.8492705803407119,0.9219,0.96
Hk1os,0.0442,0.8492705803407119,0.9219,4.31
Cbr4,0.0442,0.8492705803407119,0.9219,10.96
Gm49413,0.0442,0.8492705803407119,0.9219,0.74
Btbd16,0.0442,0.8490766098276583,0.9219,1.14
Polr3f,0.0442,0.8492705803407119,0.9219,13.05
Eef2k,0.0442,0.8492705803407119,0.9219,19.01
Uso1,0.0442,0.8492705803407119,0.9219,66.83
Gm37296,0.0442,0.8492705803407119,0.9219,0.61
Nckipsd,0.0442,0.8492705803407119,0.9219,23.27
Rbbp7,0.0442,0.8492705803407119,0.9219,69.95
Trim14,0.0442,0.8492705803407119,0.9219,1.85
Pdk2,0.0442,0.8492705803407119,0.9219,27.32
Itga3,0.0442,0.8492705803407119,0.9219,49.61
Lrp4,0.0442,0.8492705803407119,0.9219,1.71
D630024D03Rik,0.0435,0.8514155780643706,0.9241,0.51
Septin10,0.0429,0.8536570982478848,0.9244,9.62
Lin37,0.0429,0.8536570982478848,0.9244,27.15
Slc22a7,0.0429,0.8534686512479502,0.9244,0.53
Zfp354a,0.0429,0.8536570982478848,0.9244,3.07
Gm38335,0.0429,0.8534686512479502,0.9244,0.71
Ubb,0.0429,0.8536570982478848,0.9244,571.73
Coro1b,0.0429,0.8536570982478848,0.9244,4.51
Dock4,0.0429,0.8536570982478848,0.9244,44.55
Ccl25,0.0429,0.8536570982478848,0.9244,8.19
Map9,0.0429,0.8536570982478848,0.9244,47.27
Gm14168,0.0429,0.8536570982478848,0.9244,2.14
Acads,0.0429,0.8536570982478848,0.9244,15.62
Tbccd1,0.0429,0.8536570982478848,0.9244,14.35
Zbtb8b,0.0429,0.8536570982478848,0.9244,1.39
4930426I24Rik,0.0422,0.8558055722995337,0.9266,0.76
Gm7846,0.0422,0.8558055722995337,0.9266,1.12
Gm45871,0.0416,0.858047776266044,0.9267,3.16
Rps24,0.0416,0.858047776266044,0.9267,1281.97
Nmt1,0.0416,0.858047776266044,0.9267,158.6
Gm29453,0.0416,0.8578648688900733,0.9267,0.57
Trp53rka,0.0416,0.858047776266044,0.9267,8.65
Ankrd27,0.0416,0.858047776266044,0.9267,42.87
Ecscr,0.0416,0.8578648688900733,0.9267,1.15
Mmut,0.0416,0.858047776266044,0.9267,23.31
9430097D07Rik,0.0416,0.8578648688900733,0.9267,0.42
Supt7l,0.0416,0.858047776266044,0.9267,10.3
Wdr53,0.0416,0.858047776266044,0.9267,8.7
Cbx3,0.0416,0.858047776266044,0.9267,102.69
Clmn,0.0416,0.858047776266044,0.9267,12.24
Tbck,0.0416,0.858047776266044,0.9267,27.49
Rrp8,0.0416,0.858047776266044,0.9267,18.67
Lamp2,0.0416,0.858047776266044,0.9267,110.12
Ppp1r13b,0.0416,0.858047776266044,0.9267,28.89
Tiparp,0.0416,0.858047776266044,0.9267,41.21
Gata2,0.041,0.8597929970982309,0.9285,11.23
Trabd2b,0.0405,0.8615488091237912,0.9292,1.34
Frzb,0.0403,0.8624424916554133,0.9292,9.08
Nus1,0.0403,0.8624424916554133,0.9292,72.42
Rbm48,0.0403,0.8624424916554133,0.9292,7.62
Slc25a3,0.0403,0.8624424916554133,0.9292,549.05
Gm6136,0.0403,0.8624424916554133,0.9292,2.82
Acox3,0.0403,0.8624424916554133,0.9292,28.36
Ebna1bp2,0.0403,0.8624424916554133,0.9292,21.5
Vasn,0.0403,0.8624424916554133,0.9292,4.95
Adgrg1,0.0403,0.8624424916554133,0.9292,35.94
Smim10l1,0.0403,0.8624424916554133,0.9292,108.46
4930539J05Rik,0.0403,0.8624424916554133,0.9292,1.9
Sertad3,0.0403,0.8624424916554133,0.9292,10.96
Dnase2a,0.0403,0.8624424916554133,0.9292,0.82
Thyn1,0.0403,0.8624424916554133,0.9292,20.99
2900060B14Rik,0.0403,0.8624424916554133,0.9292,1.39
Letm1,0.0403,0.8624424916554133,0.9292,51.26
Dync1li2,0.0403,0.8624424916554133,0.9292,175.26
Gm43869,0.0396,0.8645977459788261,0.9314,0.8
Nup37,0.039,0.8668411213715634,0.9314,4.38
Chd1,0.039,0.8668411213715634,0.9314,22.13
Gm13092,0.039,0.8668411213715634,0.9314,1.54
Sumo3,0.039,0.8668411213715634,0.9314,115.86
Gm16551,0.039,0.8666693397075872,0.9314,10.55
Zfp65,0.039,0.8668411213715634,0.9314,3.49
Lars2,0.039,0.8668411213715634,0.9314,26.96
Dnajc27,0.039,0.8668411213715634,0.9314,47.98
Zc4h2,0.039,0.8668411213715634,0.9314,21.45
Sec11c,0.039,0.8668411213715634,0.9314,150.49
Pex7,0.039,0.8668411213715634,0.9314,20.78
1110038F14Rik,0.039,0.8668411213715634,0.9314,33.02
Tpk1,0.039,0.8668411213715634,0.9314,4.49
A930024E05Rik,0.039,0.8668411213715634,0.9314,1.89
Rpl30,0.039,0.8668411213715634,0.9314,595.82
Rpl6l,0.039,0.8668411213715634,0.9314,3.62
Eif6,0.039,0.8668411213715634,0.9314,61.44
Cdr1,0.0384,0.8686181572243652,0.9332,0.56
Bmp4,0.0379,0.8704060652899034,0.9334,1.38
Zfp438,0.0377,0.8712435420745898,0.9334,2.32
Setdb2,0.0377,0.8712435420745898,0.9334,2.33
Commd1b,0.0377,0.8712435420745898,0.9334,1.53
Dock11,0.0377,0.8712435420745898,0.9334,61.28
Gm3055,0.0377,0.8712435420745898,0.9334,0.87
Usp25,0.0377,0.8712435420745898,0.9334,24.74
Polr2a,0.0377,0.8712435420745898,0.9334,56.06
Slc25a16,0.0377,0.8712435420745898,0.9334,32.49
Pdcd5,0.0377,0.8712435420745898,0.9334,338.23
Igsf8,0.0377,0.8712435420745898,0.9334,57.26
Serinc1,0.0377,0.8712435420745898,0.9334,717.38
Kpna1,0.0377,0.8712435420745898,0.9334,115.21
Fam13b,0.0377,0.8712435420745898,0.9334,20.82
Dstyk,0.0377,0.8712435420745898,0.9334,66.19
Haus3,0.0377,0.8712435420745898,0.9334,3.82
Ifi47,0.0377,0.8712435420745898,0.9334,0.76
Ablim2,0.0377,0.8712435420745898,0.9334,41.0
Uts2b,0.0377,0.8712435420745898,0.9334,71.76
Pnpla2,0.0377,0.8712435420745898,0.9334,30.89
Msh3,0.0377,0.8712435420745898,0.9334,10.32
Spty2d1,0.0377,0.8712435420745898,0.9334,21.11
Ptprr,0.0377,0.8712435420745898,0.9334,37.12
Robo1,0.0377,0.8712435420745898,0.9334,15.76
Gm49601,0.0371,0.8730364479587298,0.9353,0.63
Wfdc12,0.0366,0.8748403655659674,0.9355,0.99
Chuk,0.0364,0.8756496301383223,0.9355,31.1
Ptpn5,0.0364,0.8756496301383223,0.9355,12.44
Itpr2,0.0364,0.8756496301383223,0.9355,1.38
Dffa,0.0364,0.8756496301383223,0.9355,60.24
9930012K11Rik,0.0364,0.8756496301383223,0.9355,2.4
Pum3,0.0364,0.8756496301383223,0.9355,17.53
Stxbp5,0.0364,0.8756496301383223,0.9355,60.26
Shld1,0.0364,0.8756496301383223,0.9355,19.42
Gm41077,0.0364,0.8754890330049403,0.9355,0.62
Ism1,0.0364,0.8756496301383223,0.9355,4.17
Tmem68,0.0364,0.8756496301383223,0.9355,18.7
Gm47592,0.0364,0.8756496301383223,0.9355,1.63
Exosc4,0.0364,0.8756496301383223,0.9355,39.39
Ttc9,0.0364,0.8756496301383223,0.9355,207.92
Hmg20a,0.0364,0.8756496301383223,0.9355,47.45
Nkapd1,0.0364,0.8756496301383223,0.9355,8.71
2310001H17Rik,0.0364,0.8756496301383223,0.9355,6.11
Pfdn6,0.0364,0.8756496301383223,0.9355,63.89
Mecr,0.0364,0.8756496301383223,0.9355,14.03
Tcaim,0.0364,0.8756496301383223,0.9355,14.94
Syt6,0.0364,0.8756095391183331,0.9355,1.43
Rps27a,0.0351,0.8800592616595699,0.9383,1687.46
C78859,0.0351,0.8800592616595699,0.9383,166.18
Gm15559,0.0351,0.8800592616595699,0.9383,1.44
Cenpv,0.0351,0.8800592616595699,0.9383,28.3
Serinc5,0.0351,0.8800592616595699,0.9383,60.76
Dusp15,0.0351,0.8800592616595699,0.9383,19.61
Sptbn5,0.0351,0.8799042776664462,0.9383,0.71
Cct8,0.0351,0.8800592616595699,0.9383,106.19
Sidt2,0.0351,0.8800592616595699,0.9383,32.62
Kpna4,0.0351,0.8800592616595699,0.9383,63.26
Dipk1a,0.0351,0.8800592616595699,0.9383,9.41
Frg2f1,0.0351,0.8800592616595699,0.9383,3.63
Gm29480,0.0351,0.8800592616595699,0.9383,2.04
Ptpn11,0.0351,0.8800592616595699,0.9383,105.63
Tmem263,0.0351,0.8800592616595699,0.9383,31.11
Rmnd1,0.0351,0.8800592616595699,0.9383,9.62
Gm5176,0.0351,0.8800592616595699,0.9383,0.72
Gm10400,0.0345,0.8818399704085106,0.94,0.4
Stab1,0.0344,0.8822273795710416,0.9403,0.7
Gm31812,0.0344,0.8822273795710416,0.9403,0.71
Rorb,0.0339,0.8840978284169925,0.9403,4.35
Ndufab1,0.0338,0.8844723124673912,0.9403,190.75
1810044D09Rik,0.0338,0.8844723124673912,0.9403,9.71
Ggt7,0.0338,0.8844723124673912,0.9403,83.8
Gm37726,0.0338,0.8844723124673912,0.9403,0.98
Etv5,0.0338,0.8844723124673912,0.9403,54.9
Gm10516,0.0338,0.8844723124673912,0.9403,9.83
Zfp27,0.0338,0.8844723124673912,0.9403,4.38
Ptpdc1,0.0338,0.8844723124673912,0.9403,29.74
Atp5pb-ps,0.0338,0.8844723124673912,0.9403,0.64
Bphl,0.0338,0.8844723124673912,0.9403,16.43
Rpl17-ps10,0.0338,0.8844723124673912,0.9403,2.53
Gm12328,0.0338,0.8844723124673912,0.9403,0.84
Med29,0.0338,0.8844723124673912,0.9403,39.52
Sertad1,0.0338,0.8844723124673912,0.9403,11.31
Vps35l,0.0338,0.8844723124673912,0.9403,39.73
Apcdd1,0.0338,0.8844723124673912,0.9403,1.51
A930001M01Rik,0.0338,0.8844723124673912,0.9403,1.1
Taf12,0.0338,0.8844723124673912,0.9403,17.13
Fastkd5,0.0338,0.8844723124673912,0.9403,2.97
Rpl35,0.0338,0.8844723124673912,0.9403,889.64
Mcee,0.0338,0.8844723124673912,0.9403,49.03
Zfp950,0.0338,0.8844723124673912,0.9403,33.43
Rps15a-ps8,0.0338,0.8844350273171164,0.9403,1.22
Cabcoco1,0.0335,0.8853782489596093,0.9412,0.82
Cdkn2b,0.0327,0.8880191723706685,0.9429,0.55
Adap1,0.0325,0.8888886581323973,0.9429,127.72
Wbp11,0.0325,0.8888886581323973,0.9429,90.56
Phkg1,0.0325,0.8888886581323973,0.9429,1.72
Phox2b,0.0325,0.8888886581323973,0.9429,302.64
Lpcat1,0.0325,0.8888886581323973,0.9429,43.84
Pcdhb9,0.0325,0.8888886581323973,0.9429,4.37
Pmm1,0.0325,0.8888886581323973,0.9429,222.3
Gm49194,0.0325,0.8887449397902847,0.9429,0.43
Prr11,0.0325,0.8888886581323973,0.9429,1.34
Ppp2r3c,0.0325,0.8888886581323973,0.9429,24.58
Tanc2,0.0325,0.8888886581323973,0.9429,103.53
Map3k6,0.0325,0.8888886581323973,0.9429,6.89
2310009B15Rik,0.0325,0.8888886581323973,0.9429,57.15
Cox5a,0.0325,0.8888886581323973,0.9429,848.36
Eif4g1,0.0325,0.8888886581323973,0.9429,175.92
Aurkaip1,0.0325,0.8888886581323973,0.9429,205.28
Hba-a2,0.0312,0.893308173976082,0.9451,9.88
Glb1l2,0.0312,0.8931701071879561,0.9451,1.94
Utp11,0.0312,0.893308173976082,0.9451,19.23
Bloc1s4,0.0312,0.893308173976082,0.9451,21.18
Prss53,0.0312,0.8932737074692148,0.9451,0.42
Champ1,0.0312,0.893308173976082,0.9451,20.28
Comp,0.0312,0.8932737074692148,0.9451,0.34
Nup42,0.0312,0.893308173976082,0.9451,4.25
Gm39041,0.0312,0.893308173976082,0.9451,1.4
Gm45110,0.0312,0.893308173976082,0.9451,0.84
Kmt5c,0.0312,0.893308173976082,0.9451,9.83
mt-Tn,0.0312,0.893308173976082,0.9451,0.77
Nacc2,0.0312,0.893308173976082,0.9451,308.64
Cog3,0.0312,0.893308173976082,0.9451,14.63
Evc2,0.0312,0.8931701071879561,0.9451,1.09
Anapc10,0.0312,0.893308173976082,0.9451,17.63
Ssh1,0.0312,0.893308173976082,0.9451,49.87
Gm7658,0.0312,0.893308173976082,0.9451,0.77
R3hcc1l,0.0312,0.893308173976082,0.9451,12.92
C430019N01Rik,0.0306,0.8951800020962531,0.947,0.71
Gper1,0.0299,0.8977307350801783,0.9472,1.2
Pcdhb13,0.0299,0.8977307350801783,0.9472,2.17
Cby3,0.0299,0.8976976823861356,0.9472,0.64
Cdkn2d,0.0299,0.8977307350801783,0.9472,139.5
Sephs2,0.0299,0.8977307350801783,0.9472,16.49
Gtf3c3,0.0299,0.8977307350801783,0.9472,27.06
Clec2d,0.0299,0.8977307350801783,0.9472,2.93
Ube2s,0.0299,0.8977307350801783,0.9472,27.91
Myo1d,0.0299,0.8977307350801783,0.9472,35.21
Mocs3,0.0299,0.8977307350801783,0.9472,6.08
Ncoa6,0.0299,0.8977307350801783,0.9472,22.8
Pecr,0.0299,0.8977307350801783,0.9472,2.76
Rps3,0.0299,0.8977307350801783,0.9472,775.05
Gm28437,0.0299,0.8977307350801783,0.9472,6.79
Cops2,0.0299,0.8977307350801783,0.9472,80.69
Tmem237,0.0299,0.8977307350801783,0.9472,29.42
Gm14172,0.0292,0.8999107737872633,0.9493,1.05
Gm11451,0.0292,0.8999107737872633,0.9493,1.29
Tmem144,0.0292,0.8999107737872633,0.9493,0.83
Gnptab,0.0286,0.9021562162960429,0.9496,30.47
Ola1,0.0286,0.9021562162960429,0.9496,78.82
Etfbkmt,0.0286,0.9021562162960429,0.9496,4.36
Sytl2,0.0286,0.9021562162960429,0.9496,37.88
Aebp1,0.0286,0.9021562162960429,0.9496,2.7
Hexim2,0.0286,0.9021562162960429,0.9496,5.0
Dohh,0.0286,0.9021562162960429,0.9496,69.13
Rexo2,0.0286,0.9021562162960429,0.9496,260.31
Naca,0.0286,0.9021562162960429,0.9496,457.77
Wscd1,0.0286,0.9021562162960429,0.9496,1.46
Gm43581,0.0286,0.9021562162960429,0.9496,1.47
Kctd5,0.0286,0.9021562162960429,0.9496,21.01
Rab5c,0.0286,0.9021562162960429,0.9496,90.3
Mcoln1,0.0286,0.9021562162960429,0.9496,18.28
Zfp146,0.0273,0.9065844922540648,0.952,2.23
Gm12592,0.0273,0.9065542755665694,0.952,0.54
Afg3l1,0.0273,0.9065844922540648,0.952,25.49
Pcnx1,0.0273,0.9065844922540648,0.952,37.63
Zfp710,0.0273,0.9065844922540648,0.952,7.55
Psma6,0.0273,0.9065844922540648,0.952,62.28
Rpl37a,0.0273,0.9065844922540648,0.952,1462.21
Sgsh,0.0273,0.9065844922540648,0.952,8.73
Dnai7,0.0273,0.9065844922540648,0.952,1.04
Hspa1b,0.0273,0.9065844922540648,0.952,14.23
Skil,0.0273,0.9065844922540648,0.952,19.36
Rasl12,0.0273,0.9064634492685372,0.952,0.62
Sdhaf2,0.0273,0.9065844922540648,0.952,41.17
Fbxo32,0.0273,0.9065844922540648,0.952,11.87
Mynn,0.0273,0.9065844922540648,0.952,10.14
Gm15834,0.0273,0.9065844922540648,0.952,0.91
Drg1,0.0273,0.9065844922540648,0.952,60.94
2810457G06Rik,0.0261,0.9104341759783706,0.954,0.47
Mybl1,0.026,0.9110154373730976,0.954,2.02
Or5p58,0.026,0.9110154373730976,0.954,0.51
Prdx1,0.026,0.9110154373730976,0.954,305.98
2010204K13Rik,0.026,0.9110154373730976,0.954,3.99
Gm14057,0.026,0.9110154373730976,0.954,0.94
Gm16485,0.026,0.9110154373730976,0.954,2.75
Usp14,0.026,0.9110154373730976,0.954,174.0
E230001N04Rik,0.026,0.9110154373730976,0.954,1.7
Vps28,0.026,0.9110154373730976,0.954,150.11
Bcl6,0.026,0.9110154373730976,0.954,6.36
Gm5905,0.026,0.9110154373730976,0.954,1.43
Hook2,0.026,0.9110154373730976,0.954,7.31
Fam169a,0.026,0.9110154373730976,0.954,34.58
Pomt2,0.026,0.9110154373730976,0.954,17.63
Gm44386,0.026,0.9109866426377239,0.954,0.59
Slc35f6,0.026,0.9110154373730976,0.954,29.77
Tmem42,0.026,0.9110154373730976,0.954,21.0
Taco1,0.026,0.9110154373730976,0.954,1.83
Xlr3b,0.026,0.9110154373730976,0.954,3.56
Gm10269,0.0247,0.9154489258699161,0.9564,1.28
Gm36989,0.0247,0.9154489258699161,0.9564,0.6
Cwc25,0.0247,0.9154489258699161,0.9564,19.0
Tmbim4,0.0247,0.9154489258699161,0.9564,94.73
Cox7a2,0.0247,0.9154489258699161,0.9564,1229.06
Rfwd3,0.0247,0.9154489258699161,0.9564,16.96
Rpl10-ps3,0.0247,0.9154489258699161,0.9564,5.01
Doc2g,0.0247,0.9154489258699161,0.9564,1.31
Prrc1,0.0247,0.9154489258699161,0.9564,43.67
Mrpl14,0.0247,0.9154489258699161,0.9564,121.54
Nts,0.0247,0.9153392848632916,0.9564,33.27
Gm15832,0.0247,0.9154489258699161,0.9564,1.22
Abhd3,0.0247,0.9154489258699161,0.9564,10.77
Prps1l3,0.0247,0.9154489258699161,0.9564,3.78
9430053O09Rik,0.0235,0.9196242565453534,0.9588,0.6
Gm47033,0.0235,0.9196242565453534,0.9588,1.28
Capza1,0.0234,0.9198848317686953,0.9588,43.05
Rad23b,0.0234,0.9198848317686953,0.9588,132.7
Rnf157,0.0234,0.9198848317686953,0.9588,111.89
Noxred1,0.0234,0.91985888822878,0.9588,0.81
Dnaaf2,0.0234,0.9198848317686953,0.9588,1.94
AW822252,0.0234,0.9198848317686953,0.9588,1.35
Gm9843,0.0234,0.9198848317686953,0.9588,31.97
Gm43712,0.0234,0.9198848317686953,0.9588,2.66
Gm37397,0.0234,0.9198848317686953,0.9588,2.23
Mrpl1,0.0234,0.9198848317686953,0.9588,9.96
Lrrd1,0.0234,0.9198848317686953,0.9588,1.46
Gm37258,0.0234,0.9198848317686953,0.9588,8.05
Xiap,0.0234,0.9198848317686953,0.9588,101.83
Gm37443,0.0234,0.9198848317686953,0.9588,0.86
Rcan1,0.0234,0.9198848317686953,0.9588,40.66
Adora2a,0.0234,0.9198848317686953,0.9588,39.72
Slc24a5,0.0234,0.9198848317686953,0.9588,26.77
Gm43343,0.0234,0.9198848317686953,0.9588,5.03
Rpa3,0.0234,0.9198848317686953,0.9588,13.35
Mnd1,0.0234,0.9198848317686953,0.9588,2.0
Phactr4,0.0234,0.9198848317686953,0.9588,11.63
Zcchc10,0.0234,0.9198848317686953,0.9588,22.53
Nme3,0.0234,0.9198848317686953,0.9588,2.18
Tas1r1,0.0227,0.9220784225152437,0.9605,0.4
Rpl5,0.0221,0.9243230289105082,0.9605,131.11
Mcts2,0.0221,0.9243230289105082,0.9605,17.27
Gpbp1,0.0221,0.9243230289105082,0.9605,64.37
Lonrf2,0.0221,0.9243230289105082,0.9605,137.71
Shld2,0.0221,0.9243230289105082,0.9605,3.74
Cldn34c1,0.0221,0.9243230289105082,0.9605,12.17
Fam120a,0.0221,0.9243230289105082,0.9605,71.04
Gm44704,0.0221,0.9243230289105082,0.9605,0.75
Pphln1,0.0221,0.9243230289105082,0.9605,29.2
Ccdc65,0.0221,0.9243230289105082,0.9605,1.1
Rmc1,0.0221,0.9243230289105082,0.9605,8.66
Slc1a6,0.0221,0.9243230289105082,0.9605,5.34
Sun1,0.0221,0.9243230289105082,0.9605,26.49
Rims3,0.0221,0.9243230289105082,0.9605,172.21
Zfp804a,0.0221,0.9243230289105082,0.9605,63.99
Mpc2,0.0221,0.9243230289105082,0.9605,232.79
Ier3ip1,0.0221,0.9243230289105082,0.9605,225.66
Gm38299,0.0221,0.9243230289105082,0.9605,4.76
Gm10419,0.0221,0.9243230289105082,0.9605,70.86
Gm37879,0.0214,0.9265191479820837,0.9621,0.51
Adrm1b,0.0214,0.9265191479820837,0.9621,0.79
Podnl1,0.0209,0.928297414015849,0.9621,0.51
Tmem216,0.0208,0.9287633909628463,0.9621,7.63
Rps19-ps6,0.0208,0.9287633909628463,0.9621,1.49
Slc16a6,0.0208,0.9287633909628463,0.9621,4.47
9230112J17Rik,0.0208,0.9286709223511582,0.9621,0.66
9330162012Rik,0.0208,0.9287633909628463,0.9621,2.47
Gm26873,0.0208,0.9285315417808535,0.9621,0.41
Pus3,0.0208,0.9287633909628463,0.9621,4.24
Gm38973,0.0208,0.9287633909628463,0.9621,0.72
Syngr1,0.0208,0.9287633909628463,0.9621,393.39
6330418K02Rik,0.0208,0.9287633909628463,0.9621,9.76
Sptlc2,0.0208,0.9287633909628463,0.9621,30.27
Grpel2,0.0208,0.9287633909628463,0.9621,15.25
Per3,0.0208,0.9287633909628463,0.9621,11.59
Mtrex,0.0208,0.9287633909628463,0.9621,19.25
Rbm45,0.0208,0.9287633909628463,0.9621,3.75
Doc2b,0.0208,0.9287633909628463,0.9621,13.59
Gpatch3,0.0208,0.9287633909628463,0.9621,2.11
Tiam1,0.0195,0.9332057914291583,0.9641,3.96
Dtymk,0.0195,0.9332057914291583,0.9641,37.11
Rnf181,0.0195,0.9332057914291583,0.9641,49.34
Rps18-ps5,0.0195,0.9332057914291583,0.9641,0.6
Acp1,0.0195,0.9332057914291583,0.9641,150.33
Ric1,0.0195,0.9332057914291583,0.9641,9.7
Fpgs,0.0195,0.9332057914291583,0.9641,11.83
Gm37660,0.0195,0.9332057914291583,0.9641,0.68
Tnks1bp1,0.0195,0.9332057914291583,0.9641,54.39
Tomm6,0.0195,0.9332057914291583,0.9641,48.97
Gm54627,0.0195,0.9332057914291583,0.9641,0.81
Cys1,0.0195,0.9332057914291583,0.9641,7.26
Surf1,0.0195,0.9332057914291583,0.9641,114.93
Pgrmc2,0.0195,0.9332057914291583,0.9641,85.69
Neurl1b,0.0195,0.9332057914291583,0.9641,4.58
Clcn6,0.0195,0.9332057914291583,0.9641,99.76
9430037G07Rik,0.0195,0.9332057914291583,0.9641,2.21
Galr1,0.019,0.9346827166135628,0.9656,1.14
Atp5f1c,0.0182,0.9376501036584043,0.9663,239.52
Pdia6,0.0182,0.9376501036584043,0.9663,62.19
Ppp2r3d,0.0182,0.9376501036584043,0.9663,27.56
Zbtb33,0.0182,0.9376501036584043,0.9663,11.51
Rtel1,0.0182,0.9376501036584043,0.9663,8.42
Pnpla7,0.0182,0.9376501036584043,0.9663,3.71
Lyz2,0.0182,0.9376501036584043,0.9663,4.95
Spns2,0.0182,0.9376501036584043,0.9663,14.69
Mre11a,0.0182,0.9376501036584043,0.9663,6.15
Nme1,0.0182,0.9376501036584043,0.9663,248.44
Gm49769,0.0182,0.9376501036584043,0.9663,8.73
Ddx52,0.0182,0.9376501036584043,0.9663,13.17
Txnrd1,0.0182,0.9376501036584043,0.9663,121.38
Fcho1,0.0182,0.9376501036584043,0.9663,17.11
Btbd7,0.0182,0.9376501036584043,0.9663,39.96
St13,0.0182,0.9376501036584043,0.9663,161.89
Rbp7,0.0176,0.9396771066232471,0.9683,0.63
Gm47079,0.017,0.9417171187914659,0.9685,0.62
Lingo2,0.0169,0.9420962008546323,0.9685,30.49
Gm14412,0.0169,0.9420962008546323,0.9685,0.92
Myo1b,0.0169,0.9420962008546323,0.9685,63.7
Myg1,0.0169,0.9420962008546323,0.9685,18.27
Hemk1,0.0169,0.9420962008546323,0.9685,12.19
Ndufb4,0.0169,0.9420962008546323,0.9685,56.16
Pcm1,0.0169,0.9420962008546323,0.9685,60.11
Mrps22,0.0169,0.9420962008546323,0.9685,7.73
Gm15327,0.0169,0.9420774221403395,0.9685,0.71
Emc7,0.0169,0.9420962008546323,0.9685,112.39
Ppp2r5a,0.0169,0.9420962008546323,0.9685,11.09
Ccdc86,0.0169,0.9420962008546323,0.9685,6.29
Gm31645,0.0169,0.9420774221403395,0.9685,0.59
Ercc8,0.0169,0.9420962008546323,0.9685,6.18
Smarca1,0.0169,0.9420962008546323,0.9685,37.24
Ncoa2,0.0169,0.9420962008546323,0.9685,57.06
Arhgap36,0.0169,0.9420962008546323,0.9685,2.86
Majin,0.0169,0.9420209761857863,0.9685,1.39
Zfp384,0.0169,0.9420962008546323,0.9685,6.66
Zfp637,0.0169,0.9420962008546323,0.9685,39.24
A930009A15Rik,0.0162,0.9443018193955294,0.9706,0.94
Rpl12,0.0156,0.9465439560865643,0.971,250.27
Ppargc1b,0.0156,0.9465439560865643,0.971,16.0
Osbpl3,0.0156,0.9465439560865643,0.971,130.95
Gm2762,0.0156,0.9465439560865643,0.971,0.75
Zfp784,0.0156,0.9465439560865643,0.971,1.81
Uqcc3,0.0156,0.9465439560865643,0.971,128.38
6720483E21Rik,0.0156,0.9465439560865643,0.971,1.1
Disp2,0.0156,0.9465439560865643,0.971,194.19
Dnajb2,0.0156,0.9465439560865643,0.971,83.28
Samd8,0.0156,0.9465439560865643,0.971,42.92
Iftap,0.0156,0.9465439560865643,0.971,28.84
Gm13307,0.0156,0.9465439560865643,0.971,3.07
Zbtb2,0.0156,0.9465439560865643,0.971,4.31
Dpyd,0.0156,0.9465439560865643,0.971,12.89
Zfp937,0.0156,0.9465439560865643,0.971,3.02
Rps16,0.0143,0.9509932422972027,0.9732,708.38
Ppp1r12a,0.0143,0.9509932422972027,0.9732,64.86
Znfx1,0.0143,0.9509932422972027,0.9732,50.46
Rpl38,0.0143,0.9509932422972027,0.9732,886.66
Nsa2,0.0143,0.9509932422972027,0.9732,95.54
Gm5093,0.0143,0.9509932422972027,0.9732,1.78
Ptgr2,0.0143,0.9509932422972027,0.9732,22.06
Fh1,0.0143,0.9509932422972027,0.9732,21.84
Mrps35,0.0143,0.9509932422972027,0.9732,22.22
Slirp,0.0143,0.9509932422972027,0.9732,95.44
Gm5786,0.0143,0.9509932422972027,0.9732,0.43
Jmjd7,0.0143,0.9509932422972027,0.9732,3.33
Eif3h,0.0143,0.9509932422972027,0.9732,204.9
Per2,0.0143,0.9509932422972027,0.9732,2.24
Srbd1,0.0143,0.9509932422972027,0.9732,7.07
4933440N22Rik,0.0143,0.9509932422972027,0.9732,0.85
Ltk,0.0143,0.9509932422972027,0.9732,32.69
Fadd,0.0143,0.9509932422972027,0.9732,1.84
Oasl2,0.0143,0.9509932422972027,0.9732,50.48
Errfi1,0.0143,0.9509932422972027,0.9732,26.5
Cars2,0.0143,0.9509932422972027,0.9732,10.09
Muc3a,0.0143,0.9509932422972027,0.9732,2.65
Cadm1,0.0143,0.9509932422972027,0.9732,813.95
Ginm1,0.0143,0.9509932422972027,0.9732,11.13
Irs3,0.0136,0.9532032395716943,0.975,0.55
Gpihbp1,0.0136,0.9532032395716943,0.975,0.71
Scamp1,0.013,0.9554439323134464,0.9751,265.27
Hsf2,0.013,0.9554439323134464,0.9751,32.18
Pip5kl1,0.013,0.9554439323134464,0.9751,3.01
Zfp174,0.013,0.9554439323134464,0.9751,4.95
Pcnp,0.013,0.9554439323134464,0.9751,173.65
Fam107b,0.013,0.9554439323134464,0.9751,28.06
Katnal1,0.013,0.9554439323134464,0.9751,67.77
Gm38077,0.013,0.9554439323134464,0.9751,1.08
Obi1,0.013,0.9554439323134464,0.9751,19.96
Fcer1g,0.013,0.9554439323134464,0.9751,2.75
Dhrs1,0.013,0.9554439323134464,0.9751,85.45
Sap30l,0.013,0.9554439323134464,0.9751,87.07
Tmem168,0.013,0.9554439323134464,0.9751,32.06
Tigd5,0.013,0.9554439323134464,0.9751,2.65
Gm20008,0.013,0.9554439323134464,0.9751,1.29
Rpl36a,0.013,0.9554439323134464,0.9751,488.63
Mfsd5,0.013,0.9554439323134464,0.9751,30.94
Ptk2b,0.013,0.9554439323134464,0.9751,3.16
Prune2,0.013,0.9554439323134464,0.9751,938.41
Gm19026,0.0117,0.9598958988557218,0.9781,0.93
Bok,0.0117,0.9598958988557218,0.9781,25.61
AA986860,0.0117,0.9598958988557218,0.9781,2.34
Cpq,0.0117,0.9598958988557218,0.9781,12.64
Gm42548,0.0117,0.9598958988557218,0.9781,1.6
Zfp472,0.0117,0.9598958988557218,0.9781,1.85
Eif3j2,0.0117,0.9598958988557218,0.9781,3.2
Pecam1,0.0117,0.9598958988557218,0.9781,2.16
Wapl,0.0117,0.9598958988557218,0.9781,37.43
Rps25-ps1,0.0117,0.9598958988557218,0.9781,1.45
Tmem184c,0.0117,0.9598958988557218,0.9781,64.82
Gm44895,0.0117,0.9598958988557218,0.9781,2.62
Nsa2-ps1,0.0117,0.9598958988557218,0.9781,0.78
Usp38,0.0117,0.9598958988557218,0.9781,16.03
Angel2,0.0117,0.9598958988557218,0.9781,25.71
Gm29502,0.011,0.9621100255809726,0.9802,1.47
Ncoa5,0.0104,0.9643490145476253,0.9805,23.51
Psmd13,0.0104,0.9643490145476253,0.9805,57.55
Gm43022,0.0104,0.9643490145476253,0.9805,3.77
Npm1,0.0104,0.9643490145476253,0.9805,249.16
Pigl,0.0104,0.9643490145476253,0.9805,2.42
Fhip2b,0.0104,0.9643490145476253,0.9805,27.13
Fbxw7,0.0104,0.9643490145476253,0.9805,82.26
Zc3h12a,0.0104,0.9643490145476253,0.9805,2.76
2810013P06Rik,0.0104,0.9643490145476253,0.9805,20.68
Nkrf,0.0104,0.9643490145476253,0.9805,17.63
H2az2,0.0104,0.9643490145476253,0.9805,97.19
Mrpl53,0.0104,0.9643490145476253,0.9805,3.15
Impact,0.0104,0.9643490145476253,0.9805,126.73
Gm12568,0.0104,0.9643490145476253,0.9805,0.67
5930430L01Rik,0.0104,0.9643490145476253,0.9805,2.39
Edc3,0.0104,0.9643490145476253,0.9805,17.9
1700001L05Rik,0.0091,0.9688031519255759,0.9828,2.85
Ppp2r5d,0.0091,0.9688031519255759,0.9828,37.86
Cfap90,0.0091,0.9688031519255759,0.9828,10.29
Gm4419,0.0091,0.9688031519255759,0.9828,2.45
Fam20b,0.0091,0.9688031519255759,0.9828,61.71
Trim27,0.0091,0.9688031519255759,0.9828,17.27
Mcm6,0.0091,0.9688031519255759,0.9828,3.85
Ccdc113,0.0091,0.9687625764868439,0.9828,0.51
Mrpl52,0.0091,0.9688031519255759,0.9828,218.85
Hgs,0.0091,0.9688031519255759,0.9828,69.43
Gm43909,0.0091,0.9687625764868439,0.9828,0.67
Etv6,0.0091,0.9688031519255759,0.9828,8.15
Amigo2,0.0091,0.9688031519255759,0.9828,86.85
Gm48334,0.0091,0.9688031519255759,0.9828,5.08
Ampd2,0.0091,0.9688031519255759,0.9828,32.74
Snap25,0.0091,0.9688031519255759,0.9828,1668.14
2610507I01Rik,0.0091,0.9688031519255759,0.9828,3.52
Gm44065,0.0084,0.971021157450071,0.985,0.57
Stc1,0.0079,0.9727584699803932,0.985,0.64
Osgep,0.0078,0.9732581834484768,0.985,25.04
Ncor1,0.0078,0.9732581834484768,0.985,145.96
L2hgdh,0.0078,0.9732581834484768,0.985,3.17
Uqcc4,0.0078,0.9732581834484768,0.985,48.28
Tspyl2,0.0078,0.9732581834484768,0.985,56.65
Cxcl2,0.0078,0.9732581834484768,0.985,1.97
Carf,0.0078,0.9732581834484768,0.985,8.88
Abcb10,0.0078,0.9732581834484768,0.985,26.49
Gm47204,0.0078,0.9732581834484768,0.985,2.01
Lrrc61,0.0078,0.9732581834484768,0.985,14.41
Gm4459,0.0078,0.9732494997997492,0.985,1.01
Alg9,0.0078,0.9732581834484768,0.985,17.21
Utp3,0.0078,0.9732581834484768,0.985,21.15
Gm10221,0.0078,0.9732581834484768,0.985,3.11
Herpud1,0.0078,0.9732581834484768,0.985,33.63
Shroom3,0.0078,0.9732581834484768,0.985,7.67
Srsf3-ps,0.0072,0.975406037219696,0.9871,0.46
Gm47588,0.0067,0.9770802874624475,0.9874,0.22
Fbxw4,0.0065,0.9777139815073872,0.9874,18.44
Celf1,0.0065,0.9777139815073872,0.9874,74.92
Gm14029,0.0065,0.9777139815073872,0.9874,1.0
H2-Eb1,0.0065,0.9777139815073872,0.9874,9.15
Iws1,0.0065,0.9777139815073872,0.9874,25.95
BC025920,0.0065,0.9777139815073872,0.9874,1.51
Ptgr1,0.0065,0.9777139815073872,0.9874,4.85
Ndufa11,0.0065,0.9777139815073872,0.9874,564.26
Zfp874a,0.0065,0.9777139815073872,0.9874,7.51
Lin7c,0.0065,0.9777139815073872,0.9874,50.14
Rplp0,0.0065,0.9777139815073872,0.9874,734.78
Prdx2,0.0065,0.9777139815073872,0.9874,337.19
Ackr1,0.0065,0.9777139815073872,0.9874,143.33
A430057M04Rik,0.0065,0.9777139815073872,0.9874,0.88
Ppib,0.0065,0.9777139815073872,0.9874,83.48
Rpl18-ps2,0.0065,0.977706743991756,0.9874,0.59
Aldh1a3,0.0065,0.9777139815073872,0.9874,5.37
Slc6a7,0.0065,0.9777139815073872,0.9874,4.16
Sox8,0.0058,0.9799356138860672,0.9895,0.68
Hand2os1,0.0053,0.9819643213257185,0.9895,28.83
Btnl12,0.0053,0.9818371787872208,0.9895,0.33
Iqcg,0.0052,0.9821704184352004,0.9895,2.54
Eif4e2,0.0052,0.9821704184352004,0.9895,62.63
Syf2,0.0052,0.9821704184352004,0.9895,51.98
Spdef,0.0052,0.9821646276753117,0.9895,0.79
Tinf2,0.0052,0.9821704184352004,0.9895,4.97
Ppp1r13l,0.0052,0.9821704184352004,0.9895,4.34
Wdhd1,0.0052,0.9821704184352004,0.9895,5.6
Gm47693,0.0052,0.9821704184352004,0.9895,1.3
Wdr36,0.0052,0.9821704184352004,0.9895,10.79
Slfn5,0.0052,0.9821704184352004,0.9895,1.31
Gabpb2,0.0052,0.9821704184352004,0.9895,5.99
Gm45483,0.0052,0.9821704184352004,0.9895,7.99
Mexis,0.0052,0.9821472214834844,0.9895,2.48
Rpl11,0.0052,0.9821704184352004,0.9895,1585.75
Slc25a46,0.0052,0.9821704184352004,0.9895,148.79
Nsmce2,0.0052,0.9821704184352004,0.9895,19.89
Chchd4,0.0052,0.9821704184352004,0.9895,56.15
Cse1l,0.0052,0.9821704184352004,0.9895,34.05
Fzd6,0.0052,0.9821704184352004,0.9895,3.49
Polr1h,0.0039,0.9866273665163273,0.9921,27.95
2810402E24Rik,0.0039,0.9866273665163273,0.9921,3.65
Rpl23a,0.0039,0.9866273665163273,0.9921,357.14
Ss18l2,0.0039,0.9866273665163273,0.9921,107.19
Mical2,0.0039,0.9866273665163273,0.9921,9.28
Glrx3,0.0039,0.9866273665163273,0.9921,85.51
Nsun2,0.0039,0.9866273665163273,0.9921,41.69
Laptm4a,0.0039,0.9866273665163273,0.9921,176.34
Gm42732,0.0039,0.9866273665163273,0.9921,0.76
Rps19bp1,0.0039,0.9866273665163273,0.9921,36.18
Ifitm7,0.0039,0.9866273665163273,0.9921,0.69
Prkra,0.0039,0.9866273665163273,0.9921,29.5
Gm12116,0.0039,0.9866273665163273,0.9921,4.45
Tmem202,0.0026,0.9910846979963881,0.9942,6.43
Actr3,0.0026,0.9910846979963881,0.9942,131.52
Ccnb2,0.0026,0.9910846979963881,0.9942,0.57
Sdk1,0.0026,0.9910846979963881,0.9942,4.62
Gm43920,0.0026,0.9910846979963881,0.9942,0.97
Rtl5,0.0026,0.9910846979963881,0.9942,14.09
Atic,0.0026,0.9910846979963881,0.9942,23.78
Acta1,0.0026,0.9910846979963881,0.9942,14.54
Gm30906,0.0026,0.9910730975223742,0.9942,0.84
Ssh3,0.0026,0.9910846979963881,0.9942,12.21
AA386476,0.0026,0.9910846979963881,0.9942,0.55
Uba52,0.0026,0.9910846979963881,0.9942,174.89
Eif3j1,0.0026,0.9910846979963881,0.9942,84.76
Ngly1,0.0026,0.9910846979963881,0.9942,22.92
4930577N17Rik,0.0026,0.9910846979963881,0.9942,1.02
Usp24,0.0026,0.9910846979963881,0.9942,13.64
Snx24,0.0026,0.9910846979963881,0.9942,6.94
Gm3325,0.002,0.993291652226563,0.9963,0.43
Rpl7a,0.0013,0.9955422850919049,0.9965,424.5
Trpm2,0.0013,0.9955422850919049,0.9965,12.65
Peg3,0.0013,0.9955422850919049,0.9965,300.87
Rpl13,0.0013,0.9955422850919049,0.9965,1412.47
Cfap68,0.0013,0.9955422850919049,0.9965,67.27
Ski,0.0013,0.9955422850919049,0.9965,64.99
Tmem170b,0.0013,0.9955422850919049,0.9965,17.56
Znhit6,0.0013,0.9955422850919049,0.9965,12.21
Zfp934,0.0013,0.9955422850919049,0.9965,5.55
Mastl,0.0013,0.9955422850919049,0.9965,1.84
Tex2,0.0013,0.9955422850919049,0.9965,121.13
Gm12905,0.0013,0.9955422850919049,0.9965,0.81
Arf3,0.0013,0.9955422850919049,0.9965,560.22
Nenf,0.0013,0.9955422850919049,0.9965,478.11
Prtg,0.0013,0.9955422850919049,0.9965,2.48
Zfp786,0.0013,0.9955364846051047,0.9965,0.86
Aloxe3,0.0013,0.9955422850919049,0.9965,0.85
Runx3,0.0013,0.9955364846051047,0.9965,25.13
Plppr1,0.0007,0.9977638625640369,0.9985,2.03
Cltb,0.0,1.0,1.0,326.56
Lats1,0.0,1.0,1.0,21.6
Sdhaf3,0.0,1.0,1.0,31.74
Atp5f1a,0.0,1.0,1.0,498.38
Pkia,0.0,1.0,1.0,54.61
Gm49783,0.0,1.0,1.0,0.79
Bysl,0.0,1.0,1.0,18.12
Arrdc3,0.0,1.0,1.0,14.23
Rmst,0.0,1.0,1.0,5.26
Vdac1,0.0,1.0,1.0,464.71
Zfp54,0.0,1.0,1.0,1.13
Lhfpl4,0.0,1.0,1.0,152.0
Gm37675,-0.0006,0.9977704105490508,0.9985,0.73
Dctd,-0.0006,0.9977704105490508,0.9985,1.67
Nme-ps1,-0.0006,0.9977704105490508,0.9985,1.16
Trmt2b,-0.0013,0.9955422850919049,0.9965,19.54
1700112J16Rik,-0.0013,0.9955422850919049,0.9965,2.25
Gm49747,-0.0013,0.9955408370904756,0.9965,0.72
Psmg4,-0.0013,0.9955422850919049,0.9965,60.3
Thbs3,-0.0013,0.9955422850919049,0.9965,5.35
Rars1,-0.0013,0.9955422850919049,0.9965,13.93
Ctrl,-0.0013,0.9955408370904756,0.9965,0.52
Arhgef19,-0.0013,0.9955422850919049,0.9965,8.63
Pfdn5,-0.0013,0.9955422850919049,0.9965,658.04
Ar,-0.0013,0.9955422850919049,0.9965,35.59
L3mbtl4,-0.0013,0.9955422850919049,0.9965,6.08
Mns1,-0.0013,0.9955422850919049,0.9965,2.0
Tspyl3,-0.0013,0.9955422850919049,0.9965,19.74
Ttc36,-0.0013,0.9955422850919049,0.9965,0.78
Ptgdr,-0.0013,0.9955422850919049,0.9965,6.75
Pitpna,-0.0013,0.9955422850919049,0.9965,287.54
Gm55377,-0.002,0.993291652226563,0.9963,0.57
Naa15,-0.0026,0.9910846979963881,0.9942,66.66
Prdm4,-0.0026,0.9910846979963881,0.9942,23.24
1700001G17Rik,-0.0026,0.9910730975223742,0.9942,0.62
Ank2,-0.0026,0.9910846979963881,0.9942,1316.14
A230081H15Rik,-0.0026,0.9910846979963881,0.9942,0.89
Gm48601,-0.0026,0.9910846979963881,0.9942,0.63
Slc10a4,-0.0026,0.9910846979963881,0.9942,66.88
Pdrg1,-0.0026,0.9910846979963881,0.9942,55.19
2610306M01Rik,-0.0026,0.9910846979963881,0.9942,13.4
Dhx8,-0.0026,0.9910846979963881,0.9942,10.38
Gatm,-0.0026,0.9910846979963881,0.9942,70.05
Runx2,-0.0026,0.9910818021181217,0.9942,1.87
Inip,-0.0026,0.9910846979963881,0.9942,15.05
Josd2,-0.0026,0.9910846979963881,0.9942,105.82
Gatd3a,-0.0026,0.9910846979963881,0.9942,37.09
Tpm3-rs7,-0.0026,0.9910846979963881,0.9942,0.76
Aimp1,-0.0026,0.9910846979963881,0.9942,99.66
Cinp,-0.0026,0.9910846979963881,0.9942,32.12
Ppic,-0.0026,0.9910846979963881,0.9942,0.83
Ccsap,-0.0026,0.9910846979963881,0.9942,5.29
Rbm41,-0.0032,0.9888523725863586,0.9942,0.82
Serpinb8,-0.0033,0.9888196354875158,0.9942,1.1
Lcmt2,-0.0039,0.9866273665163273,0.9921,4.06
Nfe2l1,-0.0039,0.9866273665163273,0.9921,534.32
Vps26b,-0.0039,0.9866273665163273,0.9921,65.41
Nln,-0.0039,0.9866273665163273,0.9921,12.33
Spint2,-0.0039,0.9866273665163273,0.9921,11.64
Mtfmt,-0.0039,0.9866273665163273,0.9921,5.54
Atp5pb,-0.0039,0.9866273665163273,0.9921,260.07
Scaf1,-0.0039,0.9866273665163273,0.9921,64.75
mt-Tm,-0.0039,0.9866273665163273,0.9921,1.26
Fxyd6,-0.0039,0.9866273665163273,0.9921,562.03
Atl2,-0.0039,0.9866273665163273,0.9921,42.75
Lyrm9,-0.0039,0.9866273665163273,0.9921,64.11
Cd82,-0.0039,0.9866273665163273,0.9921,11.96
9530059O14Rik,-0.0039,0.9866273665163273,0.9921,110.19
Ccdc62,-0.0039,0.9866273665163273,0.9921,2.4
Gm15708,-0.0039,0.9866273665163273,0.9921,0.81
Map3k4,-0.0039,0.9866273665163273,0.9921,45.09
Col9a3,-0.0045,0.9843937693780446,0.9917,0.72
Tnfsf13os,-0.0052,0.9821704184352004,0.9895,0.75
Tyms,-0.0052,0.9821704184352004,0.9895,2.57
Cox7b,-0.0052,0.9821704184352004,0.9895,473.19
Rbm8a,-0.0052,0.9821704184352004,0.9895,61.94
Entpd7,-0.0052,0.9821704184352004,0.9895,7.77
Lyar,-0.0052,0.9821704184352004,0.9895,13.98
Fmnl1,-0.0052,0.9821704184352004,0.9895,14.48
Gm48582,-0.0052,0.9821704184352004,0.9895,5.14
Fbxw2,-0.0052,0.9821704184352004,0.9895,77.06
Hpn,-0.0052,0.9821472214834844,0.9895,0.87
App,-0.0052,0.9821704184352004,0.9895,906.16
Ywhag,-0.0052,0.9821704184352004,0.9895,2067.81
Acaa2,-0.0052,0.9821704184352004,0.9895,27.75
Vps50,-0.0052,0.9821704184352004,0.9895,31.29
Zmynd19,-0.0052,0.9821704184352004,0.9895,16.41
Fcmr,-0.0062,0.9787729901262645,0.9884,0.41
Gck,-0.0065,0.9777139815073872,0.9874,3.69
E230029C05Rik,-0.0065,0.9777139815073872,0.9874,4.06
4930405N21Rik,-0.0065,0.9776849890637866,0.9874,0.73
Gm42728,-0.0065,0.9777139815073872,0.9874,0.55
Gm15446,-0.0065,0.9777139815073872,0.9874,6.44
Zfyve26,-0.0065,0.9777139815073872,0.9874,9.1
Vps8,-0.0065,0.9777139815073872,0.9874,16.09
Edem2,-0.0065,0.9777139815073872,0.9874,15.41
Lepr,-0.0065,0.9775678773753802,0.9874,0.52
BC004004,-0.0065,0.9777139815073872,0.9874,65.29
Fdx2,-0.0065,0.9777139815073872,0.9874,17.74
Nynrin,-0.0065,0.9777139815073872,0.9874,24.99
St18,-0.0065,0.9777139815073872,0.9874,84.24
Mthfr,-0.0065,0.9777139815073872,0.9874,17.29
Gm16638,-0.0065,0.9777139815073872,0.9874,11.36
C4b,-0.0078,0.9732581834484768,0.985,2.36
Uchl5,-0.0078,0.9732581834484768,0.985,31.36
C630004M23Rik,-0.0078,0.9732581834484768,0.985,0.96
Gm44769,-0.0078,0.9732581834484768,0.985,1.68
Ccdc74a,-0.0078,0.9732581834484768,0.985,26.49
Nsun6,-0.0078,0.9732581834484768,0.985,8.39
Nt5m,-0.0078,0.9732581834484768,0.985,53.41
Crnkl1,-0.0078,0.9732581834484768,0.985,9.67
Wbp1l,-0.0078,0.9732581834484768,0.985,19.87
Gm37914,-0.0078,0.9732581834484768,0.985,0.78
Pus1,-0.0078,0.9732581834484768,0.985,11.58
Psmb9,-0.0078,0.9732581834484768,0.985,5.19
Adamts13,-0.0078,0.9730828863196496,0.985,0.48
Zfp180,-0.0078,0.9732581834484768,0.985,32.35
Gm42521,-0.0078,0.9732581834484768,0.985,0.5
Acot4,-0.0078,0.9732581834484768,0.985,1.38
Gm6444,-0.0078,0.9732581834484768,0.985,0.51
Gas5,-0.0078,0.9732581834484768,0.985,491.99
Aven,-0.0078,0.9732581834484768,0.985,7.92
Slc11a1,-0.0078,0.9732494997997492,0.985,0.89
Kif2a,-0.0078,0.9732581834484768,0.985,93.37
Rab2b,-0.0091,0.9688031519255759,0.9828,63.97
Gm13830,-0.0091,0.9688031519255759,0.9828,2.88
Hhip,-0.0091,0.9687014153797724,0.9828,1.29
Gm37621,-0.0091,0.9688031519255759,0.9828,3.37
H2-Q7,-0.0091,0.9688031519255759,0.9828,1.45
Irgq,-0.0091,0.9688031519255759,0.9828,92.87
Ro60,-0.0091,0.9688031519255759,0.9828,55.92
Samd10,-0.0091,0.9688031519255759,0.9828,45.19
Sarnp,-0.0091,0.9688031519255759,0.9828,132.54
Daglb,-0.0091,0.9688031519255759,0.9828,19.73
Rai14,-0.0091,0.9688031519255759,0.9828,2.27
Gm4631,-0.0091,0.9688031519255759,0.9828,8.77
Nbn,-0.0091,0.9688031519255759,0.9828,5.2
Wbp2,-0.0091,0.9688031519255759,0.9828,341.83
Dlec1,-0.0091,0.9688031519255759,0.9828,1.03
Emcn,-0.0091,0.9687625764868439,0.9828,0.89
Mlh3,-0.0091,0.9688031519255759,0.9828,5.41
Gpr141,-0.0092,0.9684426545648913,0.9828,0.92
Ldhd,-0.0104,0.9643490145476253,0.9805,20.28
Rpl35a,-0.0104,0.9643490145476253,0.9805,790.25
Chrac1,-0.0104,0.9643490145476253,0.9805,45.92
Rab11a,-0.0104,0.9643490145476253,0.9805,236.17
Rmnd5b,-0.0104,0.9643490145476253,0.9805,20.39
Arhgap5,-0.0104,0.9643490145476253,0.9805,77.17
Cenpp,-0.0104,0.9643490145476253,0.9805,0.96
Mlip,-0.0104,0.9643374409979736,0.9805,0.71
Pigf,-0.0104,0.9643490145476253,0.9805,8.83
Parp1,-0.0104,0.9643490145476253,0.9805,69.27
Hprt1,-0.0104,0.9643490145476253,0.9805,217.91
Cops6,-0.0104,0.9643490145476253,0.9805,88.72
Smim7,-0.0104,0.9643490145476253,0.9805,118.0
Rcor1,-0.0104,0.9643490145476253,0.9805,32.3
Slc24a3,-0.0104,0.9643490145476253,0.9805,9.89
Sec22b,-0.0104,0.9643490145476253,0.9805,38.69
Grin2d,-0.0104,0.9643490145476253,0.9805,3.34
Slc7a11,-0.011,0.9621100255809726,0.9802,0.53
Cldn7,-0.011,0.9621100255809726,0.9802,0.37
Zfp317,-0.0117,0.9598958988557218,0.9781,13.29
Septin5,-0.0117,0.9598958988557218,0.9781,33.96
Rbm19,-0.0117,0.9598958988557218,0.9781,6.42
Mmaa,-0.0117,0.9598958988557218,0.9781,10.35
Dym,-0.0117,0.9598958988557218,0.9781,41.95
Atp5mg,-0.0117,0.9598958988557218,0.9781,151.92
Lrrn1,-0.0117,0.9598958988557218,0.9781,46.31
2900079G21Rik,-0.0117,0.9598958988557218,0.9781,16.92
Sag,-0.0117,0.9598958988557218,0.9781,3.33
Cfap74,-0.0117,0.9598958988557218,0.9781,1.36
Rps11-ps1,-0.013,0.9554439323134464,0.9751,12.76
Rnps1,-0.013,0.9554439323134464,0.9751,127.64
Eef1b2,-0.013,0.9554439323134464,0.9751,316.18
Unc13b,-0.013,0.9554439323134464,0.9751,12.56
Plod1,-0.013,0.9554439323134464,0.9751,10.82
Slc10a3,-0.013,0.9554439323134464,0.9751,3.25
Msh5,-0.013,0.9554439323134464,0.9751,1.23
Tmed8,-0.013,0.9554439323134464,0.9751,225.73
Mzf1,-0.013,0.9554439323134464,0.9751,2.0
Dolpp1,-0.013,0.9554439323134464,0.9751,35.89
P4ha1,-0.013,0.9554439323134464,0.9751,19.37
Ube2q1,-0.013,0.9554439323134464,0.9751,64.81
Metap2,-0.013,0.9554439323134464,0.9751,192.73
Itpripl2,-0.013,0.9554439323134464,0.9751,30.64
Ube2j2,-0.013,0.9554439323134464,0.9751,74.7
Ndfip2,-0.013,0.9554439323134464,0.9751,173.85
Gtpbp4,-0.013,0.9554439323134464,0.9751,36.39
mt-Ta,-0.013,0.9554439323134464,0.9751,1.23
Gm47088,-0.0136,0.9532032395716943,0.975,1.29
2900042K21Rik,-0.0136,0.9532032395716943,0.975,1.1
Lrcol1,-0.0137,0.9530659493622513,0.975,0.64
Ucp1,-0.0137,0.9530659493622513,0.975,0.49
Tbc1d25,-0.0143,0.9509932422972027,0.9732,7.89
Naif1,-0.0143,0.9509932422972027,0.9732,1.85
Gm45251,-0.0143,0.9509932422972027,0.9732,1.46
Cbx1,-0.0143,0.9509932422972027,0.9732,33.13
Lyset,-0.0143,0.9509932422972027,0.9732,19.68
Gm43707,-0.0143,0.9509932422972027,0.9732,2.05
Gm48551,-0.0143,0.9509932422972027,0.9732,2.76
Sft2d2,-0.0143,0.9509932422972027,0.9732,6.19
Gm49058,-0.0143,0.9509932422972027,0.9732,0.97
A930016O22Rik,-0.0143,0.9509932422972027,0.9732,2.17
Gm45750,-0.0143,0.9508335360813661,0.9732,0.69
Gm3558,-0.0143,0.9509932422972027,0.9732,1.38
Nop10,-0.0143,0.9509932422972027,0.9732,615.68
Gm10734,-0.0143,0.9509932422972027,0.9732,0.69
Id2,-0.0143,0.9509932422972027,0.9732,72.89
Gm48870,-0.0156,0.9465439560865643,0.971,0.66
Uqcrfs1,-0.0156,0.9465439560865643,0.971,160.47
Ttc33,-0.0156,0.9465439560865643,0.971,103.61
Hnrnph3,-0.0156,0.9465439560865643,0.971,36.68
Ddx59,-0.0156,0.9465439560865643,0.971,2.11
Mapk1,-0.0156,0.9465439560865643,0.971,219.26
Gm34672,-0.0156,0.9463697887629617,0.971,0.43
Gm19195,-0.0156,0.9465439560865643,0.971,0.61
Gm19202,-0.0156,0.9465439560865643,0.971,10.67
Ccni,-0.0156,0.9465439560865643,0.971,205.32
Brf2,-0.0156,0.9465439560865643,0.971,12.25
Bola3,-0.0156,0.9465439560865643,0.971,269.34
Rpl34-ps1,-0.0156,0.9465439560865643,0.971,1.74
Hmcn2,-0.0156,0.9465439560865643,0.971,2.57
Mta3,-0.0156,0.9465439560865643,0.971,11.71
Wdr5b,-0.0156,0.9465439560865643,0.971,1.91
Espn,-0.0156,0.9465439560865643,0.971,1.38
Col17a1,-0.0163,0.9441384868300206,0.9705,0.33
Tlr5,-0.0163,0.9439294298664498,0.9704,0.23
Gm13456,-0.0169,0.9420209761857863,0.9685,0.68
Lgalsl,-0.0169,0.9420962008546323,0.9685,26.59
Fkbp14,-0.0169,0.9420962008546323,0.9685,18.59
Mndal,-0.0169,0.9420962008546323,0.9685,1.36
B4galt5,-0.0169,0.9420962008546323,0.9685,80.13
Pgr,-0.0169,0.9420962008546323,0.9685,11.95
Zbtb41,-0.0169,0.9420962008546323,0.9685,20.36
2510046G10Rik,-0.0169,0.9420962008546323,0.9685,3.27
mt-Rnr2,-0.0169,0.9420962008546323,0.9685,1946.47
Hao1,-0.0169,0.9420962008546323,0.9685,0.54
Ccdc9,-0.0169,0.9420962008546323,0.9685,8.18
Acadm,-0.0169,0.9420962008546323,0.9685,66.64
Lmbrd2,-0.0169,0.9420962008546323,0.9685,153.11
Tmem120b,-0.0169,0.9420962008546323,0.9685,10.41
Cog2,-0.0169,0.9420962008546323,0.9685,11.64
Dlg2,-0.0169,0.9420962008546323,0.9685,84.8
Ror2,-0.0171,0.9414278700972164,0.9685,0.67
Atf2,-0.0182,0.9376501036584043,0.9663,92.59
Nostrin,-0.0182,0.9375691238788293,0.9663,0.44
Gm44694,-0.0182,0.9376501036584043,0.9663,3.97
Rasgrp3,-0.0182,0.9376501036584043,0.9663,1.13
Poldip3,-0.0182,0.9376501036584043,0.9663,53.53
Chchd5,-0.0182,0.9376501036584043,0.9663,25.02
Dnaaf11,-0.0182,0.9376501036584043,0.9663,1.02
Rngtt,-0.0182,0.9376501036584043,0.9663,25.74
Dip2c,-0.0182,0.9376501036584043,0.9663,71.02
Pacs2,-0.0182,0.9376501036584043,0.9663,71.15
Jak3,-0.0182,0.9376501036584043,0.9663,1.31
Cluh,-0.0182,0.9376501036584043,0.9663,87.84
Srrm4,-0.0182,0.9376501036584043,0.9663,72.53
Gm43081,-0.0182,0.9375691238788293,0.9663,0.64
Gm43133,-0.0182,0.9376501036584043,0.9663,0.85
Fdx1,-0.0182,0.9376501036584043,0.9663,42.46
Arvcf,-0.0182,0.9376501036584043,0.9663,52.47
Klf16,-0.0182,0.9376501036584043,0.9663,14.99
Pam16,-0.0182,0.9376501036584043,0.9663,159.54
Psma5-ps,-0.0188,0.9354067833967765,0.9661,0.67
Gm47860,-0.0188,0.9354067833967765,0.9661,0.54
Gm12715,-0.0188,0.9354067833967765,0.9661,0.92
U2surp,-0.0195,0.9332057914291583,0.9641,65.61
Psmb1,-0.0195,0.9332057914291583,0.9641,262.65
Tmem203,-0.0195,0.9332057914291583,0.9641,13.87
Zfp808,-0.0195,0.9332057914291583,0.9641,0.79
1300002E11Rik,-0.0195,0.9332057914291583,0.9641,20.66
Disp3,-0.0195,0.9332057914291583,0.9641,7.84
Psmc3,-0.0195,0.9332057914291583,0.9641,131.39
Brca1,-0.0195,0.9332057914291583,0.9641,1.46
Kcnk2,-0.0195,0.9332057914291583,0.9641,132.3
Gm6938,-0.0195,0.9331190635043157,0.9641,0.66
Pip4k2c,-0.0195,0.9332057914291583,0.9641,41.79
Faf1,-0.0195,0.9332057914291583,0.9641,29.01
Dnm2,-0.0195,0.9332057914291583,0.9641,29.69
Rarres1,-0.0195,0.9332057914291583,0.9641,22.8
Atf7,-0.0195,0.9332057914291583,0.9641,30.7
D130009I18Rik,-0.0195,0.9331841410819381,0.9641,7.97
Ccdc120,-0.0195,0.9332057914291583,0.9641,6.4
Sdhd,-0.0195,0.9332057914291583,0.9641,93.92
Tdg,-0.0195,0.9332057914291583,0.9641,19.47
Gm50387,-0.0195,0.9331841410819381,0.9641,1.03
Tax1bp1,-0.0195,0.9332057914291583,0.9641,118.8
Slc9a7,-0.0195,0.9332057914291583,0.9641,2.05
Gm19265,-0.0195,0.9332057914291583,0.9641,1.24
2610206C17Rik,-0.0196,0.9327687424930006,0.9641,0.37
Hk2,-0.0201,0.9309619771751193,0.9641,1.18
Gm15270,-0.0208,0.9287633909628463,0.9621,6.81
Otub1,-0.0208,0.9287633909628463,0.9621,138.34
Cyb5d1,-0.0208,0.9287633909628463,0.9621,1.56
Oxsr1,-0.0208,0.9287633909628463,0.9621,32.02
Ldlrad4,-0.0208,0.9287633909628463,0.9621,8.81
Zfp945,-0.0208,0.9287633909628463,0.9621,24.16
Nap1l4,-0.0208,0.9287633909628463,0.9621,109.58
Snrpd3,-0.0208,0.9287633909628463,0.9621,89.59
Coprs,-0.0208,0.9287633909628463,0.9621,90.68
Smad2,-0.0208,0.9287633909628463,0.9621,40.2
Ric8b,-0.0208,0.9287633909628463,0.9621,38.56
Gm49678,-0.0208,0.9287633909628463,0.9621,6.32
Camsap3,-0.0208,0.9287633909628463,0.9621,17.52
Haglr,-0.0208,0.9286709223511582,0.9621,1.81
Gm13340,-0.0208,0.9287633909628463,0.9621,5.04
C8g,-0.0208,0.9287633909628463,0.9621,1.69
Hagh,-0.0208,0.9287633909628463,0.9621,74.42
Tgm4,-0.0208,0.9286709223511582,0.9621,0.53
Atp2c1,-0.0208,0.9287633909628463,0.9621,232.43
Atp5l-ps1,-0.0208,0.9287633909628463,0.9621,0.79
Map2k3,-0.0208,0.9287633909628463,0.9621,18.08
Lrrc57,-0.0208,0.9287633909628463,0.9621,17.27
Bmp7,-0.0208,0.9286709223511582,0.9621,2.55
Ripply2,-0.0208,0.9286709223511582,0.9621,1.42
Rrp12,-0.0208,0.9287633909628463,0.9621,7.84
Cgn,-0.0208,0.9287633909628463,0.9621,3.4
Chchd10,-0.0208,0.9287633909628463,0.9621,646.38
Shisa6,-0.0208,0.9287633909628463,0.9621,10.52
Ints3,-0.0208,0.9287633909628463,0.9621,29.33
Rsl1,-0.0208,0.9287633909628463,0.9621,1.13
Mon1a,-0.0221,0.9243230289105082,0.9605,20.31
Rad51c,-0.0221,0.9243230289105082,0.9605,3.07
Sdcbp2,-0.0221,0.9243230289105082,0.9605,0.71
Ccdc159,-0.0221,0.9243230289105082,0.9605,7.26
Lig4,-0.0221,0.9243230289105082,0.9605,5.05
Abtb1,-0.0221,0.9243230289105082,0.9605,36.99
Ethe1,-0.0221,0.9243230289105082,0.9605,22.17
Maea,-0.0221,0.9243230289105082,0.9605,103.91
Gm44220,-0.0221,0.9243230289105082,0.9605,5.59
Rsbn1l,-0.0221,0.9243230289105082,0.9605,39.65
Adss2,-0.0221,0.9243230289105082,0.9605,83.62
Gm4013,-0.0221,0.9243230289105082,0.9605,4.26
Irak1,-0.0221,0.9243230289105082,0.9605,58.11
Gm21992,-0.0221,0.9242248275624118,0.9605,0.9
Kitl,-0.0221,0.9243230289105082,0.9605,19.39
5430400D12Rik,-0.0221,0.9243230289105082,0.9605,0.58
Nop14,-0.0221,0.9243230289105082,0.9605,16.62
Gm35161,-0.0221,0.9242248275624118,0.9605,0.61
Tprn,-0.0221,0.9243230289105082,0.9605,6.49
Scamp4,-0.0221,0.9242985143704103,0.9605,0.95
Gm27029,-0.0221,0.9243230289105082,0.9605,1.87
Tmem218,-0.0221,0.9243230289105082,0.9605,11.63
Psmb6,-0.0221,0.9243230289105082,0.9605,228.22
Eva1a,-0.0221,0.9242248275624118,0.9605,0.73
Psenen-ps,-0.0221,0.9243230289105082,0.9605,1.04
Rpl6,-0.0221,0.9243230289105082,0.9605,881.92
Loxl2,-0.0221,0.9243230289105082,0.9605,4.0
Gm42550,-0.0222,0.9238281642277941,0.9605,0.53
Atp5me,-0.0234,0.9198848317686953,0.9588,642.34
Hmgb3,-0.0234,0.9198848317686953,0.9588,35.84
Chchd6,-0.0234,0.9198848317686953,0.9588,61.85
Zfp72,-0.0234,0.9198848317686953,0.9588,6.98
Ptma,-0.0234,0.9198848317686953,0.9588,838.78
B4galt6,-0.0234,0.9198848317686953,0.9588,134.58
Sirt3,-0.0234,0.9198848317686953,0.9588,62.02
Sesn2,-0.0234,0.9198848317686953,0.9588,5.32
Ets2,-0.0234,0.9198848317686953,0.9588,11.67
Pctp,-0.0234,0.9198848317686953,0.9588,13.17
Actg2,-0.0235,0.9196242565453534,0.9588,0.65
Snx31,-0.0238,0.9183919862260125,0.9588,0.86
Pla2g12a,-0.0247,0.9154489258699161,0.9564,51.16
Gm43200,-0.0247,0.9154489258699161,0.9564,1.31
C530005A16Rik,-0.0247,0.9154489258699161,0.9564,2.49
Atoh8,-0.0247,0.9154215555576063,0.9564,0.65
Rgl3,-0.0247,0.9154489258699161,0.9564,2.96
Pisd-ps1,-0.0247,0.9154489258699161,0.9564,8.51
Skida1,-0.0247,0.9154489258699161,0.9564,5.2
Gm37204,-0.0247,0.9154489258699161,0.9564,2.66
Mex3c,-0.0247,0.9154489258699161,0.9564,45.12
Ubtf,-0.0247,0.9154489258699161,0.9564,56.9
Mmp11,-0.0247,0.9154489258699161,0.9564,3.3
Gm50462,-0.0247,0.9154489258699161,0.9564,3.16
Gak,-0.0247,0.9154489258699161,0.9564,73.13
Wfs1,-0.0247,0.9154489258699161,0.9564,55.2
Unc13a,-0.0247,0.9154489258699161,0.9564,107.07
Ubap2l,-0.0247,0.9154489258699161,0.9564,82.8
Gm12693,-0.0247,0.9153392848632916,0.9564,0.58
Gm13611,-0.0247,0.9154489258699161,0.9564,10.04
Phc2,-0.0247,0.9154489258699161,0.9564,54.72
4930579G24Rik,-0.0247,0.9154489258699161,0.9564,2.0
Bcl11b,-0.0248,0.9151740206670761,0.9564,0.87
Gm17641,-0.0251,0.9138739963199235,0.9564,0.38
Chmp1b,-0.026,0.9110154373730976,0.954,38.1
Cdc42ep4,-0.026,0.9110154373730976,0.954,17.45
Smarce1,-0.026,0.9110154373730976,0.954,26.99
Trim66,-0.026,0.9110154373730976,0.954,10.67
9330159M07Rik,-0.026,0.9110154373730976,0.954,5.57
Apex2,-0.026,0.9110154373730976,0.954,3.33
9430087J23Rik,-0.026,0.9110154373730976,0.954,1.45
2900041M22Rik,-0.026,0.9110154373730976,0.954,11.87
Ccnl2,-0.026,0.9110154373730976,0.954,42.44
Hif1a,-0.026,0.9110154373730976,0.954,86.5
Swap70,-0.026,0.9110154373730976,0.954,6.09
Tesk2,-0.026,0.9110154373730976,0.954,3.5
Ccdc112,-0.026,0.9110154373730976,0.954,17.68
Gm36298,-0.026,0.9110154373730976,0.954,1.53
Abhd17a,-0.026,0.9110154373730976,0.954,127.14
Camta2,-0.026,0.9110154373730976,0.954,70.74
Ostf1,-0.026,0.9110154373730976,0.954,142.79
Serping1,-0.026,0.9110154373730976,0.954,31.03
Snx10,-0.026,0.9110154373730976,0.954,238.27
Sap130,-0.026,0.9110154373730976,0.954,11.53
Homer1,-0.026,0.9110154373730976,0.954,26.73
Colgalt2,-0.026,0.9110154373730976,0.954,13.78
Galnt15,-0.0269,0.9077495679923008,0.9531,0.45
Ccr5,-0.0273,0.9065844922540648,0.952,0.87
Gm47694,-0.0273,0.9065844922540648,0.952,0.5
Gm29358,-0.0273,0.9064634492685372,0.952,0.52
Dgcr6,-0.0273,0.9065844922540648,0.952,139.07
Rab21,-0.0273,0.9065844922540648,0.952,203.03
Gm30893,-0.0273,0.9065542755665694,0.952,1.86
Klc4,-0.0273,0.9065844922540648,0.952,18.16
B3galt2,-0.0273,0.9065844922540648,0.952,2.09
Lrp6,-0.0273,0.9065844922540648,0.952,26.53
Gm12013,-0.0273,0.9065844922540648,0.952,2.73
Ttc1,-0.0273,0.9065844922540648,0.952,84.49
Usp9x,-0.0273,0.9065844922540648,0.952,280.6
Cirbp,-0.0273,0.9065844922540648,0.952,100.0
Epb41l5,-0.0273,0.9065844922540648,0.952,9.56
Zfp850,-0.0273,0.9065844922540648,0.952,3.18
Zfp992,-0.0273,0.9065844922540648,0.952,3.92
Spag6l,-0.0273,0.9065542755665694,0.952,0.68
Spata33,-0.0273,0.9065844922540648,0.952,5.06
Itga5,-0.0275,0.9059745290400674,0.952,0.6
Gm45033,-0.0275,0.9059745290400674,0.952,0.37
Tmem268,-0.0286,0.9021562162960429,0.9496,6.06
Gm20633,-0.0286,0.902029487669172,0.9496,0.38
mt-Nd1,-0.0286,0.9021562162960429,0.9496,4256.59
Mkrn1,-0.0286,0.9021562162960429,0.9496,82.17
Sec61b,-0.0286,0.9021562162960429,0.9496,125.56
Irak2,-0.0286,0.9021562162960429,0.9496,4.79
Rps15a,-0.0286,0.9021562162960429,0.9496,694.41
Marchf4,-0.0286,0.9021562162960429,0.9496,27.52
Gm37873,-0.0286,0.9021245802486674,0.9496,0.6
Diaph3,-0.0286,0.9021562162960429,0.9496,33.72
Lsm7,-0.0286,0.9021562162960429,0.9496,157.93
Kif18a,-0.0286,0.9021562162960429,0.9496,1.1
I730030J21Rik,-0.0286,0.9021245802486674,0.9496,1.15
Ropn1l,-0.0286,0.9021562162960429,0.9496,1.0
Rpl27a,-0.0286,0.9021562162960429,0.9496,596.89
Glb1l,-0.0286,0.9021562162960429,0.9496,0.82
Pxdn,-0.0286,0.9021562162960429,0.9496,20.93
Srp54c,-0.0286,0.9021562162960429,0.9496,0.94
Psmd7,-0.0286,0.9021562162960429,0.9496,154.71
Golga3,-0.0286,0.9021562162960429,0.9496,45.33
Tmem30a,-0.0299,0.8977307350801783,0.9472,403.97
Olfm3,-0.0299,0.8977307350801783,0.9472,76.33
Rnf135,-0.0299,0.8977307350801783,0.9472,2.74
Tyk2,-0.0299,0.8977307350801783,0.9472,9.75
Itgb3bp,-0.0299,0.8977307350801783,0.9472,12.31
Zswim7,-0.0299,0.8977307350801783,0.9472,16.53
Fcf1,-0.0299,0.8977307350801783,0.9472,14.03
Madd,-0.0299,0.8977307350801783,0.9472,150.86
Gm49492,-0.0299,0.8977307350801783,0.9472,5.65
Nudt10,-0.0299,0.8977307350801783,0.9472,31.03
Ddx4,-0.0299,0.8977307350801783,0.9472,2.48
Rbm43,-0.0299,0.8977307350801783,0.9472,20.49
Eif5,-0.0299,0.8977307350801783,0.9472,227.95
Rrp9,-0.0299,0.8977307350801783,0.9472,7.82
Zfp407,-0.0299,0.8977307350801783,0.9472,11.27
Fxn,-0.0299,0.8977307350801783,0.9472,14.55
Foxj3,-0.0299,0.8977307350801783,0.9472,42.45
Gm43793,-0.0299,0.8977307350801783,0.9472,2.64
Junos,-0.0299,0.8977307350801783,0.9472,1.4
4930599N23Rik,-0.0299,0.8977307350801783,0.9472,0.82
Gas6,-0.0299,0.8977307350801783,0.9472,75.41
Gdap1l1,-0.0299,0.8977307350801783,0.9472,63.01
Rassf5,-0.0299,0.8977307350801783,0.9472,56.11
Ube2e2,-0.0299,0.8977307350801783,0.9472,120.23
Gm48295,-0.0299,0.8977307350801783,0.9472,1.93
Pcdhga3,-0.0312,0.893308173976082,0.9451,0.75
Lifr,-0.0312,0.893308173976082,0.9451,267.26
Spon1,-0.0312,0.893308173976082,0.9451,35.55
Tex261,-0.0312,0.893308173976082,0.9451,91.29
C530043K16Rik,-0.0312,0.893308173976082,0.9451,7.05
Adamts15,-0.0312,0.893308173976082,0.9451,6.58
Gstk1,-0.0312,0.893308173976082,0.9451,5.14
Mfap3,-0.0312,0.893308173976082,0.9451,12.57
Mzt1,-0.0312,0.893308173976082,0.9451,65.47
Tstd3,-0.0312,0.893308173976082,0.9451,19.49
Map2,-0.0312,0.893308173976082,0.9451,267.67
Dpy30,-0.0312,0.893308173976082,0.9451,108.14
Trib2,-0.0312,0.893308173976082,0.9451,94.48
Rpl37,-0.0312,0.893308173976082,0.9451,1930.65
Zfp593,-0.0312,0.893308173976082,0.9451,21.41
5330432J10Rik,-0.0312,0.893308173976082,0.9451,3.37
Cuedc2,-0.0312,0.893308173976082,0.9451,105.51
Mon1b,-0.0312,0.893308173976082,0.9451,12.8
Fut4,-0.0312,0.893308173976082,0.9451,1.45
E330037G11Rik,-0.0312,0.893308173976082,0.9451,1.28
Ccdc83,-0.0313,0.8929619983125471,0.9451,0.53
Gm26684,-0.0318,0.8913250317298979,0.9451,0.27
Wdfy4,-0.0325,0.8888886581323973,0.9429,0.56
Trrap,-0.0325,0.8888886581323973,0.9429,39.34
1110032F04Rik,-0.0325,0.8888886581323973,0.9429,29.37
Cdh2,-0.0325,0.8888886581323973,0.9429,142.74
Cblb,-0.0325,0.8888886581323973,0.9429,25.1
Rps5,-0.0325,0.8888886581323973,0.9429,1443.64
Ap3m2,-0.0325,0.8888886581323973,0.9429,30.68
Cnrip1,-0.0325,0.8888886581323973,0.9429,71.32
Lrrcc1,-0.0325,0.8888886581323973,0.9429,11.9
Gbe1,-0.0325,0.8888886581323973,0.9429,13.28
S2bpcox16,-0.0325,0.8888886581323973,0.9429,6.97
Pycr3,-0.0325,0.8888886581323973,0.9429,17.06
AB124611,-0.0325,0.8888886581323973,0.9429,0.49
Slc5a7,-0.0325,0.8888886581323973,0.9429,98.32
Scyl2,-0.0325,0.8888886581323973,0.9429,18.98
Bmp3,-0.0331,0.8866434995797674,0.9425,18.07
Asb18,-0.0332,0.8863126625884673,0.9422,0.65
Tfb1m,-0.0338,0.8844723124673912,0.9403,5.01
Cend1,-0.0338,0.8844723124673912,0.9403,421.96
Gm12097,-0.0338,0.8844723124673912,0.9403,0.73
Kank3,-0.0338,0.8844723124673912,0.9403,6.58
Ghitm,-0.0338,0.8844723124673912,0.9403,457.7
5033417F24Rik,-0.0338,0.8844723124673912,0.9403,1.01
Gm6108,-0.0338,0.884318165885282,0.9403,0.42
Ctif,-0.0338,0.8844723124673912,0.9403,146.59
Cln3,-0.0338,0.8844723124673912,0.9403,13.46
Tspan14,-0.0338,0.8844723124673912,0.9403,16.74
Decr1,-0.0338,0.8844723124673912,0.9403,15.04
Armcx1,-0.0338,0.8844723124673912,0.9403,94.52
Arfip1,-0.0338,0.8844723124673912,0.9403,33.9
Otud6b,-0.0338,0.8844723124673912,0.9403,67.46
Car12,-0.0339,0.8840978284169925,0.9403,0.36
Gm29483,-0.0348,0.8809135039650414,0.9391,0.92
Ccdc171,-0.0351,0.8800592616595699,0.9383,1.56
Ube2e1,-0.0351,0.8800592616595699,0.9383,114.3
Heatr1,-0.0351,0.8800592616595699,0.9383,4.61
Gm48855,-0.0351,0.8800592616595699,0.9383,0.85
Gm6341,-0.0351,0.8799042776664462,0.9383,0.56
Pbrm1,-0.0351,0.8800592616595699,0.9383,118.6
B930059L03Rik,-0.0351,0.8800592616595699,0.9383,1.96
Ndufb7,-0.0351,0.8800592616595699,0.9383,343.51
Fam174b,-0.0351,0.8800592616595699,0.9383,18.87
Nudt14,-0.0351,0.8800592616595699,0.9383,26.89
E430024I08Rik,-0.0351,0.8800592616595699,0.9383,1.02
Sumf2,-0.0351,0.8800592616595699,0.9383,5.74
Mblac1,-0.0351,0.8800592616595699,0.9383,3.56
Psma4,-0.0351,0.8800592616595699,0.9383,64.34
Cd7,-0.0352,0.879722624523998,0.9383,0.37
Rasgef1a,-0.0364,0.8756496301383223,0.9355,36.49
Atp5mc2,-0.0364,0.8756496301383223,0.9355,274.38
Tube1,-0.0364,0.8756496301383223,0.9355,2.68
Dlat,-0.0364,0.8756496301383223,0.9355,98.67
Gm44639,-0.0364,0.8756496301383223,0.9355,4.06
Gria3,-0.0364,0.8756496301383223,0.9355,46.8
Wdcp,-0.0364,0.8756496301383223,0.9355,12.95
Lancl2,-0.0364,0.8756496301383223,0.9355,37.43
Gm19345,-0.0364,0.8756496301383223,0.9355,7.37
Scrt2,-0.0364,0.8756496301383223,0.9355,39.21
Slc41a2,-0.0364,0.8756496301383223,0.9355,40.98
Gm43519,-0.0364,0.8756095391183331,0.9355,0.96
Mrpl23,-0.0364,0.8756496301383223,0.9355,18.52
Entr1,-0.0364,0.8756496301383223,0.9355,59.62
Tmem217rt,-0.0364,0.8756496301383223,0.9355,23.58
Icam4,-0.0364,0.8756496301383223,0.9355,1.19
Acad12,-0.0364,0.8756496301383223,0.9355,2.9
Pygo1,-0.0364,0.8756496301383223,0.9355,27.4
Znrd2,-0.0364,0.8756496301383223,0.9355,2.56
Rspo3,-0.0366,0.8748403655659674,0.9355,1.48
Tbl1xr1,-0.0377,0.8712435420745898,0.9334,101.87
Cep120,-0.0377,0.8712435420745898,0.9334,88.71
Gpalpp1,-0.0377,0.8712435420745898,0.9334,20.25
Sqor,-0.0377,0.8712435420745898,0.9334,6.16
Gm45130,-0.0377,0.8712435420745898,0.9334,5.28
Chmp2a,-0.0377,0.8712435420745898,0.9334,94.08
B020010K11Rik,-0.0377,0.8712435420745898,0.9334,2.98
Caprin2,-0.0377,0.8712435420745898,0.9334,15.92
mt-Nd4l,-0.0377,0.8712435420745898,0.9334,26.54
Fkbpl,-0.0377,0.8712435420745898,0.9334,6.13
Acad8,-0.0377,0.8712435420745898,0.9334,16.18
Kpna2,-0.0377,0.8712435420745898,0.9334,2.42
Klhdc8a,-0.0377,0.8712435420745898,0.9334,45.56
Snrpd2,-0.0377,0.8712435420745898,0.9334,142.96
Pdgfrb,-0.0377,0.8712435420745898,0.9334,3.99
Cep41,-0.0377,0.8712435420745898,0.9334,8.81
Tmed5,-0.0377,0.8712435420745898,0.9334,31.29
Dgkq,-0.0377,0.8712435420745898,0.9334,35.26
Rpl32-ps,-0.0378,0.8708268396998611,0.9334,0.39
Vdac3,-0.039,0.8668411213715634,0.9314,220.34
Rpl27a-ps4,-0.039,0.8668411213715634,0.9314,1.66
Ppm1n,-0.039,0.8667982382067158,0.9314,0.53
Sav1,-0.039,0.8668411213715634,0.9314,23.98
Gpr151,-0.039,0.8668411213715634,0.9314,4.42
Abca8b,-0.039,0.8668411213715634,0.9314,29.74
Ubash3b,-0.039,0.8668411213715634,0.9314,155.72
Pdp1,-0.039,0.8668411213715634,0.9314,55.83
Gstp1,-0.039,0.8668411213715634,0.9314,119.48
Marchf8,-0.039,0.8668411213715634,0.9314,43.94
Rap2a,-0.039,0.8668411213715634,0.9314,89.9
Myl4,-0.039,0.8668411213715634,0.9314,4.71
Gm16105,-0.039,0.8666693397075872,0.9314,0.49
Cenpn,-0.039,0.8668411213715634,0.9314,1.45
2700029L08Rik,-0.039,0.8668411213715634,0.9314,1.67
Qtrt2,-0.039,0.8668411213715634,0.9314,11.06
Trim34a,-0.039,0.8668411213715634,0.9314,2.84
Trim17,-0.039,0.8668411213715634,0.9314,2.42
Snx30,-0.039,0.8668411213715634,0.9314,13.23
Sec23ip,-0.039,0.8668411213715634,0.9314,15.81
Ipo5,-0.039,0.8668411213715634,0.9314,102.41
Pgd,-0.039,0.8668411213715634,0.9314,59.5
Slc7a3,-0.0396,0.8645977459788261,0.9314,0.87
Lonrf1,-0.0403,0.8624424916554133,0.9292,25.1
Gpx2,-0.0403,0.8622651395476277,0.9292,1.11
Jkamp,-0.0403,0.8624424916554133,0.9292,93.77
Trappc2l,-0.0403,0.8624424916554133,0.9292,161.93
Cndp2,-0.0403,0.8624424916554133,0.9292,49.15
C1qtnf12,-0.0403,0.8624424916554133,0.9292,30.57
Gm9294,-0.0403,0.8624424916554133,0.9292,1.48
Gm9269,-0.0403,0.8622651395476277,0.9292,0.57
Rasl11b,-0.0403,0.8624424916554133,0.9292,9.2
Rpl36-ps12,-0.0403,0.8624424916554133,0.9292,3.55
Kdelr1,-0.0403,0.8624424916554133,0.9292,62.14
Npy,-0.0403,0.8624424916554133,0.9292,171.76
Dnd1,-0.0403,0.8624424916554133,0.9292,0.97
Arhgap42,-0.0403,0.8624424916554133,0.9292,10.62
Zfp747,-0.0403,0.8624424916554133,0.9292,3.95
Gm38250,-0.0403,0.8624424916554133,0.9292,1.01
C430039J01Rik,-0.0409,0.8601996692743102,0.9288,0.4
Qrfprl,-0.041,0.8598953158344602,0.9285,0.95
Gm42600,-0.0416,0.858047776266044,0.9267,0.86
Gm38036,-0.0416,0.858047776266044,0.9267,0.81
Oxld1,-0.0416,0.858047776266044,0.9267,15.65
Exoc5,-0.0416,0.858047776266044,0.9267,60.8
Mrps6,-0.0416,0.858047776266044,0.9267,70.14
Dhx29,-0.0416,0.858047776266044,0.9267,12.78
Cln5,-0.0416,0.858047776266044,0.9267,27.6
Spryd7,-0.0416,0.858047776266044,0.9267,128.95
1500026H17Rik,-0.0416,0.858047776266044,0.9267,7.87
1110038B12Rik,-0.0416,0.858047776266044,0.9267,68.29
Eef1a1,-0.0416,0.858047776266044,0.9267,1629.92
Rpl10a-ps1,-0.0416,0.858047776266044,0.9267,26.7
Rpgr,-0.0416,0.858047776266044,0.9267,6.98
Efcab7,-0.0416,0.858047776266044,0.9267,1.14
Hspbp1,-0.0416,0.858047776266044,0.9267,51.84
Atg16l1,-0.0416,0.858047776266044,0.9267,30.09
Ctsc,-0.0416,0.858047776266044,0.9267,4.38
Pwwp3a,-0.0416,0.858047776266044,0.9267,37.31
Cox17,-0.0416,0.858047776266044,0.9267,226.56
Gm38073,-0.0416,0.8578648688900733,0.9267,2.29
Ang,-0.0429,0.8536570982478848,0.9244,1.4
Dars2,-0.0429,0.8536570982478848,0.9244,5.69
Vps53,-0.0429,0.8536570982478848,0.9244,42.54
Galnt6,-0.0429,0.8534686512479502,0.9244,1.57
Lrrc47,-0.0429,0.8536570982478848,0.9244,38.93
Crnde,-0.0429,0.8536100546633746,0.9244,2.37
Fbxw17,-0.0429,0.8536570982478848,0.9244,27.54
Sh3bp5,-0.0429,0.8536570982478848,0.9244,20.69
Gm44616,-0.0429,0.8536570982478848,0.9244,0.85
Ehf,-0.0429,0.8536100546633746,0.9244,0.84
Spcs1,-0.0429,0.8536570982478848,0.9244,362.13
Tnfaip1,-0.0429,0.8536570982478848,0.9244,56.22
Gm20682,-0.0429,0.8536570982478848,0.9244,1.27
Peli3,-0.0429,0.8536570982478848,0.9244,17.96
Zfp597,-0.0429,0.8536570982478848,0.9244,16.72
Hspd1,-0.0429,0.8536570982478848,0.9244,127.13
Mkks,-0.0429,0.8536570982478848,0.9244,14.65
Lsm1,-0.0429,0.8536570982478848,0.9244,77.7
Gm8818,-0.0429,0.8536570982478848,0.9244,1.58
Pdia5,-0.0429,0.8536570982478848,0.9244,3.18
Tbkbp1,-0.0429,0.8536570982478848,0.9244,17.32
Art5,-0.0441,0.8495398967690042,0.9221,0.63
Zdhhc18,-0.0442,0.8492705803407119,0.9219,79.19
Ppp4r2,-0.0442,0.8492705803407119,0.9219,33.54
Tmco6,-0.0442,0.8492705803407119,0.9219,6.82
Cep135,-0.0442,0.8492705803407119,0.9219,3.62
Epg5,-0.0442,0.8492705803407119,0.9219,13.8
Cd200,-0.0442,0.8492705803407119,0.9219,150.74
Pter,-0.0442,0.8492221578302886,0.9219,2.59
Lpl,-0.0442,0.8490766098276583,0.9219,0.46
Tsen34,-0.0442,0.8492705803407119,0.9219,104.78
A430018G15Rik,-0.0442,0.8492705803407119,0.9219,9.56
Gm29264,-0.0442,0.8492221578302886,0.9219,0.55
Aldh1a2,-0.0446,0.8476657826854627,0.9219,0.81
Gm37777,-0.0453,0.8453313784234614,0.9195,1.09
Dkk2,-0.0454,0.8450328127987056,0.9193,0.39
Gm20878,-0.0455,0.8448883449705005,0.9192,2.69
Hectd2,-0.0455,0.8448883449705005,0.9192,11.16
Adcy7,-0.0455,0.8448883449705005,0.9192,5.97
Adamts2,-0.0455,0.8448883449705005,0.9192,7.47
Ramac,-0.0455,0.8448883449705005,0.9192,126.31
Slc25a24,-0.0455,0.8448883449705005,0.9192,12.85
Nol7,-0.0455,0.8448883449705005,0.9192,84.12
Ltv1,-0.0455,0.8448883449705005,0.9192,10.0
Supt6,-0.0455,0.8448883449705005,0.9192,71.88
Sh3tc2,-0.0456,0.8443882031633176,0.9192,0.66
Gm49654,-0.0468,0.8405105142403159,0.916,1.03
Gm49380,-0.0468,0.8405105142403159,0.916,0.46
Tmem220,-0.0468,0.8405105142403159,0.916,0.83
Irf2,-0.0468,0.8405105142403159,0.916,37.05
Ostc,-0.0468,0.8405105142403159,0.916,86.02
Dtd2,-0.0468,0.8405105142403159,0.916,15.02
Cep57,-0.0468,0.8405105142403159,0.916,11.41
Stx7,-0.0468,0.8405105142403159,0.916,244.27
Unc50,-0.0468,0.8405105142403159,0.916,37.93
Upp1,-0.0468,0.8403055468898486,0.916,2.95
Gm15867,-0.0468,0.8404593463950095,0.916,0.86
Gm5776,-0.0468,0.8405105142403159,0.916,1.31
Lzic,-0.0468,0.8405105142403159,0.916,5.63
Gdi1,-0.0468,0.8405105142403159,0.916,483.68
Akap5,-0.0468,0.8405105142403159,0.916,1.02
Fkbp11,-0.0468,0.8405105142403159,0.916,4.18
Agtpbp1,-0.0468,0.8405105142403159,0.916,263.44
Gm19409,-0.0468,0.8405105142403159,0.916,10.31
Gm13861,-0.0473,0.8386897933604824,0.916,0.42
D430020J02Rik,-0.0481,0.8361372099212367,0.9137,0.79
Scand1,-0.0481,0.8361372099212367,0.9137,162.57
Anxa9,-0.0481,0.8360846758971324,0.9137,0.82
Cuta,-0.0481,0.8361372099212367,0.9137,131.96
Cdc42bpb,-0.0481,0.8361372099212367,0.9137,72.04
Fancc,-0.0481,0.8361372099212367,0.9137,5.75
Vdac2,-0.0481,0.8361372099212367,0.9137,215.15
Cnpy4,-0.0481,0.8361372099212367,0.9137,7.24
Zng1,-0.0481,0.8361372099212367,0.9137,9.39
Arpc5l,-0.0481,0.8361372099212367,0.9137,170.84
3110053B16Rik,-0.0481,0.8361372099212367,0.9137,1.05
Ndufb10,-0.0481,0.8361372099212367,0.9137,398.11
Endog,-0.0494,0.8317685534433151,0.9107,24.26
Cep43,-0.0494,0.8317685534433151,0.9107,17.97
Lias,-0.0494,0.8317685534433151,0.9107,26.17
Ppp1r12c,-0.0494,0.8317685534433151,0.9107,63.93
Hbs1l,-0.0494,0.8317685534433151,0.9107,43.44
Ensa,-0.0494,0.8317685534433151,0.9107,98.98
Dlx2,-0.0494,0.8315526592464484,0.9107,0.72
Gm49027,-0.0494,0.8317685534433151,0.9107,41.1
Sass6,-0.0494,0.8317685534433151,0.9107,4.41
Taf6l,-0.0494,0.8317685534433151,0.9107,3.47
Atp6v1c1,-0.0494,0.8317685534433151,0.9107,135.35
6430590A07Rik,-0.0494,0.8317685534433151,0.9107,5.85
Snrk,-0.0494,0.8317685534433151,0.9107,97.37
Gm12987,-0.0494,0.8317685534433151,0.9107,0.52
Creb3l2,-0.0494,0.8317685534433151,0.9107,20.12
Zfand2a,-0.0494,0.8317685534433151,0.9107,38.59
9430034N14Rik,-0.0494,0.8317685534433151,0.9107,1.29
Zfp60,-0.0494,0.8317685534433151,0.9107,12.23
B230369F24Rik,-0.0494,0.8317685534433151,0.9107,6.23
Fastk,-0.0494,0.8317685534433151,0.9107,82.31
Rpl36-ps2,-0.0494,0.8317685534433151,0.9107,1.46
Rpl38-ps2,-0.0506,0.8274046658865746,0.9083,7.97
Zscan26,-0.0506,0.8274046658865746,0.9083,36.62
Sh3bp4,-0.0506,0.8274046658865746,0.9083,18.64
Rnf125,-0.0506,0.8274046658865746,0.9083,5.02
Ak6,-0.0506,0.8274046658865746,0.9083,19.4
Ak1,-0.0506,0.8274046658865746,0.9083,155.92
Hmbox1,-0.0506,0.8274046658865746,0.9083,267.19
Map4k3,-0.0506,0.8274046658865746,0.9083,32.41
Dusp19,-0.0506,0.8274046658865746,0.9083,12.28
Gm48181,-0.0506,0.8274046658865746,0.9083,0.67
Nmnat1,-0.0506,0.8274046658865746,0.9083,4.95
Klf11,-0.0506,0.8274046658865746,0.9083,12.85
Slc26a11,-0.0506,0.8274046658865746,0.9083,3.14
Trim35,-0.0506,0.8274046658865746,0.9083,179.96
Plekha5,-0.0506,0.8274046658865746,0.9083,67.99
Mob4,-0.0506,0.8274046658865746,0.9083,134.99
Ralyl,-0.0506,0.8274046658865746,0.9083,98.98
Acp6,-0.0506,0.8274046658865746,0.9083,4.24
Haus5,-0.0506,0.8274046658865746,0.9083,1.26
H2bc27,-0.0506,0.8274046658865746,0.9083,72.0
Gm42928,-0.0507,0.8271833356570957,0.9083,0.78
Gpc5,-0.0507,0.8273494130534975,0.9083,3.98
Gm5953,-0.0513,0.8251686185632998,0.908,0.72
Grik1,-0.0519,0.8230456679720456,0.9058,14.52
Hspa12b,-0.0519,0.8230456679720456,0.9058,3.03
Gatd1,-0.0519,0.8230456679720456,0.9058,30.86
8030456M14Rik,-0.0519,0.8230456679720456,0.9058,0.58
Recql4,-0.0519,0.8230456679720456,0.9058,0.86
Sox9,-0.0519,0.8230456679720456,0.9058,2.87
Shtn1,-0.0519,0.8230456679720456,0.9058,19.27
Mcts1,-0.0519,0.8230456679720456,0.9058,57.55
Ccl28,-0.0519,0.8230456679720456,0.9058,1.05
Tshz1,-0.0519,0.8230456679720456,0.9058,19.02
Pomk,-0.0519,0.8230456679720456,0.9058,14.75
Myt1,-0.0519,0.8230456679720456,0.9058,19.88
Evl,-0.0519,0.8230456679720456,0.9058,175.34
Tymp,-0.0521,0.822477159357621,0.9058,0.74
Gm46103,-0.0523,0.8219031365150514,0.9058,1.15
Gm15956,-0.0526,0.820810760617108,0.9056,0.47
Gm13986,-0.0529,0.8197895890354387,0.9045,0.44
Inf2,-0.0532,0.8186916800528404,0.9033,37.05
Tmx3,-0.0532,0.8186916800528404,0.9033,120.05
Maob,-0.0532,0.8186916800528404,0.9033,60.03
Bcl7b,-0.0532,0.8186916800528404,0.9033,55.46
Sec61g,-0.0532,0.8186916800528404,0.9033,26.43
Aimp2,-0.0532,0.8186916800528404,0.9033,24.22
Shisa7,-0.0532,0.8186916800528404,0.9033,7.25
Rnaseh2b,-0.0532,0.8186916800528404,0.9033,8.36
Gm45718,-0.0532,0.8186916800528404,0.9033,1.22
Rps16-ps2,-0.0532,0.8186916800528404,0.9033,4.56
Topbp1,-0.0532,0.8186916800528404,0.9033,9.43
Cntln,-0.0532,0.8186916800528404,0.9033,15.49
9230116L04Rik,-0.0534,0.8180926761899452,0.9033,0.28
Irak3,-0.0534,0.8181096391055793,0.9033,1.49
Rps3a1,-0.0545,0.814342822105269,0.9004,942.39
Supt4a,-0.0545,0.814342822105269,0.9004,109.91
Cbln4,-0.0545,0.814342822105269,0.9004,10.18
Ubash3a,-0.0545,0.814342822105269,0.9004,7.1
Phf5a,-0.0545,0.814342822105269,0.9004,85.93
Crhr2,-0.0545,0.814342822105269,0.9004,61.79
Snhg16,-0.0545,0.814342822105269,0.9004,5.45
Fnbp1,-0.0545,0.814342822105269,0.9004,119.76
Tor1aip2,-0.0545,0.814342822105269,0.9004,67.8
Slc35g1,-0.0545,0.814342822105269,0.9004,1.07
Sumo1,-0.0545,0.814342822105269,0.9004,247.21
Alox5ap,-0.0545,0.814342822105269,0.9004,4.98
Gm43201,-0.0545,0.814342822105269,0.9004,2.37
Tmem86b,-0.0545,0.814342822105269,0.9004,4.94
Pnpo,-0.0545,0.814342822105269,0.9004,26.53
Dynlt2a2,-0.0545,0.814342822105269,0.9004,2.06
Mrps27,-0.0545,0.814342822105269,0.9004,15.34
Chrna1,-0.0545,0.814342822105269,0.9004,0.89
Gm47445,-0.0546,0.81410529877597,0.9004,0.81
Rps15a-ps5,-0.0546,0.81428352662715,0.9004,1.23
9930120I10Rik,-0.0558,0.8099992137199937,0.8979,0.73
Mmgt1,-0.0558,0.8099992137199937,0.8979,35.41
Fgf11,-0.0558,0.8099992137199937,0.8979,9.12
Usp39,-0.0558,0.8099992137199937,0.8979,17.14
Syt10,-0.0558,0.8100367813041571,0.8979,1.72
Pim1,-0.0558,0.8099992137199937,0.8979,29.2
Fech,-0.0558,0.8099992137199937,0.8979,33.16
Gm9801,-0.0558,0.8099992137199937,0.8979,1.0
Zbtb20,-0.0558,0.8099992137199937,0.8979,266.95
Nab2,-0.0558,0.8099992137199937,0.8979,6.24
Sap18,-0.0558,0.8099992137199937,0.8979,92.76
Gm38560,-0.0559,0.8097563325192974,0.8979,0.53
F2rl3,-0.0559,0.8097563325192974,0.8979,0.86
Gm37805,-0.056,0.8093902581892446,0.8979,0.54
Gm49660,-0.056,0.8093902581892446,0.8979,0.53
Lypd6b,-0.0562,0.8087754106417867,0.8979,1.68
Secisbp2l,-0.0571,0.8056609740932286,0.8948,47.16
Rnh1,-0.0571,0.8056609740932286,0.8948,64.48
Gm2102,-0.0571,0.8056609740932286,0.8948,3.87
Leprot,-0.0571,0.8056609740932286,0.8948,31.48
Ccdc90b,-0.0571,0.8056609740932286,0.8948,12.89
Fam117b,-0.0571,0.8056609740932286,0.8948,63.68
Fancl,-0.0571,0.8056609740932286,0.8948,3.57
Cckar,-0.0571,0.8056609740932286,0.8948,258.85
Nck1,-0.0571,0.8056609740932286,0.8948,32.28
Unkl,-0.0571,0.8056609740932286,0.8948,35.39
Gm50069,-0.0571,0.8056609740932286,0.8948,1.16
Nrxn1,-0.0571,0.8056609740932286,0.8948,273.75
Kifc3,-0.0571,0.8056609740932286,0.8948,6.46
Zfp862-ps,-0.0571,0.8056609740932286,0.8948,10.52
Nol12,-0.0571,0.8056609740932286,0.8948,37.76
Gm50213,-0.0571,0.8056609740932286,0.8948,0.48
Smad6,-0.0571,0.8056609740932286,0.8948,8.29
Zdhhc7,-0.0571,0.8056609740932286,0.8948,39.91
Cnot4,-0.0571,0.8056609740932286,0.8948,66.17
Echdc1,-0.0571,0.8056609740932286,0.8948,32.0
Ggn,-0.0572,0.8055990085364837,0.8948,0.46
Gm11944,-0.0572,0.8054127556771028,0.8948,0.35
Hs3st3b1,-0.0575,0.8044102867142399,0.8948,2.25
Gm4890,-0.0584,0.8013282220179795,0.8923,1.2
Fbxo16,-0.0584,0.8013282220179795,0.8923,4.5
Pcdhb5,-0.0584,0.8013282220179795,0.8923,1.0
Mrpl49,-0.0584,0.8013282220179795,0.8923,34.03
Atp5pd,-0.0584,0.8013282220179795,0.8923,823.61
Surf6,-0.0584,0.8013282220179795,0.8923,6.83
Ehhadh,-0.0584,0.8013282220179795,0.8923,3.28
Gm9828,-0.0584,0.8013282220179795,0.8923,4.02
Phf11b,-0.0584,0.8013282220179795,0.8923,2.44
Gm49659,-0.0591,0.7990999864703723,0.892,1.32
Prps2,-0.0597,0.7970010758753313,0.8898,22.34
Egln2,-0.0597,0.7970010758753313,0.8898,135.27
Avil,-0.0597,0.7970010758753313,0.8898,187.11
Bbs10,-0.0597,0.7970010758753313,0.8898,4.04
Oxct1,-0.0597,0.7970010758753313,0.8898,182.72
Etohd2,-0.0597,0.7970010758753313,0.8898,1.63
Ybx1,-0.0597,0.7970010758753313,0.8898,115.51
Pbx4,-0.0597,0.7970010758753313,0.8898,17.82
Rbms1,-0.0597,0.7970010758753313,0.8898,335.25
Polr2g,-0.0597,0.7970010758753313,0.8898,80.62
Gja3,-0.0601,0.7956969426737499,0.8898,2.46
1700055D18Rik,-0.061,0.7926796536257745,0.8871,0.72
Cox6c2,-0.061,0.7926796536257745,0.8871,3.25
Cenpt,-0.061,0.7926796536257745,0.8871,6.07
Zpr1,-0.061,0.7926796536257745,0.8871,26.73
Spin1,-0.061,0.7926796536257745,0.8871,147.85
Bnip3l,-0.061,0.7926796536257745,0.8871,111.5
Zfp277,-0.061,0.7926796536257745,0.8871,9.06
Taf10,-0.061,0.7926796536257745,0.8871,121.2
Rps3a2,-0.061,0.7926796536257745,0.8871,0.88
Gm49066,-0.061,0.7926796536257745,0.8871,6.11
9430060I03Rik,-0.0623,0.788364072800584,0.8838,1.96
Coq3,-0.0623,0.788364072800584,0.8838,16.53
Trappc11,-0.0623,0.788364072800584,0.8838,25.03
Cyb5rl,-0.0623,0.788364072800584,0.8838,3.15
Vkorc1,-0.0623,0.788364072800584,0.8838,50.87
Cep57l1,-0.0623,0.788364072800584,0.8838,3.72
Gm11523,-0.0623,0.788364072800584,0.8838,3.26
Rps7-ps3,-0.0623,0.788364072800584,0.8838,2.71
Got1,-0.0623,0.788364072800584,0.8838,186.84
Gm44718,-0.0623,0.788364072800584,0.8838,3.3
Frg1,-0.0623,0.788364072800584,0.8838,23.64
Tcaf1,-0.0623,0.788364072800584,0.8838,163.0
Pde2a,-0.0623,0.788364072800584,0.8838,2.61
Ccs,-0.0623,0.788364072800584,0.8838,17.45
Rhod,-0.0624,0.7880947208655751,0.8838,0.46
2310003N18Rik,-0.0627,0.7870069388784598,0.8838,0.73
4930456G14Rik,-0.0636,0.7840544504932396,0.8811,0.86
Foxk2,-0.0636,0.7840544504932396,0.8811,31.9
Pparg,-0.0636,0.7840544504932396,0.8811,0.9
2700078F05Rik,-0.0636,0.7840544504932396,0.8811,1.98
Znhit2,-0.0636,0.7840544504932396,0.8811,78.67
Lgals9,-0.0636,0.7840544504932396,0.8811,45.65
Ocrl,-0.0636,0.7840544504932396,0.8811,67.17
Atad3aos,-0.0636,0.7840544504932396,0.8811,1.31
Gm49463,-0.0636,0.7840544504932396,0.8811,2.2
Gm13203,-0.0637,0.7837798711862685,0.8811,2.66
Gm43728,-0.0637,0.783985903720943,0.8811,0.79
Prelp,-0.0638,0.7833660317553435,0.8811,0.58
7120432I05Rik,-0.0643,0.7818327131161853,0.8803,0.58
Gm42031,-0.0645,0.7812069613201098,0.8797,0.64
Cables1,-0.0649,0.7797509033508971,0.8781,4.8
Rbfox3,-0.0649,0.7797509033508971,0.8781,93.49
Mtmr2,-0.0649,0.7797509033508971,0.8781,28.85
Wdr97,-0.0649,0.7797509033508971,0.8781,1.42
Arsg,-0.0649,0.7797509033508971,0.8781,7.8
Coa6,-0.0649,0.7797509033508971,0.8781,57.29
S1pr1,-0.0649,0.7797509033508971,0.8781,3.47
Zbtb12,-0.0649,0.7797509033508971,0.8781,1.04
Pias1,-0.0649,0.7797509033508971,0.8781,33.47
A830082N09Rik,-0.0649,0.7797509033508971,0.8781,13.85
Ndufb3,-0.0649,0.7797509033508971,0.8781,308.59
Gm11223,-0.0649,0.7797509033508971,0.8781,5.71
Slbp,-0.0649,0.7797509033508971,0.8781,38.09
Gm28661,-0.0649,0.7797509033508971,0.8781,3.11
Slc35g2,-0.0649,0.7797509033508971,0.8781,34.43
Rab4a,-0.0649,0.7797509033508971,0.8781,65.25
B3galt4,-0.0649,0.7797509033508971,0.8781,2.73
Nipsnap1,-0.0649,0.7797509033508971,0.8781,68.53
Zfp979,-0.0649,0.7797509033508971,0.8781,10.57
Gm36608,-0.065,0.7796810573119215,0.8781,1.69
Arap3,-0.065,0.7794711199340935,0.8781,0.4
Iqgap3,-0.0651,0.7790494389639733,0.8781,0.77
Serpina3i,-0.0651,0.7790494389639733,0.8781,0.69
Npm2,-0.0656,0.7775309508311281,0.8781,0.5
Gfra3,-0.0662,0.7754535475659065,0.8761,2.94
Whrn,-0.0662,0.7754535475659065,0.8761,2.03
Gm42847,-0.0662,0.7754535475659065,0.8761,2.01
Dok2,-0.0662,0.7754535475659065,0.8761,1.01
Mettl21a,-0.0662,0.7754535475659065,0.8761,14.14
Dnpep,-0.0662,0.7754535475659065,0.8761,40.34
Dnajc2,-0.0662,0.7754535475659065,0.8761,34.57
Dbil5,-0.0662,0.7754535475659065,0.8761,0.72
Neil2,-0.0662,0.7754535475659065,0.8761,5.78
Bcap31,-0.0662,0.7754535475659065,0.8761,103.85
Col18a1,-0.0662,0.7754535475659065,0.8761,3.4
Palm,-0.0662,0.7754535475659065,0.8761,125.09
Rabgap1,-0.0662,0.7754535475659065,0.8761,62.98
Plch1,-0.0662,0.7754535475659065,0.8761,26.75
Gm43727,-0.0663,0.7751685837258695,0.8761,0.66
Gm45102,-0.0663,0.7753824081677828,0.8761,1.29
Gm16976,-0.0664,0.77473909703072,0.8761,0.49
Gm43982,-0.0668,0.773641586718476,0.8761,0.34
Gxylt2,-0.0671,0.7725863066506535,0.8752,0.4
Bltp1,-0.0675,0.7711624988673798,0.8737,92.88
Bax,-0.0675,0.7711624988673798,0.8737,83.96
Tnfaip8l1,-0.0675,0.7711624988673798,0.8737,0.92
Cul4b,-0.0675,0.7711624988673798,0.8737,6.29
Smpd3,-0.0675,0.7711624988673798,0.8737,52.23
Pkm,-0.0675,0.7711624988673798,0.8737,895.69
Pdcl,-0.0675,0.7711624988673798,0.8737,57.34
Ift46,-0.0675,0.7711624988673798,0.8737,36.45
Gm43010,-0.0675,0.7711624988673798,0.8737,1.48
Zfpl1,-0.0675,0.7711624988673798,0.8737,15.74
Ehd4,-0.0675,0.7711624988673798,0.8737,50.54
Msantd1,-0.0675,0.7711624988673798,0.8737,4.77
Hif1an,-0.0675,0.7711624988673798,0.8737,18.81
Pcdhb10,-0.0676,0.7708723787122118,0.8737,0.56
Gm49326,-0.0682,0.7689463075817164,0.873,0.79
Cchcr1,-0.0682,0.7689463075817164,0.873,1.04
Cfap57,-0.0684,0.7682855598320316,0.8723,0.65
D630002J18Rik,-0.0688,0.7668778725128099,0.8708,0.62
Acacb,-0.0688,0.7668778725128099,0.8708,2.69
Srsf12,-0.0688,0.7668778725128099,0.8708,22.49
Gnai3,-0.0688,0.7668778725128099,0.8708,64.56
Ilrun,-0.0688,0.7668778725128099,0.8708,130.79
D630030B08Rik,-0.0688,0.7668778725128099,0.8708,3.54
Chfr,-0.0688,0.7668778725128099,0.8708,29.24
Hdac10,-0.0688,0.7668778725128099,0.8708,6.26
Sh3glb2,-0.0688,0.7668778725128099,0.8708,149.02
Gabrb3,-0.0701,0.7625997832797398,0.8679,87.18
Cd74,-0.0701,0.7625997832797398,0.8679,10.61
Capzb,-0.0701,0.7625997832797398,0.8679,295.69
Mtm1,-0.0701,0.7625997832797398,0.8679,19.38
Cul4a,-0.0701,0.7625997832797398,0.8679,54.21
Recql,-0.0701,0.7625997832797398,0.8679,10.1
Coq10b,-0.0701,0.7625997832797398,0.8679,38.61
Dlg5,-0.0701,0.7625997832797398,0.8679,26.37
Kbtbd8,-0.0701,0.7625997832797398,0.8679,3.46
Dph7,-0.0701,0.7625997832797398,0.8679,7.21
Dph1,-0.0701,0.7625997832797398,0.8679,0.6
Brpf3,-0.0701,0.7625997832797398,0.8679,8.27
Gpr119,-0.0701,0.7625997832797398,0.8679,6.49
Zc3h11a,-0.0702,0.7625248002969642,0.8679,1.44
Sh3d21,-0.0702,0.7625248002969642,0.8679,0.62
Gm28438,-0.0714,0.7583283454574847,0.8654,7.09
Dcaf10,-0.0714,0.7583283454574847,0.8654,22.79
Katna1,-0.0714,0.7583283454574847,0.8654,7.61
Fancf,-0.0714,0.7583283454574847,0.8654,4.78
Lrrn4cl,-0.0714,0.7583283454574847,0.8654,1.48
Tcf19,-0.0714,0.7583283454574847,0.8654,1.47
Gm38300,-0.0714,0.7583283454574847,0.8654,2.01
Mrpl28,-0.0714,0.7583283454574847,0.8654,88.54
Stk33,-0.0714,0.7583283454574847,0.8654,2.03
Emd,-0.0714,0.7583283454574847,0.8654,32.19
Atp2b4,-0.0714,0.7583283454574847,0.8654,285.27
Bend3,-0.0714,0.7583283454574847,0.8654,2.06
Ino80c,-0.0714,0.7583283454574847,0.8654,17.09
Aldh9a1,-0.0714,0.7583283454574847,0.8654,22.96
Rdm1,-0.0714,0.7583283454574847,0.8654,5.4
Chrna5,-0.0714,0.7583283454574847,0.8654,13.64
Cs,-0.0714,0.7583283454574847,0.8654,161.29
A230051N06Rik,-0.0714,0.7583283454574847,0.8654,3.06
2010001A14Rik,-0.0714,0.7583283454574847,0.8654,20.23
Zfp87,-0.0714,0.7583283454574847,0.8654,8.1
Pnldc1,-0.0714,0.7583283454574847,0.8654,1.19
Kansl3,-0.0714,0.7583283454574847,0.8654,51.49
Lyrm7,-0.0714,0.7583283454574847,0.8654,7.45
Ccdc158,-0.0715,0.7580229051750197,0.8654,0.55
Gm8738,-0.0715,0.7582520937894818,0.8654,1.06
Gm7908,-0.0716,0.7577732170465372,0.8654,0.42
Dynlt1-ps1,-0.0721,0.7561182727979257,0.8654,1.5
Gm49708,-0.0727,0.7540636728389067,0.8636,0.84
Mrps34,-0.0727,0.7540636728389067,0.8636,64.98
Rgs6,-0.0727,0.7540636728389067,0.8636,21.6
9030624G23Rik,-0.0727,0.7540636728389067,0.8636,1.3
Braf,-0.0727,0.7540636728389067,0.8636,49.24
Aarsd1,-0.0727,0.7540636728389067,0.8636,2.4
Diras1,-0.0727,0.7540636728389067,0.8636,136.24
Prr36,-0.0727,0.7540636728389067,0.8636,3.35
Creb1,-0.0727,0.7540636728389067,0.8636,37.94
Gadd45g,-0.0727,0.7540636728389067,0.8636,149.49
Gpnmb,-0.0727,0.7540636728389067,0.8636,0.91
Vstm5,-0.0727,0.7540636728389067,0.8636,36.53
Aptx,-0.0727,0.7540636728389067,0.8636,35.07
C030004G16Rik,-0.0728,0.7539861589112521,0.8636,1.38
E130202H07Rik,-0.0728,0.753753176827661,0.8636,0.56
Gm34030,-0.0734,0.7518600493685004,0.8635,7.08
Gm15201,-0.074,0.7498058787122429,0.8612,0.89
Srp14,-0.074,0.7498058787122429,0.8612,532.39
Sp3,-0.074,0.7498058787122429,0.8612,30.6
Limd2,-0.074,0.7498058787122429,0.8612,54.37
Gyg1,-0.074,0.7498058787122429,0.8612,76.29
Pank3,-0.074,0.7498058787122429,0.8612,117.55
Grina,-0.074,0.7498058787122429,0.8612,527.03
Arel1,-0.074,0.7498058787122429,0.8612,49.38
A030001D20Rik,-0.074,0.7498058787122429,0.8612,13.17
Cdc42ep2,-0.074,0.7498058787122429,0.8612,34.11
Wdr89,-0.074,0.7498058787122429,0.8612,7.67
Rbm22,-0.074,0.7498058787122429,0.8612,20.62
Gm13341,-0.074,0.7498058787122429,0.8612,2.92
Sap18b,-0.074,0.7498058787122429,0.8612,3.44
4933432I09Rik,-0.074,0.7498058787122429,0.8612,0.75
Cox16,-0.074,0.7498058787122429,0.8612,41.86
Efemp2,-0.074,0.7498058787122429,0.8612,7.72
Atp5po,-0.074,0.7498058787122429,0.8612,371.22
Pcmtd1,-0.074,0.7498058787122429,0.8612,142.27
Sytl3,-0.0745,0.7482162127725167,0.8612,1.0
Ciapin1,-0.0753,0.7455550758529896,0.8586,90.86
Bpgm,-0.0753,0.7455550758529896,0.8586,18.87
Gm4366,-0.0753,0.7455550758529896,0.8586,3.38
Ccdc174,-0.0753,0.7455550758529896,0.8586,24.63
Bag3,-0.0753,0.7455550758529896,0.8586,148.26
Vcf1,-0.0753,0.7455550758529896,0.8586,101.77
Mindy1,-0.0753,0.7455550758529896,0.8586,53.43
Bltp2,-0.0753,0.7455550758529896,0.8586,94.06
Rps11-ps2,-0.0753,0.7455550758529896,0.8586,4.96
Mtfr1,-0.0753,0.7455550758529896,0.8586,22.65
Lrp12,-0.0753,0.7455550758529896,0.8586,64.99
Gm36356,-0.0753,0.7455550758529896,0.8586,2.93
Gm42440,-0.0753,0.7455550758529896,0.8586,2.95
Stac,-0.0753,0.7455550758529896,0.8586,54.63
Gm37376,-0.0753,0.7455550758529896,0.8586,9.19
Gm8451,-0.0753,0.7455550758529896,0.8586,1.09
Commd10,-0.0753,0.7455550758529896,0.8586,18.4
Itga11,-0.0754,0.7452345472949067,0.8586,0.65
Slc9a2,-0.076,0.7433516904463788,0.858,5.66
Mmp25,-0.0766,0.7412301153711411,0.8557,4.9
Rpl23,-0.0766,0.7413113765158404,0.8557,1046.3
C230062I16Rik,-0.0766,0.7413113765158404,0.8557,3.42
Capza2,-0.0766,0.7413113765158404,0.8557,261.38
Rnf139,-0.0766,0.7413113765158404,0.8557,22.15
AU040320,-0.0766,0.7413113765158404,0.8557,41.16
Abracl,-0.0766,0.7413113765158404,0.8557,21.58
Yy1,-0.0766,0.7413113765158404,0.8557,60.04
Nrde2,-0.0766,0.7413113765158404,0.8557,5.99
Zfp551,-0.0766,0.7413113765158404,0.8557,1.0
Zfp524,-0.0766,0.7413113765158404,0.8557,11.11
Pin4-ps,-0.0766,0.7413113765158404,0.8557,1.6
Gm42466,-0.0766,0.7413113765158404,0.8557,2.81
Atp23,-0.0766,0.7413113765158404,0.8557,5.86
Clcn4,-0.0766,0.7413113765158404,0.8557,124.13
Gdnf,-0.0767,0.7409858719416846,0.8557,0.96
Pou4f1,-0.0779,0.7370748924266822,0.8528,90.36
Akr1a1,-0.0779,0.7370748924266822,0.8528,546.07
H3f3b,-0.0779,0.7370748924266822,0.8528,379.68
Dcp2,-0.0779,0.7370748924266822,0.8528,34.97
Atmin,-0.0779,0.7370748924266822,0.8528,41.92
Rps4x,-0.0779,0.7370748924266822,0.8528,1228.36
Slc35a2,-0.0779,0.7370748924266822,0.8528,24.68
Ece2,-0.0779,0.7370748924266822,0.8528,15.29
Hivep3,-0.0779,0.7370748924266822,0.8528,39.68
Flt3l,-0.0779,0.7370748924266822,0.8528,9.96
Ube2srt,-0.0779,0.7370748924266822,0.8528,2.1
Dmpk,-0.0779,0.7370748924266822,0.8528,5.42
Pgrmc1,-0.0779,0.7370748924266822,0.8528,213.47
Gm45643,-0.0779,0.7370748924266822,0.8528,0.7
Gm45629,-0.0779,0.7370748924266822,0.8528,2.07
Akt2,-0.0779,0.7370748924266822,0.8528,52.95
Pheta1,-0.0779,0.7370748924266822,0.8528,13.35
Mvb12b,-0.0779,0.7370748924266822,0.8528,61.37
Oas3,-0.0782,0.7362797385478138,0.8528,0.52
Foxm1,-0.0792,0.7328457347746481,0.8499,0.82
Fpgt,-0.0792,0.7328457347746481,0.8499,12.13
Msl1,-0.0792,0.7328457347746481,0.8499,109.6
Rbm39,-0.0792,0.7328457347746481,0.8499,320.83
Asnsd1,-0.0792,0.7328457347746481,0.8499,24.83
Sco1,-0.0792,0.7328457347746481,0.8499,6.62
Efna1,-0.0792,0.7328457347746481,0.8499,9.25
Klf9,-0.0792,0.7328457347746481,0.8499,120.99
Vps29,-0.0792,0.7328457347746481,0.8499,121.97
Gm10638,-0.0792,0.7328457347746481,0.8499,12.75
Gem,-0.0792,0.7328457347746481,0.8499,18.28
Cnn2,-0.0792,0.7328457347746481,0.8499,3.53
Fbxo27,-0.0792,0.7328457347746481,0.8499,6.76
Kctd20,-0.0792,0.7328457347746481,0.8499,69.04
U2af1l4,-0.0792,0.7328457347746481,0.8499,1.72
Nars2,-0.0792,0.7328457347746481,0.8499,9.44
Hbb-bs,-0.0792,0.7328457347746481,0.8499,26.0
5830444B04Rik,-0.0792,0.7328457347746481,0.8499,1.11
Eif2ak3,-0.0792,0.7328457347746481,0.8499,18.34
Pcbp3,-0.0792,0.7328457347746481,0.8499,397.84
Gm54542,-0.0792,0.7328457347746481,0.8499,0.88
3010001F23Rik,-0.0805,0.7286240142042282,0.8475,3.38
Phka2,-0.0805,0.7286240142042282,0.8475,12.52
Itgb6,-0.0805,0.7286240142042282,0.8475,1.69
Gm10120,-0.0805,0.7286240142042282,0.8475,4.17
Zfp940,-0.0805,0.7286240142042282,0.8475,2.86
Rpl15,-0.0805,0.7286240142042282,0.8475,382.29
Dock5,-0.0805,0.7286240142042282,0.8475,14.92
Use1,-0.0805,0.7286240142042282,0.8475,180.51
Gm44509,-0.0805,0.7286240142042282,0.8475,67.88
Nlrp12,-0.0806,0.7282837473525259,0.8475,0.28
Slc6a12,-0.081,0.7269097759052899,0.8473,0.66
Unc45b,-0.0814,0.7256567983539933,0.8461,0.45
Rgs7bp,-0.0818,0.7244098408074375,0.8447,215.53
2700062C07Rik,-0.0818,0.7244098408074375,0.8447,13.63
Nsf,-0.0818,0.7244098408074375,0.8447,226.87
Washc2,-0.0818,0.7244098408074375,0.8447,42.58
Mbl2,-0.0818,0.7244098408074375,0.8447,8.43
Akap17b,-0.0818,0.7244098408074375,0.8447,32.64
Rps11,-0.0818,0.7244098408074375,0.8447,1366.32
Hfm1,-0.0818,0.7243236793795921,0.8447,0.91
Tbx3os2,-0.0818,0.7244098408074375,0.8447,5.36
Rplp2,-0.0818,0.7244098408074375,0.8447,948.17
Gm35558,-0.0818,0.7244098408074375,0.8447,1.58
Erp29,-0.0818,0.7244098408074375,0.8447,183.71
1110025M09Rik,-0.0818,0.7244098408074375,0.8447,0.52
Dhx33,-0.0831,0.7202033241160488,0.8417,13.88
Morc3,-0.0831,0.7202033241160488,0.8417,24.79
Rhoq,-0.0831,0.7202033241160488,0.8417,164.82
Zbtb42,-0.0831,0.7202033241160488,0.8417,6.03
Gm49767,-0.0831,0.7202033241160488,0.8417,0.64
Zfp367,-0.0831,0.7202033241160488,0.8417,17.98
A430108G06Rik,-0.0831,0.7202033241160488,0.8417,0.51
Gm37860,-0.0831,0.7202033241160488,0.8417,0.7
Gm44437,-0.0831,0.7202033241160488,0.8417,5.64
Lrrc70,-0.0831,0.7202033241160488,0.8417,0.45
Acbd7,-0.0831,0.7202033241160488,0.8417,6.88
Accs,-0.0831,0.7202033241160488,0.8417,3.95
Prmt5,-0.0831,0.7202033241160488,0.8417,20.64
Adm,-0.0831,0.7202033241160488,0.8417,2.43
Gm34455,-0.0831,0.7202033241160488,0.8417,10.94
Gm28523,-0.0834,0.7192195768628584,0.8417,1.27
Trio,-0.0844,0.7160045730938804,0.8393,107.25
Auh,-0.0844,0.7160045730938804,0.8393,83.12
Cntn5,-0.0844,0.7160045730938804,0.8393,70.06
Gm28050,-0.0844,0.7160045730938804,0.8393,15.38
Strap,-0.0844,0.7160045730938804,0.8393,75.17
Sgf29,-0.0844,0.7160045730938804,0.8393,15.53
Gm45640,-0.0844,0.7160045730938804,0.8393,6.47
Ttc9b,-0.0844,0.7160045730938804,0.8393,249.08
Efcab11,-0.0844,0.7160045730938804,0.8393,0.65
Mansc1,-0.0844,0.7160045730938804,0.8393,3.61
Nop9,-0.0844,0.7160045730938804,0.8393,6.49
Rpusd3,-0.0844,0.7160045730938804,0.8393,3.88
Hps1,-0.0844,0.7160045730938804,0.8393,7.81
Eif1,-0.0844,0.7160045730938804,0.8393,1363.95
Atxn7l3,-0.0844,0.7160045730938804,0.8393,116.52
Frmd3,-0.0844,0.7160045730938804,0.8393,67.4
Ctf1,-0.0844,0.7160045730938804,0.8393,3.36
Gm5644,-0.0844,0.7160045730938804,0.8393,2.18
Mdc1,-0.0857,0.7118136961291482,0.8367,5.93
Hsph1,-0.0857,0.7118136961291482,0.8367,208.78
Smurf2,-0.0857,0.7118136961291482,0.8367,23.57
Mrpl50,-0.0857,0.7118136961291482,0.8367,39.04
Gm45206,-0.0857,0.7118136961291482,0.8367,0.75
Otud4,-0.0857,0.7118136961291482,0.8367,55.82
Rbx1-ps,-0.0857,0.7118136961291482,0.8367,1.14
Cetn4,-0.0857,0.7118136961291482,0.8367,14.7
Asns,-0.0857,0.7118136961291482,0.8367,45.63
C230071H17Rik,-0.0857,0.7118136961291482,0.8367,4.06
Gm10602,-0.0857,0.7118136961291482,0.8367,6.58
Nfatc3,-0.0857,0.7118136961291482,0.8367,18.95
Cib3,-0.0863,0.7100023885848102,0.8364,0.73
Mindy4b-ps,-0.0866,0.7088138851270142,0.8351,1.1
Gm47711,-0.0868,0.7082631154337188,0.8345,0.43
Gm26532,-0.087,0.7076308010268806,0.8338,77.06
Rnf217,-0.087,0.7076308010268806,0.8338,38.41
Gm49041,-0.087,0.7076308010268806,0.8338,1.25
Cabp7,-0.087,0.7076308010268806,0.8338,6.26
Hars1,-0.087,0.7076308010268806,0.8338,66.95
Zfp455,-0.087,0.7076308010268806,0.8338,1.08
Rpp30,-0.087,0.7076308010268806,0.8338,9.63
Arl10,-0.087,0.7076308010268806,0.8338,3.84
Uqcc1,-0.087,0.7076308010268806,0.8338,57.99
Krt10,-0.087,0.7076308010268806,0.8338,38.81
Eml3,-0.087,0.7076308010268806,0.8338,8.45
Gm47198,-0.087,0.7075398546923638,0.8338,0.76
Ndufs5,-0.087,0.7076308010268806,0.8338,304.98
Cdk5rap2,-0.0883,0.7034559950013928,0.8305,5.52
Zfp646,-0.0883,0.7034559950013928,0.8305,9.91
4931440P22Rik,-0.0883,0.7034559950013928,0.8305,3.87
Mrpl17,-0.0883,0.7034559950013928,0.8305,116.51
Atf4,-0.0883,0.7034559950013928,0.8305,153.86
Gm20559,-0.0883,0.7034559950013928,0.8305,8.37
Prdm10,-0.0883,0.7034559950013928,0.8305,7.09
Vegfd,-0.0883,0.7034559950013928,0.8305,5.67
Manba,-0.0883,0.7034559950013928,0.8305,4.42
Sbno2,-0.0883,0.7034559950013928,0.8305,58.56
A430103D13Rik,-0.0896,0.6992893846688304,0.8271,4.98
Akirin1,-0.0896,0.6992893846688304,0.8271,118.83
Gm13688,-0.0896,0.6992893846688304,0.8271,0.82
Gm15672,-0.0896,0.6992893846688304,0.8271,2.49
Suco,-0.0896,0.6992893846688304,0.8271,46.64
Psmd9,-0.0896,0.6992893846688304,0.8271,24.1
Rab9b,-0.0896,0.6992893846688304,0.8271,42.66
Gm42995,-0.0896,0.6992893846688304,0.8271,1.3
Ptprz1,-0.0896,0.6992893846688304,0.8271,33.43
Grpel1,-0.0896,0.6992893846688304,0.8271,56.41
St8sia3,-0.0896,0.6992893846688304,0.8271,74.3
Rgs19,-0.0896,0.6992893846688304,0.8271,16.98
Jup,-0.0896,0.6992893846688304,0.8271,84.88
Casr,-0.0902,0.6974068656083993,0.827,0.42
Fam114a1,-0.0909,0.6951310760397715,0.8246,5.31
Spc24,-0.0909,0.6951310760397715,0.8246,0.92
Plekha1,-0.0909,0.6951310760397715,0.8246,60.39
Atp6v0e,-0.0909,0.6951310760397715,0.8246,87.35
Frmd8,-0.0909,0.6951310760397715,0.8246,14.68
Eif2s1,-0.0909,0.6951310760397715,0.8246,27.91
C1qtnf7,-0.0909,0.6951310760397715,0.8246,48.53
Hsp90ab1,-0.0909,0.6951310760397715,0.8246,2572.37
Tmem151b,-0.0909,0.6951310760397715,0.8246,80.89
H1f10,-0.0909,0.6951310760397715,0.8246,79.61
Cfap97,-0.0909,0.6951310760397715,0.8246,31.71
Pacrg,-0.0909,0.6951310760397715,0.8246,7.53
Yju2b,-0.0909,0.6951310760397715,0.8246,7.67
Gm8624,-0.0922,0.6909811745118993,0.8216,3.68
B130055M24Rik,-0.0922,0.6909811745118993,0.8216,1.16
Hrh3,-0.0922,0.6909811745118993,0.8216,5.24
Tvp23a,-0.0922,0.6909811745118993,0.8216,52.59
Tirap,-0.0922,0.6909811745118993,0.8216,8.07
Galnt14,-0.0922,0.6909811745118993,0.8216,10.56
Ctnna2,-0.0922,0.6909811745118993,0.8216,207.17
Psmb3,-0.0922,0.6909811745118993,0.8216,176.32
Fut10,-0.0922,0.6909811745118993,0.8216,2.63
B4galt2,-0.0922,0.6909811745118993,0.8216,25.29
Tpd52,-0.0922,0.6909811745118993,0.8216,225.22
Tpcn2,-0.0922,0.6909811745118993,0.8216,2.2
Rps2-ps10,-0.0922,0.6909811745118993,0.8216,2.63
Flot1,-0.0922,0.6909811745118993,0.8216,155.92
Mindy3,-0.0922,0.6909811745118993,0.8216,97.9
Mettl5os,-0.0922,0.6909811745118993,0.8216,1.57
mt-Co1,-0.0922,0.6909811745118993,0.8216,2338.86
Rab32,-0.0923,0.6905982021374572,0.8216,0.7
Or51f23b,-0.0932,0.6879435397918943,0.8201,0.61
Gstz1,-0.0935,0.6868397848627374,0.8188,26.74
Stmn1,-0.0935,0.6868397848627374,0.8188,553.58
Gm45495,-0.0935,0.6868397848627374,0.8188,17.74
Vrk3,-0.0935,0.6868397848627374,0.8188,25.18
Ogg1,-0.0935,0.6868397848627374,0.8188,5.88
Vash2,-0.0935,0.6868397848627374,0.8188,7.56
Trim12c,-0.0935,0.6868397848627374,0.8188,12.35
Ndufs8,-0.0935,0.6868397848627374,0.8188,117.84
Gm30025,-0.0935,0.6868397848627374,0.8188,11.86
Gm11613,-0.0935,0.6868397848627374,0.8188,2.11
St6galnac2,-0.0935,0.6868397848627374,0.8188,1.8
Mrpl11,-0.0935,0.6868397848627374,0.8188,54.37
Slco2b1,-0.0948,0.6827070112424533,0.8159,0.93
Ndufa2,-0.0948,0.6827070112424533,0.8159,763.86
Gpr176,-0.0948,0.6827070112424533,0.8159,25.52
Mphosph10,-0.0948,0.6827070112424533,0.8159,9.38
Trip10,-0.0948,0.6827070112424533,0.8159,6.83
Mrnip,-0.0948,0.6827070112424533,0.8159,8.31
Tasp1,-0.0948,0.6827070112424533,0.8159,15.88
Cpeb1,-0.0948,0.6827070112424533,0.8159,179.95
Flywch2,-0.0948,0.6827070112424533,0.8159,66.47
Ddx6,-0.0948,0.6827070112424533,0.8159,138.1
Tsbp1,-0.0948,0.6827070112424533,0.8159,1.75
Msc,-0.0955,0.6805454273324492,0.815,7.61
Sec22a,-0.0961,0.6785829571667291,0.8128,16.31
AW146154,-0.0961,0.6785829571667291,0.8128,3.76
Upf3a,-0.0961,0.6785829571667291,0.8128,32.24
Rpusd2,-0.0961,0.6785829571667291,0.8128,0.82
Hnf4g,-0.0961,0.6785829571667291,0.8128,0.76
Spag5,-0.0961,0.6784839326425894,0.8128,0.72
Mmp24,-0.0961,0.6785829571667291,0.8128,23.08
Dusp26,-0.0961,0.6785829571667291,0.8128,202.52
Rangap1,-0.0961,0.6785829571667291,0.8128,192.92
Rpl35rt,-0.0961,0.6785829571667291,0.8128,3.06
Pdzd11,-0.0961,0.6785829571667291,0.8128,42.7
Slc25a22,-0.0961,0.6785829571667291,0.8128,81.35
Gm37935,-0.0961,0.6785829571667291,0.8128,0.51
Shd,-0.0961,0.6785829571667291,0.8128,19.48
Gm10461,-0.0961,0.6785829571667291,0.8128,1.17
Mkx,-0.0974,0.6744677255097002,0.81,8.31
Smurf1,-0.0974,0.6744677255097002,0.81,22.04
Pdlim7,-0.0974,0.6744677255097002,0.81,210.82
Rab6a,-0.0974,0.6744677255097002,0.81,732.26
Gm20324,-0.0974,0.6744677255097002,0.81,0.84
Dpf1,-0.0974,0.6744677255097002,0.81,3.07
Ccnd3,-0.0974,0.6744677255097002,0.81,18.29
1700123O20Rik,-0.0974,0.6744677255097002,0.81,31.29
Mfsd1,-0.0974,0.6744677255097002,0.81,38.23
Selenoh,-0.0974,0.6744677255097002,0.81,103.69
Atg16l2,-0.0974,0.6744677255097002,0.81,13.18
Lrrc75a,-0.0974,0.6744677255097002,0.81,12.92
Gm5784,-0.0974,0.6744677255097002,0.81,1.01
Grid2ip,-0.0974,0.6743675790657573,0.81,1.46
Sema4d,-0.0987,0.6703614184969643,0.807,91.44
Gm30648,-0.0987,0.6703614184969643,0.807,6.33
Gm2225,-0.0987,0.6703614184969643,0.807,1.62
Rnasek,-0.0987,0.6703614184969643,0.807,8.71
2510039O18Rik,-0.0987,0.6703614184969643,0.807,39.71
Gm4425,-0.0987,0.6703614184969643,0.807,1.36
Maml2,-0.0987,0.6703614184969643,0.807,4.57
Gm14017,-0.0987,0.6703614184969643,0.807,0.68
Cox5b,-0.0987,0.6703614184969643,0.807,1281.75
Hdgf,-0.0987,0.6703614184969643,0.807,187.75
Smim33,-0.0987,0.6703614184969643,0.807,2.04
Gm8797,-0.0987,0.6703614184969643,0.807,2.87
Gm4792,-0.099,0.6693446050612503,0.807,0.66
Hrh1,-0.0994,0.6682098297313596,0.8059,1.86
Car14,-0.0997,0.667289273516457,0.8049,0.48
Tmem140,-0.1,0.6662641376986583,0.8037,4.13
Rpl29,-0.1,0.6662641376986583,0.8037,561.87
Cacna2d1,-0.1,0.6662641376986583,0.8037,156.37
Gm15853,-0.1,0.6662641376986583,0.8037,2.24
Nfatc2ip,-0.1,0.6662641376986583,0.8037,6.07
Gm13736,-0.1,0.6661617723466086,0.8037,1.57
Rasa1,-0.1,0.6662641376986583,0.8037,44.92
Nisch,-0.1,0.6662641376986583,0.8037,259.1
AU041133,-0.1,0.6662641376986583,0.8037,5.44
Spsb4,-0.1,0.6662641376986583,0.8037,28.8
Gm44878,-0.1,0.6662641376986583,0.8037,0.87
Suox,-0.1,0.6662641376986583,0.8037,16.74
Gpi1,-0.1,0.6662641376986583,0.8037,433.19
Apoo-ps,-0.1001,0.6658541111143043,0.8037,0.53
Lefty1,-0.1001,0.6658541111143043,0.8037,0.51
Gm12128,-0.1006,0.6644689559051362,0.8033,0.29
Gfpt2,-0.1007,0.6641159988647739,0.8029,1.11
Prc1,-0.1013,0.6621759840226068,0.8008,4.48
Morf4l1-ps1,-0.1013,0.6621759840226068,0.8008,1.71
Anapc7,-0.1013,0.6621759840226068,0.8008,17.12
Slx4ip,-0.1013,0.6621759840226068,0.8008,7.69
Rex1bd,-0.1013,0.6621759840226068,0.8008,334.71
Ttc39c,-0.1013,0.6621759840226068,0.8008,30.41
Pkp2,-0.1013,0.6621759840226068,0.8008,1.71
2810004N23Rik,-0.1013,0.6621759840226068,0.8008,45.81
Catspere2,-0.1013,0.6621759840226068,0.8008,1.54
Snap91,-0.1013,0.6621759840226068,0.8008,320.04
Crlf2,-0.1013,0.6621759840226068,0.8008,23.86
Gm15663,-0.1013,0.6621759840226068,0.8008,6.15
Gm37566,-0.1013,0.6621759840226068,0.8008,1.19
Fam8a1,-0.1013,0.6621759840226068,0.8008,97.16
Gm7336,-0.1016,0.6611370717930941,0.8008,0.74
Rcbtb2,-0.1026,0.6580970577075416,0.7979,19.79
Ppp2r1a,-0.1026,0.6580970577075416,0.7979,295.67
Mapk9,-0.1026,0.6580970577075416,0.7979,114.58
Slit3,-0.1026,0.6580970577075416,0.7979,6.35
mt-Nd4,-0.1026,0.6580970577075416,0.7979,2616.06
Gmeb1,-0.1026,0.6580970577075416,0.7979,12.34
Nudt9,-0.1026,0.6580970577075416,0.7979,42.62
Ubb-ps,-0.1026,0.6580970577075416,0.7979,15.39
A2ml1,-0.1026,0.6580970577075416,0.7979,170.43
Tmem230,-0.1026,0.6580970577075416,0.7979,63.94
Map3k21,-0.1026,0.6580970577075416,0.7979,1.55
Fgd5,-0.1026,0.6580970577075416,0.7979,1.38
Gpx3,-0.1026,0.6580970577075416,0.7979,78.22
Mt2,-0.1026,0.6580970577075416,0.7979,53.12
Mtf1,-0.1026,0.6580970577075416,0.7979,15.28
Gm2810,-0.1026,0.6580970577075416,0.7979,0.87
Coq2,-0.1026,0.6580970577075416,0.7979,130.17
Utp18,-0.1026,0.6580970577075416,0.7979,9.39
Myh7b,-0.1027,0.657678280450702,0.7979,0.67
Gm40864,-0.1033,0.6559559945546692,0.7978,0.99
Pou5f1,-0.1033,0.6559559945546692,0.7978,0.38
Gabarapl2,-0.1039,0.6540274583163918,0.7957,579.12
Nars1,-0.1039,0.6540274583163918,0.7957,181.18
Cep170,-0.1039,0.6540274583163918,0.7957,81.26
Gm3636,-0.1039,0.6540274583163918,0.7957,5.58
Fam222b,-0.1039,0.6540274583163918,0.7957,31.2
Gm49311,-0.1039,0.6540274583163918,0.7957,1.11
Gm10263,-0.1039,0.6540274583163918,0.7957,0.98
Fam177a,-0.1039,0.6540274583163918,0.7957,6.54
Rhno1,-0.1039,0.6540274583163918,0.7957,14.42
Slc52a3,-0.104,0.6536043573308714,0.7957,2.59
Gm5614,-0.1046,0.6518900203947848,0.7948,0.79
Ap3b1,-0.1052,0.6499672847296488,0.7926,19.35
Spag1,-0.1052,0.6499672847296488,0.7926,3.3
Nupr1,-0.1052,0.6499672847296488,0.7926,2.14
Adam9,-0.1052,0.6499672847296488,0.7926,46.77
Card6,-0.1052,0.6498605835705255,0.7926,0.92
7330423F06Rik,-0.1052,0.6499672847296488,0.7926,1.57
Rbpms2,-0.1052,0.6499672847296488,0.7926,0.82
Atf3,-0.1052,0.6499672847296488,0.7926,157.46
Trmt10b,-0.1052,0.6499672847296488,0.7926,11.53
Bud31,-0.1052,0.6499672847296488,0.7926,35.26
Gm47826,-0.1052,0.6499672847296488,0.7926,1.25
Gm45867,-0.1052,0.6499672847296488,0.7926,0.98
Zbtb46,-0.1052,0.6499672847296488,0.7926,12.35
Mecp2,-0.1052,0.6499672847296488,0.7926,52.37
Epc2,-0.1052,0.6499672847296488,0.7926,18.84
Mrpl35,-0.1052,0.6499672847296488,0.7926,58.66
Anxa7,-0.1052,0.6499672847296488,0.7926,148.95
Catsperz,-0.1052,0.6499672847296488,0.7926,8.39
Cib1,-0.1052,0.6499672847296488,0.7926,26.2
Dhx35,-0.1052,0.6499672847296488,0.7926,12.91
Gm19557,-0.1055,0.6488958703651717,0.7926,0.63
Chp2,-0.1059,0.6478145770169934,0.7926,1.05
Tapbpl,-0.1065,0.6459166351388025,0.7903,12.44
Tmem250,-0.1065,0.6459166351388025,0.7903,110.24
Slc7a4,-0.1065,0.6459166351388025,0.7903,16.47
Timm22,-0.1065,0.6459166351388025,0.7903,56.58
Zfp275,-0.1065,0.6459166351388025,0.7903,44.87
Desi2,-0.1065,0.6459166351388025,0.7903,31.06
Ino80dos,-0.1065,0.6459166351388025,0.7903,1.58
Ksr2,-0.1065,0.6459166351388025,0.7903,17.3
Mpzl1,-0.1065,0.6459166351388025,0.7903,21.09
Gm20501,-0.1065,0.6459166351388025,0.7903,2.56
Marchf3,-0.1065,0.6458088717432676,0.7903,0.63
Tgs1,-0.1065,0.6459166351388025,0.7903,37.18
Trpc7,-0.1066,0.6454849914872626,0.7903,2.36
Gm10175,-0.1075,0.6428075434246036,0.7886,0.72
Psme1,-0.1078,0.6418756070398507,0.7875,39.72
2900005J15Rik,-0.1078,0.6418756070398507,0.7875,10.45
Skp1,-0.1078,0.6418756070398507,0.7875,348.11
Glrx5,-0.1078,0.6418756070398507,0.7875,195.01
Gdap2,-0.1078,0.6418756070398507,0.7875,19.38
Hadhb,-0.1078,0.6418756070398507,0.7875,100.94
Ptpra,-0.1078,0.6418756070398507,0.7875,131.43
Gm10275,-0.1078,0.6418756070398507,0.7875,0.67
Atp5mc3,-0.1078,0.6418756070398507,0.7875,1265.35
Rragd,-0.1078,0.6418756070398507,0.7875,45.38
Mmd,-0.1078,0.6418756070398507,0.7875,84.97
Washc3,-0.1078,0.6418756070398507,0.7875,26.66
Gopc,-0.1078,0.6418756070398507,0.7875,52.02
Tbk1,-0.1078,0.6418756070398507,0.7875,39.32
Arfgef2,-0.1078,0.6418756070398507,0.7875,66.21
Gm10785,-0.1078,0.6417667902486981,0.7875,0.7
Abcb1a,-0.1078,0.6418756070398507,0.7875,54.02
Flnc,-0.1079,0.6414397450686121,0.7875,1.75
Bcl3,-0.1091,0.637844297226886,0.7846,7.36
Tmem14a,-0.1091,0.637844297226886,0.7846,74.71
Efhd2,-0.1091,0.637844297226886,0.7846,31.25
Cog6,-0.1091,0.637844297226886,0.7846,26.83
Bhlha9,-0.1091,0.637844297226886,0.7846,3.12
Herc6,-0.1091,0.637844297226886,0.7846,6.03
Rnf144a,-0.1091,0.637844297226886,0.7846,9.7
Ube3b,-0.1091,0.637844297226886,0.7846,86.85
Cct6a,-0.1091,0.637844297226886,0.7846,120.99
Zfp982,-0.1091,0.637844297226886,0.7846,1.77
Rps23-ps1,-0.1091,0.637844297226886,0.7846,13.25
Gm16793,-0.1091,0.637844297226886,0.7846,0.67
Gm37953,-0.1091,0.637844297226886,0.7846,0.93
Qrsl1,-0.1091,0.637844297226886,0.7846,12.78
Krt1,-0.1091,0.637844297226886,0.7846,8.76
Ankrd33,-0.1092,0.6374042526826982,0.7846,0.65
Lhx6,-0.1095,0.6364230567717565,0.7846,0.46
Eci1,-0.1104,0.6338228017857539,0.782,18.44
Tmem79,-0.1104,0.6338228017857539,0.782,21.01
Foxn2,-0.1104,0.6338228017857539,0.782,5.24
1500009L16Rik,-0.1104,0.6338228017857539,0.782,107.33
Actr1a,-0.1104,0.6338228017857539,0.782,191.69
Mindy2,-0.1104,0.6338228017857539,0.782,158.57
Itprip,-0.1104,0.6338228017857539,0.782,0.66
Taf4b,-0.1104,0.6338228017857539,0.782,12.21
Snapc1,-0.1104,0.6338228017857539,0.782,54.31
Mtor,-0.1104,0.6338228017857539,0.782,45.07
Gm32710,-0.1111,0.6315855835485144,0.781,1.48
Gldc,-0.1117,0.6296992929034805,0.7791,0.52
1810024B03Rik,-0.1117,0.6298112160877903,0.7791,1.74
Mrpl18,-0.1117,0.6298112160877903,0.7791,96.35
Kdm6a,-0.1117,0.6298112160877903,0.7791,20.5
Btf3-ps1,-0.1117,0.6298112160877903,0.7791,3.0
Uxt,-0.1117,0.6298112160877903,0.7791,12.34
Ripk2,-0.1117,0.6298112160877903,0.7791,13.22
Cct5,-0.1117,0.6298112160877903,0.7791,90.64
Cul2,-0.1117,0.6298112160877903,0.7791,47.08
Gm42735,-0.1117,0.6298112160877903,0.7791,2.18
Zbtb22,-0.1117,0.6298112160877903,0.7791,23.49
Dyrk2,-0.1117,0.6298112160877903,0.7791,38.68
Gclm,-0.1117,0.6298112160877903,0.7791,143.65
Zfp958,-0.113,0.6258096347836315,0.7761,1.49
Exo5,-0.113,0.6258096347836315,0.7761,6.18
Pfkp,-0.113,0.6258096347836315,0.7761,157.82
Pfn4,-0.113,0.6258096347836315,0.7761,4.64
Gpr107,-0.113,0.6258096347836315,0.7761,31.97
Gpld1,-0.113,0.6258096347836315,0.7761,5.72
Tcof1,-0.113,0.6258096347836315,0.7761,22.41
Pde3a,-0.113,0.6258096347836315,0.7761,9.77
Vkorc1l1,-0.113,0.6258096347836315,0.7761,61.67
Mknk2,-0.113,0.6258096347836315,0.7761,19.44
Jph4,-0.113,0.6258096347836315,0.7761,225.13
Lrrc3b,-0.113,0.6258096347836315,0.7761,38.34
Mrps18b,-0.113,0.6258096347836315,0.7761,31.07
Cln8,-0.113,0.6258096347836315,0.7761,19.24
Clip2,-0.113,0.6258096347836315,0.7761,79.56
Fbxl19,-0.113,0.6258096347836315,0.7761,18.96
Foxred1,-0.113,0.6258096347836315,0.7761,14.96
Lbp,-0.1131,0.6253572599584456,0.7761,0.52
Hmx1,-0.1142,0.6220901900578703,0.774,6.58
H4c8,-0.1143,0.6218181517971056,0.7737,2.6
Cetn3,-0.1143,0.6218181517971056,0.7737,86.88
Mmgt2,-0.1143,0.6218181517971056,0.7737,45.42
Chtf18,-0.1143,0.6218181517971056,0.7737,1.42
Septin2,-0.1143,0.6218181517971056,0.7737,2.08
Katnip,-0.1143,0.6218181517971056,0.7737,11.06
Nfs1,-0.1143,0.6218181517971056,0.7737,38.11
Polr2l,-0.1143,0.6218181517971056,0.7737,89.45
Srsf5,-0.1143,0.6218181517971056,0.7737,131.98
Ccnc,-0.1143,0.6218181517971056,0.7737,60.64
A730063M14Rik,-0.1143,0.6218181517971056,0.7737,1.2
Gm9762,-0.1156,0.6178368603191974,0.7705,1.08
Mnat1,-0.1156,0.6178368603191974,0.7705,23.88
Plec,-0.1156,0.6178368603191974,0.7705,372.13
Rnf41,-0.1156,0.6178368603191974,0.7705,82.3
Zfp984,-0.1156,0.6178368603191974,0.7705,2.91
Zfp882,-0.1156,0.6178368603191974,0.7705,0.98
Gemin7,-0.1156,0.6178368603191974,0.7705,121.26
Tln1,-0.1156,0.6178368603191974,0.7705,105.03
Lbr,-0.1156,0.6178368603191974,0.7705,24.16
4833439L19Rik,-0.1156,0.6178368603191974,0.7705,111.3
Irf2bpl,-0.1156,0.6178368603191974,0.7705,130.26
Fn1,-0.1156,0.6178368603191974,0.7705,0.86
Armc10,-0.1156,0.6178368603191974,0.7705,16.45
Styx-ps,-0.1156,0.6178368603191974,0.7705,0.89
Atp5if1,-0.1156,0.6178368603191974,0.7705,1795.02
Gm4540,-0.1156,0.6178368603191974,0.7705,3.45
Gm3756,-0.1156,0.6178368603191974,0.7705,2.37
Mex3d,-0.1156,0.6178368603191974,0.7705,20.66
Rgs10,-0.1169,0.6138658528020938,0.768,68.46
Cenpb,-0.1169,0.6138658528020938,0.768,78.87
Edil3,-0.1169,0.6138658528020938,0.768,241.93
Gm8399,-0.1169,0.6138658528020938,0.768,0.77
Fis1,-0.1169,0.6138658528020938,0.768,573.67
Prickle3,-0.1169,0.6138658528020938,0.768,0.61
Gm3468,-0.1169,0.6138658528020938,0.768,1.47
Cct7,-0.1169,0.6138658528020938,0.768,130.15
Tmem74,-0.1169,0.6138658528020938,0.768,9.17
Uap1,-0.1169,0.6138658528020938,0.768,77.45
Slc35b1,-0.1169,0.6138658528020938,0.768,53.57
Commd4,-0.1169,0.6138658528020938,0.768,50.62
0610009L18Rik,-0.1169,0.6138658528020938,0.768,20.48
Gm6477,-0.1169,0.6138658528020938,0.768,1.92
Pink1,-0.1169,0.6138658528020938,0.768,203.64
Chd1l,-0.1182,0.6099052209533065,0.7653,3.03
Gm20522,-0.1182,0.6097883040874752,0.7653,0.94
Fau,-0.1182,0.6099052209533065,0.7653,2113.96
Dbnl,-0.1182,0.6099052209533065,0.7653,73.72
Mrps24,-0.1182,0.6099052209533065,0.7653,214.18
Herc3,-0.1182,0.6099052209533065,0.7653,114.87
Psmb2,-0.1182,0.6099052209533065,0.7653,120.5
Ndufa1,-0.1182,0.6099052209533065,0.7653,363.15
Nutf2-ps1,-0.1182,0.6099052209533065,0.7653,3.83
Macrod1,-0.1182,0.6099052209533065,0.7653,12.98
Rpl34,-0.1182,0.6099052209533065,0.7653,712.13
Kcnk13,-0.1183,0.6094369237751,0.7653,0.72
Gm5859,-0.1183,0.6094369237751,0.7653,0.52
Mycn,-0.1189,0.607811421020037,0.7647,5.25
Piwil2,-0.1189,0.607811421020037,0.7647,1.08
Gm9947,-0.1195,0.6058371682978014,0.7626,3.93
Gm38910,-0.1195,0.6059550557298753,0.7626,2.79
Rpl9,-0.1195,0.6059550557298753,0.7626,1871.27
Csnk2a1-ps3,-0.1195,0.6059550557298753,0.7626,2.33
Adsl,-0.1195,0.6059550557298753,0.7626,15.16
Tnnc1,-0.1195,0.6059550557298753,0.7626,3.61
Gsap,-0.1195,0.6059550557298753,0.7626,5.53
9130008F23Rik,-0.1195,0.6059550557298753,0.7626,1.22
Zfp580,-0.1195,0.6059550557298753,0.7626,71.93
Mettl23,-0.1195,0.6059550557298753,0.7626,25.73
Kptn,-0.1195,0.6059550557298753,0.7626,7.48
Polr3b,-0.1195,0.6059550557298753,0.7626,17.17
Chchd1,-0.1195,0.6059550557298753,0.7626,155.1
Bri3,-0.1195,0.6059550557298753,0.7626,331.6
Ier3,-0.1195,0.6059550557298753,0.7626,49.64
Psma5,-0.1195,0.6059550557298753,0.7626,95.02
Arhgap17,-0.1195,0.6059550557298753,0.7626,30.53
Chek2,-0.1205,0.6027954532863778,0.7612,0.49
Sox4,-0.1208,0.6020154473326507,0.7602,52.12
Oard1,-0.1208,0.6020154473326507,0.7602,24.21
Rtbdn,-0.1208,0.6020154473326507,0.7602,3.26
Prdm12,-0.1208,0.6020154473326507,0.7602,1.69
Adam8,-0.1208,0.6020154473326507,0.7602,4.84
Rabac1,-0.1208,0.6020154473326507,0.7602,562.07
Kcns3,-0.1208,0.6020154473326507,0.7602,24.67
AW209491,-0.1208,0.6020154473326507,0.7602,12.11
Bet1,-0.1208,0.6020154473326507,0.7602,30.65
Pin4,-0.1208,0.6020154473326507,0.7602,72.19
Gm49864,-0.1208,0.6018965988795009,0.7602,0.8
Mdm2,-0.1208,0.6020154473326507,0.7602,31.23
Usp5,-0.1208,0.6020154473326507,0.7602,133.66
Gm10036,-0.1208,0.6018965988795009,0.7602,1.61
Sox5os2,-0.1209,0.6017651720526257,0.7602,1.0
Gm11837,-0.1221,0.598086485200657,0.7573,6.34
Slc30a10,-0.1221,0.5979666853357852,0.7573,1.53
9530085L11Rik,-0.1221,0.598086485200657,0.7573,1.4
Rpl28,-0.1221,0.598086485200657,0.7573,597.54
Derl2,-0.1221,0.598086485200657,0.7573,41.36
Gm44997,-0.1221,0.598086485200657,0.7573,1.32
Relb,-0.1221,0.598086485200657,0.7573,6.15
Gm42938,-0.1221,0.598086485200657,0.7573,0.77
Fuom,-0.1221,0.598086485200657,0.7573,84.18
Mrpl27,-0.1221,0.598086485200657,0.7573,82.35
S100a1,-0.1221,0.598086485200657,0.7573,51.81
Mtpap,-0.1221,0.598086485200657,0.7573,16.49
Zfp2,-0.1221,0.598086485200657,0.7573,17.89
Sh3gl3,-0.1221,0.598086485200657,0.7573,75.61
Sac3d1,-0.1221,0.598086485200657,0.7573,32.43
Parp12,-0.1221,0.598086485200657,0.7573,22.4
Uqcr11,-0.1221,0.598086485200657,0.7573,842.07
AA467197,-0.1222,0.5976066443382333,0.7573,2.06
Gm10689,-0.1228,0.5960057522766504,0.7568,0.69
1600029O15Rik,-0.1229,0.5956700150129113,0.7565,0.66
Anxa11,-0.1234,0.5941682580055346,0.7546,19.06
Dclre1c,-0.1234,0.5941682580055346,0.7546,2.98
Sdhaf1,-0.1234,0.5941682580055346,0.7546,39.11
Rab14,-0.1234,0.5941682580055346,0.7546,265.6
Sergef,-0.1234,0.5941682580055346,0.7546,14.37
Manf,-0.1234,0.5941682580055346,0.7546,123.87
Adora1,-0.1234,0.5941682580055346,0.7546,93.93
Cnih4,-0.1234,0.5941682580055346,0.7546,38.17
Dnajc15,-0.1234,0.5941682580055346,0.7546,107.25
Chic2,-0.1234,0.5941682580055346,0.7546,71.78
Gm38248,-0.1234,0.5941682580055346,0.7546,0.69
Tmcc2,-0.1234,0.5941682580055346,0.7546,123.05
Diaph2,-0.1234,0.5941682580055346,0.7546,16.03
Kctd6,-0.1234,0.5941682580055346,0.7546,23.26
D330041H03Rik,-0.1241,0.5920919886806326,0.7544,0.78
Adgrl4,-0.1247,0.590260853646067,0.7522,1.92
Slc25a40,-0.1247,0.590260853646067,0.7522,14.93
Phyh,-0.1247,0.590260853646067,0.7522,38.2
Gpatch4,-0.1247,0.590260853646067,0.7522,21.41
BC031181,-0.1247,0.590260853646067,0.7522,239.7
Hmbs,-0.1247,0.590260853646067,0.7522,13.34
Krtcap2,-0.1247,0.590260853646067,0.7522,213.69
Ppfia1,-0.1247,0.590260853646067,0.7522,26.9
Setd3,-0.1247,0.590260853646067,0.7522,150.8
Zbtb44,-0.1247,0.590260853646067,0.7522,26.31
Gm38359,-0.1247,0.590260853646067,0.7522,9.03
Exosc8,-0.1247,0.590260853646067,0.7522,10.82
Gabre,-0.1251,0.5890392374550647,0.7522,8.16
Gm3791,-0.1254,0.5881891013428645,0.7515,0.66
2900060N12Rik,-0.1254,0.5881891013428645,0.7515,0.63
Ap1s1,-0.126,0.5863643592427877,0.7493,173.67
Amigo3,-0.126,0.5863643592427877,0.7493,13.99
Slc25a53,-0.126,0.5863643592427877,0.7493,22.94
B230377A18Rik,-0.126,0.5863643592427877,0.7493,3.66
Csde1,-0.126,0.5863643592427877,0.7493,301.93
Sil1,-0.126,0.5863643592427877,0.7493,18.86
Comtd1,-0.126,0.5863643592427877,0.7493,18.32
Srm,-0.126,0.5863643592427877,0.7493,34.81
Tpi1,-0.126,0.5863643592427877,0.7493,299.94
Ighg2c,-0.126,0.5863643592427877,0.7493,1.32
Zfat,-0.126,0.5863643592427877,0.7493,1.89
Gm10177,-0.126,0.5863643592427877,0.7493,12.87
C2cd5,-0.126,0.5863643592427877,0.7493,53.15
Dse,-0.126,0.5863643592427877,0.7493,6.36
Afmid,-0.126,0.5863643592427877,0.7493,0.88
Drc1,-0.126,0.5863643592427877,0.7493,1.95
Zfp706,-0.126,0.5863643592427877,0.7493,230.79
A730061H03Rik,-0.1261,0.5858733236568846,0.7493,0.6
Rab28,-0.1273,0.5824788611326692,0.7463,61.75
Gm39459,-0.1273,0.5824788611326692,0.7463,1.79
Hspe1,-0.1273,0.5824788611326692,0.7463,314.18
Eola1,-0.1273,0.5824788611326692,0.7463,14.44
Fyn,-0.1273,0.5824788611326692,0.7463,56.9
Nim1k,-0.1273,0.5824788611326692,0.7463,12.19
Gm54215,-0.1274,0.5819841726643948,0.7463,0.38
0610010K14Rik,-0.1286,0.5786044448638965,0.7426,22.54
Plekhm2,-0.1286,0.5786044448638965,0.7426,39.09
Xk,-0.1286,0.5786044448638965,0.7426,17.79
Mast2,-0.1286,0.5786044448638965,0.7426,56.1
Gm7818,-0.1286,0.5786044448638965,0.7426,2.39
Rusc2,-0.1286,0.5786044448638965,0.7426,63.52
Mrpl23-ps1,-0.1286,0.5786044448638965,0.7426,7.36
Pibf1,-0.1286,0.5786044448638965,0.7426,9.91
Lmo2,-0.1286,0.5786044448638965,0.7426,3.9
Gm42737,-0.1286,0.5786044448638965,0.7426,3.07
Rdh13,-0.1286,0.5786044448638965,0.7426,18.11
Abcb6,-0.1286,0.5786044448638965,0.7426,0.85
Gm45342,-0.1286,0.5786044448638965,0.7426,3.37
AA414768,-0.1286,0.5786044448638965,0.7426,2.28
Ralbp1,-0.1286,0.5786044448638965,0.7426,329.38
Tmem242,-0.1286,0.5786044448638965,0.7426,68.1
Slu7,-0.1286,0.5786044448638965,0.7426,34.33
Sfn,-0.1286,0.5786044448638965,0.7426,2.9
Mgat4a,-0.1286,0.5786044448638965,0.7426,50.9
Tm2d1,-0.1286,0.5786044448638965,0.7426,212.35
Abhd14a,-0.1299,0.5747411951907224,0.7404,28.72
Sbno1,-0.1299,0.5747411951907224,0.7404,83.55
Syde1,-0.1299,0.5747411951907224,0.7404,3.26
D16Ertd472e,-0.1299,0.5747411951907224,0.7404,7.05
Atm,-0.1299,0.5747411951907224,0.7404,9.42
Psme2,-0.1299,0.5747411951907224,0.7404,76.49
Cdin1,-0.1299,0.5747411951907224,0.7404,2.68
Bcat2,-0.1299,0.5747411951907224,0.7404,23.93
Mpv17,-0.1299,0.5747411951907224,0.7404,37.67
Fsd1l,-0.1299,0.5747411951907224,0.7404,76.74
Gm37954,-0.1299,0.5747411951907224,0.7404,1.15
Fgf1,-0.1299,0.5747411951907224,0.7404,574.15
Pyurf,-0.1299,0.5747411951907224,0.7404,41.76
Gm10557,-0.1299,0.5746158920989048,0.7404,0.71
Gm26592,-0.1312,0.5708891960684092,0.7376,2.67
Polh,-0.1312,0.5708891960684092,0.7376,2.97
Uba52rt,-0.1312,0.5708891960684092,0.7376,5.86
Gm10766,-0.1312,0.5708891960684092,0.7376,1.39
Gm17167,-0.1312,0.5708891960684092,0.7376,5.41
Gm45041,-0.1312,0.5707630105289834,0.7376,0.61
Lamtor3,-0.1312,0.5708891960684092,0.7376,57.02
Gm46378,-0.1312,0.5708891960684092,0.7376,1.3
Lncppara,-0.1312,0.5708891960684092,0.7376,3.21
Ppcdc,-0.1312,0.5708891960684092,0.7376,15.71
Snx1,-0.1312,0.5708891960684092,0.7376,31.86
Minar1,-0.1312,0.5708891960684092,0.7376,8.25
Mif-ps4,-0.1312,0.5708891960684092,0.7376,2.65
Edf1,-0.1312,0.5708891960684092,0.7376,472.23
Gsn,-0.1312,0.5708891960684092,0.7376,47.31
Phf23,-0.1312,0.5708891960684092,0.7376,40.16
Nom1,-0.1312,0.5708891960684092,0.7376,16.31
Nrbp2,-0.1312,0.5708891960684092,0.7376,108.0
Atg2b,-0.1312,0.5708891960684092,0.7376,14.74
Gm36371,-0.1312,0.5708891960684092,0.7376,1.41
2210039B01Rik,-0.1312,0.5707630105289834,0.7376,0.99
Jade2,-0.1312,0.5708891960684092,0.7376,27.65
Mpzl3,-0.1325,0.5670485306482511,0.7352,5.26
Tmem100,-0.1325,0.5670485306482511,0.7352,33.69
Arhgef33,-0.1325,0.5670485306482511,0.7352,2.37
Thoc6,-0.1325,0.5670485306482511,0.7352,9.36
Btbd1,-0.1325,0.5670485306482511,0.7352,59.35
Gm47513,-0.1325,0.5670485306482511,0.7352,0.54
Septin7,-0.1325,0.5670485306482511,0.7352,279.67
Cdv3,-0.1325,0.5670485306482511,0.7352,106.31
Plppr2,-0.1325,0.5670485306482511,0.7352,42.1
Wdr19,-0.1325,0.5670485306482511,0.7352,10.18
Strn,-0.1325,0.5670485306482511,0.7352,31.28
Cox7a2l,-0.1325,0.5670485306482511,0.7352,407.05
Kmt5a,-0.1325,0.5670485306482511,0.7352,69.67
Arhgap25,-0.1333,0.5644684646996735,0.734,0.51
Dap,-0.1338,0.5632192812726847,0.7324,28.66
Bcl2l1,-0.1338,0.5632192812726847,0.7324,61.24
Ube2j1,-0.1338,0.5632192812726847,0.7324,126.87
Map7d1,-0.1338,0.5632192812726847,0.7324,228.2
Alkal2,-0.1338,0.5632192812726847,0.7324,25.23
Kcnk10,-0.1338,0.5632192812726847,0.7324,22.2
Nrn1l,-0.1338,0.5632192812726847,0.7324,12.16
Napb,-0.1338,0.5632192812726847,0.7324,490.94
Csnk1e,-0.1338,0.5632192812726847,0.7324,111.94
Ago4,-0.1338,0.5632192812726847,0.7324,8.75
Etl4,-0.1338,0.5632192812726847,0.7324,106.6
Slc18b1,-0.1338,0.5632192812726847,0.7324,17.87
Dclk2,-0.1351,0.5594015294704846,0.7293,49.34
Itgal,-0.1351,0.5592727572834729,0.7293,1.06
Mms19,-0.1351,0.5594015294704846,0.7293,24.74
Pdcd6ip,-0.1351,0.5594015294704846,0.7293,102.58
Nbeal2,-0.1351,0.5594015294704846,0.7293,3.43
D730003I15Rik,-0.1351,0.5594015294704846,0.7293,21.49
A930015D03Rik,-0.1351,0.5594015294704846,0.7293,1.4
Rpl21-ps8,-0.1351,0.5594015294704846,0.7293,2.81
Arhgef12,-0.1351,0.5594015294704846,0.7293,104.0
Tmem208,-0.1351,0.5594015294704846,0.7293,83.76
Akirin2,-0.1351,0.5594015294704846,0.7293,141.51
2610035D17Rik,-0.1351,0.5594015294704846,0.7293,16.05
Mfsd4a,-0.1351,0.5594015294704846,0.7293,10.39
Mtmr6,-0.1351,0.5594015294704846,0.7293,218.02
Ccdc117,-0.1351,0.5594015294704846,0.7293,9.28
Gm8539,-0.1364,0.5555953559520419,0.7266,0.69
Phactr1,-0.1364,0.5555953559520419,0.7266,90.51
Tmc7,-0.1364,0.5555953559520419,0.7266,22.28
Cnr1,-0.1364,0.5555953559520419,0.7266,138.64
Dnph1,-0.1364,0.5555953559520419,0.7266,4.49
Dctn3,-0.1364,0.5555953559520419,0.7266,307.74
Cenpf,-0.1364,0.5555953559520419,0.7266,4.96
Gm39121,-0.1364,0.5555953559520419,0.7266,0.96
Bcas1,-0.1364,0.5555953559520419,0.7266,3.28
Nadk,-0.1364,0.5555953559520419,0.7266,29.66
Lrrc17,-0.1364,0.5555953559520419,0.7266,7.53
Pdgfb,-0.1365,0.5550762224793959,0.7266,1.63
Mymk,-0.1373,0.5529814559652453,0.7249,0.77
Gm32647,-0.1373,0.5529071264240457,0.7248,0.77
Clip3,-0.1377,0.551800840604731,0.7234,265.45
Gm43289,-0.1377,0.551800840604731,0.7234,1.32
Aktip,-0.1377,0.551800840604731,0.7234,96.84
Rpl19,-0.1377,0.551800840604731,0.7234,1154.55
Gm45428,-0.1377,0.5516703950850506,0.7234,0.75
Dnmt3b,-0.1377,0.551800840604731,0.7234,0.58
Tmem38b,-0.1377,0.551800840604731,0.7234,14.15
Flvcr1,-0.1377,0.551800840604731,0.7234,52.07
Tchh,-0.1377,0.551800840604731,0.7234,1.25
Pak1ip1,-0.1377,0.551800840604731,0.7234,38.13
2900089D17Rik,-0.1377,0.551800840604731,0.7234,1.37
Taf1b,-0.1377,0.551800840604731,0.7234,6.4
Uchl1,-0.1377,0.551800840604731,0.7234,2062.15
Stard7,-0.1377,0.551800840604731,0.7234,78.87
Vmn2r57,-0.1377,0.551800840604731,0.7234,1.17
Gm46404,-0.1377,0.551800840604731,0.7234,4.08
Gm4708,-0.1384,0.5497771220756964,0.7227,0.72
Mogs,-0.139,0.5480180624883647,0.7205,7.83
Hipk3,-0.139,0.5480180624883647,0.7205,94.54
Slc46a1,-0.139,0.5480180624883647,0.7205,7.98
Fbxo4,-0.139,0.5480180624883647,0.7205,6.37
Csnk1g1,-0.139,0.5480180624883647,0.7205,29.69
Rbbp8,-0.139,0.5480180624883647,0.7205,9.39
Tbcb,-0.139,0.5480180624883647,0.7205,159.21
Aasdhppt,-0.139,0.5480180624883647,0.7205,25.91
Gm6563,-0.139,0.5480180624883647,0.7205,6.85
Rdh14,-0.139,0.5480180624883647,0.7205,30.93
Rai2,-0.139,0.5480180624883647,0.7205,7.06
Tuba1c,-0.139,0.5480180624883647,0.7205,2.42
Polr1d,-0.139,0.5480180624883647,0.7205,233.8
Mfhas1,-0.139,0.5480180624883647,0.7205,59.76
Zfp944,-0.139,0.5480180624883647,0.7205,9.18
Sptssa,-0.139,0.5480180624883647,0.7205,89.89
0610040B10Rik,-0.139,0.5480180624883647,0.7205,7.97
Hmgn2-ps,-0.1391,0.5474923127811182,0.7205,0.49
Gm30108,-0.1397,0.5459994259609381,0.7204,1.29
Hmgb1,-0.1403,0.5442470998307318,0.7181,186.22
Nipa1,-0.1403,0.5442470998307318,0.7181,31.25
Rps6-ps3,-0.1403,0.5442470998307318,0.7181,0.82
Rps26,-0.1403,0.5442470998307318,0.7181,735.6
Etaa1os,-0.1403,0.5442470998307318,0.7181,2.54
B130034C11Rik,-0.1403,0.5442470998307318,0.7181,2.52
Tk2,-0.1403,0.5442470998307318,0.7181,24.17
Hdlbp,-0.1403,0.5442470998307318,0.7181,152.16
Gnb2,-0.1403,0.5442470998307318,0.7181,279.07
Kif24,-0.1403,0.5441150223198223,0.7181,0.48
Elmod2,-0.1403,0.5442470998307318,0.7181,20.33
Gm16287,-0.1403,0.5442470998307318,0.7181,0.9
Psme2b,-0.1416,0.5404880300232261,0.7152,1.68
Ankrd6,-0.1416,0.5404880300232261,0.7152,34.75
Mea1,-0.1416,0.5404880300232261,0.7152,165.97
Mrps14,-0.1416,0.5404880300232261,0.7152,117.26
Ankrd2,-0.1416,0.5404880300232261,0.7152,3.38
Zbtb1,-0.1416,0.5404880300232261,0.7152,16.26
Actr6,-0.1416,0.5404880300232261,0.7152,16.89
4921531C22Rik,-0.1416,0.5404880300232261,0.7152,1.73
Kcnmb2,-0.1416,0.5404880300232261,0.7152,22.2
Dimt1,-0.1429,0.5367409296165598,0.7119,6.28
Gm42991,-0.1429,0.5367409296165598,0.7119,2.93
Gm17056,-0.1429,0.5367409296165598,0.7119,0.98
Rps15-ps3,-0.1429,0.5366072618298355,0.7119,0.53
Esam,-0.1429,0.5367409296165598,0.7119,2.38
Limk1,-0.1429,0.5367409296165598,0.7119,91.33
Gm9706,-0.1429,0.5367409296165598,0.7119,1.08
Uck1,-0.1429,0.5367409296165598,0.7119,26.9
Golga7,-0.1429,0.5367409296165598,0.7119,84.42
Gls,-0.1429,0.5367409296165598,0.7119,257.68
Slc16a14,-0.143,0.5362055681795092,0.7119,0.59
Cbln1,-0.1436,0.5347378328340222,0.7107,0.75
Gm15635,-0.1438,0.534045547526855,0.7099,0.37
Patz1,-0.1442,0.5330058743165695,0.7085,19.75
Gabpa,-0.1442,0.5330058743165695,0.7085,14.55
Pbx2,-0.1442,0.5330058743165695,0.7085,40.91
Odad4,-0.1442,0.5330058743165695,0.7085,0.85
Gm43958,-0.1451,0.5302948320592565,0.7064,2.35
Zfp414,-0.1455,0.5292829389801046,0.7051,32.34
Uqcrb,-0.1455,0.5292829389801046,0.7051,312.93
Rbm18,-0.1455,0.5292829389801046,0.7051,49.83
Igfbp7,-0.1455,0.5292829389801046,0.7051,15.0
Cd63,-0.1455,0.5292829389801046,0.7051,124.13
Pgap1,-0.1455,0.5292829389801046,0.7051,34.68
Itpa,-0.1455,0.5292829389801046,0.7051,28.56
Tbrg1,-0.1455,0.5292829389801046,0.7051,37.84
Selenof,-0.1455,0.5292829389801046,0.7051,176.42
Noc3l,-0.1455,0.5292829389801046,0.7051,10.1
Gbp7,-0.1455,0.5292829389801046,0.7051,11.56
Cryzl2,-0.1455,0.5292829389801046,0.7051,2.5
Snhg9,-0.1455,0.5292829389801046,0.7051,11.99
Iah1,-0.1455,0.5292829389801046,0.7051,26.89
2700038G22Rik,-0.1455,0.5292829389801046,0.7051,3.41
Snhg10,-0.1455,0.5292829389801046,0.7051,17.54
Rpp25,-0.1455,0.5292829389801046,0.7051,2.88
Vegfa,-0.1455,0.5292829389801046,0.7051,19.09
A630072M18Rik,-0.1455,0.5292829389801046,0.7051,5.95
Cdh4,-0.1468,0.5255721976110103,0.7022,10.43
Cat,-0.1468,0.5255721976110103,0.7022,79.27
Micu3,-0.1468,0.5255721976110103,0.7022,149.62
Gm8234,-0.1468,0.5255721976110103,0.7022,1.05
Cir1,-0.1468,0.5255721976110103,0.7022,31.15
Cyba,-0.1468,0.5255721976110103,0.7022,1.76
Gm48335,-0.1468,0.5255721976110103,0.7022,3.18
Hoxaas2,-0.1468,0.5255721976110103,0.7022,7.25
Ttf2,-0.1468,0.5255721976110103,0.7022,9.13
Gm28323,-0.1475,0.52358507321836,0.7011,0.53
Fgf16,-0.1476,0.5231933809527647,0.7006,0.61
Pkmyt1,-0.1481,0.5218737233561959,0.6989,4.68
Anapc5,-0.1481,0.5218737233561959,0.6989,168.25
Rps27a-ps3,-0.1481,0.5218737233561959,0.6989,13.76
Emid1,-0.1481,0.5217370015605404,0.6989,0.95
Spaca1,-0.1481,0.5217370015605404,0.6989,0.63
Rpl10a,-0.1481,0.5218737233561959,0.6989,533.88
Cers4,-0.1481,0.5218737233561959,0.6989,146.66
Rer1,-0.1481,0.5218737233561959,0.6989,110.23
Lrif1,-0.1481,0.5218737233561959,0.6989,24.55
Akr1b8,-0.1481,0.5218737233561959,0.6989,3.07
Gm9993,-0.1481,0.5218737233561959,0.6989,2.1
Polr2d,-0.1481,0.5218737233561959,0.6989,27.67
4833418N02Rik,-0.1481,0.5217370015605404,0.6989,0.84
Cap1,-0.1481,0.5218737233561959,0.6989,31.14
Stx4a,-0.1481,0.5218737233561959,0.6989,117.58
D2hgdh,-0.1481,0.5218737233561959,0.6989,6.83
4933406P04Rik,-0.1481,0.5218737233561959,0.6989,0.82
Paip2,-0.1481,0.5218737233561959,0.6989,254.39
Ankrd13b,-0.1481,0.5218737233561959,0.6989,27.6
Otulin,-0.1481,0.5218737233561959,0.6989,20.7
1700096K18Rik,-0.1481,0.5218737233561959,0.6989,5.9
Psd,-0.1481,0.5218737233561959,0.6989,59.16
Cdk3,-0.1481,0.5217370015605404,0.6989,0.54
Gm56350,-0.1481,0.5218737233561959,0.6989,5.97
1700003C15Rik,-0.149,0.5191169886727407,0.6974,2.0
Gm37415,-0.1494,0.5181875885017935,0.6962,0.58
Snx21,-0.1494,0.5181875885017935,0.6962,103.31
H2-M5,-0.1494,0.5181875885017935,0.6962,0.6
Mdfic,-0.1494,0.5181875885017935,0.6962,18.17
Wiz,-0.1494,0.5181875885017935,0.6962,35.39
Ehd2,-0.1494,0.5181875885017935,0.6962,24.35
Gm30082,-0.1494,0.5181875885017935,0.6962,7.15
Rbm17,-0.1494,0.5181875885017935,0.6962,53.09
Kif26b,-0.1494,0.5181875885017935,0.6962,41.42
Mospd2,-0.1494,0.5181875885017935,0.6962,20.53
Ppm1h,-0.1494,0.5181875885017935,0.6962,143.96
Gm37183,-0.1494,0.5181875885017935,0.6962,5.81
Ly6g6d,-0.15,0.5162113475723027,0.6951,0.88
Hcrt,-0.15,0.5162113475723027,0.6951,0.65
Pcyt1a,-0.1506,0.514513864469408,0.6929,40.56
B3gat3,-0.1506,0.514513864469408,0.6929,173.35
Slc2a9,-0.1506,0.514513864469408,0.6929,3.59
Metrnl,-0.1506,0.514513864469408,0.6929,10.88
Gm27217,-0.1506,0.514513864469408,0.6929,4.35
A730017L22Rik,-0.1506,0.514513864469408,0.6929,2.62
4930488L21Rik,-0.1506,0.514513864469408,0.6929,1.49
Hoxb5,-0.1506,0.514513864469408,0.6929,551.72
4930581F22Rik,-0.1506,0.514513864469408,0.6929,2.1
Luzp2,-0.1506,0.514513864469408,0.6929,85.89
Gsr,-0.1506,0.514513864469408,0.6929,128.92
Dram1,-0.1506,0.514513864469408,0.6929,1.5
Mtarc2,-0.1506,0.514513864469408,0.6929,27.99
Trip12,-0.1506,0.514513864469408,0.6929,112.73
Gstp-ps,-0.1506,0.514513864469408,0.6929,8.71
Kalrn,-0.1506,0.514513864469408,0.6929,69.94
Acot9,-0.1506,0.514513864469408,0.6929,20.25
Plcd1,-0.1506,0.514513864469408,0.6929,7.98
Mrgpre,-0.1506,0.514513864469408,0.6929,45.51
Ccnf,-0.1506,0.514513864469408,0.6929,0.88
Gm49265,-0.1513,0.5125431346511047,0.6924,0.86
Ercc5,-0.1519,0.5108526218124549,0.6902,14.75
Gm21988,-0.1519,0.5108526218124549,0.6902,6.04
Xpnpep1,-0.1519,0.5108526218124549,0.6902,19.44
Pgm1,-0.1519,0.5108526218124549,0.6902,87.8
Zfp428,-0.1519,0.5108526218124549,0.6902,57.52
2810429I04Rik,-0.1519,0.5108526218124549,0.6902,0.82
Gm8971,-0.1519,0.5108526218124549,0.6902,4.14
Prdm9,-0.1519,0.5108526218124549,0.6902,1.75
Ubl5,-0.1519,0.5108526218124549,0.6902,631.18
Bex2,-0.1519,0.5108526218124549,0.6902,711.05
C030015A19Rik,-0.1519,0.5108526218124549,0.6902,1.29
Acot7,-0.1519,0.5108526218124549,0.6902,313.31
Als2,-0.1519,0.5108526218124549,0.6902,5.9
Gm12059,-0.1519,0.5108526218124549,0.6902,4.64
Asf1b,-0.152,0.5107137215011324,0.6902,0.66
Ptger3,-0.152,0.5107137215011324,0.6902,3.71
Vaultrc5,-0.1521,0.5102963161916965,0.6902,0.76
1700095J03Rik,-0.1524,0.5094583211234311,0.6902,0.65
Gm13075,-0.1526,0.5088874488261377,0.6895,0.58
Tnni3k,-0.1526,0.5088874488261377,0.6895,2.45
Arf6,-0.1532,0.5072039302125892,0.6874,57.87
Pim3,-0.1532,0.5072039302125892,0.6874,34.45
Hsd17b14,-0.1532,0.5072039302125892,0.6874,6.06
Fbxo17,-0.1532,0.5072039302125892,0.6874,2.11
Rbis,-0.1532,0.5072039302125892,0.6874,56.95
4930481A15Rik,-0.1532,0.5072039302125892,0.6874,4.09
Gm8203,-0.1532,0.5072039302125892,0.6874,1.92
Sf3b6,-0.1532,0.5072039302125892,0.6874,80.18
B930095G15Rik,-0.1532,0.5072039302125892,0.6874,23.24
Prdx2-ps1,-0.1533,0.507064325258589,0.6874,0.51
Mapk13,-0.1533,0.507064325258589,0.6874,1.9
Nod2,-0.1534,0.5066448043767637,0.6874,0.72
Ccrl2,-0.1534,0.5066448043767637,0.6874,0.6
Clca3a2,-0.1536,0.5062180540987073,0.6874,0.35
Thtpa,-0.1537,0.505802570777082,0.6874,0.63
Gm14539,-0.1545,0.5035678584762259,0.6846,1.04
Pcdhgb4,-0.1545,0.5035678584762259,0.6846,0.61
Atp5f1d,-0.1545,0.5035678584762259,0.6846,648.72
Rac3,-0.1545,0.5035678584762259,0.6846,128.9
Gm38285,-0.1545,0.5035678584762259,0.6846,6.07
Zfp189,-0.1545,0.5035678584762259,0.6846,3.17
Msl3l2,-0.1545,0.5035678584762259,0.6846,11.19
Fcgrt,-0.1545,0.5035678584762259,0.6846,27.91
Snhg4,-0.1545,0.5035678584762259,0.6846,50.49
Inca1,-0.1545,0.5035678584762259,0.6846,1.13
Iigp1c,-0.1545,0.5035678584762259,0.6846,1.13
Ntmt1,-0.1545,0.5035678584762259,0.6846,20.81
Ktn1,-0.1545,0.5035678584762259,0.6846,121.91
Morn4,-0.1545,0.5035678584762259,0.6846,67.78
Ccdc32,-0.1545,0.5035678584762259,0.6846,50.22
Lrrk1,-0.1545,0.5035678584762259,0.6846,2.28
Thap7,-0.1545,0.5035678584762259,0.6846,30.07
Gm37499,-0.1545,0.5035678584762259,0.6846,2.54
Nmnat2,-0.1545,0.5035678584762259,0.6846,130.44
Pms2,-0.1545,0.5035678584762259,0.6846,6.98
Arhgef38,-0.1556,0.5007393098676715,0.6831,0.5
Zfyve21,-0.1558,0.49994447453114993,0.6821,12.31
Ipmk,-0.1558,0.49994447453114993,0.6821,21.31
Arhgap29,-0.1558,0.49994447453114993,0.6821,11.06
Rplp1,-0.1558,0.49994447453114993,0.6821,1343.45
Mark1,-0.1558,0.49994447453114993,0.6821,65.83
Znhit3,-0.1558,0.49994447453114993,0.6821,34.25
Mapk11,-0.1558,0.49994447453114993,0.6821,71.55
mt-Cytb,-0.1558,0.49994447453114993,0.6821,6267.43
Gstt1,-0.1558,0.49994447453114993,0.6821,12.29
Cyp4x1os,-0.1558,0.49994447453114993,0.6821,0.8
Pstpip2,-0.1558,0.49994447453114993,0.6821,2.54
Wbp4,-0.1558,0.49994447453114993,0.6821,231.76
Nkap,-0.1558,0.49994447453114993,0.6821,27.89
Gm48619,-0.1558,0.49994447453114993,0.6821,1.3
Xpnpep3,-0.1558,0.49994447453114993,0.6821,10.95
Ooep,-0.156,0.4993798385300865,0.6821,0.57
Gm43372,-0.156,0.4993798385300865,0.6821,0.73
Gm15381,-0.1564,0.4985293246552028,0.6821,0.72
Ano4,-0.1571,0.4963338454232182,0.6792,8.11
Gm9936,-0.1571,0.4963338454232182,0.6792,2.15
Trir,-0.1571,0.4963338454232182,0.6792,206.73
Scn9a,-0.1571,0.4963338454232182,0.6792,292.88
Tigar,-0.1571,0.4963338454232182,0.6792,29.73
Gm20208,-0.1571,0.4963338454232182,0.6792,5.03
Smndc1,-0.1571,0.4963338454232182,0.6792,61.2
Mospd1,-0.1571,0.4963338454232182,0.6792,32.83
Gm7831,-0.1571,0.4963338454232182,0.6792,0.66
Ywhaq,-0.1571,0.4963338454232182,0.6792,557.03
Wdr26,-0.1571,0.4963338454232182,0.6792,75.52
Clec3b,-0.1572,0.49619219159874156,0.6792,0.71
2210409E12Rik,-0.1582,0.49347810672767645,0.6769,0.43
Phf6,-0.1584,0.49273603731315235,0.676,29.5
Ube3a,-0.1584,0.49273603731315235,0.676,328.44
Tbc1d13,-0.1584,0.49273603731315235,0.676,31.66
Slc35e2,-0.1584,0.49273603731315235,0.676,16.96
Zc3h15,-0.1584,0.49273603731315235,0.676,171.81
Mcf2,-0.1584,0.49273603731315235,0.676,2.37
Slitrk2,-0.1584,0.49273603731315235,0.676,21.05
Icam5,-0.1584,0.49273603731315235,0.676,1.19
Pop4,-0.1584,0.49273603731315235,0.676,18.98
Ica1l,-0.1584,0.49273603731315235,0.676,37.54
Rit2,-0.1584,0.49273603731315235,0.676,261.03
Prcp,-0.1584,0.49273603731315235,0.676,20.75
Epm2a,-0.1584,0.49273603731315235,0.676,14.9
Cndp1,-0.1584,0.49273603731315235,0.676,2.77
Dnajc14,-0.1584,0.49273603731315235,0.676,42.46
Erhrt-ps,-0.1584,0.49273603731315235,0.676,1.86
Lars1,-0.1584,0.49273603731315235,0.676,34.1
Sumf1,-0.1584,0.49273603731315235,0.676,29.33
Cpxm2,-0.1585,0.49259372232111476,0.676,3.46
Gm12751,-0.159,0.49130753515665776,0.676,0.59
Gm42986,-0.1597,0.4891511154734236,0.6733,1.04
Sema4c,-0.1597,0.4891511154734236,0.6733,8.33
Zfp609,-0.1597,0.4891511154734236,0.6733,8.03
Gm28424,-0.1597,0.4891511154734236,0.6733,0.98
Gm27003,-0.1597,0.4891511154734236,0.6733,0.84
Otud1,-0.1597,0.4891511154734236,0.6733,7.14
H4c16,-0.1597,0.4891511154734236,0.6733,1.93
Rdx,-0.1597,0.4891511154734236,0.6733,150.18
Coro1a,-0.1597,0.4891511154734236,0.6733,46.24
Egr4,-0.1597,0.4891511154734236,0.6733,4.33
Slc12a3,-0.1597,0.4891511154734236,0.6733,6.12
Myo9a,-0.1597,0.4891511154734236,0.6733,112.14
Mrtfb,-0.1597,0.4891511154734236,0.6733,28.97
Bcl10,-0.1597,0.4891511154734236,0.6733,24.33
Sdc2,-0.1597,0.4891511154734236,0.6733,35.91
Kctd3,-0.1597,0.4891511154734236,0.6733,31.79
Cox7c,-0.1597,0.4891511154734236,0.6733,1601.8
Col25a1,-0.1598,0.48900815025697775,0.6733,1.23
Adamts14,-0.1598,0.48900815025697775,0.6733,5.86
Boc,-0.161,0.4855791442852288,0.671,11.5
Zfta,-0.161,0.4855791442852288,0.671,29.95
Gm45769,-0.161,0.4855791442852288,0.671,1.04
Tlx3,-0.161,0.4855791442852288,0.671,99.06
Hnrnpul2,-0.161,0.4855791442852288,0.671,102.74
Lrrtm2,-0.161,0.4855791442852288,0.671,27.59
Taf1,-0.161,0.4855791442852288,0.671,44.91
Aff4,-0.161,0.4855791442852288,0.671,110.06
4933406C10Rik,-0.161,0.4855791442852288,0.671,0.88
Tmem243,-0.161,0.4855791442852288,0.671,26.46
Micos10,-0.161,0.4855791442852288,0.671,515.12
Dock7,-0.161,0.4855791442852288,0.671,55.53
Pigk,-0.161,0.4855791442852288,0.671,92.97
Tnfrsf4,-0.1611,0.48543553981472615,0.671,0.59
Eno4,-0.1612,0.4850040124522588,0.671,0.43
Kcne3,-0.1612,0.4850040124522588,0.671,0.89
S100a3,-0.1614,0.48457928726984933,0.671,0.48
Kbtbd6,-0.1616,0.48413773033590507,0.671,0.47
Slc30a2,-0.1622,0.4822767312170269,0.6686,0.38
Cers5,-0.1623,0.4820201872355597,0.6683,65.82
Comt,-0.1623,0.4820201872355597,0.6683,61.57
Htr3a,-0.1623,0.4820201872355597,0.6683,574.19
Gm47644,-0.1623,0.4820201872355597,0.6683,4.64
Gm49032,-0.1623,0.4820201872355597,0.6683,2.69
Pdcd2l,-0.1623,0.4820201872355597,0.6683,11.62
Gm43187,-0.1623,0.4820201872355597,0.6683,0.73
Arhgef6,-0.1623,0.4820201872355597,0.6683,15.25
Mrpl54,-0.1623,0.4820201872355597,0.6683,206.6
Scara3,-0.1624,0.4818759545072706,0.6683,4.43
Rpl31-ps17,-0.1625,0.48144254137192427,0.6683,0.37
Gm7450,-0.1625,0.48144254137192427,0.6683,0.53
Scn4a,-0.1629,0.48057248324381624,0.6681,0.48
Tmem254,-0.1636,0.4784743069143618,0.6653,2.69
Gm47438,-0.1636,0.4784743069143618,0.6653,1.41
Ppp2cb,-0.1636,0.4784743069143618,0.6653,21.99
Sh3glb1,-0.1636,0.4784743069143618,0.6653,105.27
Dnah8,-0.1636,0.4784743069143618,0.6653,1.77
Cip2a,-0.1636,0.4784743069143618,0.6653,1.47
Tcaf2,-0.1636,0.4784743069143618,0.6653,13.47
Rbm7,-0.1636,0.4784743069143618,0.6653,20.9
Cox19,-0.1636,0.4784743069143618,0.6653,68.84
Stx8,-0.1636,0.4784743069143618,0.6653,26.13
Crot,-0.1636,0.4784743069143618,0.6653,33.35
Slc4a8,-0.1636,0.4784743069143618,0.6653,42.77
Tbx6,-0.1636,0.4784743069143618,0.6653,0.91
Tcea1,-0.1636,0.4784743069143618,0.6653,71.18
Gm43682,-0.1636,0.4784743069143618,0.6653,0.99
Jmjd4,-0.1636,0.4784743069143618,0.6653,7.24
Telo2,-0.1636,0.4784743069143618,0.6653,13.62
5430431A17Rik,-0.1638,0.4778941911956692,0.6653,0.52
Rps2,-0.1649,0.47494156501178986,0.6628,1363.21
Csnk1g3,-0.1649,0.47494156501178986,0.6628,87.85
Gm8186,-0.1649,0.47494156501178986,0.6628,7.13
Rbks,-0.1649,0.47494156501178986,0.6628,2.23
Fn3krp,-0.1649,0.47494156501178986,0.6628,5.87
Zbtb11os1,-0.1649,0.47494156501178986,0.6628,25.23
Klc1,-0.1649,0.47494156501178986,0.6628,1087.82
Zfp133-ps,-0.1649,0.47494156501178986,0.6628,4.25
Med6,-0.1649,0.47494156501178986,0.6628,7.46
Plet1,-0.1649,0.47494156501178986,0.6628,0.8
Shisa3,-0.1655,0.47333256351784236,0.6622,0.6
Gpn3,-0.1662,0.471422022315551,0.6598,8.75
Garnl3,-0.1662,0.471422022315551,0.6598,54.13
Gm43672,-0.1662,0.471422022315551,0.6598,6.69
9330102E08Rik,-0.1662,0.471422022315551,0.6598,4.76
Spidr,-0.1662,0.471422022315551,0.6598,3.32
Ndufb1,-0.1662,0.471422022315551,0.6598,374.71
Srd5a3,-0.1662,0.471422022315551,0.6598,23.25
Otop1,-0.167,0.46937444278111107,0.6589,0.51
Srf,-0.1675,0.46791573870834524,0.657,4.64
Uhmk1,-0.1675,0.46791573870834524,0.657,394.19
Chi3l1,-0.1675,0.46791573870834524,0.657,4.91
Soat1,-0.1675,0.46791573870834524,0.657,22.96
Ugp2,-0.1675,0.46791573870834524,0.657,75.18
Efcab10,-0.1675,0.46791573870834524,0.657,7.98
Noa1,-0.1675,0.46791573870834524,0.657,9.55
Grep1,-0.1675,0.46791573870834524,0.657,1.5
Napg,-0.1675,0.46791573870834524,0.657,140.19
Pcca,-0.1675,0.46791573870834524,0.657,9.41
A830052D11Rik,-0.1675,0.46791573870834524,0.657,2.16
Dnaja1,-0.1675,0.46791573870834524,0.657,370.1
Il6st,-0.1675,0.46791573870834524,0.657,109.0
Slc45a3,-0.1675,0.46791573870834524,0.657,25.82
Anxa8,-0.1678,0.46732847938607647,0.657,0.58
Psma7,-0.1688,0.46442277316539365,0.654,250.96
Nab1,-0.1688,0.46442277316539365,0.654,46.82
Ids,-0.1688,0.46442277316539365,0.654,423.59
Apobec3,-0.1688,0.46442277316539365,0.654,2.52
Cox7c-ps1,-0.1688,0.46442277316539365,0.654,7.66
Snu13,-0.1688,0.46442277316539365,0.654,204.76
B930086L07Rik,-0.1688,0.46442277316539365,0.654,1.37
Mylpf,-0.1688,0.46442277316539365,0.654,0.83
Ndufaf3,-0.1688,0.46442277316539365,0.654,68.68
Rragc,-0.1688,0.46442277316539365,0.654,93.26
Trp53inp2,-0.1688,0.46442277316539365,0.654,102.8
Stoml1,-0.1688,0.46442277316539365,0.654,66.05
Abhd11,-0.1688,0.46442277316539365,0.654,44.65
Exosc2,-0.1688,0.46442277316539365,0.654,6.72
Mfsd3,-0.1688,0.46442277316539365,0.654,4.67
Zfp280b,-0.1688,0.46442277316539365,0.654,12.1
Hp1bp3,-0.1688,0.46442277316539365,0.654,136.71
9230111E07Rik,-0.1688,0.46442277316539365,0.654,0.78
Gm10054,-0.1695,0.4625338122981165,0.654,0.86
Gm43547,-0.1695,0.4625338122981165,0.654,0.81
Pcgf3,-0.1701,0.46094318375206567,0.6522,37.58
Zbtb8os,-0.1701,0.46094318375206567,0.6522,29.07
Ppp6c,-0.1701,0.46094318375206567,0.6522,78.02
Tmem35a,-0.1701,0.46094318375206567,0.6522,70.67
Elovl1,-0.1701,0.46094318375206567,0.6522,18.79
Mrpl40,-0.1701,0.46094318375206567,0.6522,39.06
Eaf1,-0.1701,0.46094318375206567,0.6522,43.35
Lrrc42,-0.1701,0.46094318375206567,0.6522,12.42
Gm15535,-0.1701,0.46094318375206567,0.6522,2.11
3110056K07Rik,-0.1701,0.46094318375206567,0.6522,10.2
Zfp873,-0.1701,0.46094318375206567,0.6522,2.04
Copz1,-0.1701,0.46094318375206567,0.6522,79.18
Zcchc18,-0.1714,0.45747702762159437,0.6495,184.68
Eps15,-0.1714,0.45747702762159437,0.6495,143.34
Eef1e1,-0.1714,0.45747702762159437,0.6495,96.02
2810405F17Rik,-0.1714,0.45747702762159437,0.6495,2.24
Zfp930,-0.1714,0.45747702762159437,0.6495,8.12
Ntpcr,-0.1714,0.45747702762159437,0.6495,30.94
Tollip,-0.1714,0.45747702762159437,0.6495,115.24
Etnk1,-0.1714,0.45747702762159437,0.6495,538.51
Spast,-0.1714,0.45747702762159437,0.6495,53.14
Dusp23,-0.1714,0.45747702762159437,0.6495,6.07
Pcbp4,-0.1714,0.45747702762159437,0.6495,216.47
Pgk1,-0.1714,0.45747702762159437,0.6495,278.47
Cdc34,-0.1714,0.45747702762159437,0.6495,70.04
Tlx2,-0.1714,0.45747702762159437,0.6495,249.03
6330408M09Rik,-0.1715,0.45732870689303423,0.6495,0.54
Ndufs4,-0.1727,0.45402436101288696,0.6469,97.15
Ndp,-0.1727,0.45402436101288696,0.6469,4.76
Chrnb1,-0.1727,0.45402436101288696,0.6469,0.52
Stambpl1,-0.1727,0.45402436101288696,0.6469,18.43
Rad21,-0.1727,0.45402436101288696,0.6469,79.83
5033406O09Rik,-0.1727,0.45402436101288696,0.6469,3.04
Rtn4,-0.1727,0.45402436101288696,0.6469,758.72
Npffr1,-0.1727,0.45402436101288696,0.6469,1.6
Nck2,-0.1727,0.45402436101288696,0.6469,3.54
Ifi203,-0.1727,0.45402436101288696,0.6469,1.37
Gm17226,-0.1727,0.45402436101288696,0.6469,2.57
Dbh,-0.1727,0.45402436101288696,0.6469,99.52
Zfp939,-0.1727,0.45402436101288696,0.6469,1.35
Josd1,-0.1727,0.45402436101288696,0.6469,34.09
Psmd10,-0.1727,0.45402436101288696,0.6469,22.52
Map4k4,-0.1727,0.45402436101288696,0.6469,84.62
Myh3,-0.173,0.4534282004211537,0.6469,0.61
Plvap,-0.1734,0.4521539778013516,0.6463,3.96
Cops4,-0.174,0.4505852392484293,0.6442,55.6
Lrrc28,-0.174,0.4505852392484293,0.6442,17.03
Ing2,-0.174,0.4505852392484293,0.6442,17.34
Gpr65,-0.174,0.4505852392484293,0.6442,13.02
Pfdn1,-0.174,0.4505852392484293,0.6442,214.19
Paqr4,-0.174,0.4505852392484293,0.6442,51.92
Jtb,-0.174,0.4505852392484293,0.6442,67.11
H2-Ab1,-0.174,0.4505852392484293,0.6442,4.23
Car4,-0.174,0.4505852392484293,0.6442,0.49
Gm41361,-0.1746,0.44908594068378493,0.6441,0.85
Sirt5,-0.1753,0.44715971673228244,0.6414,12.56
Zfp781a,-0.1753,0.44715971673228244,0.6414,1.49
Zfp78,-0.1753,0.44715971673228244,0.6414,2.16
E330011O21Rik,-0.1753,0.44715971673228244,0.6414,1.1
Yjefn3,-0.1753,0.44715971673228244,0.6414,10.57
Zfp57,-0.1753,0.44715971673228244,0.6414,1.78
Kif16b,-0.1753,0.44715971673228244,0.6414,19.56
Rncr4,-0.1754,0.4470098110086423,0.6414,1.21
AU023762,-0.1756,0.4465593739304371,0.6414,0.55
Snapc3,-0.1766,0.44374784694817343,0.6385,21.85
Polr2j,-0.1766,0.44374784694817343,0.6385,97.75
Abtb3,-0.1766,0.44374784694817343,0.6385,7.43
Serac1,-0.1766,0.44374784694817343,0.6385,1.13
Dnal4,-0.1766,0.44374784694817343,0.6385,23.55
Rpsa,-0.1766,0.44374784694817343,0.6385,1200.44
Ufc1,-0.1766,0.44374784694817343,0.6385,126.06
Socs1,-0.1766,0.44374784694817343,0.6385,20.94
Gm15500,-0.1766,0.44374784694817343,0.6385,3.8
Septin9,-0.1766,0.44374784694817343,0.6385,28.83
Nutf2,-0.1766,0.44374784694817343,0.6385,43.13
Fggy,-0.1766,0.44374784694817343,0.6385,10.22
Npb,-0.1766,0.44374784694817343,0.6385,1.88
Gm10642,-0.1766,0.44374784694817343,0.6385,1.22
Chac2,-0.1766,0.44374784694817343,0.6385,12.09
Hsp90aa1,-0.1766,0.44374784694817343,0.6385,885.83
Gm16685,-0.1769,0.44314548033492757,0.6385,0.61
Kcnt2,-0.1769,0.44314548033492757,0.6385,4.03
Gm42588,-0.1773,0.441896387839692,0.6378,0.6
Nms,-0.1773,0.4419764793147619,0.6378,0.35
Trim21,-0.1779,0.4403496824576795,0.6357,4.28
Med22,-0.1779,0.4403496824576795,0.6357,18.78
Sync,-0.1779,0.4403496824576795,0.6357,6.28
Cyth3,-0.1779,0.4403496824576795,0.6357,52.39
Igfbp2,-0.1779,0.4403496824576795,0.6357,16.67
Ccp110,-0.1779,0.4403496824576795,0.6357,54.62
Naa38,-0.1779,0.4403496824576795,0.6357,216.3
Bace1,-0.1779,0.4403496824576795,0.6357,103.87
Cttn,-0.1779,0.4403496824576795,0.6357,121.48
Lrrc3,-0.1779,0.4403496824576795,0.6357,18.22
Dapk2,-0.1786,0.4385046062787291,0.6346,1.49
Naip5,-0.1791,0.43730860180184794,0.6329,0.74
1700034H15Rik,-0.1792,0.4369652748985062,0.6325,0.88
1500002C15Rik,-0.1792,0.4369652748985062,0.6325,1.05
Rinl,-0.1792,0.4369652748985062,0.6325,3.19
1110004F10Rik,-0.1792,0.4369652748985062,0.6325,159.7
Nfib,-0.1792,0.4369652748985062,0.6325,80.25
Opn3,-0.1792,0.4369652748985062,0.6325,4.69
Slc36a2,-0.1792,0.4369652748985062,0.6325,0.93
Fam181b,-0.1792,0.4369652748985062,0.6325,9.64
Gm15952,-0.1792,0.4369652748985062,0.6325,1.82
Gm43689,-0.1792,0.4369652748985062,0.6325,1.08
Plekhf2,-0.1792,0.4369652748985062,0.6325,10.97
Brme1,-0.1792,0.4369652748985062,0.6325,1.06
Shc3,-0.1792,0.4369652748985062,0.6325,1.22
Adamts8,-0.1792,0.4369652748985062,0.6325,0.57
Timm9,-0.1792,0.4369652748985062,0.6325,55.29
Slc25a39,-0.1792,0.4369652748985062,0.6325,195.91
Zfp1,-0.1792,0.4369652748985062,0.6325,6.46
Rfc2,-0.1792,0.4369652748985062,0.6325,25.35
Rgs16,-0.1792,0.4369652748985062,0.6325,3.07
Araf,-0.1792,0.4369652748985062,0.6325,151.75
Gm49064,-0.1793,0.4368138849445406,0.6325,0.85
Tslp,-0.1799,0.4351357623414308,0.632,0.43
Pet100,-0.1805,0.433594674982858,0.63,88.12
Gde1,-0.1805,0.433594674982858,0.63,150.83
Slc31a1,-0.1805,0.433594674982858,0.63,58.28
Vcp,-0.1805,0.433594674982858,0.63,331.21
Ndufb6,-0.1805,0.433594674982858,0.63,378.83
Gm43484,-0.1805,0.433594674982858,0.63,1.38
Bcap29,-0.1805,0.433594674982858,0.63,67.38
Ccser2,-0.1805,0.433594674982858,0.63,346.57
Edn1,-0.1808,0.43298650659922044,0.63,3.41
Nkpd1,-0.1808,0.43298650659922044,0.63,1.54
Gm38329,-0.1812,0.43176247428559156,0.6287,0.68
Adcy5,-0.1818,0.43023793249590314,0.6265,27.51
Gss,-0.1818,0.43023793249590314,0.6265,11.13
Ctu1,-0.1818,0.43023793249590314,0.6265,4.34
Pkd2l2,-0.1818,0.43023793249590314,0.6265,2.0
Vps26a,-0.1818,0.43023793249590314,0.6265,36.89
Nav1,-0.1818,0.43023793249590314,0.6265,214.69
Mtrf1,-0.1818,0.43023793249590314,0.6265,2.64
9530051G07Rik,-0.1818,0.43023793249590314,0.6265,0.86
Rnf34,-0.1818,0.43023793249590314,0.6265,33.67
9130401M01Rik,-0.1818,0.43023793249590314,0.6265,29.13
Map7,-0.1818,0.43023793249590314,0.6265,155.74
Trmt61a,-0.1818,0.43023793249590314,0.6265,10.75
Tmem219,-0.1818,0.43023793249590314,0.6265,28.1
1810014B01Rik,-0.1818,0.43023793249590314,0.6265,1.57
Znrf2,-0.1818,0.43023793249590314,0.6265,31.21
Fosl1,-0.1824,0.42870929300070587,0.6263,0.69
4930512H18Rik,-0.1824,0.42870929300070587,0.6263,0.67
Alg8,-0.1831,0.4268950962943347,0.6237,3.18
Gm15545,-0.1831,0.4268950962943347,0.6237,2.9
Elp6,-0.1831,0.4268950962943347,0.6237,11.46
Wdr47,-0.1831,0.4268950962943347,0.6237,91.37
Mfng,-0.1831,0.4268950962943347,0.6237,1.31
Trim44,-0.1831,0.4268950962943347,0.6237,160.65
Cers2,-0.1831,0.4268950962943347,0.6237,48.62
Zfp712,-0.1831,0.4268950962943347,0.6237,3.02
Gm12976,-0.1831,0.4268950962943347,0.6237,3.68
Ifit3b,-0.1831,0.4268950962943347,0.6237,3.22
Hibch,-0.1831,0.4268950962943347,0.6237,16.72
Tbc1d8b,-0.1831,0.4268950962943347,0.6237,1.98
Slc37a2,-0.1831,0.4268950962943347,0.6237,1.36
4930526L06Rik,-0.1834,0.4262832850890811,0.6237,0.58
Prkch,-0.1834,0.4262832850890811,0.6237,0.62
Urah,-0.1839,0.42483436417901993,0.6228,0.63
Gcnt4,-0.1843,0.4238167243073045,0.6213,0.77
Gm7730,-0.1844,0.42356621430502056,0.621,1.36
Tspan6,-0.1844,0.42356621430502056,0.621,16.08
Slc22a15,-0.1844,0.42356621430502056,0.621,23.92
Med9,-0.1844,0.42356621430502056,0.621,55.39
A830005F24Rik,-0.1844,0.42356621430502056,0.621,1.6
Tmem30b,-0.1844,0.42356621430502056,0.621,4.38
Atp6v1a,-0.1844,0.42356621430502056,0.621,501.05
Nup50,-0.1844,0.42356621430502056,0.621,21.63
S100a6,-0.1844,0.42356621430502056,0.621,698.69
Tmem258,-0.1844,0.42356621430502056,0.621,160.1
Mterf2,-0.1844,0.42356621430502056,0.621,6.47
Tbc1d7,-0.1844,0.42356621430502056,0.621,26.27
Slc25a34,-0.1846,0.4231533073462547,0.621,0.66
Golph3,-0.1857,0.4202513335237499,0.618,122.56
Rhof,-0.1857,0.4202513335237499,0.618,20.85
Zfp85,-0.1857,0.4202513335237499,0.618,0.95
Cyth2,-0.1857,0.4202513335237499,0.618,41.31
3830408C21Rik,-0.1857,0.4202513335237499,0.618,2.17
Acvr1,-0.1857,0.4202513335237499,0.618,28.5
Arhgap31,-0.1857,0.4202513335237499,0.618,15.89
Tnfsfm13,-0.1857,0.4202513335237499,0.618,2.52
Pea15a,-0.1857,0.4202513335237499,0.618,315.15
Tpd52l2,-0.1857,0.4202513335237499,0.618,63.96
Cacybp,-0.1857,0.4202513335237499,0.618,140.63
Nek8,-0.1857,0.4202513335237499,0.618,5.63
Wtap,-0.187,0.41695050001407463,0.6149,119.27
Cox6a1,-0.187,0.41695050001407463,0.6149,964.14
Ormdl1,-0.187,0.41695050001407463,0.6149,9.77
Hebp1,-0.187,0.41695050001407463,0.6149,6.29
Nrp1,-0.187,0.41695050001407463,0.6149,14.16
Cpox,-0.187,0.41695050001407463,0.6149,32.68
Cdc26,-0.187,0.41695050001407463,0.6149,54.94
Tspan8,-0.187,0.41695050001407463,0.6149,327.6
Ap2m1,-0.187,0.41695050001407463,0.6149,437.42
Fbxl7,-0.187,0.41695050001407463,0.6149,9.53
Fhl4,-0.1871,0.4167964447946993,0.6149,0.66
Dlgap3,-0.1883,0.4136637589062404,0.6115,54.18
Samd5,-0.1883,0.4136637589062404,0.6115,34.87
Zfand2b,-0.1883,0.4136637589062404,0.6115,37.82
Srek1ip1,-0.1883,0.4136637589062404,0.6115,22.99
Gm45133,-0.1883,0.4136637589062404,0.6115,1.43
4930405A21Rik,-0.1883,0.4136637589062404,0.6115,3.44
A030005L19Rik,-0.1883,0.4136637589062404,0.6115,0.7
Gm11581,-0.1885,0.4131424204721776,0.6115,0.97
Lrrc59,-0.1896,0.41039115439621604,0.6082,72.34
Ppil3,-0.1896,0.41039115439621604,0.6082,34.94
Ddb1,-0.1896,0.41039115439621604,0.6082,141.92
Ccdc141,-0.1896,0.41039115439621604,0.6082,11.47
Fmnl2,-0.1896,0.41039115439621604,0.6082,23.64
Gm50455,-0.1896,0.41039115439621604,0.6082,1.92
Ppp2ca,-0.1896,0.41039115439621604,0.6082,256.24
Rpl7-ps9,-0.1896,0.41039115439621604,0.6082,1.12
Cog1,-0.1896,0.41039115439621604,0.6082,26.45
Pcif1,-0.1896,0.41039115439621604,0.6082,66.53
Tmc4,-0.1896,0.41039115439621604,0.6082,2.24
Lipo2,-0.1899,0.4097710246908951,0.6082,0.5
Gm26559,-0.1899,0.4097710246908951,0.6082,0.81
Ptgs1,-0.1905,0.40818574387380335,0.6066,1.35
Coa8,-0.1909,0.4071327297448126,0.605,39.96
Hmgcr,-0.1909,0.4071327297448126,0.605,182.93
Dpysl5,-0.1909,0.4071327297448126,0.605,127.92
Ppp2r5e,-0.1909,0.4071327297448126,0.605,42.54
Pi4kb,-0.1909,0.4071327297448126,0.605,8.43
Bdnf,-0.1909,0.4071327297448126,0.605,86.46
Tmem11,-0.1909,0.4071327297448126,0.605,46.37
Gm7536,-0.1909,0.4071327297448126,0.605,3.26
Nup93,-0.1909,0.4071327297448126,0.605,89.04
Cacna1e,-0.1909,0.4071327297448126,0.605,30.8
Pxdc1,-0.1909,0.4071327297448126,0.605,12.47
Ccdc103,-0.1909,0.4071327297448126,0.605,0.93
Nudt6,-0.1909,0.4071327297448126,0.605,6.01
Lancl3,-0.1909,0.4071327297448126,0.605,23.0
Defb42,-0.1909,0.4071327297448126,0.605,49.69
Mc3r,-0.1911,0.4065407805463205,0.605,1.53
Diras2,-0.1922,0.40388852727689756,0.6018,9.66
Scamp3,-0.1922,0.40388852727689756,0.6018,64.02
Sh3bgrl2,-0.1922,0.40388852727689756,0.6018,55.32
Ggta1,-0.1922,0.40388852727689756,0.6018,8.46
Rnf44,-0.1922,0.40388852727689756,0.6018,68.31
Zfp652os,-0.1922,0.40388852727689756,0.6018,13.3
Zfp641,-0.1922,0.40388852727689756,0.6018,5.8
Gm16244,-0.1922,0.40388852727689756,0.6018,0.81
Nhlh2,-0.1922,0.40388852727689756,0.6018,63.13
Gm26682,-0.1923,0.40373292008619777,0.6018,0.85
Sgk3,-0.1935,0.40065858838070295,0.5985,5.5
Kcng2,-0.1935,0.40065858838070295,0.5985,2.34
Wdr70,-0.1935,0.40065858838070295,0.5985,36.71
Nrl,-0.1935,0.40070853136341145,0.5985,0.74
Abhd11os,-0.1935,0.40065858838070295,0.5985,20.0
Etfb,-0.1935,0.40065858838070295,0.5985,56.73
Gm12481,-0.1935,0.40065858838070295,0.5985,1.1
Tafa4,-0.1935,0.40065858838070295,0.5985,6.36
Syngr3,-0.1935,0.40065858838070295,0.5985,270.38
Fbxo6,-0.1935,0.40065858838070295,0.5985,17.16
Gbp3,-0.1935,0.40065858838070295,0.5985,5.07
Helz2,-0.1935,0.40065858838070295,0.5985,4.63
Phkb,-0.1935,0.40065858838070295,0.5985,30.07
Bmi1,-0.1935,0.40065858838070295,0.5985,26.66
Gm8237,-0.1938,0.40003400830177427,0.5985,0.77
Gm16001,-0.1941,0.399093566433892,0.5976,0.59
Pus7,-0.1948,0.3974429535072251,0.5953,8.75
Csf1r,-0.1948,0.3974429535072251,0.5953,0.94
Rfesd,-0.1948,0.3974429535072251,0.5953,23.24
2610011E03Rik,-0.1948,0.3974429535072251,0.5953,2.04
Prkce,-0.1948,0.3974429535072251,0.5953,239.71
Klkb1,-0.1948,0.3974429535072251,0.5953,1.36
Ldlrad3,-0.1948,0.3974429535072251,0.5953,23.92
Zfp607a,-0.1948,0.3974429535072251,0.5953,3.55
Efcab5,-0.1948,0.3974822057604191,0.5953,0.49
Plekha3,-0.1948,0.3974429535072251,0.5953,33.7
Mm2pr,-0.1955,0.3956840265904865,0.5946,0.63
Gm10457,-0.1961,0.39424166216971973,0.5924,4.17
B230312C02Rik,-0.1961,0.39424166216971973,0.5924,61.58
D6Wsu163e,-0.1961,0.39424166216971973,0.5924,13.89
Tex10,-0.1961,0.39424166216971973,0.5924,11.87
Gadd45a,-0.1961,0.39424166216971973,0.5924,46.38
Mical1,-0.1961,0.39424166216971973,0.5924,12.95
Crtac1,-0.1961,0.39424166216971973,0.5924,188.77
Zbtb14,-0.1961,0.39424166216971973,0.5924,18.21
Snrpg,-0.1961,0.39424166216971973,0.5924,102.09
Pfkfb1,-0.1961,0.39424166216971973,0.5924,0.62
Usp28,-0.1961,0.39424166216971973,0.5924,5.15
Chaf1a,-0.1961,0.39424166216971973,0.5924,3.27
Sphk1,-0.1961,0.39424166216971973,0.5924,2.58
Eln,-0.1961,0.39424166216971973,0.5924,5.7
Dynlt1b,-0.1968,0.3924895897113741,0.5918,0.69
Gm38944,-0.1974,0.39105475294328795,0.5898,2.35
Gm10069,-0.1974,0.39105475294328795,0.5898,1.73
Gm28578,-0.1974,0.39105475294328795,0.5898,2.76
Chrm4,-0.1974,0.39105475294328795,0.5898,15.67
Mrpl30,-0.1974,0.39105475294328795,0.5898,207.04
Ube2v2,-0.1974,0.39105475294328795,0.5898,126.11
Rbm15b,-0.1974,0.39105475294328795,0.5898,52.48
Cstpp1,-0.1974,0.39105475294328795,0.5898,59.38
Nfkbie,-0.1974,0.39105475294328795,0.5898,6.64
Cmtm3,-0.1974,0.39105475294328795,0.5898,2.52
Borcs8,-0.1974,0.39105475294328795,0.5898,63.12
Mamstr,-0.1974,0.39105475294328795,0.5898,1.36
Gm37283,-0.1974,0.39105475294328795,0.5898,2.66
Adpgk,-0.1974,0.39105475294328795,0.5898,22.86
Syt14,-0.1987,0.3878822634645567,0.5869,33.39
Mcm2,-0.1987,0.3878822634645567,0.5869,3.81
Morf4l2,-0.1987,0.3878822634645567,0.5869,252.16
Eif4e,-0.1987,0.3878822634645567,0.5869,138.38
Tnfrsf22,-0.1987,0.3878822634645567,0.5869,2.88
Cops7b,-0.1987,0.3878822634645567,0.5869,24.12
Cep78,-0.1987,0.3878822634645567,0.5869,4.55
Gtf2h1,-0.1987,0.3878822634645567,0.5869,20.37
Nhsl3,-0.1987,0.3878822634645567,0.5869,71.21
Spr,-0.1987,0.3878822634645567,0.5869,76.03
Cfap206,-0.1987,0.3878822634645567,0.5869,1.25
Trem2,-0.199,0.38725237942210244,0.5869,1.05
Ciao2b,-0.2,0.38472423043145215,0.5841,162.61
Arl1,-0.2,0.38472423043145215,0.5841,70.62
Gm10762,-0.2,0.38472423043145215,0.5841,6.06
Ascc3,-0.2,0.38472423043145215,0.5841,27.3
Thoc7,-0.2,0.38472423043145215,0.5841,126.8
Myc,-0.2,0.38472423043145215,0.5841,11.89
Ndufs5-ps,-0.2,0.38472423043145215,0.5841,11.9
Ankmy2,-0.2,0.38472423043145215,0.5841,31.63
Gm13835,-0.2,0.38472423043145215,0.5841,2.49
Tmem267,-0.2013,0.3815806896030637,0.5814,16.76
Gm16118,-0.2013,0.3815806896030637,0.5814,1.06
Gm19792,-0.2013,0.3815806896030637,0.5814,1.29
Esyt2,-0.2013,0.3815806896030637,0.5814,87.0
Grem1,-0.2013,0.3815806896030637,0.5814,3.17
Ccdc192,-0.2013,0.3815806896030637,0.5814,1.7
Gnb3,-0.2013,0.3815806896030637,0.5814,7.94
Nepro,-0.2013,0.3815806896030637,0.5814,4.64
Rab6b,-0.2013,0.3815806896030637,0.5814,719.05
Zgrf1,-0.2013,0.3815806896030637,0.5814,2.39
Spg7,-0.2013,0.3815806896030637,0.5814,36.37
Mapt,-0.2013,0.3815806896030637,0.5814,551.68
Wdr45b,-0.2013,0.3815806896030637,0.5814,70.34
Zfp672,-0.2013,0.3815806896030637,0.5814,26.88
Rnf26,-0.2013,0.3815806896030637,0.5814,23.0
Gm43173,-0.2014,0.3814227986833736,0.5814,1.03
Gm4925,-0.2016,0.38094842289366765,0.5814,0.46
Snf8,-0.2026,0.37845167579960404,0.5785,105.26
Pex5,-0.2026,0.37845167579960404,0.5785,20.92
Plekhj1,-0.2026,0.37845167579960404,0.5785,76.38
Rrp36,-0.2026,0.37845167579960404,0.5785,9.58
Rpl3-ps1,-0.2026,0.37845167579960404,0.5785,19.43
Xlr4a,-0.2026,0.37845167579960404,0.5785,0.72
Nsmce1,-0.2026,0.37845167579960404,0.5785,20.86
Gm6598,-0.2026,0.37845167579960404,0.5785,1.5
Gimap5,-0.2026,0.37842875546679866,0.5785,0.55
Prrt4,-0.2026,0.3784004677135139,0.5785,0.44
4930503L19Rik,-0.2026,0.37845167579960404,0.5785,8.95
Adamts3,-0.2026,0.3784004677135139,0.5785,0.45
Slc2a13,-0.2026,0.37845167579960404,0.5785,44.71
Rab18,-0.2026,0.37845167579960404,0.5785,180.7
Oasl1,-0.2033,0.3767343182028006,0.5778,0.64
Ccdc122,-0.2039,0.37533722290245836,0.5758,13.69
Mrps18c,-0.2039,0.37533722290245836,0.5758,62.04
Tmem160,-0.2039,0.37533722290245836,0.5758,171.7
Pmf1,-0.2039,0.37533722290245836,0.5758,8.51
Mpp7,-0.2039,0.37533722290245836,0.5758,12.6
Pate2,-0.2039,0.37533722290245836,0.5758,0.89
Asxl3,-0.2039,0.37533722290245836,0.5758,11.61
Mcl1,-0.2039,0.37533722290245836,0.5758,44.79
Tmem64,-0.2039,0.37533722290245836,0.5758,70.71
Ctxn3,-0.2039,0.37533722290245836,0.5758,27.49
Hand2,-0.2039,0.37530427244589526,0.5758,39.62
H2ac25,-0.2039,0.37533722290245836,0.5758,37.7
Gosr1,-0.2039,0.37533722290245836,0.5758,30.32
Sh3bp2,-0.2046,0.37362689341780503,0.5748,0.77
Gm15892,-0.2052,0.3722373638543263,0.5727,1.43
Ly96,-0.2052,0.3722373638543263,0.5727,3.54
Siah1b,-0.2052,0.3722373638543263,0.5727,5.81
Arfgap3,-0.2052,0.3722373638543263,0.5727,22.22
E130311K13Rik,-0.2052,0.3722373638543263,0.5727,4.89
Uqcr10,-0.2052,0.3722373638543263,0.5727,1108.86
Gemin6,-0.2052,0.3722373638543263,0.5727,6.66
Hoxb2,-0.2052,0.3722373638543263,0.5727,48.42
Gpr153,-0.2052,0.3722373638543263,0.5727,41.24
Tmod2,-0.2052,0.3722373638543263,0.5727,271.47
Zfp791,-0.2052,0.3722373638543263,0.5727,1.18
Aldh2,-0.2052,0.3722373638543263,0.5727,38.25
Pdgfc,-0.2053,0.37207866194546607,0.5727,1.91
6720468P15Rik,-0.2065,0.36915213065945873,0.5697,4.15
Thrb,-0.2065,0.36915213065945873,0.5697,6.66
Mterf1a,-0.2065,0.36915213065945873,0.5697,4.44
Brd9,-0.2065,0.36915213065945873,0.5697,71.59
9230116N13Rik,-0.2065,0.36915213065945873,0.5697,1.76
Eif3c,-0.2065,0.36915213065945873,0.5697,118.73
Fbxw9,-0.2065,0.36915213065945873,0.5697,23.25
Gm43336,-0.2065,0.36915213065945873,0.5697,2.57
Dgkh,-0.2065,0.36915213065945873,0.5697,271.16
AI987944,-0.2065,0.36915213065945873,0.5697,11.55
Uevld,-0.2065,0.36915213065945873,0.5697,13.7
Fam174c,-0.2065,0.36915213065945873,0.5697,17.34
Commd3,-0.2065,0.36915213065945873,0.5697,74.91
Gpr85,-0.2078,0.3660815543839817,0.5668,28.25
Scrn3,-0.2078,0.3660815543839817,0.5668,22.82
Chmp7,-0.2078,0.3660815543839817,0.5668,50.28
Scyl3,-0.2078,0.3660815543839817,0.5668,9.69
Ralb,-0.2078,0.3660815543839817,0.5668,17.38
Akap13,-0.2078,0.3660815543839817,0.5668,60.88
Gpx7,-0.2078,0.3660815543839817,0.5668,6.88
H6pd,-0.2078,0.3660815543839817,0.5668,4.77
Srpk1,-0.2078,0.3660815543839817,0.5668,52.33
Rbms3,-0.2078,0.3660815543839817,0.5668,1043.35
Slc9a6,-0.2078,0.3660815543839817,0.5668,124.6
Zfp322a,-0.2078,0.3660815543839817,0.5668,35.23
Dr1,-0.2078,0.3660815543839817,0.5668,41.97
Psmb8,-0.2078,0.3660815543839817,0.5668,18.97
Kcnh6,-0.2078,0.3660815543839817,0.5668,4.17
Procr,-0.2079,0.3659223674504694,0.5668,1.94
Rtraf-ps,-0.2085,0.3643924707869238,0.5662,0.58
Gm46218,-0.2091,0.36302566515631635,0.5643,0.94
Cd79a,-0.2091,0.36295355447705974,0.5643,1.07
Il7,-0.2091,0.36302566515631635,0.5643,3.17
Tbcd,-0.2091,0.36302566515631635,0.5643,54.05
Gm15510,-0.2091,0.36302566515631635,0.5643,7.67
Gm37352,-0.2091,0.36302566515631635,0.5643,1.44
D330050G23Rik,-0.2091,0.36302566515631635,0.5643,0.86
H1f0,-0.2091,0.36302566515631635,0.5643,60.18
Cep85l,-0.2091,0.36302566515631635,0.5643,14.47
Mturn,-0.2091,0.36302566515631635,0.5643,130.14
Midn,-0.2091,0.36302566515631635,0.5643,68.99
Tmem109,-0.2091,0.36302566515631635,0.5643,62.22
9630014M24Rik,-0.2091,0.36302566515631635,0.5643,3.64
Csrnp3,-0.2091,0.36302566515631635,0.5643,47.11
Dsn1,-0.2091,0.36302566515631635,0.5643,1.63
Ate1,-0.2104,0.35998449216768674,0.5611,70.07
Lrrc46,-0.2104,0.35998449216768674,0.5611,1.4
Tbc1d10b,-0.2104,0.35998449216768674,0.5611,67.77
Zfp1003,-0.2104,0.35998449216768674,0.5611,2.51
Ncbp2as2,-0.2104,0.35998449216768674,0.5611,198.77
Rtn4ip1,-0.2104,0.35998449216768674,0.5611,26.57
Alg13,-0.2104,0.35998449216768674,0.5611,5.16
Ckap2,-0.2104,0.35998449216768674,0.5611,0.82
Gm57857,-0.2117,0.35695806367272104,0.5582,203.97
Uros,-0.2117,0.35695806367272104,0.5582,18.77
Arl5a,-0.2117,0.35695806367272104,0.5582,105.27
Reep6,-0.2117,0.35695806367272104,0.5582,1.57
St6galnac5,-0.2117,0.35695806367272104,0.5582,10.02
Atp5mj,-0.2117,0.35695806367272104,0.5582,601.43
Pisd,-0.2117,0.35695806367272104,0.5582,41.6
Ppp2r5b,-0.213,0.353946406990143,0.5546,176.58
Hs3st2,-0.213,0.353946406990143,0.5546,21.19
Gabpb1,-0.213,0.353946406990143,0.5546,13.42
Gm42432,-0.213,0.353946406990143,0.5546,6.83
Mrpl42,-0.213,0.353946406990143,0.5546,188.29
Ahrr,-0.213,0.353946406990143,0.5546,2.63
Cyria,-0.213,0.353946406990143,0.5546,17.32
Llph,-0.213,0.353946406990143,0.5546,50.24
Kcnab3,-0.213,0.353946406990143,0.5546,3.48
Tmem71,-0.2133,0.35330562602344284,0.5546,0.73
Nsun7,-0.2137,0.35228600996843257,0.5537,1.8
Lncucc1,-0.2137,0.35234102112828536,0.5538,0.76
Mtmr9,-0.2143,0.3509495485035526,0.5517,76.01
Pop7,-0.2143,0.3509495485035526,0.5517,63.19
Xpc,-0.2143,0.3509495485035526,0.5517,19.29
Zfp92,-0.2143,0.3509495485035526,0.5517,4.71
Acox1,-0.2143,0.3509495485035526,0.5517,107.23
Acy1,-0.2143,0.3509495485035526,0.5517,1.05
Kif5c,-0.2143,0.3509495485035526,0.5517,335.22
B230219D22Rik,-0.2143,0.3509495485035526,0.5517,240.56
Gm13778,-0.2143,0.3509495485035526,0.5517,1.32
Lockd,-0.2143,0.3509495485035526,0.5517,5.34
Ddhd2,-0.2143,0.3509495485035526,0.5517,62.04
Gm7936,-0.2143,0.3509495485035526,0.5517,1.46
Ubl3,-0.2143,0.3509495485035526,0.5517,277.89
Lix1l,-0.2143,0.3509495485035526,0.5517,14.9
Gm49201,-0.2144,0.35078934260778655,0.5517,1.08
Snapin,-0.2156,0.34796751366229955,0.5494,97.47
Tmc6,-0.2156,0.34796751366229955,0.5494,8.38
Tgds,-0.2156,0.34796751366229955,0.5494,3.03
Saa2,-0.2156,0.34796751366229955,0.5494,0.98
Snrpe,-0.2156,0.34796751366229955,0.5494,203.92
Gm49271,-0.2156,0.34796751366229955,0.5494,1.34
Gm32444,-0.2156,0.34796751366229955,0.5494,6.45
Banf1,-0.2156,0.34796751366229955,0.5494,143.65
Grb2,-0.2156,0.34796751366229955,0.5494,117.93
Mgme1,-0.2156,0.34796751366229955,0.5494,5.66
Eif2ak2,-0.2156,0.34796751366229955,0.5494,19.72
Actl6b,-0.2156,0.34796751366229955,0.5494,74.83
Rab33a,-0.2156,0.34796751366229955,0.5494,9.48
Gm45338,-0.2159,0.3473253275547354,0.5494,2.51
Hectd1,-0.2169,0.3450003269824448,0.5465,79.51
Rasip1,-0.2169,0.3450003269824448,0.5465,2.78
Rabif,-0.2169,0.3450003269824448,0.5465,46.3
Pfdn4,-0.2169,0.3450003269824448,0.5465,125.62
Dhcr7,-0.2169,0.3450003269824448,0.5465,122.81
Cda,-0.2169,0.3450003269824448,0.5465,80.75
Rpp40,-0.2169,0.3450003269824448,0.5465,3.55
Stam,-0.2169,0.3450003269824448,0.5465,64.33
Setd7,-0.2169,0.3450003269824448,0.5465,95.71
Lmf1,-0.2169,0.3450003269824448,0.5465,11.18
Gm37140,-0.2169,0.3450003269824448,0.5465,11.97
Iba57,-0.2169,0.3450003269824448,0.5465,4.38
2010320M18Rik,-0.2169,0.3450003269824448,0.5465,25.04
Cmtm7,-0.2169,0.3450003269824448,0.5465,5.44
Adcy3,-0.2169,0.3450003269824448,0.5465,10.99
Fam163a,-0.217,0.34473833968358425,0.5465,4.8
Ccdc60,-0.2176,0.3433616967654794,0.5456,0.82
Trib3,-0.2182,0.342048012047813,0.5436,4.06
Grk5,-0.2182,0.342048012047813,0.5436,9.94
Rhbdd1,-0.2182,0.342048012047813,0.5436,11.55
Hbq1b,-0.2182,0.3419111089675104,0.5436,1.62
Prdx6,-0.2182,0.342048012047813,0.5436,119.25
Gm15427,-0.2182,0.342048012047813,0.5436,11.09
Gm45797,-0.2182,0.342048012047813,0.5436,1.34
Kif27,-0.2183,0.3418873266052249,0.5436,0.7
Gm42503,-0.2185,0.34140459620870234,0.5436,0.43
Nip7,-0.2195,0.3391105915111325,0.5401,24.76
Nacad,-0.2195,0.3391105915111325,0.5401,117.92
Cenpu,-0.2195,0.3391105915111325,0.5401,0.99
Kcnq3,-0.2195,0.3391105915111325,0.5401,192.44
Lrrc58,-0.2195,0.3391105915111325,0.5401,211.06
Ppp1r3e,-0.2195,0.3391105915111325,0.5401,11.83
Vapa,-0.2195,0.3391105915111325,0.5401,261.21
Plxna3,-0.2195,0.3391105915111325,0.5401,28.98
Samd15,-0.2195,0.3391105915111325,0.5401,2.38
Ranbp1,-0.2195,0.3391105915111325,0.5401,170.3
Borcs5,-0.2195,0.3391105915111325,0.5401,43.17
Gm3739,-0.2195,0.3391105915111325,0.5401,0.73
5033403F01Rik,-0.2198,0.33846662630580276,0.5401,0.73
Stk16,-0.2208,0.3361880870952679,0.5373,69.04
Gm16751,-0.2208,0.3361880870952679,0.5373,0.48
Gm32618,-0.2208,0.3361880870952679,0.5373,6.8
Olfm1,-0.2208,0.3361880870952679,0.5373,584.16
Il2,-0.2208,0.3361880870952679,0.5373,1.01
Ccdc134,-0.2208,0.3361880870952679,0.5373,4.48
Dctpp1,-0.2208,0.3361880870952679,0.5373,32.19
Gm8730,-0.2208,0.3361880870952679,0.5373,6.85
Cd248,-0.2214,0.3348835277542167,0.5371,1.03
Gm3510,-0.2215,0.33457142478715535,0.5367,0.87
Slc2a4,-0.2215,0.33457142478715535,0.5367,0.7
Gm33696,-0.222,0.3335255301315931,0.5351,0.22
Mif4gd,-0.2221,0.3332805195945379,0.5347,10.56
Gm6277,-0.2221,0.3332805195945379,0.5347,2.18
Gm5165,-0.2221,0.3332805195945379,0.5347,1.59
Rab23,-0.2221,0.3332805195945379,0.5347,12.7
Dennd2b,-0.2221,0.3332805195945379,0.5347,10.76
Scarb2,-0.2221,0.3332805195945379,0.5347,102.26
Scap,-0.2221,0.3332805195945379,0.5347,50.19
Pafah1b3,-0.2221,0.3332805195945379,0.5347,50.85
Gas2l1,-0.2221,0.3332805195945379,0.5347,52.74
Mafg,-0.2221,0.3332805195945379,0.5347,159.95
Prkar1a,-0.2221,0.3332805195945379,0.5347,731.08
Abhd6,-0.2221,0.3332805195945379,0.5347,14.27
Fzd5,-0.2221,0.3332805195945379,0.5347,10.75
Slk,-0.2221,0.3332805195945379,0.5347,73.68
Gm5425,-0.2221,0.3332805195945379,0.5347,2.15
Gatad1,-0.2221,0.3332805195945379,0.5347,125.25
Emc6,-0.2221,0.3332805195945379,0.5347,148.26
Cpxm1,-0.2221,0.3332805195945379,0.5347,4.44
Tmem252,-0.2222,0.3331194525915887,0.5347,0.54
Mlkl,-0.2224,0.33263558605794047,0.5347,1.08
Gm29394,-0.2228,0.33167122230497126,0.534,0.64
Mrpl55,-0.2234,0.330387908876124,0.532,106.36
Gtf2a2,-0.2234,0.330387908876124,0.532,101.9
Cwc27,-0.2234,0.330387908876124,0.532,10.97
Sh2b3,-0.2234,0.330387908876124,0.532,11.85
Myadm,-0.2234,0.330387908876124,0.532,56.86
Hmox2,-0.2234,0.330387908876124,0.532,90.54
Stt3b,-0.2234,0.330387908876124,0.532,119.98
Crem,-0.2234,0.330387908876124,0.532,23.89
Gpt2,-0.2234,0.330387908876124,0.532,26.26
Abca5,-0.2234,0.330387908876124,0.532,69.76
Zfp493,-0.2237,0.3297425561217041,0.532,0.83
1700064M15Rik,-0.2241,0.32878599697062627,0.5312,0.66
Smyd5,-0.2247,0.3275102738815652,0.5292,23.84
Smim20,-0.2247,0.3275102738815652,0.5292,73.05
1700056E22Rik,-0.2247,0.327349006534284,0.5292,1.43
Arfgef3,-0.2247,0.3275102738815652,0.5292,242.56
Cep112,-0.2247,0.3275102738815652,0.5292,2.15
9130230N09Rik,-0.2247,0.3275102738815652,0.5292,11.38
Nek1,-0.2247,0.3275102738815652,0.5292,123.18
Polr2i,-0.2247,0.3275102738815652,0.5292,65.09
Haus1,-0.2247,0.3275102738815652,0.5292,11.56
Ccdc142os,-0.2247,0.3275102738815652,0.5292,1.31
Ndufaf8,-0.226,0.32464763262834334,0.5265,131.88
Ash2l,-0.226,0.32464763262834334,0.5265,25.4
Dnm1l,-0.226,0.32464763262834334,0.5265,189.88
Adgre5,-0.226,0.32464763262834334,0.5265,3.22
Mrm1,-0.226,0.32464763262834334,0.5265,12.98
Gpr157,-0.226,0.32464763262834334,0.5265,4.42
Gm17823,-0.226,0.32464763262834334,0.5265,2.54
Hmg20b,-0.226,0.32464763262834334,0.5265,37.06
Gm6548,-0.226,0.32464763262834334,0.5265,2.24
Tspan2os,-0.226,0.32464763262834334,0.5265,6.84
Gm34552,-0.226,0.32464763262834334,0.5265,1.24
Cmklr2,-0.226,0.3244862812183588,0.5265,1.29
Tbc1d19,-0.226,0.32464763262834334,0.5265,32.25
Gramd1c,-0.2273,0.32180000221155247,0.5235,1.14
4930513N10Rik,-0.2273,0.32163857743178204,0.5235,0.7
Spats2,-0.2273,0.32180000221155247,0.5235,35.89
Angptl6,-0.2273,0.32180000221155247,0.5235,23.11
Usp50,-0.2273,0.32180000221155247,0.5235,5.4
Arhgap20,-0.2273,0.32180000221155247,0.5235,15.22
Tm7sf3,-0.2273,0.32180000221155247,0.5235,20.27
Sdc1,-0.2273,0.32180000221155247,0.5235,12.04
Tceanc,-0.2273,0.32180000221155247,0.5235,3.31
Gm43305,-0.2273,0.32180000221155247,0.5235,8.47
Pde8b,-0.2273,0.32180000221155247,0.5235,15.96
Wnt3,-0.2276,0.32118906704077704,0.5235,0.33
Vcan,-0.228,0.32022036369109563,0.5226,0.72
Gm31107,-0.2286,0.3189673988056576,0.5208,7.78
Nme2,-0.2286,0.3189673988056576,0.5208,54.92
Ccn4,-0.2286,0.3189673988056576,0.5208,2.44
Cdnf,-0.2286,0.3189673988056576,0.5208,2.03
Tmem192,-0.2286,0.3189673988056576,0.5208,60.78
Fam234a,-0.2286,0.3189673988056576,0.5208,23.75
Rmdn1,-0.2286,0.3189673988056576,0.5208,8.26
Stat3,-0.2286,0.3189673988056576,0.5208,257.19
Fndc1,-0.2286,0.3189673988056576,0.5208,7.29
Fkbp8,-0.2286,0.3189673988056576,0.5208,257.86
Slc10a7,-0.2286,0.3189673988056576,0.5208,15.53
Nubp1,-0.2286,0.3189673988056576,0.5208,20.04
Gm32856,-0.2286,0.3189673988056576,0.5208,3.18
Gm43566,-0.2286,0.3189673988056576,0.5208,3.4
Myl12b,-0.2286,0.3189673988056576,0.5208,120.8
Ggct,-0.2286,0.3189673988056576,0.5208,18.52
Lrp11,-0.2286,0.3189673988056576,0.5208,266.05
Lyn,-0.2289,0.31832079900752325,0.5208,1.18
Hcrtr1,-0.2289,0.31832079900752325,0.5208,4.13
Vwa3b,-0.2299,0.3159882980790109,0.5183,0.55
Bloc1s2,-0.2299,0.3161498376663408,0.5183,52.76
Arf5,-0.2299,0.3161498376663408,0.5183,453.23
Tango2,-0.2299,0.3161498376663408,0.5183,85.87
Rbm3,-0.2299,0.3161498376663408,0.5183,188.89
Faap100,-0.2299,0.3161498376663408,0.5183,17.91
Slc31a2,-0.2299,0.3161498376663408,0.5183,18.48
Aldoa,-0.2299,0.3161498376663408,0.5183,1003.46
Slc26a8,-0.2299,0.3161498376663408,0.5183,1.05
Ddx60,-0.2299,0.3161498376663408,0.5183,3.28
Rps20,-0.2299,0.3161498376663408,0.5183,1428.12
Hectd2os,-0.2302,0.31550303284329506,0.5183,0.65
Gm3488,-0.2302,0.31550303284329506,0.5183,0.86
2310057M21Rik,-0.2312,0.313347333132429,0.5156,22.26
1700010I14Rik,-0.2312,0.313347333132429,0.5156,1.1
Magoh,-0.2312,0.313347333132429,0.5156,23.87
Zwilch,-0.2312,0.313347333132429,0.5156,1.3
Atp8b5,-0.2312,0.313347333132429,0.5156,1.34
Caml,-0.2312,0.313347333132429,0.5156,46.63
Tubb3,-0.2312,0.313347333132429,0.5156,2082.61
Gm29562,-0.2312,0.313347333132429,0.5156,1.14
Ankrd52,-0.2312,0.313347333132429,0.5156,11.05
Fdxacb1,-0.2312,0.313347333132429,0.5156,6.16
Slc6a19,-0.2312,0.313347333132429,0.5156,20.93
Dennd3,-0.2312,0.313347333132429,0.5156,2.77
Thumpd1,-0.2312,0.313347333132429,0.5156,39.36
Gm15542,-0.2312,0.313347333132429,0.5156,1.06
Pigx,-0.2312,0.313347333132429,0.5156,21.25
Ifit2,-0.2312,0.313347333132429,0.5156,7.17
Rpp14,-0.2325,0.31055989862791333,0.5127,28.31
Gdf9,-0.2325,0.31055989862791333,0.5127,0.79
Hmgn5,-0.2325,0.31055989862791333,0.5127,5.01
Dusp11,-0.2325,0.31055989862791333,0.5127,33.69
Cfap300,-0.2325,0.31055989862791333,0.5127,1.77
Osbpl11,-0.2325,0.31055989862791333,0.5127,22.77
Lekr1,-0.2325,0.31055989862791333,0.5127,7.2
Gm54867,-0.2325,0.31055989862791333,0.5127,1.04
Ell2,-0.2325,0.31055989862791333,0.5127,17.52
Tmem63c,-0.2325,0.31055989862791333,0.5127,15.67
Tsacc,-0.2325,0.31055989862791333,0.5127,7.02
Tns2,-0.2325,0.31055989862791333,0.5127,10.81
Ak2,-0.2325,0.31055989862791333,0.5127,40.39
Homer3,-0.2325,0.31055989862791333,0.5127,5.07
D230022J07Rik,-0.2325,0.31055989862791333,0.5127,2.1
Insrr,-0.2326,0.31022578438348064,0.5127,4.03
Ccno,-0.2328,0.30991281076804283,0.5127,1.08
Exoc3l2,-0.2332,0.3089389717459391,0.512,0.49
Sgo2a,-0.2338,0.3077875466640504,0.5101,1.6
Gm20597,-0.2338,0.3077875466640504,0.5101,1.1
Gm50340,-0.2338,0.3077875466640504,0.5101,1.37
Gm44770,-0.2338,0.3077875466640504,0.5101,1.81
Gm12338,-0.2338,0.3077875466640504,0.5101,2.27
Zmat3,-0.2338,0.3077875466640504,0.5101,100.77
Mrps33,-0.2338,0.3077875466640504,0.5101,287.2
Rpl37rt,-0.2338,0.3077875466640504,0.5101,16.06
Rfk,-0.2338,0.3077875466640504,0.5101,98.78
Naalad2,-0.2338,0.3076259141167739,0.5101,2.68
Gm11696,-0.2338,0.3077875466640504,0.5101,5.43
Rpp38,-0.2338,0.3077875466640504,0.5101,3.38
Serinc3,-0.2351,0.30503028884154887,0.5075,220.43
Zfp563,-0.2351,0.30503028884154887,0.5075,5.53
Pde11a,-0.2351,0.30503028884154887,0.5075,10.07
Gsta4,-0.2351,0.30503028884154887,0.5075,3.9
Slc6a9,-0.2351,0.30503028884154887,0.5075,2.52
C030034I22Rik,-0.2351,0.30503028884154887,0.5075,1.58
Gm31728,-0.2352,0.304839405081467,0.5075,0.73
Cyp2j12,-0.2352,0.304839405081467,0.5075,1.2
Ltbp2,-0.2354,0.3043830862118859,0.5075,0.86
Pdha1,-0.2364,0.3022881358528413,0.5046,173.03
A130012E19Rik,-0.2364,0.3022881358528413,0.5046,2.32
C730034F03Rik,-0.2364,0.3022881358528413,0.5046,4.78
Ran,-0.2364,0.3022881358528413,0.5046,302.22
Gm14303,-0.2364,0.3022881358528413,0.5046,22.67
Slfn9,-0.2364,0.3022881358528413,0.5046,1.84
Tbc1d32,-0.2364,0.3022881358528413,0.5046,11.71
Gtf2f2,-0.2364,0.3022881358528413,0.5046,7.97
Gm43266,-0.2377,0.2995610974844405,0.5015,1.25
Dbf4,-0.2377,0.2995610974844405,0.5015,1.41
Slc25a15,-0.2377,0.2995610974844405,0.5015,8.95
Lsm12,-0.2377,0.2995610974844405,0.5015,45.89
Mrpl9,-0.2377,0.2995610974844405,0.5015,24.58
Ccdc63,-0.2377,0.2995610974844405,0.5015,1.14
Mprip,-0.2377,0.2995610974844405,0.5015,183.2
Gm19531,-0.2377,0.2995610974844405,0.5015,8.66
Thap2,-0.2377,0.2995610974844405,0.5015,29.44
Gm20109,-0.2377,0.2995610974844405,0.5015,1.15
BC037039,-0.2377,0.2995610974844405,0.5015,0.99
Smim5,-0.2377,0.2995610974844405,0.5015,1.86
Vps25,-0.2377,0.2995610974844405,0.5015,4.55
Ak8,-0.2377,0.2995610974844405,0.5015,0.73
mt-Nd2,-0.2377,0.2995610974844405,0.5015,1550.66
Ppp2r2c,-0.2377,0.2995610974844405,0.5015,331.43
Zbed4,-0.2377,0.2995610974844405,0.5015,6.05
Hsbp1l1,-0.239,0.29684918261937715,0.4992,22.9
Lama4,-0.239,0.29684918261937715,0.4992,14.16
Bex3,-0.239,0.29684918261937715,0.4992,555.83
Armc2,-0.239,0.29684918261937715,0.4992,7.61
Zfp51,-0.239,0.29684918261937715,0.4992,1.67
Atp5mk,-0.239,0.29684918261937715,0.4992,1257.5
Rspo1,-0.239,0.2966875723297385,0.4992,8.8
Wars1,-0.239,0.29684918261937715,0.4992,63.2
Zfp971,-0.239,0.29684918261937715,0.4992,7.06
Ube2w,-0.239,0.29684918261937715,0.4992,99.76
Nrbf2,-0.239,0.29684918261937715,0.4992,8.31
Haus2,-0.239,0.29684918261937715,0.4992,25.64
Pigc,-0.239,0.29684918261937715,0.4992,11.81
Arhgap22,-0.239,0.29684918261937715,0.4992,23.1
Llph-ps2,-0.239,0.29684918261937715,0.4992,0.87
Cep290,-0.239,0.29684918261937715,0.4992,17.93
Pla2g7,-0.239,0.29684918261937715,0.4992,4.28
Zfp583,-0.239,0.29684918261937715,0.4992,6.59
Sra1,-0.239,0.29684918261937715,0.4992,55.56
Tdrd1,-0.2392,0.2963085804517254,0.4992,0.71
AA388235,-0.2393,0.29620212034381926,0.4992,1.54
Catsperd,-0.2403,0.29415239923972397,0.497,1.28
Il1rap,-0.2403,0.29415239923972397,0.497,3.67
Mvp,-0.2403,0.29415239923972397,0.497,24.23
Sdhaf4,-0.2403,0.29415239923972397,0.497,107.8
Coa7,-0.2403,0.29415239923972397,0.497,10.52
Tmem167b,-0.2403,0.29415239923972397,0.497,27.83
Zfp81,-0.2403,0.29415239923972397,0.497,9.92
Usp45,-0.2403,0.29415239923972397,0.497,39.11
Wdr83os,-0.2403,0.29415239923972397,0.497,192.41
Sft2d1rt,-0.2403,0.29415239923972397,0.497,2.58
Ano5,-0.2403,0.29415239923972397,0.497,3.48
Gm43196,-0.2404,0.29387828773898034,0.497,0.58
Gm43750,-0.241,0.29264812472674984,0.4958,0.73
Vps33a,-0.2416,0.291470754429199,0.4938,30.27
Ddx54,-0.2416,0.291470754429199,0.4938,32.3
1110020A21Rik,-0.2416,0.291470754429199,0.4938,1.37
Rflnb,-0.2416,0.291470754429199,0.4938,36.97
Fes,-0.2416,0.291470754429199,0.4938,2.27
Ska2,-0.2416,0.291470754429199,0.4938,10.98
Lrrtm3,-0.2416,0.291470754429199,0.4938,20.23
Armh4,-0.2416,0.291470754429199,0.4938,101.07
Psat1,-0.2416,0.291470754429199,0.4938,23.52
Suv39h2,-0.2416,0.291470754429199,0.4938,5.09
Cisd1,-0.2416,0.291470754429199,0.4938,391.27
Gm42572,-0.2416,0.291470754429199,0.4938,0.8
Sncg,-0.2429,0.28880425437585355,0.491,3392.12
Ramacl,-0.2429,0.28880425437585355,0.491,1.9
H2-D1,-0.2429,0.28880425437585355,0.491,128.12
Lamtor2,-0.2429,0.28880425437585355,0.491,255.33
Eif4a1,-0.2429,0.28880425437585355,0.491,193.5
Nrf1,-0.2429,0.28880425437585355,0.491,11.21
Polr3k,-0.2429,0.28880425437585355,0.491,33.83
Map4k5,-0.2429,0.28880425437585355,0.491,25.7
Mrpl33,-0.2429,0.28880425437585355,0.491,108.68
Pomp,-0.2429,0.28880425437585355,0.491,316.9
Zdhhc14,-0.2442,0.286152904374841,0.4876,37.9
Asphd1,-0.2442,0.286152904374841,0.4876,10.35
Ccm2,-0.2442,0.286152904374841,0.4876,67.39
Alg14,-0.2442,0.286152904374841,0.4876,34.93
Zfp935,-0.2442,0.286152904374841,0.4876,4.48
Slc9a9,-0.2442,0.286152904374841,0.4876,110.89
Nup43,-0.2442,0.286152904374841,0.4876,2.73
Fam91a1,-0.2442,0.286152904374841,0.4876,75.53
Bet1l,-0.2442,0.286152904374841,0.4876,36.08
Tspo,-0.2442,0.286152904374841,0.4876,64.48
Gm16845,-0.2442,0.286152904374841,0.4876,3.3
Smim38,-0.2445,0.28550660493081254,0.4876,0.84
Igdcc3,-0.2445,0.28550660493081254,0.4876,0.89
Mrgpra2b,-0.245,0.2844214785976713,0.4866,1.58
mt-Nd5,-0.2455,0.283516708831267,0.4851,588.01
2500004C02Rik,-0.2455,0.283516708831267,0.4851,3.07
Ablim1,-0.2455,0.283516708831267,0.4851,149.84
Wdr74,-0.2455,0.283516708831267,0.4851,22.16
Tpt1,-0.2455,0.283516708831267,0.4851,1057.89
Abraxas2,-0.2455,0.283516708831267,0.4851,35.73
Ppp3r1,-0.2455,0.283516708831267,0.4851,176.06
Cdr2l,-0.2455,0.283516708831267,0.4851,62.37
Sult5a1,-0.2455,0.283516708831267,0.4851,2.89
Speer1m,-0.2458,0.2829039417043671,0.4851,0.46
Gm4724,-0.2462,0.28204298336046785,0.4843,1.39
Ifi30,-0.2468,0.28089567126311854,0.4823,5.19
Isl1,-0.2468,0.28089567126311854,0.4823,314.11
Gm16152,-0.2468,0.28089567126311854,0.4823,1.66
Arl2bp,-0.2468,0.28089567126311854,0.4823,151.12
Cdk16,-0.2468,0.28089567126311854,0.4823,190.82
Pam,-0.2468,0.28089567126311854,0.4823,295.95
Cep164,-0.2468,0.28089567126311854,0.4823,36.65
Arhgap12,-0.2468,0.28089567126311854,0.4823,52.53
Pgam1,-0.2468,0.28089567126311854,0.4823,530.48
Cyp4v3,-0.2468,0.28089567126311854,0.4823,11.08
Rac1,-0.2468,0.28089567126311854,0.4823,277.43
Cacnb1,-0.2468,0.28089567126311854,0.4823,37.8
Thap1,-0.2468,0.28089567126311854,0.4823,11.82
Gm42872,-0.2471,0.28024999647922866,0.4823,0.48
Prox2os,-0.2475,0.2794296128827531,0.4814,0.58
Taf9,-0.2481,0.2781286168773008,0.4796,1.02
Acaca,-0.2481,0.2782897943042768,0.4796,77.39
A930004D18Rik,-0.2481,0.2782897943042768,0.4796,7.49
Gm16897,-0.2481,0.2782897943042768,0.4796,0.88
Sorbs1,-0.2481,0.2782897943042768,0.4796,41.93
Tox4,-0.2481,0.2782897943042768,0.4796,32.84
Pla2g6,-0.2481,0.2782897943042768,0.4796,33.55
Ct55,-0.2481,0.2782897943042768,0.4796,2.54
Fdft1,-0.2481,0.2782897943042768,0.4796,262.5
Zfp213,-0.2481,0.2782897943042768,0.4796,5.61
Zfp605,-0.2481,0.2782897943042768,0.4796,4.18
Gm12655,-0.2481,0.2782897943042768,0.4796,6.12
Gm26737,-0.2481,0.2782897943042768,0.4796,2.11
Larp4b,-0.2481,0.2782897943042768,0.4796,159.99
Rwdd2a,-0.2481,0.2782897943042768,0.4796,3.71
Immp2l,-0.2481,0.2782897943042768,0.4796,12.51
Fam229b,-0.2481,0.2782897943042768,0.4796,20.05
Gm49658,-0.2484,0.2776444919502024,0.4796,0.93
Cebpe,-0.2484,0.2776444919502024,0.4796,0.56
Me1,-0.2494,0.27569907970760527,0.4771,124.58
Ube2d3,-0.2494,0.27569907970760527,0.4771,298.18
Eprs1,-0.2494,0.27569907970760527,0.4771,61.57
Timm17b,-0.2494,0.27569907970760527,0.4771,40.52
Nxnl2,-0.2494,0.27569907970760527,0.4771,1.95
Gm15972,-0.2494,0.27569907970760527,0.4771,0.56
Ciao2a,-0.2494,0.27569907970760527,0.4771,38.61
Xpa,-0.2494,0.27569907970760527,0.4771,20.21
Sox7,-0.2497,0.27504739308617715,0.4771,0.48
Grxcr2,-0.2502,0.2740016686894372,0.4756,0.71
Fbxo30,-0.2506,0.2731235283481196,0.4741,16.33
Gtpbp1,-0.2506,0.2731235283481196,0.4741,9.41
Entrep3,-0.2506,0.2731235283481196,0.4741,346.7
Olfml2b,-0.2506,0.2731235283481196,0.4741,13.29
Gm31793,-0.2506,0.2731235283481196,0.4741,3.09
Dguok,-0.2506,0.2731235283481196,0.4741,39.35
Ddias,-0.2506,0.2731235283481196,0.4741,1.35
Gm34121,-0.2506,0.2731235283481196,0.4741,1.27
Mink1,-0.2506,0.2731235283481196,0.4741,98.26
Cntnap3,-0.2506,0.2731235283481196,0.4741,1.35
Gm44434,-0.2507,0.27296256475444697,0.4741,0.38
Ptges3,-0.2519,0.27056314022623573,0.4714,330.45
Ppme1,-0.2519,0.27056314022623573,0.4714,160.48
Lsm8,-0.2519,0.27056314022623573,0.4714,32.86
Rnf19a,-0.2519,0.27056314022623573,0.4714,63.9
Ptp4a1,-0.2519,0.27056314022623573,0.4714,1.82
Gm15844,-0.2519,0.27056314022623573,0.4714,6.74
Gcsh,-0.2519,0.27056314022623573,0.4714,68.65
Rab4b,-0.2519,0.27056314022623573,0.4714,23.22
Ctns,-0.2519,0.27056314022623573,0.4714,23.37
Stum,-0.2519,0.27056314022623573,0.4714,35.24
Robo2,-0.2519,0.27056314022623573,0.4714,113.98
Akt3,-0.2519,0.27056314022623573,0.4714,90.14
Gm30177,-0.2523,0.26988568185212586,0.4714,1.1
Nfyb,-0.2532,0.26801791447109463,0.4687,31.36
Tle5,-0.2532,0.26801791447109463,0.4687,654.59
Txnl4a,-0.2532,0.26801791447109463,0.4687,80.88
Arl6,-0.2532,0.26801791447109463,0.4687,36.07
Calb1,-0.2532,0.26801791447109463,0.4687,13.55
Gm43766,-0.2532,0.26801791447109463,0.4687,0.33
Gpr37,-0.2532,0.26801791447109463,0.4687,4.51
Snx7,-0.2532,0.26801791447109463,0.4687,201.83
Ccdc71l,-0.2532,0.26801791447109463,0.4687,14.94
Trim65,-0.2532,0.26801791447109463,0.4687,1.78
Lsm2,-0.2532,0.26801791447109463,0.4687,27.67
Vps35,-0.2532,0.26801791447109463,0.4687,162.54
Gm42993,-0.2532,0.26801791447109463,0.4687,4.1
Gstm7,-0.2532,0.26801791447109463,0.4687,6.58
Pten,-0.2532,0.26801791447109463,0.4687,134.53
Ace,-0.2532,0.26801791447109463,0.4687,1.94
Agtrap,-0.2532,0.26801791447109463,0.4687,21.72
Peds1,-0.2532,0.26801791447109463,0.4687,133.3
Cdca8,-0.2532,0.26801791447109463,0.4687,1.89
Nudt8,-0.2536,0.26737449751319403,0.4687,0.8
Serpina3n,-0.2545,0.265487849343965,0.4662,118.54
Bloc1s3,-0.2545,0.265487849343965,0.4662,16.92
Uchl3,-0.2545,0.265487849343965,0.4662,33.97
Atp6v0d1,-0.2545,0.265487849343965,0.4662,178.66
Psen2,-0.2545,0.265487849343965,0.4662,43.0
Sc5d,-0.2545,0.265487849343965,0.4662,125.44
Gm19719,-0.2545,0.265487849343965,0.4662,1.27
Gm49405,-0.2545,0.265487849343965,0.4662,0.79
Ubald1,-0.2545,0.265487849343965,0.4662,51.77
Gm49012,-0.2549,0.2648450015481352,0.4662,0.73
Kbtbd3,-0.2558,0.262972942241723,0.4634,10.13
Foxg1,-0.2558,0.262972942241723,0.4634,27.68
Dclk1,-0.2558,0.262972942241723,0.4634,105.32
Ube2z,-0.2558,0.262972942241723,0.4634,139.62
Eif3b,-0.2558,0.262972942241723,0.4634,94.02
Rnaseh1,-0.2558,0.262972942241723,0.4634,12.21
Zswim4,-0.2558,0.262972942241723,0.4634,11.66
Atxn1l,-0.2558,0.262972942241723,0.4634,17.69
Rpl36a-ps1,-0.2558,0.262972942241723,0.4634,1.1
Mmp23,-0.2558,0.262972942241723,0.4634,2.3
Mill2,-0.2558,0.262972942241723,0.4634,12.33
Ppp2r5c,-0.2558,0.262972942241723,0.4634,157.31
Gm44321,-0.2558,0.262972942241723,0.4634,0.78
Filip1,-0.2558,0.262972942241723,0.4634,6.3
Gm13205,-0.2558,0.262972942241723,0.4634,2.96
Fcrl2,-0.2562,0.26225831891623,0.4634,0.6
Gm14391,-0.2571,0.2604731897004084,0.4611,0.93
Tceal5,-0.2571,0.2604731897004084,0.4611,34.55
Tmeff2,-0.2571,0.2604731897004084,0.4611,242.12
Zwint,-0.2571,0.2604731897004084,0.4611,773.45
Zfp964,-0.2571,0.2604731897004084,0.4611,1.31
Tmem8b,-0.2571,0.2604731897004084,0.4611,53.77
Lacc1,-0.2571,0.2604731897004084,0.4611,3.72
Arap1,-0.2571,0.2604731897004084,0.4611,3.96
Ankrd37,-0.2571,0.2604731897004084,0.4611,9.52
Cldnd1,-0.2571,0.2604731897004084,0.4611,114.14
Fam229a,-0.2575,0.2598315960045704,0.4611,0.74
Ndufc1,-0.2584,0.2579885873988545,0.4583,584.78
Serhl,-0.2584,0.2579885873988545,0.4583,10.32
Nsl1,-0.2584,0.2579885873988545,0.4583,0.85
D830030K20Rik,-0.2584,0.2579885873988545,0.4583,6.36
Yeats4,-0.2584,0.2579885873988545,0.4583,69.07
Atpsckmt,-0.2584,0.2579885873988545,0.4583,11.93
Albfm1,-0.2584,0.2579885873988545,0.4583,2.51
Shc2,-0.2584,0.2579885873988545,0.4583,68.44
Otud3,-0.2597,0.2555191301623943,0.4552,7.05
Eva1c,-0.2597,0.2555191301623943,0.4552,12.53
Bex1,-0.2597,0.2555191301623943,0.4552,242.65
Lsm3,-0.2597,0.2555191301623943,0.4552,45.31
Dusp10,-0.2597,0.2555191301623943,0.4552,10.37
Gm44646,-0.2597,0.2555191301623943,0.4552,3.71
Col4a2,-0.2597,0.2555191301623943,0.4552,17.6
Snupn,-0.2597,0.2555191301623943,0.4552,7.26
Uck2,-0.2597,0.2555191301623943,0.4552,18.62
Bod1,-0.2597,0.2555191301623943,0.4552,91.15
Sez6,-0.2597,0.2555191301623943,0.4552,16.0
P3h3,-0.2597,0.2555191301623943,0.4552,9.18
L1cam,-0.2597,0.2555191301623943,0.4552,311.22
Gm9970,-0.2597,0.2555191301623943,0.4552,0.61
Commd6,-0.2597,0.2555191301623943,0.4552,65.36
A130051J06Rik,-0.2601,0.25487894335726674,0.4552,0.53
Vti1b,-0.261,0.2530648119666416,0.452,209.14
H2az1,-0.261,0.2530648119666416,0.452,499.36
Ttl,-0.261,0.2530648119666416,0.452,142.84
Trim30a,-0.261,0.2530648119666416,0.452,1.09
Hdgfl3,-0.261,0.2530648119666416,0.452,133.11
Anapc11,-0.261,0.2530648119666416,0.452,512.54
Slc9b1,-0.261,0.2530648119666416,0.452,1.07
A930007A09Rik,-0.261,0.2530648119666416,0.452,0.99
Gmip,-0.261,0.2530648119666416,0.452,5.15
6330562C20Rik,-0.261,0.2530648119666416,0.452,7.75
Ryr3,-0.261,0.2530648119666416,0.452,2.51
Gm42670,-0.261,0.2530648119666416,0.452,1.73
St3gal1,-0.2611,0.2529050920870857,0.452,1.44
Chst5,-0.2618,0.2516837059463991,0.4509,1.82
H2ac24,-0.2618,0.2516837059463991,0.4509,1.26
Ttf1,-0.2623,0.2506256259413438,0.4492,7.41
Dhps,-0.2623,0.2506256259413438,0.4492,48.55
Gm49266,-0.2623,0.2506256259413438,0.4492,2.37
Dpm2,-0.2623,0.2506256259413438,0.4492,73.43
Fam228b,-0.2623,0.2506256259413438,0.4492,0.82
Pigbos1,-0.2623,0.2506256259413438,0.4492,62.99
Gtpbp8,-0.2623,0.2506256259413438,0.4492,19.13
Tmem106a,-0.2623,0.2506256259413438,0.4492,13.99
Unc13c,-0.2623,0.2506256259413438,0.4492,41.0
Gm47910,-0.2624,0.2504661042544517,0.4492,1.21
Arl13b,-0.2636,0.24820156437430954,0.446,12.94
Nemp1,-0.2636,0.24820156437430954,0.446,4.24
Cbfb,-0.2636,0.24820156437430954,0.446,428.27
Pih1d2,-0.2636,0.24820156437430954,0.446,1.31
1700030J22Rik,-0.2636,0.24820156437430954,0.446,2.94
C030013C21Rik,-0.2636,0.24820156437430954,0.446,0.99
1110006O24Rik,-0.2636,0.24820156437430954,0.446,2.88
Gm21781,-0.2636,0.24820156437430954,0.446,3.38
Tubd1,-0.2636,0.24820156437430954,0.446,2.59
Gm42984,-0.2636,0.24820156437430954,0.446,1.42
Rasl11a,-0.2636,0.24820156437430954,0.446,6.4
Gm47567,-0.2637,0.24804885097527762,0.446,0.72
Ssu72,-0.2649,0.24579261871540775,0.4434,126.41
Gtf3a,-0.2649,0.24579261871540775,0.4434,34.86
Trpm3,-0.2649,0.24579261871540775,0.4434,25.3
Tmem200c,-0.2649,0.24579261871540775,0.4434,12.91
Commd1,-0.2649,0.24579261871540775,0.4434,39.02
Trappc2b,-0.2649,0.24579261871540775,0.4434,55.21
Grn,-0.2649,0.24579261871540775,0.4434,44.22
Zmiz2,-0.2649,0.24579261871540775,0.4434,90.83
Cdr2,-0.2649,0.24579261871540775,0.4434,57.86
Inhba,-0.2649,0.24579261871540775,0.4434,1.88
Smim8,-0.2649,0.24579261871540775,0.4434,45.38
Nog,-0.2649,0.24579261871540775,0.4434,33.94
Hpca,-0.2649,0.24579261871540775,0.4434,37.1
0610043K17Rik,-0.2657,0.24443482575849934,0.4423,1.17
Gna14,-0.2657,0.24443482575849934,0.4423,1.57
Gm47887,-0.2659,0.2439782941203918,0.4415,0.39
Sash3,-0.2659,0.2439782941203918,0.4415,0.32
Leo1,-0.2662,0.2433987795806379,0.4406,11.46
Cpne2,-0.2662,0.2433987795806379,0.4406,43.15
Fut11,-0.2662,0.2433987795806379,0.4406,31.66
Smim15,-0.2662,0.2433987795806379,0.4406,28.82
Mfsd8,-0.2662,0.2433987795806379,0.4406,7.21
Exoc8,-0.2662,0.2433987795806379,0.4406,19.59
H2-K1,-0.2662,0.2433987795806379,0.4406,88.63
Cetn2,-0.2662,0.2433987795806379,0.4406,57.51
Maz,-0.2662,0.2433987795806379,0.4406,113.0
Ift52,-0.2662,0.2433987795806379,0.4406,17.17
Morn5,-0.2663,0.24323990796754313,0.4406,0.75
Hoxa1,-0.2675,0.24102003675627295,0.4381,2.1
Zfp938,-0.2675,0.24102003675627295,0.4381,40.6
Rab10,-0.2675,0.24102003675627295,0.4381,237.93
Tcp11l2,-0.2675,0.24102003675627295,0.4381,26.06
Zfp229,-0.2675,0.24102003675627295,0.4381,6.98
Epn2,-0.2675,0.24102003675627295,0.4381,81.39
Commd2,-0.2675,0.24102003675627295,0.4381,26.64
Septin1,-0.2675,0.24102003675627295,0.4381,13.84
Spred3,-0.2675,0.24102003675627295,0.4381,10.96
Sspn,-0.2675,0.24102003675627295,0.4381,13.01
Osbpl5,-0.2675,0.24102003675627295,0.4381,36.39
Nmral1,-0.2675,0.24102003675627295,0.4381,2.07
2310034O05Rik,-0.2675,0.24102003675627295,0.4381,0.78
Efna2,-0.2675,0.24102003675627295,0.4381,4.72
Ctnnd1,-0.2675,0.24102003675627295,0.4381,62.64
Anxa5,-0.2675,0.24102003675627295,0.4381,428.32
Ugcg,-0.2675,0.24102003675627295,0.4381,105.17
Gm37422,-0.2687,0.2389763838774076,0.4366,0.29
Polm,-0.2688,0.2386563792030716,0.4361,5.76
Arhgap19,-0.2688,0.2386563792030716,0.4361,2.39
Apex1,-0.2688,0.2386563792030716,0.4361,21.61
Rab7,-0.2688,0.2386563792030716,0.4361,249.77
Ccdc116,-0.2688,0.2386563792030716,0.4361,0.96
Gm26881,-0.2688,0.2386563792030716,0.4361,9.27
Oxsm,-0.2688,0.2386563792030716,0.4361,6.89
Gsto1,-0.2688,0.2386563792030716,0.4361,20.03
Cyp4f39,-0.2688,0.2386563792030716,0.4361,1.16
Acly,-0.2688,0.2386563792030716,0.4361,630.15
Cdh13,-0.2688,0.2386563792030716,0.4361,9.01
Tnfaip3,-0.2688,0.2386563792030716,0.4361,3.56
Kdm2b,-0.2688,0.2386563792030716,0.4361,11.74
Dctn6,-0.2688,0.2386563792030716,0.4361,96.74
Mcat,-0.2688,0.2386563792030716,0.4361,9.59
Arl15,-0.2688,0.2386563792030716,0.4361,7.42
Rufy4,-0.2691,0.23811422874312493,0.4361,0.32
Gm11826,-0.2697,0.2370685670199737,0.4349,0.39
Sfr1,-0.2701,0.2363077950605595,0.4336,115.79
Gm41662,-0.2701,0.2363077950605595,0.4336,0.63
Cpped1,-0.2701,0.2363077950605595,0.4336,16.83
Nol8,-0.2701,0.2363077950605595,0.4336,17.49
Ctnna1,-0.2701,0.2363077950605595,0.4336,78.04
Gria4,-0.2701,0.2363077950605595,0.4336,69.27
Zbtb8a,-0.2701,0.2363077950605595,0.4336,6.72
Mettl18,-0.2701,0.2363077950605595,0.4336,1.19
Zfp959,-0.2701,0.2363077950605595,0.4336,1.48
Rab12,-0.2701,0.2363077950605595,0.4336,31.49
Nell1,-0.2702,0.23614965540895233,0.4336,8.82
Pdgfra,-0.2704,0.23589366444459997,0.4336,0.47
Rnf182,-0.2714,0.23397427165138135,0.4306,24.51
Coa3,-0.2714,0.23397427165138135,0.4306,420.18
Smim1,-0.2714,0.23397427165138135,0.4306,74.42
Wwc2,-0.2714,0.23397427165138135,0.4306,45.3
4933402D24Rik,-0.2714,0.23397427165138135,0.4306,0.89
Hmgn3,-0.2714,0.23397427165138135,0.4306,128.52
Dynlrb2,-0.2714,0.23397427165138135,0.4306,0.59
Hsf2bp,-0.2714,0.23397427165138135,0.4306,0.69
Gm3604,-0.2714,0.23397427165138135,0.4306,1.65
Ythdf2,-0.2714,0.23397427165138135,0.4306,54.49
Gm3724,-0.2717,0.23355522525583228,0.4306,1.14
Srgap1,-0.2727,0.2316557954857192,0.4282,46.37
Blvrb,-0.2727,0.2316557954857192,0.4282,47.67
Galk1,-0.2727,0.2316557954857192,0.4282,8.73
Fhip1a,-0.2727,0.2316557954857192,0.4282,6.48
Zfp120,-0.2727,0.2316557954857192,0.4282,7.08
Ypel3,-0.2727,0.2316557954857192,0.4282,864.32
Adamtsl4,-0.2727,0.2316557954857192,0.4282,1.77
Bzw2,-0.2727,0.2316557954857192,0.4282,20.8
Med28,-0.2727,0.2316557954857192,0.4282,168.52
Gm28875,-0.2727,0.2316557954857192,0.4282,5.74
A130048G24Rik,-0.2731,0.23102486518852303,0.4282,0.43
Eid2,-0.274,0.22935235226578057,0.4256,42.59
6030443J06Rik,-0.274,0.22935235226578057,0.4256,2.49
Gab3,-0.274,0.22935235226578057,0.4256,2.48
Tomm7,-0.274,0.22935235226578057,0.4256,377.84
Mrpl22,-0.274,0.22935235226578057,0.4256,21.54
Arpc2,-0.274,0.22935235226578057,0.4256,149.24
Cmc1,-0.274,0.22935235226578057,0.4256,46.66
Hmgb2,-0.274,0.22935235226578057,0.4256,8.29
9430038I01Rik,-0.274,0.22935235226578057,0.4256,14.97
Bcl11a,-0.2748,0.22804907872291477,0.4244,5.67
Casp9,-0.2753,0.22706392689035135,0.4226,38.75
Col6a2,-0.2753,0.22706392689035135,0.4226,16.24
D730045B01Rik,-0.2753,0.22706392689035135,0.4226,2.67
3110070M22Rik,-0.2753,0.22706392689035135,0.4226,1.53
Timm23,-0.2753,0.22706392689035135,0.4226,89.67
Ywhaz,-0.2753,0.22706392689035135,0.4226,941.69
Slc7a6,-0.2753,0.22706392689035135,0.4226,19.3
Rpl17-ps8,-0.2753,0.22706392689035135,0.4226,0.67
Galnt7,-0.2753,0.22706392689035135,0.4226,11.22
Camk2n1,-0.2753,0.22706392689035135,0.4226,133.97
Carns1,-0.2753,0.22706392689035135,0.4226,12.49
Ppp2r2a,-0.2766,0.22479050345941637,0.42,80.61
Adcyap1,-0.2766,0.22479050345941637,0.42,224.11
Esyt1,-0.2766,0.22479050345941637,0.42,208.94
Gm20939,-0.2766,0.22479050345941637,0.42,3.85
Aldh1l1,-0.2766,0.22479050345941637,0.42,4.81
Snx6,-0.2766,0.22479050345941637,0.42,95.06
Arhgap11a,-0.2766,0.22479050345941637,0.42,1.64
Col12a1,-0.2766,0.22479050345941637,0.42,4.33
2310033P09Rik,-0.2766,0.22479050345941637,0.42,22.95
Pld2,-0.2766,0.22479050345941637,0.42,12.06
C2,-0.2767,0.22463376080926872,0.42,1.47
Enpp3,-0.277,0.22416304663371964,0.42,0.61
Gm6055,-0.277,0.22416304663371964,0.42,1.43
Crip1,-0.2779,0.2225320652788448,0.4174,328.74
Tpm3,-0.2779,0.2225320652788448,0.4174,50.89
Kctd9,-0.2779,0.2225320652788448,0.4174,48.42
Rnf10,-0.2779,0.2225320652788448,0.4174,141.08
Zfp932,-0.2779,0.2225320652788448,0.4174,12.14
Atp5f1e,-0.2779,0.2225320652788448,0.4174,1057.09
St8sia6,-0.2779,0.2225320652788448,0.4174,0.97
2610027K06Rik,-0.2779,0.2225320652788448,0.4174,4.38
Calml4,-0.2779,0.2225320652788448,0.4174,15.61
Galnt18,-0.2779,0.2225320652788448,0.4174,8.9
Fryl,-0.2792,0.22028859486514024,0.4148,109.07
Gm26614,-0.2792,0.22028859486514024,0.4148,14.29
Exosc7,-0.2792,0.22028859486514024,0.4148,23.87
Trim67,-0.2792,0.22028859486514024,0.4148,61.12
Zfp764,-0.2792,0.22028859486514024,0.4148,3.42
Egfl7,-0.2792,0.22028859486514024,0.4148,64.09
Myo7a,-0.2792,0.22028859486514024,0.4148,5.67
Sem1,-0.2792,0.22028859486514024,0.4148,717.02
G6pdx,-0.2792,0.22028859486514024,0.4148,35.92
Gm15496,-0.2792,0.22028859486514024,0.4148,5.15
Pla2g3,-0.2792,0.22028859486514024,0.4148,8.19
Glod4,-0.2792,0.22028859486514024,0.4148,14.58
Gch1,-0.2792,0.22028859486514024,0.4148,33.76
Gm34961,-0.2792,0.22028859486514024,0.4148,1.3
A830092H15Rik,-0.2795,0.21984205544331564,0.4148,0.59
Ch25h,-0.2796,0.21966362538013245,0.4148,1.24
Or2w1b,-0.28,0.21901650346446902,0.4139,3.36
Gm44096,-0.2801,0.2187237900112017,0.4135,0.6
Tiam2,-0.2805,0.2180600739502556,0.4123,8.15
Igfbp3,-0.2805,0.2180600739502556,0.4123,8.32
Snx8,-0.2805,0.2180600739502556,0.4123,14.13
Rps10-ps1,-0.2805,0.2180600739502556,0.4123,5.28
Hspa2,-0.2805,0.2180600739502556,0.4123,25.15
mt-Co2,-0.2805,0.2180600739502556,0.4123,20.79
Gm6658,-0.2805,0.2180600739502556,0.4123,2.46
Thnsl1,-0.2805,0.2180600739502556,0.4123,14.23
Dph3,-0.2805,0.2180600739502556,0.4123,113.69
Acyp2,-0.2805,0.2180600739502556,0.4123,98.36
Apba1,-0.2805,0.2180600739502556,0.4123,195.15
Zmat5,-0.2805,0.2180600739502556,0.4123,48.45
Apln,-0.2805,0.2180600739502556,0.4123,0.96
Ccdc186,-0.2818,0.2158464834864694,0.4097,43.88
Acap2,-0.2818,0.2158464834864694,0.4097,28.51
Npy1r,-0.2818,0.2158464834864694,0.4097,7.0
Blcap,-0.2818,0.2158464834864694,0.4097,66.9
Med7,-0.2818,0.2158464834864694,0.4097,16.53
Pradc1,-0.2818,0.2158464834864694,0.4097,13.1
Mybl2,-0.2818,0.2158464834864694,0.4097,0.6
Elfn1,-0.2818,0.2158464834864694,0.4097,10.12
Rpl41,-0.2818,0.2158464834864694,0.4097,4700.18
Pdap1,-0.2818,0.2158464834864694,0.4097,150.35
Zswim6,-0.2818,0.2158464834864694,0.4097,36.85
Tmem233,-0.2818,0.2158464834864694,0.4097,60.86
Taf9b,-0.2818,0.2158464834864694,0.4097,25.08
Gm31805,-0.2821,0.2153915347057571,0.4097,0.57
Mrps36-ps2,-0.2821,0.2153915347057571,0.4097,0.67
Ptcra,-0.2826,0.21458997868403076,0.4093,1.24
Rad51,-0.2831,0.2136478036513266,0.4076,1.22
H4c4,-0.2831,0.2136478036513266,0.4076,1.3
Ccdc25,-0.2831,0.2136478036513266,0.4076,35.86
Vamp7-ps,-0.2831,0.2136478036513266,0.4076,7.1
Dnlz,-0.2831,0.2136478036513266,0.4076,190.81
Etfa,-0.2831,0.2136478036513266,0.4076,48.3
Pabpc1,-0.2831,0.2136478036513266,0.4076,85.27
2700099C18Rik,-0.2831,0.2136478036513266,0.4076,0.56
Fads1,-0.2831,0.2136478036513266,0.4076,85.88
Gpr155,-0.2831,0.2136478036513266,0.4076,22.99
Fbxl8,-0.2831,0.2136478036513266,0.4076,3.74
Glud1,-0.2831,0.2136478036513266,0.4076,131.85
Rpp21,-0.2831,0.2136478036513266,0.4076,68.03
Ten1,-0.2831,0.2136478036513266,0.4076,76.06
Nek7,-0.2831,0.2136478036513266,0.4076,126.01
Cstad,-0.2831,0.2136478036513266,0.4076,1.4
Tada3,-0.2831,0.2136478036513266,0.4076,25.19
Tmed2b,-0.2835,0.2130268169374194,0.4076,0.46
Rps26-ps1,-0.2844,0.2114640138526405,0.4048,5.32
Tmco4,-0.2844,0.2114640138526405,0.4048,1.75
B230307C23Rik,-0.2844,0.2114640138526405,0.4048,6.1
Zfp947,-0.2844,0.2114640138526405,0.4048,1.38
Hrct1,-0.2844,0.21145754291510122,0.4048,0.54
Lyrm1,-0.2844,0.2114640138526405,0.4048,18.61
Cenpl,-0.2844,0.2114640138526405,0.4048,4.05
S1pr2,-0.2857,0.20929509273355457,0.4021,5.88
Gnpda2,-0.2857,0.20929509273355457,0.4021,50.78
Nkiras2,-0.2857,0.20929509273355457,0.4021,22.67
Ccdc85a,-0.2857,0.20929509273355457,0.4021,43.2
Ndst3,-0.2857,0.20929509273355457,0.4021,10.4
Fam162a,-0.2857,0.20929509273355457,0.4021,116.06
Rheb,-0.2857,0.20929509273355457,0.4021,268.41
Taf11,-0.2857,0.20929509273355457,0.4021,55.72
8030487O14Rik,-0.2858,0.20914066297643455,0.4021,1.51
Tph1,-0.2861,0.20867692559110937,0.4021,1.47
Zswim3,-0.287,0.20714101817766592,0.3996,3.59
Septin8,-0.287,0.20714101817766592,0.3996,115.27
Supt3,-0.287,0.20714101817766592,0.3996,17.8
Atxn7l3b,-0.287,0.20714101817766592,0.3996,326.69
Trim7,-0.287,0.20714101817766592,0.3996,4.12
Rabepk,-0.287,0.20714101817766592,0.3996,18.53
Rab40b,-0.287,0.20714101817766592,0.3996,2.56
Sdhb,-0.287,0.20714101817766592,0.3996,180.65
Vps41,-0.287,0.20714101817766592,0.3996,123.88
Snapc5,-0.287,0.20714101817766592,0.3996,87.94
Hrh2,-0.2876,0.2061922763902383,0.3992,0.49
Gm49901,-0.2876,0.2061922763902383,0.3992,0.62
Ctxn1,-0.2883,0.2050017673142075,0.3971,224.57
H2ac18,-0.2883,0.2050017673142075,0.3971,1.24
Rab1a,-0.2883,0.2050017673142075,0.3971,266.16
Dmkn,-0.2883,0.2050017673142075,0.3971,19.53
Triqk,-0.2883,0.2050017673142075,0.3971,28.53
Hs6st1,-0.2883,0.2050017673142075,0.3971,124.05
4930578M01Rik,-0.2883,0.2050017673142075,0.3971,24.85
Kxd1,-0.2883,0.2050017673142075,0.3971,65.33
Gm29054,-0.2883,0.2050017673142075,0.3971,1.44
Gm7160,-0.2883,0.2050017673142075,0.3971,2.61
Galnt3,-0.289,0.2038454274327123,0.3962,0.6
Gm5602,-0.2896,0.2028773165232885,0.3944,0.77
Atp5mf,-0.2896,0.2028773165232885,0.3944,820.82
Diaph1,-0.2896,0.2028773165232885,0.3944,29.23
Agpat2,-0.2896,0.2028773165232885,0.3944,13.23
Kat5,-0.2896,0.2028773165232885,0.3944,36.67
Mtln,-0.2896,0.2028773165232885,0.3944,127.22
Dqx1,-0.2896,0.2028773165232885,0.3944,6.6
Pir,-0.2896,0.2028773165232885,0.3944,15.71
Colq,-0.2896,0.2028773165232885,0.3944,37.28
Gm48284,-0.29,0.2022636192838649,0.3944,0.64
B9d1os,-0.2902,0.20191399413007668,0.3942,0.6
Gm14964,-0.2906,0.2013409146195688,0.3932,1.23
Smap1,-0.2909,0.2007676414411941,0.3921,176.0
H2bc6,-0.2909,0.2007676414411941,0.3921,7.11
Zbtb7b,-0.2909,0.2007676414411941,0.3921,8.68
Mgmt,-0.2909,0.2007676414411941,0.3921,5.0
Ifitm2,-0.2909,0.2007676414411941,0.3921,34.99
Dnaaf4,-0.2909,0.2007676414411941,0.3921,1.81
Dclk3,-0.2909,0.2007676414411941,0.3921,12.54
Atp11c,-0.2909,0.2007676414411941,0.3921,25.69
Ebpl,-0.2909,0.2007676414411941,0.3921,78.77
Pex11g,-0.291,0.2006147117651874,0.3921,1.94
Tec,-0.2919,0.19923515019877902,0.3903,0.7
Zfand3,-0.2922,0.19867271696574043,0.3893,140.22
Irf7,-0.2922,0.19867271696574043,0.3893,3.94
Ano6,-0.2922,0.19867271696574043,0.3893,44.2
Kank2,-0.2922,0.19867271696574043,0.3893,7.51
Cmc4,-0.2922,0.19867271696574043,0.3893,16.72
Uba3,-0.2922,0.19867271696574043,0.3893,91.25
Fscn2,-0.2922,0.19867271696574043,0.3893,0.74
Zfp655,-0.2922,0.19867271696574043,0.3893,36.26
Ndufb8,-0.2922,0.19867271696574043,0.3893,581.05
Fbxw11,-0.2922,0.19867271696574043,0.3893,110.94
Hpgds,-0.2923,0.1985201818243985,0.3893,0.59
Gm47015,-0.2924,0.198398958939099,0.3893,0.49
Snhg3,-0.2935,0.19659251726168667,0.3866,73.38
Pvt1,-0.2935,0.19659251726168667,0.3866,22.48
4930412C18Rik,-0.2935,0.19659251726168667,0.3866,7.05
Efhc1,-0.2935,0.19659251726168667,0.3866,0.99
Tc2n,-0.2935,0.19659251726168667,0.3866,3.06
Elapor2,-0.2935,0.19659251726168667,0.3866,64.2
Blm,-0.2935,0.19659251726168667,0.3866,3.14
6430550D23Rik,-0.2935,0.19659251726168667,0.3866,1.5
Tle6,-0.2935,0.19659251726168667,0.3866,1.76
Aida,-0.2935,0.19659251726168667,0.3866,83.77
Tmem238l,-0.2938,0.1961042979308154,0.3866,0.42
Gm15950,-0.2939,0.1959835711728159,0.3866,0.44
Oas1c,-0.2948,0.1945270157662032,0.3839,10.11
Klf13,-0.2948,0.1945270157662032,0.3839,125.85
Vwf,-0.2948,0.1945270157662032,0.3839,1.57
Gm20621,-0.2948,0.1945270157662032,0.3839,3.93
Akt1,-0.2948,0.1945270157662032,0.3839,155.46
Dmac2l,-0.2948,0.1945270157662032,0.3839,18.21
Hscb,-0.2948,0.1945270157662032,0.3839,17.1
1110059G10Rik,-0.2948,0.1945270157662032,0.3839,19.57
Gm9416,-0.2948,0.1945270157662032,0.3839,1.64
Rad50,-0.2948,0.1945270157662032,0.3839,21.79
Xlr4b,-0.2952,0.1939197144292657,0.3839,0.51
Rarg,-0.2961,0.1924761851943924,0.3813,9.65
Unc93b1,-0.2961,0.1924761851943924,0.3813,4.6
Camp,-0.2961,0.1924761851943924,0.3813,1.31
Tut7,-0.2961,0.1924761851943924,0.3813,34.88
Eif2s2,-0.2961,0.1924761851943924,0.3813,198.62
Man2b2,-0.2961,0.1924761851943924,0.3813,4.82
Faap24,-0.2961,0.1924761851943924,0.3813,4.12
Zmynd11,-0.2974,0.19043999754486576,0.3782,98.68
Clip4,-0.2974,0.19043999754486576,0.3782,57.98
3110040N11Rik,-0.2974,0.19043999754486576,0.3782,21.43
Tshz2,-0.2974,0.19043999754486576,0.3782,264.03
Aamdc,-0.2974,0.19043999754486576,0.3782,78.98
Zfp677,-0.2974,0.19043999754486576,0.3782,2.1
Slc66a2,-0.2974,0.19043999754486576,0.3782,59.35
Gm26670,-0.2974,0.19043999754486576,0.3782,0.79
Mrps36-ps1,-0.2974,0.19043999754486576,0.3782,0.64
Kcnk18,-0.2974,0.19043999754486576,0.3782,9.08
Vamp3,-0.2974,0.19043999754486576,0.3782,20.59
Sprn,-0.2974,0.19043999754486576,0.3782,40.27
Adam12,-0.2978,0.18983607535229954,0.3782,4.64
Lsp1,-0.2984,0.18892820582569586,0.3768,0.84
Ccdc43,-0.2987,0.18841842410537243,0.3758,26.67
Rad51d,-0.2987,0.18841842410537243,0.3758,16.5
Zfp40,-0.2987,0.18841842410537243,0.3758,10.86
Lrriq1,-0.2987,0.18841842410537243,0.3758,1.94
Gm2237,-0.2987,0.18841842410537243,0.3758,1.36
Gabarap,-0.2987,0.18841842410537243,0.3758,714.65
Lig1,-0.2987,0.18841842410537243,0.3758,23.35
Gm17259,-0.2987,0.18841842410537243,0.3758,2.9
Tmem45b,-0.2995,0.1871404419257337,0.3745,0.98
Or8b40,-0.3,0.18641143545847974,0.3731,68.18
2310010J17Rik,-0.3,0.18641143545847974,0.3731,19.37
Raph1,-0.3,0.18641143545847974,0.3731,134.55
Capn5,-0.3,0.18641143545847974,0.3731,70.3
2410022M11Rik,-0.3,0.18641143545847974,0.3731,5.44
Map3k3,-0.3,0.18641143545847974,0.3731,6.43
Smco4,-0.3,0.18641143545847974,0.3731,8.21
Bfsp1,-0.3,0.18641143545847974,0.3731,2.33
Gk5,-0.3,0.18641143545847974,0.3731,3.9
Fbxo25,-0.3,0.18641143545847974,0.3731,39.08
H2-T22,-0.3,0.18641143545847974,0.3731,27.5
Kcnd1,-0.3,0.18641143545847974,0.3731,41.03
Eapp,-0.3,0.18641143545847974,0.3731,40.18
Upb1,-0.3,0.18641143545847974,0.3731,12.71
Magt1,-0.3,0.18641143545847974,0.3731,80.73
Slamf1,-0.3001,0.18626142538329357,0.3731,0.7
Coro2b,-0.3013,0.184419001487306,0.3708,144.39
Nudcd2,-0.3013,0.184419001487306,0.3708,14.17
Rwdd3,-0.3013,0.184419001487306,0.3708,3.99
Gt(ROSA)26Sor,-0.3013,0.184419001487306,0.3708,37.36
Scpep1,-0.3013,0.184419001487306,0.3708,55.66
Nup54,-0.3013,0.184419001487306,0.3708,15.89
Manea,-0.3013,0.184419001487306,0.3708,50.96
Gm30015,-0.3017,0.1838203672630802,0.3708,0.9
Gm47797,-0.3026,0.1824410913813027,0.3682,3.68
B230216N24Rik,-0.3026,0.1824410913813027,0.3682,55.01
Tppp3,-0.3026,0.1824410913813027,0.3682,1549.48
Mis18a,-0.3026,0.1824410913813027,0.3682,6.62
2310043M15Rik,-0.3029,0.18193202953897966,0.3682,0.42
Gm43923,-0.3029,0.18193202953897966,0.3682,0.37
Gm34680,-0.3033,0.1813086921572777,0.3674,0.57
Fnbp1l,-0.3039,0.18047767364208767,0.3657,52.09
Celf2,-0.3039,0.18047767364208767,0.3657,72.5
Lncob1,-0.3039,0.18047767364208767,0.3657,0.8
Ube2n,-0.3039,0.18047767364208767,0.3657,225.81
Dchs1,-0.3039,0.18047767364208767,0.3657,6.47
Gm55606,-0.3039,0.18047767364208767,0.3657,7.24
Gm29543,-0.3039,0.18047767364208767,0.3657,15.9
Srr,-0.3039,0.18047767364208767,0.3657,27.05
Cyb5r1,-0.3039,0.18047767364208767,0.3657,149.45
3110039M20Rik,-0.3039,0.18047767364208767,0.3657,6.55
Gm19391,-0.3039,0.18047767364208767,0.3657,7.01
Traip,-0.3046,0.17935297254037544,0.3646,1.0
Samd9l,-0.3052,0.17852871608932544,0.363,9.38
Msantd3,-0.3052,0.17852871608932544,0.363,12.03
Arpc4,-0.3052,0.17852871608932544,0.363,75.21
Tsg101,-0.3052,0.17852871608932544,0.363,110.34
Gm21596,-0.3052,0.17852871608932544,0.363,8.03
Pole3,-0.3052,0.17852871608932544,0.363,21.27
Btbd19,-0.3052,0.17852871608932544,0.363,2.78
Cox6c,-0.3052,0.17852871608932544,0.363,1786.1
Abcg5,-0.3057,0.17783905025268723,0.363,0.61
Mrfap1,-0.3065,0.17659418586665693,0.3608,428.74
Czib,-0.3065,0.17659418586665693,0.3608,38.3
Eid1,-0.3065,0.17659418586665693,0.3608,229.15
Mllt11,-0.3065,0.17659418586665693,0.3608,475.21
Gale,-0.3065,0.17659418586665693,0.3608,22.87
Map3k14,-0.3065,0.17659418586665693,0.3608,4.1
Ccdc87,-0.3066,0.17644647784476566,0.3608,1.0
Sh2d4a,-0.3072,0.17555360687511168,0.3599,1.63
Gpt,-0.3078,0.17467404944767495,0.3583,2.86
Itfg1,-0.3078,0.17467404944767495,0.3583,292.11
Snhg15,-0.3078,0.17467404944767495,0.3583,6.61
Naaladl2,-0.3078,0.17467404944767495,0.3583,1.58
Fmc1,-0.3078,0.17467404944767495,0.3583,64.52
Iscu,-0.3078,0.17467404944767495,0.3583,435.36
Obscn,-0.3078,0.17467404944767495,0.3583,2.32
Gm45184,-0.3078,0.17467404944767495,0.3583,3.05
Slc48a1,-0.3078,0.17467404944767495,0.3583,166.46
Tk1,-0.3079,0.17452682243016507,0.3583,0.76
Gbp5,-0.3079,0.17452682243016507,0.3583,1.13
Sh3bp5l,-0.3091,0.17276827264194697,0.3557,82.02
Kctd2,-0.3091,0.17276827264194697,0.3557,103.57
1110002L01Rik,-0.3091,0.17276827264194697,0.3557,9.67
Mrps28,-0.3091,0.17276827264194697,0.3557,26.61
Rab3c,-0.3091,0.17276827264194697,0.3557,376.56
Nfu1,-0.3091,0.17276827264194697,0.3557,70.34
Nedd8,-0.3091,0.17276827264194697,0.3557,784.43
Adra2a,-0.3092,0.1726215332980147,0.3557,9.14
Tex14,-0.3092,0.1726215332980147,0.3557,0.46
Pdzd7,-0.3104,0.17087682060108259,0.353,1.51
Ptpn1,-0.3104,0.17087682060108259,0.353,36.8
Psmb10,-0.3104,0.17087682060108259,0.353,66.37
Rft1,-0.3104,0.17087682060108259,0.353,7.36
Snx16,-0.3104,0.17087682060108259,0.353,53.4
Gm55330,-0.3104,0.17087682060108259,0.353,2.34
Zmat2,-0.3104,0.17087682060108259,0.353,127.07
Acbd3,-0.3104,0.17087682060108259,0.353,56.03
Nrros,-0.3104,0.17087682060108259,0.353,1.27
Entpd6,-0.3104,0.17087682060108259,0.353,10.08
Riox2,-0.3104,0.17087682060108259,0.353,7.43
Bspry,-0.3105,0.17073057551539747,0.353,0.65
Gm20336,-0.3114,0.16941183336962343,0.3513,0.9
Cyp20a1,-0.3117,0.16899965782484547,0.3505,27.5
Paqr5,-0.3117,0.16899965782484547,0.3505,3.66
Ncam2,-0.3117,0.16899965782484547,0.3505,81.58
Trim25,-0.3117,0.16899965782484547,0.3505,62.03
Serp2,-0.3117,0.16899965782484547,0.3505,455.04
Mrpl57,-0.3117,0.16899965782484547,0.3505,155.24
Ppia,-0.3117,0.16899965782484547,0.3505,2386.0
Nod1,-0.3117,0.16899965782484547,0.3505,3.74
Mat2b,-0.3117,0.16899965782484547,0.3505,99.26
Apc,-0.3117,0.16899965782484547,0.3505,150.2
Gm42992,-0.3117,0.16899965782484547,0.3505,8.46
Heatr6,-0.3117,0.16899965782484547,0.3505,26.6
Ccdc73,-0.313,0.16713674816730892,0.348,1.78
Rpl9-ps6,-0.313,0.16713674816730892,0.348,10.76
Zswim9,-0.313,0.16713674816730892,0.348,12.35
Rps29,-0.313,0.16713674816730892,0.348,1464.82
Slc2a12,-0.313,0.16713674816730892,0.348,2.35
Dnajc13,-0.313,0.16713674816730892,0.348,52.41
St14,-0.3138,0.16601838523394616,0.3467,0.33
Gm31282,-0.3143,0.1652880548430547,0.3452,3.04
Arid1b,-0.3143,0.1652880548430547,0.3452,32.52
Mrps18a,-0.3143,0.1652880548430547,0.3452,159.45
Leng1,-0.3143,0.1652880548430547,0.3452,12.88
Pros1,-0.3143,0.1652880548430547,0.3452,5.29
Pttg1ip,-0.3143,0.1652880548430547,0.3452,81.2
E230025N22Rik,-0.3144,0.16514333118936064,0.3452,1.01
Selenok-ps1,-0.3144,0.16514333118936064,0.3452,0.67
Dscaml1,-0.3145,0.1649236637498197,0.3452,1.0
Fam210b,-0.3156,0.16345354043341237,0.3429,22.25
Sirt1,-0.3156,0.16345354043341237,0.3429,13.13
Avpi1,-0.3156,0.16345354043341237,0.3429,30.64
Redrum,-0.3156,0.16345354043341237,0.3429,3.63
Exd1,-0.3156,0.16345354043341237,0.3429,1.23
Asb1,-0.3156,0.16345354043341237,0.3429,93.69
Ywhae,-0.3156,0.16345354043341237,0.3429,801.63
Cox5b-ps,-0.3156,0.16345354043341237,0.3429,4.97
Ccdc121,-0.3163,0.1623834473607223,0.3418,0.66
Smkr-ps,-0.3163,0.1623834473607223,0.3418,0.99
Gm5129,-0.3165,0.1621038697261663,0.3413,0.25
Slc25a38,-0.3169,0.16163316689274107,0.3404,20.83
Abhd2,-0.3169,0.16163316689274107,0.3404,135.59
Msra,-0.3169,0.16163316689274107,0.3404,10.76
Ist1,-0.3169,0.16163316689274107,0.3404,79.25
Med21,-0.3169,0.16163316689274107,0.3404,76.34
Nin,-0.3169,0.16163316689274107,0.3404,15.52
Gm48998,-0.3169,0.16163316689274107,0.3404,2.37
Psme3ip1,-0.3169,0.16163316689274107,0.3404,33.41
Lpar6,-0.3169,0.16163316689274107,0.3404,3.47
Sft2d1,-0.3169,0.16163316689274107,0.3404,59.73
Susd2,-0.3169,0.16163316689274107,0.3404,132.32
Mgll,-0.3169,0.16163316689274107,0.3404,54.15
9530082P21Rik,-0.3169,0.16163316689274107,0.3404,4.42
Afg2a,-0.3169,0.16163316689274107,0.3404,4.88
Pak2,-0.3169,0.16163316689274107,0.3404,52.75
Adcy10,-0.3173,0.16105814648505368,0.3404,0.55
Tnnt1,-0.3182,0.15982689555474963,0.3382,2.45
Mcmdc2,-0.3182,0.15982689555474963,0.3382,1.48
Cd151,-0.3182,0.15982689555474963,0.3382,246.63
Pygl,-0.3182,0.15982689555474963,0.3382,7.08
Sema4b,-0.3182,0.15982689555474963,0.3382,18.92
Pttg1,-0.3182,0.15982689555474963,0.3382,67.16
Ube2d-ps,-0.3182,0.15982689555474963,0.3382,42.43
Xrcc4,-0.3182,0.15982689555474963,0.3382,7.58
Trpc6,-0.3183,0.15968374951790074,0.3382,7.18
Tceal7,-0.3186,0.15925400902550738,0.3382,0.6
Gm43128,-0.319,0.1587498547926579,0.3372,0.46
Trmt112-ps2,-0.319,0.1587498547926579,0.3372,0.43
Brca2,-0.3195,0.15803468713885824,0.3358,1.74
Uprt,-0.3195,0.15803468713885824,0.3358,0.73
Plin2,-0.3195,0.15803468713885824,0.3358,23.9
Gpr75,-0.3195,0.15803468713885824,0.3358,11.28
Gm525,-0.3199,0.15746395842631317,0.3357,1.25
Speer1g,-0.3203,0.15695441440020433,0.3347,1.02
Zfp11,-0.3208,0.15625650175659497,0.3332,3.8
Cebpzos,-0.3208,0.15625650175659497,0.3332,130.29
Xpnpep2,-0.3208,0.15625650175659497,0.3332,0.65
Acot13,-0.3208,0.15625650175659497,0.3332,88.75
Pxk,-0.3208,0.15625650175659497,0.3332,23.02
Nupr2,-0.3208,0.15625650175659497,0.3332,1.96
Krbox5,-0.3208,0.15625650175659497,0.3332,5.66
Zfp418,-0.3208,0.15625650175659497,0.3332,1.36
Ube2i,-0.3208,0.15625650175659497,0.3332,56.83
Zfp810,-0.3221,0.15449229891803318,0.3306,5.44
P2rx4,-0.3221,0.15449229891803318,0.3306,17.25
Atosb,-0.3221,0.15449229891803318,0.3306,36.23
Prdx3,-0.3221,0.15449229891803318,0.3306,82.21
Hykk,-0.3221,0.15449229891803318,0.3306,5.6
Tmsb15b1,-0.3221,0.15449229891803318,0.3306,16.59
Slc39a2,-0.3222,0.15435078434611885,0.3306,0.69
Gm48882,-0.3228,0.15347419054544512,0.3298,0.82
Dio2,-0.3229,0.15340604015939902,0.3297,0.64
Krt79,-0.3229,0.15340604015939902,0.3297,0.9
Nipal1,-0.3229,0.15340604015939902,0.3297,0.49
Gm34304,-0.3231,0.15307502212927393,0.3291,0.44
Atp6v0b,-0.3234,0.1527420375382629,0.3285,545.32
Crls1,-0.3234,0.1527420375382629,0.3285,34.65
Mrpl36,-0.3234,0.1527420375382629,0.3285,82.66
Med8,-0.3234,0.1527420375382629,0.3285,32.29
Rab5b,-0.3234,0.1527420375382629,0.3285,210.4
Rad9b,-0.3234,0.1527420375382629,0.3285,2.44
Zfp763,-0.3234,0.1527420375382629,0.3285,16.0
Gm4285,-0.3234,0.1527420375382629,0.3285,1.83
Ppfibp1,-0.3234,0.1527420375382629,0.3285,21.72
Mettl27,-0.3234,0.1527420375382629,0.3285,42.86
Adgrl2,-0.3234,0.1527420375382629,0.3285,26.9
Suv39h1,-0.3234,0.1527420375382629,0.3285,13.03
Toe1,-0.3234,0.1527420375382629,0.3285,6.38
Shkbp1,-0.3234,0.1527420375382629,0.3285,7.84
Brd1,-0.3234,0.1527420375382629,0.3285,29.91
Ormdl2,-0.3234,0.1527420375382629,0.3285,24.6
Gm11992,-0.3234,0.1527420375382629,0.3285,0.97
Psma2,-0.3234,0.1527420375382629,0.3285,165.74
Gm14488,-0.3234,0.1527420375382629,0.3285,0.95
Gm3667,-0.3238,0.15217792240503142,0.3285,1.08
Fcgbpl1,-0.3241,0.15173354278710763,0.3282,0.41
Sp110,-0.3241,0.15173144251238468,0.3282,0.6
Eef1akmt1,-0.3247,0.15100567594389835,0.3267,41.38
Tspan5,-0.3247,0.15100567594389835,0.3267,48.83
9530026P05Rik,-0.3247,0.15100567594389835,0.3267,1.46
Hoga1,-0.3247,0.15100567594389835,0.3267,1.18
Gm12428,-0.3255,0.14991406053416545,0.3254,0.62
Zfp131,-0.326,0.14928317187962065,0.3241,38.16
Celf5,-0.326,0.14928317187962065,0.3241,19.13
Elk3,-0.326,0.14928317187962065,0.3241,6.69
Uqcrq,-0.326,0.14928317187962065,0.3241,1044.64
Zfp647,-0.326,0.14928317187962065,0.3241,2.21
Sstr2,-0.326,0.14928317187962065,0.3241,1.42
mt-Nd3,-0.326,0.14928317187962065,0.3241,30.85
0610009E02Rik,-0.326,0.14928317187962065,0.3241,3.24
Trank1,-0.326,0.14928317187962065,0.3241,19.05
Gm3052,-0.326,0.14928317187962065,0.3241,0.82
Cdkl4,-0.3264,0.148723579055747,0.3241,1.7
Cgas,-0.3264,0.148723579055747,0.3241,0.69
Sowahc,-0.3273,0.14757448251475364,0.322,23.46
Gtf3c6,-0.3273,0.14757448251475364,0.322,38.05
Ndufa7,-0.3273,0.14757448251475364,0.322,504.6
Amn1,-0.3273,0.14757448251475364,0.322,34.41
Dicer1,-0.3273,0.14757448251475364,0.322,67.12
Kat7,-0.3273,0.14757448251475364,0.322,92.3
Apip,-0.3273,0.14757448251475364,0.322,28.3
Calm1,-0.3273,0.14757448251475364,0.322,2777.17
Ccdc82,-0.3273,0.14757448251475364,0.322,29.22
Sumo2,-0.3273,0.14757448251475364,0.322,334.3
3300002I08Rik,-0.3273,0.14757448251475364,0.322,1.75
Gm29771,-0.3281,0.14649506686504446,0.3205,0.89
Gm37913,-0.3283,0.14617993625633288,0.3199,0.99
Cyb5a,-0.3286,0.14587956444987268,0.3193,137.25
Gm49949,-0.3286,0.14587956444987268,0.3193,4.64
5730480H06Rik,-0.3286,0.14587956444987268,0.3193,21.31
Zfp948,-0.3286,0.14587956444987268,0.3193,16.91
Aurka,-0.3286,0.14587956444987268,0.3193,1.91
Bcl2l12,-0.3286,0.14587956444987268,0.3193,2.2
Socs7,-0.3286,0.14587956444987268,0.3193,54.35
Ccdc50,-0.3286,0.14587956444987268,0.3193,39.59
Mbnl2,-0.3299,0.14419837372344504,0.3167,455.63
Plpp2,-0.3299,0.14419837372344504,0.3167,46.31
Agrp,-0.3299,0.14419837372344504,0.3167,15.63
Zfp617,-0.3299,0.14419837372344504,0.3167,19.42
Timm8a1,-0.3299,0.14419837372344504,0.3167,22.37
Anp32b,-0.3299,0.14419837372344504,0.3167,71.26
Gm53040,-0.3306,0.14322510595158403,0.3158,1.2
Spag6,-0.3306,0.14322510595158403,0.3158,1.0
Akr1b7,-0.3311,0.14267474596231267,0.3148,0.57
Tmbim1,-0.3312,0.14253086581850188,0.3146,46.68
Frs2,-0.3312,0.14253086581850188,0.3146,28.5
H2-K2,-0.3312,0.14253086581850188,0.3146,5.23
Pxmp4,-0.3312,0.14253086581850188,0.3146,16.37
Nt5dc1,-0.3312,0.14253086581850188,0.3146,2.04
Gm32885,-0.3313,0.14239335411846746,0.3146,3.46
Wipi1,-0.3325,0.14087699566933978,0.3123,30.77
Svet1,-0.3325,0.14087699566933978,0.3123,3.25
Rep15,-0.3325,0.14087699566933978,0.3123,2.82
Nbdy,-0.3325,0.14087699566933978,0.3123,266.79
Nbea,-0.3325,0.14087699566933978,0.3123,37.37
Chmp5,-0.3325,0.14087699566933978,0.3123,140.03
Vps4a,-0.3325,0.14087699566933978,0.3123,78.71
Pknox1,-0.3325,0.14087699566933978,0.3123,15.84
H2ac6,-0.3325,0.14087699566933978,0.3123,1.43
Nhsl1,-0.3325,0.14087699566933978,0.3123,7.45
Wdr38,-0.3326,0.14074007692540233,0.3123,0.79
Pde4c,-0.3329,0.14032908435523866,0.3123,3.28
Myocd,-0.3333,0.13977298955395015,0.3112,0.58
Kctd13,-0.3338,0.13923671766825074,0.31,60.64
Pfkfb4,-0.3338,0.13923671766825074,0.31,11.15
Rin2,-0.3338,0.13923671766825074,0.31,6.51
Ly86,-0.3338,0.13923671766825074,0.31,1.67
Mgst2,-0.3338,0.13923671766825074,0.31,0.88
Adissp,-0.3338,0.13923671766825074,0.31,260.6
Gpr179,-0.3338,0.13923671766825074,0.31,0.88
Gm4332,-0.3338,0.13923671766825074,0.31,11.15
Usp27x,-0.3338,0.13923671766825074,0.31,6.02
Otulinl,-0.3338,0.13923671766825074,0.31,7.11
Fth1-ps,-0.3338,0.13923671766825074,0.31,1.88
Pogk,-0.3351,0.13760998567228214,0.3076,37.07
Gpr22,-0.3351,0.13760998567228214,0.3076,41.31
Zfp811,-0.3351,0.13760998567228214,0.3076,4.15
Rasa4,-0.3351,0.13760998567228214,0.3076,10.19
Ddt,-0.3351,0.13760998567228214,0.3076,110.07
Sgcb,-0.3351,0.13760998567228214,0.3076,71.48
Tma7,-0.3351,0.13760998567228214,0.3076,491.41
Gm20570,-0.3351,0.13760998567228214,0.3076,1.25
5430402O13Rik,-0.3351,0.13760998567228214,0.3076,0.49
Fndc3b,-0.3351,0.13760998567228214,0.3076,45.49
C1ql2,-0.3351,0.13760998567228214,0.3076,28.24
Isoc2b,-0.3351,0.13760998567228214,0.3076,6.24
Mtg1,-0.3351,0.13760998567228214,0.3076,14.7
5430421F17Rik,-0.336,0.13639158899504228,0.3063,0.41
Gskip,-0.3364,0.13599675301002181,0.3054,76.04
Apbb2,-0.3364,0.13599675301002181,0.3054,91.5
Jak2,-0.3364,0.13599675301002181,0.3054,14.45
Znhit1,-0.3364,0.13599675301002181,0.3054,179.09
Aqp1,-0.3364,0.13599675301002181,0.3054,25.28
Saal1,-0.3364,0.13599675301002181,0.3054,6.07
Tada1,-0.3364,0.13599675301002181,0.3054,25.42
Melk,-0.3375,0.13464401682336338,0.3037,0.55
7530414M10Rik,-0.3375,0.13464401682336338,0.3037,0.68
Cnih1,-0.3377,0.13439697248841173,0.3032,182.48
Zfp1007,-0.3377,0.13439697248841173,0.3032,2.26
Fzd4,-0.3377,0.13439697248841173,0.3032,2.27
Rab39b,-0.3377,0.13439697248841173,0.3032,41.55
Gm15564,-0.3377,0.13439697248841173,0.3032,2.41
Atl3,-0.3377,0.13439697248841173,0.3032,139.87
Skap2,-0.3377,0.13439697248841173,0.3032,19.01
Ctsz,-0.3377,0.13439697248841173,0.3032,60.06
Acsl1,-0.3377,0.13439697248841173,0.3032,73.83
Cmss1,-0.3377,0.13439697248841173,0.3032,15.13
Nfkbia,-0.3377,0.13439697248841173,0.3032,34.93
Brip1,-0.3378,0.13426247479993894,0.3032,0.54
Gm20627,-0.3381,0.13385876931200216,0.3032,0.44
Tlcd3a,-0.339,0.1328105963995839,0.3013,14.78
Klf6,-0.339,0.1328105963995839,0.3013,153.02
Denr,-0.339,0.1328105963995839,0.3013,124.49
Gm2464,-0.339,0.1328105963995839,0.3013,41.39
Dtnbp1,-0.339,0.1328105963995839,0.3013,57.47
Marchf5,-0.339,0.1328105963995839,0.3013,76.97
Bbln,-0.339,0.1328105963995839,0.3013,588.47
Igsf3,-0.339,0.1328105963995839,0.3013,57.98
Eaf2,-0.339,0.1328105963995839,0.3013,0.78
Tmem97,-0.339,0.1328105963995839,0.3013,8.81
Gm10406,-0.3394,0.13227486767821775,0.3013,0.39
Arhgap45,-0.3397,0.13188884968498535,0.3006,0.57
Pigyl,-0.3403,0.13123757652772486,0.2993,89.66
Cibar1,-0.3403,0.13123757652772486,0.2993,54.39
Lrrc75b,-0.3403,0.13123757652772486,0.2993,115.07
Cdc42se1,-0.3403,0.13123757652772486,0.2993,45.64
Cgnl1,-0.3403,0.13123757652772486,0.2993,12.8
Commd7,-0.3403,0.13123757652772486,0.2993,50.04
Ppfia2,-0.3403,0.13123757652772486,0.2993,92.2
Plk4,-0.3403,0.13123757652772486,0.2993,11.39
Wtip,-0.3403,0.13123757652772486,0.2993,16.55
Ybx3,-0.3403,0.13123757652772486,0.2993,18.72
Oprm1,-0.3403,0.13123757652772486,0.2993,10.1
Fam221b,-0.3403,0.13123757652772486,0.2993,2.48
Cox20,-0.3403,0.13123757652772486,0.2993,128.67
2310074N15Rik,-0.3403,0.13123757652772486,0.2993,3.27
2310015A10Rik,-0.3416,0.12967786415595978,0.2975,18.93
Mettl4,-0.3416,0.12967786415595978,0.2975,14.46
Cox14,-0.3416,0.12967786415595978,0.2975,307.18
Ctbp1,-0.3416,0.12967786415595978,0.2975,214.86
Clcn5,-0.3416,0.12967786415595978,0.2975,60.74
Add1,-0.3416,0.12967786415595978,0.2975,200.17
Gm28693,-0.3416,0.12967786415595978,0.2975,1.64
Rnf149,-0.3416,0.12967786415595978,0.2975,19.05
Gm26618,-0.342,0.12914713873241787,0.2975,0.6
1700123J17Rik,-0.342,0.12914713873241787,0.2975,2.96
Cyp4b1,-0.342,0.12914713873241787,0.2975,1.05
Gm50115,-0.3429,0.12813141007326184,0.2955,0.86
Gm20517,-0.3429,0.12813141007326184,0.2955,1.87
Gm44898,-0.3429,0.12813141007326184,0.2955,4.15
Gm37215,-0.3429,0.12813141007326184,0.2955,2.54
Dstn,-0.3429,0.12813141007326184,0.2955,322.7
Gm28836,-0.3429,0.12813141007326184,0.2955,1.55
Cgref1,-0.3429,0.12813141007326184,0.2955,37.09
S100a2,-0.3436,0.12723145410800343,0.2944,2.08
Tmem217b,-0.3442,0.12655389343055928,0.293,1.33
Rsu1,-0.3442,0.12659816458138165,0.293,63.56
Itpr1,-0.3442,0.12659816458138165,0.293,34.81
Timm13,-0.3442,0.12659816458138165,0.293,431.77
Mst1r,-0.3442,0.12659816458138165,0.293,1.7
Msl3,-0.3442,0.12659816458138165,0.293,22.7
Klhl8,-0.3442,0.12659816458138165,0.293,15.96
Gldn,-0.3442,0.12659816458138165,0.293,11.23
9630028I04Rik,-0.3442,0.12659816458138165,0.293,2.56
Pcdha12,-0.3442,0.12659816458138165,0.293,0.51
Phf24,-0.3442,0.12659816458138165,0.293,212.8
Ndc80,-0.3442,0.12659816458138165,0.293,1.01
Aplf,-0.3442,0.12659816458138165,0.293,4.17
Gm11423,-0.3443,0.12646679726464458,0.293,0.95
Hpse,-0.3451,0.12548543809557738,0.2918,0.9
Rpl22l1,-0.3455,0.12507807750179886,0.2909,702.42
Trip13,-0.3455,0.12507807750179886,0.2909,0.6
Tdrd5,-0.3455,0.12507807750179886,0.2909,1.04
Rap2c,-0.3455,0.12507807750179886,0.2909,29.06
Azin1,-0.3455,0.12507807750179886,0.2909,133.48
Ttc9c,-0.3455,0.12507807750179886,0.2909,28.43
Trpc4,-0.3455,0.12507807750179886,0.2909,14.07
Kif5a,-0.3455,0.12507807750179886,0.2909,592.66
Cox8a,-0.3455,0.12507807750179886,0.2909,3337.44
Tsen2,-0.3455,0.12507807750179886,0.2909,7.68
Ces5a,-0.3462,0.12419254536390735,0.29,1.19
Nkain1,-0.3462,0.12419254536390735,0.29,2.35
Gm43509,-0.3466,0.12376947273396852,0.2892,0.66
Cmtm6,-0.3468,0.12357109818269163,0.2887,22.49
H2aj,-0.3468,0.12357109818269163,0.2887,177.22
Gm44440,-0.3468,0.12357109818269163,0.2887,2.21
Dync1i2,-0.3468,0.12357109818269163,0.2887,371.3
Stat5a,-0.3468,0.12357109818269163,0.2887,5.37
Fasn,-0.3468,0.12357109818269163,0.2887,153.44
B2m,-0.3468,0.12357109818269163,0.2887,131.12
Gm37792,-0.3469,0.12344101308215207,0.2887,1.54
Il17re,-0.3472,0.12305058681953429,0.2886,0.68
Slco4c1,-0.3472,0.12305058681953429,0.2886,1.14
4930447M23Rik,-0.3475,0.1226927459745783,0.2878,0.91
Ykt6,-0.3481,0.12207717550592732,0.2865,55.99
Rpl39,-0.3481,0.12207717550592732,0.2865,988.17
Armt1,-0.3481,0.12207717550592732,0.2865,8.81
Zfp354b,-0.3481,0.12207717550592732,0.2865,2.37
Ccdc102a,-0.3485,0.1215236321825065,0.286,1.0
Gm37160,-0.3488,0.1212059814765761,0.2853,0.67
Kifc1,-0.3494,0.12059625789406855,0.2839,0.46
Deptor,-0.3494,0.12059625789406855,0.2839,48.03
Gm14296,-0.3494,0.12059625789406855,0.2839,21.31
Slc29a4,-0.3494,0.12059625789406855,0.2839,73.42
Eif1ad,-0.3494,0.12059625789406855,0.2839,61.99
Naa12,-0.3494,0.12059625789406855,0.2839,183.65
Cyren,-0.3494,0.12059625789406855,0.2839,12.77
Gchfr,-0.3494,0.12059625789406855,0.2839,8.69
Mrpl51,-0.3494,0.12059625789406855,0.2839,171.84
Gm32816,-0.3494,0.12059625789406855,0.2839,2.98
Mccc1os,-0.3494,0.12059625789406855,0.2839,1.79
Ppp2r2b,-0.3506,0.11912829331739894,0.2814,269.88
Cox6b1,-0.3506,0.11912829331739894,0.2814,1123.6
Ing1,-0.3506,0.11912829331739894,0.2814,41.39
Dok4,-0.3506,0.11912829331739894,0.2814,35.49
Bvht,-0.3506,0.11912829331739894,0.2814,25.26
Slc44a1,-0.3506,0.11912829331739894,0.2814,78.03
Ccn3,-0.3506,0.11912829331739894,0.2814,6.08
Coa4,-0.3506,0.11912829331739894,0.2814,10.35
Dcbld1,-0.3506,0.11912829331739894,0.2814,8.77
Snx12,-0.3506,0.11912829331739894,0.2814,63.71
Hyls1,-0.3506,0.11912829331739894,0.2814,1.58
Rbm3os,-0.3506,0.11912829331739894,0.2814,0.86
Hsp25-ps1,-0.3508,0.11900016150904898,0.2814,0.8
1700011L22Rik,-0.3511,0.11861561267713268,0.2814,0.97
4930597O21Rik,-0.3511,0.11857489428879266,0.2814,0.96
Pnpla3,-0.3511,0.11861561267713268,0.2814,0.76
Mllt3,-0.3519,0.11767322930096205,0.2794,70.76
4930550C14Rik,-0.3519,0.11767322930096205,0.2794,1.29
Snrnp27,-0.3519,0.11767322930096205,0.2794,117.35
Sat2,-0.3519,0.11767322930096205,0.2794,10.07
Ankrd42,-0.3519,0.11767322930096205,0.2794,5.45
Tmeff1,-0.3519,0.11767322930096205,0.2794,71.15
A730081D07Rik,-0.3519,0.11767322930096205,0.2794,1.25
Rbm46,-0.3519,0.11767322930096205,0.2794,1.67
Timm8b,-0.3519,0.11767322930096205,0.2794,367.44
Zfp119b,-0.3519,0.11767322930096205,0.2794,0.77
Wipf1,-0.3519,0.11767322930096205,0.2794,16.59
Sez6l,-0.3519,0.11767322930096205,0.2794,26.9
Gm20751,-0.3524,0.117163189394394,0.2793,0.88
Gm3500,-0.3529,0.11656085294094541,0.278,0.4
2900009J06Rik,-0.3532,0.11623101293161815,0.2772,2.98
Ctsl,-0.3532,0.11623101293161815,0.2772,163.98
Crcp,-0.3532,0.11623101293161815,0.2772,36.22
Gm9905,-0.3532,0.11623101293161815,0.2772,1.17
9430065F17Rik,-0.3532,0.11623101293161815,0.2772,4.72
Vbp1,-0.3532,0.11623101293161815,0.2772,105.94
Pced1b,-0.3532,0.11623101293161815,0.2772,8.65
Aff3,-0.3532,0.11623101293161815,0.2772,56.06
Gm29083,-0.3532,0.11623101293161815,0.2772,0.68
Arhgap23,-0.3532,0.11623101293161815,0.2772,40.43
Adam32,-0.3534,0.11610420224826047,0.2772,0.48
Gm43508,-0.3537,0.11572362840499432,0.277,2.62
Gm43123,-0.3544,0.11496184760021934,0.2753,0.97
Nkapl,-0.3545,0.11480159086511355,0.275,1.68
B3gnt2,-0.3545,0.11480159086511355,0.275,14.11
Lmod1,-0.3545,0.11480159086511355,0.275,4.53
Eloc,-0.3545,0.11480159086511355,0.275,264.97
Rad18,-0.3545,0.11480159086511355,0.275,7.09
Bin3,-0.3545,0.11480159086511355,0.275,8.73
St6galnac3,-0.3545,0.11480159086511355,0.275,5.22
Gm35315,-0.355,0.11429687600496805,0.2748,0.61
Ift122,-0.3558,0.11338490933316327,0.2727,38.53
Ebf1,-0.3558,0.11338490933316327,0.2727,833.35
B3glct,-0.3558,0.11338490933316327,0.2727,70.65
Csrp1,-0.3558,0.11338490933316327,0.2727,163.78
Ifit1bl2,-0.3558,0.11338490933316327,0.2727,2.31
Spef1,-0.3558,0.11338490933316327,0.2727,7.56
Insm2,-0.3558,0.11338490933316327,0.2727,10.21
Ccng1,-0.3558,0.11338490933316327,0.2727,47.02
Chp1,-0.3558,0.11338490933316327,0.2727,253.69
F630040K05Rik,-0.357,0.1121291850513703,0.2709,0.56
Gpatch11,-0.3571,0.11198091415054644,0.2707,40.62
Timm17a,-0.3571,0.11198091415054644,0.2707,175.19
Gm14634,-0.3571,0.11198091415054644,0.2707,1.61
Trappc5,-0.3571,0.11198091415054644,0.2707,35.94
Lag3,-0.3571,0.11198091415054644,0.2707,3.04
Mnt,-0.3571,0.11198091415054644,0.2707,33.28
Slc19a3,-0.3571,0.11198091415054644,0.2707,1.25
Eid2b,-0.3571,0.11198091415054644,0.2707,16.44
Pstpip1,-0.3571,0.11198091415054644,0.2707,18.01
Coa5,-0.3571,0.11198091415054644,0.2707,111.78
Borcs7,-0.3571,0.11198091415054644,0.2707,99.05
Gm10123,-0.3571,0.11198091415054644,0.2707,1.49
Steap2,-0.3571,0.11198091415054644,0.2707,7.43
Stat5b,-0.3571,0.11198091415054644,0.2707,42.69
Rbmx2,-0.3571,0.11198091415054644,0.2707,15.6
Iqsec2,-0.3571,0.11198091415054644,0.2707,76.71
Mkrn3,-0.3571,0.11198091415054644,0.2707,1.99
9530018F02Rik,-0.3571,0.11198091415054644,0.2707,0.83
Gm35147,-0.3573,0.11182982745590375,0.2707,0.37
Gm3219,-0.3576,0.11148158004571967,0.2707,1.25
B230311B06Rik,-0.3577,0.11142898674527299,0.2707,1.37
Sst,-0.3579,0.1111591921740151,0.2704,8.43
Alox8,-0.3582,0.11087133830545984,0.2697,0.54
Rbfox2,-0.3584,0.11058955072221302,0.2691,345.05
Trp53i13,-0.3584,0.11058955072221302,0.2691,16.61
D8Ertd738e,-0.3584,0.11058955072221302,0.2691,475.31
Gm12843,-0.3584,0.11058955072221302,0.2691,1.94
Kcnab1,-0.3584,0.11058955072221302,0.2691,188.83
F8a,-0.3584,0.11058955072221302,0.2691,37.57
Mei4,-0.3584,0.11058955072221302,0.2691,1.24
Gm42608,-0.3589,0.11009292698856304,0.2687,0.76
Gm30003,-0.3596,0.1093474027362644,0.267,0.68
Mir703,-0.3597,0.10921076405040114,0.2667,6.17
Ypel1,-0.3597,0.10921076405040114,0.2667,6.31
Gm4045,-0.3597,0.10921076405040114,0.2667,7.76
Ube2r2,-0.3597,0.10921076405040114,0.2667,112.11
Fam111a,-0.3597,0.10921076405040114,0.2667,4.72
Mfsd13a,-0.3597,0.10921076405040114,0.2667,29.7
Wipf3,-0.3597,0.10921076405040114,0.2667,51.35
Reep4,-0.3597,0.10921076405040114,0.2667,5.4
Inafm2,-0.3597,0.10921076405040114,0.2667,23.94
Draxin,-0.3597,0.10921076405040114,0.2667,2.95
Kifap3,-0.3597,0.10921076405040114,0.2667,382.89
Ptpro,-0.3597,0.10921076405040114,0.2667,63.3
Wdr1,-0.3597,0.10921076405040114,0.2667,161.72
H3c6,-0.3597,0.10921076405040114,0.2667,2.55
Ms4a7,-0.3599,0.10909475952221905,0.2667,0.35
Wdr27,-0.361,0.10784449874176319,0.2647,8.5
Rpf2,-0.361,0.10784449874176319,0.2647,13.96
Gm26901,-0.361,0.10784449874176319,0.2647,1.64
Crk,-0.361,0.10784449874176319,0.2647,104.78
Cfl1,-0.361,0.10784449874176319,0.2647,707.81
Pola2,-0.361,0.10784449874176319,0.2647,8.74
Cpa2,-0.361,0.10784449874176319,0.2647,1.09
Gm44950,-0.361,0.10784449874176319,0.2647,6.68
Vsig10l,-0.361,0.10784449874176319,0.2647,5.52
Cdk17,-0.361,0.10784449874176319,0.2647,55.97
Gm1976,-0.361,0.10784449874176319,0.2647,22.57
Prkn,-0.361,0.10784449874176319,0.2647,11.69
Sqstm1,-0.361,0.10784449874176319,0.2647,252.11
Gm43794,-0.361,0.10784449874176319,0.2647,1.34
Rsph10b,-0.3612,0.10772173440635029,0.2647,0.85
Gm44441,-0.3615,0.10735333394673266,0.2647,1.1
Gm12758,-0.3616,0.10729418836215451,0.2647,0.66
Zfp128,-0.3623,0.10649069901450199,0.2629,2.03
Sqle,-0.3623,0.10649069901450199,0.2629,162.29
Polr2k,-0.3623,0.10649069901450199,0.2629,155.18
BC030343,-0.3623,0.10649069901450199,0.2629,1.39
Fam89b,-0.3623,0.10649069901450199,0.2629,1.56
C1galt1,-0.3623,0.10649069901450199,0.2629,25.1
Rgs3,-0.3623,0.10649069901450199,0.2629,138.86
Cela1,-0.3623,0.10649069901450199,0.2629,10.55
Popdc2,-0.3623,0.10649069901450199,0.2629,1.07
Cacng3,-0.3628,0.10600228207217209,0.2627,3.7
Slc30a7,-0.3636,0.10514930870551215,0.2606,13.43
Impa1,-0.3636,0.10514930870551215,0.2606,64.03
Surf4,-0.3636,0.10514930870551215,0.2606,95.01
Zbed3,-0.3636,0.10514930870551215,0.2606,9.46
Htr5a,-0.3636,0.10514930870551215,0.2606,3.73
Antxr2,-0.3636,0.10514930870551215,0.2606,26.11
Stxbp2,-0.3636,0.10514930870551215,0.2606,9.44
Cenps,-0.3636,0.10514930870551215,0.2606,10.71
Cox6b2,-0.3636,0.10514930870551215,0.2606,3.06
Rab1b,-0.3636,0.10514930870551215,0.2606,126.79
Gm45441,-0.3638,0.10502791842699541,0.2606,0.76
Map4k1,-0.3644,0.10436220448197006,0.2598,0.87
Gm13522,-0.3649,0.1038202712775312,0.2585,1.77
Mcm8,-0.3649,0.1038202712775312,0.2585,2.46
Pus7l,-0.3649,0.1038202712775312,0.2585,1.72
Crmp1,-0.3649,0.1038202712775312,0.2585,115.01
Nedd4l,-0.3649,0.1038202712775312,0.2585,79.61
Ube2ql1,-0.3649,0.1038202712775312,0.2585,80.05
Itpka,-0.3649,0.1038202712775312,0.2585,2.55
Rpap2,-0.3649,0.1038202712775312,0.2585,13.8
Gm9616,-0.3649,0.1038202712775312,0.2585,12.82
Incenp,-0.3649,0.1038202712775312,0.2585,4.47
Gm43062,-0.3649,0.1038202712775312,0.2585,2.01
Gm16099,-0.3649,0.1038202712775312,0.2585,5.59
Carlr,-0.3654,0.10333738502503499,0.2585,0.8
Ankrd12,-0.3662,0.10250352982629483,0.2565,92.13
Nrg3,-0.3662,0.10250352982629483,0.2565,23.38
Extl3,-0.3662,0.10250352982629483,0.2565,81.9
Bid,-0.3662,0.10250352982629483,0.2565,16.67
Ankfy1,-0.3662,0.10250352982629483,0.2565,53.49
Mrps36,-0.3662,0.10250352982629483,0.2565,141.24
Nop16,-0.3662,0.10250352982629483,0.2565,19.35
Mcub,-0.3662,0.10250352982629483,0.2565,64.33
Btf3,-0.3662,0.10250352982629483,0.2565,292.45
Ccdc28b,-0.3662,0.10250352982629483,0.2565,25.35
Agk,-0.3662,0.10250352982629483,0.2565,20.13
Steep1,-0.3662,0.10250352982629483,0.2565,39.63
Phaf1,-0.3675,0.10119902708769576,0.2546,19.27
Zfp954,-0.3675,0.10119902708769576,0.2546,8.1
Thbd,-0.3675,0.10119902708769576,0.2546,10.73
Rp9,-0.3675,0.10119902708769576,0.2546,150.79
Pbld2,-0.3675,0.10119902708769576,0.2546,1.8
Fhod3,-0.3675,0.10119902708769576,0.2546,85.03
Fam219b,-0.3675,0.10119902708769576,0.2546,44.18
Tifa,-0.3688,0.09990670544494931,0.2524,18.82
Ehbp1,-0.3688,0.09990670544494931,0.2524,30.69
Mt3,-0.3688,0.09990670544494931,0.2524,1901.19
Rhog,-0.3688,0.09990670544494931,0.2524,21.85
Mapk14,-0.3688,0.09990670544494931,0.2524,53.24
Hinfp,-0.3688,0.09990670544494931,0.2524,6.91
Dcaf6,-0.3688,0.09990670544494931,0.2524,28.0
Ptms,-0.3688,0.09990670544494931,0.2524,676.15
Ccnyl1,-0.3688,0.09990670544494931,0.2524,7.96
Smim40,-0.3701,0.09862650693576146,0.2504,1.05
Ppp1r14a,-0.3701,0.09862650693576146,0.2504,3.38
Neo1,-0.3701,0.09862650693576146,0.2504,55.31
Ttpal,-0.3701,0.09862650693576146,0.2504,32.27
Bend4,-0.3701,0.09862650693576146,0.2504,9.62
Zfyve1,-0.3701,0.09862650693576146,0.2504,9.86
Galnt5,-0.3701,0.09862650693576146,0.2504,6.99
4933439K11Rik,-0.3706,0.09815481206347801,0.2504,3.02
Gm42443,-0.3714,0.09735837325949603,0.2488,2.23
Abce1,-0.3714,0.09735837325949603,0.2488,45.43
Klf3,-0.3714,0.09735837325949603,0.2488,14.7
Gramd2a,-0.3714,0.09735837325949603,0.2488,5.06
Gripap1,-0.3714,0.09735837325949603,0.2488,51.71
Auts2,-0.3714,0.09735837325949603,0.2488,74.04
Wfdc3,-0.3714,0.09735837325949603,0.2488,9.68
Zfp973,-0.3714,0.09735837325949603,0.2488,1.67
Gm5491,-0.3715,0.09724117102706277,0.2488,0.82
5830448L01Rik,-0.3727,0.09610224578434735,0.2472,4.42
Or8b53,-0.3727,0.09610224578434735,0.2472,12.94
9330160F10Rik,-0.3727,0.09610224578434735,0.2472,4.47
Rtf2,-0.3727,0.09610224578434735,0.2472,62.02
Gins3,-0.3727,0.09610224578434735,0.2472,3.94
Prkar2b,-0.3727,0.09610224578434735,0.2472,71.48
Cr2,-0.3731,0.09576329146610392,0.2472,0.57
Gm12319,-0.3739,0.09501240375144694,0.2456,0.51
Zfp972,-0.374,0.09485806555451042,0.2452,0.67
Phf13,-0.374,0.09485806555451042,0.2452,15.54
Glrx2,-0.374,0.09485806555451042,0.2452,110.6
Praf2,-0.374,0.09485806555451042,0.2452,111.99
H3c4,-0.374,0.09485806555451042,0.2452,0.93
Cmc2,-0.374,0.09485806555451042,0.2452,55.81
Nsdhl,-0.374,0.09485806555451042,0.2452,62.93
Gm48529,-0.374,0.09485806555451042,0.2452,1.0
Ndfip1,-0.374,0.09485806555451042,0.2452,961.27
Cdkn3,-0.374,0.09485806555451042,0.2452,4.66
Gm20712,-0.374,0.09485806555451042,0.2452,11.64
F2r,-0.374,0.09485806555451042,0.2452,364.22
Stpg1,-0.374,0.09485806555451042,0.2452,5.06
Il6,-0.3741,0.09474227894714184,0.2452,1.61
Kcnj2,-0.3745,0.09439486685259418,0.2452,4.65
Alpk2,-0.3745,0.09439486685259418,0.2452,0.68
Car10,-0.3753,0.09362577329735101,0.2438,91.54
Arpc1a,-0.3753,0.09362577329735101,0.2438,568.22
Srebf2,-0.3753,0.09362577329735101,0.2438,195.87
Gm14403,-0.3753,0.09362577329735101,0.2438,4.4
Itsn2,-0.3753,0.09362577329735101,0.2438,49.69
Nfe2l2,-0.3753,0.09362577329735101,0.2438,22.76
Gucy2g,-0.3765,0.09247467293814346,0.2418,1.05
Ctla2a,-0.3766,0.09240530943057487,0.2416,5.24
Saysd1,-0.3766,0.09240530943057487,0.2416,17.81
Cyb5r4,-0.3766,0.09240530943057487,0.2416,44.44
Epsti1,-0.3766,0.09240530943057487,0.2416,0.94
Mrpl20,-0.3766,0.09240530943057487,0.2416,182.54
Mpg,-0.3766,0.09240530943057487,0.2416,10.26
Mob3a,-0.3766,0.09240530943057487,0.2416,17.47
Casp1,-0.377,0.09201963553029946,0.2416,0.56
Gm37509,-0.3778,0.09132285275080622,0.2405,0.49
Gng13,-0.3779,0.09119661406939472,0.2402,10.89
Ccdc138,-0.3779,0.09119661406939472,0.2402,5.56
Tubb2a,-0.3779,0.09119661406939472,0.2402,296.85
Tbc1d9,-0.3779,0.09119661406939472,0.2402,111.41
Parp3,-0.3779,0.09119661406939472,0.2402,8.05
Fam149a,-0.3779,0.09119661406939472,0.2402,32.91
Gm16083,-0.3779,0.09119661406939472,0.2402,2.12
Tmem116,-0.378,0.09108296688206147,0.2402,0.95
Fancb,-0.378,0.09108296688206147,0.2402,1.04
Hnrnpab,-0.3792,0.08999962703369178,0.238,120.58
5730507C01Rik,-0.3792,0.08999962703369178,0.238,0.58
Pms1,-0.3792,0.08999962703369178,0.238,1.62
Ccnb1,-0.3792,0.08999962703369178,0.238,1.43
Msmo1,-0.3792,0.08999962703369178,0.238,312.92
Gm15688,-0.3792,0.08999962703369178,0.238,2.52
Myo1h,-0.3797,0.08954787544985661,0.2376,0.45
Lyrm2,-0.3805,0.08881428785517563,0.2358,54.36
Enah,-0.3805,0.08881428785517563,0.2358,437.81
Mycbpap,-0.3805,0.08881428785517563,0.2358,1.78
4930522L14Rik,-0.3805,0.08881428785517563,0.2358,2.9
Pinx1,-0.3805,0.08881428785517563,0.2358,6.02
Akap9,-0.3805,0.08881428785517563,0.2358,64.64
Krt25,-0.381,0.08836541697094037,0.2356,0.75
Col10a1,-0.381,0.08839897121298311,0.2356,0.54
Gm15477,-0.381,0.08836541697094037,0.2356,0.74
Acap3,-0.3818,0.08764053578453823,0.2338,54.08
Icam2,-0.3818,0.08764053578453823,0.2338,2.79
Ywhah,-0.3818,0.08764053578453823,0.2338,3239.3
Add2,-0.3818,0.08764053578453823,0.2338,186.23
Gm9887,-0.3818,0.08764053578453823,0.2338,2.02
Togaram2,-0.3818,0.08764053578453823,0.2338,1.69
Nppb,-0.3821,0.08738075916921835,0.2338,0.53
Gm13373,-0.3824,0.0871072881960835,0.2338,0.51
Abcc12,-0.3824,0.0871072881960835,0.2338,0.83
Elavl4,-0.3831,0.0864783097986004,0.2322,508.8
Gm45844,-0.3831,0.0864783097986004,0.2322,3.07
Cops9,-0.3831,0.0864783097986004,0.2322,605.48
Isg20,-0.3831,0.0864783097986004,0.2322,2.2
Stard10,-0.3831,0.0864783097986004,0.2322,77.76
Chmp3,-0.3831,0.0864783097986004,0.2322,239.8
Lcorl,-0.3831,0.0864783097986004,0.2322,12.84
Pcgf2,-0.3831,0.0864783097986004,0.2322,27.57
Serp1,-0.3831,0.0864783097986004,0.2322,37.91
Gm45509,-0.3832,0.08636754137953224,0.2322,3.19
1810034E14Rik,-0.3843,0.08541014832537748,0.2308,0.46
Cerox1,-0.3844,0.08532754860745444,0.2307,8.4
Rsph1,-0.3844,0.08532754860745444,0.2307,5.03
Numbl,-0.3844,0.08532754860745444,0.2307,77.08
Stambp,-0.3844,0.08532754860745444,0.2307,44.78
Stmn2,-0.3844,0.08532754860745444,0.2307,2384.6
Elob,-0.3857,0.08418819066159455,0.2283,994.29
Fchsd1,-0.3857,0.08418819066159455,0.2283,18.01
Cyp1b1,-0.3857,0.08418819066159455,0.2283,97.59
Tmem179b,-0.3857,0.08418819066159455,0.2283,19.9
9530056E24Rik,-0.3857,0.08418819066159455,0.2283,13.68
Vat1,-0.3857,0.08418819066159455,0.2283,553.0
Apol9a,-0.3863,0.08365957478646992,0.2278,0.56
Kcp,-0.3869,0.08312640846731613,0.2264,0.61
Pik3cd,-0.387,0.08306017415904392,0.2263,55.2
Tmem205,-0.387,0.08306017415904392,0.2263,59.36
Cd164l2,-0.387,0.08306017415904392,0.2263,5.75
A330102I10Rik,-0.387,0.08306017415904392,0.2263,16.41
Tmem204,-0.387,0.08309496455384434,0.2264,0.77
Dctn2,-0.387,0.08306017415904392,0.2263,216.62
Dapk1,-0.3883,0.08194343705246764,0.2244,64.48
Zdhhc2,-0.3883,0.08194343705246764,0.2244,341.83
Nipal3,-0.3883,0.08194343705246764,0.2244,152.36
Chst7,-0.3883,0.08194343705246764,0.2244,15.83
4732471J01Rik,-0.3883,0.08194343705246764,0.2244,4.18
D930007J09Rik,-0.3884,0.08183557234886972,0.2244,0.78
Plk3,-0.3896,0.08083791705627742,0.2222,9.26
Astn2,-0.3896,0.08083791705627742,0.2222,93.97
Gnb4,-0.3896,0.08083791705627742,0.2222,63.76
Gm16754,-0.3896,0.08083791705627742,0.2222,1.76
Samhd1,-0.3896,0.08083791705627742,0.2222,29.23
Stxbp6,-0.3896,0.08083791705627742,0.2222,2.79
A930012O16Rik,-0.3896,0.08083791705627742,0.2222,0.66
Gm13375,-0.3896,0.08083791705627742,0.2222,1.67
Gng3,-0.3896,0.08083791705627742,0.2222,1189.03
Bbx,-0.3896,0.08083791705627742,0.2222,55.97
Gm12576,-0.3897,0.08073078154739431,0.2222,1.05
Glt28d2,-0.3901,0.080409384682314,0.2221,1.3
Slc39a6,-0.3909,0.07974355165372467,0.2203,144.19
1110018N20Rik,-0.3909,0.07974355165372467,0.2203,9.23
Cyb561d1,-0.3909,0.07974355165372467,0.2203,15.03
Ctc1,-0.3909,0.07974355165372467,0.2203,11.56
Nos3,-0.3909,0.07974355165372467,0.2203,8.41
Fahd1,-0.3922,0.07866027810398214,0.2185,13.83
Hes1,-0.3922,0.07866027810398214,0.2185,33.07
Lztr1,-0.3922,0.07866027810398214,0.2185,96.32
Utp23,-0.3922,0.07866027810398214,0.2185,5.81
Hsd17b7,-0.3922,0.07866027810398214,0.2185,95.86
Psmg3,-0.3922,0.07866027810398214,0.2185,24.51
Lgals8,-0.3922,0.07866027810398214,0.2185,103.35
Rprml,-0.3922,0.07866027810398214,0.2185,28.62
Tnfrsf10b,-0.3927,0.07823760242693835,0.2183,0.53
Cd109,-0.3935,0.07758803344921017,0.2166,7.7
Fam43b,-0.3935,0.07758803344921017,0.2166,22.24
Sod2,-0.3935,0.07758803344921017,0.2166,155.45
Casp6,-0.3935,0.07758803344921017,0.2166,2.33
Itm2a,-0.3935,0.07758803344921017,0.2166,126.9
Gm14419,-0.3935,0.07758803344921017,0.2166,7.03
Zfp382,-0.3935,0.07758803344921017,0.2166,1.56
Xpot,-0.3935,0.07758803344921017,0.2166,46.99
Tep1,-0.3935,0.07758803344921017,0.2166,11.17
Gm49785,-0.3935,0.07758803344921017,0.2166,2.47
Zscan18,-0.3948,0.07652675452161194,0.2147,9.51
Aph1c,-0.3948,0.07652675452161194,0.2147,5.68
Swi5,-0.3948,0.07652675452161194,0.2147,400.34
Fbxl2,-0.3948,0.07652675452161194,0.2147,43.29
B930036N10Rik,-0.3948,0.07652675452161194,0.2147,3.13
Isl2,-0.3948,0.07652675452161194,0.2147,93.17
3110045C21Rik,-0.3948,0.07652675452161194,0.2147,2.04
Gm15551,-0.3949,0.0764225463630272,0.2147,1.79
Gm43517,-0.3954,0.07602133851828902,0.2143,0.5
Gm12346,-0.3961,0.07547637795047235,0.2129,2.53
Teddm2,-0.3961,0.07547637795047235,0.2129,1.72
Ntrk1,-0.3961,0.07547637795047235,0.2129,60.99
Gm15050,-0.3961,0.07547637795047235,0.2129,2.84
Itpripl1,-0.3961,0.07547637795047235,0.2129,4.2
Ak3,-0.3961,0.07547637795047235,0.2129,51.31
Cep20,-0.3961,0.07547637795047235,0.2129,96.48
Gm41611,-0.3961,0.07549006085069708,0.2129,0.93
Rgs20,-0.3961,0.07547637795047235,0.2129,4.46
Polr3g,-0.3961,0.07547637795047235,0.2129,20.89
Apaf1,-0.3961,0.07547637795047235,0.2129,5.11
Cenpm,-0.3961,0.07547637795047235,0.2129,4.75
Ndufv3,-0.3974,0.0744368401691811,0.2111,576.76
Zmym3,-0.3974,0.0744368401691811,0.2111,57.16
Arl16,-0.3974,0.0744368401691811,0.2111,35.18
Sugct,-0.3974,0.0744368401691811,0.2111,6.63
Magohb,-0.3974,0.0744368401691811,0.2111,14.09
Efcab15,-0.3974,0.0744368401691811,0.2111,53.63
Sting1,-0.3975,0.07433410088136647,0.2111,1.23
Cenpe,-0.3982,0.0738187442695349,0.2103,0.58
Sema5a,-0.3987,0.07340807742224027,0.2092,127.33
Plekha6,-0.3987,0.07340807742224027,0.2092,118.27
Ccser1,-0.3987,0.07340807742224027,0.2092,8.29
Cracr2b,-0.3987,0.07340807742224027,0.2092,1.87
Smc4,-0.3987,0.07340807742224027,0.2092,10.61
Frmd4b,-0.3987,0.07340807742224027,0.2092,24.36
Klc3,-0.3987,0.07340807742224027,0.2092,3.32
Wars2,-0.3987,0.07340807742224027,0.2092,4.03
Ccl2,-0.3987,0.07340807742224027,0.2092,7.1
Thra,-0.3987,0.07340807742224027,0.2092,416.47
Pnoc,-0.3998,0.0725570833075019,0.208,0.91
Rpsa-ps10,-0.4,0.07239002577225485,0.2076,1.84
Runx2os1,-0.4,0.07239002577225485,0.2076,1.0
Mfsd4b1,-0.4,0.07239002577225485,0.2076,0.97
Gm19461,-0.4,0.07239002577225485,0.2076,4.62
Qdpr,-0.4,0.07239002577225485,0.2076,158.31
Erich6,-0.4,0.07239002577225485,0.2076,1.88
Plp2,-0.4013,0.07138262110690316,0.2057,43.35
Zfp994,-0.4013,0.07138262110690316,0.2057,6.26
Lyst,-0.4013,0.07138262110690316,0.2057,26.62
Slc38a9,-0.4013,0.07138262110690316,0.2057,35.98
Syt16,-0.4013,0.07138262110690316,0.2057,24.46
Cib4,-0.4013,0.07135882101685263,0.2057,0.63
Gm42067,-0.4013,0.07138262110690316,0.2057,17.09
Fhit,-0.4013,0.07138262110690316,0.2057,7.07
Gm47583,-0.4013,0.07138262110690316,0.2057,10.53
Kntc1,-0.4013,0.07138262110690316,0.2057,2.62
Ssna1,-0.4013,0.07138262110690316,0.2057,97.94
Gm35021,-0.4013,0.07138262110690316,0.2057,7.34
H2-T23,-0.4013,0.07138262110690316,0.2057,7.63
AV039307,-0.4026,0.07038579914589073,0.2039,1.41
Pgpep1,-0.4026,0.07038579914589073,0.2039,20.92
1700086P04Rik,-0.4026,0.07038579914589073,0.2039,0.9
Mphosph8,-0.4026,0.07038579914589073,0.2039,108.91
B4galt1,-0.4026,0.07038579914589073,0.2039,27.22
Ugdh,-0.4026,0.07038579914589073,0.2039,47.2
K230015D01Rik,-0.4026,0.07038579914589073,0.2039,3.36
Rwdd1,-0.4026,0.07038579914589073,0.2039,142.06
Bnip2,-0.4026,0.07038579914589073,0.2039,19.24
Ap2s1,-0.4026,0.07038579914589073,0.2039,261.96
2410004P03Rik,-0.4035,0.0696928805503416,0.2032,0.46
Tmem234,-0.4039,0.06939949544788349,0.2023,214.87
Nlrc5,-0.4039,0.06939949544788349,0.2023,1.22
Cflar,-0.4039,0.06939949544788349,0.2023,48.58
Dgkz,-0.4039,0.06939949544788349,0.2023,237.87
Golm1,-0.4039,0.06939949544788349,0.2023,7.05
Zfp995,-0.4039,0.06939949544788349,0.2023,4.94
Abcd2,-0.4039,0.06939949544788349,0.2023,16.38
Xlr3a,-0.4039,0.06939949544788349,0.2023,0.89
Tbc1d22a,-0.4039,0.06939949544788349,0.2023,23.26
Dpp3,-0.4039,0.06939949544788349,0.2023,44.76
Nxn,-0.4039,0.06939949544788349,0.2023,47.76
Higd2a,-0.4039,0.06939949544788349,0.2023,306.76
Lbhd1,-0.4052,0.0684236454174195,0.2007,2.4
Il4ra,-0.4052,0.0684236454174195,0.2007,12.62
Gm29773,-0.4052,0.0684236454174195,0.2007,4.3
Phf10,-0.4052,0.0684236454174195,0.2007,21.71
Pias3,-0.4052,0.0684236454174195,0.2007,15.61
Mfn2,-0.4052,0.0684236454174195,0.2007,177.59
Tnfsf13b,-0.4052,0.0684236454174195,0.2007,2.76
Nmi,-0.4052,0.0684236454174195,0.2007,8.4
Klf10,-0.4052,0.0684236454174195,0.2007,27.26
Arl6ip5,-0.4052,0.0684236454174195,0.2007,255.19
Gm31816,-0.4052,0.0684236454174195,0.2007,5.83
Capn11,-0.4053,0.06832532579509944,0.2007,1.92
Etv1,-0.4065,0.06745818431180049,0.1991,449.46
Ube2k,-0.4065,0.06745818431180049,0.1991,124.1
Maco1,-0.4065,0.06745818431180049,0.1991,97.1
Rimoc1,-0.4065,0.06745818431180049,0.1991,81.36
Mif,-0.4065,0.06745818431180049,0.1991,313.5
Prmt2,-0.4065,0.06745818431180049,0.1991,143.95
Capn9,-0.4078,0.06650304724796141,0.1973,1.23
Klhl2,-0.4078,0.06650304724796141,0.1973,43.42
Hint1,-0.4078,0.06650304724796141,0.1973,1480.61
Nhs,-0.4078,0.06650304724796141,0.1973,40.96
1700123M08Rik,-0.4078,0.06650304724796141,0.1973,3.75
Sugt1,-0.4078,0.06650304724796141,0.1973,105.84
Ubac1,-0.4078,0.06650304724796141,0.1973,75.13
Gm47882,-0.4079,0.06640620309531325,0.1973,0.58
Il17ra,-0.4079,0.06640620309531325,0.1973,2.78
Gm45652,-0.4086,0.06593285467207677,0.1966,1.48
Lipo3,-0.4091,0.06555816920931516,0.1955,17.77
Dgkeos,-0.4091,0.06555816920931516,0.1955,0.87
Cds2,-0.4091,0.06555816920931516,0.1955,393.99
Kcnj12,-0.4091,0.06555816920931516,0.1955,11.85
Tmod1,-0.4091,0.06555816920931516,0.1955,122.29
Spats2l,-0.4091,0.06555816920931516,0.1955,54.59
Gm43031,-0.4096,0.06517382278190759,0.1951,0.45
Gm29100,-0.4098,0.06504919417163794,0.1948,0.35
Ppp1ca,-0.4104,0.06462348505257622,0.1936,185.81
Nat2,-0.4104,0.06462348505257622,0.1936,1.38
Gm17276,-0.4104,0.06462348505257622,0.1936,1.18
Smpd5,-0.4104,0.06462348505257622,0.1936,3.78
Faap20,-0.4104,0.06462348505257622,0.1936,129.93
Slc15a4,-0.4104,0.06462348505257622,0.1936,24.13
Ipp,-0.4104,0.06462348505257622,0.1936,1.32
Gm10244,-0.4104,0.06462348505257622,0.1936,3.15
Mtrfr,-0.4104,0.06462348505257622,0.1936,12.19
Usp12,-0.4117,0.06369892951455675,0.1917,52.21
Mtch2,-0.4117,0.06369892951455675,0.1917,135.4
Susd5,-0.4117,0.06369892951455675,0.1917,10.86
Abhd5,-0.4117,0.06369892951455675,0.1917,14.86
Gm30938,-0.4117,0.06369892951455675,0.1917,1.51
Nsun3,-0.4117,0.06369892951455675,0.1917,11.43
Lxn,-0.4117,0.06369892951455675,0.1917,109.08
Gm11496,-0.4118,0.06363863487543843,0.1917,0.65
Spa17,-0.413,0.06278443721893978,0.1901,10.47
Lamtor1,-0.413,0.06278443721893978,0.1901,180.54
Cystm1,-0.413,0.06278443721893978,0.1901,412.58
Aqp11,-0.413,0.06278443721893978,0.1901,8.6
Ilk,-0.413,0.06278443721893978,0.1901,65.71
Fam174a,-0.413,0.06278443721893978,0.1901,302.06
Gbp2,-0.413,0.06278443721893978,0.1901,4.12
Iqgap2,-0.413,0.06278443721893978,0.1901,3.61
Sh3pxd2a,-0.413,0.06278443721893978,0.1901,73.46
Cdh24,-0.413,0.06278443721893978,0.1901,3.84
Gm30984,-0.4135,0.062408954635550885,0.19,0.65
Zbtb10,-0.4143,0.061879942683025164,0.1886,25.58
Chrnb4,-0.4143,0.061879942683025164,0.1886,73.71
Ydjc,-0.4143,0.061879942683025164,0.1886,31.84
Gm9899,-0.4143,0.061879942683025164,0.1886,4.04
Pafah2,-0.4143,0.061879942683025164,0.1886,13.08
Kcnmb1,-0.4143,0.061879942683025164,0.1886,1.63
Pcyt2,-0.4143,0.061879942683025164,0.1886,88.36
Rfc5,-0.4143,0.061879942683025164,0.1886,2.98
Garem1,-0.4143,0.061879942683025164,0.1886,12.52
Naga,-0.4143,0.061879942683025164,0.1886,11.07
Ecel1,-0.4144,0.06180917170405767,0.1886,16.71
Tnfrsf9,-0.4148,0.06150741279120096,0.1884,0.47
Plin5,-0.4148,0.06150741279120096,0.1884,0.62
Mpc1-ps,-0.4156,0.06098538032444869,0.1869,19.81
Zfp442,-0.4156,0.06098538032444869,0.1869,2.99
Gm18025,-0.4156,0.06098538032444869,0.1869,0.66
Elavl3,-0.4156,0.06098538032444869,0.1869,239.69
A530083M17Rik,-0.4156,0.06098538032444869,0.1869,1.54
D030028A08Rik,-0.4156,0.06098538032444869,0.1869,1.29
Kctd18,-0.4156,0.06098538032444869,0.1869,13.84
Ssc5d,-0.4156,0.06098538032444869,0.1869,2.8
Syt7,-0.4156,0.06098538032444869,0.1869,34.43
Spred2,-0.4156,0.06098538032444869,0.1869,82.68
Plekhm3,-0.4156,0.06098538032444869,0.1869,170.1
Pik3cb,-0.4156,0.06098538032444869,0.1869,18.36
Opcml,-0.4169,0.06010068446787327,0.1853,15.46
Plpp5,-0.4169,0.06010068446787327,0.1853,18.69
Gm42851,-0.4169,0.06010068446787327,0.1853,2.18
Gm35721,-0.4169,0.06010068446787327,0.1853,0.95
Poglut3,-0.4169,0.06010068446787327,0.1853,9.09
Ap3s1,-0.4169,0.06010068446787327,0.1853,318.29
Psmb5,-0.4169,0.06010068446787327,0.1853,134.09
Gm37911,-0.4174,0.05973405529611324,0.1852,0.82
Eif5a,-0.4182,0.05922578935165219,0.1837,456.15
Evi5,-0.4182,0.05922578935165219,0.1837,141.09
Triap1,-0.4182,0.05922578935165219,0.1837,47.97
Ntaq1,-0.4182,0.05922578935165219,0.1837,18.79
Arpc3,-0.4195,0.05836062913446332,0.1818,131.29
Steap3,-0.4195,0.05836062913446332,0.1818,156.93
Gm38593,-0.4195,0.05836062913446332,0.1818,3.36
Gm12350,-0.4195,0.05836062913446332,0.1818,6.53
Scg2,-0.4195,0.05836062913446332,0.1818,453.6
Ap5z1,-0.4195,0.05836062913446332,0.1818,12.4
Smdt1,-0.4195,0.05836062913446332,0.1818,1213.87
9330159F19Rik,-0.4195,0.05836062913446332,0.1818,61.6
Cdc45,-0.4195,0.05836062913446332,0.1818,0.65
Tm7sf2,-0.4195,0.05836062913446332,0.1818,34.22
Arpc1b,-0.4195,0.05836062913446332,0.1818,243.69
Gm10044,-0.4203,0.057841834357689526,0.1812,0.69
Ccdc124,-0.4208,0.0575051379019127,0.1802,172.19
Dcaf12,-0.4208,0.0575051379019127,0.1802,77.79
Cilk1,-0.4208,0.0575051379019127,0.1802,19.98
Aff2,-0.4208,0.0575051379019127,0.1802,4.96
5430416N02Rik,-0.4208,0.0575051379019127,0.1802,12.45
Tnfrsf23,-0.4208,0.0575051379019127,0.1802,2.29
Ifih1,-0.4208,0.0575051379019127,0.1802,3.84
Cycs,-0.4208,0.0575051379019127,0.1802,411.12
Rras2,-0.4208,0.0575051379019127,0.1802,15.97
Zfp968,-0.4208,0.0575051379019127,0.1802,3.97
Clybl,-0.4208,0.0575051379019127,0.1802,19.14
Cenpa,-0.4208,0.0575051379019127,0.1802,1.28
Cenph,-0.4216,0.0569918871880502,0.1795,0.68
Gm29374,-0.4217,0.0569139527797272,0.1792,1.47
Ticam1,-0.4221,0.056659249673108106,0.1785,1.89
Gdi2,-0.4221,0.056659249673108106,0.1785,273.12
Catsper2,-0.4221,0.056659249673108106,0.1785,1.16
Gm42829,-0.4221,0.056659249673108106,0.1785,6.01
Il17d,-0.4221,0.056659249673108106,0.1785,8.08
Ulk4,-0.4221,0.056659249673108106,0.1785,3.12
Gm12840,-0.4221,0.056659249673108106,0.1785,2.01
Vti1a,-0.4221,0.056659249673108106,0.1785,30.04
Prkd1,-0.4221,0.056659249673108106,0.1785,13.52
Arid3a,-0.4221,0.056659249673108106,0.1785,7.22
9130230L23Rik,-0.4228,0.056190783370219835,0.1783,0.85
Bpifc,-0.4228,0.056190783370219835,0.1783,1.07
Gm44148,-0.4234,0.05582289840720049,0.1772,1.24
Gnai1,-0.4234,0.05582289840720049,0.1772,87.02
Gm44439,-0.4234,0.05582289840720049,0.1772,5.43
Tspan15,-0.4234,0.05582289840720049,0.1772,33.4
Rabgap1l,-0.4234,0.05582289840720049,0.1772,74.89
Nrep,-0.4234,0.05582289840720049,0.1772,32.04
Arhgap39,-0.4234,0.05582289840720049,0.1772,30.74
Mkln1os,-0.4234,0.05582289840720049,0.1772,4.87
Lamtor4,-0.4234,0.05582289840720049,0.1772,202.91
Nicol1,-0.4234,0.05582289840720049,0.1772,649.3
Ppp1r9b,-0.4234,0.05582289840720049,0.1772,121.72
Zc3h12d,-0.4247,0.054996018009894246,0.1756,1.26
Fkbp15,-0.4247,0.054996018009894246,0.1756,31.29
Nicn1,-0.4247,0.054996018009894246,0.1756,108.68
Fam136a,-0.4247,0.054996018009894246,0.1756,43.18
Vcf2,-0.4247,0.054996018009894246,0.1756,47.44
Zfp697,-0.4247,0.054996018009894246,0.1756,8.88
Dnaaf3,-0.4247,0.054996018009894246,0.1756,1.29
Map1lc3b,-0.4247,0.054996018009894246,0.1756,544.33
Tbx3os1,-0.4247,0.054996018009894246,0.1756,11.64
Itgb4,-0.4247,0.054996018009894246,0.1756,2.88
Sec24d,-0.4247,0.054996018009894246,0.1756,15.38
Card14,-0.4252,0.054647032856163756,0.1756,0.86
Ccdc80,-0.426,0.054178542339923676,0.1744,46.82
Mff,-0.426,0.054178542339923676,0.1744,183.28
Syngr2,-0.426,0.054178542339923676,0.1744,12.16
Mvk,-0.426,0.054178542339923676,0.1744,55.24
Aldh3a2,-0.426,0.054178542339923676,0.1744,35.73
Gm48045,-0.426,0.054178542339923676,0.1744,3.01
Gm28373,-0.4265,0.053832486401198615,0.174,0.62
Naip1,-0.4265,0.053832486401198615,0.174,2.59
Gm43409,-0.4268,0.05368712930995831,0.1736,0.73
Zdhhc4,-0.4273,0.053370405215496956,0.1727,44.88
Gm42918,-0.4273,0.053370405215496956,0.1727,0.74
Gna11,-0.4273,0.053370405215496956,0.1727,95.21
Ddah2,-0.4273,0.053370405215496956,0.1727,25.55
Rnf14,-0.4273,0.053370405215496956,0.1727,251.0
Snrnp25,-0.4273,0.053370405215496956,0.1727,70.92
Flot2,-0.4273,0.053370405215496956,0.1727,341.47
Ap1s3,-0.4274,0.05328458899867934,0.1727,1.82
Mrps26,-0.4286,0.05257154042070508,0.1708,111.96
4921524J17Rik,-0.4286,0.05257154042070508,0.1708,36.53
Atad2,-0.4286,0.05257154042070508,0.1708,10.68
Srp9,-0.4286,0.05257154042070508,0.1708,260.37
Arrdc2,-0.4286,0.05257154042070508,0.1708,5.72
Map3k15,-0.4286,0.05257154042070508,0.1708,1.08
Gm49698,-0.4286,0.05257154042070508,0.1708,11.23
Taf13,-0.4286,0.05257154042070508,0.1708,67.13
Gap43,-0.4286,0.05257154042070508,0.1708,960.1
Gucd1,-0.4286,0.05257154042070508,0.1708,18.03
Bcl7c,-0.4286,0.05257154042070508,0.1708,53.09
Unc5d,-0.4286,0.05257154042070508,0.1708,60.79
Gm45104,-0.4286,0.05257154042070508,0.1708,2.94
Tfpi,-0.4286,0.05257154042070508,0.1708,1.47
Gm30504,-0.4288,0.0524518381825765,0.1708,0.8
Gm17081,-0.4294,0.052090841820783225,0.1703,0.96
Jhy,-0.4299,0.05178188171189559,0.1693,8.14
Cmbl,-0.4299,0.05178188171189559,0.1693,50.71
Isca2,-0.4299,0.05178188171189559,0.1693,115.86
Rpain,-0.4299,0.05178188171189559,0.1693,20.14
Gpx8,-0.4299,0.05178188171189559,0.1693,9.17
Nub1,-0.4299,0.05178188171189559,0.1693,79.96
Pde6d,-0.4299,0.05178188171189559,0.1693,84.31
Fstl3,-0.4299,0.05178188171189559,0.1693,10.38
Dynlt3,-0.4299,0.05178188171189559,0.1693,395.52
Runx1,-0.4299,0.05178188171189559,0.1693,46.78
Retn,-0.4302,0.0515575250900595,0.1693,0.67
A730098A19Rik,-0.4312,0.051001362824011534,0.1681,7.79
Gm10010,-0.4312,0.051001362824011534,0.1681,2.15
Nudt7,-0.4312,0.051001362824011534,0.1681,9.07
Gm8213,-0.4312,0.051001362824011534,0.1681,1.1
Ltbr,-0.4312,0.051001362824011534,0.1681,20.53
Diablo,-0.4312,0.051001362824011534,0.1681,409.81
Matcap1,-0.4325,0.05022991747689417,0.1664,24.6
Kics2,-0.4325,0.05022991747689417,0.1664,5.46
Pgap2,-0.4325,0.05022991747689417,0.1664,16.42
Frmpd1,-0.4325,0.05022991747689417,0.1664,93.15
Gm12743,-0.4325,0.05022991747689417,0.1664,1.26
Stard6,-0.4326,0.05014701160030964,0.1664,1.15
C430014B12Rik,-0.4333,0.04976503317984217,0.1657,0.57
Cilp,-0.4338,0.049467479381547524,0.1648,5.58
Fblim1,-0.4338,0.049467479381547524,0.1648,1.12
Gm5112,-0.4338,0.049467479381547524,0.1648,3.27
C1d,-0.4338,0.049467479381547524,0.1648,211.74
Cep170b,-0.4338,0.049467479381547524,0.1648,135.6
Bach2,-0.4338,0.049467479381547524,0.1648,15.23
Grin2c,-0.4343,0.049147688670482026,0.1645,0.78
Pla2r1,-0.4345,0.04902327337665088,0.1641,1.7
Sstr5,-0.4348,0.04884391316529219,0.1636,2.71
Mrps17,-0.4351,0.04871398224636616,0.1632,74.44
Elovl7,-0.4351,0.04871398224636616,0.1632,52.18
Cage1,-0.4351,0.04871398224636616,0.1632,3.46
Slc36a1,-0.4351,0.04871398224636616,0.1632,354.61
Zbtb25,-0.4351,0.04871398224636616,0.1632,5.09
Wasf2,-0.4351,0.04871398224636616,0.1632,47.49
Abcg8,-0.4353,0.048601676170143625,0.1632,1.02
Tmem63a,-0.4364,0.04796935978332507,0.1615,2.63
Ppih,-0.4364,0.04796935978332507,0.1615,9.62
S100a10,-0.4364,0.04796935978332507,0.1615,1274.72
Slc49a3,-0.4364,0.04796935978332507,0.1615,1.41
Pop5,-0.4364,0.04796935978332507,0.1615,162.7
Zfand1,-0.4364,0.04796935978332507,0.1615,21.96
Bcorl1,-0.4364,0.04796935978332507,0.1615,11.65
Ccl21a,-0.4365,0.047900567303275236,0.1615,0.73
Sf3b5,-0.4377,0.047233545714129424,0.16,105.28
Mrpl13,-0.4377,0.047233545714129424,0.16,71.98
Timmdc1,-0.4377,0.047233545714129424,0.16,13.51
Actb,-0.4377,0.047233545714129424,0.16,2277.79
Capns1,-0.4377,0.047233545714129424,0.16,621.7
Smc2os,-0.4377,0.047233545714129424,0.16,4.54
Syn3,-0.4377,0.047233545714129424,0.16,5.76
Armcx5,-0.4377,0.047233545714129424,0.16,18.5
Lsm5,-0.4377,0.047233545714129424,0.16,46.37
Hacd1,-0.439,0.046506473776325614,0.159,29.8
Uqcrh,-0.439,0.046506473776325614,0.159,1148.27
1500002F19Rik,-0.439,0.046506473776325614,0.159,1.91
Stard4,-0.439,0.046506473776325614,0.159,115.1
Eci2,-0.439,0.046506473776325614,0.159,34.03
Sh3rf1,-0.439,0.046506473776325614,0.159,9.24
Dctn5,-0.439,0.046506473776325614,0.159,79.31
Ivns1abp,-0.439,0.046506473776325614,0.159,47.37
Slc9b2,-0.439,0.046506473776325614,0.159,12.41
H4c9,-0.439,0.046506473776325614,0.159,5.68
Grk4,-0.439,0.046506473776325614,0.159,3.42
4833422C13Rik,-0.439,0.046506473776325614,0.159,2.26
Mrap,-0.4395,0.04618944539495646,0.1589,0.61
Aard,-0.4403,0.045788077729372115,0.1577,14.44
Gm42766,-0.4403,0.045788077729372115,0.1577,7.35
Pcsk2os1,-0.4403,0.045788077729372115,0.1577,23.58
Mfap5,-0.4403,0.045788077729372115,0.1577,6.39
Svil,-0.4403,0.045788077729372115,0.1577,17.82
E2f1,-0.4403,0.045788077729372115,0.1577,16.25
Gm37760,-0.4403,0.045788077729372115,0.1577,2.15
Fam237b,-0.4403,0.045788077729372115,0.1577,1.59
Unc5b,-0.4403,0.045788077729372115,0.1577,36.29
Hikeshi,-0.4403,0.045788077729372115,0.1577,52.2
Abcc4,-0.4403,0.045788077729372115,0.1577,18.12
Pcbd2,-0.4416,0.0450782913606689,0.1564,101.37
Dhdh,-0.4416,0.0450782913606689,0.1564,15.37
Ost4,-0.4416,0.0450782913606689,0.1564,322.12
Msrb1,-0.4416,0.0450782913606689,0.1564,92.54
Mettl15,-0.4416,0.0450782913606689,0.1564,4.58
Dtwd2,-0.4416,0.0450782913606689,0.1564,2.66
Tpx2,-0.4416,0.0450782913606689,0.1564,2.55
Rhoa,-0.4416,0.0450782913606689,0.1564,132.38
Ubxn6,-0.4416,0.0450782913606689,0.1564,137.25
6030498E09Rik,-0.4418,0.04492580821649617,0.1564,0.64
Apobr,-0.4418,0.04492580821649617,0.1564,0.82
mt-Ts2,-0.4424,0.04464909692921434,0.156,0.71
Baz1a,-0.4429,0.04437704849154563,0.1552,0.7
Spart,-0.4429,0.04437704849154563,0.1552,32.37
Fgf12,-0.4429,0.04437704849154563,0.1552,87.47
Dusp22,-0.4429,0.04437704849154563,0.1552,72.07
Slc39a10,-0.4429,0.04437704849154563,0.1552,51.28
Man1c1,-0.4429,0.04437704849154563,0.1552,32.55
Tomm22,-0.4429,0.04437704849154563,0.1552,206.22
Gm10443,-0.4437,0.04395281351703487,0.1545,0.67
Tax1bp3,-0.4442,0.04368428298320847,0.1536,28.87
Wdr62,-0.4442,0.04368428298320847,0.1536,1.45
Ggact,-0.4442,0.04368428298320847,0.1536,15.62
Zfp119a,-0.4442,0.04368428298320847,0.1536,1.47
6720464F23Rik,-0.4442,0.04368428298320847,0.1536,2.58
Snx9,-0.4442,0.04368428298320847,0.1536,19.67
Arf1,-0.4442,0.04368428298320847,0.1536,316.78
Oscar,-0.4443,0.04360784186714692,0.1536,1.1
Gm19196,-0.4455,0.04299992874264294,0.1522,18.56
Klf5,-0.4455,0.04299992874264294,0.1522,28.72
Hspb1,-0.4455,0.04299992874264294,0.1522,210.27
Calhm5,-0.4455,0.04299992874264294,0.1522,9.76
C630031E19Rik,-0.4458,0.04279651667503843,0.1522,0.37
Slc25a43,-0.4468,0.042323919728474664,0.1507,1.63
Gm10076,-0.4468,0.042323919728474664,0.1507,205.27
Rchy1,-0.4468,0.042323919728474664,0.1507,49.05
Mcfd2,-0.4468,0.042323919728474664,0.1507,41.18
Sp100,-0.4468,0.042323919728474664,0.1507,2.98
Syne3,-0.4469,0.04224889610714296,0.1507,1.08
Gm37120,-0.4471,0.04216113888996108,0.1507,0.43
Gm43506,-0.4473,0.04203140997033768,0.1503,0.63
Anln,-0.4481,0.04165618995678565,0.1491,2.84
Fgf13,-0.4481,0.04165618995678565,0.1491,693.92
Tmem65,-0.4481,0.04165618995678565,0.1491,133.46
Atf5,-0.4481,0.04165618995678565,0.1491,114.11
Nmb,-0.4481,0.04165618995678565,0.1491,24.14
Rab11fip2,-0.4481,0.04165618995678565,0.1491,98.48
Tekt4,-0.4482,0.041575057085972214,0.1491,0.69
Zscan25,-0.4489,0.04124370327854903,0.1484,0.44
Gm32913,-0.4493,0.04102690505863907,0.1477,1.32
Vopp1,-0.4494,0.04099667350688651,0.1476,44.75
Tusc2,-0.4494,0.04099667350688651,0.1476,161.12
Tceal8,-0.4494,0.04099667350688651,0.1476,96.21
Birc5,-0.4494,0.04099667350688651,0.1476,3.36
Rxrg,-0.4506,0.040345304527043546,0.1462,5.75
Atp8a1,-0.4506,0.040345304527043546,0.1462,369.56
Cradd,-0.4506,0.040345304527043546,0.1462,10.2
Rab29,-0.4506,0.040345304527043546,0.1462,2.76
Fxyd5,-0.4506,0.040345304527043546,0.1462,27.4
Gm26885,-0.4506,0.040345304527043546,0.1462,4.51
Htr3b,-0.4506,0.040345304527043546,0.1462,69.92
Elovl6,-0.4519,0.03970201724016006,0.1446,96.05
Brms1l,-0.4519,0.03970201724016006,0.1446,41.36
Osbpl8,-0.4519,0.03970201724016006,0.1446,75.04
Lipa,-0.4519,0.03970201724016006,0.1446,42.86
2310011J03Rik,-0.4519,0.03970201724016006,0.1446,56.34
Gm43826,-0.4519,0.03970201724016006,0.1446,0.98
Zfp639,-0.4519,0.03970201724016006,0.1446,39.15
Pgam1-ps2,-0.4525,0.039413357956627204,0.1443,0.83
Atg5,-0.4532,0.03906674594941221,0.1432,39.87
Dubr,-0.4532,0.03906674594941221,0.1432,51.73
Scml2,-0.4532,0.03906674594941221,0.1432,1.11
Vps51,-0.4532,0.03906674594941221,0.1432,17.22
Aldh3b1,-0.4532,0.03906674594941221,0.1432,2.32
Gm32926,-0.4532,0.03906674594941221,0.1432,2.4
Ltb,-0.4532,0.03906674594941221,0.1432,1.81
Mix23,-0.4532,0.03906674594941221,0.1432,15.52
Mtch1,-0.4532,0.03906674594941221,0.1432,419.21
Psma3,-0.4545,0.038439425043837745,0.1417,170.72
Gm31105,-0.4545,0.038439425043837745,0.1417,1.6
Sult4a1,-0.4545,0.038439425043837745,0.1417,700.17
Ptpn9,-0.4545,0.038439425043837745,0.1417,62.98
Cdkl2,-0.4545,0.038439425043837745,0.1417,105.05
A430105J06Rik,-0.4545,0.038439425043837745,0.1417,1.3
Gm14399,-0.4545,0.038439425043837745,0.1417,2.53
Hacd4,-0.4545,0.038439425043837745,0.1417,5.63
Ap1ar,-0.4545,0.038439425043837745,0.1417,120.72
Lat2,-0.4547,0.03836860424675419,0.1417,0.55
Gm3364,-0.4549,0.03826395384250965,0.1417,1.07
Prr15,-0.4558,0.03781998900387756,0.1404,5.55
Lbhd2,-0.4558,0.03781998900387756,0.1404,1.43
Erlin1,-0.4558,0.03781998900387756,0.1404,11.48
Sigmar1,-0.4558,0.03781998900387756,0.1404,87.02
Timm10,-0.4558,0.03781998900387756,0.1404,97.45
Rtn4rl1,-0.4558,0.03781998900387756,0.1404,102.19
Orc6,-0.4558,0.03781998900387756,0.1404,15.83
Rcan3,-0.4558,0.03781998900387756,0.1404,160.6
Calhm2,-0.4558,0.03781998900387756,0.1404,2.44
Chd3,-0.4558,0.03781998900387756,0.1404,458.48
Sertad2,-0.4558,0.03781998900387756,0.1404,36.73
Syndig1l,-0.4571,0.0372083724068703,0.139,22.58
Tmem50a,-0.4571,0.0372083724068703,0.139,290.89
Ccdc107,-0.4571,0.0372083724068703,0.139,72.86
Hmox1,-0.4571,0.0372083724068703,0.139,8.02
Slc38a7,-0.4571,0.0372083724068703,0.139,34.53
Proca1,-0.4571,0.0372083724068703,0.139,2.88
Snhg6,-0.4597,0.036008336368182216,0.1361,42.07
Ptpn12,-0.4597,0.036008336368182216,0.1361,40.8
Rftn1,-0.4597,0.036008336368182216,0.1361,6.68
Ndufaf4,-0.4597,0.036008336368182216,0.1361,55.57
Cnot7,-0.4597,0.036008336368182216,0.1361,76.62
Eml1,-0.4597,0.036008336368182216,0.1361,57.44
Ddit4,-0.4597,0.036008336368182216,0.1361,40.32
Crebl2,-0.4597,0.036008336368182216,0.1361,29.2
Smagp,-0.4597,0.036008336368182216,0.1361,1.83
Kcnu1,-0.4597,0.036008336368182216,0.1361,3.45
A730018C14Rik,-0.4597,0.036008336368182216,0.1361,3.85
1700028E10Rik,-0.4597,0.036008336368182216,0.1361,1.12
Vip,-0.4597,0.036008336368182216,0.1361,124.62
2810454H06Rik,-0.461,0.03541978661443521,0.1351,1.65
Areg,-0.461,0.03541978661443521,0.1351,7.47
Txndc9,-0.461,0.03541978661443521,0.1351,50.7
Commd8,-0.461,0.03541978661443521,0.1351,24.24
Azin2,-0.461,0.03541978661443521,0.1351,24.19
Gna12,-0.461,0.03541978661443521,0.1351,75.21
Adam19,-0.461,0.03541978661443521,0.1351,84.4
Fhl2,-0.461,0.03541978661443521,0.1351,1.12
Epb41l3,-0.461,0.03541978661443521,0.1351,723.05
Tmem14c,-0.461,0.03541978661443521,0.1351,88.25
Tmem134,-0.461,0.03541978661443521,0.1351,128.03
Ap3m1,-0.461,0.03541978661443521,0.1351,53.94
Bola2,-0.461,0.03541978661443521,0.1351,287.61
Vasp,-0.461,0.03541978661443521,0.1351,53.39
Atp6v1g1,-0.461,0.03541978661443521,0.1351,441.03
Evi5l,-0.461,0.03541978661443521,0.1351,38.11
Reep1,-0.461,0.03541978661443521,0.1351,456.32
Etfrf1,-0.461,0.03541978661443521,0.1351,30.82
Wnt2b,-0.4618,0.03509134574859057,0.1349,0.69
Tiprl,-0.4623,0.034838795690155154,0.134,78.48
Rbms2,-0.4623,0.034838795690155154,0.134,19.5
C230037L18Rik,-0.4623,0.034838795690155154,0.134,6.69
Lrguk,-0.4623,0.034838795690155154,0.134,7.95
Dazap2,-0.4623,0.034838795690155154,0.134,92.71
Dnajc12,-0.4623,0.034838795690155154,0.134,60.65
Igf2bp1,-0.4628,0.03463432366105791,0.1339,0.61
Ccdc9b,-0.4636,0.03426529873787609,0.1325,8.35
Susd6,-0.4636,0.03426529873787609,0.1325,74.22
Tbca,-0.4636,0.03426529873787609,0.1325,781.19
Frey1,-0.4636,0.03426529873787609,0.1325,2.11
Rdh11,-0.4636,0.03426529873787609,0.1325,30.3
Pdcd10,-0.4649,0.03369923102896567,0.1309,100.6
Plekhb2,-0.4649,0.03369923102896567,0.1309,382.92
Gm14325,-0.4649,0.03369923102896567,0.1309,13.55
Lactb2,-0.4649,0.03369923102896567,0.1309,15.5
Gm16062,-0.4649,0.03369923102896567,0.1309,2.28
Mfge8,-0.4649,0.03369923102896567,0.1309,3.93
Slc35a5,-0.4649,0.03369923102896567,0.1309,72.12
Hnrnpf,-0.4649,0.03369923102896567,0.1309,84.06
2310034G01Rik,-0.4649,0.03369923102896567,0.1309,4.23
Oat,-0.4649,0.03369923102896567,0.1309,110.88
Klhl42,-0.4649,0.03369923102896567,0.1309,31.99
Gmfb,-0.4649,0.03369923102896567,0.1309,241.23
Ldah,-0.4649,0.03369923102896567,0.1309,37.67
Gm42981,-0.4651,0.03360667041917177,0.1309,1.55
Rundc3b,-0.4662,0.03314052796877129,0.1298,32.91
Prrt2,-0.4662,0.03314052796877129,0.1298,1.05
Bub3,-0.4662,0.03314052796877129,0.1298,228.24
Cdkn1b,-0.4662,0.03314052796877129,0.1298,23.52
Gtf2h5,-0.4662,0.03314052796877129,0.1298,236.9
Lsm10,-0.4662,0.03314052796877129,0.1298,17.81
Acsl5,-0.4662,0.03314052796877129,0.1298,34.64
Glyat,-0.4664,0.03307585120779385,0.1298,1.94
Rb1,-0.4675,0.0325891251017163,0.1284,45.02
Igf1r,-0.4675,0.0325891251017163,0.1284,98.93
Gm14295,-0.4675,0.0325891251017163,0.1284,16.07
Ager,-0.4675,0.0325891251017163,0.1284,1.43
Spry4,-0.4675,0.0325891251017163,0.1284,24.04
Abtb2,-0.4675,0.0325891251017163,0.1284,18.73
Gm9911,-0.4675,0.0325891251017163,0.1284,2.05
Fam83h,-0.4675,0.0325891251017163,0.1284,5.99
Ngfr,-0.4688,0.032044958116342656,0.1271,910.93
Fkbp1b,-0.4688,0.032044958116342656,0.1271,993.08
Zdhhc9,-0.4688,0.032044958116342656,0.1271,44.19
Srp19,-0.4688,0.032044958116342656,0.1271,155.37
Or52ac1,-0.4688,0.032044958116342656,0.1271,9.16
Hoxb4,-0.4688,0.032044958116342656,0.1271,74.5
Fzd3,-0.4688,0.032044958116342656,0.1271,60.17
Fam89a,-0.4688,0.032044958116342656,0.1271,222.66
Nudt2,-0.4688,0.032044958116342656,0.1271,26.8
Cnp,-0.4688,0.032044958116342656,0.1271,74.49
Nme4,-0.4688,0.032044958116342656,0.1271,5.35
Nudt19,-0.4688,0.032044958116342656,0.1271,73.87
Stk4,-0.4688,0.032044958116342656,0.1271,23.34
Filip1l,-0.4688,0.032044958116342656,0.1271,4.6
Cfi,-0.4694,0.03179181721860985,0.1271,0.73
Actg1,-0.4701,0.03150796285030202,0.1261,2607.45
Mrps15,-0.4701,0.03150796285030202,0.1261,105.9
Fam222a,-0.4701,0.03150796285030202,0.1261,11.38
Pde7a,-0.4701,0.03150796285030202,0.1261,19.2
Greb1,-0.4701,0.03150796285030202,0.1261,11.64
Marveld1,-0.4701,0.03150796285030202,0.1261,20.68
Gm37785,-0.4703,0.0314452859902989,0.1261,0.53
1700097N02Rik,-0.4713,0.031019426877276095,0.1249,0.32
Csrp2,-0.4714,0.030978075295294782,0.1248,77.9
Map2k1,-0.4714,0.030978075295294782,0.1248,142.59
Srxn1,-0.4714,0.030978075295294782,0.1248,165.29
Pkig,-0.4714,0.030978075295294782,0.1248,89.8
Slc35f5,-0.4714,0.030978075295294782,0.1248,20.44
Tmcc3,-0.4714,0.030978075295294782,0.1248,51.19
Vps13a,-0.4714,0.030978075295294782,0.1248,65.97
Pex19,-0.4714,0.030978075295294782,0.1248,55.58
Kcng1,-0.4723,0.030634190798493742,0.1243,3.36
Fam131b,-0.4727,0.03045523160195435,0.1236,66.99
Mideas,-0.4727,0.03045523160195435,0.1236,9.2
Gm9916,-0.4727,0.03045523160195435,0.1236,4.76
Gm49329,-0.4727,0.03045523160195435,0.1236,7.71
Chrm1,-0.4727,0.03045523160195435,0.1236,10.84
Tspan17,-0.4727,0.03045523160195435,0.1236,409.63
Otud7a,-0.474,0.02993936808467944,0.1225,11.26
Gm37802,-0.474,0.02993936808467944,0.1225,1.94
4930594M22Rik,-0.474,0.02993936808467944,0.1225,3.03
Gab2,-0.474,0.02993936808467944,0.1225,25.35
Arpin,-0.474,0.02993936808467944,0.1225,14.79
Zfp52,-0.474,0.02993936808467944,0.1225,6.57
Nras,-0.474,0.02993936808467944,0.1225,86.99
Pcdh12,-0.4743,0.0298505465896446,0.1225,0.81
Gm43341,-0.4753,0.02943042122641138,0.1212,19.94
Fcor,-0.4753,0.02943042122641138,0.1212,9.48
Pip4k2b,-0.4753,0.02943042122641138,0.1212,54.72
Zfp931,-0.4753,0.02943042122641138,0.1212,25.87
Lrrc56,-0.4753,0.02943042122641138,0.1212,2.99
Gm16096,-0.4763,0.029063444195065662,0.1203,0.37
Paqr8,-0.4766,0.02892832768335774,0.1198,50.45
Jph3,-0.4766,0.02892832768335774,0.1198,123.75
Ankrd46,-0.4766,0.02892832768335774,0.1198,159.82
C530044C16Rik,-0.4766,0.02892832768335774,0.1198,9.58
Spmip7,-0.4766,0.02892832768335774,0.1198,0.84
Lipt2,-0.4766,0.02892832768335774,0.1198,8.51
Serf2,-0.4766,0.02892832768335774,0.1198,675.5
Cdkl3,-0.4766,0.02892832768335774,0.1198,11.16
Tmem167,-0.4779,0.028433024289660956,0.1186,168.33
Stard3nl,-0.4779,0.028433024289660956,0.1186,291.77
Snx3,-0.4779,0.028433024289660956,0.1186,219.35
Myl6,-0.4779,0.028433024289660956,0.1186,767.09
Gm28913,-0.4779,0.028433024289660956,0.1186,1.98
Amz2,-0.4779,0.028433024289660956,0.1186,37.35
Mipol1,-0.4779,0.028433024289660956,0.1186,5.29
Gng10,-0.4792,0.027944448062011983,0.1171,7.14
Rps27l,-0.4792,0.027944448062011983,0.1171,237.12
Hypk,-0.4792,0.027944448062011983,0.1171,186.63
Tmem80,-0.4792,0.027944448062011983,0.1171,55.34
Npc2,-0.4792,0.027944448062011983,0.1171,214.67
Fzd10os,-0.4804,0.027521917489064185,0.1161,0.7
Erf,-0.4805,0.027462536204208972,0.1159,30.44
Galnt9,-0.4805,0.027462536204208972,0.1159,47.12
Gdpd3,-0.4805,0.027462536204208972,0.1159,3.34
Pnp,-0.4805,0.027462536204208972,0.1159,17.02
Neto2,-0.4805,0.027462536204208972,0.1159,66.7
Pigp,-0.4805,0.027462536204208972,0.1159,118.19
Pde9a,-0.4805,0.027462536204208972,0.1159,4.6
Grin3a,-0.4805,0.027462536204208972,0.1159,41.09
Ankrd45,-0.4805,0.027462536204208972,0.1159,20.62
Pla2g4c,-0.4807,0.027405061629708332,0.1159,0.56
Gm8325,-0.4811,0.027232874319323978,0.1158,0.74
Gm10138,-0.4818,0.026987226111659643,0.1148,4.22
Chst14,-0.4818,0.026987226111659643,0.1148,4.25
Cacna1h,-0.4818,0.026987226111659643,0.1148,41.84
Ackr4,-0.4822,0.026861215485426353,0.1148,0.29
Creb3l1,-0.4831,0.026518455375827792,0.1137,9.82
1810062O18Rik,-0.4831,0.026518455375827792,0.1137,2.24
Gins1,-0.4833,0.026462249887759155,0.1137,1.21
Slc47a2,-0.4833,0.026462249887759155,0.1137,0.78
Gm20274,-0.4844,0.026056161788623734,0.1123,2.26
Zcchc9,-0.4844,0.026056161788623734,0.1123,26.9
Rnf214,-0.4844,0.026056161788623734,0.1123,63.63
Plce1,-0.4844,0.026056161788623734,0.1123,39.25
Fam76a,-0.4844,0.026056161788623734,0.1123,44.6
Fbxl12os,-0.4846,0.02600058591256693,0.1123,1.55
Shisal2a,-0.485,0.02583409865648263,0.1121,1.29
Atxn3,-0.4857,0.02560028334673806,0.1111,11.19
H4c14,-0.4857,0.02560028334673806,0.1111,1.3
Prom1,-0.4857,0.02560028334673806,0.1111,5.49
Ocel1,-0.4857,0.02560028334673806,0.1111,18.02
Id4,-0.4857,0.02560028334673806,0.1111,47.31
Becn1,-0.4857,0.02560028334673806,0.1111,99.44
Aspg,-0.4867,0.025247598737953,0.1105,1.42
Mtpn,-0.487,0.02515075825591802,0.1102,183.36
CK137956,-0.487,0.02515075825591802,0.1102,1.46
Arsa,-0.487,0.02515075825591802,0.1102,20.15
Sh3bgrl,-0.487,0.02515075825591802,0.1102,103.25
Fads3,-0.487,0.02515075825591802,0.1102,48.08
Pmvk,-0.487,0.02515075825591802,0.1102,172.42
1110059E24Rik,-0.487,0.02515075825591802,0.1102,38.94
Pcdhac2,-0.4883,0.02470752493518718,0.109,5.3
Nqo2,-0.4883,0.02470752493518718,0.109,36.04
Lamtor5,-0.4896,0.024270522021007424,0.1077,228.04
Fkbp5,-0.4896,0.024270522021007424,0.1077,16.0
Acss2,-0.4896,0.024270522021007424,0.1077,50.08
Snx4,-0.4896,0.024270522021007424,0.1077,63.78
Gm6222,-0.4896,0.024270522021007424,0.1077,1.8
Eef1akmt4,-0.4896,0.024270522021007424,0.1077,1.48
Kri1,-0.4909,0.023839688371383023,0.1065,13.85
Stx1a,-0.4922,0.02341496306990663,0.1051,82.93
Zrsr2,-0.4922,0.02341496306990663,0.1051,105.68
Pnp2,-0.4925,0.023316754394320634,0.1051,0.68
Tex26,-0.4928,0.023216531313612662,0.1049,0.49
Slc44a2,-0.4935,0.02299628542974775,0.104,68.71
Brip1os,-0.4935,0.02299628542974775,0.104,23.69
Nup62,-0.4935,0.02299628542974775,0.104,32.22
Elp5,-0.4935,0.02299628542974775,0.104,73.21
Arpp19,-0.4935,0.02299628542974775,0.104,215.06
Rgs4,-0.4935,0.02299628542974775,0.104,319.43
Gm20634,-0.4935,0.02299628542974775,0.104,2.08
Ube2d2a,-0.4935,0.02299628542974775,0.104,290.49
Mthfs,-0.4935,0.02299628542974775,0.104,9.96
Ccdc121rt1,-0.4936,0.022950685609612057,0.104,0.61
Fhl1,-0.4948,0.022583594997581564,0.1026,121.24
Cisd3,-0.4948,0.022583594997581564,0.1026,108.09
Tle4,-0.4948,0.022583594997581564,0.1026,180.47
Unc5c,-0.4948,0.022583594997581564,0.1026,88.03
Ppp1r18os,-0.4954,0.022381196324220094,0.1019,0.58
Gpr160,-0.4961,0.022176831557460017,0.101,6.31
Rap2b,-0.4961,0.022176831557460017,0.101,12.61
Gsto2,-0.4961,0.022176831557460017,0.101,1.22
P2ry10b,-0.4967,0.021978929214814417,0.1008,0.69
Prdm8,-0.4971,0.02187772896928956,0.1004,1.94
Stk11ip,-0.4974,0.021775935134623416,0.0999,10.2
Drp2,-0.4974,0.021775935134623416,0.0999,19.29
Nhp2,-0.4974,0.021775935134623416,0.0999,112.92
Cpne8,-0.4974,0.021775935134623416,0.0999,191.81
Lrrc51,-0.4974,0.021775935134623416,0.0999,10.13
Map2k3os,-0.4974,0.021775935134623416,0.0999,3.88
Il18,-0.4974,0.021775935134623416,0.0999,4.58
Gfra1,-0.4974,0.021775935134623416,0.0999,30.23
Clic1,-0.4974,0.021775935134623416,0.0999,192.53
Rab2a,-0.4987,0.02138084599925308,0.0988,313.94
Tradd,-0.4987,0.02138084599925308,0.0988,17.51
Tbcc,-0.4987,0.02138084599925308,0.0988,27.44
Rap1gap2,-0.4987,0.02138084599925308,0.0988,82.73
LTO1,-0.4987,0.02138084599925308,0.0988,21.31
Ehd3,-0.4987,0.02138084599925308,0.0988,193.55
Ppfibp2,-0.4987,0.02138084599925308,0.0988,37.65
Prkab2,-0.4987,0.02138084599925308,0.0988,58.45
Chac1,-0.4987,0.02138084599925308,0.0988,10.53
Hal,-0.4994,0.021185587140143153,0.0985,0.58
Stom,-0.5,0.02099150467016482,0.0976,32.21
Mex3b,-0.5,0.02099150467016482,0.0976,4.54
Agfg1,-0.5,0.02099150467016482,0.0976,116.62
Ptbp3,-0.5,0.02099150467016482,0.0976,80.46
Utp14b,-0.5,0.02099150467016482,0.0976,16.18
3010003L21Rik,-0.5,0.02099150467016482,0.0976,1.63
Sp3os,-0.5,0.02099150467016482,0.0976,30.77
Mrps21,-0.5,0.02099150467016482,0.0976,248.95
Mab21l1,-0.5,0.02099150467016482,0.0976,71.74
Gm43831,-0.5013,0.020607851918442464,0.0967,3.26
Ptgr3,-0.5013,0.020607851918442464,0.0967,24.7
Tor3a,-0.5013,0.020607851918442464,0.0967,7.82
Fah,-0.5013,0.020607851918442464,0.0967,15.34
Ube2d1,-0.5013,0.020607851918442464,0.0967,146.64
Pip4k2a,-0.5013,0.020607851918442464,0.0967,43.78
Ahr,-0.5013,0.020607851918442464,0.0967,13.12
Tmc5,-0.5014,0.020575606347213796,0.0967,1.51
Plcb2,-0.5018,0.02044978828129411,0.0966,0.64
Meig1,-0.5026,0.020229828771012266,0.0957,2.79
Klhl32,-0.5026,0.020229828771012266,0.0957,13.65
Gm48146,-0.5026,0.020229828771012266,0.0957,5.49
Cryl1,-0.5026,0.020229828771012266,0.0957,8.77
Ecm1,-0.5026,0.020229828771012266,0.0957,2.58
H2ac8,-0.5028,0.020182702649753023,0.0957,0.68
Gm10723,-0.5028,0.020182702649753023,0.0957,2.06
Dkc1,-0.5039,0.019857376514157164,0.0944,13.69
Ckm,-0.5039,0.019857376514157164,0.0944,1.89
Aox1,-0.5039,0.019857376514157164,0.0944,11.3
Ei24,-0.5039,0.019857376514157164,0.0944,108.75
Tprg1l,-0.5039,0.019857376514157164,0.0944,370.52
H1f3,-0.5041,0.019810826710233473,0.0944,1.14
Krt87,-0.5041,0.019812274573001405,0.0944,0.6
Prph,-0.5052,0.01949043669697085,0.093,2132.21
Ap2a2,-0.5052,0.01949043669697085,0.093,296.59
Ctnnbip1,-0.5052,0.01949043669697085,0.093,175.37
Tanc1,-0.5052,0.01949043669697085,0.093,78.15
Gm7332,-0.506,0.019263323354343182,0.0926,1.17
Vmn1r89,-0.5063,0.01917954498461225,0.0922,0.3
Gm13889,-0.5065,0.01912895113475244,0.092,247.67
Chrna3,-0.5065,0.01912895113475244,0.092,204.53
2810403D21Rik,-0.5065,0.01912895113475244,0.092,14.24
Mrpl32,-0.5065,0.01912895113475244,0.092,45.13
Gys1,-0.5065,0.01912895113475244,0.092,36.31
Cd24a,-0.5065,0.01912895113475244,0.092,248.25
Chl1,-0.5065,0.01912895113475244,0.092,194.11
Rps4l,-0.5078,0.01877286191233981,0.0909,35.36
Pgls,-0.5078,0.01877286191233981,0.0909,127.95
Kbtbd11,-0.5078,0.01877286191233981,0.0909,60.21
Zfp202,-0.5078,0.01877286191233981,0.0909,7.42
Htr6,-0.5088,0.01850089420894912,0.0901,0.7
Gm43648,-0.5091,0.01842211138738375,0.0898,5.59
Gm2449,-0.5091,0.01842211138738375,0.0898,0.8
9430081H08Rik,-0.5091,0.01842211138738375,0.0898,3.27
Pcbd1,-0.5091,0.01842211138738375,0.0898,412.55
C1qtnf2,-0.5091,0.01842211138738375,0.0898,3.48
Frmd4a,-0.5091,0.01842211138738375,0.0898,107.94
Anxa2,-0.5091,0.01842211138738375,0.0898,518.19
Flrt3,-0.5091,0.01842211138738375,0.0898,46.43
Vps36,-0.5091,0.01842211138738375,0.0898,51.28
Ankra2,-0.5091,0.01842211138738375,0.0898,90.11
Churc1,-0.5104,0.018076642193560668,0.0889,132.28
Gm14410,-0.5104,0.018076642193560668,0.0889,4.42
Clvs2,-0.5104,0.018076642193560668,0.0889,16.84
Slc6a15,-0.5104,0.018076642193560668,0.0889,160.3
Cks2,-0.5104,0.018076642193560668,0.0889,4.69
Tmem9b,-0.5104,0.018076642193560668,0.0889,126.54
Stk25,-0.5104,0.018076642193560668,0.0889,95.36
Vamp2,-0.5104,0.018076642193560668,0.0889,1025.44
Gm14326,-0.5104,0.018076642193560668,0.0889,11.5
A830009L08Rik,-0.5108,0.01798120471854779,0.0889,0.98
Sall4,-0.5111,0.017884118309355296,0.0887,2.78
Ptger4,-0.5117,0.01773639724372509,0.088,20.95
Parp6,-0.513,0.017401319733001772,0.0867,73.52
Gm42919,-0.513,0.017401319733001772,0.0867,14.08
Immp1l,-0.513,0.017401319733001772,0.0867,58.65
Gab1,-0.5143,0.017071353141816504,0.086,16.94
D330050I16Rik,-0.5143,0.017071353141816504,0.086,3.87
Map3k5,-0.5143,0.017071353141816504,0.086,6.94
Shisa5,-0.5143,0.017071353141816504,0.086,77.02
Romo1,-0.5143,0.017071353141816504,0.086,493.07
Stk3,-0.5143,0.017071353141816504,0.086,15.8
4930461C15Rik,-0.5145,0.017029276297640113,0.086,0.66
Txn1,-0.5156,0.016746441238866275,0.085,388.56
Slc25a1,-0.5156,0.016746441238866275,0.085,130.12
Atg12,-0.5156,0.016746441238866275,0.085,69.31
2900045O20Rik,-0.5156,0.016746441238866275,0.085,1.72
Gm36266,-0.5156,0.016746441238866275,0.085,6.08
Mfsd2b,-0.5156,0.016746441238866275,0.085,0.66
Mrgpra2a,-0.5167,0.016478081805791828,0.0841,0.59
Arl4a,-0.5169,0.0164265280840293,0.0839,57.26
Celf4,-0.5169,0.0164265280840293,0.0839,649.34
Car8,-0.5169,0.0164265280840293,0.0839,6.9
Pithd1,-0.5169,0.0164265280840293,0.0839,67.33
Rcc1,-0.5169,0.0164265280840293,0.0839,5.8
1810037I17Rik,-0.5169,0.0164265280840293,0.0839,304.59
Gm16364,-0.5171,0.01638553053036981,0.0839,3.09
Radx,-0.5172,0.016353078003205176,0.0839,0.43
Soat2,-0.5179,0.016175129880954712,0.0832,0.75
Kiss1r,-0.5182,0.016111558031212534,0.0829,10.28
S100a13,-0.5182,0.016111558031212534,0.0829,213.27
Fundc2,-0.5182,0.016111558031212534,0.0829,104.05
Prim2,-0.5182,0.016111558031212534,0.0829,2.65
Hsbp1,-0.5182,0.016111558031212534,0.0829,362.12
Prkar2a,-0.5182,0.016111558031212534,0.0829,220.1
Sh3yl1,-0.5182,0.016111558031212534,0.0829,19.21
Clgn,-0.5182,0.016111558031212534,0.0829,67.11
Slc35d2,-0.5195,0.01580147573114009,0.0818,3.04
Cyb5b,-0.5195,0.01580147573114009,0.0818,174.19
Cd9,-0.5195,0.01580147573114009,0.0818,481.33
Lasp1,-0.5195,0.01580147573114009,0.0818,76.5
Bag2,-0.5195,0.01580147573114009,0.0818,22.95
Mcph1,-0.5195,0.01580147573114009,0.0818,10.61
Crppa,-0.5195,0.01580147573114009,0.0818,17.89
Coro2a,-0.5195,0.01580147573114009,0.0818,122.87
Letmd1,-0.5208,0.015496226134079147,0.0809,32.31
Dkk3,-0.5208,0.015496226134079147,0.0809,84.03
Acsl3,-0.5208,0.015496226134079147,0.0809,105.45
9530062K07Rik,-0.5208,0.015496226134079147,0.0809,2.73
2500002B13Rik,-0.5208,0.015496226134079147,0.0809,2.37
Nol4l,-0.5208,0.015496226134079147,0.0809,66.03
Atp6v1f,-0.5208,0.015496226134079147,0.0809,578.12
Hrob,-0.5209,0.015456817740219798,0.0809,0.87
Ggt5,-0.5215,0.015338848598620024,0.0808,2.07
Gm44436,-0.5221,0.015195754492505858,0.0801,4.55
Cacna1b,-0.5221,0.015195754492505858,0.0801,146.12
Tcfl5,-0.5234,0.014900006363709485,0.079,4.14
Celf6,-0.5234,0.014900006363709485,0.079,153.3
Abcg3,-0.5234,0.0148939882630821,0.079,0.42
Cyfip2,-0.5234,0.014900006363709485,0.079,511.8
Gpr45,-0.5234,0.014900006363709485,0.079,47.49
Gm39469,-0.5234,0.014900006363709485,0.079,11.82
Coro1c,-0.5234,0.014900006363709485,0.079,93.4
Zfp575,-0.5234,0.014900006363709485,0.079,17.18
Tfr2,-0.5247,0.014608927612336519,0.0781,8.55
Agps,-0.5247,0.014608927612336519,0.0781,29.02
Gm42765,-0.5253,0.014468876568238588,0.078,0.55
Gm43316,-0.5254,0.01445776199286367,0.078,6.71
Pdlim2,-0.526,0.014322464412872613,0.0773,78.28
Kcnk3,-0.526,0.014322464412872613,0.0773,232.73
Sct,-0.526,0.014322464412872613,0.0773,2.93
Cic,-0.526,0.014322464412872613,0.0773,142.34
Spdya,-0.526,0.014322464412872613,0.0773,2.35
Mpped2,-0.526,0.014322464412872613,0.0773,271.92
Gm21955,-0.526,0.014322464412872613,0.0773,7.99
Serpinb6a,-0.526,0.014322464412872613,0.0773,490.67
Gm17102,-0.5273,0.014040563252064467,0.0764,1.73
Arrb1,-0.5273,0.014040563252064467,0.0764,82.81
Nagk,-0.5273,0.014040563252064467,0.0764,151.48
Gm3788,-0.5273,0.014040563252064467,0.0764,3.94
Igha,-0.5275,0.014000145522786174,0.0764,0.48
Rab42,-0.5286,0.013763170931280443,0.0756,1.3
Gm6704,-0.5286,0.013763170931280443,0.0756,0.68
AA387883,-0.5286,0.013763170931280443,0.0756,4.41
Cox18,-0.5286,0.013763170931280443,0.0756,24.74
Mir22hg,-0.5286,0.013763170931280443,0.0756,40.88
Ssbp2,-0.5286,0.013763170931280443,0.0756,87.36
Nudt4,-0.5286,0.013763170931280443,0.0756,101.94
Smim3,-0.5286,0.013763170931280443,0.0756,119.31
Spag7,-0.5286,0.013763170931280443,0.0756,71.8
Foxo6,-0.5286,0.013763170931280443,0.0756,6.96
Gm16222,-0.5294,0.01358368884465327,0.0752,1.54
Slc66a3,-0.5299,0.013490234568810303,0.0747,48.31
St3gal4,-0.5299,0.013490234568810303,0.0747,27.65
Chrna1os,-0.5299,0.013490234568810303,0.0747,6.37
Abi1,-0.5299,0.013490234568810303,0.0747,71.87
Abitram,-0.5299,0.013490234568810303,0.0747,6.91
C030015E24Rik,-0.5299,0.013490234568810303,0.0747,22.38
H2-M11,-0.5302,0.013412807911168497,0.0747,0.47
Hras,-0.5312,0.013221701602104083,0.074,359.05
Fth1,-0.5312,0.013221701602104083,0.074,7090.81
Nr2c2ap,-0.5312,0.013221701602104083,0.074,68.48
Pde1a,-0.5312,0.013221701602104083,0.074,13.5
Cthrc1,-0.5312,0.013221701602104083,0.074,54.96
Zfp820,-0.5312,0.013221701602104083,0.074,3.09
Ift140,-0.5312,0.013221701602104083,0.074,11.87
Acot11,-0.5312,0.013221701602104083,0.074,10.43
Siah2,-0.5312,0.013221701602104083,0.074,26.01
Rmdn2,-0.5312,0.013221701602104083,0.074,5.81
Arl8a,-0.5312,0.013221701602104083,0.074,688.93
Cntd1,-0.532,0.013053967298339096,0.0737,0.55
Gm42769,-0.5325,0.012957519789950382,0.0732,15.23
Bdh2,-0.5325,0.012957519789950382,0.0732,4.61
Dnaja2,-0.5325,0.012957519789950382,0.0732,140.85
Cenpo,-0.5325,0.012957519789950382,0.0732,2.29
Pde5a,-0.5325,0.012957519789950382,0.0732,3.66
Ak4,-0.5325,0.012957519789950382,0.0732,12.53
Cenpi,-0.5326,0.012922661141181492,0.0732,0.65
Smad4,-0.5338,0.012697637214593691,0.0725,46.86
Ankrd44,-0.5338,0.012697637214593691,0.0725,10.72
Erg28,-0.5338,0.012697637214593691,0.0725,47.47
Ptgir,-0.5338,0.012697637214593691,0.0725,78.78
Trim62,-0.5338,0.012697637214593691,0.0725,13.27
Abhd17c,-0.5338,0.012697637214593691,0.0725,39.64
Tgfb1,-0.5338,0.012697637214593691,0.0725,76.87
Ptpru,-0.5345,0.01256039642124639,0.0723,1.16
Chmp2b,-0.5351,0.012442002283791501,0.0716,66.03
Carhsp1,-0.5351,0.012442002283791501,0.0716,58.55
Gdf15,-0.5351,0.012442002283791501,0.0716,0.8
Il3ra,-0.5351,0.012442002283791501,0.0716,3.11
Tmsb10b,-0.5351,0.012442002283791501,0.0716,47.98
C1rl,-0.5352,0.012408109802530485,0.0716,0.43
Iqsec3,-0.5364,0.012190563732810203,0.0706,71.92
Pwwp2b,-0.5364,0.012190563732810203,0.0706,13.47
Med16,-0.5364,0.012190563732810203,0.0706,21.1
Klf8,-0.5364,0.012190563732810203,0.0706,12.14
Tlcd2,-0.5364,0.012190563732810203,0.0706,1.88
Itk,-0.5373,0.012018231373398976,0.0703,0.89
Lima1,-0.5377,0.011943270626361585,0.0699,13.83
Mapre1,-0.5377,0.011943270626361585,0.0699,203.06
Tmsb10,-0.5377,0.011943270626361585,0.0699,8963.83
Chchd2,-0.5377,0.011943270626361585,0.0699,1327.75
Gm10941,-0.5377,0.011943270626361585,0.0699,2.59
Gm4117,-0.5385,0.011788454873225555,0.0696,0.84
Cfap91,-0.5385,0.011788454873225555,0.0696,0.41
Thsd1,-0.539,0.011700072360478054,0.0691,4.7
Best1,-0.539,0.011700072360478054,0.0691,2.47
Nkd1,-0.539,0.011700072360478054,0.0691,5.81
Ube2m,-0.539,0.011700072360478054,0.0691,350.49
Snx25,-0.539,0.011700072360478054,0.0691,41.54
Ubap2,-0.539,0.011700072360478054,0.0691,78.86
Gm5544,-0.5399,0.011530282612333322,0.0684,0.67
Ngb,-0.5403,0.01146091866432833,0.068,70.41
Fdps,-0.5403,0.01146091866432833,0.068,116.97
Shc1,-0.5403,0.01146091866432833,0.068,89.7
Tpmt,-0.5403,0.01146091866432833,0.068,7.8
Gm43048,-0.5403,0.01146091866432833,0.068,5.21
Gm42770,-0.5411,0.011311064088668605,0.0676,21.84
Kif6,-0.5414,0.011259464303058301,0.0673,0.82
Lhpp,-0.5416,0.011225759601972744,0.0672,5.25
Rab34,-0.5416,0.011225759601972744,0.0672,23.0
Lipk,-0.5416,0.011225759601972744,0.0672,1.6
Ebp,-0.5416,0.011225759601972744,0.0672,29.58
Hdac9,-0.5416,0.011225759601972744,0.0672,64.4
Stk32a,-0.5416,0.011225759601972744,0.0672,17.15
Gm49937,-0.5416,0.011225759601972744,0.0672,2.29
Smim24,-0.5423,0.011099812841224825,0.067,0.66
C330018A13Rik,-0.5425,0.011058581883118517,0.0668,0.63
Aip,-0.5429,0.010994545574058883,0.0665,148.78
Metap1,-0.5429,0.010994545574058883,0.0665,44.68
Zc3hav1,-0.5429,0.010994545574058883,0.0665,27.11
Zeb2os,-0.5429,0.010994545574058883,0.0665,3.51
Fgfr1op2,-0.5429,0.010994545574058883,0.0665,101.22
Gng12,-0.5429,0.010994545574058883,0.0665,27.26
Gm48604,-0.5429,0.010994545574058883,0.0665,2.98
Foxn3,-0.5429,0.010994545574058883,0.0665,178.72
Cggbp1,-0.5429,0.010994545574058883,0.0665,100.63
Cpne4,-0.5429,0.010994545574058883,0.0665,66.44
Hfe,-0.5429,0.010994545574058883,0.0665,11.89
Fam169b,-0.5436,0.010870423238074437,0.0665,1.9
Gnas,-0.5442,0.010767227319457274,0.0659,2766.7
Ppp1r1c,-0.5442,0.010767227319457274,0.0659,351.63
Slc25a45,-0.5442,0.010767227319457274,0.0659,2.6
Fgd6,-0.5442,0.010767227319457274,0.0659,4.91
Alk,-0.5442,0.010767227319457274,0.0659,10.74
Mad2l1bp,-0.5442,0.010767227319457274,0.0659,13.24
Gm43830,-0.5442,0.010767227319457274,0.0659,7.0
Fsd2,-0.5443,0.010736586615943842,0.0659,1.61
Medag,-0.5455,0.010543755916837693,0.065,3.88
Gm43321,-0.5455,0.010543755916837693,0.065,5.99
Khdrbs2,-0.5455,0.010543755916837693,0.065,22.53
Ctbp2,-0.5455,0.010543755916837693,0.065,11.56
Dhcr24,-0.5455,0.010543755916837693,0.065,382.92
Ftl1-ps1,-0.5455,0.010543755916837693,0.065,6.39
Stap2,-0.5456,0.010513563222995485,0.065,3.33
Gm7335,-0.5464,0.010380613500377325,0.0647,0.43
B3gnt8,-0.5468,0.010324082786185745,0.0643,16.26
Gstm2,-0.5468,0.010324082786185745,0.0643,1.6
E030026E10Rik,-0.5468,0.010324082786185745,0.0643,2.01
Pabpc1l,-0.5468,0.010324082786185745,0.0643,10.58
Alpk1,-0.5468,0.010324082786185745,0.0643,2.07
Anapc16,-0.5468,0.010324082786185745,0.0643,78.67
Dram2,-0.5468,0.010324082786185745,0.0643,65.59
2810408I11Rik,-0.5469,0.010294333964522258,0.0643,1.58
Vdr,-0.5469,0.010294333964522258,0.0643,1.4
Esr1,-0.5481,0.010108159690260715,0.0637,38.82
Prrg2,-0.5481,0.010108159690260715,0.0637,11.43
4933415A04Rik,-0.5481,0.010108159690260715,0.0637,1.72
Lpcat3,-0.5481,0.010108159690260715,0.0637,15.36
Gm10561,-0.5482,0.01007885060323683,0.0637,0.58
Ranbp3l,-0.549,0.009947777313495986,0.0631,0.58
Vmn1r85,-0.5494,0.009895938735993823,0.0629,9.4
Guk1,-0.5494,0.009895938735993823,0.0629,446.74
Ap5b1,-0.5494,0.009895938735993823,0.0629,1.41
Vat1l,-0.5494,0.009895938735993823,0.0629,450.7
Hilpda,-0.5494,0.009895938735993823,0.0629,10.51
Azi2,-0.5494,0.009895938735993823,0.0629,80.7
Gm44210,-0.5495,0.009867065246658344,0.0629,0.95
Gm37234,-0.5502,0.009762544448346351,0.0625,4.44
Gipc1,-0.5506,0.009687372375827947,0.0622,80.49
Myl2,-0.5516,0.009529799454949315,0.0615,0.41
Ism2,-0.5519,0.00948241340899865,0.0612,1.22
Smim30,-0.5519,0.00948241340899865,0.0612,105.26
Gm43829,-0.5519,0.00948241340899865,0.0612,7.27
Gm37999,-0.5519,0.00948241340899865,0.0612,4.06
Mien1,-0.5519,0.00948241340899865,0.0612,280.2
Rab37,-0.5519,0.00948241340899865,0.0612,26.23
Kcnk4,-0.5519,0.00948241340899865,0.0612,5.55
Map1lc3a,-0.5519,0.00948241340899865,0.0612,1610.51
Gsk3b,-0.5519,0.00948241340899865,0.0612,628.86
Dnmt3l,-0.5531,0.009307554595408614,0.0605,2.6
Kcnv1,-0.5531,0.009303997000341074,0.0605,4.63
Dpf2,-0.5532,0.009281014982756764,0.0604,80.48
Nipsnap3b,-0.5532,0.009281014982756764,0.0604,49.4
Gprin3,-0.554,0.009170891246576605,0.0604,6.62
Grk6,-0.5545,0.00908313059353282,0.0598,45.6
Rbx1,-0.5545,0.00908313059353282,0.0598,523.57
Prkg1,-0.5545,0.00908313059353282,0.0598,141.53
Gm38901,-0.5551,0.009006919708415552,0.0597,2.0
Oas1a,-0.5558,0.00888871408804349,0.0589,2.37
Gm45351,-0.5558,0.00888871408804349,0.0589,4.06
Idi1,-0.5558,0.00888871408804349,0.0589,158.17
Ddit3,-0.5558,0.00888871408804349,0.0589,51.45
Ufm1,-0.5558,0.00888871408804349,0.0589,62.38
Oas1g,-0.5566,0.008781924397373513,0.0586,1.04
Cdipt,-0.5571,0.008697719664340079,0.0581,184.39
Snx15,-0.5571,0.008697719664340079,0.0581,49.31
Mocs2,-0.5571,0.008697719664340079,0.0581,112.38
Gm15675,-0.5571,0.008697719664340079,0.0581,3.0
Ncoa1,-0.5571,0.008697719664340079,0.0581,68.08
C430002N11Rik,-0.5576,0.008627081574697014,0.058,0.33
Tecta,-0.5577,0.008622943750044711,0.058,1.12
Gm43152,-0.5584,0.008510101872800206,0.0573,1.16
Enoph1,-0.5584,0.008510101872800206,0.0573,29.6
Ccdc166,-0.5584,0.008510101872800206,0.0573,5.81
Gins2,-0.5584,0.008510101872800206,0.0573,2.35
Rab8b,-0.5584,0.008510101872800206,0.0573,73.7
Dph5,-0.5584,0.008510101872800206,0.0573,13.34
Gm43046,-0.5592,0.008406580189844824,0.0573,6.69
Camk2a,-0.5597,0.008325815617061407,0.0568,145.1
Gm8098,-0.5597,0.008325815617061407,0.0568,5.31
Arrb2,-0.5597,0.008325815617061407,0.0568,54.16
Ntan1,-0.5597,0.008325815617061407,0.0568,127.17
Selenow,-0.5597,0.008325815617061407,0.0568,4628.54
Nol3,-0.5597,0.008325815617061407,0.0568,166.35
Jpt1,-0.5597,0.008325815617061407,0.0568,257.16
Rnf11,-0.5597,0.008325815617061407,0.0568,246.91
Lsm6,-0.5597,0.008325815617061407,0.0568,272.32
Radil,-0.561,0.00814481615489852,0.0561,8.58
Gm20033,-0.561,0.00814481615489852,0.0561,2.46
BC028528,-0.561,0.00814481615489852,0.0561,4.25
Ulk2,-0.561,0.00814481615489852,0.0561,76.33
Flt1,-0.561,0.00814481615489852,0.0561,35.22
Pheta2,-0.561,0.00814481615489852,0.0561,0.88
A4galt,-0.561,0.00814481615489852,0.0561,28.59
Ryr1,-0.5621,0.007998870659644736,0.0557,0.99
Nptxr,-0.5623,0.007967059099044032,0.0555,138.06
Tlnrd1,-0.5623,0.007967059099044032,0.0555,47.91
Slc8b1,-0.5623,0.007967059099044032,0.0555,12.5
Nudt1,-0.5623,0.007967059099044032,0.0555,8.6
Wfdc17,-0.5631,0.007868315986897174,0.0553,1.24
Borcs6,-0.5636,0.007792500417952208,0.0548,76.82
Rnasel,-0.5636,0.007792500417952208,0.0548,19.01
Gm42767,-0.5647,0.007649534455654607,0.0542,2.35
Rab3d,-0.5649,0.007621096436507023,0.0541,128.83
Gpr135,-0.5649,0.007621096436507023,0.0541,10.23
Pip4p1,-0.5649,0.007621096436507023,0.0541,136.2
Tfdp2,-0.5649,0.007621096436507023,0.0541,40.92
Gm43318,-0.5649,0.007621096436507023,0.0541,9.76
Pglyrp1,-0.5649,0.007621096436507023,0.0541,4.56
4632428C04Rik,-0.5649,0.007621096436507023,0.0541,6.85
Tbx3,-0.5649,0.007621096436507023,0.0541,118.91
Milr1,-0.5658,0.007512787544478537,0.0538,2.03
Ywhab,-0.5662,0.007452803836674509,0.0534,777.76
Gm9895,-0.5662,0.007452803836674509,0.0534,1.85
Gm43320,-0.5662,0.007452803836674509,0.0534,8.2
1700030C10Rik,-0.5662,0.007452803836674509,0.0534,6.11
Gm10048,-0.5662,0.007452803836674509,0.0534,9.59
Nrsn1,-0.5662,0.007452803836674509,0.0534,402.47
Gm37696,-0.5664,0.007429218039284064,0.0534,0.56
Abca4,-0.5669,0.007371693767068244,0.0534,0.42
Gm26756,-0.567,0.007358691825657572,0.0533,0.54
Tes,-0.5675,0.007287579658099422,0.0528,56.46
Cks1b,-0.5675,0.007287579658099422,0.0528,11.74
Cep72,-0.5675,0.007287579658099422,0.0528,1.24
Zfp760,-0.5675,0.007287579658099422,0.0528,11.25
Fscn1,-0.5675,0.007287579658099422,0.0528,59.03
H3c15,-0.5675,0.007287579658099422,0.0528,12.97
Scd1,-0.5675,0.007287579658099422,0.0528,330.09
Gstm4,-0.5675,0.007287579658099422,0.0528,11.88
Apold1,-0.5675,0.007287579658099422,0.0528,39.87
Tnfaip8,-0.5684,0.007183084704774696,0.0526,6.03
Calca,-0.5688,0.007125381298647018,0.0522,113.86
Far2,-0.5688,0.007125381298647018,0.0522,9.87
Gm14379,-0.569,0.007102547610702991,0.0522,0.52
Wnt4,-0.5701,0.00696616651488972,0.0514,8.82
Dhx58,-0.5701,0.00696616651488972,0.0514,3.14
Mtfr1l,-0.5701,0.00696616651488972,0.0514,91.0
Sgtb,-0.5701,0.00696616651488972,0.0514,19.39
Serf1,-0.5701,0.00696616651488972,0.0514,164.0
Gm26839,-0.5701,0.00696616651488972,0.0514,1.49
Lgals1,-0.5701,0.00696616651488972,0.0514,901.79
Moxd1,-0.5714,0.006809893422539684,0.051,8.23
Xaf1,-0.5714,0.006809893422539684,0.051,20.98
Twf1,-0.5714,0.006809893422539684,0.051,43.44
Spns3,-0.5726,0.006666564384222752,0.0504,0.78
Tcp11l1,-0.5727,0.006656520496826805,0.0503,52.01
Reps2,-0.5727,0.006656520496826805,0.0503,54.0
Prelid3b,-0.574,0.006506006572823369,0.0496,75.99
Orai3,-0.574,0.006506006572823369,0.0496,26.87
C920006O11Rik,-0.574,0.006506006572823369,0.0496,4.26
Dnase1l3,-0.5748,0.0064207181580453335,0.0493,3.8
Gm42768,-0.5749,0.006410608484457451,0.0493,6.54
Rhebl1,-0.5753,0.006358310845714959,0.0489,25.36
1700101I11Rik,-0.5753,0.006358310845714959,0.0489,3.36
Arhgdia,-0.5753,0.006358310845714959,0.0489,589.73
Gnb1,-0.5753,0.006358310845714959,0.0489,893.12
Atp4a,-0.5766,0.006213392871018547,0.0483,1.01
Grk2,-0.5766,0.006213392871018547,0.0483,146.64
Ada,-0.5766,0.006213392871018547,0.0483,1.21
Trappc6b,-0.5766,0.006213392871018547,0.0483,206.69
Tmsb4x,-0.5766,0.006213392871018547,0.0483,6221.9
Pax8,-0.5775,0.006116927516594812,0.0481,0.89
Ccl1,-0.5777,0.006099285849617812,0.0481,0.53
Arhgef11,-0.5779,0.006071212564747679,0.0479,26.62
A330084C13Rik,-0.5779,0.006071212564747679,0.0479,7.15
Ldha,-0.5779,0.006071212564747679,0.0479,389.77
Sri,-0.5779,0.006071212564747679,0.0479,114.27
2010003K11Rik,-0.578,0.00605898870486077,0.0479,0.69
Gm42771,-0.5785,0.006008307052401254,0.0477,2.01
Slc39a11,-0.5792,0.005931730203525632,0.0472,14.98
Prkca,-0.5792,0.005931730203525632,0.0472,86.83
Mfsd9,-0.5792,0.005931730203525632,0.0472,9.16
Rapsn,-0.5792,0.005931730203525632,0.0472,49.9
A930005H10Rik,-0.5792,0.005931730203525632,0.0472,38.8
Cd55,-0.5792,0.005931730203525632,0.0472,45.15
Il13ra1,-0.5805,0.005794906424646416,0.0467,22.83
Gm3571,-0.5805,0.005794906424646416,0.0467,5.84
Gm43800,-0.5805,0.005794906424646416,0.0467,3.07
Rasgrp4,-0.5805,0.005801208837543363,0.0467,1.82
Arhgdig,-0.5818,0.00566070222608447,0.046,531.1
Nudt13,-0.5818,0.00566070222608447,0.046,8.45
Marchf2,-0.5818,0.00566070222608447,0.046,234.84
Lgals3,-0.5818,0.00566070222608447,0.046,13.07
S1pr3,-0.5818,0.00566070222608447,0.046,251.48
Gm12057,-0.5824,0.005600047375883502,0.0459,0.46
Camkv,-0.5824,0.005600047375883502,0.0459,3.04
Stat2,-0.5831,0.005529078966453104,0.0454,34.05
Nabp1,-0.5831,0.005529078966453104,0.0454,13.82
3110009E18Rik,-0.5831,0.005529078966453104,0.0454,4.54
Fer,-0.5831,0.005529078966453104,0.0454,13.82
Acp3,-0.5844,0.005399998364912409,0.0447,8.16
Cenpw,-0.5844,0.005399998364912409,0.0447,8.51
Gm9790,-0.5844,0.005399998364912409,0.0447,3.81
Plscr3,-0.5844,0.005399998364912409,0.0447,46.58
Osmr,-0.5844,0.005399998364912409,0.0447,18.91
Insm1,-0.5844,0.005399998364912409,0.0447,12.28
Ncoa7,-0.5857,0.005273422501026666,0.0441,633.88
Pitpnm2,-0.5857,0.005273422501026666,0.0441,104.73
Rhou,-0.5857,0.005273422501026666,0.0441,80.81
Rnf7,-0.587,0.005149313814572183,0.0433,399.37
Atg10,-0.587,0.005149313814572183,0.0433,25.95
Oaz2,-0.5883,0.005027635105295531,0.0426,253.76
Gm39302,-0.5883,0.005027635105295531,0.0426,0.95
Selenok,-0.5883,0.005027635105295531,0.0426,788.57
Fam32a,-0.5883,0.005027635105295531,0.0426,66.11
Brk1,-0.5883,0.005027635105295531,0.0426,331.67
Ptk7,-0.5883,0.005027635105295531,0.0426,13.82
Dynlrb1,-0.5896,0.004908349532622726,0.042,673.21
Fstl1,-0.5896,0.004908349532622726,0.042,1681.47
Samd1,-0.5896,0.004908349532622726,0.042,26.22
Prelid2,-0.5896,0.004908349532622726,0.042,1.65
Dmtf1,-0.5896,0.004908349532622726,0.042,21.23
Gm13582,-0.5896,0.004908349532622726,0.042,25.88
Dkkl1,-0.5899,0.004885844102183434,0.042,0.77
Plaur,-0.5905,0.004832355431014341,0.042,4.1
Wwp1,-0.5909,0.004791420615320205,0.0417,89.69
Socs4,-0.5909,0.004791420615320205,0.0417,32.22
Drd2,-0.5909,0.004791420615320205,0.0417,16.47
Pls3,-0.5922,0.0046768122311073605,0.0409,175.04
Kif13b,-0.5922,0.0046768122311073605,0.0409,14.89
Chst15,-0.5922,0.0046768122311073605,0.0409,48.91
Mid1ip1,-0.5922,0.0046768122311073605,0.0409,160.52
BC043934,-0.5928,0.004622107596159841,0.0408,0.92
Perp,-0.5935,0.004564488616221692,0.0403,13.09
Eepd1,-0.5935,0.004564488616221692,0.0403,37.2
Slc7a7,-0.5935,0.004564488616221692,0.0403,23.28
Lrpprc,-0.5935,0.004564488616221692,0.0403,107.02
Gstm1,-0.5935,0.004564488616221692,0.0403,80.4
Oas1d,-0.5938,0.004539459845380821,0.0403,1.09
Tlcd1,-0.5948,0.0044544143649366185,0.0397,14.4
Rnf38,-0.5948,0.0044544143649366185,0.0397,64.95
Svbp,-0.5948,0.0044544143649366185,0.0397,84.95
Pih1d1,-0.5948,0.0044544143649366185,0.0397,30.37
Cdyl2,-0.5948,0.0044544143649366185,0.0397,6.58
Mctp1,-0.5948,0.0044544143649366185,0.0397,158.95
Clca2,-0.5953,0.00440971600658864,0.0397,1.06
Rigi,-0.5961,0.004346554429032708,0.0392,16.43
Pdzd4,-0.5961,0.004346554429032708,0.0392,45.7
Slc5a5,-0.5961,0.004346554429032708,0.0392,49.66
1810021B22Rik,-0.5961,0.004346554429032708,0.0392,0.97
Gm41804,-0.5961,0.004346554429032708,0.0392,1.97
Rgs17,-0.5961,0.004346554429032708,0.0392,225.22
Nbl1,-0.5961,0.004346554429032708,0.0392,369.7
Aif1,-0.5974,0.004240874117222793,0.0388,2.49
Bzw1,-0.5974,0.004240874117222793,0.0388,103.23
Gfod1,-0.5974,0.004240874117222793,0.0388,58.43
Zfp970,-0.5974,0.004240874117222793,0.0388,1.46
Gm20488,-0.5987,0.0041373390945310074,0.0382,1.88
B230206L02Rik,-0.5987,0.0041373390945310074,0.0382,12.47
Ccnjl,-0.5987,0.0041373390945310074,0.0382,3.28
Dbx2,-0.5987,0.004137422270852726,0.0382,0.75
Gprin2,-0.5987,0.0041373390945310074,0.0382,16.88
Gm35853,-0.5997,0.004058287955856605,0.0381,0.93
Pde8a,-0.6,0.00403591538162697,0.0379,17.43
Zdhhc12,-0.6,0.00403591538162697,0.0379,14.06
Gm33940,-0.6,0.00403591538162697,0.0379,1.02
Gm12454,-0.6,0.004034924908211039,0.0379,0.94
Snn,-0.6013,0.003936569354114935,0.0373,93.93
Stn1,-0.6013,0.003936569354114935,0.0373,8.69
Cnih3,-0.6021,0.003877705093747766,0.0371,1.89
B230110C06Rik,-0.6026,0.003839267741778847,0.0368,4.2
Ppp3ca,-0.6026,0.003839267741778847,0.0368,318.52
Atp1b3,-0.6026,0.003839267741778847,0.0368,226.82
Pirt,-0.6026,0.003839267741778847,0.0368,538.82
Gm35248,-0.6026,0.003839267741778847,0.0368,1.51
Tmsb15l,-0.6039,0.003743977627783529,0.0362,9.24
Gm47133,-0.6039,0.003743977627783529,0.0362,1.11
Rabl3,-0.6039,0.003743977627783529,0.0362,16.54
Samd14,-0.6039,0.003743977627783529,0.0362,312.26
Stbd1,-0.6039,0.003743977627783529,0.0362,30.71
Gstt2,-0.6039,0.003743977627783529,0.0362,8.53
6530409C15Rik,-0.6039,0.003743977627783529,0.0362,2.02
Clvs1,-0.6052,0.003650666447832699,0.0356,47.53
Dlx3,-0.606,0.003590920329186817,0.0353,2.96
Cdc42,-0.6065,0.0035593019892842005,0.035,420.92
Ark2c,-0.6065,0.0035593019892842005,0.035,18.56
Terf1,-0.6065,0.0035593019892842005,0.035,69.75
Tubb2b,-0.6065,0.0035593019892842005,0.035,354.54
Gng8,-0.6065,0.0035593019892842005,0.035,33.1
Med11,-0.6065,0.0035593019892842005,0.035,24.14
Tmem176b,-0.6078,0.003469852390223125,0.0346,392.91
Calcb,-0.6078,0.003469852390223125,0.0346,22.95
Gca,-0.6078,0.003469852390223125,0.0346,12.32
Enpp6,-0.6079,0.003465499186768815,0.0346,1.19
Panct2,-0.6079,0.003465499186768815,0.0346,0.49
Gm20337,-0.6091,0.0033822861384930295,0.0342,1.92
Bambi,-0.6091,0.0033822861384930295,0.0342,54.85
Gosr2,-0.6091,0.0033822861384930295,0.0342,46.67
Vmo1,-0.6091,0.0033822861384930295,0.0342,1.03
F2rl2,-0.6104,0.0032965720706862613,0.0336,71.52
Lyplal1,-0.6104,0.0032965720706862613,0.0336,8.28
Dgkg,-0.6104,0.0032965720706862613,0.0336,83.53
Cnep1r1,-0.6104,0.0032965720706862613,0.0336,46.09
Sh3d19,-0.6117,0.0032126793710934476,0.033,23.51
Gm29050,-0.6122,0.0031806571646459804,0.033,0.78
Arl4d,-0.613,0.0031305775706129807,0.0325,12.85
Rap1b,-0.613,0.0031305775706129807,0.0325,144.39
2200002D01Rik,-0.613,0.0031305775706129807,0.0325,2.54
Hs3st4,-0.6143,0.0030502365456209725,0.0319,64.2
Gp1bb,-0.6143,0.0030502365456209725,0.0319,2.24
Ubl4a,-0.6143,0.0030502365456209725,0.0319,56.25
Taco1os,-0.6156,0.002971626516802123,0.0314,5.94
Frat2,-0.6156,0.002971626516802123,0.0314,41.67
Ift25,-0.6156,0.002971626516802123,0.0314,48.69
Cavin2,-0.6169,0.0028947180479421885,0.031,36.7
Slc10a6,-0.6169,0.0028947180479421885,0.031,13.84
Mei1,-0.6176,0.002853396409708573,0.0308,0.68
Htatip2,-0.6182,0.0028194820446825813,0.0304,53.08
Tnfaip8l3,-0.6182,0.0028194820446825813,0.0304,4.59
Actn4,-0.6182,0.0028194820446825813,0.0304,58.97
Gm13470,-0.6183,0.0028119251414773553,0.0304,2.37
Prrg4,-0.6195,0.0027458897532375583,0.0299,2.7
Smim29,-0.6195,0.0027458897532375583,0.0299,468.29
1700086O06Rik,-0.6195,0.0027458897532375583,0.0299,33.17
Gpc3,-0.6195,0.0027458897532375583,0.0299,5.7
9130019P16Rik,-0.6203,0.0027010260036526386,0.0298,0.64
Smug1,-0.6208,0.002673912759074672,0.0296,16.81
H1f2,-0.6208,0.002673912759074672,0.0296,111.85
Pip5k1b,-0.6208,0.002673912759074672,0.0296,25.74
Gm14261,-0.6222,0.0025950881922146285,0.0292,0.56
Chaf1b,-0.6234,0.0025346926925616103,0.0286,3.89
Mms22l,-0.6234,0.0025346926925616103,0.0286,1.39
Gm27040,-0.6234,0.00253566396695101,0.0286,2.4
Cox7a1,-0.6234,0.0025346926925616103,0.0286,45.31
Trappc1,-0.6234,0.0025346926925616103,0.0286,108.13
Arpc5,-0.6234,0.0025346926925616103,0.0286,183.02
Sema4f,-0.6234,0.0025346926925616103,0.0286,82.1
Ptrhd1,-0.6234,0.0025346926925616103,0.0286,53.59
Crybg3,-0.6247,0.002467394475033326,0.0281,8.95
Gkap1,-0.6247,0.002467394475033326,0.0281,72.17
Itpk1,-0.6247,0.002467394475033326,0.0281,69.42
Wnt10a,-0.6258,0.002411904972397161,0.0278,1.2
Cyb5r3,-0.626,0.002401601261543425,0.0277,352.38
Cd44,-0.626,0.002401601261543425,0.0277,37.3
Bst2,-0.626,0.002401601261543425,0.0277,26.69
Gpx1,-0.626,0.002401601261543425,0.0277,332.93
Mtcl3,-0.6273,0.002337286312784887,0.0273,147.06
Pts,-0.6273,0.002337286312784887,0.0273,96.15
Gm39090,-0.6273,0.002337286312784887,0.0273,1.98
Twist2,-0.6274,0.00233277757752538,0.0273,3.42
Ret,-0.6286,0.0022744232200460897,0.0269,284.83
Rbm11,-0.6286,0.0022744232200460897,0.0269,29.34
Mylip,-0.6286,0.0022744232200460897,0.0269,12.63
Mpv17l,-0.6286,0.0022744232200460897,0.0269,15.89
Hr,-0.6286,0.0022744232200460897,0.0269,10.46
Ldb2,-0.6286,0.0022744232200460897,0.0269,77.09
Bsn,-0.6299,0.002212985903649745,0.0266,119.72
Ldlr,-0.6299,0.002212985903649745,0.0266,218.34
Bbip1,-0.6299,0.002212985903649745,0.0266,59.53
Apoh,-0.6307,0.0021733429710502216,0.0266,0.76
Ppdpf,-0.6312,0.0021529486113597883,0.0263,204.91
Sdcbp,-0.6312,0.0021529486113597883,0.0263,545.09
Cdyl,-0.6312,0.0021529486113597883,0.0263,9.09
Pip4p2,-0.6312,0.0021529486113597883,0.0263,92.54
Akip1,-0.6325,0.002094285916756489,0.0259,14.07
Cavin3,-0.6325,0.002094285916756489,0.0259,55.34
9530080O11Rik,-0.6325,0.002094285916756489,0.0259,1.18
Col6a4,-0.6325,0.002094285916756489,0.0259,7.65
Pidd1,-0.6325,0.002094285916756489,0.0259,2.42
Scoc,-0.6325,0.002094285916756489,0.0259,398.99
Scn10a,-0.6338,0.002036972717580764,0.0255,124.73
Cenpk,-0.634,0.002028009773886099,0.0255,1.1
Gm7967,-0.6346,0.0020012678676982172,0.0253,1.64
Vwa5a,-0.6351,0.001980984234047954,0.0251,181.5
Syt9,-0.6351,0.001980984234047954,0.0251,64.48
Chrna6,-0.6359,0.0019460369320608811,0.0249,7.16
Mapk1ip1l,-0.6364,0.0019262960071318883,0.0247,78.11
Zmynd15,-0.6377,0.0018728838968196642,0.0243,1.9
Tmem176a,-0.6377,0.0018728838968196642,0.0243,277.34
Timeless,-0.6377,0.0018728838968196642,0.0243,38.84
Frat1,-0.6377,0.0018728838968196642,0.0243,8.76
Sbds,-0.6377,0.0018728838968196642,0.0243,52.48
Tpm2,-0.6377,0.0018728838968196642,0.0243,6.07
Stab2,-0.6378,0.0018686175847711889,0.0243,0.46
Gm43319,-0.6385,0.0018394156458804499,0.0243,3.23
Fa2h,-0.639,0.0018207240803378836,0.0241,3.4
Camkk2,-0.639,0.0018207240803378836,0.0241,43.62
Trappc6a,-0.6403,0.0017697930503508582,0.0237,54.52
Dnajc7,-0.6403,0.0017697930503508582,0.0237,119.03
Ddah1,-0.6416,0.0017200676131313903,0.0232,377.3
Stx2,-0.6416,0.0017200676131313903,0.0232,91.73
Adamtsl3,-0.6416,0.0017200676131313903,0.0232,14.26
Gpd1l,-0.6416,0.0017200676131313903,0.0232,41.55
Ap1s2,-0.6416,0.0017200676131313903,0.0232,167.77
Ttc12,-0.6442,0.0016241422989667685,0.0223,3.61
Msn,-0.6442,0.0016241422989667685,0.0223,249.07
Gnao1,-0.6455,0.0015778975857754145,0.0219,520.08
Cstb,-0.6455,0.0015778975857754145,0.0219,89.69
Scn11a,-0.6455,0.0015778975857754145,0.0219,60.13
Syt15,-0.6455,0.0015778975857754145,0.0219,7.11
2410004B18Rik,-0.6455,0.0015778975857754145,0.0219,49.75
Tmem256,-0.6468,0.001532768789018723,0.0216,329.83
Lims2,-0.6468,0.001532768789018723,0.0216,5.05
Tinagl1,-0.6481,0.0014887342546572638,0.0212,8.76
Sh3bgrl3,-0.6481,0.0014887342546572638,0.0212,1521.33
Mthfsl,-0.6481,0.0014887342546572638,0.0212,28.67
Psenen,-0.6481,0.0014887342546572638,0.0212,135.23
Hspb8,-0.6481,0.0014887342546572638,0.0212,311.65
Gm12854,-0.6489,0.0014601640522701079,0.0211,3.44
Nos1,-0.6494,0.0014457726307433873,0.0209,136.25
Bahd1,-0.6494,0.0014457726307433873,0.0209,19.46
Rpl19-ps11,-0.6494,0.0014457726307433873,0.0209,4.84
Proser2,-0.6506,0.001403862865417102,0.0205,14.81
Kdr,-0.6506,0.001403862865417102,0.0205,9.03
Gnpda1,-0.6519,0.0013629842048795116,0.0202,17.83
Prkx,-0.6519,0.0013629842048795116,0.0202,39.44
Mylk,-0.6532,0.0013231161913442719,0.0199,7.41
BC028471,-0.6532,0.0013231161913442719,0.0199,3.69
4833415N18Rik,-0.6532,0.0013231161913442719,0.0199,2.47
Idh1,-0.6532,0.0013231161913442719,0.0199,198.4
Ube2a,-0.6532,0.0013231161913442719,0.0199,90.85
Txndc17,-0.6545,0.0012842386609677322,0.0196,342.52
Ftl1,-0.6545,0.0012842386609677322,0.0196,2033.41
Cacna1c,-0.6545,0.0012842386609677322,0.0196,39.18
Eif1ax,-0.6545,0.0012842386609677322,0.0196,189.2
Syt4,-0.6545,0.0012842386609677322,0.0196,1292.21
Mgat4b,-0.6545,0.0012842386609677322,0.0196,67.47
Exoc6,-0.6558,0.0012463317417583473,0.0194,26.1
Litaf,-0.6558,0.0012463317417583473,0.0194,30.86
H2bc4,-0.6558,0.0012463317417583473,0.0194,84.04
Ssr3,-0.6558,0.0012463317417583473,0.0194,114.63
Ccdc170,-0.6559,0.0012434380548081477,0.0194,0.39
Gtpbp6,-0.6571,0.0012093758514660198,0.0191,60.37
P4ha3,-0.6571,0.0012093758514660198,0.0191,30.93
Pafah1b1,-0.6571,0.0012093758514660198,0.0191,641.47
Trpv1,-0.6571,0.0012093758514660198,0.0191,107.61
Pfn1,-0.6571,0.0012093758514660198,0.0191,319.94
Gm37962,-0.6574,0.0012033912368974373,0.0191,0.84
Gm48898,-0.6579,0.001188445152496046,0.0191,0.27
Fgl1,-0.658,0.0011853341100250168,0.019,1.59
Cript,-0.6584,0.0011733516954519037,0.0189,154.76
Lamb2,-0.6584,0.0011733516954519037,0.0189,4.5
Pold4,-0.6584,0.0011733516954519037,0.0189,51.4
AI661453,-0.6593,0.0011500864569076513,0.0188,2.16
Gnaq,-0.6597,0.0011382402645393446,0.0186,314.75
Mpc1,-0.6597,0.0011382402645393446,0.0186,493.04
Fkbp1a,-0.6597,0.0011382402645393446,0.0186,981.13
Gm26708,-0.6597,0.0011382402645393446,0.0186,0.87
Serpinb1b,-0.6606,0.0011155225661390385,0.0185,1.82
Dda1,-0.661,0.0011040228328465568,0.0184,247.42
Prkcd,-0.661,0.0011040228328465568,0.0184,116.42
Gm14322,-0.661,0.0011040228328465568,0.0184,4.04
Tmem150c,-0.661,0.0011040228328465568,0.0184,63.12
Chchd7,-0.661,0.0011040228328465568,0.0184,140.42
Gm48485,-0.6619,0.0010820055265104158,0.0183,0.48
Slc16a10,-0.6623,0.0010706809556016185,0.0182,5.66
Rnls,-0.6626,0.0010652406390808955,0.0182,1.43
mt-Ti,-0.6626,0.0010652406390808955,0.0182,1.83
Gm5,-0.6632,0.0010489576149174992,0.0181,5.21
Csnk2a2,-0.6636,0.0010381964669403802,0.0179,31.39
Gstm6,-0.6636,0.0010381964669403802,0.0179,11.99
Greb1l,-0.6636,0.0010381964669403802,0.0179,11.07
Gm41724,-0.6641,0.0010272127994034753,0.0179,0.96
Ulbp1,-0.6645,0.0010170622774951388,0.0178,1.18
AA387200,-0.6649,0.0010065514776879628,0.0177,1.45
Tbc1d14,-0.6649,0.0010065514776879628,0.0177,43.35
Pcdh1,-0.6649,0.0010065514776879628,0.0177,59.05
Tpm4,-0.6649,0.0010065514776879628,0.0177,79.5
Kcnip4,-0.6662,0.0009757283731243882,0.0174,56.05
Higd1a,-0.6662,0.0009757283731243882,0.0174,480.65
Cbr3,-0.6662,0.0009757283731243882,0.0174,9.37
Pabir1,-0.6662,0.0009757283731243882,0.0174,19.87
Mtcl1,-0.6662,0.0009757283731243882,0.0174,96.57
Bhmt,-0.6668,0.0009629821796365093,0.0174,0.4
H2-T10,-0.6671,0.0009556017305397895,0.0174,0.76
Cmpk1,-0.6675,0.000945709810734953,0.0173,211.23
Bean1,-0.6675,0.000945709810734953,0.0173,122.44
1110046J04Rik,-0.6675,0.000945709810734953,0.0173,49.47
Tomm5,-0.6675,0.000945709810734953,0.0173,333.71
Kirrel3os,-0.6684,0.0009260728436658926,0.0173,5.25
Ankrd49,-0.6688,0.0009164787179459876,0.0171,15.04
Dynll1,-0.6688,0.0009164787179459876,0.0171,821.26
Gm5424,-0.6688,0.0009164787179459876,0.0171,2.81
Cdk15,-0.6701,0.0008880182898465353,0.0169,10.05
Slc29a3,-0.6701,0.0008880182898465353,0.0169,15.96
Ppp1r2,-0.6714,0.0008603119868966404,0.0165,333.08
Prkag2,-0.6727,0.0008333435326227521,0.0161,124.19
A730020E08Rik,-0.6727,0.0008333435326227521,0.0161,11.64
Npy2r,-0.6727,0.0008333435326227521,0.0161,82.6
Rit1,-0.6727,0.0008333435326227521,0.0161,91.29
Gm6710,-0.674,0.0008070969113009054,0.0159,13.08
Chmp4b,-0.674,0.0008070969113009054,0.0159,353.27
Synrg,-0.674,0.0008070969113009054,0.0159,116.4
Wsb2,-0.674,0.0008070969113009054,0.0159,183.44
1110019D14Rik,-0.6753,0.0007815563656282296,0.0156,5.75
Atpaf2,-0.6753,0.0007815563656282296,0.0156,131.08
Eci3,-0.676,0.0007677491035184481,0.0156,0.73
Trappc4,-0.6779,0.0007325317500767633,0.015,190.96
Itga9,-0.6779,0.0007325317500767633,0.015,6.44
Thnsl2,-0.6779,0.0007325317500767633,0.015,3.88
Sh3kbp1,-0.6779,0.0007325317500767633,0.015,62.75
Amhr2,-0.6788,0.0007164887275395874,0.015,4.34
Gnal,-0.6792,0.0007090174365901509,0.0148,239.91
Eif4ebp1,-0.6805,0.0006861487068079914,0.0145,22.03
Prelid1,-0.6805,0.0006861487068079914,0.0145,280.24
Trarg1,-0.6805,0.0006861487068079914,0.0145,203.01
Shoc2,-0.6805,0.0006861487068079914,0.0145,126.29
Msrb2,-0.6818,0.0006639110602392585,0.0143,65.58
Dgki,-0.6818,0.0006639110602392585,0.0143,19.29
Jcad,-0.6818,0.0006639110602392585,0.0143,6.17
Myh9,-0.6818,0.0006639110602392585,0.0143,44.95
Elf1,-0.6818,0.0006639110602392585,0.0143,13.64
Rnase4,-0.6818,0.0006639110602392585,0.0143,26.67
Mustn1,-0.6831,0.0006422902406314428,0.0141,19.05
Gan,-0.6831,0.0006422902406314428,0.0141,55.09
Oas1e,-0.6843,0.0006223771089171018,0.0137,0.46
Gpr161,-0.6844,0.0006212722335769785,0.0137,37.53
Hmgcs1,-0.6844,0.0006212722335769785,0.0137,728.8
Slc35f2,-0.6844,0.0006212722335769785,0.0137,1.85
Gmnn,-0.6844,0.0006212722335769785,0.0137,8.86
Wipi2,-0.6844,0.0006212722335769785,0.0137,82.55
Trpa1,-0.6844,0.0006212722335769785,0.0137,92.05
Prss36,-0.6857,0.000600843264112635,0.0136,15.77
Atox1,-0.687,0.000580989794312528,0.0134,613.3
Rassf7,-0.687,0.000580989794312528,0.0134,3.3
Acat2,-0.6883,0.000561698520875261,0.0131,118.5
Avp,-0.6885,0.0005584330686529379,0.0131,2.92
Fam78b,-0.6896,0.0005429563727057949,0.0129,36.23
Ppef1,-0.6896,0.0005429563727057949,0.0129,39.13
Fbxl17,-0.6896,0.0005429563727057949,0.0129,42.16
Cdpf1,-0.6896,0.0005429563727057949,0.0129,34.36
Kcnf1,-0.6896,0.0005429563727057949,0.0129,11.29
Kctd10,-0.6909,0.0005247505084925803,0.0128,108.65
Gm17501,-0.6918,0.0005124548374764585,0.0126,2.35
Zeb2,-0.6922,0.0005070683142805511,0.0125,105.78
Vps4b,-0.6922,0.0005070683142805511,0.0125,121.91
Gm14305,-0.6922,0.0005070683142805511,0.0125,16.81
Scnn1a,-0.6935,0.0004898974010404597,0.0123,2.44
Htr5b,-0.6945,0.000476691190581807,0.0122,1.94
Pgpep1l,-0.6946,0.00047629042212276343,0.0122,0.71
Tmem141,-0.6948,0.00047322560223517863,0.0121,51.15
Jak1,-0.6948,0.00047322560223517863,0.0121,501.44
Iqcj,-0.6948,0.00047322560223517863,0.0121,4.83
4833412C05Rik,-0.695,0.00047037829834040737,0.0121,0.98
Gmnc,-0.6951,0.0004692871211073864,0.0121,2.74
Rpl5-ps1,-0.6954,0.00046525827513914006,0.0121,1.6
Gm8091,-0.6958,0.00046118298642525173,0.0121,0.32
Klk1b27,-0.6967,0.00044920434350827405,0.0119,0.84
T2,-0.697,0.00044603492384498157,0.0118,0.96
Dll3,-0.6974,0.00044133177962179474,0.0117,38.59
Cdkn1a,-0.6974,0.00044133177962179474,0.0117,69.42
Tuba1a,-0.6974,0.00044133177962179474,0.0117,1324.69
Mgarp,-0.6987,0.0004260865132646113,0.0115,2.58
Itga2,-0.6987,0.0004260865132646113,0.0115,47.07
Nrip3,-0.6987,0.0004260865132646113,0.0115,235.01
Myd88,-0.6987,0.0004260865132646113,0.0115,8.87
Ano7,-0.6989,0.00042346902194862477,0.0115,2.44
Ifit1bl1,-0.7,0.0004112938713638759,0.0114,4.93
Kif21a,-0.7,0.0004112938713638759,0.0114,1003.27
Baalc,-0.7,0.0004112938713638759,0.0114,47.61
Plcb3,-0.7013,0.0003969427632680485,0.0111,116.98
Cacna2d2,-0.7026,0.00038302230618131105,0.0108,50.29
Bag1,-0.7026,0.00038302230618131105,0.0108,363.36
Ceacam10,-0.7028,0.00038061968240427866,0.0108,11.33
Ric8a,-0.7039,0.0003695218227234079,0.0106,76.37
Ddr2,-0.7039,0.0003695218227234079,0.0106,12.6
C230012O17Rik,-0.7048,0.0003602471909512936,0.0106,0.95
Zfp560,-0.7052,0.0003564308384906877,0.0105,87.88
Arhgap15,-0.7052,0.0003564308384906877,0.0105,38.73
Cxcl16,-0.7065,0.0003437390796187949,0.0102,4.13
Pkib,-0.7065,0.0003437390796187949,0.0102,160.7
Gng2,-0.7065,0.0003437390796187949,0.0102,464.98
Gm43317,-0.7068,0.00034037958398989483,0.0102,1.38
Irf5,-0.7078,0.00033143647034757746,0.0101,7.01
Tex30,-0.7078,0.00033143647034757746,0.0101,5.97
Kctd11,-0.7078,0.00033143647034757746,0.0101,9.84
Grxcr1,-0.7087,0.00032314735115058455,0.01,0.51
Lst1,-0.7091,0.0003195131305886621,0.0099,18.59
Rras,-0.7091,0.0003195131305886621,0.0099,86.2
Necab1,-0.7091,0.0003195131305886621,0.0099,181.22
Gpd2,-0.7104,0.00030795937349621525,0.0097,37.99
Them4,-0.7104,0.00030795937349621525,0.0097,63.77
Tgfb1i1,-0.7104,0.00030795937349621525,0.0097,91.87
C130074G19Rik,-0.7104,0.00030795937349621525,0.0097,11.4
Cartpt,-0.7104,0.00030795937349621525,0.0097,495.89
Zbtb32,-0.7106,0.00030594440083572875,0.0097,0.81
2210408F21Rik,-0.7117,0.0002967657030413711,0.0096,62.19
Lims1,-0.7117,0.0002967657030413711,0.0096,112.44
Emp3,-0.7117,0.0002967657030413711,0.0096,55.7
Vcl,-0.7117,0.0002967657030413711,0.0096,94.87
Optn,-0.713,0.0002859228115908151,0.0095,19.87
Tmsb15b2,-0.713,0.0002859228115908151,0.0095,7.56
Fam241a,-0.7143,0.00027542157748998105,0.0094,27.23
Chrnb3,-0.7143,0.00027542157748998105,0.0094,22.15
Ifi27l2a,-0.7156,0.0002652530626513761,0.0093,297.93
Ptger1,-0.7169,0.00025540851014844843,0.0091,6.78
Gm31683,-0.7182,0.00024587934181549394,0.009,1.15
Fbxo36,-0.7182,0.00024587934181549394,0.009,14.36
Lox,-0.7195,0.00023665715585405198,0.0088,29.91
Prr13,-0.7195,0.00023665715585405198,0.0088,414.45
Vamp4,-0.7195,0.00023665715585405198,0.0088,156.38
Sertm1,-0.7195,0.00023665715585405198,0.0088,37.45
BB218582,-0.7208,0.00022773372444622573,0.0086,4.05
Gm45060,-0.7217,0.00022147057759522534,0.0084,0.54
Hacd2,-0.7221,0.0002191009913753788,0.0084,17.91
Depdc7,-0.7221,0.0002191009913753788,0.0084,2.15
Ppp1r18,-0.7221,0.0002191009913753788,0.0084,21.78
Mapk3,-0.7234,0.00021075106965465283,0.0082,1173.71
Sult6b1,-0.7243,0.00020487152251023495,0.0081,1.12
Lpar3,-0.7247,0.00020267623916371931,0.0081,10.38
Fam241b,-0.7247,0.00020267623916371931,0.0081,32.69
Haus4,-0.7247,0.00020267623916371931,0.0081,13.28
Smim14,-0.7273,0.00018732179160421095,0.0077,271.85
8430422H06Rik,-0.7276,0.00018531733144805975,0.0077,0.65
Prokr2,-0.7276,0.00018531733144805975,0.0077,0.91
Gpr149,-0.7299,0.00017297913582145047,0.0073,77.33
Dock9,-0.7299,0.00017297913582145047,0.0073,21.93
Socs2,-0.7299,0.00017297913582145047,0.0073,116.91
Mvd,-0.7312,0.0001661696357032209,0.0072,49.42
Gna13,-0.7312,0.0001661696357032209,0.0072,137.41
Rfxap,-0.7312,0.0001661696357032209,0.0072,48.34
Fabp5,-0.7312,0.0001661696357032209,0.0072,414.46
Gpr173,-0.7325,0.00015959227909270518,0.0071,15.65
Snhg18,-0.7338,0.00015324044854450608,0.0069,50.43
Cdk9,-0.7338,0.00015324044854450608,0.0069,60.0
Mymx,-0.7344,0.0001502796123113458,0.0069,0.36
Cimip3,-0.7347,0.00014871067645445962,0.0069,1.73
Efcab6,-0.7351,0.00014710767492018736,0.0068,60.19
Gm10575,-0.7351,0.00014710767492018736,0.0068,5.75
Pyroxd2,-0.7351,0.00014710767492018736,0.0068,1.05
Mpv17l2,-0.7364,0.0001411876351175595,0.0067,47.74
Btc,-0.7364,0.0001411876351175595,0.0067,3.83
Dlx4,-0.7371,0.00013795624263652286,0.0066,0.76
Spink10,-0.7377,0.00013547414981215296,0.0066,11.32
Col6a5,-0.7377,0.00013547414981215296,0.0066,8.86
Platr14,-0.7392,0.00012896370090525943,0.0065,1.0
Cysltr2,-0.7403,0.00012464283082086607,0.0063,58.44
Bik,-0.7416,0.00011951333722583987,0.0061,9.11
Nudt16,-0.7416,0.00011951333722583987,0.0061,23.31
Taldo1,-0.7429,0.00011456707388370871,0.006,88.45
Nlk,-0.7455,0.00010520239301192448,0.0057,53.35
Hs6st2,-0.7455,0.00010520239301192448,0.0057,52.64
Gnai2,-0.7455,0.00010520239301192448,0.0057,345.57
Gm7932,-0.7466,0.00010134206624027967,0.0056,1.19
Tmem183a,-0.7468,0.00010077337710134945,0.0056,85.37
Gm14418,-0.7468,0.00010077337710134945,0.0056,12.83
Emilin2,-0.7473,9.899122342710267e-05,0.0056,0.82
Pnlip,-0.7481,9.650639036965674e-05,0.0055,6.26
Ntsr1,-0.7481,9.650639036965674e-05,0.0055,7.09
Nubpl,-0.7481,9.650639036965674e-05,0.0055,6.4
Ahsa2,-0.7481,9.650639036965674e-05,0.0055,55.3
Amz1,-0.7494,9.239644804249884e-05,0.0054,5.49
Gm16701,-0.7506,8.84386872841125e-05,0.0053,3.33
Ass1,-0.7506,8.84386872841125e-05,0.0053,341.46
Marcks,-0.7519,8.462836509502957e-05,0.0052,338.15
Ccdc40,-0.7532,8.096085622580346e-05,0.0051,8.14
Pfkfb3,-0.7532,8.096085622580346e-05,0.0051,17.18
Kcnk16,-0.7547,7.706404658560341e-05,0.005,1.05
Aacs,-0.7558,7.403635379593029e-05,0.0049,73.37
Hyi,-0.7558,7.403635379593029e-05,0.0049,145.7
C330013E15Rik,-0.7623,5.892232504961184e-05,0.0043,3.3
S100a11,-0.7623,5.892232504961184e-05,0.0043,318.99
Dnase1l1,-0.7623,5.892232504961184e-05,0.0043,8.5
Lats2,-0.7623,5.892232504961184e-05,0.0043,42.71
Gpr35,-0.7636,5.624426843282801e-05,0.0042,11.44
Psd4,-0.7646,5.426708371289291e-05,0.0042,1.53
Pcsk9,-0.7666,5.061118040785694e-05,0.0039,1.11
Crip2,-0.7688,4.655842045881725e-05,0.0037,554.18
Dpysl3,-0.7753,3.6511080075003116e-05,0.0033,350.86
Vps37c,-0.7766,3.474548938772688e-05,0.0032,43.5
Ppp1r14b,-0.7766,3.474548938772688e-05,0.0032,128.24
Sncaip,-0.7766,3.474548938772688e-05,0.0032,8.43
Rspo4,-0.7792,3.143559712886148e-05,0.0031,25.1
Rab39,-0.7792,3.143559712886148e-05,0.0031,19.73
Mcur1,-0.7792,3.143559712886148e-05,0.0031,15.08
Cyp26a1,-0.7807,2.96983185643193e-05,0.003,1.27
Ralgps2,-0.7818,2.840326860518539e-05,0.0029,125.2
Arhgap28,-0.7818,2.840326860518539e-05,0.0029,97.01
Stat6,-0.7831,2.698491900595073e-05,0.0028,28.27
Enox2,-0.7844,2.5628582377650183e-05,0.0027,33.35
Cep15,-0.7857,2.433195084542448e-05,0.0027,63.88
Gm20186,-0.787,2.3092786396607597e-05,0.0027,12.02
Tnfrsf13b,-0.7876,2.252691743611044e-05,0.0027,0.75
Gm30400,-0.7883,2.1908919304485988e-05,0.0026,1.96
Niban2,-0.7883,2.1908919304485988e-05,0.0026,45.28
Gm47128,-0.7906,1.992005726918685e-05,0.0026,0.89
Nt5dc3,-0.7909,1.9698730400916632e-05,0.0026,102.31
Stard13,-0.7922,1.8668396670120465e-05,0.0025,27.06
Med10,-0.7922,1.8668396670120465e-05,0.0025,61.16
Atg3,-0.7922,1.8668396670120465e-05,0.0025,65.29
Chmp1a,-0.7935,1.7685333450402663e-05,0.0024,89.27
Lmo7,-0.7961,1.5853672956450275e-05,0.0023,14.75
Slc4a11,-0.7974,1.5001549621912613e-05,0.0022,9.98
Itga2b,-0.7987,1.4189641838423617e-05,0.0022,11.14
Dcdc2a,-0.8013,1.268003600094695e-05,0.0021,141.56
Npas1,-0.8013,1.268003600094695e-05,0.0021,6.39
Eif1a,-0.8026,1.1979252315368267e-05,0.002,88.85
Tmem54,-0.8026,1.1979252315368267e-05,0.002,63.88
Pgm2l1,-0.8039,1.1312510246084636e-05,0.002,538.55
Parvaos,-0.8052,1.0678393833166849e-05,0.0019,2.15
Lrrc8b,-0.8104,8.4415335721491e-06,0.0017,136.15
Fxyd2,-0.8104,8.4415335721491e-06,0.0017,1123.03
Bltp3b,-0.8117,7.95095668354559e-06,0.0017,71.42
Dctn4,-0.8143,7.044009255480809e-06,0.0016,228.12
Ptrh1,-0.8195,5.4974365122467775e-06,0.0015,14.0
Selenov,-0.8195,5.4974365122467775e-06,0.0015,15.31
Peli1,-0.8208,5.16078254852357e-06,0.0015,67.24
Gm16201,-0.8221,4.8423133697574794e-06,0.0015,4.14
Plekho2,-0.826,3.987720946468143e-06,0.0013,17.78
Gpr174,-0.8273,3.7338564670139893e-06,0.0013,15.34
Fmo5,-0.8286,3.494265356687363e-06,0.0012,5.12
Mpped1,-0.8299,3.268255517738792e-06,0.0012,9.27
Tmem158,-0.8468,1.2982333748379679e-06,0.0008,97.73
Klf7,-0.8805,1.4004148957869315e-07,0.0003,584.94
Kif22,-0.8987,3.140551058161413e-08,0.0002,56.45
