,GSE102443 geniculate (VII),GSE135801 geniculate (VII),GSE309608 vestibular (VIII),GSE232789 stellate,GSE232789 coeliac,GSE232789 lumbar chain,GSE231766 superior cervical,GSE231924 stellate,GSE232789 sphenopalatine,GSE330884 intrinsic cardiac,GSE232789 pelvic,"GSE263422 enteric submucosal, P24","GSE263422 enteric submucosal, P7"
0610009B22Rik,0.109,0.505,-0.124,-0.093,0.309,0.098,0.333,-0.304,-0.081,-0.082,0.069,-0.183,0.027
0610009L18Rik,0.349,-1.2,-0.189,0.078,-0.156,0.048,-0.557,,-0.076,,0.275,-0.451,0.28
0610010F05Rik,-0.085,-0.172,0.145,0.127,-0.059,0.035,0.183,0.004,-0.061,-0.006,0.069,0.012,0.047
0610010K14Rik,0.005,-0.28,-0.11,-0.07,-0.643,-0.098,-0.33,-0.372,0.016,-0.181,-0.118,-0.354,-0.145
0610012G03Rik,-0.005,-0.236,-0.179,-0.019,0.305,-0.062,-0.072,0.157,0.015,-0.127,0.011,-0.245,0.119
0610040B10Rik,0.152,,-0.028,0.077,-0.314,0.001,0.662,,0.134,-0.009,0.042,-0.217,-0.179
1110002L01Rik,0.121,,-0.156,0.061,0.413,0.298,-1.36,,-0.169,0.094,0.134,-0.113,0.017
1110004F10Rik,-0.056,0.129,-0.129,-0.047,0.012,0.002,0.007,0.107,-0.09,-0.127,-0.079,-0.281,-0.05
1110008P14Rik,0.127,0.116,-0.034,0.012,0.596,0.107,-0.129,0.073,0.059,-0.116,0.07,-0.122,-0.001
1110012L19Rik,-0.036,-0.645,-0.171,-0.004,-0.081,-0.063,,0.239,-0.103,-0.145,0.036,-0.283,0.126
1110032A03Rik,-0.059,-0.592,-0.031,-0.043,-0.312,0.068,0.21,0.175,-0.041,-0.165,0.027,-0.139,0.016
1110038F14Rik,0.027,-0.582,-0.064,-0.068,-0.216,-0.237,-0.379,-0.378,-0.1,-0.067,-0.142,-0.197,-0.094
1110046J04Rik,0.061,-1.284,-0.009,0.062,0.329,0.037,-0.068,-0.199,-0.179,-0.109,0.004,-0.214,-0.004
1110051M20Rik,0.004,0.466,0.004,0.038,0.025,-0.14,0.1,-0.445,-0.08,0.031,0.036,0.06,0.156
1110059E24Rik,-0.074,0.356,-0.083,0.032,0.242,-0.098,0.185,0.052,-0.074,-0.135,0.04,0.128,0.274
1110059G10Rik,-0.144,0.58,-0.08,-0.114,0.267,-0.202,-0.091,-0.899,-0.157,-0.054,-0.23,-0.102,-0.096
1110065P20Rik,-0.029,-0.525,-0.163,0.025,0.351,0.08,0.144,0.026,-0.036,-0.129,0.007,-0.189,-0.074
1190005I06Rik,0.465,,0.303,-0.075,0.076,-0.117,0.437,,0.074,0.009,0.006,-0.215,-0.21
1190007I07Rik,0.248,-1.644,-0.145,-0.017,-0.031,0.385,-0.898,,-0.011,-0.097,-0.202,-0.122,-0.128
1300002E11Rik,0.165,-1.929,-0.116,0.133,-0.091,-0.224,-0.424,-0.442,0.04,-0.071,0.031,-0.128,0.246
1500009L16Rik,0.349,0.135,0.091,-0.091,-1.034,-0.328,0.336,-0.131,0.104,-0.094,-0.118,-0.503,-0.345
1500011B03Rik,-0.05,-0.123,-0.029,-0.067,0.366,0.021,0.041,-0.182,-0.023,-0.069,0.109,0.002,0.046
1600002K03Rik,-0.141,0.247,-0.006,-0.044,0.016,0.509,,-0.023,-0.071,-0.154,0.101,-0.092,-2.075
1600012H06Rik,-0.005,-1.212,0.171,-0.066,-0.43,-0.512,0.086,,0.253,0.178,-0.042,-0.149,-0.182
1600014C10Rik,0.475,-0.09,0.034,-0.001,0.103,0.021,-0.23,-0.376,0.035,0.124,-0.069,0.412,-0.019
1600020E01Rik,0.044,1.687,-0.032,0.166,-0.372,-0.085,-0.728,-0.837,-0.044,-0.188,-0.055,0.016,0.129
1700021F05Rik,-0.016,-0.133,-0.065,-0.12,-0.112,0.339,,0.783,-0.049,-0.062,-0.057,-0.173,0.148
1700025G04Rik,0.08,-0.136,0.025,0.115,0.196,-0.115,0.142,0.07,0.148,0.059,0.271,0.421,-0.025
1700030K09Rik,0.264,-0.765,0.1,-0.048,-1.373,0.137,,,-0.309,0.109,-0.585,0.291,-0.494
1700037C18Rik,0.032,-0.478,-0.055,0.012,0.504,0.035,-0.741,,-0.312,0.08,0.094,0.097,-0.064
1700037H04Rik,0.071,-0.256,-0.244,-0.051,0.093,0.214,-0.02,-0.124,0.029,-0.122,0.059,-0.013,0.091
1700048O20Rik,0.424,1.863,-0.012,0.127,-0.53,0.214,,,-0.071,-0.254,0.064,,0.423
1700066M21Rik,0.235,0.668,0.198,0.269,0.67,0.492,-1.08,,-0.062,0.021,0.294,0.074,
1700086O06Rik,0.163,-1.554,-0.139,0.081,0.492,-0.364,-0.103,0.133,-0.017,-0.015,0.012,0.165,0.09
1700088E04Rik,0.151,,-0.21,-0.106,0.374,-0.36,,,-0.081,0.055,-0.063,0.018,0.245
1700123O20Rik,0.051,-0.271,-0.091,0.025,0.086,-0.076,0.264,0.294,-0.022,-0.101,-0.02,-0.099,0.007
1810009A15Rik,0.122,0.902,-0.019,-0.21,0.71,0.247,,,-0.62,0.024,-0.479,-0.478,
1810013L24Rik,-0.189,-0.146,0.121,0.036,0.109,0.004,-0.15,-0.742,0.0,0.013,0.046,0.289,0.051
1810030O07Rik,-0.279,0.2,0.038,0.029,-0.01,0.113,0.156,-0.415,-0.069,0.048,-0.102,-0.018,-0.087
1810037I17Rik,-0.013,-0.119,-0.151,-0.026,0.234,0.208,-0.256,-0.213,-0.007,-0.111,0.06,-0.247,0.028
1810044D09Rik,0.282,,-0.071,0.242,0.109,0.01,-0.616,,-0.138,-0.122,0.139,,-1.878
1810055G02Rik,0.222,0.279,0.089,-0.008,0.289,0.394,-0.116,,0.009,0.203,0.15,-0.081,0.088
1810058I24Rik,-0.065,-0.157,-0.039,0.061,0.302,0.103,-0.014,0.245,-0.007,-0.115,0.118,-0.315,-0.127
2010315B03Rik,0.047,-0.283,0.111,-0.074,0.209,-0.004,0.747,-0.251,0.159,0.047,-0.054,-0.002,0.128
2010320M18Rik,-0.066,0.91,-0.21,-0.056,0.451,0.358,-0.087,-0.766,-0.11,-0.198,0.077,-0.471,0.023
2210016F16Rik,-0.329,-0.361,-0.111,-0.067,-0.063,-0.249,0.155,-0.554,-0.048,-0.109,-0.303,-0.008,-0.035
2210016L21Rik,0.14,0.059,-0.184,-0.043,0.163,0.025,0.069,0.138,-0.05,-0.078,-0.071,0.016,0.114
2210408I21Rik,0.205,-0.181,0.06,-0.142,0.289,0.003,1.088,,0.033,0.095,0.194,-0.091,0.184
2300009A05Rik,-0.226,-0.105,-0.085,-0.061,0.239,-0.344,0.319,-0.393,-0.028,-0.036,0.243,-0.055,0.081
2310009B15Rik,0.046,0.413,-0.064,-0.011,0.227,-0.275,-0.025,-0.59,0.038,-0.106,0.056,-0.246,0.006
2310011J03Rik,0.092,-0.622,-0.087,0.041,-0.197,-0.284,-0.231,-0.011,-0.015,-0.062,-0.036,0.015,-0.105
2310022A10Rik,-0.758,0.589,0.051,-0.008,0.53,0.095,-0.686,,-0.064,0.132,-0.064,0.325,0.314
2310022B05Rik,0.465,0.133,-0.291,-0.148,-0.391,-0.063,-0.125,-0.291,-0.128,0.077,0.109,-0.008,-0.436
2310033P09Rik,0.132,-1.349,-0.161,0.0,0.215,-0.195,0.172,0.103,-0.137,-0.048,-0.025,-0.18,0.021
2310039H08Rik,0.21,1.364,-0.22,-0.084,0.149,0.088,-0.4,,-0.091,-0.167,0.018,-0.369,-0.079
2310057M21Rik,-0.043,-0.795,-0.082,0.063,-0.264,0.136,0.522,-0.275,0.075,0.053,0.093,-0.096,-0.156
2310061I04Rik,0.023,0.16,0.031,-0.04,-0.103,-0.531,0.158,0.261,-0.063,0.061,-0.034,0.042,0.021
2410002F23Rik,0.04,1.088,0.046,-0.063,-0.286,0.048,0.179,0.054,-0.121,0.087,-0.004,-0.003,0.048
2410004B18Rik,0.146,0.329,-0.079,-0.026,0.056,-0.084,-0.098,-0.163,-0.036,-0.11,-0.02,-0.154,-0.057
2410131K14Rik,0.056,0.443,0.193,-0.124,0.43,0.218,,0.407,-0.046,0.113,-0.075,0.214,-0.028
2510002D24Rik,0.013,-0.486,-0.139,-0.027,0.17,-0.037,0.442,0.316,-0.014,-0.06,-0.062,-0.212,-0.26
2510009E07Rik,-0.109,0.0,-0.033,-0.163,-0.07,-0.644,-0.216,,0.218,-0.014,0.089,0.913,
2510039O18Rik,0.105,-0.205,0.288,0.068,0.499,0.292,0.379,0.518,0.185,0.272,0.007,0.177,-0.018
2610001J05Rik,0.065,0.495,-0.095,0.042,0.149,-0.026,0.321,0.248,0.009,-0.024,0.008,-0.36,0.081
2610002M06Rik,-0.002,-0.06,-0.035,0.069,0.345,0.002,0.444,0.541,-0.079,0.042,-0.113,0.172,-0.092
2610008E11Rik,0.604,-0.708,0.048,-0.06,-0.322,-0.096,-0.991,-0.054,0.085,0.121,-0.039,0.098,0.148
2610035D17Rik,-0.304,0.886,-0.199,-0.114,-0.034,1.103,-0.311,,-0.332,-0.107,0.067,-0.039,
2610301B20Rik,0.122,-0.542,-0.037,0.112,-0.415,0.178,-0.557,0.083,0.188,-0.075,-0.058,0.121,0.175
2610507B11Rik,0.099,-0.177,0.281,0.187,-0.032,0.138,0.433,-0.126,0.045,0.127,0.153,0.13,-0.102
2700049A03Rik,-0.123,-1.587,0.03,-0.133,-0.378,0.072,0.025,0.425,-0.31,0.406,-0.128,-0.174,-0.349
2700062C07Rik,-0.298,-0.514,-0.031,-0.149,-0.279,-0.26,-0.09,-0.752,-0.026,-0.061,-0.079,-0.055,-0.498
2700081O15Rik,-0.097,0.004,0.081,0.218,-0.414,0.149,0.302,-0.407,0.069,0.166,0.116,0.199,-0.132
2700097O09Rik,-0.016,0.189,0.093,-0.26,-0.969,-0.17,-1.574,0.141,-0.127,-0.008,-0.06,0.084,0.004
2810001G20Rik,-0.16,0.493,-0.074,0.009,0.183,-0.099,-0.785,0.07,0.067,-0.103,0.054,-0.321,0.047
2810004N23Rik,0.213,-0.87,-0.133,-0.093,0.23,-0.321,0.142,-0.119,0.068,-0.06,-0.019,-0.21,0.014
2810006K23Rik,0.207,0.821,-0.314,0.111,0.078,-0.137,0.323,0.34,0.211,0.002,-0.026,0.027,-0.202
2810032G03Rik,0.658,0.888,0.545,-0.215,-0.336,-0.161,,,-0.149,-0.369,-0.364,-0.759,-0.589
2900076A07Rik,-0.221,,-0.104,-0.051,-0.489,-0.065,-0.028,-0.318,-0.016,-0.048,0.086,0.123,-0.029
2900079G21Rik,-0.063,-0.561,-0.538,-0.019,-0.275,-0.811,,,0.047,0.046,,0.33,-0.091
2900097C17Rik,-0.003,0.266,0.247,-0.002,0.06,0.158,,-0.208,0.082,0.172,0.054,,
3110009E18Rik,-0.041,-0.252,-0.009,-0.052,0.098,-0.505,,,-0.134,-0.214,-0.333,-0.352,-0.893
3110040N11Rik,0.04,0.864,-0.104,-0.137,0.328,0.274,0.084,-0.956,0.048,-0.111,0.065,-0.061,0.065
3110082I17Rik,0.041,0.359,-0.067,-0.031,-0.867,0.041,0.163,,0.322,-0.071,0.071,0.132,
3830406C13Rik,-0.108,0.109,-0.023,-0.059,-0.248,0.329,0.305,0.197,-0.079,-0.046,0.111,-0.024,-0.149
4732491K20Rik,0.073,-1.535,-0.039,-0.037,-0.147,-0.178,0.93,,-0.066,-0.12,0.166,0.099,0.144
4833420G17Rik,-0.104,0.006,0.144,0.01,-0.585,-0.13,0.501,-0.21,-0.017,0.149,0.003,-0.039,0.102
4833439L19Rik,0.108,-0.108,0.045,0.02,0.055,-0.011,-0.079,0.174,0.009,0.025,0.106,-0.012,-0.083
4921524J17Rik,0.009,-0.023,-0.181,-0.083,-0.482,-0.29,-0.121,-0.101,-0.065,-0.063,0.038,-0.263,0.002
4930402H24Rik,-0.192,0.957,0.187,-0.006,-0.193,-0.03,0.398,0.285,0.06,0.215,0.14,0.044,0.022
4930430F08Rik,0.097,0.09,-0.116,-0.01,0.188,-0.008,0.838,0.312,-0.094,0.005,-0.069,-0.25,-0.588
4930453N24Rik,0.167,0.569,-0.075,0.005,0.042,-0.015,-0.741,-1.274,0.139,-0.001,0.088,0.04,0.089
4930503L19Rik,0.188,,0.157,-0.111,-0.838,-0.302,0.361,0.133,-0.236,0.128,0.06,-0.098,
4931406C07Rik,1.069,-1.01,0.031,0.032,-0.155,-0.199,0.289,-0.72,0.006,0.002,0.194,-0.149,-0.191
4931406P16Rik,0.032,-0.275,-0.003,0.138,0.311,-0.126,,0.522,0.143,0.069,-0.021,0.06,-0.082
4931428F04Rik,0.24,-0.529,0.101,0.026,-0.003,0.005,0.577,0.381,-0.033,0.102,-0.091,0.037,0.071
4932438A13Rik,0.061,-0.05,0.185,-0.046,-0.041,0.104,0.362,0.157,0.12,0.24,0.06,0.018,0.24
4933431E20Rik,0.114,-1.006,0.05,-0.053,0.823,0.257,0.381,-0.072,-0.001,-0.012,-0.102,-0.084,-0.214
4933434E20Rik,0.049,-0.105,0.058,-0.047,0.001,0.026,0.054,-0.111,-0.048,-0.002,0.095,0.025,0.031
5031439G07Rik,0.035,-0.043,0.368,0.059,-0.002,0.117,0.093,0.082,0.003,0.12,0.131,0.128,0.007
5330417C22Rik,-0.299,0.559,0.085,-0.013,0.132,-0.642,,0.291,0.066,0.232,0.58,0.147,-1.313
5330434G04Rik,0.003,0.138,0.196,0.093,0.309,-0.04,0.899,-0.051,0.11,0.102,0.002,0.034,0.044
5430416N02Rik,-0.131,0.268,0.027,-0.001,-0.538,-0.239,-0.683,,0.154,-0.101,-0.053,-0.305,-0.788
5730409E04Rik,-0.126,-0.283,0.169,-0.069,0.257,-0.086,-0.175,-0.788,-0.054,0.188,0.159,0.208,0.086
5730455P16Rik,0.218,-0.101,0.015,-0.082,0.053,-0.004,0.422,0.146,0.043,0.083,0.005,0.001,-0.245
5730480H06Rik,1.164,,-0.085,-0.067,0.438,-0.085,0.795,0.09,-0.055,-0.025,-0.007,,
6030458C11Rik,0.092,-0.821,0.144,0.025,0.306,0.244,0.184,0.481,0.057,0.155,-0.089,0.162,0.295
6330403K07Rik,-0.329,0.018,-0.159,0.014,0.385,-0.011,0.236,-0.097,0.002,-0.039,0.128,0.202,0.202
6330409D20Rik,0.362,1.319,0.142,-0.134,0.336,0.266,,,-0.305,-0.153,0.015,,-0.461
6430548M08Rik,-0.092,0.013,0.208,-0.065,0.048,-0.122,0.388,-0.307,0.04,0.163,0.143,0.225,0.112
9130401M01Rik,-0.184,-0.579,-0.151,0.106,0.251,0.056,0.157,-0.366,-0.113,-0.036,-0.171,-0.209,-0.105
9330151L19Rik,-0.674,-0.873,0.09,0.073,-0.845,-0.256,0.264,,-0.076,,-0.046,0.218,-0.089
9330158H04Rik,-0.116,-0.156,,0.198,0.215,0.308,-0.41,-0.237,0.146,-0.078,-0.285,,0.538
9330159F19Rik,-0.154,-0.282,0.178,0.056,-0.123,0.186,0.058,0.153,0.054,0.167,0.226,0.079,0.247
9330182L06Rik,-0.042,-0.043,0.26,0.096,0.107,0.136,,0.21,0.092,0.219,0.128,0.262,0.003
9430038I01Rik,0.569,-0.703,-0.169,-0.066,-0.663,-0.191,0.151,,-0.016,-0.121,0.145,-0.011,-0.596
9530059O14Rik,0.096,0.663,0.187,0.106,0.165,0.183,0.855,0.128,0.124,0.238,0.039,-0.412,-0.221
9530068E07Rik,0.023,0.348,0.279,-0.051,-0.105,-0.158,0.289,-0.514,-0.028,0.19,0.005,0.243,-0.097
9530077C05Rik,0.09,-0.729,-0.138,-0.074,-0.15,-0.877,0.487,-0.19,0.26,-0.076,0.203,-0.141,0.221
9530082P21Rik,0.02,0.138,-0.055,,0.215,-0.583,0.015,0.389,-0.087,0.064,0.08,-0.201,
9930021J03Rik,-0.279,-0.252,0.113,-0.026,-0.148,-0.19,0.315,0.234,-0.049,0.045,-0.076,-0.001,-0.051
A130010J15Rik,0.122,-0.82,0.159,-0.14,0.391,-0.604,-0.6,,-0.102,0.074,0.157,0.029,-0.806
A230057D06Rik,-0.512,-0.315,0.27,0.19,-0.402,0.319,0.376,0.185,-0.004,0.343,0.067,,
A330102I10Rik,0.214,-0.229,0.189,0.26,0.831,-0.429,0.143,0.522,-0.166,-0.121,-0.32,-0.041,0.277
A430005L14Rik,-0.089,0.121,-0.098,-0.251,-0.33,0.15,-0.061,-0.896,0.082,-0.093,-0.129,-0.078,-0.055
A430033K04Rik,-0.84,,0.104,0.215,0.573,-0.311,,,-0.117,-0.178,0.051,0.168,-0.854
A4galt,0.362,0.37,,-0.104,0.249,1.265,0.222,-0.219,-0.005,0.067,0.279,0.224,0.472
A830018L16Rik,-0.277,0.099,0.083,-0.011,0.763,0.45,0.533,0.041,0.041,0.011,-0.003,-0.14,-0.115
A930015D03Rik,0.044,-0.215,0.007,0.02,-0.622,-0.091,,,0.001,-0.089,-0.587,,-0.428
AI413582,-0.108,-0.425,-0.067,-0.057,0.528,0.013,-0.119,0.296,0.103,-0.076,0.147,-0.166,0.04
AI504432,-0.041,0.159,-0.189,-0.163,-0.442,-0.641,-0.048,0.123,0.298,0.117,0.007,,
AI597479,-0.035,-0.321,0.085,0.1,0.375,0.105,-0.819,-0.297,-0.069,0.001,0.079,0.031,0.231
AI837181,-0.063,-0.002,-0.051,0.105,0.521,-0.151,-0.242,0.137,-0.038,0.053,0.115,0.093,0.018
AI854703,-0.082,-0.957,0.126,0.054,-0.344,-0.229,-0.061,,0.12,-0.027,0.197,0.064,0.134
AI987944,-0.047,-1.153,0.085,-0.051,0.134,0.475,0.255,,-0.114,-0.073,-0.108,-0.178,-0.249
AU022252,0.155,-0.988,-0.019,0.155,-0.268,-0.226,-0.302,0.226,0.135,-0.045,0.205,0.106,0.023
AU040320,-0.029,0.478,0.26,-0.129,-0.001,-0.196,0.339,0.641,-0.056,0.311,-0.095,-0.055,-0.043
AU041133,0.355,-0.305,0.165,0.231,-0.073,0.077,,0.05,0.008,-0.036,0.037,0.043,-0.006
AW209491,-0.168,-0.387,-0.147,-0.071,-0.173,0.046,0.528,-0.458,0.073,-0.119,-0.049,0.036,-0.04
AW549877,0.022,0.184,0.068,0.076,-0.11,-0.038,0.256,0.017,-0.032,0.157,0.079,-0.015,0.041
AW551984,-0.622,-0.297,,-0.031,-0.011,0.029,0.055,-0.031,0.049,0.079,0.099,-0.006,0.21
AW554918,0.293,-0.275,0.085,0.093,-0.282,0.281,-1.438,,0.247,0.008,0.03,0.08,-1.014
Aaas,0.155,-0.758,0.042,0.25,0.119,-0.089,0.291,,0.016,0.269,-0.164,0.167,-0.628
Aacs,0.304,-0.155,0.077,0.137,0.288,0.318,0.135,0.056,0.141,0.313,0.027,0.043,0.395
Aagab,0.211,-0.09,0.094,0.066,0.143,-0.388,-0.237,0.023,0.073,0.066,0.173,-0.152,-0.281
Aak1,0.152,0.168,0.085,0.009,0.281,-0.295,0.359,-0.083,0.113,0.129,0.06,0.22,0.047
Aamp,-0.143,-0.262,-0.077,-0.05,0.302,-0.032,-0.302,-0.175,-0.097,-0.024,-0.088,-0.01,0.075
Aars,0.198,0.345,0.143,0.053,-0.089,0.059,-0.358,0.382,0.009,0.164,0.086,0.126,0.119
Aars2,0.019,0.666,-0.006,0.11,0.392,0.629,0.74,0.167,0.3,0.251,0.072,-0.129,-0.138
Aarsd1,0.13,0.461,-0.216,-0.115,0.262,-0.003,,0.09,-0.011,-0.116,-0.135,,-0.692
Aasdh,-0.227,-2.154,0.098,0.012,-0.403,-0.003,,0.582,0.107,0.15,-0.364,-0.12,
Aasdhppt,0.057,0.013,-0.04,0.033,0.019,-0.176,-0.008,-1.01,-0.215,-0.056,-0.171,-0.178,0.098
Aatf,-0.614,0.566,0.035,0.248,0.419,-0.23,0.076,-0.558,-0.235,0.021,-0.032,0.0,-0.059
Aatk,0.01,0.001,0.205,-0.104,0.454,0.406,0.62,-0.044,0.06,0.341,0.152,0.205,0.332
Abca1,-0.745,0.269,-0.025,-0.373,-1.041,-0.488,-0.192,0.068,-0.146,-0.069,-0.089,0.776,
Abca2,0.348,0.553,0.324,0.228,-0.154,-0.115,0.406,-0.028,0.109,0.206,0.234,0.44,-0.841
Abca3,0.367,1.792,0.401,0.095,0.303,0.362,0.498,-0.048,0.145,0.306,0.122,-0.018,-0.082
Abca5,-0.01,-0.265,0.344,-0.021,0.215,0.12,1.008,-0.308,-0.06,0.267,0.1,-0.075,0.067
Abca7,0.133,-0.09,0.422,0.228,0.453,0.104,0.239,0.069,0.102,0.398,0.216,-0.025,0.049
Abca8a,0.613,0.595,-0.613,-0.023,-0.769,-0.102,-0.58,-0.642,-0.624,-0.066,0.465,,
Abca8b,0.046,0.682,0.102,-0.195,0.098,-0.094,0.22,-0.285,-0.018,0.17,0.121,0.01,-0.784
Abcb10,-0.008,-0.005,0.08,0.04,0.691,-0.104,0.353,0.099,0.05,0.29,0.08,0.207,-0.356
Abcb1a,-0.338,-0.076,-0.896,0.133,1.373,-0.46,0.724,-0.013,0.303,0.275,0.501,-0.409,
Abcb6,-0.112,0.971,0.444,0.109,0.313,0.358,,-0.673,0.104,0.303,-0.124,0.002,-0.168
Abcb7,-0.326,-0.783,0.21,0.132,0.703,-0.272,0.144,,-0.043,0.182,0.352,0.172,-0.63
Abcb8,0.115,0.565,0.237,-0.048,-0.549,0.046,-0.13,0.259,-0.079,0.23,-0.0,0.018,0.098
Abcb9,0.036,-0.427,0.458,0.146,0.92,0.148,0.931,0.018,0.102,0.29,0.2,0.103,-0.744
Abcc1,-0.386,-1.179,0.197,0.153,0.502,0.151,0.517,0.274,-0.003,0.332,0.127,-0.065,0.006
Abcc4,0.425,-0.514,0.233,0.162,0.317,0.771,0.407,-0.109,0.203,0.336,-0.178,,
Abcc5,-0.092,-0.081,0.285,0.093,-0.177,-0.053,0.557,0.118,0.046,0.224,0.162,0.129,-0.085
Abcd2,0.4,0.396,0.341,-0.05,0.777,-1.305,0.42,,-0.168,0.015,0.036,0.101,-0.434
Abcd3,0.002,0.366,0.159,-0.017,0.326,0.007,0.268,-0.248,0.035,0.165,0.071,0.219,-0.007
Abcd4,-0.059,0.261,0.212,-0.082,1.209,0.387,0.033,0.213,0.199,0.212,0.133,0.047,-0.308
Abce1,0.064,-0.322,0.1,0.207,0.104,-0.056,0.007,-0.333,-0.117,0.031,0.109,0.073,-0.023
Abcf1,0.094,-0.18,0.028,0.01,-0.223,0.103,-0.205,0.045,-0.031,0.13,-0.09,-0.074,0.064
Abcf2,-0.101,0.425,0.009,0.062,0.243,-0.153,0.07,-0.057,-0.071,0.06,-0.061,-0.146,-0.027
Abcf3,-0.044,-0.265,0.0,-0.018,0.744,0.466,-0.076,0.156,-0.022,0.126,-0.123,0.003,0.249
Abcg1,0.2,0.316,0.355,0.506,-0.389,0.097,0.274,0.809,0.195,0.201,0.401,0.347,
Abcg2,-0.146,0.399,-0.373,0.034,0.332,-0.196,0.017,-0.056,0.119,0.177,-0.171,-0.276,-0.303
Abcg4,0.144,0.102,0.277,0.191,-0.377,0.251,0.43,0.335,0.1,0.099,0.246,0.106,0.019
Abhd10,-0.041,0.126,-0.082,-0.119,0.118,-0.125,0.31,-0.246,0.058,-0.029,0.034,0.149,0.034
Abhd11,0.113,0.216,-0.091,-0.007,0.401,0.013,-0.193,0.228,-0.152,-0.081,-0.07,-0.28,-0.073
Abhd12,-0.001,0.051,0.207,-0.107,0.189,-0.087,0.282,0.247,0.028,0.041,-0.025,0.032,-0.132
Abhd13,-0.518,0.055,0.13,-0.017,-0.005,0.228,0.153,,-0.097,0.097,0.25,0.385,0.108
Abhd14a,0.049,-1.369,0.016,-0.102,0.613,0.02,-0.452,0.05,-0.081,-0.021,-0.102,-0.069,-0.01
Abhd14b,0.171,-0.454,0.119,0.017,0.022,-0.277,-0.004,0.192,-0.0,0.115,0.09,-0.252,0.165
Abhd16a,-0.022,-0.117,0.177,0.071,0.311,-0.106,0.362,0.137,-0.008,0.16,-0.147,0.011,-0.013
Abhd2,0.258,0.486,0.067,-0.247,-0.503,-0.079,0.275,-0.11,-0.035,0.233,0.006,0.179,-0.411
Abhd3,0.041,-0.317,0.281,0.056,0.471,-0.113,0.586,0.38,-0.216,0.053,0.312,,
Abhd4,0.102,-0.66,-0.081,0.099,-0.187,0.592,-0.464,-0.771,-0.279,0.21,0.141,0.08,-0.528
Abhd5,-0.314,-0.231,0.077,-0.061,0.423,-0.017,-0.085,0.103,-0.069,0.008,0.061,-0.045,0.162
Abhd6,-0.043,-1.079,0.144,0.11,-0.472,-0.385,0.325,-0.281,0.004,0.002,-0.212,-0.137,-0.166
Abhd8,-0.146,0.055,-0.018,-0.039,0.198,-0.1,0.249,-0.102,0.049,-0.011,0.0,-0.125,-0.066
Abi1,-0.23,-0.078,0.052,0.115,0.049,-0.053,0.177,-0.094,0.006,0.031,-0.017,0.017,0.03
Abi2,0.027,0.057,0.116,-0.032,0.047,-0.046,0.457,-0.243,0.052,0.092,0.076,0.186,0.032
Abl2,-0.21,0.542,0.14,0.031,0.188,0.487,-0.079,-0.031,0.072,0.168,0.104,0.201,0.532
Ablim1,0.154,0.652,0.085,0.201,0.898,0.312,0.319,0.039,0.161,0.216,0.146,0.358,0.033
Ablim2,0.294,1.021,0.254,0.05,0.066,0.702,0.286,-0.113,0.095,0.237,0.291,-0.24,-0.84
Ablim3,0.616,0.574,-0.029,-0.002,0.426,0.107,0.309,0.577,0.097,0.275,0.004,0.042,0.157
Abr,-0.199,0.031,0.399,0.024,0.059,0.249,0.35,0.05,0.068,0.268,0.213,0.377,0.094
Abt1,0.06,-0.013,-0.161,-0.301,-0.705,-0.13,0.227,,-0.1,-0.1,-0.154,-0.208,-0.225
Abtb1,0.259,-0.227,0.191,-0.127,0.09,-0.287,-0.253,-0.362,0.056,-0.037,-0.047,-0.493,-0.368
Abtb2,-0.063,-0.235,-0.088,0.302,1.305,0.723,-0.112,0.045,-0.126,0.01,0.135,,-0.122
Acaa1a,0.123,0.804,-0.132,0.023,0.305,-0.033,-0.076,-0.207,-0.113,0.019,-0.167,-0.225,0.119
Acaa2,-0.061,-0.578,-0.174,-0.101,0.181,-0.02,-0.106,-0.018,-0.11,-0.06,-0.049,-0.017,-0.22
Acaca,0.359,-0.399,0.151,0.168,0.179,0.221,0.105,-0.138,0.251,0.221,0.165,0.153,0.126
Acad11,-0.087,-0.232,0.17,0.066,2.003,0.157,0.055,0.691,0.141,0.031,-0.043,0.072,
Acad8,-0.07,0.028,0.014,-0.115,0.54,0.297,-0.015,-0.866,-0.039,-0.012,0.11,-0.165,0.045
Acad9,0.33,1.372,0.059,0.075,-0.436,0.114,0.056,-0.606,-0.089,0.053,0.141,-0.002,-0.547
Acadl,0.028,-0.509,-0.035,0.025,0.728,0.089,0.351,-0.085,0.118,-0.027,-0.046,-0.047,-0.208
Acadm,-0.072,0.129,-0.152,-0.02,0.297,-0.179,-0.037,0.021,-0.059,-0.053,0.017,-0.164,-0.185
Acadsb,-0.089,-0.204,0.111,0.084,-0.221,-0.186,0.276,0.119,0.046,0.113,-0.03,0.204,-0.018
Acadvl,-0.019,-0.558,0.164,0.017,0.274,0.047,0.008,-0.001,-0.117,0.231,0.034,-0.161,0.043
Acap2,0.101,-0.695,0.04,0.059,0.315,0.229,0.504,-0.246,0.019,0.132,0.271,0.135,-0.209
Acap3,-0.338,0.307,0.238,0.101,0.094,-0.136,0.028,0.125,0.082,0.095,0.027,0.178,0.206
Acat1,0.099,0.218,-0.075,-0.01,0.034,0.003,0.352,-0.129,-0.069,-0.0,-0.156,-0.138,-0.014
Acat2,-0.135,-0.398,-0.166,0.04,-0.248,0.007,0.051,-0.235,0.005,0.043,-0.001,-0.132,-0.037
Acbd3,-0.085,0.1,-0.137,-0.002,0.014,0.262,0.192,-0.156,-0.131,-0.003,-0.113,-0.046,-0.181
Acbd4,0.187,0.016,-0.119,0.142,1.245,0.386,-0.172,0.215,0.001,0.046,-0.216,0.192,-0.277
Acbd5,-0.143,0.035,0.032,0.062,0.106,-0.037,0.582,-0.202,0.054,0.035,0.022,-0.056,-0.067
Acbd6,0.031,-0.27,-0.107,0.01,-0.004,0.026,-0.121,0.048,0.02,-0.067,-0.112,-0.098,-0.12
Accs,0.424,,0.259,0.098,-0.275,0.269,-1.531,-0.384,0.209,0.201,-0.228,0.088,-0.917
Acd,-0.154,-0.322,-0.066,-0.056,-0.22,-0.151,-0.004,0.004,0.003,-0.052,-0.059,-0.004,-0.003
Acer3,-0.2,-0.438,0.224,0.202,0.25,0.071,0.539,0.045,-0.171,0.08,0.157,-0.209,-0.051
Ache,-0.153,-0.087,0.222,0.032,1.205,0.291,0.172,0.063,0.152,0.26,0.076,0.364,0.208
Acin1,0.092,0.44,-0.038,-0.023,-0.318,-0.181,0.413,0.065,0.028,0.012,0.025,0.005,-0.111
Acly,0.028,0.236,0.047,0.102,0.366,0.201,0.198,0.011,0.187,0.147,0.198,0.212,0.246
Aco1,0.384,1.302,0.188,-0.269,0.601,-0.135,0.113,-0.344,0.003,0.15,0.164,0.13,0.073
Aco2,-0.169,-0.363,0.017,0.081,0.124,-0.142,0.195,-0.507,0.102,0.134,-0.081,0.184,0.128
Acot13,-0.015,0.371,-0.186,-0.028,0.739,-0.05,0.04,0.008,-0.177,-0.082,-0.092,-0.215,0.116
Acot7,-0.044,0.127,-0.054,0.01,0.493,0.132,-0.181,-0.09,-0.016,0.114,-0.016,-0.339,0.055
Acot8,0.188,0.106,-0.134,-0.09,0.358,0.603,0.093,-0.032,-0.115,-0.089,-0.027,-0.153,-0.044
Acot9,-0.203,-0.061,-0.026,-0.085,0.234,-0.042,-0.117,0.167,-0.012,0.024,-0.102,-0.223,0.029
Acox1,0.126,0.302,0.161,0.176,0.416,0.164,0.036,-0.211,0.123,0.148,0.08,0.003,0.118
Acox3,0.008,-0.807,0.449,-0.037,-0.238,-0.163,0.082,0.105,0.108,0.214,0.272,-0.112,-0.638
Acp1,0.092,0.159,-0.159,0.012,-0.079,-0.127,0.21,-0.267,0.064,-0.139,-0.047,0.041,0.124
Acp2,0.204,0.233,0.171,-0.037,0.053,-0.002,0.279,-0.067,0.096,0.199,0.018,0.238,0.142
Acp6,-0.036,-0.318,0.124,-0.359,-1.242,-0.679,,-0.395,0.015,0.119,-0.503,-0.716,-0.449
Acsf3,0.074,0.247,0.248,0.113,0.337,-0.153,0.433,0.125,0.074,0.21,0.113,0.33,-0.324
Acsl1,-0.074,-0.719,0.103,0.059,0.352,0.157,0.105,0.11,0.018,0.113,0.154,0.079,-1.158
Acsl3,0.213,-0.074,0.064,0.121,0.031,0.124,0.35,-0.219,0.032,0.205,0.008,0.058,0.115
Acsl4,-0.057,-0.312,0.022,0.02,0.476,0.23,0.229,-0.094,0.104,0.224,0.135,0.163,0.031
Acsl5,-0.168,-0.441,0.341,0.013,0.163,0.141,0.171,0.354,-0.058,0.164,-0.086,-0.213,-0.288
Acsl6,0.362,0.435,0.415,0.068,-0.324,-0.32,0.235,0.015,0.069,0.208,0.023,0.199,-0.626
Acss2,-0.203,0.538,0.113,0.173,0.431,0.096,0.049,-0.415,0.125,0.14,0.199,0.063,-0.101
Acta1,-0.129,-2.454,-0.05,-0.055,0.187,0.075,,,0.059,-0.173,-0.034,,-0.142
Actb,-0.11,-0.051,-0.199,0.013,-0.1,-0.052,-0.207,-0.14,-0.072,0.061,0.007,0.079,-0.052
Actg1,0.017,0.492,-0.122,-0.016,0.116,0.065,-0.223,0.023,0.002,-0.022,-0.01,0.003,-0.035
Actl6a,-0.322,0.247,-0.03,0.008,-0.443,-0.351,-0.286,0.289,0.145,0.054,0.016,-0.292,0.006
Actl6b,0.142,-0.163,-0.129,-0.044,0.369,0.129,0.385,0.204,0.007,-0.123,-0.03,0.065,-0.03
Actn1,0.137,-0.252,0.03,0.09,0.469,0.211,0.082,-0.012,0.353,0.215,0.128,-0.124,-0.148
Actn4,-0.238,0.605,-0.133,-0.094,0.053,-0.101,-0.352,-0.408,0.142,0.065,0.03,0.083,-0.055
Actr10,-0.051,-0.156,-0.019,-0.022,0.127,-0.182,0.215,-0.482,-0.079,-0.004,-0.048,0.001,-0.08
Actr1a,0.005,0.051,0.118,0.033,-0.004,0.119,0.054,0.026,0.049,0.169,0.092,0.154,0.009
Actr1b,-0.183,-0.337,0.06,0.032,0.346,-0.198,-0.064,-0.241,0.092,0.148,0.024,0.15,-0.0
Actr2,0.029,-0.046,0.115,0.055,-0.179,0.161,0.217,0.402,-0.015,0.096,0.06,0.082,0.075
Actr3,0.037,-0.188,-0.037,0.018,0.088,-0.01,0.036,-0.127,0.016,0.019,-0.024,0.07,-0.093
Actr3b,0.004,0.069,0.072,-0.006,0.854,0.21,-0.095,-0.034,0.002,0.02,-0.008,0.067,0.195
Actr6,0.088,-1.086,-0.014,0.017,-0.055,-0.049,-0.602,,-0.079,-0.089,0.071,-0.263,-0.031
Actr8,0.022,-0.014,-0.03,0.151,-0.638,0.015,0.276,0.082,-0.032,0.094,-0.061,0.125,-0.078
Acvr1,-0.153,0.02,-0.021,-0.159,0.432,-0.143,-0.002,-0.625,0.051,0.185,-0.05,-0.07,-0.133
Acvr1b,0.28,,0.271,-0.021,0.363,-0.138,0.336,0.329,0.047,0.399,0.114,0.233,0.031
Acvr2a,-0.003,0.812,0.087,0.093,-0.06,-0.195,0.708,-0.065,-0.09,0.09,0.157,0.301,0.497
Acyp1,-0.165,-0.389,-0.015,-0.046,0.622,-0.098,0.241,0.413,-0.067,-0.079,-0.111,-0.196,-0.046
Acyp2,0.009,-0.571,-0.026,-0.042,0.718,0.132,0.259,-0.166,-0.085,-0.118,0.022,-0.505,-0.239
Adal,-0.067,-1.212,-0.028,-0.052,0.248,0.231,0.4,,-0.162,-0.05,-0.11,0.148,-0.753
Adam10,-0.465,-0.11,-0.035,0.114,0.418,-0.009,0.337,-0.283,0.139,0.16,0.019,0.124,-0.151
Adam15,0.094,-0.916,0.334,0.077,0.209,0.709,-0.084,0.232,-0.117,0.281,0.013,0.059,-0.276
Adam17,-0.168,-2.25,-0.008,-0.061,-1.065,0.495,-0.739,-0.792,-0.12,0.132,0.344,0.134,-1.322
Adam19,-0.08,0.251,0.069,0.094,0.645,0.022,0.345,-0.025,0.036,0.333,0.217,0.589,0.253
Adam22,0.251,-0.289,0.291,0.128,0.25,0.001,0.746,-0.023,-0.02,0.19,0.153,0.18,0.368
Adam23,0.009,0.139,0.618,0.143,0.409,0.471,0.378,0.197,0.069,0.265,0.101,0.076,0.097
Adam9,-0.273,-0.27,0.351,0.151,-1.111,0.605,-0.26,-0.524,0.029,0.109,-0.097,0.538,-0.13
Adamts1,0.357,-0.251,-0.671,-0.193,0.321,-0.417,-0.644,,-0.093,-0.236,0.481,0.063,-0.057
Adamts5,0.425,-2.827,-0.218,-0.139,-0.165,2.413,-0.602,-0.078,-0.479,-0.202,0.19,0.585,0.186
Adap1,0.135,0.622,0.078,-0.044,0.931,0.324,-0.112,-0.109,0.137,0.067,0.053,-0.047,0.22
Adar,0.117,-0.047,0.197,-0.07,-0.095,-0.009,0.177,-0.175,0.063,0.223,0.069,0.055,0.3
Adarb1,-0.275,0.443,0.179,-0.032,0.712,-0.006,-0.017,0.267,0.28,0.152,-0.184,0.102,-0.462
Adat1,0.215,-0.327,0.151,-0.113,-0.939,0.64,,0.623,0.199,0.133,-0.003,-0.002,-0.024
Adat2,-0.133,2.007,-0.234,-0.044,-0.062,-0.482,,,0.012,-0.143,0.111,-0.322,-0.388
Adck1,0.409,1.315,0.194,-0.032,-0.074,0.204,0.21,-0.35,-0.095,0.037,-0.03,-0.071,-0.707
Adck2,-0.307,-0.172,0.256,-0.034,0.142,0.082,0.379,-0.66,-0.083,0.27,-0.098,-0.119,0.089
Adck5,-0.159,0.749,0.074,-0.058,0.096,0.304,-0.007,0.331,0.142,0.087,0.064,-0.139,-0.159
Adcy1,0.216,0.774,0.168,-0.063,-0.392,0.069,1.17,0.603,-0.011,0.222,0.101,0.592,0.175
Adcy9,0.319,0.127,0.168,0.199,-0.312,0.601,0.801,0.02,0.045,0.456,0.093,0.118,
Add1,0.062,-0.112,0.054,-0.019,0.027,0.198,0.116,0.05,-0.014,0.035,0.033,0.098,-0.146
Add2,0.092,-0.156,0.07,0.042,0.126,0.091,0.477,-0.132,0.13,0.146,0.218,0.222,0.155
Add3,0.212,0.651,0.113,0.016,0.401,-0.084,0.436,-0.019,-0.049,0.112,0.013,-0.068,-0.003
Adh5,-0.061,0.163,-0.138,-0.017,-0.405,-0.16,0.022,-0.553,-0.029,-0.03,-0.26,-0.318,-0.096
Adi1,0.043,0.197,-0.057,-0.165,-1.192,-0.946,-0.659,,-0.133,-0.121,0.088,0.07,-0.64
Adipor1,0.037,0.126,0.033,-0.018,0.18,0.001,0.186,-0.012,-0.003,0.041,0.017,0.04,-0.086
Adipor2,0.129,-0.473,0.176,-0.118,-0.39,-0.141,-0.113,-0.246,-0.013,0.143,0.078,0.114,-0.229
Adk,-0.053,0.374,-0.047,0.03,0.257,0.167,0.076,0.267,-0.001,0.003,0.041,-0.226,0.106
Adnp,0.134,-0.593,0.041,-0.015,-0.298,-0.132,0.054,,0.015,0.076,0.078,-0.318,
Adnp2,-0.218,0.056,0.172,0.368,0.009,-0.518,-0.072,-0.795,0.04,0.163,0.148,0.202,0.11
Ado,-0.544,1.146,0.098,0.051,-0.634,0.064,-0.015,,0.093,0.101,0.086,0.184,-0.34
Adora1,-0.324,0.029,-0.026,-0.865,,1.396,-0.829,,0.296,0.446,0.41,0.315,
Adpgk,-0.422,0.134,0.304,0.048,0.376,-0.334,0.322,0.484,-0.007,0.27,0.147,0.225,-0.186
Adprh,0.079,-0.024,0.132,-0.03,0.154,-0.017,0.129,0.232,0.006,0.122,-0.184,0.034,-0.001
Adprhl2,0.435,,-0.114,0.141,0.568,-0.568,,0.008,-0.206,0.045,-0.241,0.036,-0.03
Adra2c,0.447,-1.184,0.094,-0.059,0.312,-0.064,0.629,0.004,-0.21,0.094,0.324,-0.223,-0.415
Adrm1,-0.306,0.11,-0.162,-0.033,-0.068,-0.14,-0.111,0.065,-0.079,-0.032,-0.154,-0.246,-0.05
Adsl,-0.107,0.661,0.072,0.127,-0.149,-0.129,0.005,0.221,-0.119,0.058,-0.124,0.02,-0.18
Adss,-0.047,0.278,0.129,-0.009,0.056,-0.001,0.394,-0.018,0.01,0.019,-0.039,-0.098,-0.002
Aebp2,0.026,-0.113,0.096,-0.16,-0.462,0.065,-0.015,0.153,0.1,-0.002,-0.053,0.045,-0.457
Aen,0.097,,0.013,-0.042,0.001,-0.102,-0.192,-0.219,0.007,-0.034,-0.067,-0.132,-0.022
Aff3,-0.137,-0.169,0.19,0.151,0.877,-0.236,-0.697,,0.078,0.197,-0.227,,
Aff4,0.075,0.2,0.084,0.0,-0.182,0.181,0.314,-0.068,0.047,0.124,0.155,0.138,-0.001
Afg3l1,0.055,0.741,0.03,-0.07,-0.338,-0.204,0.467,0.086,-0.04,0.079,0.057,-0.006,0.005
Afg3l2,0.09,-0.161,0.197,0.23,-0.083,0.411,0.164,-0.375,0.107,0.065,0.205,-0.04,-0.019
Aftph,-0.035,-0.29,0.026,0.237,-0.006,-0.09,0.527,-0.093,0.062,0.124,0.282,0.144,-0.012
Aga,0.002,-0.478,0.137,-0.143,-0.384,-0.181,0.169,,-0.1,0.045,-0.105,-0.324,-0.17
Agap1,0.131,-0.053,0.096,0.062,-0.006,0.017,0.501,0.16,0.033,0.104,0.138,0.013,-0.121
Agap3,0.101,0.376,0.119,0.151,0.174,0.13,0.149,0.052,0.051,0.161,0.244,0.166,0.048
Agbl3,0.391,,-0.153,-0.024,-0.497,0.308,,,0.123,-0.049,-0.122,0.008,-0.653
Agbl4,0.772,,0.091,0.602,0.473,-0.392,,0.645,-0.197,-0.097,-0.382,0.142,
Agbl5,0.074,,0.204,0.158,-0.783,-0.638,,,0.197,-0.203,0.11,0.083,-0.011
Agfg1,-0.14,0.107,0.143,0.164,-0.027,-0.189,0.345,-0.048,0.061,0.041,0.146,0.095,0.168
Agfg2,0.375,1.303,-0.047,-0.137,0.099,-0.019,0.367,0.03,0.158,0.004,0.428,0.102,-0.034
Aggf1,-0.044,-0.517,0.051,0.063,-0.383,0.024,0.269,-0.631,0.016,-0.03,-0.03,-0.043,-0.017
Agk,-0.221,-1.13,0.085,0.104,-0.136,0.109,0.28,0.001,0.126,0.123,0.034,-0.015,0.185
Agl,-0.052,-0.231,0.093,0.111,0.739,0.21,0.332,-0.601,0.108,0.172,0.0,0.011,-0.166
Agpat1,-0.013,0.54,0.149,-0.026,0.165,0.041,0.077,-0.077,0.024,0.121,0.041,0.14,-0.06
Agpat2,0.325,-1.948,-0.09,-0.217,0.485,-0.474,-0.065,0.83,-0.221,0.082,-0.255,-0.067,0.164
Agpat3,0.249,-0.5,0.247,0.186,0.461,-0.081,0.493,0.119,0.054,0.105,0.074,-0.038,0.003
Agpat4,0.102,0.185,-0.077,0.042,0.167,0.018,0.453,0.349,0.038,0.144,0.014,0.082,0.039
Agpat5,0.109,-0.812,0.196,0.072,-0.007,-0.019,-0.292,0.185,0.074,0.057,0.025,-0.014,0.024
Agps,0.059,0.832,0.08,0.145,0.166,0.114,-0.122,-0.25,-0.005,0.175,0.098,0.199,-0.154
Agrn,0.165,-0.579,0.244,-0.026,-0.435,0.237,0.453,0.116,-0.066,0.338,-0.094,-0.125,-0.279
Agtpbp1,0.038,-0.041,0.087,0.041,0.067,0.228,0.191,0.001,0.068,0.022,-0.028,-0.049,0.034
Agtrap,-0.06,0.054,0.147,0.368,,-0.417,-1.116,,0.675,0.122,0.275,0.018,
Ahctf1,-0.582,-0.578,0.129,-0.154,-0.107,0.004,0.39,0.43,0.032,0.193,0.171,0.036,-0.053
Ahcy,0.089,0.426,0.014,-0.104,-1.555,0.213,0.371,,-0.352,0.208,-0.147,,
Ahcyl1,0.103,0.148,0.124,0.061,-0.179,0.027,0.385,0.374,0.013,0.07,0.079,0.118,-0.143
Ahcyl2,0.177,0.098,0.067,0.092,0.029,-0.16,0.357,-0.079,-0.007,0.117,-0.028,0.173,0.043
Ahi1,-0.026,0.458,-0.1,0.027,-0.008,-0.054,0.369,0.331,0.035,-0.005,0.231,0.092,0.101
Ahsa1,-0.048,0.028,-0.022,0.071,-0.276,-0.177,-0.219,0.06,-0.042,-0.006,0.041,0.066,0.059
Ahsa2,0.037,-0.682,0.053,-0.005,-0.084,-0.005,0.044,-0.086,-0.11,-0.002,-0.001,-0.258,-0.107
Aida,0.401,-0.242,-0.002,0.008,0.306,-0.064,0.397,0.006,-0.036,0.087,0.004,0.036,-0.077
Aifm1,0.006,-0.982,0.063,-0.139,-0.053,0.068,0.046,-0.154,-0.079,0.119,-0.15,-0.009,0.035
Aifm2,0.333,,0.139,-0.187,0.255,-0.313,-0.898,-2.486,-0.184,0.123,0.03,-0.07,-0.094
Aig1,0.04,-1.224,0.111,-0.059,0.234,-0.014,0.369,0.123,0.031,-0.007,-0.088,-0.002,-0.14
Aimp1,-0.018,0.092,-0.244,-0.038,-0.039,-0.067,0.127,0.206,-0.107,-0.091,-0.041,-0.367,0.072
Aimp2,0.098,-0.498,-0.061,-0.078,0.375,-0.036,0.106,-0.076,-0.103,0.074,-0.103,-0.042,-0.048
Aip,-0.081,0.438,-0.119,-0.117,0.01,0.005,-0.034,0.048,-0.048,-0.109,-0.01,0.111,0.044
Airn,0.182,,0.191,-0.254,-0.613,0.097,-0.24,0.32,-0.545,-0.106,0.106,,-0.205
Ak1,0.068,-0.201,-0.112,0.005,0.02,-0.003,0.021,-0.006,-0.012,0.05,0.07,0.294,0.161
Ak2,0.076,-0.124,-0.124,-0.057,-0.36,-0.146,0.251,0.07,-0.152,-0.048,-0.128,-0.208,-0.189
Ak3,-0.018,0.815,-0.213,0.172,0.06,-0.236,0.226,0.109,0.057,0.002,0.03,-0.07,-0.225
Akap1,-0.018,0.66,0.248,0.043,-0.04,0.255,-0.469,0.795,0.16,0.234,0.089,0.151,-0.184
Akap10,-0.054,0.645,0.115,-0.267,-0.404,-0.392,0.755,0.152,0.139,0.23,-0.35,-0.012,-0.751
Akap11,0.087,0.31,0.125,0.066,0.037,0.142,0.532,-0.004,0.039,0.185,0.17,0.08,-0.133
Akap12,0.007,-0.007,-0.072,-0.052,0.008,0.058,-0.041,-0.169,0.083,0.079,0.025,-0.007,-0.136
Akap13,-0.117,0.178,0.038,0.212,0.753,-0.164,0.301,0.071,0.075,0.214,0.048,0.118,0.144
Akap17b,-0.264,0.772,0.056,-0.124,-0.436,0.222,0.35,0.178,0.163,0.062,0.314,-0.047,-0.017
Akap6,0.122,0.191,0.092,0.084,0.288,0.081,0.489,-0.073,0.057,0.182,0.163,0.23,0.121
Akap7,-0.467,0.067,0.049,0.041,0.88,0.345,0.495,0.122,0.325,-0.013,0.247,-0.0,0.02
Akap8,-0.223,-0.369,0.136,0.086,-0.163,0.248,0.195,-0.023,-0.119,0.137,-0.024,0.007,0.254
Akap8l,-0.215,0.592,0.097,0.022,-0.266,0.541,0.18,0.064,0.012,0.123,0.016,-0.038,0.325
Akap9,-0.098,0.012,-0.044,0.152,-0.353,0.086,0.39,-0.028,-0.059,0.041,0.064,-0.054,-0.005
Akirin1,-0.115,0.213,-0.07,0.021,0.145,-0.016,0.397,-0.039,0.054,-0.015,0.041,-0.071,-0.042
Akirin2,-0.106,0.739,-0.103,0.031,-0.009,0.115,0.093,-0.306,0.028,-0.05,0.015,0.033,0.05
Akr1a1,-0.057,-0.141,-0.135,-0.007,0.217,0.036,0.107,0.059,-0.088,-0.072,-0.022,-0.152,-0.038
Akr1b10,-0.369,-1.219,-0.117,0.061,0.082,0.052,-0.528,0.27,-0.13,-0.014,-0.161,-0.256,-0.428
Akr1b3,-0.171,,-0.124,-0.017,-0.027,-0.006,0.091,0.175,-0.011,0.044,-0.086,0.134,-0.075
Akr1e1,0.005,0.61,0.016,0.002,-0.311,-0.031,0.227,0.138,-0.152,-0.036,-0.23,-0.141,-0.053
Akr7a5,0.002,-1.167,-0.231,-0.162,0.031,-0.038,-0.051,0.496,-0.114,-0.099,-0.074,-0.484,-0.172
Akt1,0.012,-0.017,0.18,0.052,-0.063,0.097,0.09,0.055,0.057,0.122,-0.003,0.29,-0.073
Akt1s1,-0.362,-0.751,-0.05,-0.035,0.072,0.197,0.065,-0.077,-0.122,-0.014,-0.066,0.038,0.011
Akt2,0.117,0.883,0.11,0.019,0.091,-0.286,-0.123,-0.214,-0.078,0.092,-0.104,-0.018,-0.202
Akt3,-0.178,-0.056,0.117,0.082,-0.173,-0.201,0.28,0.297,-0.03,0.001,0.124,0.076,-0.439
Aktip,0.026,-0.294,0.072,-0.002,0.289,0.252,0.191,0.176,0.032,-0.005,0.099,-0.005,0.168
Alad,0.04,-0.066,-0.106,0.01,0.468,0.153,-0.199,-0.356,-0.026,0.005,-0.214,-0.337,-0.039
Alas1,0.343,1.351,-0.031,-0.081,0.389,0.26,-0.078,-0.337,0.243,0.145,-0.085,-0.236,0.164
Alcam,0.15,-0.244,-0.172,0.059,0.804,0.298,0.317,0.175,-0.02,0.201,-0.048,-0.552,0.029
Aldh16a1,0.022,0.437,-0.013,-0.181,-0.305,-0.138,,,-0.031,-0.057,0.129,,-0.011
Aldh18a1,-0.078,1.122,0.196,-0.098,-0.373,-0.338,-0.254,-0.068,0.027,0.218,0.161,0.258,-0.309
Aldh2,0.396,-0.001,-0.219,0.085,0.275,0.01,-0.263,-0.143,-0.126,0.097,-0.083,-0.088,0.098
Aldh3a2,0.007,-0.005,0.145,0.031,0.156,-0.04,0.124,-0.197,0.078,0.152,0.146,0.092,-0.12
Aldh5a1,0.472,1.238,0.071,-0.229,0.375,0.038,-0.082,,-0.083,0.188,0.274,0.174,
Aldh6a1,0.299,-0.354,0.126,0.06,-0.354,1.082,0.525,-0.536,-0.109,0.154,0.028,0.079,0.175
Aldh7a1,0.042,0.075,0.117,-0.055,0.155,0.126,-0.18,0.369,-0.094,0.122,-0.093,0.15,-0.126
Aldh9a1,-0.082,-0.284,-0.059,0.05,0.502,-0.065,0.272,0.451,0.037,0.026,0.024,-0.219,0.135
Aldoa,0.009,0.026,-0.128,-0.049,0.554,0.075,0.028,-0.043,-0.037,-0.026,-0.038,-0.049,0.148
Aldoc,0.348,0.158,-0.187,-0.037,0.66,-0.258,-0.216,-0.23,0.106,-0.001,-0.055,-0.018,-0.092
Alg1,0.069,-1.195,0.2,-0.031,-0.082,0.081,0.136,0.449,-0.072,0.101,-0.146,0.201,0.218
Alg10b,0.45,,0.139,0.078,-0.154,-0.037,0.22,,0.088,0.126,0.133,0.091,
Alg11,-0.331,-0.299,0.192,0.118,-0.176,0.314,0.095,-2.877,0.05,0.214,0.127,0.26,0.241
Alg12,-0.357,,0.179,-0.219,0.429,0.41,0.572,,0.004,-0.025,-0.452,0.058,-0.794
Alg13,-0.048,-0.331,-0.041,0.062,-0.005,0.098,0.172,,0.099,0.158,0.073,-0.119,-0.303
Alg14,0.046,0.084,-0.009,0.049,0.116,-0.041,0.158,-0.23,-0.051,0.001,0.087,-0.131,-0.55
Alg2,-0.063,-0.22,0.287,-0.017,-0.059,0.126,0.374,0.236,0.08,0.215,0.067,0.151,-0.003
Alg3,-0.098,0.242,0.097,0.109,0.156,0.194,0.666,0.453,-0.044,0.118,0.06,0.052,0.182
Alg5,0.205,-0.645,0.049,0.039,-0.103,0.071,0.237,0.103,-0.128,0.081,-0.11,-0.263,-0.037
Alg6,0.058,-0.27,0.184,0.084,0.489,0.351,-0.013,,0.061,0.13,0.246,0.099,-0.676
Alg8,0.386,-0.359,0.013,-0.051,1.173,0.898,,,0.069,0.195,-0.026,0.195,
Alg9,0.174,-0.605,0.098,0.085,0.197,0.356,0.805,0.029,0.016,0.293,-0.035,0.254,-0.244
Alkbh1,0.509,0.199,0.089,-0.136,-0.76,-0.265,0.207,0.183,-0.085,0.164,-0.069,-0.069,-0.067
Alkbh2,0.097,-0.854,-0.063,-0.031,0.039,-0.318,0.797,,0.058,-0.053,-0.143,-0.059,0.098
Alkbh3,-0.045,0.213,0.167,-0.07,0.372,0.106,0.239,-0.12,-0.005,-0.038,-0.434,-0.202,-0.042
Alkbh4,0.01,-0.34,0.078,-0.089,-0.553,-0.391,,,-0.123,0.032,-0.105,0.164,-0.887
Alkbh5,0.012,-0.983,-0.012,-0.023,-0.235,0.136,-0.017,0.193,0.099,0.059,0.048,0.064,-0.256
Alkbh6,0.013,-0.171,-0.11,-0.02,0.204,-0.35,-0.104,-0.185,-0.022,-0.055,-0.062,-0.267,-0.114
Alkbh7,-0.032,-1.015,-0.196,-0.062,0.396,0.302,-0.662,0.118,-0.132,-0.045,-0.065,-0.215,0.132
Alkbh8,0.074,0.08,0.135,0.189,-0.258,-0.083,-0.101,0.466,0.025,0.027,0.103,-0.25,-0.269
Als2,0.046,0.067,0.167,0.33,-0.915,0.035,,0.154,-0.207,-0.108,0.199,-0.071,
Amacr,-0.096,-1.944,-0.158,-0.195,0.448,0.044,-0.004,,-0.027,0.17,-0.106,-0.032,0.595
Amd1,0.162,,0.052,-0.001,-0.64,-0.095,-0.797,,-0.184,0.044,0.066,-0.14,0.036
Amdhd2,0.153,0.063,-0.095,-0.141,0.292,-0.281,0.016,-0.368,-0.037,0.057,-0.067,-0.238,-0.111
Amfr,0.307,-0.448,0.24,-0.022,0.1,0.26,0.185,0.042,0.04,0.172,0.085,0.144,-0.024
Amigo1,0.199,0.341,0.386,-0.043,1.096,0.441,0.366,0.154,-0.002,0.223,0.151,0.322,-0.21
Amigo2,0.16,-0.076,0.106,0.137,0.311,0.258,-0.187,,-0.034,0.106,0.229,0.368,-0.557
Ammecr1l,0.053,-0.162,0.1,-0.044,0.226,0.234,-0.401,-0.117,0.08,0.098,-0.037,0.072,0.03
Amn1,-0.07,0.381,-0.035,-0.099,-0.075,0.121,0.056,0.042,-0.008,0.069,-0.034,-0.063,0.075
Amotl1,-0.087,-0.139,-0.024,-0.058,-0.376,0.002,-0.616,,-0.081,0.103,0.256,0.583,-0.308
Amotl2,-0.474,1.242,-0.172,-0.416,0.239,0.204,-1.415,0.053,-0.07,-0.148,-0.158,-0.067,-0.344
Ampd2,0.3,-0.532,0.241,0.09,0.188,0.523,0.273,-0.252,-0.082,0.182,0.122,0.048,-0.078
Ampd3,0.009,-0.246,0.015,0.06,0.343,0.105,0.174,0.078,0.073,0.174,0.046,-0.144,
Amph,0.1,0.413,0.122,-0.03,0.268,0.069,0.064,-0.299,0.096,0.068,0.012,0.237,0.001
Amy1,0.026,0.217,0.344,0.036,1.047,-0.503,-0.474,0.06,-0.126,0.113,-0.019,,
Amz2,0.263,0.335,0.126,0.049,0.293,0.089,-0.006,-0.0,-0.037,0.051,-0.023,0.167,-0.025
Anapc1,-0.007,0.038,0.195,0.092,-0.222,-0.033,0.226,-0.033,0.121,0.303,0.081,0.084,0.339
Anapc10,-0.098,-0.399,-0.018,-0.028,-0.14,-0.104,-0.786,0.085,-0.005,-0.027,-0.059,0.014,0.157
Anapc11,0.037,-0.144,-0.15,-0.058,0.154,0.065,0.061,-0.014,-0.023,-0.097,0.02,-0.075,0.008
Anapc13,-0.027,0.545,-0.124,-0.041,-0.397,-0.275,-0.261,-0.337,0.011,-0.147,-0.076,-0.164,0.075
Anapc16,0.349,-0.266,-0.153,-0.068,-0.193,0.096,-0.106,-0.357,0.054,-0.131,-0.029,-0.105,-0.104
Anapc2,-0.082,-0.136,0.13,0.174,0.349,0.123,0.245,0.151,-0.081,0.107,0.001,0.052,0.101
Anapc4,0.007,-0.573,0.194,0.021,-0.07,-0.085,0.396,-0.093,0.132,0.157,0.061,-0.018,-0.097
Anapc5,0.056,0.111,0.149,-0.007,-0.009,0.025,0.16,0.001,-0.013,0.066,0.019,-0.156,0.027
Anapc7,-0.019,-0.358,0.077,-0.103,-0.127,-0.225,-0.064,0.018,0.05,0.173,0.049,-0.207,-0.024
Angel1,0.151,-0.069,0.339,0.09,-1.01,-0.049,0.623,,-0.21,0.319,0.255,,
Angel2,0.202,0.586,-0.044,-0.176,-0.339,-0.091,0.206,0.047,0.023,0.027,-0.004,0.191,-0.056
Angptl6,-0.296,,-0.153,-0.075,0.95,-0.598,0.264,-0.107,0.031,-0.062,0.014,-0.072,0.078
Ank,-0.021,0.254,0.291,0.098,0.144,0.108,0.316,0.038,0.076,0.215,0.041,0.626,0.159
Ank1,0.324,0.328,0.419,,-1.817,0.405,0.758,0.353,0.0,0.405,0.598,,
Ank2,0.096,0.147,0.064,0.045,0.245,0.131,0.636,0.084,0.086,0.21,0.145,-0.056,-0.046
Ank3,-0.027,-0.018,0.039,0.07,-0.199,0.046,0.727,-0.006,0.063,0.153,0.129,0.025,0.027
Ankfy1,-0.022,0.307,0.185,0.121,-0.026,0.068,0.235,-0.492,-0.091,0.159,0.086,0.209,0.058
Ankhd1,-0.263,-0.595,0.085,0.097,0.215,-0.057,0.53,0.342,0.012,0.165,-0.091,-0.016,-0.479
Ankib1,0.127,-0.104,0.198,0.023,0.586,0.174,0.269,0.053,0.136,0.096,0.239,0.034,-0.135
Ankle2,-0.041,-0.528,0.027,-0.11,-0.275,-0.249,0.638,-0.747,0.209,0.219,-0.083,0.086,0.066
Ankmy2,-0.352,-0.646,0.045,0.019,-0.001,0.053,-0.448,-0.297,-0.008,0.152,-0.002,-0.016,0.002
Ankra2,-0.285,0.115,-0.124,-0.023,0.291,0.107,0.214,-0.213,-0.071,-0.044,-0.046,-0.298,0.024
Ankrd10,0.033,0.092,0.023,0.096,-0.559,0.068,0.082,0.024,-0.015,0.119,0.047,0.228,-0.033
Ankrd11,-0.088,0.455,-0.051,0.029,-0.101,0.018,0.459,-0.218,0.004,0.033,0.063,0.107,0.121
Ankrd12,0.062,-0.122,-0.064,0.08,-0.01,-0.055,0.592,0.173,-0.009,0.027,-0.045,-0.018,-0.022
Ankrd13a,0.192,-0.435,0.1,0.028,-0.324,-0.208,-0.193,0.28,0.014,0.082,-0.036,0.14,-0.705
Ankrd13b,-0.252,0.756,0.097,0.012,-0.036,0.015,0.121,-0.091,0.041,0.319,0.053,0.306,-0.159
Ankrd13c,-0.138,0.126,0.076,0.078,0.172,0.13,0.202,0.376,0.076,0.213,0.084,0.2,-0.182
Ankrd13d,0.237,0.361,0.133,0.04,0.191,0.0,-0.144,0.065,-0.04,0.219,0.002,0.117,-0.013
Ankrd16,-0.216,-0.78,0.152,0.178,-0.179,-0.324,0.852,-0.276,-0.067,0.119,-0.237,0.154,-0.063
Ankrd17,0.01,0.097,0.16,0.084,0.304,0.174,0.425,0.227,0.022,0.233,0.028,0.1,-0.021
Ankrd24,-0.263,0.326,0.12,0.042,-0.362,-0.087,0.395,0.086,-0.01,-0.06,0.171,-0.078,-0.111
Ankrd26,0.27,0.763,-0.039,-0.061,0.021,-0.408,1.068,-0.154,-0.026,0.18,0.151,0.015,-0.709
Ankrd27,0.254,0.137,0.42,0.173,-0.592,-0.095,0.219,0.293,-0.005,0.366,0.05,0.234,-0.685
Ankrd28,0.072,-2.464,0.075,0.104,-0.372,0.214,-0.461,0.194,0.083,0.09,-0.007,0.103,
Ankrd29,0.142,1.453,0.082,0.03,0.781,0.29,0.466,-0.071,-0.006,0.004,0.387,-0.744,-0.219
Ankrd34a,0.395,0.063,-0.053,0.251,-0.39,-1.411,,,-0.172,-0.021,-0.284,,-0.299
Ankrd37,-0.075,1.674,-0.282,-0.025,-0.196,-0.067,0.291,0.4,-0.1,-0.11,0.06,,-0.643
Ankrd39,-0.154,-0.283,-0.147,-0.04,-0.33,-0.03,0.494,0.008,-0.042,-0.099,-0.014,-0.01,-0.045
Ankrd40,-0.131,0.23,0.15,-0.063,0.089,-0.13,-0.041,-0.586,0.021,0.017,0.082,0.113,-0.279
Ankrd42,0.006,-0.383,0.102,0.125,1.751,0.503,,,0.028,0.147,-0.149,0.064,
Ankrd45,-0.145,-0.871,0.224,-0.082,0.123,-0.103,0.558,0.6,0.097,0.003,0.101,0.042,-0.103
Ankrd46,-0.132,-0.05,0.041,0.018,0.208,0.144,0.365,0.113,0.056,0.072,0.169,0.261,-0.037
Ankrd49,-0.327,0.817,0.131,0.102,-0.06,0.233,-1.504,,0.031,-0.106,0.125,-0.127,
Ankrd50,0.225,-0.464,-0.045,0.156,-0.091,-0.294,0.055,0.362,-0.004,0.162,0.019,0.299,0.223
Ankrd52,0.096,2.712,0.204,0.493,-1.107,0.007,0.781,-1.12,-0.001,0.18,0.318,-0.166,
Ankrd54,0.218,-0.456,-0.016,0.052,-0.061,-0.465,0.362,0.428,-0.081,-0.038,-0.256,-0.262,-0.06
Ankrd55,0.135,-0.094,0.165,-0.053,0.398,0.036,-2.036,-0.79,0.024,0.017,0.094,,
Ankrd6,0.016,0.395,-0.018,0.108,0.289,0.093,0.367,-0.083,0.014,0.129,0.325,0.133,-0.098
Ankrd9,0.031,-0.153,-0.003,0.018,0.102,0.025,0.05,0.374,-0.043,0.025,-0.086,-0.154,-0.215
Anks1,-0.19,0.797,0.115,0.135,0.349,0.354,0.374,0.076,0.005,0.165,0.072,0.156,-1.828
Anks1b,0.272,0.2,0.004,-0.124,-0.676,-0.081,-0.391,-0.554,-0.136,0.061,-0.061,-0.207,-0.234
Anks3,-0.068,1.65,0.065,0.012,0.039,0.461,-0.021,-0.018,0.116,0.153,-0.227,0.112,-0.039
Ankzf1,0.425,-0.317,0.133,-0.202,0.117,0.065,0.565,-0.349,-0.129,0.111,0.166,-0.07,-0.109
Ano10,-0.026,-0.022,0.165,0.11,0.077,-0.279,-0.003,0.238,0.12,0.188,0.055,-0.101,0.208
Ano6,0.046,0.115,0.012,0.011,0.17,0.01,0.738,0.136,0.052,0.191,0.017,0.167,-0.041
Ano8,-0.07,,0.374,-0.291,-0.393,0.276,0.358,-0.009,-0.115,0.349,-0.035,0.075,-0.354
Anp32a,-0.006,0.185,-0.277,-0.038,-0.368,-0.248,0.389,-0.074,-0.07,-0.07,-0.232,0.256,-0.136
Anp32b,0.081,0.388,-0.229,-0.047,-0.545,-0.173,-0.002,-0.069,0.014,-0.108,-0.153,-0.086,-0.099
Anp32e,0.187,0.535,-0.082,0.031,-0.948,-0.17,0.343,-0.213,-0.034,-0.03,-0.125,-0.049,-0.154
Antxr2,-0.086,0.035,-0.482,-0.019,1.379,-0.743,-0.26,-0.076,,0.292,0.218,,
Anxa2,-0.017,-0.014,-0.204,-0.074,1.119,0.202,-0.085,-0.11,0.034,-0.006,-0.054,-0.012,-0.139
Anxa5,0.039,-0.225,-0.247,-0.007,0.539,0.227,0.107,0.035,-0.036,-0.042,-0.025,-0.1,-0.061
Anxa6,-0.05,-0.095,0.189,-0.02,0.491,-0.061,0.153,0.043,0.021,0.27,-0.052,0.045,-0.145
Anxa7,0.115,0.145,-0.033,0.148,0.649,0.042,-0.072,0.463,0.024,0.072,0.055,0.137,0.077
Ap1ar,0.075,-0.116,0.047,0.031,-0.158,-0.12,0.199,0.059,-0.015,-0.03,-0.063,-0.06,0.178
Ap1b1,0.035,0.522,0.138,0.07,0.067,0.14,-0.141,-0.084,0.097,0.14,0.156,0.104,0.261
Ap1g1,0.075,-0.033,0.103,0.219,-0.031,0.129,0.548,-0.024,0.051,0.073,0.076,0.058,0.224
Ap1m1,-0.059,0.105,0.112,0.045,-0.14,-0.305,0.076,0.153,0.042,0.06,-0.011,-0.022,-0.14
Ap1s1,-0.054,-0.017,-0.071,-0.044,0.034,-0.033,-0.133,0.002,0.038,-0.07,-0.126,-0.182,0.058
Ap1s2,-0.112,-0.324,-0.013,0.164,0.653,0.157,0.506,0.008,0.115,0.031,0.235,-0.177,0.037
Ap2a1,0.046,-0.257,0.115,0.041,0.772,0.203,0.305,0.012,0.141,0.232,0.068,0.105,-0.026
Ap2a2,0.013,0.17,0.024,0.006,-0.06,0.044,0.132,0.015,0.02,0.036,0.032,-0.037,-0.125
Ap2b1,0.275,-0.113,0.127,0.04,0.054,0.177,0.236,0.167,0.083,0.168,0.137,-0.152,-0.037
Ap2m1,0.021,-0.118,0.051,0.002,0.184,-0.004,-0.01,-0.153,-0.061,0.035,0.041,0.073,-0.008
Ap2s1,-0.018,0.148,-0.174,-0.044,0.316,0.085,-0.176,0.042,-0.02,-0.051,-0.006,0.158,-0.01
Ap3b1,0.171,1.03,0.127,-0.047,0.12,0.051,0.288,-0.603,-0.153,0.138,0.251,0.018,-0.05
Ap3b2,0.038,-0.274,0.112,0.09,0.034,0.059,0.111,-0.036,-0.015,0.226,0.09,0.165,0.02
Ap3d1,-0.015,0.566,0.079,0.14,0.056,0.022,0.627,-0.271,0.01,0.11,-0.013,0.15,0.063
Ap3m1,-0.201,-0.274,0.198,0.053,0.059,-0.064,0.099,-0.045,-0.034,0.152,0.089,0.074,-0.199
Ap3m2,0.476,-0.025,0.051,0.235,0.019,0.166,0.147,0.312,-0.091,0.077,0.26,0.072,0.069
Ap3s1,-0.047,0.246,-0.059,-0.023,0.139,-0.011,0.28,-0.183,0.017,-0.068,0.01,-0.224,-0.179
Ap3s2,0.063,1.063,0.17,-0.003,0.032,0.18,0.158,-0.288,0.08,0.096,0.057,0.074,-0.086
Ap4b1,0.282,0.725,0.105,-0.143,0.529,-0.412,-0.177,,-0.121,0.104,0.048,-0.011,-0.279
Ap4e1,0.066,-0.481,-0.025,-0.371,0.306,0.28,-0.159,-0.289,0.098,0.128,0.368,-0.051,
Ap4m1,-0.301,,0.226,-0.019,-0.454,-0.15,0.736,-0.263,-0.003,-0.009,-0.232,-0.03,-0.427
Ap4s1,-0.146,-0.528,-0.098,0.015,0.08,0.245,0.41,-0.052,0.031,-0.119,0.003,-0.287,-0.082
Apba1,0.035,0.166,0.282,0.164,0.401,-0.015,0.366,-0.109,0.111,0.166,0.181,0.046,-0.054
Apba2,-0.039,0.466,0.023,-0.004,-0.028,0.12,0.186,-0.057,-0.07,0.094,-0.033,0.394,0.059
Apba3,0.338,-1.198,0.075,-0.136,-0.043,0.281,-0.219,-0.534,0.002,-0.047,0.154,0.121,-0.38
Apbb1,0.113,0.091,0.027,-0.044,0.55,0.157,-0.119,-0.011,-0.019,0.065,-0.008,-0.032,-0.018
Apbb2,0.141,-0.004,0.118,-0.216,-0.066,0.149,0.095,0.068,0.116,0.214,0.096,0.012,-0.474
Apc,0.055,0.111,0.155,0.055,-0.21,0.094,0.365,0.104,-0.013,0.153,0.147,0.01,-0.161
Apc2,0.162,-0.759,0.3,0.018,0.046,-0.024,0.493,0.178,0.116,0.242,0.2,0.294,-0.171
Apeh,0.34,-0.463,0.172,0.128,0.184,-0.102,-0.104,-0.117,0.094,0.16,-0.076,-0.085,0.28
Apex1,-0.186,,-0.279,-0.059,-0.316,-0.172,-0.115,-0.082,-0.142,-0.029,-0.107,-0.082,0.054
Apex2,-0.088,,0.091,0.391,0.328,-0.221,0.136,0.728,-0.015,0.013,0.169,0.083,0.072
Aph1b,0.138,-0.713,0.243,0.008,-0.482,0.037,0.394,0.204,0.064,0.12,0.185,0.204,0.038
Api5,-0.019,-0.439,0.015,-0.153,-0.55,-0.1,-0.033,-0.186,-0.077,0.064,-0.075,0.133,-0.128
Apip,0.093,0.271,-0.184,0.049,0.455,0.149,0.102,-0.469,-0.029,-0.076,-0.214,-0.282,0.044
Aplf,-0.31,0.213,0.318,0.142,-0.652,0.032,,,0.492,-0.029,-0.425,,0.195
Aplp1,-0.086,0.003,0.122,0.004,0.384,0.168,0.434,0.193,0.009,0.192,0.038,0.008,0.021
Aplp2,0.029,-0.034,0.231,0.054,0.095,0.076,0.465,0.034,0.083,0.197,0.149,0.132,-0.084
Apoe,0.668,-0.744,-0.184,-0.09,-0.186,-0.557,-0.719,-0.358,-0.509,-0.202,0.199,-0.532,-0.138
Apoo,0.136,-0.183,-0.132,-0.054,0.188,-0.063,0.159,-0.033,-0.078,-0.085,-0.107,-0.357,0.001
Apool,0.135,0.195,0.068,-0.167,-0.343,-0.457,0.044,,-0.239,-0.048,-0.176,-0.296,-0.316
App,-0.204,-0.028,0.128,0.088,0.361,0.025,0.681,0.2,0.072,0.237,0.077,0.213,0.084
Appbp2,0.212,-0.855,0.13,0.055,0.031,0.172,0.292,0.295,0.03,0.14,0.01,0.259,0.034
Appl1,-0.139,-0.486,0.045,-0.06,0.217,-0.091,0.524,0.083,0.043,0.03,0.041,-0.069,-0.007
Appl2,-0.075,1.352,0.227,0.366,-0.525,-0.255,0.711,-0.211,-0.093,-0.031,0.309,0.163,-0.231
Aprt,0.114,0.298,-0.171,0.035,0.327,0.021,-0.208,0.097,-0.024,-0.073,-0.08,-0.264,0.079
Aptx,-0.126,0.256,-0.033,0.036,-0.261,-0.296,-0.291,-0.401,-0.03,-0.015,-0.371,0.012,0.08
Aqp11,0.637,1.045,0.191,-0.171,-0.133,-0.115,0.304,,0.157,-0.001,0.166,-0.442,0.551
Aqr,0.007,-0.057,0.118,0.123,-0.11,-0.041,0.336,0.093,0.009,0.15,-0.079,-0.016,0.144
Araf,-0.06,-0.024,-0.02,0.012,0.058,-0.073,0.234,0.045,-0.051,-0.049,0.081,0.075,0.026
Arcn1,0.095,-0.306,-0.028,-0.015,-0.196,0.081,0.184,0.113,0.034,0.029,0.01,0.094,0.09
Arf1,-0.006,0.046,0.058,0.024,0.025,-0.02,0.199,-0.016,-0.001,-0.001,-0.02,0.174,-0.062
Arf2,0.298,0.035,-0.012,-0.035,-0.135,0.062,-0.093,-0.392,0.044,0.032,-0.056,0.002,-0.213
Arf3,-0.032,-0.135,0.078,0.002,0.474,0.155,0.281,-0.221,0.099,0.194,0.126,0.337,0.09
Arf4,-0.051,-0.046,-0.09,-0.015,-0.101,-0.1,-0.128,-0.306,-0.026,-0.02,-0.012,0.112,-0.072
Arf5,0.095,0.056,0.013,-0.055,0.107,-0.03,0.152,0.095,0.048,-0.03,-0.001,0.014,-0.067
Arf6,-0.147,0.138,-0.151,-0.039,-0.027,-0.193,0.011,-0.128,-0.039,-0.039,-0.085,0.05,-0.024
Arfgap1,0.371,0.431,0.062,-0.028,-0.032,0.072,-0.209,0.311,-0.053,0.153,0.02,0.119,-0.197
Arfgap2,0.261,1.03,0.134,0.01,-0.259,0.176,0.103,-0.186,0.056,0.174,0.197,-0.097,0.173
Arfgap3,0.275,-0.517,-0.042,-0.001,0.419,0.011,0.233,-0.168,-0.062,0.077,0.081,0.127,0.221
Arfgef1,0.046,-0.096,0.259,0.158,0.132,-0.073,0.548,-0.107,0.089,0.139,-0.003,0.13,-0.107
Arfgef2,-0.099,0.006,0.191,0.109,0.055,0.064,0.371,0.159,0.059,0.28,0.078,0.111,-0.68
Arfip1,0.141,-0.049,-0.1,0.145,0.216,-0.05,-0.206,0.223,0.175,0.005,0.205,0.138,-0.352
Arfip2,-0.195,0.312,-0.072,-0.104,0.048,0.094,-0.105,-0.342,0.025,0.046,0.034,-0.061,0.149
Arfrp1,0.054,-0.133,-0.072,-0.091,0.052,-0.184,-0.279,-0.024,0.042,-0.09,0.013,-0.164,0.001
Arglu1,0.038,0.047,0.004,0.032,-0.354,0.009,0.255,0.06,0.01,0.057,0.096,0.058,-0.144
Arhgap1,0.067,-0.462,0.006,-0.189,0.4,-0.156,-0.011,0.27,-0.02,0.07,-0.005,0.183,0.231
Arhgap10,-0.02,1.571,0.017,0.049,-0.736,-0.089,-0.342,-0.348,0.157,-0.15,0.056,0.517,-0.003
Arhgap12,-0.001,0.128,0.085,-0.093,-0.238,0.216,0.584,0.078,0.104,0.169,-0.022,0.135,-0.1
Arhgap17,0.01,-0.137,0.046,0.106,-0.607,-0.042,-0.005,0.464,0.173,0.118,-0.074,0.15,0.17
Arhgap21,0.036,0.183,0.11,0.073,0.036,0.11,0.386,0.084,0.005,0.15,0.078,0.156,-0.407
Arhgap22,0.317,0.363,0.166,0.135,0.443,0.689,0.05,-0.126,-0.028,0.141,-0.099,-0.24,-0.772
Arhgap24,0.325,-0.028,-0.001,0.12,0.146,0.153,-1.422,,-0.269,-0.112,0.081,,0.312
Arhgap26,0.138,0.536,0.248,0.025,0.367,0.237,0.317,-0.063,0.117,0.169,-0.131,0.182,0.227
Arhgap28,-0.258,0.357,-0.304,0.112,0.108,-0.066,0.026,0.2,-0.083,0.001,-0.0,0.045,-0.023
Arhgap32,0.673,-2.26,0.032,0.177,-0.547,-0.019,0.746,0.098,0.199,-0.019,0.068,0.235,-0.636
Arhgap33,-0.305,-1.123,0.111,0.137,-0.26,0.091,0.583,0.02,-0.087,0.227,0.095,0.066,-0.276
Arhgap42,-0.291,-0.759,0.082,-0.04,0.384,0.405,-0.761,,-0.128,-0.009,-0.151,-0.345,-0.059
Arhgap44,0.24,-0.223,0.192,-0.048,0.867,0.339,0.097,0.118,0.101,0.091,0.024,0.328,-0.579
Arhgap5,-0.166,-0.272,0.052,0.069,0.314,-0.195,0.603,0.263,0.154,0.067,0.208,0.234,-0.098
Arhgdia,-0.058,0.123,-0.058,0.012,0.255,0.127,-0.199,0.07,0.018,0.076,0.029,0.12,-0.002
Arhgdig,-0.036,0.204,-0.037,-0.07,0.725,0.194,0.16,0.123,0.049,-0.036,0.073,0.067,0.018
Arhgef1,-0.077,-0.561,0.311,0.101,-0.516,0.016,-0.77,-0.008,-0.082,0.164,-0.083,0.096,-0.007
Arhgef10l,0.322,-0.209,0.186,-0.161,0.039,-0.014,0.616,-0.18,0.072,0.169,0.039,0.089,-0.296
Arhgef11,0.074,0.521,0.078,-0.033,-0.181,-0.035,0.432,-0.045,0.203,0.137,0.102,0.061,-0.195
Arhgef12,0.272,0.234,0.091,0.094,-0.323,0.135,0.044,0.17,0.047,0.064,0.058,0.138,0.279
Arhgef15,0.115,-0.174,-0.205,0.023,-0.511,-0.142,0.031,0.177,-0.022,-0.158,0.17,-0.073,0.109
Arhgef17,0.174,0.473,0.102,0.038,0.038,-0.227,-0.147,-0.12,-0.006,0.113,0.215,0.233,-0.184
Arhgef18,0.166,0.094,0.082,0.14,0.077,0.291,0.062,0.022,0.064,0.118,0.206,0.211,-0.335
Arhgef2,-0.818,0.693,0.034,0.001,-0.959,0.125,-0.904,,-0.102,-0.023,-0.02,0.095,-0.152
Arhgef25,0.046,-0.24,0.084,-0.032,-0.044,-0.337,-0.08,0.062,0.02,0.096,0.033,0.164,-0.275
Arhgef3,-0.021,-1.157,0.108,0.032,0.377,0.273,0.137,0.389,0.043,0.151,0.039,0.264,-0.015
Arhgef4,0.396,-0.374,0.206,-0.035,0.078,0.255,0.087,-0.355,0.187,0.078,-0.036,-0.1,-0.088
Arhgef40,0.271,-0.439,0.093,-0.043,0.342,-0.062,-0.004,0.331,0.125,0.198,0.115,-0.198,0.196
Arhgef6,0.899,-0.29,0.189,,-2.787,0.709,-0.501,,-0.163,-0.101,0.243,-0.175,
Arhgef7,0.46,-0.08,0.092,0.067,-0.149,0.113,0.015,0.391,0.074,0.258,-0.002,0.397,-0.046
Arhgef9,-0.057,0.175,0.09,-0.034,0.377,0.321,0.481,-0.081,0.029,0.09,0.158,0.283,-0.093
Arid1a,0.067,0.3,0.045,0.096,-0.124,0.005,0.543,-0.113,0.105,0.184,0.054,0.116,0.285
Arid1b,0.146,-0.076,-0.009,-0.072,-0.747,-0.163,0.427,0.101,0.026,0.046,-0.027,0.132,0.302
Arid2,0.057,-0.57,0.056,0.083,-0.56,0.312,0.6,-0.136,0.018,0.111,0.08,0.206,-0.28
Arid4a,0.039,0.503,-0.123,0.069,-0.415,-0.078,0.462,-0.116,0.008,0.003,-0.005,-0.044,0.08
Arid4b,-0.016,-0.427,-0.08,0.124,-0.414,-0.172,0.488,0.22,0.062,0.047,0.038,-0.004,-0.014
Arid5b,0.117,-0.054,-0.144,-0.026,-0.025,0.224,0.094,0.386,-0.038,-0.021,-0.061,-0.609,0.006
Arih1,0.197,0.425,0.151,-0.036,-0.073,0.064,0.042,-0.023,0.076,0.103,0.124,0.1,-0.334
Arih2,0.37,0.382,0.178,-0.025,0.23,0.252,-0.154,0.089,0.065,0.05,-0.07,-0.004,-0.699
Arl1,0.073,-0.004,0.036,-0.046,0.035,-0.068,0.272,-0.02,-0.082,-0.061,-0.054,0.028,0.066
Arl13b,0.083,-0.274,-0.213,0.112,-0.313,0.092,0.837,0.722,-0.084,-0.029,0.028,-0.158,0.222
Arl15,-0.368,-0.603,0.069,0.15,-0.017,-0.055,0.198,0.408,0.324,0.199,0.278,-0.015,
Arl16,0.2,-0.203,-0.061,0.048,-0.164,-0.119,0.054,-0.051,0.08,-0.068,-0.042,-0.199,0.052
Arl2,-0.043,-0.088,-0.154,-0.058,0.321,0.022,-0.18,0.012,-0.129,-0.081,-0.065,-0.079,0.08
Arl2bp,-0.283,0.389,0.067,0.013,0.122,0.154,0.258,0.074,0.045,-0.007,0.02,0.161,-0.041
Arl3,-0.042,-0.049,-0.078,-0.018,-0.001,-0.047,0.175,-0.183,-0.073,-0.098,-0.062,-0.3,0.013
Arl4a,-0.241,-0.503,-0.263,0.011,0.426,0.171,0.007,-0.26,0.049,-0.027,-0.153,-0.373,0.018
Arl4c,0.044,0.103,-0.009,-0.036,0.153,0.03,0.095,-0.069,0.08,0.117,0.138,0.083,-0.023
Arl5a,-0.071,0.44,0.065,0.011,-0.0,0.012,0.522,-0.461,0.08,0.022,0.006,0.051,-0.2
Arl5b,-0.912,-0.175,0.157,-0.085,-0.548,-0.323,0.071,-0.2,-0.074,0.112,0.039,0.009,0.139
Arl6,0.042,-1.408,-0.171,-0.047,-0.206,0.188,0.139,0.132,0.0,-0.076,0.002,0.074,-0.062
Arl6ip1,0.088,-0.295,0.053,0.071,0.298,0.074,0.476,0.031,0.006,0.062,0.015,-0.047,-0.03
Arl6ip4,0.032,-0.112,-0.193,-0.051,0.124,-0.157,-0.159,-0.001,0.033,-0.136,-0.012,-0.163,-0.127
Arl6ip5,0.076,0.099,0.094,-0.068,0.315,0.164,0.626,0.122,-0.025,0.034,-0.032,-0.03,-0.003
Arl6ip6,-0.36,-0.04,0.006,-0.129,-0.582,-0.586,0.192,-0.165,-0.049,-0.056,0.012,0.204,-0.1
Arl8a,-0.063,0.061,0.034,0.022,0.505,0.218,0.139,0.284,0.027,0.028,-0.005,0.017,-0.031
Arl8b,0.064,-0.274,0.133,-0.062,0.016,0.031,0.29,-0.364,0.013,0.143,0.128,0.177,0.137
Armc1,0.006,-0.258,-0.059,-0.063,-0.109,-0.245,0.457,-0.18,-0.042,-0.074,0.006,0.016,-0.175
Armc10,0.059,0.507,0.058,0.089,-0.083,-0.007,0.272,-0.035,-0.113,-0.031,-0.163,0.187,-0.017
Armc5,0.526,-0.301,0.003,-0.022,0.442,0.493,-0.177,,-0.185,0.162,0.148,-0.044,0.253
Armc6,0.357,0.154,0.036,0.053,0.437,0.231,-0.322,-0.144,-0.089,0.198,-0.221,-0.032,-0.074
Armc7,-0.494,,-0.035,0.151,-0.826,0.32,-0.861,,0.207,0.084,0.332,0.115,-1.299
Armc8,-0.083,0.008,0.024,0.107,0.349,0.24,0.429,-0.206,0.035,0.122,-0.039,0.122,-0.086
Armc9,0.294,-0.468,0.235,0.094,0.154,-0.412,-0.293,0.015,-0.116,0.189,0.065,0.055,0.157
Armcx1,-0.053,-0.023,0.101,0.034,-0.193,-0.109,0.342,-0.059,-0.03,0.057,0.258,0.092,0.001
Armcx2,0.313,0.012,0.139,-0.025,-0.278,0.031,-0.048,0.06,0.038,0.135,0.19,0.151,0.114
Armcx3,0.007,-0.86,0.225,-0.012,0.193,-0.128,0.317,-0.089,-0.032,0.141,0.008,0.126,-0.069
Armcx5,-0.006,-0.154,-0.007,0.053,0.205,-0.015,0.189,0.128,-0.048,0.017,0.063,-0.188,-0.434
Armcx6,0.202,,0.062,-0.077,-0.997,0.269,-0.939,,0.031,0.049,-0.316,,-0.191
Arnt2,0.322,0.579,-0.13,-0.046,-0.072,0.124,0.533,0.7,0.196,,0.071,0.295,-0.677
Arntl,0.553,0.128,-0.067,0.092,0.83,0.213,0.225,-0.008,0.364,0.123,0.11,-0.213,-0.432
Arpc1a,-0.007,0.085,-0.121,-0.004,0.181,0.076,0.042,-0.07,-0.002,-0.087,-0.126,-0.071,-0.046
Arpc1b,-0.074,0.092,-0.382,-0.149,0.479,-0.008,-0.436,-0.413,-0.104,-0.181,-0.308,-0.26,-0.541
Arpc2,0.062,-0.228,-0.152,-0.074,0.108,-0.058,0.059,-0.069,-0.013,-0.063,-0.012,-0.121,-0.035
Arpc3,-0.193,-0.166,-0.166,-0.014,0.415,-0.021,-0.153,0.241,-0.08,-0.076,-0.149,-0.369,-0.105
Arpc4,-0.038,-0.722,-0.033,-0.075,-0.044,-0.019,-0.448,0.533,0.033,-0.055,-0.035,0.064,0.009
Arpc5,-0.099,-0.144,-0.137,-0.02,0.237,0.083,0.096,0.128,0.019,-0.077,0.036,-0.039,-0.005
Arpc5l,0.005,0.092,-0.147,0.005,0.426,0.038,0.238,0.132,0.012,-0.117,-0.004,-0.221,-0.011
Arpp19,-0.075,-0.324,-0.111,-0.039,0.072,-0.018,-0.057,-0.012,-0.035,-0.114,0.01,-0.169,-0.006
Arpp21,0.063,-0.53,-0.239,0.079,-0.598,-0.167,,,-0.051,0.063,-0.778,-0.063,-0.312
Arrb1,0.015,0.162,0.262,-0.183,0.217,0.269,-0.544,-0.504,0.16,0.113,0.184,0.279,-0.12
Arrb2,0.132,-0.374,-0.078,-0.008,-0.46,-0.231,0.017,0.582,0.06,0.038,0.075,0.134,0.056
Arrdc1,-0.232,0.094,0.005,-0.071,1.012,-0.313,0.036,0.096,-0.077,0.09,-0.022,0.006,0.092
Arrdc2,0.389,,0.232,-0.132,-0.277,-0.343,-1.384,,-0.474,0.043,0.001,0.161,0.336
Arrdc3,0.058,0.05,-0.087,0.101,-0.468,0.036,0.188,0.122,-0.053,0.154,-0.019,0.018,-0.068
Arrdc4,0.196,-0.673,-0.006,0.035,-0.107,-0.234,0.023,,-0.025,-0.021,0.195,0.492,-0.332
Arsa,-0.155,0.02,0.331,-0.184,0.459,0.623,0.197,0.003,0.238,0.141,-0.043,-0.035,0.37
Arsb,0.087,-0.281,0.136,-0.236,-1.212,0.224,-0.269,-0.037,-0.104,0.025,0.574,0.002,-1.249
Arsg,0.296,1.407,0.142,-0.348,-1.559,-0.484,-0.772,,-0.023,0.287,-0.102,,
Art3,0.397,-2.895,-0.208,-0.193,0.107,-3.295,-0.604,-0.616,-0.31,-0.012,0.344,,
Arv1,-0.016,-0.358,0.242,-0.338,0.371,-0.332,0.213,-2.304,-0.094,0.076,0.177,-0.288,0.05
Arvcf,-0.361,0.129,0.059,-0.004,0.526,-0.108,,0.099,0.067,0.269,0.009,-0.089,-0.03
Arxes1,-0.118,0.569,0.042,0.052,0.433,0.084,-0.384,0.292,-0.06,0.177,-0.104,-0.168,0.223
Arxes2,-0.123,0.042,0.042,0.012,0.069,0.098,0.322,-0.089,-0.046,0.096,0.06,-0.01,0.137
As3mt,-0.345,-0.036,-0.104,-0.106,-0.324,0.009,0.077,-0.924,-0.097,-0.121,-0.169,-0.018,-0.068
Asah1,0.044,-0.312,0.157,0.001,-0.035,0.007,0.342,0.077,-0.125,0.041,0.08,-0.474,-0.241
Asah2,0.211,0.681,0.328,0.361,0.753,0.714,-0.532,,-0.265,0.296,-0.498,,
Asap1,0.018,0.406,0.02,0.044,0.518,0.36,0.452,0.201,-0.063,0.011,0.075,0.14,0.031
Asap2,0.084,0.436,-0.057,-0.209,-0.753,-0.635,-0.306,-0.25,0.158,0.048,-0.053,-0.307,-0.38
Asb1,0.065,0.117,0.014,0.201,-0.265,0.227,0.026,-0.138,0.052,0.205,0.199,0.133,-0.038
Asb13,0.241,-0.455,0.22,-0.157,-0.401,0.168,-0.331,-0.343,-0.046,0.016,-0.3,0.109,0.01
Asb3,0.033,-0.19,0.018,-0.108,-0.228,0.637,0.125,-0.575,0.042,0.063,0.116,-0.063,-0.045
Asb6,-0.006,0.43,0.217,0.016,-0.275,0.138,-0.133,-0.298,0.052,0.104,-0.084,0.005,-0.189
Asb7,-0.457,0.157,0.073,-0.034,-0.162,-0.07,0.583,-0.289,0.172,0.079,0.193,0.192,0.165
Asb8,0.072,0.162,-0.038,0.033,0.314,0.017,0.278,-0.716,-0.024,0.01,0.134,0.103,-0.15
Ascc1,0.278,0.761,-0.026,-0.014,0.149,-0.225,0.109,0.119,-0.13,-0.092,0.192,-0.055,0.288
Ascc2,-0.404,,0.145,0.079,-0.297,-0.199,-0.304,-0.062,0.066,0.244,0.185,0.07,-0.092
Ascc3,-0.127,-0.695,0.115,0.188,-0.305,0.131,0.434,0.021,0.086,0.125,0.06,-0.047,0.011
Asf1a,-0.047,-0.181,-0.11,-0.022,-0.378,0.194,0.01,-0.539,-0.044,-0.094,-0.183,-0.178,0.127
Ash1l,0.064,0.314,0.038,-0.098,-0.178,0.025,0.638,-0.051,0.006,0.139,-0.007,0.168,-0.073
Ash2l,0.107,-0.148,-0.008,0.029,0.205,-0.08,0.209,0.082,-0.012,-0.02,-0.052,0.01,0.097
Asl,0.201,0.194,-0.09,0.057,0.412,-0.005,0.015,0.163,0.108,0.21,-0.18,-0.161,-0.14
Asna1,0.081,-0.524,-0.058,0.005,-0.083,0.052,,0.149,-0.075,-0.063,-0.075,-0.007,0.039
Asns,-0.017,-0.137,0.043,-0.068,0.671,0.003,-0.2,-0.123,-0.13,0.093,-0.056,-0.101,0.173
Asnsd1,0.035,0.686,-0.004,0.024,0.175,-0.036,0.241,-0.079,-0.028,-0.052,0.042,-0.147,0.116
Asph,-0.036,0.196,0.272,-0.004,0.236,0.24,0.705,-0.01,0.065,0.117,0.008,0.076,0.074
Asphd1,-0.322,1.805,0.21,-0.036,0.431,-0.014,0.042,,-0.075,0.248,-0.018,0.348,0.269
Asphd2,0.057,-0.2,0.098,0.1,-0.084,-0.193,0.177,0.154,-0.015,0.056,0.067,0.083,0.149
Aspscr1,0.116,0.62,-0.068,-0.037,0.009,0.233,-0.032,0.124,-0.073,0.0,-0.1,-0.009,-0.022
Asrgl1,0.28,0.174,-0.096,0.043,0.054,-0.112,0.006,-0.544,-0.055,-0.064,-0.112,-0.005,0.025
Aste1,-0.643,,0.117,-0.104,0.716,-0.301,-0.217,0.335,-0.299,0.391,0.361,-0.084,
Astn1,-0.093,-0.31,0.107,0.028,0.22,0.326,0.541,0.481,0.146,0.247,0.223,-0.161,0.183
Asxl1,-0.166,-0.406,0.089,0.04,0.102,0.198,-0.063,-0.288,0.078,0.17,0.066,0.123,0.128
Asxl2,0.255,0.687,0.122,-0.041,-0.188,-0.11,0.748,0.226,0.111,0.168,0.111,-0.031,0.198
Atad1,-0.147,-0.135,0.222,0.045,0.099,0.038,0.262,-0.012,0.054,0.115,-0.046,0.054,0.119
Atad2,-0.079,0.145,0.248,0.038,-2.098,-1.878,0.116,-0.38,-0.395,0.035,-0.482,-0.64,
Atad2b,0.1,0.185,0.058,-0.031,-0.649,-0.065,1.275,0.008,-0.05,0.049,0.352,-0.2,-0.775
Atad3a,-0.328,0.05,0.207,-0.01,0.327,-0.033,-0.041,0.141,0.035,0.094,-0.095,-0.009,0.027
Atat1,-0.316,-0.85,0.155,-0.094,-0.796,-0.297,0.597,0.231,-0.051,0.086,-0.034,-0.009,0.078
Atcay,0.391,0.393,0.284,0.085,-0.044,0.192,0.438,-0.145,0.075,0.108,0.063,0.018,0.09
Ate1,0.143,0.813,-0.034,0.016,-0.231,-0.056,0.763,-0.186,-0.054,-0.009,0.133,-0.17,0.059
Atf1,0.048,-0.998,-0.075,-0.068,-0.455,-0.357,-0.235,0.142,0.209,0.036,0.062,-0.029,0.051
Atf2,0.083,-0.089,0.052,0.071,-0.302,-0.101,0.527,-0.07,0.074,0.084,0.12,0.081,-0.063
Atf3,-0.263,-0.473,-0.561,-0.378,-0.629,-0.473,-0.033,-0.435,-0.425,-0.362,-0.378,,
Atf4,-0.297,0.057,-0.011,-0.069,-0.265,-0.222,-0.411,-0.077,-0.037,-0.015,-0.038,0.209,-0.02
Atf6,0.004,0.367,0.192,0.028,-0.104,-0.17,-0.955,-0.051,0.077,0.176,-0.093,0.193,-0.049
Atf6b,-0.046,0.081,0.243,0.066,0.535,0.037,0.236,0.554,0.067,0.142,-0.048,0.307,0.075
Atf7ip,-0.045,1.085,0.016,0.016,-0.435,0.211,0.394,0.354,0.128,0.162,-0.0,0.184,0.172
Atg10,-0.01,0.54,-0.081,0.177,0.065,-0.081,-0.14,0.375,0.113,-0.086,0.014,-0.3,0.03
Atg12,-0.084,0.287,-0.043,-0.004,-0.013,-0.015,0.357,-0.215,0.001,0.046,0.002,-0.217,0.143
Atg13,0.016,-0.307,0.139,-0.014,-0.52,0.341,-0.003,-0.098,0.104,0.129,0.083,0.239,-0.26
Atg14,0.094,0.133,0.102,0.05,-0.365,-0.177,0.537,-1.096,0.229,0.002,-0.403,-0.005,-0.809
Atg16l1,0.084,-0.63,0.242,-0.096,-0.044,-0.111,0.18,-0.099,0.158,0.221,-0.073,-0.011,-0.011
Atg16l2,0.443,-0.069,0.117,0.045,0.193,-0.126,-0.598,-0.418,0.253,0.138,0.161,-0.151,-0.169
Atg2b,0.003,-0.216,0.116,-0.003,-0.618,0.351,0.404,-0.423,0.195,0.243,0.24,0.194,-0.57
Atg3,-0.055,-0.363,-0.158,-0.01,-0.015,-0.036,0.097,-0.399,-0.098,-0.055,-0.14,-0.181,-0.122
Atg4a,-0.348,,0.154,-0.013,0.66,0.028,-1.433,0.434,0.048,-0.216,-0.001,-0.256,-0.115
Atg4b,-0.034,0.635,0.144,-0.073,0.018,0.056,-0.179,-0.49,-0.064,0.136,0.17,0.368,-0.117
Atg4c,-0.274,-0.318,0.194,-0.222,-0.639,0.962,0.124,-0.668,-0.034,0.144,0.252,0.064,0.114
Atg4d,-0.047,,0.05,0.072,-0.073,0.109,-0.018,0.012,-0.056,0.051,-0.252,-0.051,0.283
Atg5,-0.049,0.363,-0.054,0.033,0.561,-0.19,0.383,-0.097,-0.1,-0.087,-0.097,-0.047,-0.006
Atg7,-0.137,0.151,0.163,-0.086,-0.748,-0.0,-0.111,0.686,-0.002,0.189,-0.368,0.042,0.133
Atg9a,0.01,0.172,0.281,-0.059,0.251,0.244,,0.286,0.114,0.22,0.161,0.024,-0.007
Atic,0.036,2.675,-0.039,0.226,0.086,-0.003,0.315,0.373,0.037,0.066,0.04,-0.075,-0.024
Atl1,0.106,-0.23,0.238,0.028,0.401,0.087,0.549,0.237,0.048,0.174,0.037,-0.04,0.041
Atl2,-0.135,0.401,0.223,-0.104,0.012,0.148,-0.115,-0.176,0.079,0.135,-0.078,0.326,-0.386
Atl3,0.042,-0.351,0.127,0.181,0.245,0.27,0.424,-0.551,0.076,0.24,0.177,0.079,-0.533
Atm,0.405,-0.935,0.047,0.14,0.34,0.175,0.122,-0.434,0.268,0.067,0.118,-0.066,0.162
Atmin,0.193,0.003,0.129,0.033,0.262,0.057,0.642,-0.553,-0.013,0.244,0.21,0.107,-0.049
Atox1,-0.056,-0.231,-0.15,-0.002,0.471,0.021,-0.202,-0.137,0.002,-0.144,0.055,-0.246,0.0
Atp11a,0.013,0.345,0.066,0.125,-0.154,0.1,0.607,0.299,0.02,0.206,0.077,0.008,-0.828
Atp11b,-0.091,-0.971,0.161,0.089,-0.211,0.112,0.243,0.168,0.041,0.179,0.081,0.051,0.102
Atp11c,-0.035,-0.371,0.241,-0.147,-0.667,-0.596,-0.293,0.248,-0.04,0.282,-0.318,-0.214,-0.46
Atp13a1,0.005,-0.473,0.328,0.101,0.204,0.314,-0.316,-0.162,0.078,0.444,-0.002,-0.094,-0.187
Atp13a2,0.326,0.299,0.396,0.07,0.477,0.168,0.386,0.077,0.162,0.352,0.078,-0.012,-0.121
Atp13a3,-0.32,-1.224,0.203,-0.176,-0.431,0.117,0.293,0.425,0.242,0.14,-0.004,0.078,-0.176
Atp1a1,0.234,0.245,-0.043,0.011,0.043,0.07,0.384,0.194,0.085,0.307,-0.129,-0.097,0.021
Atp1a2,0.851,-2.173,-0.356,-0.216,-0.308,-0.081,-0.69,-0.88,-0.327,-0.114,0.43,,
Atp1a3,0.133,-0.565,0.297,-0.008,0.693,0.132,0.532,0.156,0.109,0.154,0.202,0.131,0.598
Atp1b1,-0.025,0.031,0.252,-0.033,0.668,0.112,0.603,0.208,0.0,0.09,0.019,0.415,0.344
Atp1b2,0.683,-2.826,-0.232,-0.007,0.728,0.184,-0.132,-1.366,0.012,-0.22,0.061,-0.04,0.101
Atp1b3,-0.064,-0.405,0.009,-0.071,0.195,0.164,0.286,-0.031,0.1,0.147,0.111,-0.055,0.138
Atp2a2,-0.058,0.069,0.367,0.051,-0.13,0.059,0.607,0.227,0.097,0.274,0.131,0.149,-0.001
Atp2b1,0.105,0.026,0.067,0.055,0.016,0.034,0.641,0.249,0.008,0.054,0.047,-0.149,-0.07
Atp2b2,0.103,0.353,0.292,0.113,0.167,0.034,0.754,-0.006,-0.083,0.168,0.123,-0.081,-0.352
Atp2b3,-0.058,0.64,0.212,-0.244,1.683,0.55,0.923,-0.608,0.281,0.238,0.204,0.138,-0.321
Atp2b4,-0.145,0.469,-0.164,0.057,0.643,0.019,0.602,0.362,0.095,0.338,0.162,0.351,0.244
Atp2c1,-0.175,-0.078,0.164,-0.005,0.147,0.442,0.62,0.323,0.055,0.268,0.103,-0.049,-0.006
Atp5a1,0.04,-0.104,-0.035,-0.023,0.057,-0.044,-0.125,-0.041,-0.042,0.017,-0.005,0.012,0.019
Atp5b,0.017,-0.024,-0.031,-0.046,0.019,-0.04,-0.187,-0.159,-0.134,0.089,-0.105,-0.12,-0.017
Atp5c1,0.041,0.04,-0.194,-0.075,0.084,-0.059,0.074,-0.094,-0.054,-0.115,-0.166,-0.331,-0.023
Atp5d,0.031,0.13,-0.162,-0.025,0.268,0.017,0.004,0.091,-0.012,-0.096,-0.068,-0.156,-0.087
Atp5e,0.048,0.094,-0.176,-0.013,-0.019,-0.108,-0.393,-0.34,-0.007,-0.164,-0.046,-0.369,0.04
Atp5f1,-0.05,0.142,-0.043,-0.057,0.015,-0.057,,-0.086,-0.029,-0.111,-0.142,-0.46,-0.032
Atp5g1,0.069,0.084,-0.192,0.002,0.31,0.014,-0.1,0.103,0.009,-0.116,0.022,-0.093,-0.018
Atp5g3,0.084,-0.139,-0.175,-0.007,0.272,0.055,-0.12,0.077,-0.001,-0.072,0.007,-0.204,-0.013
Atp5h,0.048,0.146,-0.215,-0.07,0.138,-0.008,-0.113,0.077,-0.048,-0.103,-0.126,-0.316,-0.067
Atp5j,0.039,0.226,-0.174,-0.064,0.074,0.019,0.103,-0.027,0.014,-0.123,-0.047,-0.204,0.079
Atp5j2,0.075,0.027,-0.137,-0.032,0.122,0.003,-0.222,-0.077,-0.03,-0.138,-0.087,-0.49,0.053
Atp5k,0.084,0.152,-0.117,0.001,0.302,0.054,-0.458,-0.058,0.016,-0.145,-0.023,-0.337,0.043
Atp5l,0.179,-0.022,-0.177,-0.023,0.106,0.062,-0.677,0.066,-0.043,-0.126,-0.021,-0.297,0.036
Atp5o,-0.006,-0.015,-0.221,-0.063,0.177,-0.028,-0.166,,-0.031,-0.081,-0.144,-0.145,0.011
Atp6ap1,-0.047,0.198,0.19,-0.0,0.208,0.178,0.319,0.262,0.024,0.219,0.019,0.105,0.101
Atp6ap2,-0.161,-0.474,0.221,0.071,0.283,0.127,0.364,0.151,0.028,0.108,0.046,0.071,0.03
Atp6v0a1,0.333,0.081,0.26,0.103,0.385,0.156,0.192,0.093,0.096,0.156,0.088,-0.021,0.176
Atp6v0a2,-0.339,0.164,0.34,0.052,-0.095,0.326,0.169,0.067,0.015,0.201,0.315,0.162,-0.909
Atp6v0b,0.021,0.083,0.06,-0.072,0.483,0.08,0.119,0.159,0.016,0.005,-0.057,-0.074,-0.002
Atp6v0c,0.068,,0.068,-0.005,0.487,0.091,0.171,0.15,-0.043,-0.04,-0.034,-0.236,
Atp6v0d1,-0.018,-0.121,-0.005,-0.043,0.284,-0.006,-0.141,0.08,-0.003,-0.003,-0.036,-0.168,-0.025
Atp6v0e,0.096,-0.287,-0.067,-0.174,-0.688,-0.184,-0.214,-0.354,-0.081,-0.049,-0.294,-0.372,-0.332
Atp6v0e2,0.05,0.225,0.065,-0.044,0.323,0.196,-0.035,0.16,0.042,0.053,0.013,0.184,0.024
Atp6v1a,-0.061,-0.075,0.076,0.021,0.245,0.166,0.517,-0.034,0.101,0.105,0.188,0.009,0.036
Atp6v1b2,-0.002,0.063,0.072,-0.037,0.164,-0.024,0.085,0.092,0.042,0.119,0.081,0.058,0.128
Atp6v1c1,0.005,0.043,-0.033,-0.033,0.085,0.257,0.32,-0.017,-0.013,-0.095,0.061,0.039,-0.01
Atp6v1d,-0.055,0.031,-0.149,-0.015,-0.014,0.007,0.265,-0.196,-0.095,-0.058,-0.028,-0.139,-0.051
Atp6v1e1,-0.034,0.321,-0.12,-0.003,0.299,-0.091,-0.048,0.11,-0.092,0.008,-0.089,-0.227,0.052
Atp6v1f,-0.051,0.237,-0.157,-0.035,0.276,0.047,-0.085,0.069,-0.003,-0.113,-0.004,-0.308,0.019
Atp6v1g1,-0.153,-0.037,-0.143,-0.029,0.062,-0.054,0.224,-0.071,-0.008,-0.12,0.067,-0.104,0.039
Atp6v1g2,-0.034,-0.019,-0.099,0.002,0.282,0.222,0.251,-0.325,-0.045,-0.024,0.106,0.086,0.092
Atp6v1h,-0.021,-0.052,0.074,0.028,-0.027,0.077,0.295,0.221,0.008,0.098,0.039,0.065,0.076
Atp7a,0.125,0.726,0.062,0.108,0.429,0.217,0.765,-0.035,0.35,0.353,0.136,-0.505,
Atp8a1,0.181,-0.498,0.211,0.061,0.355,0.18,0.515,-0.056,0.049,0.317,0.119,0.005,0.151
Atp8a2,-0.101,0.292,0.343,0.078,-0.106,0.13,0.729,0.003,0.097,0.215,0.103,0.141,-0.137
Atp8b2,0.483,-0.141,0.401,,-0.055,0.529,0.278,0.221,0.03,0.186,-0.126,0.118,
Atp9a,0.101,0.372,0.194,0.04,0.226,0.195,0.082,-0.127,0.043,0.224,0.079,0.174,-0.009
Atp9b,-0.091,0.036,0.292,0.117,-0.799,0.135,0.016,0.14,-0.049,0.212,0.116,-0.026,-0.011
Atpaf1,0.101,0.088,0.134,0.093,-0.114,0.118,-0.543,0.036,-0.233,-0.002,-0.138,-0.238,0.417
Atpaf2,-0.132,0.666,-0.066,-0.127,-0.148,0.321,-0.325,-1.051,-0.05,0.177,0.171,-0.341,-0.172
Atpif1,0.031,0.124,-0.161,-0.027,0.08,-0.013,0.014,0.092,-0.046,-0.105,-0.05,-0.431,-0.026
Atr,-0.065,-0.69,0.321,0.349,0.416,0.046,0.39,-0.432,-0.002,0.285,-0.094,-0.052,-0.54
Atrip,0.416,0.342,-0.004,0.167,-0.153,-0.598,-0.001,-0.88,0.023,-0.002,0.038,,
Atrn,-0.063,0.607,0.136,-0.014,0.0,0.038,0.675,0.142,0.021,0.213,0.065,0.22,-0.025
Atrnl1,-0.078,-0.044,0.162,0.217,1.032,0.428,0.389,-0.156,0.151,0.342,0.131,0.037,0.139
Atrx,-0.158,0.148,0.026,-0.02,-0.544,0.027,0.535,-0.12,0.032,0.085,-0.032,0.011,-0.006
Atxn1,-0.015,0.352,0.096,0.124,0.048,0.476,0.731,0.206,0.175,0.21,0.125,0.923,0.036
Atxn10,-0.009,0.128,0.057,0.005,0.257,-0.013,0.13,-0.112,-0.045,0.09,-0.031,0.046,0.073
Atxn2,0.013,0.278,0.016,0.115,0.076,0.162,0.293,-0.174,0.035,0.091,0.15,0.074,-0.129
Atxn2l,-0.36,0.482,0.105,0.197,-0.379,-0.253,0.115,-0.035,0.024,0.215,-0.026,0.121,0.165
Atxn3,-0.576,1.283,0.029,-0.306,0.224,0.194,-0.68,0.009,-0.076,0.106,0.087,0.011,0.109
Atxn7,0.417,-0.988,0.107,-0.28,-0.687,0.195,-0.673,-0.017,0.094,0.284,0.164,0.012,-0.592
Atxn7l1,-0.023,-1.166,0.107,0.01,0.214,-0.057,0.422,0.279,-0.125,-0.052,-0.167,0.161,-0.141
Atxn7l2,-0.056,-0.722,0.189,0.123,0.336,-0.158,-0.762,,-0.015,0.151,0.477,0.057,0.316
Atxn7l3,-0.039,0.393,0.243,0.084,0.056,-0.039,0.52,-0.169,0.097,0.108,0.153,0.186,0.265
Atxn7l3b,0.042,0.151,-0.185,0.014,-0.067,0.083,0.536,-0.05,-0.049,-0.063,-0.056,0.014,0.027
Auh,-0.086,0.229,-0.025,-0.215,0.078,0.115,0.188,0.012,-0.011,-0.099,-0.03,-0.005,-0.08
Aup1,-0.005,0.31,0.123,-0.108,-0.168,0.176,-0.049,-0.147,0.027,0.067,0.068,0.136,-0.202
Aurkaip1,-0.026,-0.189,-0.183,-0.082,-0.016,-0.076,-0.013,-0.045,0.01,-0.102,-0.071,-0.334,0.024
Auts2,-0.287,-0.694,-0.04,0.058,-0.055,-0.117,0.631,-0.094,0.123,-0.005,0.034,-0.56,-0.252
Aven,-0.03,0.555,0.123,-0.097,-0.649,0.092,-0.015,0.371,0.052,-0.241,-0.006,0.186,0.275
Avil,0.002,0.085,-0.335,-0.09,0.517,0.062,0.467,-0.176,-0.075,0.072,-0.172,0.078,0.175
Avl9,0.33,-0.155,0.118,-0.077,-0.146,-0.005,0.287,0.404,-0.078,0.068,0.2,0.216,-0.048
Avpi1,-0.022,-1.0,-0.143,-0.032,0.908,-0.262,0.099,-0.506,-0.083,-0.177,-0.085,-0.272,-0.439
Azi2,-0.071,-0.244,0.012,0.017,0.12,-0.221,0.132,0.139,0.043,-0.01,0.028,0.148,0.116
Azin1,-0.069,0.745,0.073,-0.035,-0.039,0.015,0.133,0.424,0.01,0.023,0.027,0.076,0.104
B230118H07Rik,0.075,0.012,-0.187,0.022,-0.011,-0.175,,-0.225,-0.023,-0.083,-0.163,-0.264,-0.045
B230217C12Rik,0.042,-1.502,-0.069,-0.048,0.406,0.33,0.431,-0.11,-0.005,-0.064,0.129,-0.136,0.01
B230217O12Rik,0.111,0.515,-0.098,0.089,0.957,0.004,-0.045,-0.522,-0.022,0.095,0.27,0.136,
B230219D22Rik,-0.0,-0.008,-0.063,-0.013,-0.002,-0.057,0.469,-0.15,0.054,-0.051,0.011,-0.033,0.038
B230312C02Rik,0.286,,0.62,0.147,-0.01,-0.277,-0.322,-0.002,0.297,-0.072,0.39,,0.579
B2m,0.114,0.337,-0.198,-0.079,0.371,0.334,-0.3,0.0,-0.026,0.045,0.075,0.041,-0.098
B3galnt1,0.151,0.339,0.199,-0.029,-0.063,-0.016,0.373,0.617,-0.048,0.139,-0.001,0.098,0.086
B3galnt2,0.048,0.043,0.204,-0.331,-0.513,-0.2,,0.138,-0.019,0.248,0.252,-0.076,
B3galt1,0.109,0.144,0.206,-0.008,0.61,0.427,0.602,0.302,-0.095,0.222,0.097,0.204,0.054
B3galt6,-0.202,-0.247,0.057,-0.088,-0.322,-0.489,-0.165,,-0.256,-0.106,-0.137,-0.016,0.11
B3gat3,0.003,0.334,-0.01,-0.021,0.039,-0.131,0.08,0.157,0.072,0.007,0.004,0.112,0.032
B3gnt2,0.229,-0.388,0.129,-0.014,0.141,-0.137,-0.052,,0.209,-0.001,0.074,0.058,
B3gnt8,0.295,-0.676,,-0.041,0.207,-0.449,0.267,0.582,0.398,0.219,0.169,0.113,-0.765
B430010I23Rik,0.116,,-0.042,0.091,-0.088,-1.002,0.12,0.056,0.069,0.303,0.145,,
B4galnt1,0.047,0.148,0.318,0.06,0.285,-0.059,-0.185,-0.208,-0.011,0.138,0.047,-0.087,-0.025
B4galt1,-0.172,0.145,-0.117,0.264,0.416,0.292,-0.292,-0.041,0.112,0.19,-0.165,0.328,-0.519
B4galt2,0.42,0.139,-0.101,-0.055,0.121,0.242,-0.641,0.43,0.119,0.156,0.074,0.055,0.134
B4galt3,0.094,-0.269,0.071,-0.014,-0.47,-0.222,0.013,0.16,0.032,0.109,0.071,-0.171,0.005
B4galt4,-0.01,-1.396,0.175,0.355,0.487,-0.828,-0.338,,0.134,0.086,-0.057,0.191,-0.111
B4galt5,-0.062,0.465,0.311,0.027,-0.542,0.399,0.005,0.14,0.013,0.273,0.084,0.492,0.205
B4galt6,-0.088,0.319,0.199,0.093,0.863,0.208,0.381,-0.022,0.124,0.221,0.12,0.344,0.041
B4galt7,-0.005,,0.224,-0.159,-0.125,-0.394,0.282,,0.207,0.109,0.118,0.205,-0.189
B630019K06Rik,-0.062,0.969,-0.115,0.044,0.321,0.142,0.237,0.188,-0.081,0.064,-0.003,0.162,0.197
B9d1,0.23,0.728,0.044,-0.027,-0.618,-0.257,-0.273,-0.491,0.271,-0.12,-0.133,-0.097,0.171
B9d2,-0.197,1.308,-0.196,-0.123,-0.791,-0.124,-0.168,-0.071,-0.014,-0.097,-0.163,-0.191,0.072
BC003965,-0.024,-0.138,-0.051,0.057,0.084,0.048,0.113,0.257,0.012,-0.091,0.088,-0.141,-0.05
BC004004,0.058,0.462,0.053,-0.018,0.069,-0.105,0.085,-0.198,0.004,0.071,-0.062,0.126,0.036
BC005537,0.038,-0.204,0.153,0.071,-0.154,0.16,0.046,0.169,0.029,0.117,0.107,0.152,-0.126
BC005561,0.17,0.248,0.153,0.056,-0.5,0.127,,0.028,0.036,0.13,0.129,-0.038,0.114
BC005624,0.028,0.157,-0.162,0.005,0.302,-0.034,0.222,0.09,0.002,-0.062,-0.099,-0.188,0.084
BC017158,-0.046,1.249,0.314,-0.076,-0.481,0.477,,0.177,-0.088,0.349,0.168,-0.108,0.205
BC024978,-0.113,,0.139,0.049,-1.499,1.331,-0.227,,0.227,0.001,-0.313,0.201,
BC029722,0.142,,-0.058,-0.013,-0.821,0.172,-0.14,-0.061,-0.045,-0.0,0.11,0.048,-0.381
BC031181,-0.044,-0.023,-0.01,0.01,0.251,-0.058,-0.003,-0.18,-0.052,-0.039,-0.086,-0.116,0.157
Bace1,-0.087,0.824,0.184,0.006,0.004,0.126,0.548,0.082,0.113,0.167,0.071,0.237,-0.073
Bace2,0.288,-0.035,-0.048,-0.23,0.638,2.82,0.457,,-0.112,0.018,-0.399,,
Bach1,0.104,0.483,-0.009,-0.134,-0.293,-0.023,0.003,0.417,0.076,0.028,0.052,0.217,0.203
Bad,-0.023,0.163,-0.192,0.018,0.288,0.071,0.173,0.164,-0.024,-0.1,0.019,-0.3,0.028
Bag1,-0.063,-0.127,-0.125,-0.006,0.162,-0.01,-0.038,-0.09,0.049,-0.142,0.035,-0.068,-0.056
Bag2,-0.02,-0.65,-0.2,0.101,-0.079,-0.059,0.238,0.122,0.086,-0.026,0.043,0.035,0.123
Bag3,0.011,0.071,0.036,-0.049,0.228,0.425,-0.126,-0.187,0.034,0.252,-0.01,0.096,-0.119
Bag4,0.018,-0.208,0.016,-0.018,-0.282,-0.317,0.273,-0.244,0.013,0.029,-0.032,0.076,-0.109
Bag5,-0.111,-0.276,-0.09,-0.08,-0.099,0.03,-0.139,-0.411,-0.121,-0.027,-0.151,0.08,0.134
Bag6,0.246,-0.502,0.063,-0.041,-0.136,-0.022,-0.045,0.19,-0.031,0.278,-0.022,0.127,-0.032
Baiap2,0.192,-0.85,-0.453,-0.047,-0.068,-0.201,-0.135,0.116,-0.072,-0.054,-0.051,0.099,0.723
Bambi,-0.297,-0.756,-0.57,0.019,0.745,-0.128,-0.827,-2.472,-0.308,-0.022,0.049,-0.783,-0.341
Banf1,-0.073,-0.035,-0.153,-0.048,-0.358,-0.073,0.065,-0.182,-0.032,-0.13,-0.015,-0.202,-0.029
Banp,-0.359,0.591,0.123,0.089,0.195,-0.666,0.1,-0.216,0.054,0.21,-0.024,0.063,0.127
Bap1,0.223,0.463,0.217,-0.026,0.188,-0.122,0.019,-0.025,-0.056,0.099,0.128,0.247,0.135
Basp1,0.01,0.189,-0.305,0.03,-0.237,-0.07,0.363,0.06,0.058,-0.071,0.11,-0.325,-0.03
Bax,0.018,0.18,-0.008,-0.055,-0.071,0.008,-0.02,-0.186,-0.07,-0.073,-0.133,-0.293,-0.006
Baz1b,-0.056,0.066,0.025,0.087,-0.454,0.089,0.411,0.188,0.009,0.063,0.024,0.166,0.144
Baz2a,0.153,-0.579,0.072,0.172,-0.556,0.266,-0.129,0.085,-0.027,0.173,-0.067,0.084,0.055
Baz2b,0.1,2.09,-0.004,0.007,-0.323,-0.106,0.375,-0.068,-0.045,0.019,0.046,-0.078,-0.125
Bbip1,-0.001,0.696,-0.084,-0.04,-0.168,-0.132,0.027,-0.372,-0.031,-0.055,0.042,-0.28,-0.169
Bbs1,-0.084,-1.212,0.183,0.141,0.939,0.299,0.177,,-0.089,0.202,0.368,0.326,
Bbs10,0.085,2.288,-0.006,0.332,0.145,1.533,,,-0.075,0.217,-0.087,-0.141,
Bbs2,0.444,-0.62,0.234,-0.075,1.062,0.62,-0.195,0.552,0.067,0.162,-0.046,0.12,0.324
Bbs4,-0.078,-0.506,-0.006,0.016,0.281,-0.237,0.366,-0.265,-0.087,0.088,0.047,0.174,0.143
Bbs5,-0.231,-0.655,0.008,0.227,0.361,-0.188,0.07,,-0.123,0.081,-0.286,-0.059,0.094
Bbs7,0.162,0.027,0.204,0.059,0.337,0.29,-1.28,0.06,0.041,0.132,-0.2,-0.018,-0.31
Bbs9,0.428,0.409,0.089,0.017,-0.102,0.299,-0.555,0.037,-0.098,0.024,-0.168,0.179,-0.42
Bbx,-0.164,-0.172,0.024,0.009,0.137,0.181,0.473,-0.081,0.066,0.008,-0.04,-0.161,-0.148
Bcam,0.023,0.387,0.021,-0.007,0.745,0.57,0.283,0.045,0.057,0.209,0.027,-0.164,-0.063
Bcan,-0.055,-0.464,0.22,0.101,2.074,1.788,-0.532,-0.436,0.201,0.052,0.141,-0.583,-0.511
Bcap29,-0.193,0.211,0.1,-0.05,0.304,-0.034,0.488,0.445,-0.006,0.039,0.067,0.061,0.132
Bcap31,-0.034,0.257,0.048,-0.095,0.317,-0.183,0.231,0.444,-0.019,0.068,-0.076,-0.193,-0.118
Bcar1,-0.222,0.28,0.095,-0.077,-0.255,0.543,-0.153,-0.253,-0.047,0.368,0.135,0.251,-0.155
Bcas2,-0.032,0.354,-0.17,-0.046,-0.129,-0.122,-0.013,-0.359,-0.067,-0.087,-0.084,-0.223,0.019
Bcas3,-0.122,-0.026,0.072,-0.11,-0.365,-0.225,0.063,0.274,0.115,0.096,0.071,0.14,-0.057
Bcat1,-0.043,-0.284,0.233,-0.001,-0.176,-0.025,0.112,-0.135,-0.196,0.127,0.02,,0.275
Bcat2,0.203,-0.094,0.054,-0.157,0.635,0.164,-0.059,0.345,0.039,0.018,0.007,-0.117,0.199
Bccip,0.034,0.61,-0.202,-0.026,-0.178,-0.434,-0.831,-0.18,-0.142,-0.098,-0.102,-0.019,0.083
Bcdin3d,0.112,-0.967,-0.088,0.05,0.393,0.172,-1.752,-0.377,-0.241,0.029,0.03,-0.055,0.275
Bche,0.691,-0.081,0.056,0.006,0.745,0.5,,,-0.058,0.362,0.662,0.646,0.09
Bckdha,0.26,0.201,0.085,0.049,0.194,-0.009,-0.234,-0.196,-0.085,0.192,-0.263,0.086,-0.158
Bckdhb,-0.095,-0.014,0.15,-0.164,0.395,0.269,0.082,0.277,-0.139,-0.04,0.147,-0.299,-0.272
Bckdk,0.094,0.292,0.026,0.014,0.312,0.016,-0.299,0.149,-0.159,0.01,-0.146,0.063,-0.005
Bcl10,-0.059,-0.822,-0.039,-0.108,0.048,-0.196,-0.27,-0.073,-0.015,-0.073,-0.107,-0.241,-0.41
Bcl2,-0.01,-0.399,0.012,-0.128,0.339,-0.083,0.558,-0.126,0.026,0.174,-0.012,0.655,-0.009
Bcl2l1,0.237,-0.041,0.026,0.013,0.172,0.31,0.182,0.57,0.034,0.15,0.06,0.213,-0.059
Bcl2l13,0.302,0.188,0.121,-0.042,-0.078,-0.421,0.073,-0.598,0.098,0.132,0.037,0.307,0.162
Bcl2l2,0.001,0.04,0.232,0.064,0.175,0.105,0.038,0.12,0.107,0.153,0.173,0.253,0.4
Bcl6,-0.541,-0.925,-0.004,,-0.257,-1.926,0.281,0.403,0.116,0.111,-0.323,-0.198,
Bcl7a,0.113,-0.209,-0.073,-0.052,-0.513,-0.05,0.062,-0.057,-0.055,0.043,0.002,0.015,0.048
Bcl7b,0.077,0.045,-0.044,0.02,0.234,-0.305,0.084,-0.105,-0.072,-0.089,0.092,-0.087,-0.092
Bcl7c,0.059,-0.737,-0.03,0.004,0.098,-0.007,-0.298,-0.124,0.148,-0.105,-0.02,0.009,-0.283
Bclaf1,-0.1,-0.008,0.025,0.094,-0.234,-0.01,0.152,-0.051,-0.046,0.058,0.058,0.08,-0.042
Bcr,0.004,0.066,0.098,0.128,0.383,0.061,0.206,0.253,0.047,0.154,0.039,0.209,-0.157
Bcs1l,0.279,-0.795,0.024,-0.087,0.829,0.259,0.339,0.008,0.013,-0.026,-0.109,0.047,0.052
Bdh1,0.109,0.692,-0.008,-0.028,0.333,-0.055,0.404,0.252,0.023,0.042,0.079,0.162,0.09
Bdnf,-0.296,-0.598,-0.461,-0.551,-1.481,-0.658,-0.082,,0.526,,-0.092,,-0.331
Bdp1,0.248,0.182,0.084,-0.183,-0.015,-0.192,0.139,0.389,0.004,0.185,-0.031,-0.041,-0.413
Bean1,-0.11,0.109,0.127,-0.087,0.415,0.496,0.009,-0.036,-0.004,0.155,0.099,0.061,-0.232
Becn1,-0.138,1.902,-0.096,-0.007,0.012,0.219,0.102,0.229,0.009,-0.035,-0.093,-0.046,-0.261
Begain,0.242,2.105,0.092,0.094,0.569,-0.262,0.09,-0.002,0.077,0.1,-0.095,0.508,-1.283
Bend5,0.237,-0.218,-0.324,0.02,0.105,-0.15,0.021,-0.125,-0.001,-0.049,-0.139,0.228,0.246
Bend6,-0.007,0.457,0.03,0.202,0.248,0.084,0.387,-0.173,0.051,-0.119,-0.003,0.014,0.298
Bet1,-0.014,0.365,-0.126,0.022,0.031,0.05,0.245,0.076,-0.017,-0.095,0.006,-0.29,0.116
Bet1l,0.06,-0.417,-0.049,-0.101,-0.045,0.023,-0.133,0.255,-0.011,-0.111,0.036,-0.263,0.036
Bex1,-0.374,-0.748,-0.531,-0.042,0.11,0.048,0.18,0.098,-0.024,-0.226,0.044,-0.01,0.112
Bex2,-0.066,-0.127,-0.161,-0.027,0.143,-0.028,0.144,0.153,-0.037,-0.075,-0.011,-0.211,0.046
Bex4,-0.326,-1.043,-0.481,0.019,0.004,0.034,0.357,-0.14,0.003,-0.119,-0.004,-0.053,0.04
Bfar,0.055,-0.5,0.155,0.064,-0.065,-0.153,0.193,-0.137,0.01,0.055,-0.065,-0.029,-0.151
Bhlhb9,0.025,-0.662,0.064,0.003,-0.181,-0.055,0.429,0.324,0.01,-0.022,-0.029,-0.046,-0.107
Bhlhe40,0.289,-0.487,-0.24,-0.465,-2.644,-1.68,-0.186,-0.025,-0.324,-0.061,-0.317,,
Bhlhe41,-0.343,-0.254,-0.12,-0.352,-1.269,0.042,0.293,-0.04,0.191,-0.046,-0.064,0.466,0.372
Bicd1,0.3,0.22,0.114,0.079,-0.005,-0.014,0.677,-0.106,0.124,0.07,0.141,0.021,-0.028
Bicd2,-0.286,0.773,0.092,0.137,-0.342,0.316,0.093,0.041,0.101,0.208,0.057,0.025,0.452
Bid,0.476,0.055,-0.005,-0.032,0.386,-0.056,-0.225,0.129,0.34,0.075,-0.105,0.214,-0.265
Bin1,-0.158,-0.237,0.084,-0.04,-0.02,0.239,-0.043,-0.056,0.047,0.163,0.049,0.129,0.096
Bin3,0.07,-1.582,-0.033,-0.101,-0.746,-0.355,-0.576,-0.326,-0.132,0.119,-0.093,0.222,-0.331
Birc2,-0.11,-0.47,0.051,0.195,0.144,0.023,0.036,0.082,-0.051,0.097,0.056,0.1,-0.019
Birc6,0.141,-0.241,0.141,-0.083,-0.044,0.09,0.548,-0.082,0.017,0.223,0.057,0.034,-0.069
Bivm,-0.174,-0.819,0.123,0.005,-0.156,0.297,-0.568,,-0.114,0.133,0.114,0.231,0.354
Blcap,-0.113,-0.052,0.176,0.018,0.057,-0.221,0.251,0.058,0.084,0.094,0.02,0.082,0.063
Blmh,0.085,0.274,-0.056,-0.016,-0.007,0.043,-0.131,-0.32,-0.055,0.045,-0.032,-0.153,-0.113
Bloc1s1,-0.008,0.06,-0.183,-0.096,0.16,-0.052,-0.531,0.035,-0.089,-0.18,0.081,-0.088,0.065
Bloc1s2,0.01,,-0.132,0.038,-0.072,-0.008,0.183,-0.372,0.02,-0.128,-0.075,-0.198,0.028
Bloc1s3,-0.908,-1.004,-0.122,0.235,0.305,-0.089,0.873,,0.015,0.05,0.228,0.168,-0.627
Blvra,-0.096,-0.396,-0.104,-0.179,0.083,-0.075,-0.41,0.03,0.051,-0.077,-0.21,-0.165,0.142
Blvrb,0.145,0.196,-0.065,-0.08,0.671,-0.092,-0.188,-0.091,-0.002,-0.093,-0.123,-0.239,-0.248
Blzf1,-0.095,0.09,-0.009,0.086,-0.906,-0.223,0.681,0.641,-0.049,0.089,0.01,-0.011,0.114
Bmi1,0.029,-0.29,-0.008,0.006,-0.906,-0.196,-1.172,-0.16,0.19,-0.016,-0.003,0.358,-0.241
Bmpr1a,0.257,-0.02,0.028,0.08,-0.11,-0.302,0.042,-0.607,0.048,0.081,0.007,0.226,0.215
Bmpr2,0.081,0.255,0.185,-0.003,0.457,0.15,0.695,-0.149,0.123,0.203,0.101,0.036,0.003
Bms1,0.271,0.208,0.04,0.142,-0.116,0.041,-0.504,-0.234,0.169,0.18,0.121,-0.095,-0.669
Bmyc,0.104,-0.048,-0.145,-0.038,0.543,-0.005,0.257,0.001,0.007,-0.043,0.021,-0.315,0.065
Bnip1,0.401,0.468,0.031,-0.146,-0.16,-0.212,0.157,0.176,-0.078,-0.047,-0.109,0.158,-0.058
Bnip2,-0.103,0.515,-0.087,0.003,-0.779,-0.235,0.11,-0.081,0.015,-0.065,-0.079,0.055,-0.272
Bnip3,-0.094,-0.066,-0.049,-0.091,0.362,-0.005,0.035,-0.252,-0.036,-0.103,0.164,-0.122,-0.053
Bnip3l,-0.136,0.138,-0.125,-0.035,-0.13,-0.091,0.229,-0.174,-0.112,-0.053,-0.051,-0.058,-0.158
Bod1,-0.063,-0.327,-0.14,0.014,-0.21,-0.011,0.077,0.278,0.025,-0.088,0.04,0.158,-0.341
Bod1l,-0.109,0.489,-0.163,-0.085,-0.081,0.013,0.682,-0.02,-0.044,0.06,0.057,0.026,-0.054
Bok,-0.446,-0.383,-0.093,-0.177,-0.777,-0.032,0.575,-0.437,-0.012,-0.133,-0.305,-0.054,-0.247
Bola1,0.004,-0.245,-0.14,-0.067,0.064,-0.234,-0.119,-0.041,-0.1,-0.095,-0.08,-0.117,-0.095
Bola2,-0.041,-0.294,-0.089,-0.001,0.093,0.061,-0.325,0.069,0.014,-0.121,-0.04,-0.287,-0.087
Bola3,0.129,0.142,-0.022,0.006,0.053,-0.106,0.11,-0.603,0.006,-0.169,0.032,-0.193,0.043
Bop1,0.123,-0.316,0.065,0.124,0.448,0.1,-0.149,-0.193,-0.035,0.116,0.017,-0.118,0.093
Bpgm,-0.214,-0.387,-0.153,-0.007,0.016,-0.004,-1.18,0.124,-0.046,-0.059,-0.014,0.214,-0.079
Bphl,0.202,-0.511,-0.1,0.032,-0.655,-0.129,0.182,-0.465,-0.222,-0.111,0.025,-0.021,0.171
Bpnt1,-0.036,-0.63,-0.021,0.011,0.141,-0.082,-0.055,-0.242,-0.084,0.032,0.103,0.123,0.046
Bptf,-0.107,-0.044,-0.024,0.049,-0.405,-0.118,0.367,-0.18,-0.009,0.12,0.207,0.091,-0.193
Braf,-0.198,0.321,0.08,0.017,-0.379,0.189,0.569,0.129,0.106,0.142,0.044,0.087,0.045
Brap,0.126,-0.112,0.131,0.06,-0.111,0.128,0.054,0.126,0.047,0.071,0.218,0.073,-0.005
Brcc3,-0.069,0.271,0.021,-0.176,0.233,-0.105,0.587,-0.411,-0.12,-0.042,-0.154,-0.092,0.066
Brd1,0.331,-0.063,-0.07,0.18,-0.355,-0.022,-0.001,-0.203,0.1,0.078,0.187,-0.031,-0.41
Brd2,-0.047,0.08,-0.009,0.012,-0.111,-0.088,0.062,0.005,0.024,0.088,0.097,0.107,-0.061
Brd3,-0.102,0.027,-0.038,0.106,-0.496,-0.052,0.568,0.034,-0.126,0.096,0.055,0.107,-0.218
Brd4,0.156,0.122,0.029,-0.006,-0.187,0.032,0.312,-0.177,0.053,0.104,0.061,0.24,-0.143
Brd7,-0.212,-0.451,-0.109,0.002,-0.119,-0.044,0.067,0.28,0.024,0.033,-0.102,-0.145,0.004
Brd8,-0.274,-0.34,-0.063,-0.052,-0.579,-0.064,0.172,0.1,-0.028,0.056,-0.042,-0.121,-0.204
Brd9,0.16,-0.212,0.047,-0.123,-0.091,-0.032,0.411,0.11,-0.016,-0.001,-0.006,-0.204,-0.266
Brdt,-0.783,0.384,-0.023,0.126,0.029,0.201,0.003,0.497,-0.104,-0.058,0.148,-0.091,0.09
Brf1,0.344,-0.127,0.068,-0.067,0.025,0.29,0.261,0.013,0.012,0.057,-0.043,-0.197,-0.194
Brf2,0.058,0.424,0.017,0.005,-0.041,0.281,0.003,-0.471,-0.069,0.031,-0.156,0.15,-0.065
Bri3,-0.162,0.172,-0.188,0.038,0.011,-0.06,-0.2,0.088,-0.054,-0.111,0.036,-0.194,-0.064
Bri3bp,0.251,-0.414,0.108,0.006,-0.023,0.108,0.228,0.426,-0.063,0.11,-0.043,0.132,0.107
Brix1,-0.086,-0.454,-0.022,-0.076,0.087,-0.225,-0.11,-0.216,-0.307,0.003,-0.309,-0.33,-0.055
Brms1,-0.154,0.189,-0.012,-0.052,0.311,-0.143,,-0.428,-0.054,-0.086,0.098,-0.043,0.143
Brms1l,0.059,0.335,0.095,0.021,-0.622,0.089,0.186,-0.351,-0.055,-0.006,-0.037,0.188,0.01
Brox,0.102,-0.44,0.098,-0.077,-0.006,0.029,0.266,-0.192,-0.008,0.166,0.062,0.149,0.061
Brpf1,-0.149,0.525,0.223,0.118,-1.039,-0.021,-0.647,-0.366,-0.11,0.077,0.038,0.221,0.121
Brsk2,-0.181,-0.153,0.092,-0.132,-0.206,-0.065,0.784,0.406,0.176,0.003,0.06,0.069,-0.632
Brwd1,-0.07,0.538,0.091,0.131,-0.369,0.012,0.376,-0.527,0.014,0.159,-0.019,0.145,-0.162
Bscl2,0.05,-0.223,0.164,-0.066,0.097,0.013,0.31,-0.04,-0.073,0.224,-0.083,0.107,0.019
Bsdc1,0.221,0.43,0.023,0.142,-0.501,0.022,0.184,-0.155,0.141,0.207,0.068,0.22,0.112
Bsg,-0.002,0.124,0.05,-0.062,0.383,0.023,0.006,0.06,-0.047,0.023,-0.061,-0.162,0.075
Bsn,0.216,0.319,0.178,0.076,-0.004,-0.006,0.596,0.163,0.025,0.302,0.1,0.103,-0.024
Bst2,-1.128,,-0.242,0.032,1.631,-1.393,-0.493,-0.163,-0.078,-0.009,-0.206,-0.349,-1.416
Btaf1,-0.023,0.295,0.097,0.337,-0.184,-0.269,0.335,-0.155,0.172,0.053,-0.005,-0.298,
Btbd1,0.041,-0.412,0.029,0.026,0.097,-0.416,0.214,-0.026,0.014,0.008,-0.055,0.214,0.028
Btbd10,0.209,0.21,0.111,0.085,0.108,-0.199,0.292,0.526,-0.03,0.032,-0.118,-0.057,-0.2
Btbd2,0.186,-0.577,0.072,-0.008,0.416,0.209,0.102,0.044,0.036,0.103,-0.03,0.281,-0.044
Btbd3,0.252,-0.347,-0.023,-0.116,-1.373,-0.131,0.167,-0.93,-0.004,0.043,0.591,-0.348,
Btbd6,-0.024,-0.093,0.006,-0.099,-0.444,0.196,-0.292,-0.572,-0.054,0.025,0.057,0.042,-0.303
Btbd7,-0.395,-0.469,0.154,0.054,-0.462,-0.029,0.589,0.1,0.042,0.079,0.068,-0.041,-0.25
Btbd9,0.063,-0.554,0.151,0.031,0.506,-0.073,0.191,0.001,-0.074,0.185,-0.102,0.178,0.171
Btd,0.241,,0.11,-0.123,0.773,0.06,-0.699,,0.106,0.26,-0.244,-0.191,-0.102
Btf3,0.065,-0.777,-0.185,-0.053,-0.178,-0.063,-0.021,0.097,-0.061,-0.108,-0.119,-0.361,-0.061
Btf3l4,-0.112,-0.457,-0.018,0.087,-0.211,0.104,-0.375,-0.2,-0.046,-0.089,0.009,-0.022,0.017
Btg1,-0.068,0.271,-0.211,-0.124,-1.432,-0.227,-0.334,-0.427,-0.07,-0.037,-0.348,0.013,0.026
Btg2,0.177,0.323,-0.483,0.061,-2.354,-0.359,0.043,0.1,-0.055,0.056,-0.338,-0.023,-0.226
Btg3,-0.032,,-0.348,-0.117,-0.274,0.019,-0.545,,-0.051,-0.236,-0.335,-0.174,-0.357
Btrc,0.042,-0.829,0.047,-0.176,-0.309,0.198,0.547,-0.429,0.381,0.05,0.064,0.11,0.014
Bub3,0.069,-0.323,-0.045,0.033,-0.076,-0.122,0.323,0.02,-0.121,0.008,-0.13,0.152,0.061
Bud13,-0.18,,-0.104,-0.095,-0.577,-0.457,,,-0.036,-0.228,0.441,0.094,0.288
Bud31,-0.06,-0.601,-0.133,0.01,-0.039,0.065,-0.105,-0.049,-0.157,-0.071,-0.085,-0.328,-0.068
Bysl,-0.173,0.007,0.01,-0.05,0.101,0.075,-0.399,-0.249,-0.014,0.176,-0.06,0.062,-0.141
Bzw1,0.067,0.285,-0.061,-0.047,-0.083,0.034,0.413,-0.142,0.048,0.03,0.032,-0.058,-0.079
Bzw2,-0.024,0.305,-0.021,-0.087,-0.312,-0.112,-0.01,-0.075,-0.019,-0.027,-0.047,-0.17,0.029
C030006K11Rik,-0.343,-0.083,0.049,-0.026,-0.138,0.722,0.361,,0.125,-0.077,-0.212,,
C1d,-0.063,0.001,-0.134,0.009,0.341,0.021,0.424,0.257,-0.024,-0.082,0.027,-0.248,0.018
C1galt1c1,-0.262,0.506,0.137,0.204,0.069,-0.144,0.041,-0.52,0.016,0.251,-0.327,-0.102,0.063
C1qbp,0.008,0.107,-0.154,-0.03,-0.068,0.001,0.049,-0.041,-0.018,-0.086,-0.017,-0.257,-0.092
C1qtnf4,0.005,0.663,-0.162,-0.031,0.407,0.098,-1.028,-0.48,-0.02,-0.138,0.173,-0.024,0.146
C2cd2,0.006,0.612,0.279,0.123,0.166,0.147,-0.781,0.438,0.054,0.29,0.019,0.064,-0.772
C2cd2l,-0.043,0.33,0.134,0.002,0.142,0.072,0.297,0.226,0.094,0.251,0.126,0.13,-0.213
C330007P06Rik,-0.156,0.554,0.019,-0.038,-0.124,0.018,0.55,0.121,-0.005,0.013,0.068,-0.073,-0.02
C530008M17Rik,0.01,-0.573,-0.007,0.02,-0.27,-0.115,,0.468,0.047,-0.001,0.183,0.12,0.247
C77080,0.192,-0.077,0.216,-0.186,0.701,0.49,0.426,0.148,0.042,0.298,0.101,-0.5,
C87436,-0.376,0.351,-0.088,-0.035,-0.113,-0.043,-0.68,-0.685,0.004,0.103,0.049,0.101,0.24
Cab39,-0.067,0.296,0.046,-0.017,-0.065,-0.109,0.204,0.118,0.087,0.108,0.17,0.167,-0.111
Cab39l,0.047,-0.051,-0.12,-0.27,-0.048,-0.468,0.106,0.407,0.093,-0.002,0.137,-0.111,-0.059
Cabin1,-0.493,-0.525,0.13,-0.011,-0.178,0.246,0.23,0.199,-0.052,0.126,0.171,0.193,-0.384
Cables2,0.046,0.247,0.355,0.205,-0.801,0.039,0.039,0.484,-0.045,0.09,0.003,0.364,0.198
Cabp1,0.111,0.38,-0.001,0.188,0.622,0.244,-0.105,0.3,0.165,-0.071,0.2,0.214,-0.152
Cachd1,-0.148,-2.231,0.129,-0.005,0.103,0.585,-0.431,-0.23,0.085,0.093,0.189,0.686,
Cacna1a,0.047,-0.293,0.178,0.094,0.194,0.32,0.86,0.045,0.077,0.201,-0.072,-0.11,-0.17
Cacna2d1,-0.099,0.033,-0.042,0.033,0.159,0.137,0.653,-0.305,0.042,0.298,-0.042,-0.031,0.066
Cacna2d3,0.032,-0.134,0.27,0.246,1.521,1.962,0.409,0.301,0.13,0.21,-0.11,,
Cacnb1,-0.413,,0.129,-0.09,0.436,-0.067,0.259,0.488,-0.029,0.142,-0.016,0.198,-0.279
Cacnb3,-0.01,0.247,0.126,0.024,0.127,-0.059,0.129,0.099,0.016,0.069,-0.029,0.202,0.055
Cacnb4,0.064,0.215,0.246,0.123,-0.016,-0.138,-0.689,-0.142,0.179,0.029,0.276,-0.043,-0.229
Cacng2,0.214,0.346,0.222,-0.056,0.028,0.034,0.763,0.025,0.226,-0.056,0.092,,
Cacng3,-0.311,1.019,,-0.037,-0.242,0.12,0.003,-0.057,-0.136,0.174,0.146,,-0.64
Cacybp,-0.009,0.1,-0.174,0.002,0.054,0.109,0.296,-0.033,-0.092,-0.083,-0.05,-0.254,0.116
Cadm1,-0.049,-0.244,-0.011,0.124,-0.04,-0.096,0.63,0.108,0.023,0.252,0.028,-0.01,-0.165
Cadm2,0.462,0.154,0.135,0.038,2.22,-0.148,1.1,-0.369,0.069,0.222,0.069,0.64,0.077
Cadm3,0.132,-0.11,0.293,0.112,0.606,0.226,0.477,0.247,0.062,0.272,0.28,0.368,0.191
Cadps,0.075,0.251,0.192,0.05,0.266,0.111,0.326,-0.024,0.067,0.135,0.051,0.054,-0.139
Cage1,-0.254,0.854,0.228,-0.434,-0.568,0.433,,,-0.101,-0.001,0.226,-0.075,
Calcoco1,-0.017,-2.15,-0.099,-0.246,0.132,-0.259,0.349,0.172,0.12,0.047,0.047,0.243,0.089
Calm1,-0.031,0.126,-0.009,0.026,0.293,0.036,0.354,-0.069,-0.065,-0.034,-0.015,-0.075,0.027
Calm2,-0.119,0.017,-0.134,-0.018,0.327,0.009,0.264,0.133,-0.05,-0.074,-0.078,-0.265,0.011
Calm3,0.157,0.264,0.083,-0.009,-0.178,-0.055,0.026,-0.007,0.01,0.042,-0.023,0.133,0.094
Calr,0.051,-0.058,0.12,0.074,-0.03,-0.007,0.016,0.229,0.077,0.253,0.061,0.089,-0.08
Calr3,-0.069,0.339,-0.256,-0.071,1.751,-3.298,-0.004,,0.172,-0.074,-0.071,-0.593,
Calu,-0.024,0.374,0.238,-0.073,-0.423,-0.213,-0.118,-0.038,0.014,0.187,0.113,-0.064,-0.362
Caly,0.278,-0.853,-0.113,-0.098,0.423,-0.05,0.156,0.116,-0.184,-0.011,0.071,0.041,0.347
Camk1,-0.172,0.169,-0.119,-0.118,0.482,0.021,-0.146,0.065,-0.031,-0.008,-0.153,0.009,0.001
Camk1d,0.205,0.497,0.03,-0.161,-0.479,-0.095,0.537,-0.013,-0.003,0.238,0.094,0.269,-0.685
Camk2b,0.371,0.714,0.066,0.044,0.331,0.21,0.265,-0.112,0.118,0.213,0.188,0.502,0.114
Camk2d,0.034,-0.105,0.015,-0.05,-0.032,0.101,0.323,-0.134,0.005,0.211,0.088,-0.03,-0.024
Camk2g,0.177,0.473,0.134,0.028,0.16,-0.15,0.331,0.432,0.033,0.077,-0.022,0.152,-0.043
Camk2n1,-0.263,-0.031,-0.211,,-1.006,-0.285,-0.385,,-0.224,-0.231,0.259,0.036,0.09
Camk2n2,-0.001,0.327,0.028,-0.023,0.123,-0.083,0.158,0.118,0.001,-0.05,0.006,-0.136,0.009
Camk4,0.024,-0.277,0.037,-0.089,0.803,0.062,0.534,-0.861,-0.096,0.175,0.071,-0.28,0.015
Camkk1,-0.437,-1.324,0.192,-0.035,-0.189,0.49,0.405,-0.409,0.064,0.049,-0.008,0.187,-0.622
Caml,-0.068,-0.28,0.076,0.025,0.482,0.159,0.154,-0.085,-0.056,0.034,-0.14,-0.286,-0.158
Camsap1,-0.043,0.569,0.037,0.043,-0.025,0.168,0.602,0.144,-0.015,0.167,0.157,0.112,-0.633
Camsap2,0.113,0.141,0.046,0.166,-0.052,-0.094,0.219,0.079,0.114,0.202,0.126,0.109,-0.12
Camsap3,0.604,0.337,0.083,-0.032,0.194,0.247,-0.106,0.475,-0.096,0.258,0.077,0.119,0.184
Camta1,-0.147,-0.017,0.092,0.053,0.022,0.062,0.553,0.417,0.013,0.105,0.144,0.18,0.001
Camta2,0.227,0.288,0.138,-0.063,0.123,-0.273,0.132,0.001,-0.03,0.097,0.01,0.073,0.074
Cand1,-0.099,0.286,0.049,0.033,0.056,0.053,-0.024,-0.327,0.184,0.164,0.158,0.157,0.153
Cand2,-0.079,0.224,0.143,0.347,-0.352,-0.102,,,-0.122,-0.075,-0.003,0.141,
Cant1,0.335,0.013,0.241,0.067,0.082,0.012,0.402,0.096,0.062,0.277,0.01,0.038,-0.138
Canx,-0.089,-0.062,0.201,0.076,0.258,0.118,0.281,0.145,0.059,0.228,0.11,0.09,0.0
Cap1,0.043,0.042,-0.047,0.046,-0.155,0.067,0.04,-0.294,-0.123,0.074,-0.04,0.091,0.064
Capn1,0.112,0.115,0.271,-0.067,0.612,0.346,0.104,-0.2,0.159,0.159,-0.026,0.188,-0.17
Capn10,0.408,-0.968,-0.038,0.045,0.173,0.05,0.479,-0.149,-0.015,-0.059,0.097,0.014,0.316
Capn2,-0.04,0.402,0.261,0.034,0.115,0.085,0.351,0.011,0.007,0.13,0.042,0.011,-0.275
Capn5,-0.37,0.175,0.09,0.071,0.527,0.253,0.05,-0.512,0.093,0.218,0.129,-0.044,-0.04
Capn7,-0.178,-0.314,0.114,-0.03,0.204,-0.03,-0.231,-0.436,-0.014,0.085,-0.082,0.034,-0.064
Capns1,-0.168,-0.036,-0.051,-0.048,0.536,0.21,-0.163,-0.013,-0.027,0.051,0.017,-0.086,-0.044
Caprin1,-0.063,0.116,-0.047,-0.012,-0.086,0.054,0.268,0.18,0.013,0.027,0.145,0.08,-0.101
Caprin2,-0.051,-2.113,0.206,0.264,0.422,0.821,0.3,0.562,0.141,0.16,0.286,0.217,-0.421
Capza1,-0.136,-1.405,0.008,0.005,-0.172,-0.067,0.104,-0.312,-0.039,-0.021,-0.003,0.167,-0.201
Capza2,-0.086,-0.186,-0.046,0.03,0.136,0.032,0.262,-0.058,-0.055,-0.046,0.009,-0.171,-0.007
Capzb,0.038,0.104,-0.043,-0.023,-0.027,-0.123,-0.045,-0.013,-0.015,0.033,-0.054,0.167,0.084
Car11,0.17,0.618,0.106,-0.061,0.243,0.317,0.116,0.031,-0.016,-0.017,-0.021,0.097,0.226
Carf,-0.588,,0.183,0.023,0.209,0.421,0.315,-0.47,-0.063,0.099,0.288,0.214,-0.046
Carm1,-0.28,,0.102,-0.099,-0.009,-0.098,0.168,-0.058,-0.015,0.175,0.094,0.411,-0.069
Carns1,-0.08,-1.761,-0.083,-0.046,-0.71,-0.063,0.944,0.906,-0.163,-0.095,0.321,-0.138,-1.15
Cars,-0.123,0.55,0.087,-0.258,0.041,-0.029,-0.364,-0.025,-0.063,0.138,-0.105,-0.12,0.079
Cars2,0.252,-0.029,-0.024,-0.153,-0.074,-0.38,-0.332,0.417,-0.108,0.074,0.041,-0.106,0.07
Cartpt,-0.157,-1.135,-0.192,-0.2,-2.951,-1.874,,0.799,0.456,0.077,-0.527,-0.22,-0.705
Casc3,0.3,0.127,-0.082,-0.149,-0.253,-0.035,0.142,0.317,0.05,-0.002,0.174,0.165,-0.166
Casc4,0.121,0.046,0.087,0.08,0.07,0.103,,0.17,0.052,-0.031,0.033,0.015,-0.178
Casd1,-0.49,0.304,0.041,-0.038,-0.195,-0.187,0.655,0.044,0.092,0.158,-0.014,0.134,0.116
Cask,-0.04,-0.694,0.138,-0.012,0.097,0.101,0.174,-0.313,-0.424,0.198,0.324,,-0.416
Caskin1,0.282,0.366,0.116,0.117,0.275,-0.014,0.241,0.333,0.068,0.2,0.256,0.145,-0.078
Casp3,-0.027,,-0.167,-0.051,-0.526,0.062,-0.918,0.29,-0.078,0.168,-0.149,-0.141,
Casp8ap2,0.037,-0.21,0.047,0.078,-0.474,-0.316,-0.115,0.366,-0.074,0.006,0.315,0.162,-0.18
Casp9,0.408,0.101,0.233,0.282,-0.346,0.399,0.235,0.676,0.057,0.17,0.023,0.098,-0.415
Cast,-0.065,0.117,0.009,0.258,0.126,0.204,0.23,0.198,0.229,0.121,0.206,-0.222,
Casz1,-0.13,-0.415,0.132,-0.096,0.714,0.192,0.747,-0.101,0.223,0.084,0.221,0.571,0.185
Cat,0.145,-0.114,0.019,0.013,0.426,-0.022,-0.031,-0.601,-0.046,0.19,0.132,-0.074,-0.091
Cav2,0.12,0.464,-0.053,-0.231,0.663,0.495,0.224,,0.201,0.106,-0.153,-0.042,-0.274
Cbfb,0.034,-0.193,0.13,-0.042,-0.619,-0.091,0.339,0.056,0.021,0.094,-0.0,0.216,-0.095
Cbl,-0.203,0.098,0.059,0.192,0.213,0.028,0.515,-0.039,0.116,0.109,0.128,0.137,0.042
Cblb,-0.153,-0.11,0.102,0.096,-0.569,0.342,-0.046,0.062,0.193,0.017,0.212,-0.072,-0.246
Cbll1,0.107,0.258,-0.056,0.018,-0.272,-0.116,0.342,-0.526,0.046,-0.058,0.067,-0.104,0.138
Cbr1,-0.026,-0.123,-0.15,0.064,0.29,-0.128,0.15,0.079,-0.168,-0.036,-0.128,-0.137,0.039
Cbr4,0.161,0.747,-0.215,0.02,0.204,-0.066,0.038,,-0.073,-0.085,0.033,-0.256,0.126
Cbwd1,0.246,-0.307,-0.103,-0.166,0.053,0.118,0.227,,-0.048,-0.062,-0.1,-0.373,0.02
Cbx1,-0.01,-0.571,-0.087,-0.016,-0.683,-0.214,0.195,0.278,-0.146,-0.082,-0.101,-0.125,-0.167
Cbx4,0.212,-0.775,0.002,-0.045,0.14,-0.071,0.269,0.04,-0.115,0.121,-0.009,-0.052,-0.139
Cbx5,-0.123,-0.465,-0.044,0.0,-0.187,-0.123,0.274,-0.21,0.027,0.005,0.056,0.003,-0.075
Cbx6,0.108,0.275,0.187,0.097,0.039,0.061,0.382,0.039,0.056,0.195,0.079,0.227,0.175
Cbx7,0.48,-0.155,0.281,-0.176,-0.591,0.668,-0.014,-0.139,-0.064,0.022,0.358,0.062,-0.309
Cbx8,0.17,0.897,-0.059,0.034,0.024,0.533,,,0.093,0.012,-0.004,0.138,-0.31
Cby1,0.117,0.789,-0.115,-0.083,0.173,-0.126,-0.219,-0.667,-0.008,-0.099,-0.062,0.019,-0.032
Cc2d1a,0.273,-0.242,0.045,-0.075,0.295,-0.119,-0.301,0.044,-0.141,0.211,0.187,0.192,0.193
Cc2d1b,-0.001,-0.121,0.154,0.3,-0.373,0.366,-0.05,-0.334,0.121,0.196,0.05,0.06,-0.153
Cc2d2a,0.596,0.908,0.104,-0.239,-0.267,-0.285,0.437,0.017,-0.103,0.147,-0.229,-0.125,0.047
Ccar1,0.029,-0.223,0.044,-0.028,-0.318,0.022,0.233,0.23,0.003,0.041,0.006,-0.019,0.174
Ccdc106,0.45,0.743,-0.238,-0.011,0.238,0.213,-1.071,0.073,0.005,-0.01,-0.032,0.08,0.171
Ccdc107,0.155,-0.306,-0.013,-0.094,0.453,0.206,0.011,0.35,-0.071,-0.015,-0.081,-0.275,0.101
Ccdc112,0.264,0.361,-0.057,0.033,-0.272,-0.176,0.168,-0.437,0.16,0.032,-0.067,-0.231,-0.088
Ccdc115,-0.032,0.066,-0.129,-0.083,-0.027,-0.079,0.115,0.299,-0.007,-0.099,0.014,0.047,-0.072
Ccdc117,-0.243,0.066,-0.05,0.095,-0.555,-0.551,-0.791,-0.57,-0.137,0.15,0.062,0.25,-0.101
Ccdc12,-0.162,0.031,-0.15,-0.05,-0.271,-0.076,-0.008,-0.151,-0.038,-0.004,-0.119,-0.109,0.091
Ccdc124,-0.053,0.21,-0.139,-0.022,0.209,-0.051,-0.151,0.171,0.005,-0.092,-0.026,-0.279,-0.011
Ccdc126,0.205,0.6,0.592,0.245,0.349,-0.708,-1.06,,-0.239,-0.026,0.539,0.079,0.372
Ccdc127,-0.09,-0.177,0.12,-0.075,-0.141,-0.03,0.372,0.194,-0.011,0.009,0.09,-0.057,-0.071
Ccdc130,-0.085,1.002,-0.01,0.234,-0.42,0.761,0.045,-0.219,-0.128,-0.121,-0.049,-0.056,-0.491
Ccdc136,0.061,-0.426,0.033,0.025,0.466,-0.238,-0.158,0.016,0.08,-0.005,0.058,0.085,0.022
Ccdc137,0.39,-0.394,-0.003,-0.139,-0.028,-0.196,0.265,0.242,-0.039,-0.064,0.192,-0.166,-0.01
Ccdc138,-0.423,,-0.004,-0.13,-0.1,0.161,-1.263,0.06,-0.069,-0.015,-0.269,,
Ccdc159,-0.337,-1.132,0.023,-0.121,-0.854,0.14,0.656,-0.557,0.087,-0.046,-0.109,,
Ccdc163,-0.412,-0.793,0.235,-0.19,-0.509,-0.678,-0.403,,-0.253,0.183,-0.21,,-0.816
Ccdc22,0.095,,-0.046,-0.141,0.001,-0.143,-0.283,0.204,-0.108,0.023,0.032,-0.386,0.042
Ccdc25,0.093,-0.082,-0.07,-0.114,-0.307,-0.093,0.441,-0.074,-0.099,-0.016,-0.015,0.096,-0.073
Ccdc28a,-0.043,-0.077,0.007,-0.085,0.255,0.537,0.188,-0.067,0.023,0.003,0.407,-0.011,-0.093
Ccdc28b,0.575,-0.166,-0.163,0.04,0.141,0.014,-0.102,-0.183,-0.093,-0.031,-0.049,-0.275,0.106
Ccdc30,0.261,-0.605,0.002,-0.102,-0.124,-0.033,-0.067,-0.04,-0.146,-0.039,0.138,-0.063,-1.301
Ccdc32,-0.125,-0.329,-0.203,-0.054,-0.095,-0.074,0.016,-0.533,0.016,-0.067,0.115,-0.017,-0.003
Ccdc34,-0.113,0.444,-0.14,-0.013,-0.798,-0.101,0.252,-0.11,-0.09,-0.103,0.061,0.073,0.042
Ccdc39,0.039,,0.02,0.297,0.292,0.369,0.555,-0.233,0.285,0.054,0.136,0.23,0.035
Ccdc40,0.281,-0.904,,0.059,-0.007,-0.038,-0.498,,-0.084,-0.031,0.015,0.048,-0.158
Ccdc43,-0.068,0.375,-0.059,0.129,0.128,-0.206,-0.226,-0.362,-0.132,-0.053,-0.273,0.05,-0.178
Ccdc47,-0.223,0.173,0.179,-0.1,-0.089,-0.11,0.179,0.049,0.013,0.161,0.052,-0.015,-0.042
Ccdc50,0.005,-0.558,-0.032,-0.027,-0.128,-0.11,0.327,0.148,-0.077,-0.041,0.054,0.104,0.187
Ccdc51,-0.527,-1.585,-0.123,0.042,0.044,-0.032,0.104,,0.103,0.222,-0.024,0.009,-0.071
Ccdc58,0.045,0.207,0.0,0.134,-0.824,0.066,-0.857,-0.709,-0.132,-0.081,0.067,-0.199,-0.05
Ccdc59,-0.056,0.557,-0.191,-0.03,-0.308,0.023,0.401,-0.18,-0.099,-0.014,-0.147,-0.244,-0.007
Ccdc6,0.151,-0.29,-0.026,0.066,0.398,0.329,0.003,-0.219,0.082,0.201,0.23,0.245,-0.03
Ccdc61,0.395,0.056,-0.157,-0.203,0.02,-0.186,0.322,,-0.133,-0.115,-0.022,-0.018,-0.079
Ccdc66,0.431,0.511,-0.035,0.294,-0.203,-0.191,-0.57,0.265,-0.05,-0.018,-0.132,-0.008,-0.253
Ccdc71,-0.964,-0.777,-0.086,0.002,0.272,-0.43,-1.008,0.658,-0.054,0.043,-0.005,0.059,0.14
Ccdc74a,0.289,0.076,0.536,-0.13,0.626,-0.126,0.233,0.028,-0.085,-0.144,0.299,-0.231,0.059
Ccdc77,0.054,0.427,0.074,0.25,-0.789,-0.236,,-0.389,-0.039,0.004,-0.145,-0.006,0.199
Ccdc82,-0.226,-0.562,-0.119,0.106,0.053,-0.044,0.424,0.272,-0.053,-0.028,0.137,-0.257,-0.237
Ccdc84,0.238,,0.181,0.097,-0.099,0.033,-0.48,-0.293,-0.12,-0.06,-0.049,-0.054,-0.035
Ccdc85b,-0.044,-0.666,-0.077,0.039,0.232,-0.073,-0.076,0.417,-0.038,-0.131,0.01,0.047,0.007
Ccdc86,-0.14,-0.53,-0.092,-0.15,-0.398,-0.296,0.006,0.104,0.021,-0.098,0.224,-0.268,0.132
Ccdc88a,-0.035,0.447,0.112,0.139,-0.013,0.117,0.566,0.074,0.022,0.084,0.074,-0.055,0.045
Ccdc9,0.032,1.505,-0.114,0.007,-0.579,-0.518,-0.281,-0.184,-0.118,0.005,-0.028,-0.211,-0.095
Ccdc90b,-0.09,-1.142,-0.032,-0.071,-0.658,0.225,-0.711,-0.79,0.066,-0.015,-0.151,-0.043,0.123
Ccdc91,-0.083,0.291,-0.055,0.055,0.274,0.19,0.3,-0.079,-0.056,-0.015,0.04,0.073,-0.049
Ccdc92,0.031,0.346,0.122,-0.048,-0.181,0.025,0.238,-0.055,0.027,0.03,0.171,0.165,0.171
Ccdc93,0.027,-0.216,0.171,0.269,0.348,0.339,0.085,-0.222,-0.159,0.076,-0.189,0.082,-0.457
Ccdc97,0.152,-0.398,0.041,-0.282,-0.785,-0.505,0.217,0.213,-0.044,0.007,0.095,0.132,0.004
Ccl25,-0.336,-1.716,0.074,0.154,-0.06,0.089,-0.268,0.227,-0.001,-0.044,-0.035,-0.205,-0.077
Ccl27a,0.02,0.1,-0.135,0.006,0.497,0.031,-0.225,0.148,-0.01,-0.126,-0.05,-0.057,-0.005
Ccm2,-0.21,0.378,-0.064,-0.006,0.143,0.273,0.254,-0.319,0.006,0.025,-0.035,-0.145,0.178
Ccnc,-0.092,-0.652,0.037,-0.042,0.542,0.069,0.406,-0.175,-0.095,-0.015,0.051,-0.02,-0.093
Ccnd3,-0.239,0.909,-0.066,-0.242,-0.452,0.039,-0.099,-0.032,-0.047,0.113,-0.18,-0.035,-0.212
Ccndbp1,-0.061,0.085,-0.038,-0.024,0.256,0.024,0.043,-0.488,-0.088,-0.058,0.113,0.154,0.146
Ccne1,0.295,0.291,0.108,-0.119,0.021,0.139,0.116,-0.09,-0.102,-0.11,-0.109,0.086,-0.637
Ccne2,-0.004,,0.117,0.092,-0.377,-0.904,-0.433,,0.256,-0.278,0.06,-0.07,
Ccng1,0.243,0.692,0.1,0.048,-0.031,0.49,-0.314,-0.315,0.043,0.01,0.194,-0.053,-0.521
Ccng2,0.313,0.122,0.126,-0.143,0.1,0.192,-0.212,-0.667,0.121,0.104,-0.104,0.119,-0.321
Ccnh,-0.006,-0.452,0.057,0.033,0.121,-0.078,0.315,0.42,0.08,0.008,-0.05,0.017,-0.008
Ccni,0.115,-0.005,-0.13,-0.037,-0.211,0.013,-0.09,-0.123,0.072,-0.128,0.077,0.07,-0.047
Ccnk,-0.229,-1.133,0.069,-0.109,-0.667,0.137,-0.875,0.663,-0.089,0.07,-0.189,-0.032,-0.634
Ccnl1,-0.026,0.024,-0.111,-0.062,-0.984,-0.264,0.015,0.021,-0.023,0.079,-0.124,-0.103,-0.308
Ccnl2,0.148,-0.33,0.114,0.015,-0.62,0.032,0.096,-0.323,-0.012,0.043,0.019,-0.106,-0.067
Ccnt1,-0.035,0.529,0.099,0.017,-0.114,-0.331,0.304,0.024,0.106,0.216,-0.011,0.097,0.079
Ccnt2,-0.229,-0.718,0.228,0.064,-0.269,-0.089,0.608,0.058,-0.076,0.163,0.105,0.057,0.089
Ccny,-0.225,0.025,0.096,0.021,0.384,0.088,0.522,-0.037,-0.003,0.072,0.034,0.246,0.06
Ccpg1,0.113,0.858,0.192,0.174,-0.171,0.26,0.278,0.326,0.013,0.273,0.038,0.041,-0.195
Ccs,0.083,-0.468,-0.054,-0.045,0.306,0.332,0.024,-0.143,-0.144,-0.013,-0.155,-0.3,-0.203
Cct2,-0.026,-0.118,-0.07,-0.038,-0.075,-0.09,0.071,-0.079,0.007,0.043,-0.013,0.012,0.029
Cct3,-0.065,-0.025,-0.008,-0.019,0.045,-0.033,-0.101,-0.08,-0.055,0.097,-0.129,0.03,0.117
Cct4,-0.069,0.019,-0.082,-0.053,0.082,0.048,-0.119,-0.267,-0.08,-0.023,-0.037,-0.3,0.039
Cct5,0.027,-0.042,-0.057,-0.043,-0.048,-0.081,-0.059,-0.213,-0.046,-0.021,-0.103,-0.109,0.015
Cct7,-0.112,0.094,-0.049,-0.007,0.157,-0.085,-0.118,0.007,-0.089,0.079,-0.067,0.048,-0.006
Cct8,-0.001,-0.042,0.008,-0.013,0.055,-0.076,-0.084,-0.118,-0.034,0.054,-0.085,0.078,0.042
Ccz1,-0.093,-0.621,0.1,-0.033,-0.393,0.127,0.128,-0.291,0.069,-0.039,-0.036,-0.118,0.004
Cd151,-0.09,0.024,-0.04,-0.004,0.306,-0.001,0.175,0.012,0.024,0.053,0.082,-0.149,-0.104
Cd164,-0.037,0.108,0.246,-0.12,-0.764,-0.188,0.056,0.477,0.044,0.129,-0.045,0.099,-0.815
Cd200,-0.184,-0.257,-0.004,-0.01,0.33,0.146,0.001,0.07,0.015,0.109,0.236,0.077,0.091
Cd24a,-0.182,0.288,0.4,0.072,0.243,0.029,0.081,-0.144,-0.01,0.034,-0.166,-0.524,-0.124
Cd276,1.061,0.669,0.382,0.087,0.382,-0.317,0.713,,0.091,0.121,-0.037,0.258,-0.12
Cd2ap,-0.21,0.141,-0.073,-0.004,0.047,0.317,0.672,0.107,0.071,0.037,0.036,-0.006,0.032
Cd2bp2,0.072,-0.412,0.049,0.06,-0.356,-0.094,-0.284,0.418,0.121,0.132,0.043,0.201,-0.078
Cd320,-0.137,-0.428,0.042,0.032,-0.259,0.052,-0.014,-0.751,0.011,-0.057,-0.246,-0.544,-0.171
Cd3eap,0.274,0.655,-0.154,0.034,0.213,-0.287,-0.164,0.099,-0.119,-0.026,0.036,-0.06,0.338
Cd44,-1.243,1.736,,-0.191,-0.451,0.366,-0.406,-0.506,-0.215,0.027,-0.062,,
Cd47,-0.297,-0.22,-0.053,0.04,0.326,0.075,0.686,0.136,0.003,0.13,-0.038,0.261,0.014
Cd55,0.022,0.998,0.188,0.156,-0.506,-0.132,0.483,-0.394,0.173,0.044,0.08,0.035,0.147
Cd59a,-0.114,-0.056,0.099,0.01,0.824,0.027,0.122,-0.131,-0.009,-0.003,0.008,-0.233,-0.067
Cd63,-0.196,0.49,-0.122,-0.087,0.043,0.02,-0.646,-0.672,-0.201,-0.139,-0.347,-0.448,-0.185
Cd81,-0.001,-0.311,-0.066,-0.121,0.5,-0.0,-0.109,-0.211,-0.05,0.026,-0.051,0.169,0.023
Cd9,0.685,-0.885,-0.213,-0.062,0.567,-0.034,0.306,0.206,-0.012,0.131,-0.313,-0.49,-0.077
Cd99l2,-0.097,0.043,0.274,0.054,-0.045,0.154,0.255,0.045,0.031,0.163,0.218,0.276,0.258
Cda,0.111,1.092,-0.245,0.114,0.071,-0.06,0.136,-0.037,0.232,-0.018,0.236,-0.324,
Cdadc1,-0.04,-0.481,0.052,-0.047,-0.222,-0.171,-0.134,-0.062,0.098,0.089,0.017,0.035,-0.161
Cdc123,0.038,-0.087,-0.012,0.033,-0.097,-0.071,0.287,0.062,-0.11,-0.059,0.017,-0.14,0.029
Cdc14b,0.304,0.107,0.165,-0.056,1.078,0.503,0.184,0.205,-0.152,0.132,0.069,0.059,-0.568
Cdc16,0.21,0.331,0.075,-0.002,-0.066,-0.059,0.212,0.278,-0.078,0.151,-0.014,0.097,-0.063
Cdc23,-0.13,,0.165,0.137,-0.708,0.099,0.414,0.498,-0.054,0.182,0.03,0.178,-0.055
Cdc25a,-0.175,-0.602,-0.018,-0.304,-0.567,-0.171,0.277,,-0.104,0.085,0.102,-0.159,-0.031
Cdc25b,0.59,-0.063,0.343,-0.018,0.401,-0.874,,,-0.112,0.073,0.023,0.067,-0.344
Cdc26,0.145,-0.28,-0.119,-0.008,-0.137,-0.127,-0.245,-0.029,-0.037,-0.125,-0.083,-0.242,-0.006
Cdc27,-0.046,-0.027,0.069,-0.005,-0.007,-0.348,0.37,-0.381,0.08,0.077,0.116,0.149,-0.124
Cdc34,0.173,0.361,-0.086,-0.005,0.537,-0.199,-0.114,0.248,0.142,-0.059,0.062,-0.075,-0.067
Cdc37,-0.058,0.267,-0.153,0.003,0.113,0.154,0.127,0.057,-0.037,0.016,-0.077,-0.144,-0.036
Cdc37l1,0.207,-0.563,-0.026,0.054,-0.088,0.2,0.636,-0.045,0.103,-0.034,0.044,0.037,-0.121
Cdc40,0.035,-0.393,-0.044,0.045,0.12,-0.388,0.312,0.002,0.057,0.099,-0.022,-0.068,-0.089
Cdc42,-0.003,-0.228,-0.13,-0.04,0.262,0.001,0.151,-0.069,-0.027,-0.043,-0.097,-0.058,-0.043
Cdc42bpa,0.205,-0.434,0.181,0.107,-0.094,0.222,0.57,-0.012,0.088,0.168,0.219,0.088,0.206
Cdc42bpb,-0.125,0.345,0.139,0.028,0.241,0.201,0.228,0.212,0.085,0.289,0.086,0.233,0.002
Cdc42ep2,-0.007,-0.725,-0.138,0.064,0.835,0.211,-0.376,-0.474,0.018,-0.184,-0.009,0.136,0.21
Cdc42ep3,-0.343,0.504,-0.277,0.011,-0.033,0.034,-0.131,0.188,-0.191,0.001,0.044,-0.202,-0.036
Cdc42ep4,0.739,-0.302,-0.072,0.012,-0.294,-0.175,-0.408,-0.246,-0.12,0.042,0.006,0.18,-0.026
Cdc42se1,-0.161,0.586,-0.089,0.021,-0.115,0.037,-0.329,0.349,-0.11,0.127,0.091,0.109,0.015
Cdc42se2,0.185,-0.154,0.034,-0.108,-0.227,-0.179,0.06,-0.025,0.108,0.081,0.153,0.241,0.186
Cdc5l,-0.085,-0.131,-0.152,0.095,-0.176,-0.013,0.111,-0.332,-0.029,0.076,-0.036,0.168,-0.099
Cdc7,0.053,0.219,0.132,0.439,-0.931,0.81,,-0.074,-0.127,0.033,0.017,-0.026,-0.339
Cdc73,-0.082,-0.232,0.024,0.1,-0.033,0.277,0.445,0.071,0.164,0.017,-0.048,0.103,-0.098
Cdca4,0.284,-2.353,-0.11,0.119,-0.794,-0.697,-0.472,,-0.205,0.075,-0.247,-0.027,0.334
Cdh11,-0.611,-0.103,-0.269,-0.207,-0.325,0.624,0.187,-0.976,0.045,-0.123,0.094,-0.734,0.1
Cdh2,0.141,0.725,0.223,0.018,-0.387,-0.261,0.618,0.121,0.229,0.112,0.14,0.227,0.112
Cdh8,0.085,-1.462,0.524,-0.015,-0.069,0.07,0.605,0.026,-0.508,-0.097,-0.184,,
Cdipt,0.094,0.341,0.182,0.041,0.553,0.149,0.2,0.113,0.069,0.152,0.039,0.148,0.049
Cdk10,-0.006,-0.28,0.126,0.07,0.093,0.278,-0.325,0.21,-0.057,0.023,-0.111,0.149,-0.039
Cdk11b,0.157,0.703,-0.069,-0.048,-0.424,-0.188,0.003,-0.24,0.089,-0.036,-0.125,-0.079,-0.108
Cdk14,0.099,0.445,-0.026,0.12,0.434,0.257,0.438,-0.118,0.044,0.101,0.458,0.923,-0.309
Cdk16,0.147,0.264,0.199,0.001,0.289,-0.096,0.076,0.224,0.089,0.114,0.064,0.145,-0.077
Cdk17,-0.315,0.889,0.066,0.008,-0.107,-0.254,-0.046,0.054,0.002,0.089,0.04,0.382,0.01
Cdk19,0.314,-1.614,0.032,-0.027,-0.777,-0.161,0.652,-0.21,0.147,-0.157,0.031,-0.091,-0.283
Cdk20,0.233,0.281,0.077,0.044,-0.236,-0.923,-0.879,,0.101,0.126,-0.139,0.175,0.012
Cdk2ap1,-0.008,0.108,0.01,-0.04,-0.41,-0.14,-0.59,0.417,0.013,-0.112,-0.056,-0.167,-0.315
Cdk2ap2,-0.029,-0.485,-0.088,-0.033,0.213,0.046,-0.242,-0.471,0.068,-0.128,0.02,-0.052,-0.034
Cdk4,0.26,0.29,-0.074,-0.12,-0.59,-0.179,-0.17,-0.381,-0.097,-0.061,-0.122,-0.213,-0.166
Cdk5,0.066,-0.049,-0.013,-0.025,0.173,-0.08,-0.037,-0.032,-0.032,-0.004,-0.009,-0.006,-0.014
Cdk5r1,-0.089,0.025,0.079,0.008,-0.102,0.193,0.589,-0.18,0.035,0.163,0.153,0.193,-0.399
Cdk5r2,0.135,0.039,0.136,0.019,0.68,0.17,0.3,0.249,0.072,-0.02,0.15,-0.066,0.08
Cdk5rap1,-0.348,-1.086,-0.091,-0.114,-0.12,-0.339,0.777,,0.127,0.05,0.577,-0.395,-0.417
Cdk5rap3,-0.259,-0.618,-0.036,0.01,-0.142,0.031,-0.251,-0.321,-0.078,0.066,-0.148,-0.026,0.146
Cdk7,0.135,0.178,0.05,-0.021,0.352,0.021,0.137,-0.044,-0.139,-0.062,-0.267,-0.082,-0.299
Cdk8,0.281,1.113,0.099,0.358,-0.467,0.205,0.92,0.379,0.21,0.138,0.102,0.018,-0.187
Cdk9,-0.186,-0.048,0.017,-0.018,0.571,-0.272,-0.342,-0.234,-0.009,0.067,0.066,-0.001,0.166
Cdkal1,0.318,0.746,0.136,0.191,-0.249,-0.541,-0.421,-0.116,-0.2,0.153,0.223,0.014,0.026
Cdkl2,0.072,0.014,0.038,0.078,0.668,0.205,0.382,0.257,0.06,0.014,0.091,0.064,0.024
Cdkl3,-0.211,-1.542,0.082,0.015,0.083,-0.088,0.206,0.278,0.059,0.062,0.057,-0.289,-0.004
Cdkn1a,-0.397,0.059,-0.402,-0.074,0.37,-0.054,-0.449,-0.024,-0.082,-0.363,-0.048,-0.095,0.135
Cdkn1b,-0.256,0.143,-0.251,0.079,-0.39,-0.27,-0.038,-0.258,0.003,-0.06,0.019,0.014,-0.147
Cdkn2aip,0.104,-2.109,-0.226,-0.256,-0.784,-0.432,-1.0,0.125,0.133,-0.042,0.058,0.134,0.015
Cdkn2aipnl,-0.084,-0.583,-0.045,-0.1,-0.184,-0.082,0.178,-0.314,0.024,-0.025,-0.11,0.287,-0.11
Cdkn2d,0.156,0.278,-0.19,0.069,0.257,-0.089,0.008,0.085,-0.025,-0.074,-0.079,-0.082,0.192
Cdo1,-0.507,-0.128,-0.249,-0.026,-0.193,-0.133,-0.257,,0.077,0.038,-0.106,,
Cdr2,-0.0,0.171,-0.013,-0.022,0.016,-0.027,-0.15,-0.095,0.068,-0.011,0.117,0.012,0.067
Cdr2l,-0.282,-0.026,0.403,-0.212,-0.137,0.093,0.156,0.616,-0.048,0.105,0.031,0.164,0.116
Cds1,0.324,0.591,0.558,0.186,0.449,0.582,0.244,0.159,0.14,0.181,0.431,0.009,
Cds2,-0.131,-0.316,0.24,0.069,0.201,0.285,0.329,-0.066,0.067,0.349,0.099,0.239,0.218
Cdv3,0.045,0.197,-0.031,0.042,-0.148,0.086,0.132,0.123,0.034,-0.037,-0.04,-0.055,-0.101
Cebpb,-0.082,0.116,-0.228,0.108,0.177,1.197,-0.257,-0.588,-0.11,-0.082,-0.321,-0.136,-0.003
Cebpd,0.237,-0.712,-0.41,-0.319,-0.225,0.05,-0.539,-0.25,-0.438,-0.298,-0.024,,
Cebpg,-0.16,0.009,-0.06,-0.006,-0.551,-0.135,-0.079,0.248,-0.044,0.014,-0.058,0.271,-0.124
Cebpz,-0.046,-1.494,-0.083,0.009,-0.23,0.01,0.197,-0.059,-0.002,0.038,-0.01,-0.059,-0.182
Cela1,0.389,0.616,0.196,-0.263,-0.994,-0.01,-0.04,0.476,-0.04,-0.166,0.103,-1.097,0.227
Celf1,-0.105,1.596,0.037,0.05,-0.381,-0.124,0.606,0.358,0.002,0.169,0.118,0.003,-0.002
Celf2,0.284,-0.15,-0.047,-0.214,-1.559,-0.252,-0.137,-0.087,-0.181,-0.003,0.198,0.244,-0.126
Celf3,0.465,0.156,-0.259,-0.045,-0.022,-0.023,0.529,0.123,0.047,0.053,-0.032,-0.039,-0.117
Celf4,0.001,-0.095,-0.096,-0.043,-0.122,0.029,0.675,0.201,0.052,0.069,0.212,0.127,0.077
Cend1,0.128,0.091,-0.09,-0.035,0.364,0.013,-0.091,-0.135,-0.063,-0.049,-0.085,0.033,0.012
Cenpb,0.077,0.302,-0.035,-0.015,0.08,-0.016,-0.313,-0.275,0.02,0.048,0.082,-0.147,0.097
Cenpc1,-0.12,-0.262,0.114,0.083,-0.171,0.092,0.425,0.068,0.188,0.119,0.02,0.056,0.017
Cenpj,-0.257,-0.781,-0.075,-0.101,-1.151,-0.574,0.247,-0.418,-0.341,0.083,-0.007,0.309,
Cenpl,-0.303,-1.432,-0.153,-0.038,-1.185,-0.249,-1.763,,-0.242,-0.142,0.174,,
Cenpq,0.186,-0.615,-0.082,0.069,0.166,0.04,-0.308,,-0.023,-0.125,-0.14,-0.375,-0.199
Cenpt,0.267,-0.72,-0.125,0.048,0.359,0.212,0.155,,-0.124,0.051,0.039,0.226,-0.151
Cenpv,0.177,0.305,-0.147,-0.108,-0.635,-0.069,0.213,-0.193,-0.118,-0.073,-0.191,-0.182,0.035
Cenpw,-0.238,0.136,0.028,-0.067,-0.6,-0.485,-0.315,,0.108,-0.114,-0.045,,-0.155
Cep120,-0.231,-0.087,0.011,0.011,0.312,0.013,0.279,-0.226,0.104,0.135,-0.027,0.11,0.239
Cep164,0.086,-0.626,0.104,-0.014,0.245,-0.071,0.527,0.161,0.039,0.024,-0.035,-0.099,-0.098
Cep170,-0.066,0.251,0.051,0.032,-0.052,-0.053,0.444,0.303,0.083,0.097,0.137,0.043,0.152
Cep290,-0.193,-0.314,0.137,0.251,-0.066,0.118,0.137,-0.153,0.28,0.071,0.207,-0.128,-0.723
Cep350,-0.013,-0.012,0.047,0.017,-0.096,0.23,0.744,0.127,-0.18,0.198,0.074,0.062,-0.286
Cep57,-0.018,0.276,-0.087,-0.259,-0.886,-0.306,-0.69,0.302,-0.126,0.021,-0.046,-0.049,-0.061
Cep57l1,-0.065,-0.118,-0.101,0.031,-0.779,-0.047,-0.844,0.588,0.178,0.147,0.123,0.013,0.063
Cep63,-0.062,0.434,-0.022,0.121,-0.275,0.265,0.254,0.237,0.023,-0.121,-0.067,0.025,-0.268
Cep68,-0.117,0.234,0.044,0.056,-0.244,0.049,0.179,,-0.0,0.133,-0.185,0.035,-0.147
Cep70,0.183,0.183,0.223,0.088,-0.178,-0.071,-0.616,-0.423,0.321,-0.018,0.025,0.104,-0.25
Cep78,0.351,-0.094,0.073,0.194,0.269,0.107,,0.109,0.263,0.073,0.055,0.134,-0.54
Cep97,0.377,-0.613,0.105,-0.144,-0.514,0.21,-0.961,-0.247,0.176,0.16,-0.066,0.233,-0.09
Cept1,-0.123,0.093,0.249,-0.066,0.514,0.317,0.252,0.319,-0.022,0.187,-0.109,-0.083,-0.011
Cerk,0.252,0.415,0.178,-0.196,-0.462,-0.181,0.005,0.176,0.053,0.112,0.02,0.02,-0.08
Cetn2,0.01,0.188,-0.141,-0.042,0.063,-0.037,0.196,-0.024,-0.034,-0.102,-0.038,-0.39,-0.125
Cetn3,0.053,0.161,-0.167,-0.045,-0.095,0.011,0.056,-0.13,-0.073,-0.087,-0.119,-0.11,0.044
Cetn4,-0.107,0.028,-0.238,0.163,0.058,-0.098,0.214,0.176,-0.013,-0.052,0.005,-0.289,-0.422
Cfdp1,-0.03,-0.099,-0.188,-0.006,-0.158,-0.087,0.125,-0.004,-0.036,-0.069,-0.118,0.135,0.085
Cfl1,-0.024,-0.311,-0.173,-0.042,0.064,0.005,-0.061,-0.023,-0.032,-0.048,-0.06,-0.03,-0.014
Cfl2,0.03,0.065,-0.119,0.027,-0.065,0.036,0.312,-0.069,-0.014,-0.094,0.047,-0.224,-0.021
Cflar,-0.195,0.172,0.045,0.208,0.019,0.3,-0.189,-0.1,-0.187,0.036,0.061,0.111,-0.513
Cggbp1,-0.153,-0.543,-0.049,0.008,0.129,-0.005,0.294,-0.113,0.094,-0.092,0.148,-0.107,0.074
Cgref1,-0.003,1.052,-0.296,-0.004,0.563,0.086,-0.048,0.179,-0.007,-0.032,0.002,-0.265,0.017
Cgrrf1,-0.059,0.192,0.048,-0.06,-0.039,0.065,0.076,-0.143,-0.112,0.013,0.008,-0.374,0.049
Chac1,-0.97,0.609,-0.023,0.032,-0.609,-0.022,0.112,,-0.184,0.005,-0.001,0.254,0.245
Chac2,0.005,-0.696,-0.023,-0.109,0.193,0.022,0.777,,0.207,-0.192,-0.177,-0.182,0.089
Chadl,-0.347,,-0.285,0.038,0.131,-0.327,-0.711,-0.678,0.04,-0.125,0.091,-0.291,-0.345
Chchd1,-0.001,0.231,-0.189,-0.058,-0.065,-0.103,-0.043,0.136,-0.03,-0.131,0.014,-0.362,0.014
Chchd10,0.071,0.349,-0.177,-0.064,0.895,0.192,-0.032,-0.165,-0.077,-0.11,-0.072,-0.229,0.259
Chchd2,0.032,0.07,-0.232,-0.025,0.189,-0.026,-0.141,-0.102,-0.027,-0.106,0.003,-0.384,-0.02
Chchd3,0.161,-0.138,-0.032,-0.084,-0.469,-0.076,0.301,-0.165,-0.086,-0.116,-0.056,-0.371,-0.173
Chchd4,-0.025,0.064,-0.145,-0.013,-0.064,0.034,-0.024,-0.181,-0.024,-0.093,0.086,-0.153,0.255
Chchd5,0.033,0.12,-0.186,-0.013,-0.264,0.106,-0.488,0.39,0.075,-0.085,-0.037,-0.352,-0.017
Chchd6,0.137,-0.371,-0.153,-0.068,0.25,0.015,-0.049,-0.267,-0.013,-0.086,0.02,-0.161,0.066
Chchd7,0.051,0.305,-0.133,-0.019,0.374,0.195,0.035,-0.091,-0.002,-0.102,-0.076,-0.368,-0.068
Chd1,0.002,0.927,0.029,-0.135,-0.39,-0.281,-0.35,0.004,0.185,-0.014,-0.078,-0.005,0.102
Chd2,-0.189,-0.104,0.135,0.184,-0.661,0.047,-0.595,-0.028,0.184,0.02,0.237,0.059,0.028
Chd3,-0.153,-0.113,-0.054,0.025,0.34,-0.022,0.125,0.162,0.013,0.054,0.092,0.284,0.175
Chd4,0.104,0.234,-0.006,-0.026,-0.254,0.066,0.433,-0.205,0.044,0.118,0.002,-0.004,-0.098
Chd5,-0.111,0.105,0.04,0.086,0.351,0.047,0.271,0.216,0.095,0.083,0.086,0.139,0.125
Chd6,0.104,0.14,0.046,0.025,-0.361,0.135,0.406,0.08,-0.017,0.162,0.036,0.202,0.083
Chd8,-0.363,0.685,0.078,0.014,-0.385,0.034,0.055,0.057,0.018,0.133,0.067,0.081,0.09
Chd9,0.153,-0.015,0.09,0.181,-0.231,0.007,0.72,0.111,-0.014,0.156,0.094,0.107,0.056
Cherp,0.168,-0.37,0.179,0.125,-0.049,-0.254,0.4,-0.487,0.045,0.176,-0.017,0.182,0.021
Chfr,0.018,-1.869,0.231,-0.044,-0.427,-0.046,-0.102,0.098,-0.085,0.165,0.067,-0.045,0.152
Chga,0.007,0.517,0.288,0.168,-0.596,-0.013,0.38,0.405,0.018,0.227,-0.485,-0.272,-0.05
Chgb,0.072,-0.036,0.165,-0.036,0.082,0.176,-0.016,0.082,0.067,-0.047,-0.391,0.113,0.334
Chic1,0.102,0.836,0.191,0.011,-0.165,0.156,0.361,0.286,0.076,0.083,0.568,0.083,0.06
Chic2,-0.228,-0.506,-0.052,-0.02,0.086,-0.107,0.098,0.226,-0.001,-0.049,-0.021,0.111,0.041
Chid1,-0.057,-0.682,0.13,-0.049,0.541,-0.069,0.233,0.064,-0.018,0.05,-0.189,0.017,0.054
Chka,-0.313,-0.328,0.155,-0.073,-0.556,-0.238,0.036,-0.023,0.064,0.213,0.022,0.047,-0.121
Chkb,-0.109,,0.024,-0.039,0.092,0.024,-0.262,0.614,0.092,0.06,-0.057,-0.129,-0.111
Chl1,-0.381,-0.469,-0.112,0.105,0.777,0.153,0.658,0.257,0.164,0.231,0.209,-0.383,-0.102
Chm,0.102,-0.313,0.196,0.105,-0.352,-0.247,0.549,-0.147,0.083,0.105,0.16,0.116,0.179
Chml,-0.207,-0.353,0.22,0.038,0.39,0.311,0.256,0.785,0.052,0.188,-0.161,0.115,
Chmp1a,-0.158,0.344,-0.019,-0.001,-0.015,-0.096,0.095,-0.17,-0.004,0.046,-0.125,0.004,-0.022
Chmp1b,-0.284,0.562,-0.011,-0.095,-0.56,-0.234,0.383,0.464,-0.105,0.004,-0.127,,
Chmp2a,-0.01,-0.059,-0.262,-0.026,0.072,-0.105,0.046,0.066,-0.11,-0.092,-0.19,-0.182,-0.035
Chmp2b,0.063,0.317,-0.109,0.012,0.275,-0.141,0.263,0.235,-0.026,-0.015,-0.01,-0.067,-0.071
Chmp3,0.117,-0.285,-0.061,-0.102,0.095,0.155,0.137,-0.124,0.02,-0.058,-0.011,-0.114,-0.145
Chmp4b,-0.022,0.144,-0.103,-0.101,-0.227,0.011,-0.075,-0.211,-0.003,-0.133,-0.002,0.069,0.003
Chmp5,-0.123,-0.143,-0.163,-0.006,0.08,-0.208,0.129,-0.344,-0.079,-0.071,-0.049,-0.135,-0.053
Chmp6,0.087,-0.338,-0.067,0.022,0.491,0.173,0.052,-0.253,-0.026,-0.099,0.054,-0.334,-0.097
Chmp7,0.095,-0.068,0.091,-0.023,0.087,0.132,0.026,-0.106,-0.009,0.126,-0.015,0.197,-0.112
Chn1,-0.048,0.243,0.139,0.043,-0.124,0.068,0.118,0.205,0.014,0.005,0.061,0.113,0.03
Chn2,-0.009,-0.522,-0.326,-0.246,-0.689,-1.849,0.093,,0.09,0.043,-0.398,,
Chodl,-0.206,-0.17,,0.452,1.348,0.207,0.804,-0.776,-0.247,-0.097,-0.248,,-0.01
Chordc1,0.04,-0.228,-0.03,-0.127,-0.029,-0.128,-0.483,0.093,0.012,0.014,-0.103,-0.248,-0.045
Chpf,0.023,0.219,0.19,-0.004,0.311,0.112,-0.046,-0.6,0.079,0.236,0.106,-0.032,0.024
Chpf2,0.257,0.26,0.523,0.025,-0.21,0.747,0.108,0.392,0.032,0.238,0.078,0.181,-0.0
Chpt1,-0.037,1.04,0.059,-0.42,-0.089,-0.104,0.107,0.02,-0.018,-0.046,0.077,-0.022,-0.142
Chrac1,-0.003,-0.529,-0.139,-0.037,-0.264,0.037,-0.089,-0.235,-0.061,-0.13,0.012,-0.264,0.132
Chrm2,-0.058,0.186,,0.245,0.991,0.014,0.607,0.365,-0.042,0.186,-0.203,0.769,0.313
Chrna5,-0.247,0.34,0.637,0.161,0.919,0.041,0.328,-0.119,0.08,0.154,0.031,-0.132,-0.231
Chrnb2,-0.023,-0.532,0.325,-0.056,0.243,-0.061,0.239,0.073,-0.03,0.394,0.038,0.287,0.045
Chst10,0.185,0.382,0.251,0.01,-0.208,-0.124,-0.124,0.493,-0.012,0.15,0.104,0.046,0.298
Chst11,0.433,0.484,0.152,-0.227,0.407,-0.015,0.234,,0.094,0.179,0.163,0.045,-0.271
Chst12,0.079,0.589,0.209,-0.125,0.207,0.375,0.459,-0.031,-0.025,0.108,0.01,0.108,0.008
Chst2,-0.617,0.58,0.251,-0.319,-1.18,0.418,0.235,,-0.201,0.109,-0.053,0.606,
Chst8,-0.192,-0.612,0.202,0.049,0.738,0.258,-0.429,-0.124,0.649,0.196,0.157,-0.463,-0.009
Chsy1,-0.026,1.113,0.062,-0.041,0.625,0.269,0.113,,0.074,0.264,0.168,0.28,
Chuk,0.059,-1.155,0.201,0.078,-0.73,-0.112,0.362,0.295,0.11,0.171,0.007,0.003,-0.095
Churc1,0.061,-0.224,-0.115,-0.024,-0.143,-0.206,-0.147,-0.088,-0.033,-0.129,-0.016,-0.191,0.011
Ciao1,0.219,0.095,0.027,-0.073,0.305,-0.122,0.238,0.542,-0.074,0.097,-0.003,0.034,0.225
Ciapin1,-0.071,0.826,-0.215,-0.02,0.213,-0.051,0.259,-0.193,-0.004,0.017,-0.133,0.205,-0.125
Cib1,-0.302,-0.497,-0.035,-0.121,0.521,0.169,-0.556,-0.376,-0.042,-0.085,-0.125,-0.148,-0.345
Cib2,0.165,-0.535,0.15,-0.002,0.29,0.045,0.238,-0.008,-0.011,-0.068,0.198,-0.398,-0.095
Cic,0.049,0.879,-0.014,0.114,-0.481,0.397,0.152,0.154,0.065,0.064,0.131,0.163,-0.022
Cidea,0.164,0.494,-0.416,-0.545,1.16,0.789,0.156,0.078,-0.365,-0.094,-0.077,-0.382,-0.517
Cinp,0.101,-0.37,-0.193,0.003,0.077,-0.026,-0.038,-0.422,-0.091,-0.079,-0.06,-0.165,0.203
Cir1,0.152,0.505,-0.052,-0.076,-0.383,-0.081,-0.017,-0.087,-0.113,-0.009,0.085,-0.241,0.114
Cirbp,-0.026,0.32,-0.198,-0.077,-0.383,-0.043,0.177,-0.211,-0.061,-0.111,-0.088,-0.016,0.025
Cisd1,0.056,-0.204,-0.019,-0.066,0.344,0.068,0.017,-0.175,0.028,-0.078,0.006,-0.216,0.131
Cisd2,-0.162,-0.273,0.053,-0.037,-0.206,-0.095,0.029,0.101,0.041,-0.007,-0.138,-0.129,-0.131
Cisd3,-0.017,-0.334,-0.133,-0.075,0.44,0.085,-0.339,0.155,-0.034,-0.027,-0.086,-0.169,0.107
Cish,0.129,-0.517,-0.17,0.074,-0.317,-0.709,-0.202,,-0.306,0.1,-0.095,-0.13,
Cit,0.076,-1.19,-0.11,-0.036,0.187,0.264,0.809,0.223,-0.06,0.044,0.209,-0.38,-0.125
Cited2,0.188,0.062,-0.186,-0.219,-1.136,-0.835,0.371,0.029,-0.002,-0.075,-0.28,0.141,0.013
Ciz1,-0.377,1.288,0.12,0.038,0.227,-0.038,0.054,0.133,-0.107,0.164,0.027,0.055,0.163
Ckap4,0.119,-0.082,0.049,0.059,-0.202,0.043,0.268,-0.212,-0.044,0.06,0.109,-0.057,-0.099
Ckap5,0.08,0.233,0.094,0.023,-0.408,0.031,0.226,-0.236,0.115,0.122,0.1,0.037,0.14
Ckb,0.069,0.053,-0.137,0.037,0.877,0.118,-0.259,-0.112,-0.081,0.024,0.018,-0.387,0.032
Cklf,-0.033,-0.034,0.02,0.238,0.174,0.013,-0.237,0.476,-0.039,-0.131,-0.03,,0.084
Ckmt1,0.012,0.554,-0.013,-0.08,0.712,0.151,0.162,0.494,-0.084,0.018,0.132,0.036,0.07
Cks1b,-0.122,-0.594,-0.059,0.051,-1.19,-0.218,-0.251,,-0.122,-0.137,-0.221,-0.213,-0.079
Cks2,0.23,,-0.029,-0.489,-2.289,-1.131,-1.019,,-0.011,-0.282,-0.349,,-0.19
Clasp1,-0.129,0.325,0.137,0.026,-0.364,0.101,0.384,0.185,0.019,0.176,0.144,0.266,0.144
Clasp2,0.222,0.339,0.075,0.032,-0.26,-0.035,0.184,0.129,-0.007,0.171,0.096,0.327,0.091
Clasrp,0.017,0.125,0.248,0.105,0.406,0.079,-0.133,0.148,-0.077,0.157,-0.274,0.12,0.03
Clcc1,0.228,-1.916,0.135,-0.13,-0.624,-0.41,0.129,,0.266,0.083,-0.123,-0.145,0.195
Clcn2,-0.31,0.228,0.348,-0.228,-0.012,0.375,-0.694,,-0.044,0.241,0.177,0.193,0.491
Clcn3,0.021,-0.005,0.14,-0.006,0.039,0.136,0.523,0.178,0.093,0.107,0.106,0.087,0.188
Clcn5,0.547,0.551,0.068,-0.089,0.525,0.154,0.053,0.343,0.014,0.155,-0.168,0.255,0.419
Clcn6,-0.01,,0.104,0.135,-0.092,0.216,0.273,0.377,0.039,0.312,0.143,0.227,0.147
Clcn7,-0.299,-0.646,0.432,0.246,0.211,0.032,0.388,-0.25,0.054,0.435,-0.051,0.2,-0.126
Cldn12,0.213,1.52,0.232,-0.33,-0.233,-0.375,0.34,,-0.018,0.139,0.095,0.24,
Cldnd1,-0.063,,0.008,-0.082,-0.081,-0.079,0.209,-0.025,0.057,0.075,0.003,0.08,-0.086
Clec16a,0.504,0.193,0.239,-0.095,0.323,0.251,-0.179,0.133,0.199,0.113,0.296,0.07,
Clec2l,0.512,0.237,-0.029,-0.032,-0.269,-0.199,0.079,0.137,-0.075,0.007,0.122,-0.203,-0.486
Clgn,-0.02,0.326,0.212,-0.004,0.626,0.231,0.081,0.279,-0.031,0.14,0.077,0.086,0.255
Clic1,-0.258,0.518,-0.138,-0.055,0.057,0.038,-0.057,0.026,-0.123,-0.055,-0.126,-0.129,-0.095
Clic4,0.163,1.957,-0.092,-0.148,-0.235,-0.157,-0.678,-1.036,-0.115,0.011,0.003,-0.38,-0.18
Clint1,-0.137,-0.084,0.013,-0.041,0.345,0.154,0.325,0.02,0.127,0.036,0.003,0.026,0.123
Clip1,0.25,0.373,0.012,0.152,-0.178,0.053,0.56,0.044,0.06,0.101,0.072,0.171,-0.073
Clip3,0.119,-0.079,0.01,0.019,0.201,0.116,-0.011,0.216,0.0,0.048,0.17,0.259,-0.051
Clip4,0.092,0.47,0.161,0.059,-0.229,0.127,0.58,-0.476,0.027,0.08,0.172,0.354,0.646
Clk1,-0.173,-0.203,0.114,-0.018,-0.846,0.05,0.18,0.105,0.004,0.114,-0.123,-0.04,-0.075
Clk2,0.124,0.617,-0.023,0.041,-0.425,0.017,-0.074,-0.285,0.204,0.1,-0.017,-0.077,-0.097
Clk3,-0.044,0.654,0.111,-0.059,-0.113,0.011,0.158,-0.094,-0.015,0.109,0.212,0.186,-0.043
Clk4,-0.317,-0.559,0.005,0.02,-0.243,-0.057,0.313,0.219,-0.048,0.015,0.097,0.14,-0.553
Cln3,0.221,1.144,0.232,-0.325,0.578,-0.031,0.085,-0.479,-0.059,0.173,0.089,0.212,-0.964
Cln5,-0.133,-0.241,0.178,-0.004,-0.412,0.217,0.573,-0.078,0.127,0.096,0.064,-0.082,-0.169
Cln6,0.482,-0.552,0.337,-0.09,0.335,0.16,-0.062,,-0.068,0.135,-0.096,-0.079,0.207
Cln8,-0.56,-0.78,0.123,0.045,0.024,-0.052,-0.091,-0.481,0.085,0.103,0.08,0.108,0.177
Clns1a,0.055,-0.002,-0.139,-0.045,-0.318,-0.021,-0.001,-0.082,-0.007,-0.11,-0.152,0.092,-0.23
Clock,-0.473,-0.83,0.136,0.023,-0.413,-0.089,0.018,-0.055,-0.029,0.085,0.146,-0.082,-0.115
Clp1,-0.249,-0.437,-0.049,-0.314,0.102,-0.376,0.386,,-0.075,-0.108,-0.279,-0.377,-0.393
Clpb,-0.287,0.312,0.009,0.109,0.243,-0.061,-0.015,-0.176,-0.051,0.117,-0.176,0.041,0.108
Clpp,0.02,-0.307,-0.12,0.043,-0.015,-0.064,0.052,0.11,-0.052,-0.065,-0.084,0.06,-0.059
Clptm1,0.24,0.067,0.166,0.017,0.069,0.161,0.162,-0.105,0.004,0.221,-0.041,0.037,0.03
Clptm1l,-0.055,-0.174,0.235,-0.069,0.237,0.029,0.083,-0.196,0.061,0.228,-0.006,0.228,0.08
Clpx,0.321,0.129,-0.024,0.179,-0.149,-0.025,0.034,-0.189,-0.063,0.014,0.134,-0.17,-0.256
Clstn1,0.318,-1.045,0.362,0.129,0.23,0.162,0.238,-0.053,0.06,0.232,0.119,0.345,0.22
Clstn2,-0.246,0.328,0.071,0.244,-0.481,-0.283,0.382,-0.488,0.131,0.177,0.622,,
Clstn3,0.559,-0.278,0.37,-0.026,-0.327,0.008,0.054,-0.132,0.127,0.325,0.28,0.265,0.31
Clta,0.032,-0.164,-0.132,-0.026,0.144,-0.049,0.128,-0.062,-0.015,-0.073,0.023,-0.102,0.041
Cltb,-0.003,-0.012,-0.112,-0.008,0.32,0.049,-0.179,0.072,-0.034,-0.073,-0.023,-0.046,0.05
Cltc,0.056,0.01,0.105,0.018,0.296,0.033,0.025,0.027,0.06,0.14,0.143,0.078,0.126
Clu,-0.099,0.343,0.511,0.027,1.094,0.736,0.02,-0.012,-0.117,0.201,0.116,0.004,-0.215
Cluap1,-0.006,-0.523,-0.106,0.036,0.392,0.187,-0.071,-0.117,-0.026,-0.031,-0.185,0.063,-0.065
Clvs1,0.438,,0.178,0.101,0.3,0.001,0.323,-0.248,0.156,0.099,-0.075,-0.181,-0.298
Clvs2,0.398,1.121,0.211,-0.01,0.586,-0.188,-0.026,0.244,-0.087,0.107,0.081,-0.252,-0.078
Clybl,-0.037,-0.299,-0.021,-0.108,0.644,-1.05,-0.227,0.329,-0.119,-0.004,-0.201,-0.092,-0.092
Cmas,0.028,0.228,0.04,0.005,0.525,0.008,0.318,-0.142,-0.067,0.002,0.002,0.047,0.185
Cmbl,-0.202,0.181,0.062,-0.122,1.004,0.018,0.208,0.24,0.053,-0.086,0.045,-0.186,-0.077
Cmc1,-0.131,0.155,-0.064,-0.045,0.068,-0.224,-0.089,-0.1,-0.041,-0.121,-0.051,-0.217,-0.339
Cmpk1,-0.028,0.033,-0.132,-0.091,0.197,0.051,0.223,-0.133,0.007,-0.078,-0.021,-0.047,-0.024
Cmpk2,-0.055,0.176,-0.075,-0.05,0.506,0.166,-0.035,-0.132,0.032,-0.036,0.449,-0.125,0.002
Cmtm4,-0.25,1.122,0.118,-0.148,0.196,-0.057,0.019,-0.087,0.233,0.159,0.076,0.217,-0.143
Cmtm6,-0.671,-0.595,0.061,-0.171,-0.205,0.112,-0.252,-0.646,-0.184,0.276,0.01,0.093,0.194
Cnbp,-0.113,0.058,-0.189,-0.016,-0.032,-0.106,0.071,-0.372,-0.103,-0.081,-0.116,-0.032,-0.037
Cndp2,-0.209,-0.178,-0.033,0.164,0.308,0.09,-0.229,-0.374,-0.083,0.075,-0.133,0.013,0.129
Cnih2,0.154,0.086,-0.231,0.002,0.07,0.11,0.228,-0.11,0.064,-0.004,0.105,0.143,0.252
Cnih4,-0.141,0.16,0.078,-0.071,-0.45,-0.289,0.055,-0.528,-0.003,-0.041,-0.068,-0.17,-0.016
Cnksr2,0.194,0.068,0.068,0.146,0.142,0.269,0.959,0.04,0.148,0.167,0.091,-0.375,
Cnn3,-0.045,0.164,-0.154,0.036,0.314,0.16,-0.102,-0.604,-0.099,0.066,-0.029,-0.031,-0.123
Cnnm1,0.089,-0.818,0.299,-0.022,0.532,-0.041,0.683,0.134,0.369,0.245,0.032,0.844,
Cnnm2,0.209,1.419,0.228,0.15,0.772,0.171,0.401,-2.833,0.077,0.252,-0.038,0.039,-0.6
Cnnm4,0.08,-0.1,0.103,0.177,0.163,0.138,0.613,1.002,0.039,0.203,-0.161,0.054,-0.821
Cnot1,0.076,0.31,0.159,0.065,-0.542,-0.035,0.073,-0.188,0.096,0.244,-0.04,0.089,0.084
Cnot10,-0.128,0.715,0.123,0.083,-0.117,-0.025,0.191,0.05,0.005,0.134,0.04,0.035,0.053
Cnot2,-0.098,-0.391,0.027,-0.077,-0.532,-0.26,0.385,-0.854,0.021,0.068,-0.082,0.132,0.149
Cnot3,-0.056,-0.662,0.001,-0.059,-0.264,-0.207,0.29,-0.289,0.078,0.009,-0.091,-0.098,0.114
Cnot4,-0.054,-0.09,0.032,0.092,-0.093,-0.131,0.352,-0.06,0.086,-0.072,0.038,-0.03,0.027
Cnot6,-0.16,-0.691,-0.041,0.06,-0.378,-0.017,-0.043,-0.295,0.015,0.091,0.011,0.203,-0.154
Cnot6l,0.293,-2.011,0.022,0.118,-0.217,-0.141,-0.521,0.048,-0.089,0.172,-0.024,0.167,0.255
Cnot7,-0.052,-0.428,0.055,0.087,-0.177,-0.055,0.084,0.294,-0.036,-0.005,0.116,0.145,-0.055
Cnot8,0.01,0.217,0.033,-0.085,-0.665,0.102,-0.397,-0.287,-0.035,0.087,0.183,0.282,0.068
Cnp,0.087,-0.362,-0.203,-0.047,0.34,0.147,-0.391,-0.099,-0.136,-0.081,0.047,0.005,-0.089
Cnpy2,-0.144,0.481,-0.021,-0.006,-0.329,-0.124,0.065,-0.012,-0.222,-0.023,-0.178,-0.214,-0.033
Cnpy3,0.057,-0.343,0.152,0.037,0.005,-0.013,-0.132,0.401,-0.025,0.135,0.017,0.14,-0.021
Cnpy4,-0.194,-0.295,-0.032,-0.305,-0.215,0.442,-1.822,0.064,0.039,0.021,-0.021,-0.154,0.13
Cnr1,0.578,0.451,-0.462,0.087,-1.806,-0.822,0.242,,0.028,0.233,-0.124,0.043,-0.209
Cnrip1,-0.076,0.197,-0.042,-0.005,0.041,0.205,0.479,0.099,-0.023,-0.043,0.036,-0.007,-0.013
Cnst,-0.018,-0.087,0.042,-0.036,-0.206,0.354,0.294,-0.264,0.023,0.096,-0.047,0.107,0.158
Cntfr,0.022,1.238,0.116,-0.101,-0.137,-0.072,0.155,-0.209,-0.106,0.119,0.026,0.013,-0.154
Cntln,0.146,0.647,0.063,-0.05,-0.913,0.0,-0.089,0.199,0.093,-0.093,0.168,0.27,0.12
Cntn1,0.075,-0.473,0.184,0.16,0.494,0.225,0.624,-0.175,0.143,0.247,0.457,-0.135,-0.074
Cntn2,0.237,0.363,0.224,0.533,1.069,-0.361,0.064,-0.318,0.096,0.241,0.212,0.273,
Cntn3,0.132,0.377,0.089,0.23,1.951,0.424,0.585,-0.015,0.285,0.363,-0.246,-0.465,-0.733
Cntnap1,0.459,0.153,0.247,0.233,1.34,-0.232,,,0.219,0.218,0.225,0.437,
Cntnap2,0.278,0.379,0.189,-0.019,-0.136,-0.067,0.403,-0.053,-0.051,0.219,0.11,-0.351,0.245
Coasy,0.223,0.518,0.057,0.071,0.271,-0.068,-0.406,0.025,0.087,0.03,-0.002,-0.009,0.229
Cobl,0.427,0.151,-0.347,0.103,0.091,0.209,0.246,-0.029,0.084,0.139,0.159,0.276,0.117
Cog1,0.404,-0.218,0.203,0.263,0.28,0.194,0.295,0.772,0.052,0.227,-0.13,-0.029,-0.009
Cog2,-0.381,1.376,0.086,0.091,0.071,-0.058,-1.604,-0.627,-0.075,0.06,0.11,0.118,0.282
Cog3,-0.305,-0.497,0.184,-0.008,-0.054,-0.062,0.611,-0.51,-0.111,0.097,0.291,0.266,0.385
Cog4,-0.17,-0.004,0.098,0.016,0.163,0.146,0.077,-0.473,0.087,0.057,-0.09,0.078,-0.084
Cog5,-0.043,1.564,0.172,-0.025,-0.558,0.024,0.01,-0.252,0.088,0.158,0.064,0.095,0.148
Cog6,-0.065,-0.904,0.049,-0.004,-0.472,-0.025,0.008,-0.004,-0.071,-0.045,-0.117,0.02,-0.111
Cog7,-0.065,0.21,0.133,0.139,-0.103,-0.232,0.225,-0.392,-0.035,0.245,-0.189,0.102,-0.019
Cog8,0.084,-1.14,-0.007,-0.019,0.458,-0.341,0.014,0.069,0.001,-0.003,0.074,-0.048,0.151
Coil,0.32,0.91,-0.034,0.01,0.4,0.145,0.136,0.118,0.029,-0.033,0.112,-0.008,0.284
Col4a3bp,-0.165,-0.207,0.168,-0.154,0.028,0.02,,-0.45,0.12,0.099,0.036,0.363,-0.619
Colq,-0.054,-0.51,0.441,-0.488,,-1.246,0.123,-0.679,0.113,0.277,0.039,,0.356
Commd1,-0.057,0.154,-0.178,-0.04,-0.016,-0.053,0.104,-0.264,-0.133,-0.096,-0.072,-0.106,-0.026
Commd10,-0.143,0.086,0.003,-0.152,0.183,-0.161,-0.652,,0.031,-0.089,-0.034,-0.03,-0.014
Commd2,0.115,0.339,-0.199,-0.012,0.095,-0.114,0.256,-0.154,-0.054,-0.07,-0.211,-0.299,-0.068
Commd3,0.075,-0.542,-0.125,0.01,-0.052,-0.087,0.164,-0.192,-0.087,-0.121,-0.07,-0.4,0.05
Commd4,0.06,-0.169,-0.135,-0.045,0.247,0.272,-0.043,0.146,-0.012,-0.034,0.018,-0.353,-0.135
Commd6,-0.088,0.375,-0.129,-0.022,0.042,-0.002,0.144,0.021,-0.009,-0.108,-0.039,-0.326,-0.164
Commd7,-0.263,-0.265,-0.156,0.077,0.132,-0.248,-0.064,0.003,-0.066,-0.034,-0.087,-0.159,0.037
Commd8,-0.007,0.191,-0.145,0.086,-0.133,0.042,0.336,-0.402,-0.102,-0.055,-0.07,-0.027,0.063
Commd9,-0.081,0.327,-0.136,-0.08,0.31,-0.246,0.04,0.084,-0.074,-0.016,-0.129,-0.032,-0.053
Comt,0.014,-0.111,0.022,0.067,-0.054,0.111,0.307,-0.119,-0.069,0.016,-0.139,-0.08,-0.145
Comtd1,-0.1,-0.57,0.027,0.02,0.657,0.296,0.067,0.383,0.104,-0.022,-0.076,-0.508,-0.04
Copa,-0.071,-0.052,0.117,0.041,0.029,0.084,0.147,-0.086,0.093,0.2,0.071,0.226,0.056
Copb1,-0.124,-0.623,0.176,0.012,-0.023,-0.215,0.072,0.483,0.036,0.228,-0.049,0.058,0.032
Copb2,-0.04,0.383,0.023,-0.002,0.098,-0.165,0.15,-0.383,-0.035,0.183,0.059,-0.075,0.019
Cope,0.035,-0.284,-0.135,-0.098,0.262,-0.01,-0.025,-0.189,-0.054,-0.045,-0.099,-0.219,0.058
Copg2,-0.048,,0.162,-0.02,0.034,-0.076,0.137,0.421,-0.0,0.187,0.005,0.051,0.074
Cops2,-0.124,-0.061,-0.048,-0.042,-0.239,0.242,0.255,0.148,0.049,-0.024,0.006,-0.04,-0.032
Cops3,-0.033,-0.341,-0.026,-0.04,-0.065,-0.255,0.217,0.022,-0.055,0.037,-0.046,-0.033,0.015
Cops4,-0.054,-0.725,-0.126,-0.099,0.055,-0.079,0.091,-0.02,-0.042,0.01,-0.063,-0.289,-0.008
Cops5,0.083,-0.074,-0.138,-0.053,0.312,0.148,0.127,0.148,-0.016,0.016,-0.068,-0.288,0.026
Cops6,0.035,0.155,-0.141,-0.054,0.319,-0.026,-0.148,0.076,-0.098,-0.075,-0.15,-0.332,0.001
Cops7a,0.107,-0.061,-0.091,-0.054,0.152,0.195,0.234,0.137,-0.114,-0.01,0.056,-0.236,0.227
Cops7b,0.267,-1.024,0.013,-0.079,0.335,-0.102,-0.04,0.026,0.035,0.0,0.166,0.224,0.274
Cops8,0.086,0.102,-0.08,-0.032,-0.178,-0.159,0.007,0.432,-0.158,0.033,-0.035,0.076,0.078
Copz1,-0.059,-0.56,-0.035,0.017,-0.013,-0.208,-0.17,-0.137,0.0,0.041,0.019,0.119,0.026
Copz2,0.041,-1.408,-0.153,-0.508,-1.204,-0.86,-2.535,,-0.191,-0.193,-0.213,,-0.85
Coq10a,0.044,-0.469,-0.069,0.01,0.4,-0.061,-0.004,-0.117,0.093,-0.045,-0.054,-0.047,0.054
Coq10b,-0.339,-0.385,-0.116,-0.059,0.021,-0.267,0.008,0.023,-0.049,0.05,-0.083,0.013,-0.052
Coq2,-0.121,0.102,-0.069,0.05,0.14,-0.06,0.198,0.183,0.075,-0.065,-0.013,-0.142,-0.059
Coq3,0.332,0.455,-0.086,-0.125,0.669,-0.2,-0.004,-0.014,0.171,0.007,-0.141,0.101,-0.066
Coq4,0.211,0.449,-0.067,0.02,0.058,0.245,-0.256,-0.205,-0.049,-0.085,-0.057,-0.003,-0.041
Coq5,-0.055,-0.116,-0.01,-0.015,-0.392,-0.272,-0.007,-0.171,-0.063,-0.012,-0.07,-0.079,0.175
Coq6,-0.037,-0.271,0.019,0.047,0.367,0.072,0.275,0.184,-0.311,-0.015,-0.275,-0.182,0.027
Coq7,-0.074,-0.093,-0.196,-0.083,0.114,0.013,-0.091,-0.12,-0.116,-0.104,-0.105,-0.24,0.092
Coq9,-0.025,0.961,0.037,-0.152,0.19,-0.229,-0.217,-0.068,-0.079,0.086,0.01,0.129,-0.191
Coro1a,0.007,0.616,-0.229,-0.052,0.775,0.203,-0.167,0.065,0.017,0.016,-0.075,-0.156,-0.041
Coro1b,-0.165,-0.388,-0.036,-0.169,0.937,,,0.666,0.023,0.014,-0.011,0.102,-0.137
Coro1c,-0.405,-0.259,0.067,-0.039,0.132,0.08,0.139,0.343,0.012,0.18,-0.039,0.09,-0.024
Coro2a,0.136,0.375,-0.075,-0.01,0.158,0.149,0.335,0.026,0.103,0.109,0.116,0.037,-0.079
Coro2b,0.144,0.364,0.229,-0.048,0.098,0.292,-0.123,-0.004,0.038,0.096,0.038,0.258,-0.003
Coro7,0.19,0.333,0.128,-0.147,-0.079,0.106,-0.298,-0.031,0.045,0.036,0.033,-0.058,0.089
Cotl1,0.461,-0.965,0.094,0.063,0.306,-0.174,-1.203,,-0.133,0.055,0.236,0.14,-0.207
Cox10,0.161,0.268,0.134,-0.057,-0.053,-0.35,-0.73,0.325,0.003,-0.007,0.141,0.086,0.039
Cox11,0.083,0.305,0.04,-0.009,-0.337,-0.438,-0.275,,-0.189,-0.072,-0.1,-0.236,-0.004
Cox15,-0.062,-0.68,0.16,0.228,-0.152,-0.034,-0.023,,0.179,0.152,0.055,0.163,0.037
Cox16,-0.061,0.17,0.011,-0.053,0.16,-0.053,-0.429,-1.157,0.015,-0.19,-0.003,-0.373,-0.15
Cox17,-0.034,0.087,-0.115,-0.039,-0.197,-0.132,-0.288,0.281,-0.039,-0.221,-0.071,-0.408,0.045
Cox18,0.177,0.204,0.057,-0.046,0.05,0.315,0.19,-0.234,-0.075,-0.106,0.03,-0.149,-0.108
Cox19,0.013,0.488,-0.12,0.043,0.33,0.109,0.057,0.447,-0.009,-0.079,0.02,-0.071,-0.261
Cox4i1,0.046,0.071,-0.168,-0.054,0.109,-0.006,-0.13,-0.07,-0.017,-0.084,-0.034,-0.386,0.024
Cox5a,0.036,0.146,-0.134,-0.044,0.304,-0.03,0.0,-0.054,-0.009,-0.107,-0.101,-0.413,0.057
Cox5b,0.065,0.163,-0.17,-0.045,0.163,-0.031,-0.003,-0.083,-0.032,-0.112,-0.055,-0.329,0.074
Cox6a1,-0.01,0.036,-0.129,-0.039,0.174,-0.04,-0.394,-0.071,-0.038,-0.071,-0.025,-0.315,0.066
Cox6b1,0.039,-0.168,-0.204,-0.02,0.2,0.003,-0.193,-0.049,-0.021,-0.132,-0.094,-0.339,0.037
Cox6c,0.068,-0.091,-0.129,-0.025,0.144,0.014,-0.337,-0.153,-0.0,-0.119,0.006,-0.371,-0.005
Cox7a1,0.129,-0.885,-0.194,-0.356,-0.48,-1.565,-0.265,,-0.039,-0.159,0.091,-0.633,
Cox7a2,0.067,-0.098,-0.151,-0.035,0.141,-0.011,-0.127,-0.086,-0.03,-0.131,-0.031,-0.37,0.045
Cox7a2l,0.02,0.334,-0.189,-0.048,0.077,0.037,-0.1,0.083,-0.032,-0.144,-0.003,-0.421,0.005
Cox7b,0.034,0.041,-0.144,-0.043,0.145,-0.059,-0.144,-0.092,-0.056,-0.133,-0.059,-0.268,0.031
Cox7c,0.008,0.144,-0.136,-0.037,0.256,0.026,-0.263,-0.114,0.0,-0.14,0.032,-0.481,0.018
Cox8a,0.026,-0.154,-0.138,-0.022,0.207,-0.009,-0.041,-0.108,0.002,-0.123,-0.03,-0.285,0.096
Cpd,0.194,0.036,0.096,0.024,0.328,0.086,0.465,-0.108,0.092,0.206,0.033,-0.014,-0.268
Cpe,0.008,-0.148,0.152,0.017,0.172,-0.027,0.002,-0.183,-0.015,0.094,-0.006,0.102,0.073
Cpeb1,-0.053,0.427,0.334,0.032,0.268,0.213,0.112,0.239,0.066,0.142,0.377,-0.046,0.34
Cpeb2,-0.081,0.168,0.176,0.087,-0.087,-0.1,0.422,-0.094,0.056,0.25,0.111,0.096,-0.253
Cpeb3,-0.172,0.717,0.156,-0.049,-0.224,-0.181,1.251,0.073,0.017,0.146,0.079,0.265,-0.288
Cpeb4,0.381,-2.06,0.07,0.157,-0.073,0.031,0.454,0.146,0.116,0.148,0.106,0.221,0.007
Cplx1,0.232,0.347,0.086,-0.003,-0.056,0.119,-0.082,0.172,0.007,-0.032,-0.021,0.37,0.032
Cplx2,-0.1,0.341,-0.387,0.143,0.034,0.163,0.139,-0.308,0.029,0.155,0.494,0.102,0.18
Cpne2,-0.447,-1.517,-0.368,-0.052,0.285,-0.309,0.176,0.093,-0.082,0.137,0.04,0.104,-0.115
Cpne3,0.05,-0.365,0.018,-0.076,-0.208,-0.086,0.565,-0.156,0.048,0.15,0.031,-0.107,-0.189
Cpne4,-0.03,-0.378,0.255,-0.217,0.171,0.255,,,-0.307,-0.132,-0.094,-0.151,-0.37
Cpne6,0.117,-0.145,0.147,-0.42,-0.473,0.115,0.452,-0.461,0.005,-0.021,0.004,,
Cpne8,-0.169,-0.983,,0.124,1.22,-1.121,-0.072,-0.111,-0.068,0.059,-0.619,-0.327,0.199
Cpox,-0.003,-1.016,-0.003,0.249,-0.02,0.13,0.361,-0.232,-0.115,0.123,-0.031,-0.05,-0.279
Cpped1,0.186,1.081,0.076,-0.018,0.371,0.39,-0.249,-0.396,0.075,0.196,0.031,0.177,-0.105
Cpsf1,0.469,-0.82,0.267,-0.044,-0.075,-0.165,0.04,0.343,0.256,0.211,0.11,0.126,0.026
Cpsf2,0.003,-0.157,-0.005,-0.069,0.064,0.203,0.452,-0.208,0.056,0.152,0.073,0.149,0.201
Cpsf3,0.091,-1.014,0.144,0.067,-0.457,0.262,-0.523,0.211,0.095,0.155,0.086,-0.009,-0.032
Cpsf6,-0.117,-0.228,0.115,0.026,-0.389,0.071,0.118,0.219,-0.008,0.195,0.018,0.079,0.047
Cpsf7,-0.287,-0.833,0.094,-0.025,-0.043,-0.234,0.407,-0.041,0.065,0.12,0.09,0.018,0.029
Cpt1a,-0.008,0.007,0.293,0.119,0.374,0.07,0.209,-0.064,0.169,0.192,0.141,0.383,-0.021
Cpt1c,0.203,-0.092,0.285,0.046,-0.078,0.387,-0.002,0.167,0.035,0.349,-0.02,-0.063,0.1
Cpt2,-0.115,-0.503,0.188,-0.219,0.352,-0.035,-0.516,-0.664,-0.036,0.064,0.155,0.311,-0.247
Cpxm1,-0.279,1.441,0.335,-0.637,-0.059,-0.475,-1.47,,0.201,0.105,-0.197,,
Cr1l,-0.211,0.443,0.061,0.122,-0.188,-0.118,0.231,0.303,-0.073,0.138,-0.108,-0.07,-0.205
Crabp1,0.469,,,-0.248,0.904,-0.249,0.04,-0.443,-0.067,-0.339,0.211,-0.392,-1.103
Cradd,0.174,-0.583,-0.02,0.0,0.018,-0.334,0.153,,0.042,-0.048,0.134,-0.247,-0.128
Cramp1l,-0.111,0.196,0.055,0.087,-0.3,0.045,0.304,0.216,-0.022,0.2,0.05,0.114,0.142
Crat,-0.015,0.378,0.3,-0.126,0.209,0.019,-0.15,-0.254,0.087,0.118,-0.0,0.102,-0.1
Crbn,0.029,-0.196,-0.005,-0.074,0.19,-0.264,-0.061,0.308,-0.046,0.021,0.021,-0.21,-0.168
Crcp,-0.037,-0.046,-0.035,-0.065,-0.209,-0.157,0.078,0.109,0.013,-0.0,0.044,-0.046,-0.238
Creb1,-0.302,-0.115,0.055,-0.051,-0.522,-0.201,0.799,-0.348,-0.024,0.084,0.024,0.05,-0.236
Creb3,-0.072,0.807,0.072,-0.052,0.345,0.065,-0.279,-0.283,-0.212,0.058,-0.254,-0.242,-0.05
Creb3l1,0.162,,,-0.137,0.949,-0.275,-0.245,-0.45,-0.117,-0.023,0.316,,-0.083
Creb3l2,0.13,,0.174,-0.056,-0.372,0.233,0.227,0.056,-0.05,0.283,0.089,-0.038,-0.102
Creb5,-0.334,0.986,-0.36,-0.827,-1.752,-1.101,0.165,0.149,0.067,-0.133,-0.235,-0.267,-0.47
Crebbp,-0.148,-0.482,0.101,-0.054,-0.139,0.03,0.352,0.26,-0.045,0.139,0.045,0.158,-0.109
Crebl2,-0.089,,0.053,-0.016,-0.724,0.083,0.443,-0.01,0.13,0.19,0.189,0.194,
Crebzf,0.125,-0.787,0.131,-0.008,-0.28,-0.196,0.651,-0.19,0.228,0.189,0.045,-0.084,-0.231
Creg1,0.084,-0.999,0.217,-0.162,0.776,0.075,0.077,0.222,-0.277,0.005,-0.246,-0.685,-0.268
Creg2,0.006,0.232,0.031,0.111,0.14,0.545,0.215,-0.232,-0.037,0.178,0.247,0.536,-0.151
Creld1,-0.039,0.298,0.182,0.101,0.412,0.023,0.235,0.353,-0.031,0.184,0.137,0.203,-0.183
Creld2,-0.068,-0.957,0.009,-0.024,-0.529,-0.306,0.038,0.784,-0.174,0.07,-0.161,-0.184,-0.146
Crem,-0.158,0.422,-0.155,-0.131,-0.191,-0.228,-0.182,-0.114,-0.074,-0.144,-0.221,-0.258,-0.009
Crim1,0.649,0.631,0.077,-0.248,-0.802,-0.093,-0.65,,0.241,0.266,-0.263,,-0.04
Crip1,0.411,0.433,-0.144,0.063,0.882,0.155,-0.153,-0.142,0.022,-0.154,-0.096,-0.419,-0.099
Crip2,0.164,-0.151,-0.258,0.005,0.861,0.161,0.141,-0.028,-0.024,-0.024,-0.08,-0.063,-0.026
Cript,-0.018,-0.227,-0.104,-0.031,0.298,-0.177,0.144,-0.053,-0.02,-0.093,0.025,-0.207,-0.006
Crk,-0.038,0.318,0.041,0.038,-0.049,-0.08,0.19,-0.338,-0.031,0.119,0.09,0.237,-0.115
Crkl,0.091,,0.068,0.08,-0.241,0.296,0.606,-1.22,0.082,0.084,0.132,0.095,
Crlf3,-0.016,1.457,0.003,-0.086,-0.29,0.094,0.368,-0.03,0.02,0.01,-0.06,0.047,-0.009
Crls1,-0.22,0.343,0.012,-0.049,-0.06,0.186,0.15,-0.506,0.081,-0.021,-0.053,0.269,-0.159
Crmp1,-0.13,0.492,0.054,-0.004,0.003,0.035,0.215,0.145,0.027,0.186,0.018,0.243,-0.024
Crnkl1,0.211,-1.951,0.147,0.353,-0.096,-0.173,0.554,-0.054,-0.055,-0.001,-0.199,-0.182,0.306
Crot,0.216,0.344,0.226,-0.096,-0.408,0.087,-0.814,-0.616,-0.034,0.049,-0.024,-0.186,-0.367
Crtac1,-0.228,0.107,0.29,-0.169,-0.423,0.14,0.185,0.137,-0.081,-0.049,-0.284,0.104,0.149
Crtap,-0.139,-0.758,0.091,-0.177,-0.597,-0.033,0.516,,0.001,0.007,-0.259,-0.216,0.11
Crtc1,0.054,-0.27,0.084,0.036,0.083,0.202,-0.2,-0.334,0.009,0.165,0.23,0.199,-0.052
Crtc2,0.297,0.128,0.172,0.226,1.168,-0.27,0.06,0.27,-0.024,0.105,-0.043,-0.087,-0.567
Crtc3,0.076,0.907,-0.029,-0.059,-0.039,0.104,0.123,0.116,-0.098,0.11,-0.024,0.11,0.156
Cry1,0.291,-2.396,0.02,-0.089,-0.16,-0.048,-1.194,,-0.263,0.228,0.09,-0.081,-0.354
Cry2,-0.046,0.538,0.08,-0.101,-0.252,0.114,0.141,0.062,0.047,0.178,0.015,0.303,0.159
Cryab,0.532,-0.467,-0.159,-0.228,-0.589,-1.019,-0.802,-1.433,-0.437,-0.142,0.223,-0.517,-0.258
Cryl1,0.281,-1.318,-0.19,-0.03,0.651,0.028,-0.109,,-0.041,0.004,0.23,0.274,0.395
Cryz,-0.081,-0.644,-0.115,-0.124,-1.028,0.126,0.265,,0.114,-0.073,-0.212,0.658,0.244
Cryzl1,-0.11,-0.067,-0.079,0.056,-0.518,-0.062,0.444,0.025,-0.066,-0.039,-0.153,-0.137,-0.1
Cs,0.07,0.078,0.106,-0.006,0.355,0.021,-0.086,-0.43,-0.007,0.138,0.011,0.085,0.059
Csad,-0.56,0.266,-0.024,-0.247,-0.168,-0.019,-0.583,-0.118,-0.011,-0.023,0.155,0.021,-0.289
Csdc2,0.288,0.589,-0.007,0.014,0.364,0.304,0.086,-0.319,-0.079,0.144,0.319,0.238,-0.118
Csde1,0.091,0.193,0.026,0.011,-0.404,0.024,0.105,0.079,0.015,0.095,0.033,0.084,-0.096
Cse1l,-0.133,-0.35,0.004,-0.027,-0.416,-0.008,0.165,0.133,0.129,0.205,0.126,0.139,0.01
Csf1,0.518,-0.45,0.039,0.314,-0.312,0.53,-0.256,0.649,0.093,0.257,-0.5,0.389,
Csf2ra,0.041,0.019,-0.019,-0.164,-0.3,-0.14,0.609,-0.137,-0.061,-0.049,-0.031,0.147,-0.021
Csgalnact2,0.315,-2.029,0.09,-0.175,0.057,-0.158,0.402,-0.15,-0.022,0.078,0.225,-0.062,0.166
Csk,0.158,-0.104,0.063,0.086,0.321,0.228,-0.04,-0.238,-0.028,0.113,0.071,0.052,-0.122
Csmd1,-0.021,-0.402,0.155,,-1.462,-0.522,,-0.483,0.156,-0.065,0.625,0.12,
Csnk1a1,0.122,0.045,0.021,-0.039,-0.238,-0.002,0.342,-0.058,0.019,0.029,0.024,-0.055,0.001
Csnk1d,0.162,-0.007,0.161,0.022,-0.072,0.118,-0.147,-0.006,0.06,0.089,0.115,0.274,-0.051
Csnk1e,0.058,-0.325,0.027,-0.067,-0.05,0.056,0.417,0.204,-0.015,0.021,0.017,0.014,-0.168
Csnk1g1,-0.424,1.035,0.107,0.003,-0.002,0.209,0.257,0.093,-0.012,0.087,-0.003,-0.042,0.075
Csnk1g2,-0.058,0.009,0.114,0.011,0.103,0.268,0.012,-0.006,0.083,0.075,0.013,0.171,0.007
Csnk1g3,-0.003,0.004,-0.072,-0.005,0.104,0.16,0.282,-0.04,0.088,0.047,0.05,0.178,0.02
Csnk2a1,0.207,0.029,0.028,0.014,-0.152,-0.061,-0.033,-0.001,0.098,-0.025,0.075,0.014,-0.075
Csnk2a2,0.009,-0.175,-0.048,-0.021,0.1,0.042,0.379,0.065,0.095,-0.002,0.077,-0.003,0.191
Csnk2b,-0.064,0.044,-0.134,-0.037,-0.001,-0.012,0.194,-0.046,-0.014,-0.083,-0.12,-0.111,0.155
Cspp1,-0.053,-0.274,0.158,0.028,-0.576,-0.038,0.631,0.125,-0.11,0.147,0.024,-0.03,-0.088
Csrnp2,0.239,0.965,0.078,-0.05,0.088,0.049,0.116,,0.086,0.207,0.064,0.283,0.446
Csrnp3,0.133,0.212,0.089,0.044,-0.21,0.127,0.984,0.221,0.058,0.178,0.135,0.009,0.058
Csrp1,-0.305,-0.183,-0.18,0.022,0.478,0.159,-0.002,-0.137,0.015,0.0,-0.054,-0.202,-0.247
Csrp2,-0.005,-0.097,-0.214,-0.113,-0.373,-0.188,-0.251,-0.328,-0.058,-0.112,-0.116,0.404,-0.081
Cst3,0.042,-0.12,-0.008,-0.065,0.511,0.044,-0.27,-0.018,-0.145,0.009,-0.017,-0.235,-0.007
Cst6,-0.034,0.041,-0.002,0.035,0.461,-0.159,-0.197,0.104,0.035,-0.081,-0.078,-0.232,0.179
Cstb,-0.127,0.506,-0.205,-0.009,-0.017,-0.185,-0.448,0.068,-0.008,-0.11,-0.135,-0.259,0.114
Cstf1,-0.021,-0.36,-0.001,0.108,-0.245,0.762,0.089,,0.14,0.019,-0.283,0.116,-0.085
Cstf2,0.036,-0.076,0.079,-0.093,-0.129,0.055,0.251,0.194,-0.06,0.095,0.102,0.058,-0.017
Cstf2t,0.119,-0.498,0.071,0.047,0.042,-0.07,0.174,,0.056,0.138,-0.085,0.36,0.055
Cstf3,0.04,-0.112,-0.057,-0.011,-0.354,0.107,-0.147,0.311,-0.015,0.045,0.134,-0.06,-0.318
Ctbp1,0.003,-0.043,0.04,-0.017,-0.162,0.013,0.208,0.108,0.021,0.073,0.018,0.228,-0.106
Ctbs,0.246,0.037,0.087,-0.856,0.593,-0.054,-0.441,,0.076,0.103,0.724,-0.284,
Ctcf,0.009,-0.321,-0.195,0.048,-0.393,0.054,0.348,-0.052,-0.084,-0.001,0.026,0.002,-0.048
Ctdnep1,0.388,0.239,-0.019,0.112,-0.237,0.066,0.214,-0.105,0.108,0.149,0.022,0.307,-0.059
Ctdsp2,-0.193,-0.279,-0.143,0.019,-0.492,-0.088,-0.518,0.366,-0.055,0.055,0.001,0.14,0.069
Ctdspl2,-0.331,-1.581,-0.002,-0.124,-0.208,-0.243,-0.243,0.234,-0.158,-0.009,0.085,-0.111,-0.133
Cthrc1,0.069,0.06,0.32,-0.241,-0.036,-0.145,,,0.18,0.267,0.5,-0.201,-1.361
Ctif,-0.014,-0.15,0.152,-0.032,0.116,0.227,0.318,0.398,0.049,0.189,0.127,-0.023,0.258
Ctnna1,0.108,-0.415,-0.201,-0.13,-0.755,0.777,-0.376,-0.87,-0.131,-0.005,0.322,0.51,-0.033
Ctnna2,-0.008,-0.077,0.138,0.075,0.54,0.384,0.512,0.283,-0.088,0.176,0.261,-0.018,0.119
Ctnnal1,0.152,0.121,-0.015,0.22,-0.119,-0.468,0.067,0.701,-0.113,-0.068,0.424,0.298,0.328
Ctnnb1,-0.087,-0.286,-0.088,-0.039,-0.222,0.031,-0.029,0.049,0.044,0.163,0.097,0.202,0.07
Ctnnbip1,0.14,-0.185,-0.14,0.03,0.288,0.018,0.46,0.119,-0.003,-0.092,-0.009,-0.22,-0.045
Ctnnbl1,0.023,0.094,0.206,-0.025,-0.051,-0.17,-0.027,-0.692,0.028,0.09,-0.019,-0.436,0.022
Ctnnd1,-0.599,-0.593,0.038,0.106,-0.077,0.074,0.328,-0.161,0.112,0.237,0.062,0.202,-0.064
Ctnnd2,0.239,-0.394,0.103,0.121,0.401,0.151,0.444,0.104,0.053,0.177,0.385,0.295,-0.2
Ctns,-0.185,-0.292,0.067,0.149,0.322,-0.098,-0.854,,-0.092,0.118,0.159,0.023,-0.836
Ctps,-0.077,-0.268,-0.006,-0.035,0.048,-0.278,-0.23,-0.033,-0.106,0.168,-0.008,0.043,0.114
Ctps2,-0.06,-0.974,0.044,0.015,0.076,-0.007,-0.301,0.383,0.117,0.123,-0.055,0.104,0.223
Ctr9,0.067,0.115,0.021,-0.065,0.119,-0.091,0.32,0.339,0.041,0.081,0.211,-0.013,-0.112
Ctsa,-0.214,0.761,0.234,0.042,0.243,0.083,0.172,0.186,-0.08,0.266,-0.161,-0.005,-0.189
Ctsb,0.043,-0.14,0.366,-0.057,0.516,0.03,0.083,-0.06,-0.048,0.187,0.065,0.099,0.091
Ctsd,0.128,0.097,0.31,0.006,0.029,0.027,0.017,-0.08,0.038,0.42,0.009,0.151,-0.053
Ctsf,-0.138,0.778,0.304,-0.042,0.179,0.001,0.03,-0.418,-0.128,0.108,-0.165,-0.002,0.08
Ctsl,-0.034,-0.187,0.051,-0.04,0.456,0.054,0.04,-0.653,-0.06,0.051,-0.252,0.05,0.023
Ctso,-0.721,-0.382,-0.19,-0.051,0.541,0.708,-1.05,-0.415,-0.119,-0.065,-0.218,0.197,-0.103
Ctsz,0.002,-0.296,0.023,-0.034,-0.292,-0.22,-0.271,0.105,-0.019,0.009,-0.228,0.152,-0.121
Cttn,-0.098,0.02,0.084,0.061,-0.288,0.162,-0.317,-0.291,-0.045,0.121,0.048,0.11,-0.056
Cttnbp2,-0.366,0.252,0.012,0.187,0.01,-0.08,1.13,0.077,-0.081,0.248,0.228,0.19,0.04
Cttnbp2nl,0.014,0.993,-0.028,0.113,-0.234,0.319,-0.225,0.172,0.122,0.171,-0.175,-0.083,-0.376
Ctu2,-0.004,1.026,0.068,0.099,-0.076,-0.051,0.014,0.249,-0.105,0.051,-0.259,-0.149,-0.01
Ctxn1,-0.845,,-0.122,0.043,0.206,0.127,0.227,0.341,0.004,-0.103,0.112,-0.014,0.093
Ctxn2,0.71,1.231,-0.466,0.127,0.555,0.006,0.239,0.083,0.048,-0.121,0.465,,
Cuedc1,0.327,0.314,-0.016,0.085,-0.361,-0.069,0.13,0.131,0.045,0.111,-0.012,0.147,0.042
Cuedc2,-0.029,0.345,-0.151,0.006,0.165,-0.143,-0.044,0.089,-0.127,-0.027,-0.089,-0.351,-0.054
Cul1,0.003,-0.401,0.094,0.034,-0.123,0.126,0.1,0.032,-0.082,0.07,-0.01,0.049,-0.146
Cul2,-0.065,0.078,0.172,0.152,0.228,0.162,0.305,0.261,0.157,0.15,0.053,-0.08,0.233
Cul3,-0.203,-0.509,0.046,-0.05,0.048,0.055,0.23,0.539,0.111,0.006,-0.086,0.001,0.241
Cul4a,-0.068,-0.083,0.158,0.028,0.011,-0.101,0.188,0.1,0.123,0.227,0.09,0.085,0.195
Cul4b,0.05,0.0,0.091,0.094,-0.06,-0.374,0.601,-0.984,-0.064,0.051,0.087,-0.085,0.178
Cul5,-0.059,-0.287,0.026,-0.023,-0.175,-0.232,-0.091,-0.186,0.017,0.005,0.038,-0.078,-0.045
Cul7,-0.051,-0.304,0.008,0.009,-0.202,0.121,-0.098,0.094,-0.019,0.342,-0.115,0.085,-0.072
Cuta,-0.005,-0.315,-0.081,-0.023,0.323,-0.048,0.043,-0.163,-0.037,-0.087,-0.177,-0.124,0.083
Cutc,0.162,-1.692,-0.132,0.074,-0.645,-0.129,,,0.214,-0.054,-0.603,,0.171
Cux1,0.077,-0.078,-0.022,-0.026,-0.821,0.073,-0.11,-0.096,-0.01,0.052,-0.035,-0.12,-0.134
Cwc15,-0.095,0.432,-0.151,0.03,0.091,-0.02,0.049,-0.437,-0.065,-0.085,-0.109,-0.176,-0.037
Cwc22,0.24,0.233,0.208,0.058,-0.368,-0.325,-0.942,-1.183,0.226,0.077,0.122,-0.134,-0.389
Cwc25,0.044,0.471,-0.14,-0.192,0.121,0.063,0.398,0.141,-0.053,0.025,-0.127,-0.142,-0.083
Cwc27,-0.318,-0.81,0.093,0.02,0.039,-0.09,0.412,-0.592,0.046,-0.035,-0.064,0.068,0.063
Cwf19l1,-0.184,0.232,0.205,-0.072,-0.899,-0.213,,,-0.051,-0.014,0.164,0.075,0.251
Cwf19l2,0.17,-0.629,0.038,-0.011,0.167,-0.276,-0.161,0.324,-0.017,-0.078,0.149,-0.139,0.008
Cxadr,-0.303,0.207,-0.019,0.005,-0.384,0.276,,,0.089,0.293,-0.166,0.303,-0.03
Cxxc1,-0.149,0.488,0.014,-0.112,-0.02,-0.015,0.135,-0.116,-0.034,-0.044,-0.142,0.115,-0.094
Cxxc4,0.193,-1.428,-0.073,0.001,-0.033,0.016,0.78,0.263,-0.023,0.015,0.123,0.207,-0.067
Cxxc5,0.138,0.426,-0.149,0.021,-0.711,0.063,0.224,0.348,0.003,0.016,-0.154,0.101,-0.337
Cyb561,0.076,0.497,0.231,0.08,0.182,0.152,0.163,0.129,0.228,0.275,0.096,,0.745
Cyb561d1,-0.067,0.362,0.156,0.232,-0.304,0.258,0.298,1.009,-0.004,0.01,-0.204,-0.159,-0.606
Cyb561d2,0.147,-0.621,0.024,-0.072,0.518,0.091,0.251,-0.223,-0.065,0.008,0.024,-0.456,-0.154
Cyb5b,0.095,0.06,0.067,0.067,0.102,0.203,0.018,0.148,0.08,0.158,0.035,0.202,0.015
Cyb5d2,-0.015,0.417,0.124,0.109,0.069,0.059,0.17,-0.165,-0.005,0.07,-0.054,-0.033,0.075
Cyb5r1,-0.036,0.273,-0.003,-0.164,0.741,0.252,0.055,-0.359,0.013,0.068,0.004,-0.018,0.211
Cyb5r3,-0.089,0.084,0.015,-0.04,0.231,0.213,-0.128,-0.237,-0.04,0.082,-0.017,0.05,-0.003
Cyb5r4,-0.006,0.156,0.024,0.064,-0.462,0.129,0.641,0.087,0.041,-0.009,-0.098,0.061,-0.064
Cyc1,-0.029,-0.217,-0.04,-0.037,0.23,-0.151,-0.051,-0.068,-0.018,-0.067,-0.089,-0.297,0.06
Cycs,-0.03,0.288,-0.177,-0.037,0.228,0.047,-0.175,-0.137,-0.023,-0.136,-0.117,-0.336,-0.043
Cyfip1,0.22,0.598,-0.088,0.063,-0.127,0.005,-0.308,0.088,0.022,0.057,0.153,-0.157,0.028
Cyfip2,-0.029,0.035,0.146,-0.025,0.178,0.097,0.418,0.275,0.058,0.193,0.073,0.244,-0.12
Cygb,0.273,0.092,-0.134,0.124,0.559,0.005,0.107,0.165,0.022,0.006,0.156,0.023,-0.151
Cyhr1,0.096,-0.18,0.045,-0.011,0.203,0.148,0.308,0.063,-0.07,0.02,-0.056,0.026,0.167
Cyld,0.287,0.68,-0.021,0.113,-0.116,0.086,0.024,-0.151,0.085,0.122,0.145,0.016,-0.223
Cyp20a1,0.028,,0.093,0.041,-0.099,0.058,0.031,-0.133,-0.051,-0.025,0.202,0.161,-0.183
Cyp2j6,0.496,-0.601,-0.063,-0.238,0.038,-0.001,-0.516,-0.691,-0.186,0.158,0.346,-0.492,-0.023
Cyp2s1,-0.188,-0.419,0.496,0.044,0.195,0.098,0.241,-0.492,0.085,0.374,-0.468,,
Cyp2u1,-0.014,,0.228,-0.102,-0.449,0.109,0.187,,-0.228,0.101,0.18,0.067,0.22
Cyp46a1,0.456,-1.431,0.303,0.059,0.235,0.816,-0.435,-0.266,-0.262,0.167,0.272,,-0.182
Cyp4f13,0.235,-0.035,0.267,-0.091,1.386,-0.225,0.127,0.321,0.312,0.171,0.053,-0.018,-0.036
Cyp4f16,0.195,0.371,0.164,0.034,0.372,-0.318,0.464,-0.092,-0.199,0.009,-0.16,-0.303,-0.466
Cyp4x1,0.144,,0.198,0.118,0.648,0.613,0.53,-0.051,0.097,0.086,0.03,0.269,0.401
Cyp51,0.315,0.039,0.012,0.075,0.152,0.022,0.139,0.055,0.054,0.162,0.027,-0.015,-0.105
Cys1,-0.01,-1.011,0.012,,-0.448,1.545,-0.25,-0.381,0.177,-0.184,0.039,,
Cyth1,-0.136,0.437,0.147,0.118,-0.348,0.148,-0.029,0.359,-0.084,0.06,0.167,0.181,-0.303
Cyth2,-0.354,0.174,-0.168,0.003,-0.005,0.025,0.206,-0.031,-0.051,-0.042,-0.114,-0.187,-0.054
Cyth3,0.102,0.882,0.071,0.029,-0.247,0.048,0.645,-0.112,0.05,0.068,-0.085,0.022,-0.092
D030056L22Rik,0.036,0.097,-0.168,-0.047,-0.312,-0.146,0.229,-0.389,-0.034,-0.058,0.063,0.11,-0.107
D10Wsu102e,0.134,0.538,0.17,0.019,0.096,0.316,0.174,0.225,0.001,0.011,0.001,-0.032,-0.248
D11Wsu47e,-0.354,-0.006,-0.077,-0.159,-0.525,0.343,-0.691,,-0.218,0.058,-0.165,0.266,0.221
D130017N08Rik,0.72,-2.419,0.091,0.016,0.056,0.143,-0.225,0.257,0.004,-0.038,0.053,-0.09,-0.17
D130043K22Rik,0.274,-0.374,0.144,-0.125,1.015,0.704,-0.479,0.069,0.149,0.277,0.424,0.136,
D1Ertd622e,-0.332,-0.135,0.088,-0.062,-0.102,-0.209,,-0.203,-0.086,0.034,0.041,-0.025,0.109
D230025D16Rik,0.073,,0.056,0.184,-0.763,-0.096,-0.513,0.216,0.093,0.156,-0.107,0.134,0.124
D2hgdh,0.239,-2.394,0.003,-0.031,0.442,0.374,-1.376,-0.909,0.016,0.356,0.476,0.39,-0.419
D3Ertd751e,-0.408,-1.126,0.096,0.31,-0.612,-1.145,,,0.09,0.008,0.176,0.101,
D430041D05Rik,0.039,0.637,0.18,0.224,0.208,0.236,0.571,0.229,-0.006,0.219,-0.088,,
D5Ertd579e,0.239,-0.432,0.171,0.057,0.225,0.006,0.538,0.142,0.133,0.193,0.096,0.084,-0.002
D630045J12Rik,0.357,-0.295,0.223,0.018,-0.307,0.318,0.563,-0.489,0.016,0.171,0.082,0.11,0.196
D6Wsu163e,-0.146,0.445,0.094,0.19,-0.228,-0.128,-0.096,,-0.092,0.167,-0.102,0.0,0.198
D8Ertd738e,0.039,-0.138,-0.128,-0.006,0.102,0.003,-0.089,-0.124,0.056,-0.084,0.038,-0.269,-0.044
D930016D06Rik,0.168,-0.174,0.251,-0.126,-0.264,-0.287,,-0.209,-0.006,0.333,0.007,0.143,0.085
Daam1,-0.114,-0.313,0.015,0.281,0.202,0.065,0.44,-0.043,0.02,0.149,0.059,-0.117,0.16
Dab2ip,-0.106,-0.285,0.039,0.11,0.316,0.041,0.493,0.054,0.126,0.088,-0.017,0.109,-0.243
Dact3,-0.036,0.629,0.135,0.17,-0.106,0.152,0.371,0.174,0.055,0.128,-0.036,0.134,-0.018
Dad1,0.004,-0.154,0.059,0.07,0.488,0.191,0.034,0.173,-0.102,0.002,0.107,-0.129,0.029
Dag1,0.344,0.478,-0.005,0.136,-0.076,-0.069,0.221,-0.434,-0.036,0.177,0.144,0.292,-0.3
Daglb,0.336,0.593,0.284,0.148,0.755,-0.455,0.395,-0.19,0.052,0.376,-0.135,-0.162,-0.328
Dalrd3,0.055,0.263,0.064,0.02,-0.447,0.097,0.0,0.122,-0.085,0.101,-0.117,-0.029,0.149
Dand5,-0.3,-1.472,-0.155,-0.019,0.348,-0.467,0.257,-0.319,-0.022,-0.213,-0.145,-0.272,0.011
Dap,0.006,0.633,-0.099,0.193,-0.538,-0.096,-0.051,0.092,-0.151,-0.032,-0.018,0.332,0.087
Dap3,-0.16,-0.006,-0.04,0.025,0.337,-0.14,0.054,-0.132,-0.064,-0.003,-0.222,-0.062,0.144
Dapk1,-0.294,0.543,-0.118,0.048,-0.062,0.079,0.322,0.233,0.031,0.088,0.147,0.134,-0.523
Dapk3,-0.238,0.039,-0.098,-0.024,0.51,0.029,-0.107,0.422,-0.112,0.036,-0.196,0.024,-0.067
Dars,-0.026,-0.35,0.034,0.014,-0.148,0.089,0.106,0.027,-0.053,0.158,0.036,0.006,0.131
Dars2,-0.033,0.673,0.221,-0.316,0.723,0.049,-0.88,,-0.191,0.06,0.158,-0.18,-0.058
Daxx,0.001,-0.288,-0.092,-0.2,0.17,-0.107,-0.004,-1.125,-0.026,0.078,-0.044,0.165,0.057
Dazap1,-0.152,0.097,-0.052,-0.064,-0.237,-0.101,-0.043,-0.202,-0.032,0.017,-0.154,0.034,-0.066
Dazap2,0.003,-0.56,-0.057,-0.172,-0.46,-0.063,-0.19,0.023,0.121,0.108,-0.052,0.211,-0.216
Dbi,0.199,-0.323,-0.176,-0.124,-0.074,-0.109,-0.449,-0.499,-0.202,-0.12,0.03,-0.254,-0.149
Dbn1,0.154,0.139,0.138,-0.02,-0.21,0.015,0.17,0.308,-0.037,0.161,-0.031,0.141,0.002
Dbndd1,-0.326,-0.142,-0.1,0.052,-0.035,-0.054,-0.19,0.25,0.101,0.024,0.043,-0.033,0.295
Dbndd2,-0.018,-0.424,-0.165,0.058,0.688,-0.165,-0.251,-0.182,0.032,-0.182,-0.039,-0.143,-0.147
Dbnl,-0.064,0.091,-0.05,0.002,0.024,0.054,0.074,0.212,-0.014,0.001,-0.036,-0.055,0.043
Dbp,0.403,,-0.222,-0.031,-0.334,-0.308,0.517,-0.743,-0.181,-0.006,0.227,0.506,0.068
Dbpht2,-0.307,0.59,-0.403,0.391,-1.003,0.102,0.661,0.27,-0.285,0.063,0.149,,
Dbr1,0.033,,0.012,-0.058,-0.329,-0.401,-1.073,,-0.294,0.114,-0.273,-0.026,-0.524
Dbt,0.115,-0.255,0.064,0.032,-0.469,-0.058,-0.29,,0.008,-0.129,0.072,0.639,-0.526
Dcaf10,0.21,-1.774,0.126,-0.036,0.25,0.177,0.315,0.401,0.024,0.013,0.118,-0.031,-0.101
Dcaf11,0.172,0.464,0.147,-0.072,-0.029,-0.053,-0.094,-0.343,-0.059,0.069,-0.06,0.09,-0.238
Dcaf12,0.071,-0.09,0.026,-0.041,0.237,0.115,-0.157,-0.049,-0.012,0.077,0.082,0.197,-0.011
Dcaf12l1,-0.466,0.162,-0.198,-0.096,-0.082,-0.092,0.725,,0.227,0.016,0.111,0.183,0.244
Dcaf13,0.017,0.709,0.003,0.097,-0.064,-0.067,-0.082,0.445,-0.063,0.13,-0.241,-0.014,-0.005
Dcaf15,-0.245,0.278,0.089,0.209,0.036,-0.061,0.507,-0.427,0.015,0.254,-0.098,0.056,0.0
Dcaf17,0.218,0.076,0.132,-0.017,0.38,0.118,0.517,0.105,0.064,0.154,0.062,0.074,-0.213
Dcaf4,0.22,-0.063,-0.103,-0.165,0.09,-0.124,-0.036,-0.163,0.115,-0.147,0.208,-0.029,-0.928
Dcaf5,0.211,0.409,0.13,0.073,-0.034,-0.113,0.634,0.274,0.011,0.184,0.196,0.356,-0.396
Dcaf6,0.257,-0.372,0.078,0.006,-0.468,-0.078,-0.054,-0.435,0.121,0.125,0.164,-0.096,0.055
Dcaf7,0.175,0.135,-0.027,0.005,-0.059,0.136,0.251,0.118,0.108,0.151,0.067,0.229,-0.006
Dcaf8,-0.009,0.521,0.084,-0.046,-0.098,0.129,0.163,0.025,0.071,0.141,0.022,0.08,0.028
Dcakd,0.37,0.45,-0.021,-0.076,0.022,0.052,-0.105,-0.069,-0.064,-0.042,-0.04,0.059,-0.235
Dcbld1,0.062,-0.012,-0.124,-0.054,-0.469,-0.087,,,-0.161,-0.091,0.024,0.248,
Dcbld2,-0.076,-0.43,0.118,-0.137,-0.249,-0.017,0.063,-0.245,0.214,0.347,0.225,0.379,-0.753
Dck,0.309,0.152,0.025,0.096,-0.268,-0.112,-0.03,-0.285,0.006,0.0,-0.089,0.077,0.105
Dclk1,-0.097,0.196,0.122,0.104,-0.043,0.096,0.456,0.191,0.097,0.174,0.171,0.226,0.105
Dclk2,-0.307,-0.17,0.137,0.099,0.131,-0.001,0.435,0.221,0.038,0.17,0.078,0.111,-0.028
Dclk3,-0.061,0.268,-0.48,0.243,0.201,0.388,,,-0.017,0.185,0.095,0.175,-0.413
Dclre1c,0.55,-2.074,0.245,,1.064,0.319,,0.543,0.006,0.388,0.188,-0.06,
Dcn,-3.577,-3.464,-0.083,-0.643,-0.9,-2.325,-0.848,-2.364,-0.165,,-0.158,,
Dcp1b,0.617,-2.169,0.138,0.117,-0.019,0.252,-0.657,0.456,-0.079,-0.029,-0.237,0.093,-0.166
Dcp2,-0.153,0.599,0.192,-0.022,-0.415,0.196,0.019,0.001,0.071,0.106,0.065,0.203,-0.063
Dcps,0.113,-0.748,-0.075,-0.099,-0.181,0.112,0.286,-0.287,-0.095,-0.148,-0.188,-0.111,0.011
Dctn1,0.02,-0.292,0.102,0.013,0.126,-0.03,0.021,0.219,0.045,0.149,0.075,-0.011,0.038
Dctn2,-0.043,-0.394,-0.138,0.002,0.133,0.053,-0.029,0.005,-0.091,0.022,-0.078,-0.316,-0.02
Dctn3,-0.006,0.363,-0.158,0.02,0.101,-0.018,0.018,0.152,-0.055,-0.095,-0.121,-0.294,0.066
Dctn4,-0.023,0.041,0.044,0.008,-0.12,0.122,-0.004,-0.03,-0.03,0.01,0.074,0.06,0.061
Dctn5,-0.046,0.543,-0.039,-0.084,0.23,0.332,-0.103,0.065,-0.061,-0.009,0.05,0.031,-0.223
Dctn6,0.021,0.108,-0.114,-0.021,0.153,0.084,0.136,0.084,-0.004,-0.101,-0.009,-0.021,0.091
Dctpp1,-0.137,0.043,-0.134,-0.007,-0.453,-0.013,-0.199,0.713,-0.022,-0.081,-0.126,-0.361,-0.018
Dcun1d1,-0.127,0.093,-0.004,-0.078,-0.281,-0.247,-0.254,-0.236,-0.08,-0.025,-0.058,-0.054,-0.163
Dcun1d2,0.015,0.416,0.144,0.119,-0.037,0.044,0.124,0.124,0.129,0.101,0.014,0.107,-0.115
Dcun1d3,0.143,-0.01,0.071,0.134,0.08,-0.129,-0.037,-0.409,0.058,0.248,-0.069,0.158,0.166
Dcun1d4,0.127,-0.605,0.192,0.038,0.811,0.024,0.161,-0.245,-0.007,0.113,0.085,0.257,0.476
Dcun1d5,-0.076,0.619,-0.062,-0.034,-0.064,0.016,0.045,0.121,-0.05,-0.036,-0.113,-0.233,-0.095
Dcxr,0.106,0.157,-0.104,0.051,0.852,0.415,-0.647,,-0.24,0.111,-0.2,,-0.057
Dda1,0.073,-0.266,-0.125,-0.001,0.383,-0.033,0.064,0.268,0.06,-0.04,-0.047,-0.081,-0.052
Ddah1,-0.513,-0.204,-0.039,0.004,1.257,0.068,0.23,-0.679,-0.058,-0.261,-0.31,0.606,0.384
Ddah2,-0.334,-0.235,-0.299,-0.004,-0.017,-0.029,-0.132,-0.018,-0.15,-0.058,-0.134,-0.219,-0.116
Ddb1,0.051,0.004,0.14,0.03,0.137,0.091,-0.154,-0.11,0.054,0.273,0.085,0.321,0.075
Ddc,-0.107,-1.316,-0.479,0.036,0.086,0.035,0.162,-0.08,-0.475,0.344,0.517,,-1.271
Ddhd1,0.445,0.309,-0.018,0.01,-0.148,0.241,0.063,0.075,0.082,0.182,0.076,0.313,-0.873
Ddhd2,0.084,-0.637,-0.008,0.101,-0.12,-0.177,0.302,0.037,0.125,0.021,0.129,0.114,0.162
Ddi2,-0.461,,0.184,0.027,0.072,-0.069,0.28,-0.129,-0.013,0.272,0.209,0.108,0.142
Ddit3,-0.202,-0.043,-0.108,-0.091,-0.593,-0.234,-0.296,-0.127,-0.214,-0.095,-0.141,-0.203,0.369
Ddost,0.166,0.73,0.084,-0.011,-0.073,0.102,0.063,0.202,-0.056,0.055,-0.071,-0.073,-0.022
Ddr1,0.235,0.399,0.284,0.106,0.405,0.233,0.796,0.454,0.016,0.253,0.174,0.187,-0.281
Ddrgk1,-0.127,-0.029,-0.009,-0.141,-0.039,-0.024,0.023,-0.068,-0.06,0.007,-0.163,-0.3,-0.038
Ddt,0.115,-0.815,-0.214,-0.034,0.857,0.114,0.056,0.16,-0.057,-0.115,-0.16,-0.664,0.077
Ddx1,-0.005,-0.062,-0.041,-0.059,0.077,0.147,0.197,-0.347,0.003,-0.002,0.065,-0.236,-0.023
Ddx10,0.019,-0.747,0.037,0.031,-0.089,-0.116,-0.146,-0.253,0.091,0.025,-0.063,-0.063,0.231
Ddx17,-0.015,-0.024,0.114,0.096,-0.183,-0.038,0.192,0.124,0.0,0.256,0.086,0.182,0.016
Ddx18,0.074,1.423,-0.107,0.069,-0.357,-0.018,-0.054,-0.056,-0.05,0.015,-0.039,-0.254,-0.086
Ddx19a,0.416,0.407,0.011,0.049,-0.325,-0.254,-0.983,-0.463,0.091,0.099,-0.154,0.17,0.043
Ddx19b,-0.02,-1.071,0.194,-0.074,0.027,0.484,-1.363,-0.499,0.157,0.25,0.101,0.139,-0.595
Ddx20,-0.622,-0.718,-0.062,-0.006,-0.247,-0.325,,,-0.617,0.218,0.033,0.206,-0.009
Ddx21,-0.126,-0.272,-0.072,-0.216,-0.467,-0.08,-0.285,0.246,-0.097,-0.003,-0.1,-0.182,-0.182
Ddx24,0.06,0.02,-0.051,-0.016,0.03,-0.039,0.225,-0.027,-0.018,0.019,0.04,-0.08,0.079
Ddx25,0.163,-0.159,0.046,-0.028,0.523,-0.011,-0.125,0.281,0.016,-0.007,-0.14,-0.115,-0.14
Ddx27,0.135,0.075,-0.034,-0.066,-0.196,-0.257,0.026,-0.089,-0.145,-0.087,0.177,-0.123,-0.164
Ddx28,-0.503,-0.611,0.023,-0.012,0.549,-0.088,-0.038,,-0.044,0.046,-0.107,-0.065,-0.018
Ddx31,0.671,-1.476,0.092,-0.316,0.076,0.142,0.124,0.142,0.172,0.21,0.136,0.132,
Ddx39,0.359,-0.815,-0.007,0.026,-0.538,0.085,,-0.473,-0.26,-0.083,-0.326,-0.169,-0.273
Ddx39b,-0.1,-0.159,-0.008,0.042,-0.261,-0.054,-0.146,0.056,0.036,0.053,-0.204,0.102,-0.097
Ddx3x,-0.103,-0.312,0.094,-0.047,-0.176,-0.019,-0.025,0.144,0.027,0.202,0.056,0.306,-0.021
Ddx3y,0.031,-0.576,-0.072,0.04,0.007,-0.172,0.153,0.234,0.145,0.049,0.112,0.067,0.094
Ddx41,0.27,0.105,0.032,-0.064,-0.974,-0.189,-0.396,-0.047,0.055,-0.125,-0.183,-0.097,0.225
Ddx42,-0.147,-0.059,-0.107,-0.106,-0.31,0.046,0.456,-0.013,0.092,-0.037,-0.012,-0.008,-0.138
Ddx46,-0.237,-0.076,-0.11,0.06,-0.561,-0.068,0.493,-0.05,0.025,0.024,0.026,-0.039,-0.082
Ddx47,-0.059,0.153,-0.051,-0.05,0.077,0.174,-0.133,-0.027,-0.042,0.12,0.065,0.056,0.067
Ddx49,-0.031,-1.35,-0.02,-0.104,-0.155,-0.128,-0.035,-0.288,-0.13,0.161,-0.22,0.13,0.119
Ddx5,-0.102,0.028,-0.061,0.033,-0.382,-0.067,-0.059,0.223,0.0,0.129,-0.042,0.084,-0.071
Ddx50,0.048,-0.386,-0.036,0.041,-0.517,-0.178,0.374,-0.067,-0.001,0.087,0.072,0.015,-0.013
Ddx52,-0.013,-1.031,0.006,-0.039,-0.661,-0.199,-0.06,-1.259,-0.095,0.04,-0.082,-0.088,-0.015
Ddx54,-0.045,-0.083,-0.074,-0.085,0.099,0.076,-0.064,-0.193,0.052,0.138,0.034,0.011,0.055
Ddx55,0.168,0.116,0.086,0.332,-0.059,0.085,0.425,-0.091,-0.062,0.092,-0.029,-0.037,0.02
Ddx56,-0.05,0.65,-0.024,-0.089,0.772,-0.04,-0.269,-0.702,-0.148,0.054,-0.116,-0.025,-0.123
Ddx58,-0.386,-1.003,-0.113,,-0.918,0.071,0.341,-0.162,0.483,0.143,-0.132,0.184,
Ddx59,0.242,-0.463,-0.042,-0.255,0.027,-0.443,,,-0.156,-0.009,-0.224,-0.026,0.054
Ddx6,0.134,0.22,0.105,0.001,-0.261,-0.011,0.342,-0.192,0.027,0.18,0.082,0.129,0.058
Deaf1,0.322,0.286,0.001,-0.015,0.266,-0.075,0.06,0.271,0.033,0.084,0.047,0.163,0.219
Decr1,-0.004,-0.341,-0.119,-0.16,0.453,-0.109,-0.108,-0.743,-0.067,-0.044,-0.046,-0.002,0.171
Decr2,-0.009,-0.282,0.001,0.054,0.257,0.245,0.287,0.12,0.102,0.037,0.122,-0.056,0.084
Dedd,0.066,-0.502,0.003,-0.007,-0.033,-0.264,0.037,0.084,-0.142,0.023,-0.048,0.024,-0.297
Dedd2,-0.044,-0.198,0.072,-0.089,-0.166,0.345,0.165,-0.25,0.181,0.22,0.084,0.052,0.147
Def8,-0.187,0.215,0.083,-0.044,-0.002,0.173,0.23,-0.465,0.055,0.19,0.154,0.327,0.162
Defb42,-0.394,,-0.155,-0.01,-0.428,-0.067,0.054,0.294,-0.001,-0.111,-0.094,-0.342,-0.288
Degs1,-0.031,0.114,0.251,-0.058,0.32,0.332,0.048,-0.454,0.048,0.148,0.035,0.05,-0.085
Dek,-0.066,0.008,-0.233,-0.116,-1.227,-0.593,0.42,-0.526,-0.071,-0.091,-0.063,-0.055,-0.049
Dennd1a,0.155,-0.523,0.214,0.073,0.122,-0.065,-0.071,0.054,-0.001,0.232,0.087,0.23,-0.038
Dennd1b,-0.001,-0.156,0.169,0.181,0.76,-0.081,0.56,0.47,-0.113,0.207,0.003,0.102,-0.191
Dennd4a,-0.011,-0.56,0.208,0.08,-0.325,-0.33,-0.136,-0.052,0.038,0.263,0.162,0.161,0.068
Dennd4b,-0.302,-0.522,0.267,-0.132,-0.907,0.059,-0.94,-0.013,0.062,0.189,0.021,0.265,
Dennd5a,0.03,-0.027,0.071,0.095,-0.381,-0.008,-0.123,-0.65,0.022,0.105,-0.104,0.3,0.044
Dennd5b,-0.229,-0.523,0.139,-0.105,-0.153,-0.038,0.457,0.024,-0.011,0.11,0.004,0.094,-0.044
Denr,-0.032,0.126,-0.162,0.027,0.215,-0.088,-0.026,-0.204,-0.067,-0.105,0.016,-0.289,-0.001
Depdc5,-0.151,0.192,0.187,-0.162,0.042,0.32,0.251,0.596,-0.012,0.149,0.131,0.088,-1.155
Deptor,0.18,0.002,0.287,0.028,0.974,0.993,0.377,-0.331,0.109,0.182,0.323,-0.266,
Dera,-0.202,-1.474,0.481,0.024,-0.768,-0.112,,0.076,-0.45,-0.064,-0.234,,-0.572
Derl1,-0.104,0.146,0.275,0.042,0.079,-0.107,0.251,0.064,0.014,0.14,-0.021,0.143,0.104
Derl2,-0.244,-0.333,0.147,-0.086,0.219,-0.161,-0.008,0.286,-0.036,0.171,0.164,-0.055,-0.257
Dexi,-0.01,0.413,0.09,0.279,-0.237,0.168,-0.132,-0.243,0.016,0.003,0.027,-0.03,-0.012
Dffa,-0.062,0.442,0.202,0.127,0.604,-0.115,0.256,-0.4,0.2,0.077,0.065,0.171,-0.072
Dffb,-0.157,-1.268,0.21,-0.182,-0.394,0.024,,-0.205,-0.175,0.243,0.151,,
Dgat1,-0.025,-0.067,0.161,0.184,0.005,-0.138,-0.699,-0.187,-0.027,0.039,0.123,0.121,0.168
Dgat2,-0.177,0.662,0.251,-0.132,0.092,-0.482,0.472,,0.186,0.114,-0.021,-0.178,0.102
Dgcr2,0.443,0.472,0.222,0.072,0.315,0.169,0.201,0.039,0.056,0.248,0.117,0.251,0.038
Dgcr6,-0.014,-0.082,-0.137,-0.044,0.054,0.072,0.013,-0.007,-0.013,-0.097,0.042,-0.341,-0.077
Dgcr8,-0.044,-0.447,0.044,-0.051,-0.337,-0.181,0.069,-0.367,-0.147,0.078,0.007,0.129,0.301
Dgka,-0.307,0.036,0.279,0.076,0.167,0.356,-0.505,-0.467,0.137,0.224,-0.083,-0.047,0.328
Dgkb,-0.251,0.852,0.332,-0.145,0.06,0.279,0.452,-0.079,0.057,0.061,-0.082,0.007,0.163
Dgkd,0.362,-0.86,0.187,0.188,0.224,-0.022,0.207,0.215,-0.004,0.297,0.024,0.274,0.161
Dgke,0.067,-1.154,0.282,0.29,0.008,0.207,0.379,-0.181,-0.022,0.263,0.3,0.194,-0.653
Dgkh,0.097,-1.013,-0.152,0.319,0.97,0.455,0.622,0.139,0.028,0.186,-0.103,0.437,
Dgki,-0.02,-1.309,0.136,-0.524,0.58,0.453,-0.324,-0.249,-0.031,-0.02,0.018,0.141,
Dgkq,0.043,,0.267,0.089,-0.022,0.446,0.11,-0.528,-0.036,0.24,0.358,0.187,0.823
Dgkz,0.056,0.15,0.139,0.209,0.323,-0.094,0.596,0.029,0.006,0.081,0.093,0.191,0.075
Dguok,-0.06,-0.111,-0.136,0.025,-0.225,-0.167,0.25,-0.349,0.012,-0.096,-0.106,-0.018,-0.246
Dhcr24,0.115,0.055,0.158,0.095,0.401,0.212,0.268,-0.142,0.191,0.398,0.235,0.081,0.183
Dhcr7,0.227,-0.116,0.159,0.045,0.018,0.086,0.398,-0.145,0.077,0.261,0.079,0.297,0.073
Dhdds,-0.027,0.805,0.153,-0.152,0.167,-0.04,0.121,-0.334,0.044,0.154,0.122,0.058,0.108
Dhdh,-0.131,-0.844,0.027,0.251,0.522,0.74,-0.68,,0.138,0.056,0.246,0.154,0.049
Dhfr,0.151,-1.331,-0.075,-0.183,-0.766,-0.267,-0.646,,-0.104,-0.146,-0.216,0.031,-0.38
Dhodh,0.108,0.759,-0.094,-0.013,-0.024,0.553,-0.687,,-0.065,0.075,0.063,0.037,-0.19
Dhps,-0.073,0.169,-0.077,-0.066,0.43,-0.123,0.201,0.122,0.012,-0.078,-0.201,-0.213,0.055
Dhrs1,-0.1,-0.068,-0.12,-0.022,0.333,0.148,0.065,0.175,0.069,-0.036,-0.037,0.049,-0.115
Dhrs13,0.162,-0.199,0.096,0.074,0.519,0.123,0.297,,0.031,0.045,-0.018,-0.244,0.011
Dhrs4,0.164,-0.343,-0.148,-0.219,-0.933,0.14,-0.741,-0.014,-0.216,-0.124,-0.116,-0.26,-0.07
Dhrs7,0.065,-0.628,0.045,-0.032,0.226,0.293,-0.146,0.088,-0.108,0.063,-0.148,-0.35,-0.133
Dhrs7b,-0.03,0.272,0.111,0.032,0.473,-0.179,-0.097,-0.876,-0.154,0.106,-0.241,-0.186,0.059
Dhx15,-0.046,-0.078,0.1,-0.004,-0.23,-0.018,-0.016,-0.116,0.021,0.114,0.06,-0.091,-0.105
Dhx16,0.18,-0.982,0.079,-0.296,-0.294,0.598,-0.375,0.325,0.034,-0.077,-0.133,0.013,-0.123
Dhx29,-0.029,-0.115,0.085,0.021,0.098,0.217,-0.155,0.317,0.136,-0.042,0.311,-0.166,-1.018
Dhx30,0.228,0.093,0.103,-0.056,-0.015,0.19,0.185,-0.297,-0.038,0.184,0.032,0.157,-0.073
Dhx32,0.043,-0.973,0.035,0.036,0.337,-0.229,-0.079,0.15,0.004,0.061,-0.287,0.109,0.107
Dhx33,-0.13,0.154,0.229,-0.205,-0.298,-0.144,-1.007,0.862,0.125,0.403,0.212,0.047,
Dhx35,-0.391,-0.881,0.207,0.012,-0.106,0.252,-1.93,0.041,-0.099,0.296,-0.065,0.101,-0.283
Dhx36,0.016,0.381,0.084,0.008,-0.371,0.101,0.27,0.149,0.097,0.053,0.097,-0.11,0.099
Dhx38,-0.235,-0.555,0.11,-0.117,0.591,0.218,0.108,0.577,-0.044,-0.095,0.073,0.253,-0.705
Dhx40,0.115,-0.724,0.128,-0.047,0.051,-0.263,-0.316,0.25,-0.041,0.057,-0.088,-0.096,0.163
Dhx57,0.124,0.256,0.119,0.075,0.284,0.299,0.147,-0.093,0.23,0.124,0.28,0.026,0.19
Dhx8,0.252,0.121,0.116,-0.024,-0.334,0.286,0.678,-0.249,0.287,0.012,0.343,-0.059,-1.059
Dhx9,0.123,0.338,0.008,0.082,-0.247,0.066,0.055,-1.046,0.02,0.046,0.141,0.013,-0.146
Diablo,-0.043,0.09,-0.036,-0.01,0.487,0.099,0.083,0.088,-0.015,0.015,0.074,-0.131,-0.057
Dicer1,-0.285,-0.186,0.168,0.167,0.088,0.173,0.644,0.079,0.059,0.154,0.032,0.025,-0.114
Dido1,0.713,0.429,0.133,0.115,-0.67,0.027,0.373,0.039,-0.0,0.181,0.063,0.178,-0.095
Dimt1,0.063,0.175,-0.007,0.203,-0.2,-0.148,0.208,-0.014,-0.099,-0.081,0.005,0.108,0.005
Dip2a,0.097,-0.275,0.198,-0.023,-0.149,-0.116,-0.64,-0.215,0.2,0.086,0.121,0.209,-0.221
Dip2b,0.258,0.149,0.126,0.063,-0.458,-0.202,0.599,-0.02,0.011,0.115,-0.01,0.197,-0.036
Dip2c,0.078,0.808,0.124,0.137,-0.078,0.019,0.18,-0.225,0.019,0.129,0.126,0.228,-0.34
Diras1,0.152,0.337,0.225,0.056,-0.534,0.186,0.003,-0.396,0.119,0.165,0.037,0.274,0.023
Diras2,0.239,-0.189,0.129,0.093,-0.708,-0.244,-0.471,0.157,0.205,,0.762,,-0.327
Dis3,0.444,-1.7,-0.013,0.16,-0.256,-0.086,-0.148,-0.398,0.133,-0.199,-0.048,-0.375,-0.327
Dis3l,0.136,-0.757,0.287,0.06,0.321,-0.215,-0.355,-0.79,0.14,0.212,0.023,0.068,-0.21
Dis3l2,0.233,-0.645,0.053,0.131,0.129,0.209,-0.146,-0.033,0.028,0.065,0.154,0.004,-0.154
Disp2,-0.207,-0.009,0.298,0.104,0.079,0.203,0.483,0.062,0.07,0.281,0.079,0.154,-0.083
Dixdc1,0.128,0.011,-0.039,0.114,0.295,0.062,0.597,0.547,-0.098,-0.034,0.217,0.076,-0.193
Dkc1,-0.103,-0.559,-0.058,0.138,-0.368,-0.086,-0.362,0.371,-0.102,-0.064,0.138,-0.176,0.129
Dlat,0.051,0.193,0.026,-0.038,0.304,0.126,-0.001,-0.6,0.003,0.022,-0.061,-0.002,-0.077
Dld,-0.05,0.278,0.029,-0.015,0.143,0.006,0.224,-0.226,-0.001,0.063,-0.076,0.134,0.058
Dleu7,-0.138,,0.284,-0.18,1.025,0.265,0.293,-0.574,-0.053,-0.133,-0.131,-0.021,-0.074
Dlg2,0.577,0.17,0.121,0.082,-0.085,-0.063,0.514,-0.103,0.092,0.185,0.064,0.009,0.12
Dlg5,0.003,1.003,0.144,0.077,-0.041,0.081,0.197,-0.357,0.217,0.179,0.022,0.146,-0.19
Dlgap1,-0.509,0.177,0.068,-0.104,-0.244,0.16,0.436,0.0,-0.058,0.039,-0.001,-0.113,0.085
Dlgap4,-0.015,0.263,0.03,0.022,0.096,0.069,0.357,0.091,-0.056,0.256,0.029,0.209,-0.047
Dll3,-0.073,,-0.196,0.015,1.294,0.505,-0.38,,-0.056,-0.095,-0.112,-0.367,-0.139
Dlst,0.531,-0.035,0.089,0.049,-0.096,-0.002,0.065,-0.148,0.006,0.158,0.198,0.134,0.185
Dmap1,0.081,0.538,-0.116,0.095,0.374,-0.266,0.184,-0.068,-0.142,0.008,-0.11,-0.034,-0.146
Dmd,0.144,-0.955,-0.054,-0.46,1.513,1.489,-0.029,-0.09,0.136,0.174,-0.156,-0.193,0.015
Dmtf1,-0.214,-0.13,-0.027,-0.099,-0.402,0.316,-0.022,-0.021,0.059,0.149,0.083,-0.057,-0.124
Dmwd,0.007,-0.194,-0.128,0.005,0.097,-0.255,-0.065,-0.267,-0.027,-0.018,0.058,0.079,0.185
Dmxl1,-0.098,0.399,0.214,0.083,-0.249,-0.074,0.707,0.603,-0.065,0.185,0.048,-0.003,0.161
Dmxl2,0.122,-0.131,0.232,0.101,0.023,0.189,0.425,0.242,0.03,0.246,0.15,0.095,-0.104
Dnaja1,-0.156,0.094,-0.127,0.008,0.168,0.044,0.05,0.124,-0.05,-0.026,-0.095,-0.079,0.036
Dnaja2,-0.028,-0.265,-0.126,0.006,0.129,0.081,0.08,-0.044,-0.012,0.022,-0.037,0.021,0.079
Dnaja3,0.035,0.179,0.057,0.031,-0.381,-0.416,-0.031,-0.704,-0.09,0.091,0.143,0.313,0.257
Dnaja4,0.067,-1.471,0.005,0.048,0.68,-0.171,0.021,-0.508,-0.108,-0.04,-0.05,0.029,0.107
Dnajb1,0.208,0.109,-0.089,0.15,-0.103,-0.36,-0.337,-0.017,-0.092,-0.026,0.007,-0.161,-0.095
Dnajb11,-0.189,0.454,0.096,0.004,-0.118,0.111,0.148,-0.121,-0.028,0.067,-0.027,-0.06,-0.042
Dnajb12,-0.253,0.347,0.075,-0.028,-0.374,-0.029,-0.005,-0.383,0.057,-0.025,-0.165,0.203,0.128
Dnajb14,-0.109,-0.35,0.105,0.208,0.06,-0.093,0.183,-0.329,0.024,0.058,0.097,0.016,0.197
Dnajb2,0.043,-0.216,-0.017,0.055,-0.099,-0.286,0.108,-0.148,0.016,0.018,0.033,-0.166,-0.05
Dnajb4,0.067,0.119,0.035,-0.033,-0.117,0.172,0.442,0.258,0.009,0.054,-0.091,0.08,0.185
Dnajb6,-0.066,-0.049,-0.096,-0.046,-0.001,-0.068,0.048,0.008,-0.051,-0.051,-0.041,-0.151,0.035
Dnajb9,-0.057,-0.594,0.14,-0.09,-0.399,-0.355,-0.261,-3.317,-0.092,0.106,-0.087,-0.155,-0.058
Dnajc1,0.257,-1.559,-0.048,-0.243,-0.394,-0.402,0.099,0.087,-0.218,0.114,-0.304,-0.053,-0.108
Dnajc10,0.149,0.142,0.171,0.056,0.185,-0.013,0.493,0.314,0.14,0.112,0.163,0.162,0.21
Dnajc11,0.069,0.123,0.182,0.009,-0.404,0.26,0.16,0.111,0.077,0.101,-0.052,0.089,0.074
Dnajc12,0.311,-0.148,-0.24,-0.003,0.432,-0.194,0.35,0.378,-0.048,-0.104,0.264,-0.065,0.002
Dnajc13,-0.065,-0.054,0.264,0.119,0.036,0.453,0.349,-0.2,0.003,0.194,0.066,-0.033,0.016
Dnajc14,0.051,-1.666,0.173,0.039,0.219,0.13,0.317,-0.597,0.052,0.109,0.032,0.207,-0.184
Dnajc15,0.139,-0.044,-0.03,0.051,0.315,0.13,0.139,-0.061,0.023,-0.096,-0.064,-0.319,-0.029
Dnajc17,0.145,-0.212,-0.17,0.098,0.089,-0.255,-0.121,-0.496,-0.273,-0.019,-0.102,0.02,0.3
Dnajc18,0.118,0.285,0.235,0.091,0.186,0.249,0.251,0.144,0.033,0.148,0.162,-0.057,0.033
Dnajc19,-0.211,0.431,-0.084,0.0,-0.038,-0.077,-0.17,-0.01,0.017,-0.117,-0.092,-0.261,-0.033
Dnajc2,0.041,-0.1,-0.141,-0.12,-0.247,-0.237,0.115,-0.574,0.042,-0.03,-0.067,-0.357,-0.03
Dnajc21,0.173,-0.017,-0.103,0.112,0.06,-0.097,0.116,-0.174,0.039,-0.097,-0.05,-0.129,-0.073
Dnajc24,0.323,-1.016,-0.05,-0.087,-0.117,-0.409,-0.057,-0.109,0.167,-0.091,-0.146,-0.253,0.244
Dnajc25,0.241,0.219,-0.032,-0.084,-0.169,-0.087,-0.498,0.099,-0.236,0.004,-0.341,-0.184,0.186
Dnajc27,-0.004,0.265,0.146,-0.043,0.741,-0.567,0.274,-1.291,-0.059,0.106,0.225,0.415,-0.006
Dnajc3,-0.027,0.446,-0.05,-0.002,-0.15,-0.127,0.102,-0.246,0.036,0.16,-0.033,-0.14,0.011
Dnajc30,-0.166,-0.406,-0.118,-0.136,0.188,-0.026,0.054,-0.173,-0.09,-0.1,0.03,-0.115,0.094
Dnajc4,-0.001,0.915,-0.012,-0.069,-0.353,0.046,0.512,-0.094,-0.049,-0.104,-0.186,-0.161,-0.195
Dnajc5,0.104,0.028,0.139,0.039,-0.04,0.104,0.128,-0.004,0.055,0.174,0.088,0.148,0.044
Dnajc6,0.023,-0.046,0.17,0.053,0.86,0.078,0.379,-0.168,0.195,0.179,0.182,0.357,0.247
Dnajc7,-0.082,0.411,-0.107,-0.04,-0.044,-0.096,0.148,-0.105,-0.028,0.031,-0.086,-0.104,-0.011
Dnajc8,-0.014,-0.238,-0.157,0.002,-0.167,-0.012,0.328,0.144,-0.076,-0.093,-0.088,0.023,0.091
Dnajc9,0.182,0.156,-0.17,0.061,-0.62,-0.538,0.138,0.183,0.045,-0.098,-0.086,-0.205,0.114
Dnase1l1,0.257,0.117,-0.14,-0.075,0.993,1.577,0.218,,-0.332,0.061,-0.435,,
Dner,0.003,0.027,0.146,0.029,0.738,0.206,0.495,-0.014,-0.098,0.161,0.024,0.436,0.287
Dnlz,0.097,-0.221,-0.077,-0.039,0.157,-0.049,-0.13,-0.139,-0.011,-0.118,-0.01,-0.36,0.045
Dnm1,0.209,0.437,0.201,0.083,0.504,0.145,-0.032,-0.066,0.092,0.158,0.215,0.409,0.084
Dnm1l,-0.062,0.136,0.077,0.135,0.403,0.165,0.243,0.021,0.012,0.016,0.129,-0.112,-0.062
Dnm2,-0.007,1.099,0.2,0.126,0.186,-0.125,-0.148,-0.202,0.034,0.132,-0.006,0.063,-0.22
Dnm3,0.059,0.173,0.126,0.018,-0.364,-0.022,0.416,-0.024,0.022,0.106,0.22,0.153,-0.194
Dnmt1,-0.175,0.799,0.011,-0.06,-0.468,-0.035,0.116,0.352,0.116,0.088,-0.19,0.139,0.269
Dnpep,-0.099,0.434,-0.095,-0.069,0.105,0.049,0.144,0.052,-0.1,-0.018,-0.115,-0.25,0.115
Dnttip1,-0.023,-0.395,-0.087,-0.027,-0.202,0.067,-0.005,0.34,-0.015,-0.081,-0.105,-0.126,-0.122
Dnttip2,0.219,-0.792,-0.195,-0.115,-0.275,-0.05,-0.108,-0.221,0.015,-0.024,-0.044,-0.103,-0.16
Dock10,0.053,-1.048,0.187,,-2.364,-0.007,-0.306,,0.361,0.041,-0.359,0.075,-0.267
Dock11,0.068,-0.074,0.078,0.001,-0.198,-0.193,0.24,0.508,0.078,0.201,0.194,-0.039,0.018
Dock3,0.21,-0.203,0.117,0.067,-0.02,0.227,0.69,-0.182,-0.03,0.196,0.061,0.196,-0.069
Dock4,-0.092,-0.39,-0.213,-0.032,-0.943,0.205,0.324,0.168,0.275,0.244,0.14,0.196,
Dock5,0.295,0.313,0.164,0.213,2.903,0.351,-0.571,-0.235,-0.125,0.042,,,
Dock7,-0.147,-0.935,0.065,-0.065,-0.395,0.061,0.289,-0.013,-0.04,0.12,0.002,0.002,-0.204
Dock9,0.216,-0.505,0.181,-0.092,-0.273,1.8,0.455,0.105,-0.014,0.342,0.38,0.106,
Dohh,-0.053,0.452,-0.127,0.016,0.406,0.147,-0.195,0.322,-0.019,-0.061,-0.016,0.167,-0.031
Dok4,-0.098,0.185,-0.27,-0.096,0.088,0.443,-0.627,,-0.221,0.052,0.146,-0.255,-0.204
Dok5,-0.058,-0.253,0.088,-0.001,0.914,0.497,-0.025,-0.149,,-0.101,-0.277,-0.008,0.238
Dok6,-0.016,,0.001,0.063,0.392,0.346,-0.147,,-0.237,0.035,0.056,-0.416,
Dolk,-0.269,0.111,0.293,0.138,-0.183,-0.02,0.309,0.125,-0.139,0.192,0.224,-0.047,-0.319
Dolpp1,0.04,0.25,0.318,0.215,-0.35,-0.022,0.15,-0.088,0.159,0.156,-0.017,0.243,-0.787
Donson,0.011,0.474,0.097,0.288,0.308,0.548,-0.74,0.642,-0.29,-0.117,0.416,0.232,-0.151
Dpagt1,-0.158,-0.246,0.261,0.03,-0.009,0.633,-0.065,0.208,0.098,0.185,0.213,0.044,0.061
Dpf2,-0.142,-0.17,0.099,0.067,-0.168,-0.145,0.145,-0.307,-0.066,0.058,-0.001,-0.015,-0.095
Dph2,-0.185,0.865,0.181,0.016,-0.37,-0.039,0.22,0.152,0.239,0.244,-0.168,-0.159,-0.209
Dph3,0.095,-0.335,-0.098,-0.04,-0.25,0.061,-0.175,-0.441,0.025,-0.056,-0.118,-0.049,0.029
Dph5,-0.046,1.048,0.007,-0.047,0.197,0.048,0.194,0.102,-0.069,-0.021,-0.135,-0.049,-0.086
Dpm1,-0.064,0.171,-0.068,-0.077,0.081,0.071,0.401,0.158,-0.094,-0.046,-0.101,-0.044,0.028
Dpm2,0.04,0.65,-0.035,-0.003,0.104,0.143,0.445,0.073,-0.094,-0.068,0.013,-0.137,0.002
Dpm3,0.108,-0.931,0.058,-0.04,0.009,0.236,-0.197,-0.518,0.008,-0.028,0.048,-0.332,0.036
Dpp10,-0.013,0.064,-0.296,0.03,0.476,0.668,,,0.487,0.841,-0.072,,-0.401
Dpp3,0.391,0.063,0.241,0.096,0.296,0.053,0.058,0.348,-0.054,0.304,0.007,0.223,0.11
Dpp6,-0.049,0.175,0.083,0.035,0.123,0.284,0.59,-0.077,0.092,0.111,0.005,0.111,0.178
Dpp7,0.07,-0.264,0.131,0.075,1.129,0.419,0.143,-0.203,0.016,0.273,-0.034,-0.15,0.249
Dpp8,0.069,-0.362,0.071,0.037,-0.102,0.034,-0.77,-0.346,0.139,-0.028,0.134,0.037,-0.527
Dpp9,0.008,0.17,0.17,0.072,0.771,-0.16,0.439,0.045,0.111,0.236,0.129,0.124,0.065
Dpy19l1,0.245,-0.492,0.233,0.026,0.232,-0.177,0.304,-2.529,-0.274,0.186,0.246,0.531,
Dpy19l4,-0.27,1.443,0.2,0.131,-0.21,-0.216,0.766,0.118,-0.161,0.168,0.132,0.069,0.223
Dpy30,-0.044,-0.094,-0.147,0.087,-0.083,0.104,0.163,0.039,-0.017,-0.122,-0.031,-0.122,0.045
Dpyd,0.225,-0.824,-0.152,-0.419,0.844,0.602,0.142,-0.59,-0.032,0.156,-0.062,-0.088,-0.135
Dpysl2,0.071,0.067,0.022,0.038,-0.075,-0.012,0.174,0.014,0.035,0.161,0.108,0.117,0.089
Dpysl3,-0.068,0.811,0.135,0.028,0.494,0.087,0.457,0.035,-0.049,0.157,-0.004,-0.217,-0.125
Dpysl4,-0.295,-3.357,0.074,0.152,0.358,-0.196,0.346,-0.303,-0.08,0.071,-0.034,0.447,-0.048
Dpysl5,-0.016,-0.319,-0.007,0.068,0.145,0.072,0.248,0.127,0.068,0.159,0.044,0.289,-0.038
Dr1,-0.052,0.108,-0.075,-0.15,-0.241,-0.218,0.363,-0.248,0.04,-0.049,-0.164,0.013,-0.159
Dram2,0.052,0.191,0.14,0.06,0.038,0.083,0.62,-0.072,-0.018,0.124,0.049,-0.048,-0.231
Drap1,-0.107,0.326,-0.091,0.0,-0.077,0.009,-0.068,0.093,0.055,-0.106,-0.075,-0.1,0.048
Drg1,-0.107,-1.717,-0.028,-0.019,-0.03,-0.295,0.036,-0.383,-0.074,0.02,0.021,-0.044,-0.067
Drg2,-0.005,-0.318,0.027,0.043,-0.137,0.104,0.006,-0.029,-0.067,0.075,-0.123,0.144,-0.15
Drosha,0.028,-0.264,-0.045,0.122,0.256,0.013,0.211,0.003,0.056,0.221,0.019,-0.056,-0.218
Drp2,-0.229,-1.001,-0.086,,0.374,1.151,0.293,-0.336,0.173,0.129,0.055,0.499,
Dsel,0.364,-1.016,0.029,-0.045,-0.024,0.22,0.566,0.074,0.0,-0.001,-0.08,0.003,0.263
Dst,-0.012,0.125,0.182,0.075,-0.147,0.077,0.205,-0.008,0.028,0.237,0.096,0.251,-0.062
Dstn,0.094,0.341,-0.095,0.016,0.104,-0.028,0.09,-0.021,-0.008,-0.06,0.033,-0.353,-0.168
Dstyk,-0.17,-0.079,0.103,-0.063,0.417,-0.015,0.388,-0.368,0.156,0.101,0.255,0.115,-0.181
Dtd1,0.049,-0.112,-0.135,-0.08,0.178,0.045,0.283,0.125,-0.006,-0.081,-0.139,-0.253,0.096
Dtna,0.148,-0.395,0.073,-0.028,0.323,0.432,0.118,0.082,-0.014,0.15,0.063,-0.02,0.104
Dtnb,-0.061,-0.878,0.075,0.099,-0.291,0.216,0.031,0.248,0.029,0.172,-0.04,0.083,0.026
Dtnbp1,-0.094,-0.146,-0.053,-0.016,-0.116,0.108,-0.176,-0.459,-0.121,-0.126,-0.057,-0.294,0.073
Dtwd1,0.228,-1.089,-0.144,-0.157,0.116,-0.533,-0.466,,0.151,-0.017,-0.12,-0.232,-0.896
Dtx3,0.018,-0.008,-0.041,0.022,0.049,0.045,0.209,0.357,-0.055,0.015,0.074,0.135,0.006
Dtymk,0.009,-0.514,-0.037,0.031,-0.271,-0.146,-0.269,-0.522,-0.041,-0.111,-0.03,-0.105,-0.071
Dus1l,0.023,0.022,0.044,-0.019,0.362,0.376,0.188,0.288,-0.198,0.015,-0.108,-0.218,0.141
Dus3l,0.168,-0.172,0.089,-0.16,-0.197,0.102,-0.13,-0.038,-0.149,0.201,0.054,0.122,0.179
Dusp1,0.066,-0.154,-0.289,-0.25,-0.765,-0.125,-0.425,0.082,-0.185,0.027,-0.203,0.08,-0.254
Dusp10,-0.099,-1.358,-0.031,0.097,0.768,-0.075,0.09,0.029,0.1,0.211,-0.052,,
Dusp11,0.044,0.039,-0.017,-0.038,-0.271,0.045,0.185,0.004,0.044,0.071,-0.038,-0.171,0.049
Dusp12,-0.134,0.132,0.004,0.067,0.617,0.29,0.101,-2.192,-0.091,-0.153,-0.247,0.124,-0.129
Dusp15,0.037,0.905,-0.098,0.176,-0.129,0.662,-0.689,0.534,0.042,-0.031,0.032,,0.34
Dusp16,0.011,0.277,0.028,-0.009,0.188,-0.196,-0.656,0.438,-0.013,-0.028,-0.114,-0.168,-0.856
Dusp19,-0.17,-0.786,-0.138,-0.148,0.608,-0.037,0.184,0.213,-0.001,-0.021,-0.265,-0.111,-0.287
Dusp22,0.197,0.48,0.021,0.014,0.287,-0.051,-0.017,-0.276,0.013,0.025,0.032,0.235,-0.165
Dusp23,0.272,-1.338,-0.124,-0.006,0.95,0.413,,,-0.029,-0.002,0.429,-0.268,0.226
Dusp26,0.015,-0.393,-0.243,0.028,0.266,-0.002,0.135,-0.232,-0.023,-0.002,-0.01,0.19,0.034
Dusp28,0.361,-0.806,-0.137,0.11,0.109,-0.147,0.116,-0.076,-0.077,-0.067,-0.028,-0.001,-0.116
Dusp3,-0.088,0.19,-0.065,-0.003,0.051,0.102,0.077,-0.415,0.018,0.02,0.042,0.03,-0.173
Dusp5,-0.052,,-0.059,0.003,1.354,2.174,-0.761,,-0.016,-0.125,0.01,-0.024,
Dusp6,-0.418,-2.881,-0.385,-0.463,0.209,1.517,-0.284,0.072,-0.137,0.095,0.009,,-0.228
Dusp7,0.089,-0.262,0.015,-0.073,0.699,0.17,0.005,,0.116,0.088,0.182,0.272,
Dusp8,0.17,-0.25,0.153,-0.098,-0.264,-0.046,0.043,0.048,-0.041,0.109,0.06,0.282,-0.014
Dut,0.14,-0.799,-0.175,-0.009,-0.786,-0.293,0.074,-0.335,-0.034,-0.16,-0.104,-0.046,-0.07
Dvl1,-0.15,-0.378,0.232,0.048,0.056,0.044,-0.006,-0.045,0.144,0.184,0.104,0.174,0.305
Dvl3,0.017,-0.41,0.135,0.023,-0.078,0.243,0.535,-0.149,-0.055,0.078,0.024,0.048,0.004
Dym,0.231,-0.099,0.197,0.005,-0.143,0.114,0.067,0.361,-0.128,0.248,0.007,-0.017,0.104
Dync1h1,0.07,0.419,0.305,0.117,0.427,0.263,0.03,-0.159,0.073,0.386,0.072,0.02,0.172
Dync1i1,-0.038,-0.194,0.269,0.249,0.601,0.063,0.267,0.616,0.166,0.148,0.872,0.112,0.337
Dync1i2,-0.093,-0.087,0.054,0.01,0.034,0.018,0.297,0.166,-0.021,0.054,0.011,-0.288,-0.019
Dync1li1,-0.058,-0.912,0.007,0.049,0.223,0.098,0.176,-0.052,0.035,0.041,0.077,0.052,0.047
Dync1li2,0.05,-0.126,0.101,0.031,0.182,0.048,0.187,-0.042,-0.006,0.087,0.132,0.023,-0.016
Dync2h1,-0.179,0.003,0.132,0.019,0.357,0.233,-0.2,0.362,0.156,0.329,-0.288,0.055,0.081
Dync2li1,-0.061,-0.528,-0.082,-0.224,-0.236,-0.094,0.023,-1.032,-0.039,-0.049,0.053,-0.093,-0.016
Dynll1,-0.003,-0.308,-0.215,0.054,0.521,-0.01,-0.01,-0.05,-0.062,-0.069,-0.1,-0.238,-0.063
Dynll2,0.079,0.125,0.019,-0.019,0.133,-0.052,-0.011,-0.14,0.025,-0.021,0.041,0.113,-0.041
Dynlrb1,0.019,-0.181,-0.17,-0.038,0.161,0.113,-0.057,0.113,-0.021,-0.094,0.008,-0.025,0.01
Dynlt1a,0.144,,0.064,-0.037,-0.047,0.073,-0.552,-0.114,0.208,0.113,0.196,,-0.141
Dynlt3,-0.025,0.163,-0.044,-0.027,0.445,0.347,0.303,0.083,0.006,-0.113,0.063,0.014,0.057
Dyrk1a,0.177,-0.502,0.09,0.082,-0.35,-0.047,0.318,0.12,0.11,0.123,0.064,0.19,-0.203
Dyrk1b,0.095,-0.98,-0.11,-0.267,0.849,1.22,-0.823,-0.667,0.127,0.154,-0.009,0.25,-0.633
Dysf,0.042,-0.132,0.197,0.353,1.565,-0.104,0.22,-0.02,0.109,0.256,0.336,-0.064,
Dzip1,-0.029,-0.163,0.321,0.002,-0.76,-0.086,0.092,0.09,-0.06,0.131,-0.011,0.026,0.089
Dzip3,0.037,-0.512,0.115,0.104,-0.014,0.099,0.469,0.077,-0.005,0.084,0.092,0.077,0.242
E130307A14Rik,-0.261,1.275,0.159,-0.119,-0.078,0.238,-0.582,0.429,0.052,0.032,0.021,,
E130309D02Rik,0.584,-1.047,0.139,0.019,-0.678,-0.006,-0.392,-0.533,-0.201,0.088,-0.02,0.028,-0.437
E130311K13Rik,0.228,-0.202,-0.1,0.047,-0.221,-0.095,,,-0.0,0.135,0.007,-0.052,-0.307
E2f1,-0.58,0.032,0.311,-0.648,-1.662,-0.144,0.175,,-0.051,0.181,-0.118,,
E2f4,-0.066,-0.447,0.147,-0.132,0.223,-0.3,0.375,0.19,0.02,0.106,-0.074,0.013,-0.289
E2f5,0.021,0.028,-0.102,0.128,0.417,0.227,-0.269,0.102,0.188,-0.007,-0.087,-0.298,-0.163
E2f6,-0.094,0.238,0.073,0.044,0.031,-0.213,0.473,0.05,0.121,-0.04,0.053,0.351,-0.148
E4f1,-0.494,2.13,0.168,-0.014,0.035,0.038,0.461,0.241,-0.154,0.11,-0.184,0.244,-0.157
Eaf1,0.042,-0.507,0.107,-0.084,1.154,-0.007,0.266,-0.05,0.122,0.313,0.024,0.244,-0.304
Eapp,-0.021,0.62,-0.167,-0.136,-0.144,-0.232,0.101,0.093,-0.005,-0.114,-0.01,-0.285,-0.168
Ebag9,-0.052,-0.505,-0.056,0.016,0.226,0.061,0.415,-0.067,-0.036,-0.006,0.085,0.006,-0.354
Ebf1,-0.019,-0.011,-0.023,-0.05,-0.399,0.042,0.491,-0.049,-0.027,,-0.108,-0.482,-0.18
Ebf4,0.226,,-0.02,-0.037,-0.189,0.142,-0.057,0.282,0.163,0.2,0.001,0.113,-0.07
Ebna1bp2,0.143,-0.194,-0.205,0.027,-0.214,-0.274,-0.177,0.289,-0.219,-0.087,-0.114,-0.066,0.008
Ebp,-0.082,-1.017,0.044,-0.037,-0.023,-0.002,0.037,0.277,-0.007,0.054,-0.261,-0.114,-0.06
Ebpl,-0.13,-0.899,-0.075,0.143,0.528,0.132,0.263,0.022,0.108,-0.002,0.069,-0.226,-0.096
Ecd,0.095,-0.52,0.079,-0.062,-0.391,0.047,0.386,-0.251,0.011,0.1,0.156,-0.051,-0.011
Ece2,0.506,0.292,0.137,0.041,0.275,0.661,-0.13,0.09,0.054,0.297,0.0,0.004,-0.075
Ech1,-0.029,0.019,-0.169,-0.051,0.273,-0.239,0.071,0.148,-0.128,-0.005,-0.068,-0.242,-0.104
Echdc1,-0.05,,0.076,0.182,0.746,-0.297,0.383,0.199,-0.095,-0.001,-0.033,-0.03,-0.262
Echdc2,-0.968,,-0.095,0.21,-1.031,-0.548,0.058,0.158,-0.079,,-0.141,,-0.718
Echs1,-0.111,-0.242,-0.122,-0.035,0.097,-0.001,-0.213,-0.137,-0.095,-0.02,-0.006,-0.265,-0.003
Eci1,-0.021,0.526,-0.138,-0.094,-0.276,-0.022,0.306,-0.46,-0.206,-0.021,-0.136,-0.359,-0.214
Eci2,-0.051,-0.532,-0.135,0.04,0.096,0.147,-0.108,-0.092,-0.115,-0.07,-0.093,-0.026,-0.063
Ecsit,0.02,-0.993,-0.105,-0.067,-0.067,0.074,0.005,0.169,0.033,0.022,-0.05,0.193,0.008
Edc3,-0.012,0.577,0.06,0.099,0.268,-0.411,0.268,-0.084,0.057,0.061,0.03,-0.002,-0.156
Edc4,0.642,0.837,0.18,-0.133,-0.378,0.129,-0.823,0.367,0.114,0.202,-0.085,0.325,-0.48
Edem1,0.294,-0.312,0.369,-0.052,0.168,0.354,0.301,-0.392,-0.037,0.178,0.022,0.275,-0.938
Edem2,0.11,-0.3,0.134,-0.122,-0.419,-0.244,-0.01,-0.748,-0.051,0.058,0.098,-0.047,-0.354
Edem3,-0.197,-0.347,0.184,0.14,-0.448,0.322,0.413,-0.361,0.127,0.294,-0.122,0.254,-0.468
Edf1,0.024,0.071,-0.208,-0.016,0.409,0.01,0.16,0.114,-0.044,-0.111,-0.088,-0.27,-0.047
Edil3,-0.068,-0.141,0.284,,,-0.098,-0.684,-0.476,-0.31,-0.042,0.412,-0.183,0.42
Ednrb,0.967,0.2,-0.397,-0.148,0.174,-1.242,-0.51,0.022,-0.362,-0.222,0.596,0.806,-0.375
Eea1,0.122,0.901,0.048,0.053,0.066,0.011,0.353,0.041,0.011,0.004,0.068,-0.003,0.079
Eed,-0.309,0.857,-0.049,-0.143,-0.609,0.004,-0.453,0.897,0.195,-0.05,-0.138,0.021,-0.216
Eef1a1,-0.046,0.099,-0.251,-0.038,-0.201,-0.031,-0.196,-0.136,-0.015,-0.09,-0.034,-0.121,-0.081
Eef1a2,-0.094,0.113,-0.066,-0.089,0.177,0.105,-0.076,0.211,-0.018,0.104,0.037,0.101,0.094
Eef1b2,-0.081,0.034,-0.188,-0.022,-0.096,-0.049,-0.279,-0.189,-0.006,-0.11,-0.069,-0.312,0.04
Eef1d,0.122,0.229,-0.149,-0.162,0.132,0.105,-0.245,-0.535,-0.105,-0.068,-0.039,0.08,-0.033
Eef1e1,-0.029,0.043,-0.156,-0.072,0.062,-0.019,0.083,0.0,-0.001,-0.067,-0.109,-0.472,-0.082
Eef1g,0.151,0.211,-0.117,-0.005,0.095,0.051,-0.215,-0.101,0.001,-0.023,-0.068,-0.047,-0.04
Eef2,-0.057,0.092,0.044,-0.03,-0.113,0.004,-0.158,-0.067,-0.01,0.089,-0.014,-0.047,-0.097
Eefsec,-0.131,-0.209,-0.0,-0.095,-0.31,0.447,-0.107,0.261,0.078,0.085,0.233,0.11,0.153
Eepd1,0.092,-0.453,-0.121,-0.106,-0.807,0.007,-0.582,0.032,,-0.151,0.157,,
Efcab1,-0.016,1.531,,-0.07,0.393,0.589,-0.018,,0.381,-0.111,0.421,0.198,0.506
Efcab2,0.008,,0.016,-0.203,0.025,0.547,-0.788,-2.78,0.038,-0.078,0.115,0.001,-0.158
Efemp2,0.741,,-0.042,-0.087,0.199,0.414,-0.872,-1.169,0.007,0.076,0.025,0.078,-0.58
Efhc2,0.401,0.492,0.042,0.204,0.484,-0.631,0.728,,-0.145,0.148,0.084,0.12,
Efhd2,-0.439,-0.273,0.034,0.122,0.406,0.218,-0.044,-0.236,0.065,0.051,-0.126,0.007,-0.219
Efna1,0.115,-0.254,,-0.096,0.515,0.217,-0.531,,-0.337,0.013,-0.218,,0.28
Efna5,0.434,-0.27,0.238,-0.029,0.176,0.025,0.849,0.138,0.033,0.259,0.132,0.088,-0.357
Efnb2,-0.327,-0.418,0.083,0.12,0.233,0.292,0.167,-0.305,0.16,0.388,0.233,,
Efr3a,-0.092,0.552,0.236,0.156,1.016,0.125,0.695,0.184,0.056,0.026,0.253,-0.125,0.037
Eftud2,0.127,1.028,0.019,0.067,-0.164,-0.203,-0.159,0.266,0.085,0.132,0.087,-0.016,0.178
Egfl7,-0.051,-0.141,-0.294,-0.181,0.435,-0.256,-0.293,0.106,0.04,-0.018,0.164,-0.25,-0.33
Egfl8,-0.395,,-0.077,-0.283,-0.582,-0.173,-0.674,-0.752,-0.438,-0.312,0.164,,
Egln1,-0.055,0.67,-0.076,0.039,0.015,-0.208,0.04,-0.295,0.018,0.02,0.023,0.018,-0.135
Egln2,0.028,-0.19,-0.019,0.003,0.109,0.044,-0.228,-0.026,-0.013,-0.016,-0.029,0.031,0.08
Egr1,0.357,-0.341,-0.426,-0.156,-1.563,-0.658,-0.21,-0.616,-0.054,-0.023,-0.164,0.024,-0.29
Ehbp1,-0.26,-0.24,0.127,0.03,0.357,0.061,0.187,-0.02,0.043,0.064,0.158,0.252,-0.566
Ehbp1l1,-0.303,0.216,-0.237,0.013,0.656,-0.008,-0.05,0.304,0.024,-0.04,0.545,,0.319
Ehd1,-0.529,0.286,0.044,-0.004,0.606,0.19,-0.236,0.166,0.019,0.056,-0.027,0.061,-0.28
Ehd2,0.783,0.271,-0.477,0.14,0.353,-0.454,-0.397,-0.402,0.017,0.078,0.091,0.134,-0.199
Ehd3,0.117,-0.017,0.102,-0.053,0.303,0.331,0.171,-0.72,0.056,0.117,-0.025,0.128,-0.176
Ehd4,-0.147,0.665,0.045,0.037,0.74,0.256,0.032,0.053,-0.114,0.115,0.053,-0.02,0.157
Ehmt1,-0.165,0.101,0.05,0.092,-0.149,-0.219,0.468,-0.308,0.058,0.09,-0.004,0.033,-0.044
Ehmt2,0.061,-0.577,0.149,0.027,0.136,-0.112,-0.268,0.104,-0.067,0.134,0.022,-0.068,-0.038
Ei24,0.403,0.36,0.049,0.077,0.354,0.137,0.242,0.098,-0.061,0.081,0.022,-0.018,0.051
Eid1,-0.071,-0.235,-0.252,0.007,-0.106,0.003,0.236,-0.159,0.017,-0.075,-0.002,-0.147,0.013
Eid2,0.022,-0.037,-0.199,0.047,0.272,-0.058,0.019,0.145,0.209,-0.078,0.163,-0.01,-0.559
Eid2b,-0.218,0.614,-0.157,0.098,-0.068,-0.178,0.296,0.143,-0.14,-0.061,-0.048,0.106,-0.098
Eif1,-0.026,-0.003,-0.125,-0.065,-0.033,-0.062,-0.304,-0.015,0.001,-0.126,0.018,-0.072,-0.027
Eif1a,-0.199,-0.006,-0.132,-0.018,0.199,0.09,0.266,-0.366,0.03,-0.066,-0.097,-0.08,-0.058
Eif1ad,-0.031,-0.992,-0.2,-0.114,0.157,-0.22,-0.048,-0.289,0.038,-0.095,-0.099,-0.036,-0.04
Eif1ax,-0.056,-1.17,-0.004,0.041,-0.117,0.013,0.129,-0.393,-0.015,-0.07,-0.026,-0.119,-0.026
Eif1b,-0.036,-0.067,-0.106,0.005,0.319,0.017,0.239,-0.028,-0.004,-0.09,0.007,-0.074,0.057
Eif2a,0.169,-0.14,-0.05,0.018,-0.353,-0.043,0.013,-0.328,0.012,-0.072,0.004,-0.098,-0.122
Eif2ak1,-0.114,0.187,-0.033,0.176,0.032,0.211,0.332,-0.245,-0.083,0.054,0.121,0.03,0.224
Eif2ak2,0.417,1.298,0.137,-0.409,-0.467,-0.352,0.208,-0.264,0.12,0.173,-0.181,-0.153,-0.086
Eif2ak3,0.245,0.182,0.198,-0.066,0.058,-0.124,0.177,-0.34,0.138,0.368,0.019,0.18,
Eif2ak4,0.39,-0.488,0.164,0.066,0.05,-0.277,0.276,-0.106,-0.056,0.11,0.207,-0.117,-0.519
Eif2b1,-0.162,0.147,-0.044,-0.034,-0.053,0.017,0.093,-0.095,-0.153,-0.026,-0.183,-0.003,0.044
Eif2b2,0.081,-0.023,-0.064,-0.137,0.016,-0.027,-0.261,-0.333,-0.077,-0.003,-0.12,-0.214,0.002
Eif2b3,-0.274,0.191,-0.065,0.092,0.184,0.002,0.201,0.037,-0.123,-0.034,-0.181,-0.147,-0.094
Eif2b4,-0.271,-0.026,-0.016,0.064,0.004,0.112,0.058,-0.317,-0.086,-0.012,0.072,-0.062,0.031
Eif2b5,-0.146,0.31,0.016,0.047,0.216,0.055,-0.046,0.102,-0.022,0.081,-0.105,-0.12,-0.214
Eif2d,-0.214,0.038,0.028,-0.104,0.096,0.266,0.283,0.349,0.171,0.056,-0.003,-0.027,-0.047
Eif2s1,-0.012,0.234,-0.06,-0.069,0.102,0.052,0.144,-0.176,-0.101,-0.026,-0.037,-0.266,-0.139
Eif2s2,-0.064,0.092,-0.136,-0.016,0.105,-0.06,-0.215,-0.066,-0.063,-0.065,-0.071,-0.328,-0.047
Eif2s3x,0.223,0.224,0.061,-0.043,-0.538,0.118,0.098,-2.861,-0.003,0.087,0.041,0.208,0.049
Eif2s3y,0.133,0.791,0.075,-0.01,0.433,-0.019,0.198,-0.172,0.133,0.107,0.159,-0.048,-0.254
Eif3a,-0.043,-0.265,-0.04,0.018,-0.209,-0.035,-0.051,0.174,-0.038,0.116,0.087,-0.074,-0.056
Eif3b,-0.265,-0.055,0.059,0.04,0.106,0.014,-0.18,0.134,0.059,0.136,0.056,-0.009,0.067
Eif3c,0.044,0.103,0.016,-0.032,0.054,-0.014,0.05,-0.082,0.043,0.013,-0.038,-0.015,-0.02
Eif3d,0.016,0.086,-0.033,0.009,-0.208,-0.003,-0.263,-0.201,-0.09,0.049,-0.097,-0.074,-0.044
Eif3e,-0.083,-0.012,-0.146,-0.054,-0.295,-0.128,-0.105,0.039,-0.064,-0.108,-0.091,-0.147,0.015
Eif3f,-0.084,0.072,-0.089,-0.057,-0.132,-0.08,-0.158,0.071,-0.005,-0.075,-0.014,-0.114,-0.054
Eif3g,-0.01,-0.068,-0.185,-0.082,0.154,0.034,-0.279,0.079,-0.073,-0.051,-0.175,-0.14,0.017
Eif3h,-0.151,0.244,-0.147,-0.032,-0.151,-0.105,-0.197,-0.057,-0.014,-0.09,-0.021,-0.381,-0.003
Eif3i,0.015,0.399,-0.192,-0.069,0.05,-0.153,0.101,-0.01,-0.091,-0.086,-0.073,-0.086,-0.044
Eif3k,0.014,-0.016,-0.148,-0.058,0.014,-0.015,-0.019,0.175,-0.01,-0.096,-0.075,-0.163,0.017
Eif3l,0.042,-0.336,0.045,0.003,-0.126,-0.086,-0.067,-0.457,0.012,0.078,-0.053,-0.108,-0.159
Eif3m,0.084,-0.185,-0.167,-0.029,-0.127,0.035,-0.019,0.186,-0.058,-0.046,-0.077,-0.2,0.011
Eif4a1,0.196,0.154,-0.082,-0.047,-0.241,-0.092,-0.314,-0.002,-0.012,0.038,-0.119,0.023,-0.081
Eif4a2,-0.053,0.039,-0.035,-0.076,0.158,-0.062,0.314,-0.057,-0.061,-0.032,0.012,0.108,0.042
Eif4a3,-0.022,-0.366,-0.094,0.008,-0.405,-0.188,0.102,0.236,-0.07,0.051,-0.239,-0.013,-0.052
Eif4b,-0.006,0.234,0.026,-0.068,-0.195,-0.091,-0.116,-0.24,-0.1,0.115,0.058,0.194,-0.043
Eif4e,-0.096,-0.107,-0.084,-0.039,-0.007,-0.113,-0.235,-0.216,0.036,-0.052,-0.078,-0.074,-0.042
Eif4e2,0.095,0.116,-0.008,0.035,-0.009,0.005,-0.25,-0.182,-0.037,0.004,0.032,-0.061,-0.096
Eif4e3,0.191,-0.303,-0.06,0.081,0.133,0.316,0.468,0.048,-0.036,-0.054,0.105,0.004,-0.103
Eif4ebp1,-1.023,,-0.046,-0.136,0.229,0.185,-0.471,,-0.088,-0.299,0.011,0.251,0.03
Eif4ebp2,0.186,-2.357,0.039,0.133,-0.675,-0.163,0.279,0.352,-0.021,-0.032,-0.034,-0.058,0.206
Eif4enif1,-0.125,-0.17,0.063,0.111,0.284,-0.003,0.17,0.411,-0.058,0.081,0.114,0.163,-0.249
Eif4g1,0.222,0.249,0.049,0.004,0.13,0.231,0.203,0.135,0.144,0.346,0.035,0.11,0.087
Eif4g2,-0.026,0.078,0.075,-0.018,-0.181,0.006,0.15,-0.138,0.046,0.043,0.03,0.211,-0.067
Eif4g3,-0.052,0.011,0.115,0.137,0.104,0.139,0.504,-0.136,0.151,0.127,0.082,0.062,-0.019
Eif4h,0.039,-0.314,-0.005,-0.031,-0.16,-0.023,-0.049,-0.208,-0.059,0.081,-0.021,-0.017,-0.113
Eif5,-0.116,-0.102,-0.085,-0.015,-0.157,-0.074,0.055,-0.193,-0.016,-0.023,-0.024,0.009,0.028
Eif5a,-0.096,0.094,-0.172,-0.026,0.021,-0.075,-0.052,-0.08,-0.047,-0.099,-0.107,0.002,-0.038
Eif5a2,0.123,-0.049,0.248,0.334,0.935,0.755,0.411,0.508,0.298,-0.0,0.56,-0.227,-0.034
Eif5b,0.028,0.017,-0.085,0.015,-0.188,-0.064,0.227,0.154,-0.01,0.005,-0.035,-0.089,0.049
Eif6,-0.006,-0.36,-0.157,0.012,-0.305,-0.025,-0.244,0.145,-0.141,-0.033,-0.157,-0.388,-0.099
Elac1,-0.024,0.119,0.156,-0.033,-0.669,0.129,0.145,,0.147,0.117,-0.027,0.44,
Elac2,0.299,,0.132,-0.091,0.026,0.499,-0.062,0.386,-0.151,0.085,-0.229,0.027,-0.031
Elavl1,0.015,-0.581,0.017,0.063,-0.439,0.101,0.159,0.013,-0.033,-0.037,0.007,0.124,-0.083
Elavl2,0.06,0.094,0.075,0.067,0.162,-0.054,0.712,-0.008,0.043,0.07,0.063,0.158,-0.167
Elavl3,-0.195,0.007,0.035,0.024,-0.299,0.025,0.653,-0.133,-0.02,0.078,0.04,0.045,-0.042
Elavl4,0.026,0.022,0.02,-0.033,-0.262,-0.016,0.393,0.124,0.056,0.035,-0.035,0.168,-0.044
Elf1,0.074,-1.151,-0.275,0.226,0.121,0.24,0.007,-0.626,-0.117,0.073,0.002,-0.011,-0.076
Elf2,0.113,0.836,-0.046,0.073,-0.602,-0.15,0.254,0.03,-0.14,-0.046,0.029,-0.091,0.113
Elk4,-0.377,,0.029,-0.178,-0.564,-0.165,-0.194,-0.165,0.042,0.352,0.101,-0.008,-0.904
Elmo1,-0.351,0.125,0.12,0.07,0.328,0.582,0.118,-0.25,0.303,0.096,-0.052,0.391,0.089
Elmo2,0.038,0.272,0.148,0.036,0.178,-0.076,-0.023,0.269,0.009,0.135,0.14,0.213,0.417
Elmod1,-0.716,-0.575,-0.329,-0.251,0.265,0.07,0.295,-0.1,0.372,0.127,0.445,,
Elmod2,0.138,-0.045,0.232,-0.027,-0.261,0.196,-0.052,0.343,0.047,0.366,0.035,0.183,-0.697
Elmod3,-0.036,,0.05,-0.333,-0.535,0.329,-0.46,,-0.324,0.244,0.345,,-1.257
Elof1,-0.105,0.084,-0.16,-0.018,-0.327,-0.105,0.302,0.079,-0.017,-0.145,0.022,-0.089,-0.086
Elovl1,-0.435,0.785,0.006,-0.133,0.405,-0.086,-0.286,-0.613,0.091,0.201,-0.131,-0.243,-0.292
Elovl4,-0.039,0.474,0.29,0.015,0.373,0.043,0.45,0.458,0.129,0.152,0.064,0.29,0.039
Elovl5,0.131,0.039,0.436,0.01,-0.075,0.166,0.31,0.438,0.077,0.201,0.068,0.241,0.017
Elovl6,0.163,-0.327,0.1,0.076,-0.0,-0.008,0.621,-0.01,0.101,0.193,0.131,0.103,-0.187
Elovl7,-0.069,-0.135,0.081,0.01,0.813,0.092,0.432,-0.098,0.079,0.187,0.142,0.372,0.003
Elp2,-0.002,-0.375,0.184,0.119,-0.096,-0.005,0.288,0.422,0.14,0.137,0.098,0.116,-0.138
Elp3,-0.035,-0.623,0.227,0.009,-0.195,0.153,-0.13,0.174,0.066,0.123,-0.078,0.201,-0.246
Elp4,0.238,-0.822,0.009,-0.055,0.391,-0.035,0.029,0.262,-0.178,0.042,-0.175,0.175,-0.678
Emb,-0.07,-0.254,0.169,-0.259,0.419,-0.138,0.498,0.258,0.037,0.107,0.07,0.608,0.017
Emd,0.657,0.384,-0.156,-0.106,-0.225,-0.072,0.075,-0.173,-0.127,-0.077,-0.017,-0.195,-0.088
Eme2,0.196,0.407,0.319,-0.291,0.002,1.339,,-0.124,0.674,0.466,0.044,,
Emg1,0.096,0.496,-0.054,-0.083,-0.245,-0.026,0.039,0.167,-0.07,-0.073,-0.097,-0.072,0.084
Eml1,0.261,-0.664,-0.267,0.104,0.43,0.205,0.1,-0.055,-0.162,0.251,0.05,-0.026,-0.065
Eml2,-0.115,0.105,0.135,0.058,0.655,0.422,0.132,0.131,0.001,0.07,-0.021,0.095,-0.01
Eml3,-0.108,0.375,0.139,-0.436,-0.727,-0.53,0.011,-0.393,-0.082,0.124,-0.236,0.253,-0.135
Eml4,0.016,-0.056,0.111,-0.003,-0.071,0.102,0.379,-0.003,0.046,0.132,-0.073,-0.145,-0.233
Eml5,0.001,-0.33,0.124,0.055,-0.218,0.003,0.556,0.136,0.073,0.233,-0.043,-0.082,0.045
Emp2,0.306,2.206,-0.277,-0.237,-0.236,-1.285,-0.308,-0.313,-0.109,-0.14,-0.083,-0.044,-0.229
Emp3,-0.841,0.722,-0.334,-0.29,-0.806,0.417,-0.809,-1.14,-0.052,-0.232,-0.061,-0.124,-0.241
Enah,0.229,1.832,0.25,0.015,-0.301,0.063,0.291,-0.149,-0.001,0.226,0.04,0.359,0.052
Enc1,0.125,0.179,0.088,-0.299,-0.516,-0.033,0.173,,0.186,0.226,0.288,,-0.044
Endod1,-0.032,0.137,0.52,0.271,0.123,-0.084,0.487,0.272,0.072,0.266,0.188,0.181,0.055
Endog,0.104,,-0.166,-0.034,0.246,-0.133,-0.237,-3.557,-0.18,-0.103,-0.068,-0.166,0.316
Enho,0.014,0.037,-0.1,0.098,0.388,0.074,-0.088,0.036,0.048,-0.107,0.154,-0.083,-0.06
Eno1,0.025,,-0.142,-0.045,0.456,0.22,0.061,0.027,-0.092,0.031,-0.016,-0.236,0.092
Eno2,0.044,-0.013,0.131,-0.028,0.244,0.111,-0.057,-0.016,0.119,0.189,0.238,0.246,0.167
Eno3,-0.218,-1.45,0.103,0.188,0.256,-0.602,-0.523,-0.025,-0.317,-0.141,0.288,0.183,0.139
Enoph1,-0.149,-0.297,-0.109,0.076,0.493,-0.156,0.21,0.564,-0.038,0.051,-0.025,0.013,-0.061
Enox1,-0.005,-0.253,0.056,0.092,0.308,0.185,0.307,0.042,-0.004,0.181,0.184,0.117,-0.004
Enox2,0.007,-0.431,0.097,-0.055,-0.622,-0.399,-1.392,,-0.099,0.043,0.241,-0.228,0.613
Enpp2,0.476,0.688,-0.12,-0.426,-0.11,0.528,-0.464,,-0.01,,0.388,-0.384,0.032
Enpp4,0.066,0.048,0.235,0.13,0.089,0.56,0.573,-0.607,-0.119,0.218,0.086,0.166,0.169
Enpp5,0.053,0.136,0.322,0.121,0.259,0.397,0.397,0.126,-0.06,0.146,0.002,0.267,0.081
Ensa,-0.015,0.267,0.004,-0.023,0.152,-0.1,0.116,0.023,-0.011,0.018,0.172,0.183,0.116
Entpd3,0.246,-0.013,0.566,0.127,2.081,0.065,0.296,0.381,0.144,0.358,-0.09,-0.513,-0.118
Entpd5,-0.152,-0.35,0.201,0.024,-0.4,0.448,0.531,0.586,0.117,0.171,0.344,-0.143,-0.187
Entpd6,-0.218,-4.325,0.326,-0.209,-0.827,0.087,-0.066,-0.491,-0.116,0.083,0.016,-0.029,-0.875
Eny2,0.073,0.819,-0.133,-0.08,-0.155,-0.09,-0.024,-0.302,0.025,-0.044,-0.082,-0.176,-0.092
Ep300,-0.211,1.286,0.069,-0.196,-0.382,0.292,0.436,0.151,0.164,0.239,0.153,0.149,0.119
Ep400,0.051,-0.391,0.097,0.078,-0.349,0.007,0.344,0.478,0.018,0.179,0.119,0.231,-0.268
Epas1,-0.196,0.353,-0.598,-0.078,-0.905,0.092,-0.854,-0.346,-0.441,-0.818,-0.254,,
Epc1,0.32,-0.27,0.025,-0.024,-0.229,0.124,0.434,0.172,-0.076,0.037,0.017,-0.069,-0.047
Epc2,-0.299,0.806,-0.095,-0.113,-0.46,0.114,0.041,-0.125,-0.02,0.073,-0.159,-0.127,-0.135
Epdr1,0.098,0.006,0.308,-0.005,0.491,0.092,0.263,-0.112,0.077,0.096,0.121,0.324,0.049
Epha5,-0.053,0.058,0.383,0.164,0.813,0.1,0.636,0.216,0.038,0.076,-0.108,0.488,0.103
Epha7,-0.156,-0.208,0.294,0.191,-0.955,-0.053,-0.077,-0.981,0.125,0.011,-0.471,,0.453
Ephx1,0.09,1.003,-0.078,0.159,0.044,0.307,0.167,-0.185,-0.148,0.129,-0.061,-0.285,
Ephx4,0.073,-0.696,0.014,-0.01,-0.109,0.509,-0.044,,-0.157,-0.423,0.353,,0.43
Epm2aip1,-0.102,-0.218,0.182,-0.025,0.21,-0.164,0.423,0.125,0.091,0.102,0.139,0.194,-0.076
Epn1,-0.072,-0.019,0.064,-0.001,0.048,0.151,-0.047,-0.151,-0.005,0.162,0.056,0.193,0.008
Epn2,0.169,0.785,-0.063,0.029,-0.136,0.112,0.063,-0.451,0.079,0.085,0.105,0.034,0.024
Eprs,-0.097,0.285,0.07,0.01,0.24,0.132,0.315,0.025,0.038,0.206,-0.017,-0.052,-0.003
Eps15,-0.127,-0.331,0.043,0.003,0.159,0.198,0.523,-0.118,0.039,0.097,0.085,-0.072,0.293
Eps15l1,-0.333,-0.671,0.228,-0.026,-0.169,0.157,0.203,-0.845,0.005,0.121,0.034,0.201,0.128
Eral1,-0.118,0.181,0.05,-0.083,-0.428,0.214,-0.551,,0.215,0.114,0.02,-0.051,0.134
Erap1,0.511,-2.053,0.127,0.114,0.65,0.784,-0.223,,0.014,0.314,-0.072,0.265,
Erc1,0.219,0.23,0.014,0.012,0.192,0.169,0.281,0.086,0.047,0.144,0.092,0.218,0.108
Erc2,-0.182,0.308,0.034,-0.072,-0.105,0.057,0.738,-0.064,0.157,0.21,0.087,0.268,-0.152
Ercc1,-0.109,-0.723,-0.139,-0.062,-0.097,-0.135,-0.283,-0.943,-0.082,-0.087,-0.111,-0.254,-0.074
Ercc3,-0.336,-0.031,0.148,0.033,0.549,0.06,-0.159,,0.118,0.144,-0.01,-0.02,0.317
Ercc4,-0.269,1.613,0.148,0.384,0.074,-0.035,0.047,0.575,-0.649,0.271,0.135,0.017,-0.35
Ercc5,-0.047,0.587,-0.041,0.005,0.542,-0.186,0.068,0.396,-0.089,0.079,0.016,-0.076,-0.393
Ercc6,0.238,-1.276,0.051,-0.003,-0.199,0.046,0.073,-0.161,-0.028,0.392,0.101,0.216,
Ercc8,-0.313,-1.056,0.019,-0.013,-0.316,0.093,0.047,0.015,0.079,0.014,-0.229,0.286,-0.212
Ergic1,0.286,-0.023,0.173,0.024,0.385,0.103,0.552,0.166,0.038,0.072,0.092,0.001,0.189
Ergic2,0.072,0.333,0.133,0.067,0.059,0.104,0.348,0.169,-0.05,0.034,0.049,-0.021,-0.02
Ergic3,0.042,-0.246,-0.038,-0.097,0.058,0.009,0.166,-0.07,-0.07,0.008,-0.005,-0.004,-0.067
Erh,0.057,-0.992,-0.112,-0.018,-0.194,0.12,-0.163,0.192,-0.049,-0.086,-0.085,-0.211,0.004
Eri1,0.155,-1.577,-0.03,-0.115,-0.424,-0.051,0.084,-0.163,-0.05,0.151,-0.195,0.06,0.012
Eri2,0.345,-3.839,0.227,0.179,-0.015,0.846,,,-0.085,0.282,0.501,0.366,-0.715
Eri3,0.035,0.476,-0.051,-0.094,-0.104,0.105,0.1,-0.085,-0.085,-0.036,-0.078,0.222,0.007
Erich1,0.422,0.88,-0.178,0.004,-0.108,0.019,0.505,-0.202,-0.207,-0.065,-0.275,-0.06,-0.131
Erlec1,-0.342,0.14,0.101,-0.138,0.123,-0.02,0.444,0.086,-0.064,-0.059,0.029,-0.273,-0.059
Erlin1,0.273,-1.385,0.125,0.101,0.04,0.071,0.075,0.711,0.025,0.124,0.065,0.081,-0.834
Erlin2,-0.125,-1.27,0.055,-0.134,-0.123,-0.108,0.202,0.327,0.174,0.106,0.042,0.205,-0.206
Ermp1,0.017,-0.667,0.527,-0.184,-0.681,-0.183,0.192,0.377,0.075,0.193,0.048,0.09,0.08
Ero1l,-0.055,0.369,0.228,0.014,-0.14,0.119,,0.187,0.169,0.118,0.098,0.095,0.242
Ero1lb,0.044,0.221,0.111,0.209,0.059,0.537,,,-0.049,0.178,0.212,0.132,
Erp29,0.006,0.103,-0.063,-0.017,0.114,-0.062,0.082,0.326,-0.043,-0.021,-0.051,-0.066,-0.043
Erp44,-0.107,-0.028,0.185,0.037,0.341,-0.052,0.196,-0.274,-0.09,0.014,0.016,-0.073,0.011
Errfi1,0.001,-0.038,-0.056,-0.045,-0.38,-0.067,-0.378,-0.841,0.007,0.196,-0.056,0.143,-0.517
Esco1,0.115,0.752,0.042,-0.014,0.049,-0.109,-0.04,-0.015,0.262,0.021,-0.005,0.019,-0.399
Esd,-0.07,0.441,-0.169,-0.036,0.253,-0.11,-0.387,-0.076,-0.072,-0.1,-0.125,-0.124,-0.032
Esf1,0.168,0.197,-0.064,0.114,0.076,-0.086,0.341,-0.022,0.003,0.045,0.008,-0.157,-0.097
Esrra,-0.028,0.346,0.113,0.182,-0.13,-0.371,0.017,0.111,-0.083,0.037,0.09,0.031,0.041
Esyt1,0.047,-0.422,0.427,0.007,0.375,0.171,0.259,0.295,0.063,0.286,-0.012,-0.048,0.08
Esyt2,0.168,-0.308,0.119,0.09,0.012,-0.201,0.368,-0.064,0.203,0.27,0.176,0.261,-0.447
Etaa1,-0.843,-0.453,-0.024,-0.375,-0.365,-0.012,0.277,-0.738,0.031,-0.047,0.068,0.027,-0.228
Etf1,0.043,-0.539,0.016,0.007,0.164,-0.053,-0.17,-0.69,-0.001,0.078,0.064,-0.059,0.062
Etfa,-0.02,-0.276,-0.036,0.099,-0.333,-0.033,0.086,-0.403,-0.12,-0.034,-0.186,-0.015,-0.079
Etfb,0.067,0.342,-0.25,-0.011,0.14,-0.235,-0.211,0.036,-0.162,-0.085,-0.138,-0.06,0.002
Etfdh,0.052,-0.358,0.148,-0.051,-0.118,0.373,0.356,-0.094,0.158,-0.058,-0.011,-0.184,-0.065
Ethe1,0.216,0.738,-0.075,-0.072,0.682,0.148,-0.015,-0.109,-0.054,-0.084,-0.216,-0.447,0.116
Etl4,-0.101,0.803,0.74,0.003,0.177,0.536,0.55,0.047,0.096,0.198,-0.258,-0.409,-0.753
Etnk1,-0.067,-0.131,0.201,0.063,0.239,0.246,0.372,-0.212,0.08,0.197,0.173,-0.0,0.063
Etv1,0.357,-0.151,0.341,-0.088,1.287,0.4,0.367,-0.354,0.28,0.881,-0.083,-0.694,-0.691
Etv3,-0.103,-0.305,0.012,0.174,0.33,-0.355,-0.189,-0.172,0.142,0.027,0.127,0.091,-0.12
Etv5,-0.126,-0.037,0.144,-0.009,0.79,0.34,0.12,-0.111,0.259,0.108,0.237,0.277,0.026
Etv6,0.407,0.193,0.027,-0.132,0.27,0.696,-0.161,-0.282,0.173,0.181,-0.006,-0.172,
Evi5,0.107,0.085,0.117,0.025,0.224,-0.011,0.249,0.009,0.051,0.013,0.098,-0.103,-0.046
Evi5l,-0.186,,0.172,-0.006,0.27,0.179,0.0,-0.059,0.042,0.106,0.052,0.143,0.167
Evl,0.076,0.693,0.02,0.067,0.112,0.069,0.094,0.1,0.03,-0.017,0.045,0.016,0.018
Ewsr1,0.084,0.497,0.052,0.016,-0.427,-0.243,0.052,0.03,-0.016,0.155,0.023,-0.017,-0.059
Exd2,0.457,0.523,0.065,0.019,-0.415,0.072,0.378,0.124,0.191,0.215,-0.01,0.06,0.171
Exoc1,-0.102,0.202,0.098,0.021,-0.324,-0.051,0.39,-0.15,0.063,0.151,-0.024,-0.098,0.14
Exoc2,0.081,-0.367,0.148,0.153,-0.028,0.007,0.515,-0.465,0.123,0.187,0.103,-0.066,0.133
Exoc3,-0.051,0.162,0.031,-0.068,0.082,0.096,0.203,0.251,-0.045,0.012,-0.001,-0.053,0.146
Exoc4,0.165,-0.476,0.157,0.087,-0.504,0.03,0.319,0.311,0.03,0.175,0.18,0.112,-0.128
Exoc5,-0.244,-0.082,0.098,0.055,0.149,0.145,0.229,-0.124,-0.043,0.146,0.029,-0.003,0.182
Exoc6,-0.052,0.349,0.025,-0.1,0.719,0.022,0.169,0.084,0.133,-0.001,0.235,0.014,-1.057
Exoc6b,0.188,-0.297,0.165,-0.107,0.021,0.142,0.421,-0.044,0.09,0.155,0.067,0.108,0.147
Exoc7,0.094,-0.762,-0.051,-0.086,0.057,-0.362,-0.076,0.082,-0.033,0.091,-0.222,-0.105,0.063
Exoc8,0.593,-0.294,0.088,0.029,0.176,0.067,0.348,,0.001,0.182,0.146,0.019,0.267
Exog,0.222,-0.146,0.165,-0.049,-0.388,0.064,-0.519,0.529,0.293,0.206,0.311,0.188,-0.446
Exosc1,-0.03,-0.88,-0.067,-0.121,-0.165,-0.125,0.005,-0.097,-0.001,-0.069,-0.237,-0.155,-0.049
Exosc10,0.399,0.386,0.041,0.064,-0.215,-0.149,0.174,-0.008,-0.004,0.008,-0.137,0.026,-0.106
Exosc2,-0.025,0.137,-0.154,-0.044,-0.074,-0.189,-0.259,-0.421,-0.162,0.034,0.17,-0.228,-0.583
Exosc3,-0.183,0.086,-0.157,-0.055,0.199,0.037,-0.202,,-0.026,-0.033,-0.262,-0.21,-0.213
Exosc4,0.156,1.001,-0.189,-0.105,0.391,0.153,-0.262,-0.215,-0.088,-0.091,-0.078,-0.045,-0.016
Exosc5,-0.187,-0.435,-0.025,-0.04,0.213,0.1,-0.171,-0.579,-0.326,-0.01,-0.205,-0.468,-0.18
Exosc7,-0.174,0.377,-0.142,-0.028,-0.221,0.056,-0.212,0.184,-0.192,-0.013,-0.161,-0.036,0.115
Exosc8,-0.398,-0.017,-0.016,0.098,-0.38,-0.506,-1.09,0.71,-0.098,-0.054,-0.122,-0.173,-0.273
Exosc9,-0.041,-0.454,-0.075,0.025,0.043,0.257,-0.065,-0.174,-0.08,0.061,-0.153,-0.088,-0.125
Ext1,-0.428,0.173,0.022,-0.13,-0.746,-0.113,-0.133,0.105,-0.061,0.142,0.096,0.078,0.229
Ext2,-0.028,0.399,0.221,0.125,-0.078,-0.068,0.329,0.132,0.087,0.183,0.042,0.311,-0.115
Extl2,-0.031,0.04,0.367,-0.05,0.546,0.136,0.425,0.457,-0.015,0.087,0.065,0.013,-0.058
Extl3,-0.001,-0.161,0.272,0.16,0.046,0.071,0.152,-0.129,0.137,0.333,0.134,0.025,0.342
Eya1,0.269,0.099,0.131,0.052,-0.317,-0.067,0.549,0.311,0.097,0.283,0.325,,-0.766
Eya3,0.033,0.374,0.241,-0.026,-0.408,0.367,0.013,-0.239,0.111,0.009,0.24,0.074,
Ezh1,-0.091,-0.195,0.053,0.24,-0.209,-0.302,0.016,0.527,0.239,0.037,0.001,-0.136,0.124
Ezh2,-0.594,-0.362,0.043,-0.225,-1.408,-0.452,-0.248,,-0.43,0.031,-0.487,0.067,0.187
Ezr,-0.11,0.982,-0.234,-0.037,-0.112,0.006,-0.659,-0.241,0.066,0.111,-0.073,0.137,-0.138
F2r,-0.296,-0.531,0.265,-0.32,0.135,0.493,-0.513,,0.227,0.155,0.14,-0.513,-0.628
F8a,0.11,-0.584,-0.121,-0.085,0.395,0.018,0.541,0.057,-0.108,0.034,0.032,0.099,0.205
Faah,0.04,-0.174,0.208,0.224,0.432,0.227,0.342,0.081,0.141,0.133,0.212,-0.069,-0.097
Fabp3,-0.061,0.245,-0.15,-0.056,0.863,0.155,-0.188,0.05,-0.112,-0.118,0.094,-0.125,0.103
Fabp5,0.094,-0.055,-0.108,0.015,0.502,0.059,0.09,-0.015,-0.036,-0.047,-0.111,-0.156,0.0
Fabp7,0.175,-0.492,-0.624,-0.239,-0.693,0.629,-0.424,-0.858,-0.321,-0.1,0.378,-0.388,-0.527
Fads1,0.083,0.255,0.029,-0.031,-0.397,0.114,-0.119,-0.304,-0.002,0.247,0.088,-0.059,-0.088
Fads3,0.122,0.911,0.138,0.083,0.404,0.05,0.12,0.544,0.022,0.174,-0.192,-0.091,0.655
Faf1,0.093,1.031,0.167,-0.014,0.162,0.353,-0.212,-0.398,0.042,0.07,-0.046,0.085,-0.122
Faf2,-0.132,0.219,0.149,0.065,0.21,0.156,0.752,-0.087,0.065,0.078,0.05,0.155,0.276
Fah,-0.006,0.882,0.113,-0.059,-0.598,-0.274,0.407,0.171,0.012,0.017,-0.343,0.117,-0.284
Fahd1,-0.291,1.065,-0.216,-0.202,0.197,-0.347,0.307,-0.006,-0.15,-0.083,0.143,-0.232,-0.262
Fahd2a,0.13,-0.248,-0.148,-0.039,-0.115,-0.004,-0.171,0.186,-0.005,-0.067,0.038,-0.242,0.224
Faim,0.0,-0.406,-0.147,0.031,0.12,0.032,0.487,0.269,-0.109,-0.037,0.018,-0.262,-0.198
Faim2,0.266,0.456,0.22,0.151,0.373,0.038,0.392,0.079,0.284,0.173,0.272,0.533,0.469
Fam102a,0.196,0.46,0.201,-0.32,-0.569,0.406,-0.012,-1.121,-0.116,0.093,0.246,-0.14,
Fam102b,0.189,-0.014,0.122,0.171,0.519,0.373,0.365,-0.065,0.087,0.119,0.352,-0.048,-0.024
Fam107b,0.057,0.333,0.119,-0.078,-0.845,0.043,-0.678,,-0.322,-0.039,0.09,-0.308,0.069
Fam110b,0.259,0.377,0.104,-0.041,0.317,0.11,0.246,-0.072,-0.141,-0.027,-0.167,0.34,0.063
Fam114a2,-0.003,0.108,0.024,0.03,0.181,-0.107,0.392,0.003,-0.07,0.022,0.047,-0.022,-0.08
Fam117b,0.112,-0.201,0.058,-0.043,0.126,0.039,0.196,-0.024,0.008,0.162,-0.077,0.218,0.111
Fam118a,0.38,-1.061,0.068,0.098,-0.109,-0.508,-0.793,0.497,-0.049,0.033,0.209,0.036,0.141
Fam118b,0.11,0.181,0.138,0.136,-0.676,-0.748,,,0.059,0.289,-0.122,0.012,0.189
Fam120a,0.015,0.215,0.05,-0.183,-0.196,0.19,0.252,0.037,0.12,0.142,0.181,0.042,-0.313
Fam120b,0.114,0.183,0.208,-0.051,-0.893,0.285,0.531,0.118,0.055,0.205,0.098,0.133,0.081
Fam122a,0.161,-0.04,-0.213,0.114,-0.612,-0.091,-0.181,-0.08,-0.147,-0.2,0.093,-0.003,-0.042
Fam124a,0.449,-1.237,0.139,-0.07,-0.313,-0.058,-0.39,,-0.095,0.222,0.294,0.32,-0.435
Fam126b,0.188,-0.112,0.109,0.134,-0.171,0.075,1.048,0.012,0.205,0.108,0.159,0.089,-0.192
Fam131a,0.162,0.252,-0.002,-0.057,-0.104,-0.029,0.408,0.202,-0.024,0.038,0.121,0.235,0.227
Fam131b,-0.156,0.059,-0.046,-0.057,0.06,-0.39,0.073,0.15,0.06,0.035,-0.116,0.105,0.146
Fam131c,0.371,,-0.192,-0.258,0.298,-0.047,-0.795,-0.107,-0.111,-0.184,-0.302,,-1.115
Fam133b,-0.006,0.971,-0.074,0.045,-0.038,-0.21,-0.007,-0.069,-0.031,-0.088,-0.005,-0.223,-0.003
Fam135a,0.26,0.149,0.193,-0.074,-0.83,0.104,0.42,0.137,0.214,0.032,-0.146,-0.014,0.071
Fam136a,-0.231,0.061,-0.047,-0.028,-0.174,-0.263,-0.277,0.024,0.002,-0.087,-0.008,-0.193,0.21
Fam13a,0.036,-0.062,0.385,0.03,-0.622,0.755,1.049,-0.044,0.019,0.268,-0.03,-0.001,-0.138
Fam13b,0.22,0.958,0.036,-0.04,0.055,0.046,0.357,0.169,-0.004,0.046,0.056,0.054,-0.671
Fam13c,-0.087,,0.041,-0.101,0.913,0.017,0.592,0.308,0.062,0.148,-0.015,-0.025,-1.04
Fam149a,0.498,-0.153,0.205,-0.105,0.479,0.335,-0.222,0.598,0.029,0.08,-0.047,-0.108,-0.229
Fam149b,0.166,0.537,0.075,0.059,-0.442,-0.16,0.09,0.232,0.004,-0.074,-0.025,-0.112,-0.207
Fam155a,0.293,0.384,0.266,0.022,0.266,0.142,0.569,-0.087,-0.068,0.094,0.011,-0.397,-0.366
Fam160a2,0.516,-0.049,0.119,0.198,0.233,-0.033,-0.719,0.18,-0.021,0.176,0.157,0.102,-0.164
Fam160b1,-0.106,-0.168,0.148,0.041,0.149,-0.22,0.444,-0.044,0.005,0.255,0.103,0.046,-0.049
Fam160b2,-0.215,0.123,0.141,0.179,0.006,0.199,-0.052,0.432,0.028,0.105,-0.046,-0.038,-0.295
Fam161a,-0.599,-0.439,-0.057,-0.405,1.258,-0.219,,,0.22,0.055,-0.75,-0.141,
Fam161b,-0.527,-0.294,-0.004,0.014,-0.348,-0.035,0.62,-0.787,0.113,0.232,0.075,0.18,0.204
Fam162a,0.115,-0.206,-0.137,-0.051,0.192,0.089,0.242,0.048,-0.08,-0.178,-0.18,-0.225,0.166
Fam168a,0.02,0.223,0.088,0.077,-0.267,0.079,0.455,-0.134,0.071,0.201,0.07,0.255,-0.223
Fam168b,0.166,-0.647,0.169,0.056,0.037,0.157,0.135,-0.022,0.049,0.242,0.153,0.187,0.107
Fam169a,0.126,0.803,-0.005,0.156,0.293,0.102,0.361,0.262,-0.02,0.072,0.043,0.275,-0.658
Fam171a1,0.076,0.023,0.176,0.153,0.494,0.216,0.209,0.049,-0.003,0.084,0.065,-0.066,-0.089
Fam171b,0.111,0.622,0.087,0.013,0.374,0.175,0.623,-0.018,0.01,0.019,0.151,0.275,0.154
Fam172a,-0.197,-0.086,0.13,0.027,-0.079,0.123,0.275,0.01,0.101,-0.009,0.134,0.04,-0.113
Fam173a,0.075,-0.003,0.08,-0.067,0.308,-0.196,,0.242,-0.118,-0.007,-0.011,-0.309,0.051
Fam174a,0.024,0.042,-0.023,-0.042,0.558,-0.073,0.511,-0.157,0.034,-0.104,0.094,-0.183,-0.074
Fam174b,0.069,-0.774,-0.253,0.045,0.428,-0.236,0.199,-0.128,0.068,0.142,-0.047,0.142,-0.023
Fam184a,0.002,-1.122,0.054,0.045,-0.169,0.225,0.203,-0.578,-0.146,0.092,0.266,-0.217,-0.222
Fam185a,-0.314,-0.486,0.134,-0.007,0.552,-0.333,-0.842,,-0.061,0.169,0.033,-0.164,
Fam189a2,0.146,0.915,0.124,0.192,0.423,0.324,0.262,0.459,0.159,0.046,0.375,0.232,
Fam189b,0.065,0.189,0.237,0.012,0.285,-0.056,0.423,0.033,0.02,0.274,0.083,0.12,0.047
Fam192a,0.013,-0.154,-0.133,0.035,0.057,-0.113,,-0.191,-0.038,-0.019,-0.011,0.06,0.132
Fam193a,0.237,0.217,0.052,0.163,-0.083,-0.075,0.495,-0.174,-0.07,0.107,0.198,0.079,-0.157
Fam193b,0.505,0.289,0.36,0.128,-0.715,0.222,0.543,-0.084,-0.133,0.289,-0.046,0.096,-0.131
Fam199x,-0.089,0.933,0.17,0.198,-0.286,0.1,0.996,-0.715,0.135,0.198,0.026,0.138,-0.347
Fam20b,0.353,-0.019,0.344,0.072,-0.681,0.037,0.086,0.105,0.041,0.179,0.154,-0.124,-0.594
Fam20c,0.176,-0.083,0.293,0.073,0.012,0.075,0.134,-0.206,0.087,0.19,0.038,0.105,0.124
Fam32a,0.145,-0.337,-0.123,-0.042,0.202,-0.011,0.081,-0.111,0.013,-0.047,0.007,-0.098,0.005
Fam3a,0.412,-0.605,-0.009,0.023,0.278,0.127,0.397,-0.456,-0.119,0.127,-0.092,-0.14,-0.211
Fam3c,0.072,0.476,0.025,0.044,-0.486,0.187,-0.117,-0.26,-0.202,-0.031,-0.144,-0.125,-0.152
Fam45a,-0.084,-0.14,0.023,0.038,0.002,0.298,,0.323,-0.063,-0.06,0.12,0.043,-0.008
Fam49b,-0.278,-0.037,0.156,0.046,0.191,-0.005,,0.093,0.08,-0.023,-0.029,0.129,-0.009
Fam50a,0.037,0.378,-0.116,0.042,-0.298,-0.175,-0.716,-0.128,-0.063,-0.038,-0.248,-0.073,-0.19
Fam53a,-0.472,-2.591,-0.16,-0.077,-0.249,-0.111,-0.362,-0.371,0.033,-0.031,-0.018,0.007,0.137
Fam53c,-0.308,-0.429,0.043,0.075,-0.156,-0.079,0.084,0.126,0.071,0.223,0.052,0.227,-0.683
Fam57a,0.465,,0.234,-0.074,0.227,0.032,,1.095,0.084,0.235,0.109,0.154,-0.569
Fam57b,0.138,0.08,0.243,-0.111,0.206,-0.122,,0.184,0.027,0.127,0.045,0.04,0.061
Fam76a,0.158,0.115,-0.199,-0.013,0.091,0.04,0.366,0.19,-0.073,-0.062,0.087,0.043,-0.03
Fam76b,-0.218,-0.475,-0.018,0.086,-0.591,-0.089,0.046,0.123,-0.173,0.064,-0.322,-0.068,-0.027
Fam78b,-0.299,0.759,0.44,0.311,0.017,0.144,0.327,0.324,0.092,0.202,0.08,-0.066,-0.314
Fam89a,-0.324,0.475,,0.015,1.055,0.226,0.15,0.021,0.116,-0.009,0.01,-0.609,-0.669
Fam89b,0.011,-0.057,-0.025,-0.051,0.062,-0.006,-0.767,,-0.046,-0.179,-0.072,,0.079
Fam92a,0.089,0.093,-0.09,-0.111,0.048,0.027,,0.333,-0.01,-0.055,0.033,-0.201,-0.028
Fam98a,0.431,0.086,-0.001,0.181,0.219,0.232,0.313,-0.24,-0.013,0.058,0.009,0.012,-0.01
Fam98b,-0.075,-0.007,-0.134,-0.069,-0.112,-0.232,-0.025,0.614,-0.082,-0.022,-0.013,-0.029,0.177
Fam98c,0.257,,-0.028,-0.031,0.243,0.118,0.002,-0.296,-0.055,-0.073,0.011,-0.309,-0.206
Fancc,-0.404,-3.296,0.125,-0.148,-0.393,0.444,,,-0.152,-0.055,-0.169,0.179,-0.591
Fance,-0.466,-0.815,-0.143,-0.066,-0.135,-0.007,-0.014,0.334,-0.001,-0.063,0.037,-0.042,-0.202
Fancf,-0.021,0.908,-0.036,-0.387,0.035,0.159,,,-0.356,-0.113,-0.031,0.042,
Fancl,-0.568,,-0.123,-0.172,-1.144,0.364,-0.576,,-0.164,-0.101,0.049,0.048,-0.444
Fancm,0.089,-0.205,0.24,0.03,-1.264,-0.326,-0.855,,0.163,0.051,-0.313,-0.183,
Far1,0.042,0.07,0.184,-0.032,0.149,0.049,0.373,-0.259,0.114,0.141,0.144,0.114,-0.029
Farp2,0.039,,-0.023,0.388,-0.904,-0.879,-0.213,-0.098,-0.246,0.187,0.441,-0.163,
Fars2,0.177,0.317,-0.049,-0.069,0.187,0.07,-1.153,-0.443,-0.037,-0.037,0.051,-0.374,0.015
Farsa,-0.056,0.666,0.072,0.036,0.101,-0.059,-0.259,0.064,-0.144,0.178,-0.027,-0.241,-0.021
Farsb,0.025,0.46,0.066,0.022,0.141,-0.033,0.009,-0.228,-0.112,0.056,-0.067,0.109,-0.194
Fasn,0.123,0.143,0.019,0.026,-0.121,-0.095,-0.18,-0.443,0.206,0.293,0.096,0.195,0.151
Fastk,-0.071,0.345,0.097,-0.032,0.223,0.25,0.115,0.086,-0.03,0.015,0.108,0.25,0.239
Fastkd1,-0.237,-0.906,0.17,0.012,0.008,0.306,-1.291,,0.059,0.087,0.004,0.011,
Fastkd2,0.021,-0.373,0.109,0.095,0.364,-0.159,-0.822,-0.382,-0.074,0.081,-0.224,-0.392,0.415
Fastkd3,-0.137,0.465,0.079,0.021,0.008,-0.499,-0.041,,-0.205,-0.159,0.024,,0.44
Fau,-0.046,0.224,-0.147,-0.029,-0.055,-0.032,-0.377,-0.098,-0.002,-0.115,-0.017,-0.376,-0.037
Fbll1,0.086,-0.179,-0.186,0.092,0.516,0.079,-0.149,0.266,0.238,-0.058,0.037,-0.109,0.163
Fbln2,0.879,-0.416,-0.436,-0.148,-1.27,-0.543,-0.851,-0.693,-0.611,-0.231,0.556,,
Fbln5,0.668,1.551,-0.098,0.167,-3.373,,-0.316,-0.231,-0.647,-0.072,0.157,,-0.38
Fbrs,-0.626,0.497,0.207,0.167,-0.06,-0.01,-0.181,0.2,0.004,0.15,0.055,0.105,-0.111
Fbxl12,-0.574,-0.268,0.125,-0.241,-0.453,-0.054,-0.175,-0.013,0.05,0.123,-0.135,0.046,0.01
Fbxl15,0.182,-1.308,-0.128,0.069,0.506,-0.188,-0.24,-0.051,-0.055,-0.077,0.038,-0.314,-0.152
Fbxl16,0.168,0.115,0.068,0.067,-0.199,0.159,0.122,-0.093,-0.01,0.078,0.129,0.273,0.015
Fbxl17,0.013,-0.538,0.16,0.071,0.212,0.27,0.17,0.137,0.066,0.183,0.025,0.113,0.402
Fbxl2,0.231,0.029,0.115,0.073,0.168,-0.093,0.457,0.064,0.018,0.114,-0.083,-0.053,0.174
Fbxl20,-0.024,-0.267,0.174,0.107,-0.586,-0.449,0.292,-0.247,-0.065,0.16,0.083,0.079,0.316
Fbxl3,-0.256,-0.535,0.04,-0.032,-0.089,-0.0,0.375,-0.147,0.083,0.13,0.013,0.125,0.077
Fbxl4,0.178,-0.034,0.169,-0.037,-0.489,-0.489,0.821,0.664,-0.046,0.312,0.114,0.085,0.274
Fbxl5,0.132,0.311,0.077,-0.015,-0.118,-0.057,-0.041,-0.176,0.013,0.041,0.115,-0.163,-0.013
Fbxl6,-0.181,-0.695,0.09,-0.079,-0.043,0.261,0.169,-0.394,-0.022,0.134,-0.162,0.006,-0.065
Fbxo11,-0.112,0.387,0.059,0.013,-0.078,0.032,0.366,-0.055,0.063,0.169,0.055,0.116,0.223
Fbxo16,-0.136,1.536,-0.058,0.186,0.155,0.415,0.138,,0.01,0.092,0.178,-0.371,-1.335
Fbxo2,0.036,-0.003,-0.105,-0.174,1.118,0.571,-0.05,0.296,-0.091,-0.085,0.128,-0.231,0.287
Fbxo21,0.562,-0.396,0.236,-0.009,-0.168,-0.066,0.216,0.338,0.098,0.13,0.031,0.105,-0.024
Fbxo22,0.169,0.163,-0.11,0.017,0.096,0.026,0.235,0.188,-0.06,-0.069,0.024,-0.113,-0.02
Fbxo25,0.298,0.486,0.028,-0.032,0.023,-0.047,0.124,-0.366,0.021,0.075,0.098,0.214,0.126
Fbxo27,-0.106,0.967,0.157,-0.174,-0.405,-0.08,,,-0.052,0.031,-0.094,0.456,
Fbxo28,0.073,0.125,0.025,-0.012,0.13,-0.182,0.25,-0.357,0.019,0.087,0.123,0.102,0.004
Fbxo3,-0.032,-1.261,0.089,-0.002,-0.265,0.044,0.14,0.438,0.05,0.128,0.07,-0.021,-0.028
Fbxo30,-0.124,-0.354,-0.021,-0.04,0.102,-0.152,0.205,-0.018,0.222,0.048,-0.094,0.148,-0.226
Fbxo31,0.14,0.185,0.327,-0.014,0.38,0.115,-0.074,-0.057,0.021,0.103,0.187,-0.029,-0.007
Fbxo32,0.169,0.451,0.135,,-1.832,-1.07,-0.184,,0.3,0.017,0.138,-0.022,
Fbxo33,-0.003,0.117,0.173,0.036,-0.113,-0.608,0.025,0.113,0.053,0.139,0.147,-0.056,-0.806
Fbxo34,-0.07,-0.4,0.091,-0.085,0.163,-0.084,0.452,0.082,-0.039,0.102,0.074,0.088,0.74
Fbxo36,-0.018,1.127,-0.028,-0.123,-0.638,-0.292,-0.875,-0.346,0.075,-0.144,-0.184,-0.21,
Fbxo38,-0.097,0.756,0.095,0.031,0.057,-0.134,-0.071,-0.048,0.048,0.133,0.088,0.326,0.207
Fbxo4,-0.241,0.583,-0.028,-0.018,0.011,0.03,0.152,-0.438,-0.192,-0.157,-0.061,0.06,0.271
Fbxo42,-0.112,0.176,0.093,-0.004,0.015,0.307,0.439,-0.298,0.144,0.105,0.04,0.154,-0.059
Fbxo44,0.065,0.467,-0.008,0.075,0.544,-0.423,0.172,-0.092,-0.097,-0.061,-0.08,0.237,-0.243
Fbxo45,-0.093,0.192,0.09,0.046,-0.128,0.126,0.274,-0.462,0.083,0.091,0.066,0.038,0.063
Fbxo6,-0.019,-0.091,-0.067,0.044,-0.132,0.03,-0.504,0.159,-0.086,-0.069,-0.115,0.142,0.37
Fbxo7,-0.066,0.917,-0.075,0.037,0.246,-0.19,-0.224,-0.032,-0.025,0.07,0.025,0.21,0.185
Fbxo8,-0.087,-0.155,0.216,-0.016,0.197,0.013,0.429,0.181,-0.157,0.045,-0.104,0.11,-0.144
Fbxo9,0.009,-0.183,-0.069,0.019,0.299,0.295,0.296,-0.192,-0.043,-0.077,0.067,-0.043,0.039
Fbxw11,-0.119,-0.178,0.198,-0.006,-0.183,0.168,0.088,0.443,0.112,0.087,0.113,0.213,-0.362
Fbxw17,0.145,-0.525,0.079,0.01,-0.232,-0.11,0.149,-0.593,0.071,0.113,-0.033,-0.018,0.066
Fbxw2,0.231,-0.117,0.048,0.001,-0.122,-0.132,0.336,-0.064,0.046,-0.014,-0.005,-0.106,0.267
Fbxw4,0.114,-0.237,0.147,-0.258,-0.326,-0.58,0.242,-0.16,-0.087,0.117,-0.158,0.013,0.128
Fbxw5,0.291,0.066,0.155,-0.039,0.37,0.168,-0.061,0.22,-0.092,0.073,-0.027,-0.04,0.003
Fbxw7,0.093,-0.45,0.058,-0.185,-0.759,0.036,0.599,-0.257,0.016,0.099,-0.075,0.02,-0.483
Fbxw8,-0.017,-0.303,0.116,0.059,-0.436,0.269,-0.072,-0.569,0.182,0.145,0.05,0.195,0.042
Fbxw9,-0.231,0.118,0.046,-0.017,0.645,0.083,0.351,0.273,-0.077,0.106,0.04,-0.222,0.016
Fcf1,0.057,-0.545,-0.084,-0.016,0.38,0.022,0.249,0.325,-0.215,-0.022,-0.142,-0.227,0.113
Fcgrt,-0.433,-1.134,-0.18,,,,-0.801,-0.495,-0.178,-0.11,0.273,-0.051,-0.159
Fcho1,0.344,-0.519,0.146,-0.053,-0.151,0.549,0.666,0.211,0.277,0.216,0.079,0.287,-0.105
Fcho2,-0.03,0.321,0.052,0.238,0.253,-0.028,0.523,0.083,0.013,0.105,0.071,-0.077,-0.211
Fchsd1,0.081,-0.555,0.273,-0.33,0.019,-0.187,0.014,0.078,0.078,0.313,0.141,-0.178,-0.059
Fchsd2,-0.101,-0.247,0.096,-0.03,-0.297,-0.357,-0.5,0.119,0.062,0.071,-0.002,0.21,-0.203
Fdft1,0.067,0.171,-0.137,-0.001,0.206,0.118,0.103,-0.05,-0.016,0.081,-0.035,0.116,0.049
Fdps,0.115,0.13,-0.183,0.055,0.262,-0.003,-0.143,0.072,-0.056,-0.001,-0.136,-0.283,-0.028
Fdx1,0.085,-0.426,-0.147,0.065,0.063,0.016,-0.013,-0.076,-0.061,-0.126,-0.038,-0.287,-0.128
Fdxacb1,-0.043,,-0.052,-0.32,0.578,0.65,-0.266,,-0.195,0.013,-0.018,0.028,0.036
Fdxr,-0.15,-1.196,0.066,0.104,-0.269,-0.137,-0.646,-0.309,-0.044,-0.022,-0.095,-0.036,-0.243
Fech,-0.128,-0.45,0.071,0.063,0.313,0.277,0.172,0.206,0.107,0.094,-0.061,0.129,-0.174
Fem1a,0.32,0.029,0.103,0.071,0.509,0.21,0.207,-0.049,0.051,0.113,0.164,0.219,0.176
Fem1b,0.052,-0.019,0.115,0.006,-0.105,0.053,0.218,-0.102,0.045,0.233,0.082,0.308,0.142
Fem1c,-0.135,-0.403,0.109,0.109,-0.406,-0.315,0.09,0.47,-0.063,0.062,-0.098,0.124,0.161
Fen1,-0.31,0.079,-0.01,-0.206,-0.534,-0.449,0.163,,0.375,0.177,-0.177,0.085,-1.095
Fermt2,-0.009,0.135,-0.212,-0.007,0.633,0.119,0.197,-0.026,0.086,-0.025,0.051,-0.099,-0.168
Fez1,0.056,0.031,-0.161,-0.049,0.167,-0.149,0.123,-0.269,-0.102,-0.056,-0.02,-0.225,-0.037
Fez2,0.011,0.244,-0.048,0.079,0.014,0.014,0.136,-0.165,0.079,0.022,-0.104,0.044,-0.121
Fgd4,-0.043,1.575,0.113,0.078,-0.35,0.005,0.644,-0.17,0.021,0.128,0.082,0.159,0.017
Fgf1,-0.002,-0.112,0.045,0.105,1.363,-0.272,-0.008,-0.047,0.203,0.128,0.497,0.202,-0.024
Fgf12,0.134,-0.543,0.234,0.131,-0.013,-0.003,0.124,-0.01,-0.138,-0.064,0.247,-0.089,0.101
Fgf13,-0.057,-0.195,-0.094,-0.147,-0.816,-0.168,,,-0.014,-0.002,-0.173,0.15,-0.017
Fgf14,2.065,0.466,0.244,0.042,0.51,0.027,0.632,0.505,-0.117,0.077,0.255,0.243,-0.039
Fgfr1,-0.016,-0.01,0.023,0.126,-0.323,-0.36,-0.386,0.188,-0.06,0.303,0.264,0.158,-0.322
Fgfr1op,-0.388,0.357,0.132,0.081,-0.278,-0.195,,-0.441,0.149,0.023,-0.093,0.007,0.0
Fgfr1op2,0.196,0.017,-0.089,0.053,-0.267,-0.084,0.383,-0.174,-0.0,-0.115,-0.107,-0.044,-0.185
Fggy,-0.157,-0.079,0.137,,0.147,0.423,0.118,-0.391,,0.004,-0.892,-0.244,-0.457
Fh1,0.029,-0.178,-0.096,-0.055,0.034,-0.143,-0.261,-0.538,-0.172,0.078,-0.253,-0.196,0.032
Fhit,-0.27,0.082,0.175,-0.131,0.146,0.02,-1.772,,-0.04,-0.164,0.055,,
Fhl1,-0.019,-0.144,0.03,-0.033,-0.037,-0.093,-0.077,0.186,0.046,0.13,0.104,0.074,-0.09
Fhod3,0.251,-0.43,0.07,-0.271,-0.265,-0.023,0.013,0.103,-0.032,0.101,-0.174,-0.098,-0.184
Fibp,-0.062,-0.151,-0.06,-0.057,0.262,-0.134,0.262,-0.22,-0.104,-0.102,-0.057,-0.22,-0.155
Ficd,0.035,0.655,0.268,-0.394,0.144,0.215,0.939,,-0.116,0.193,0.005,0.173,0.215
Fig4,0.404,0.307,0.049,0.073,-0.076,0.297,0.114,0.15,0.129,0.22,0.102,-0.137,-0.214
Fip1l1,0.234,-2.13,-0.06,0.079,-0.421,-0.314,0.316,0.017,0.019,0.019,0.052,0.016,-0.007
Fis1,-0.033,-0.025,-0.15,-0.032,0.156,0.024,-0.043,0.074,0.018,-0.132,0.02,0.15,0.068
Fitm2,0.382,-0.398,0.366,0.114,-0.247,0.489,-0.131,-0.39,0.127,0.253,0.097,0.045,-0.001
Fiz1,0.099,-0.309,-0.097,0.076,-0.626,-0.352,-0.17,,-0.253,0.002,0.004,0.234,-0.094
Fjx1,0.435,-0.247,0.085,0.003,1.521,-0.015,-1.239,,-0.048,-0.114,0.191,,-0.202
Fkbp11,0.915,0.759,0.159,0.213,1.11,0.73,-0.21,-0.062,-0.234,0.179,0.172,-0.55,-1.467
Fkbp14,0.183,-0.839,0.02,-0.143,0.44,0.433,0.369,-0.941,-0.011,0.227,0.074,,0.069
Fkbp15,0.674,-0.786,0.112,0.131,-0.171,0.06,-0.121,-0.157,-0.094,0.248,0.095,0.006,0.184
Fkbp1a,-0.031,-0.181,-0.109,0.041,0.393,0.088,0.018,-0.057,0.008,-0.07,0.053,0.11,-0.016
Fkbp1b,-0.065,-0.015,-0.097,0.07,0.68,0.087,0.341,0.302,0.082,-0.085,0.179,-0.211,0.007
Fkbp2,0.028,-0.148,0.018,-0.057,0.165,-0.044,-0.038,0.042,-0.04,-0.015,-0.09,-0.099,-0.089
Fkbp3,0.069,-0.669,-0.204,-0.141,0.067,0.017,0.105,-0.066,-0.054,-0.118,-0.096,-0.303,0.056
Fkbp4,0.026,-0.046,-0.131,-0.009,0.135,0.051,-0.055,0.136,-0.035,0.02,-0.007,0.009,0.028
Fkbp5,-0.306,0.412,0.14,0.078,-0.167,-0.118,-0.054,-0.945,0.035,0.103,0.133,0.279,0.079
Fkbp7,-0.432,-1.021,-0.101,-0.221,-1.027,-0.213,-0.18,,-0.219,0.013,-0.448,,
Fkbp8,-0.142,-0.103,-0.11,-0.01,0.333,-0.007,-0.005,-0.005,-0.03,0.036,0.001,-0.013,0.016
Fkbp9,-0.477,-0.654,0.256,-0.237,-0.034,-0.486,-0.454,,-0.082,0.046,0.023,0.148,0.054
Fkbpl,-0.039,-0.362,-0.274,-0.133,0.943,0.182,-0.045,,-0.339,-0.101,-0.175,0.047,0.347
Fkrp,-0.088,-1.09,0.203,-0.059,0.028,0.088,0.346,-0.818,0.049,0.197,0.089,0.299,0.221
Fktn,0.043,-0.751,0.181,-0.033,-0.654,0.152,0.338,-0.168,0.044,0.165,0.127,0.06,-0.199
Flad1,0.326,0.889,-0.023,0.072,0.724,-0.179,-0.766,0.152,-0.148,0.023,0.065,0.096,-0.16
Flcn,0.04,-0.974,0.227,-0.152,-0.053,0.032,-0.01,-0.455,-0.246,0.249,-0.16,0.155,0.209
Flii,0.032,0.237,0.176,0.139,0.436,0.173,0.074,-0.021,0.131,0.214,0.107,0.035,0.135
Flot1,-0.131,-0.224,-0.104,-0.023,0.715,0.05,0.129,0.006,-0.068,0.032,-0.073,0.032,0.03
Flot2,-0.014,-0.462,-0.027,-0.002,0.475,0.03,-0.106,0.065,0.054,0.134,0.046,0.319,0.027
Flrt2,0.445,0.207,0.144,0.212,-0.132,0.423,0.157,,-0.236,0.185,-0.445,0.732,
Flrt3,-1.069,-0.141,-0.062,,-0.153,0.527,-0.706,0.283,0.257,0.149,-0.142,-0.347,-0.099
Flt3l,0.071,-1.294,,0.251,0.717,0.052,0.166,-0.16,-0.204,0.268,-0.111,-0.077,
Flywch1,-0.073,-0.468,-0.054,0.031,0.306,-0.047,0.302,-0.08,-0.039,0.099,0.18,0.184,-0.105
Flywch2,0.002,-0.144,-0.299,-0.027,0.168,-0.141,0.092,0.0,-0.024,-0.105,-0.012,-0.011,0.196
Fmn1,0.163,0.391,0.108,0.104,0.039,0.262,0.321,-0.125,-0.033,0.168,0.098,-0.3,
Fmn2,0.09,-1.111,0.048,-0.071,-0.313,0.304,0.399,0.129,-0.022,0.102,0.172,0.102,0.24
Fmnl1,0.186,-0.12,0.065,0.151,0.653,0.201,0.107,-0.361,-0.002,0.294,-0.254,-0.095,-0.029
Fmnl2,-0.183,-0.928,0.095,0.057,0.09,0.167,-0.133,-0.516,0.067,0.175,0.032,0.07,-0.271
Fmr1,-0.027,-0.014,-0.017,-0.054,-0.158,0.103,0.026,0.023,-0.182,0.176,-0.018,-0.05,-0.141
Fn3k,-0.19,-0.516,-0.033,0.227,1.405,0.229,-0.217,-0.86,-0.165,-0.004,0.235,-0.262,0.532
Fnbp1,0.145,-0.094,-0.059,0.15,0.178,0.061,0.34,0.154,0.042,0.046,0.03,0.145,0.128
Fnbp1l,-0.23,-0.775,-0.306,-0.015,-0.422,-0.155,-0.326,,-0.005,-0.003,0.046,0.098,-0.017
Fnbp4,0.251,-0.901,0.143,0.21,-0.618,0.01,0.195,-0.248,0.071,-0.006,-0.045,0.107,-0.132
Fndc3a,-0.223,0.874,0.003,-0.072,-0.803,0.099,-0.027,-0.212,0.103,0.035,-0.073,-0.034,0.011
Fndc4,0.117,-1.041,0.098,0.03,0.297,0.377,-0.153,0.385,0.006,-0.003,0.004,-0.027,-0.123
Fndc5,0.594,0.378,0.035,0.294,0.515,0.621,-0.842,0.2,-0.11,0.003,0.151,-0.548,-0.492
Fnip1,0.382,0.147,0.029,0.1,-0.235,0.104,0.374,0.015,0.031,0.215,0.01,0.046,-0.182
Fnta,0.014,0.182,0.006,-0.053,-0.136,-0.183,0.178,-0.732,-0.022,-0.07,-0.007,-0.052,0.037
Fntb,0.158,-0.52,0.025,-0.081,-0.261,-0.075,0.348,-0.593,0.019,0.099,0.163,0.333,0.257
Fos,0.118,0.206,-0.428,-0.171,-1.174,-0.242,0.035,-0.538,-0.08,-0.208,-0.224,0.03,-0.202
Fosb,0.456,-0.299,-0.429,-0.103,-1.961,-0.31,-0.118,-0.535,-0.064,0.233,-0.162,0.189,-0.206
Foxj2,-0.542,-0.717,0.062,0.063,-0.142,0.166,0.145,-0.047,0.017,0.067,0.269,0.151,-0.167
Foxj3,-0.022,-0.317,0.092,-0.079,-0.334,0.063,0.061,0.086,0.053,0.198,0.098,0.006,-0.054
Foxk2,-0.16,0.409,0.043,-0.068,0.052,0.106,0.353,0.224,0.072,0.106,0.2,0.184,0.003
Foxn3,0.022,0.686,0.03,0.011,-0.271,-0.12,0.395,0.319,0.006,0.074,-0.084,0.165,-0.11
Foxp1,0.135,-0.656,-0.036,0.037,-0.633,0.131,0.18,0.073,-0.033,0.044,0.061,0.018,-0.196
Foxred1,-0.267,0.214,0.005,-0.362,0.189,0.173,-1.231,-0.074,-0.108,-0.008,0.078,0.166,0.467
Fpgs,-0.171,1.384,0.206,0.35,0.203,0.277,-0.258,-0.297,-0.145,0.214,-0.079,0.421,-0.122
Fpgt,0.002,0.637,0.097,0.067,-0.272,-0.038,0.937,,0.087,0.163,0.498,0.295,-0.11
Frat2,0.077,0.419,-0.125,-0.113,-0.352,-0.232,0.224,,-0.048,-0.041,0.03,-0.117,-0.032
Frg1,-0.142,0.05,-0.203,-0.059,-0.136,-0.045,0.181,-0.226,-0.265,-0.079,-0.178,-0.2,0.126
Frmd3,-0.032,-0.249,0.112,0.043,0.662,-0.013,0.264,-0.009,-0.067,0.078,0.04,-0.02,-0.036
Frmd4a,0.089,-0.962,0.159,0.108,0.038,0.146,0.321,0.059,-0.031,0.223,0.148,0.008,-0.356
Frmd4b,0.142,1.143,0.051,-0.099,-0.751,-0.19,0.57,0.222,0.16,0.224,-0.242,0.391,-0.05
Frmd8,0.004,-1.564,-0.086,0.102,-0.32,0.237,-0.403,-0.978,0.149,0.044,0.121,0.071,-0.698
Frmpd1,-0.23,-0.108,0.005,-0.202,1.487,0.046,0.066,0.191,0.068,0.333,0.35,-0.107,
Frmpd4,0.31,0.058,0.126,-0.127,0.256,-0.616,0.191,,,0.154,1.352,0.041,0.439
Frs2,-0.232,-0.218,0.028,0.116,0.042,-0.102,0.436,-0.273,0.115,0.085,0.041,0.164,-0.278
Frs3,-0.089,0.284,0.09,-0.106,0.453,0.051,0.364,0.418,-0.02,0.085,0.361,0.285,-0.15
Fry,0.021,0.144,0.015,0.083,-0.097,0.035,0.634,0.367,-0.026,0.232,0.059,0.011,0.252
Fryl,0.231,-0.142,0.132,0.085,0.342,0.009,0.06,0.115,-0.101,0.274,0.275,0.036,-0.045
Fscn1,-0.498,-0.352,-0.174,-0.039,-0.065,-0.005,0.263,-0.151,-0.036,0.147,0.063,-0.054,0.039
Fsd1,-0.021,0.588,0.005,-0.019,0.223,0.048,0.005,-0.118,-0.038,0.021,-0.224,-0.145,0.021
Fsd1l,0.003,-0.104,0.212,-0.018,-0.057,0.012,0.493,0.123,0.084,0.112,0.186,0.074,0.068
Fst,-0.572,-2.004,,0.333,1.424,0.873,0.322,0.237,0.279,0.065,-0.047,-0.303,-0.886
Fstl1,0.175,-0.031,0.264,-0.309,-0.75,-0.515,-0.063,-1.174,0.002,0.165,0.334,-0.075,-0.113
Fstl3,0.442,,-0.023,0.091,-0.369,0.411,-1.63,-0.004,-0.043,0.064,0.151,-0.296,-0.819
Fstl5,0.265,0.503,,0.008,-0.073,-0.188,0.706,0.089,0.243,0.226,-0.019,-0.319,0.142
Fth1,0.015,-0.176,0.213,0.011,0.235,-0.068,-0.273,-0.089,0.06,-0.112,0.084,-0.278,0.01
Ftl1,-0.126,-0.243,-0.087,-0.024,-0.183,-0.048,-0.508,-0.15,0.017,-0.124,0.032,-0.324,-0.031
Fto,0.036,-0.406,0.073,0.104,-0.144,0.033,0.044,-0.045,0.105,0.093,0.16,0.292,-0.007
Ftsj1,-0.183,0.07,0.02,-0.02,0.287,0.279,-0.874,0.763,-0.055,0.031,0.224,0.046,-0.024
Ftsj3,-0.073,0.013,-0.093,0.022,0.221,0.066,-0.546,0.612,0.073,-0.016,-0.073,-0.074,0.148
Fubp1,0.27,-0.224,-0.022,0.028,-0.603,-0.196,0.147,0.028,-0.078,0.022,-0.111,0.005,-0.17
Fubp3,-0.452,-0.734,0.179,0.095,-0.332,0.173,-0.227,-0.138,0.097,-0.021,0.146,0.11,0.014
Fuca1,0.185,0.256,0.035,-0.009,-0.114,0.101,-0.04,-0.186,-0.13,-0.014,0.043,-0.041,-0.153
Fuca2,0.021,-0.35,0.08,-0.031,1.0,0.009,0.143,0.086,0.036,0.129,0.137,0.302,0.557
Fundc1,0.003,0.437,-0.038,0.036,0.134,0.06,0.106,0.194,0.012,-0.05,0.046,0.131,-0.095
Fundc2,-0.205,-0.145,-0.105,-0.017,0.033,-0.076,0.034,-0.227,-0.025,-0.095,-0.03,-0.198,-0.031
Fus,0.132,0.567,0.125,0.043,-0.337,-0.169,0.043,-0.16,-0.048,0.204,-0.1,0.057,0.009
Fut11,0.015,0.573,0.055,-0.202,-0.167,0.161,0.3,0.898,0.211,0.094,0.125,0.128,0.093
Fut8,0.428,-0.642,0.005,-0.098,0.205,0.316,0.533,0.447,-0.012,0.185,-0.11,-0.24,-0.266
Fuz,0.062,,-0.007,0.045,0.425,0.566,0.212,-0.968,0.151,-0.052,-0.148,-0.001,-0.025
Fxn,-0.187,0.358,-0.16,0.016,-0.165,-0.01,-0.739,-0.225,0.037,-0.144,0.073,-0.281,-0.113
Fxr1,-0.07,-0.079,0.017,-0.068,0.084,-0.111,0.255,0.162,-0.048,-0.036,0.03,-0.299,0.084
Fxr2,0.007,-0.105,0.076,0.125,0.208,-0.073,-0.237,-0.221,0.062,0.16,0.043,0.175,-0.005
Fxyd1,0.662,0.517,-0.198,-0.09,-0.259,-0.199,-0.373,-0.403,-0.171,-0.224,0.047,0.281,-0.227
Fxyd2,0.002,-0.206,-0.81,0.057,0.588,0.127,0.003,0.13,-0.042,-0.074,0.268,-0.199,0.609
Fxyd5,-0.572,0.25,-0.797,0.043,0.611,0.148,-0.165,0.156,-0.178,-0.073,-0.137,-0.687,-0.654
Fxyd6,-0.564,0.553,-0.171,-0.057,0.307,0.052,0.364,0.032,0.004,-0.002,0.052,0.039,0.125
Fxyd7,-0.013,-0.125,-0.024,0.094,0.989,0.346,0.129,0.056,-0.055,-0.076,-0.114,0.507,0.203
Fyn,0.17,0.205,-0.025,-0.089,-0.235,-0.144,-0.043,-0.182,0.056,0.056,0.334,-0.115,-0.179
Fyttd1,0.021,-0.103,-0.018,-0.129,0.147,0.082,0.29,0.423,0.117,-0.043,0.056,-0.064,-0.153
Fzd3,0.034,0.245,-0.123,-0.045,-0.565,0.012,0.896,0.33,0.046,0.172,0.119,-0.362,-0.293
Fzr1,0.327,0.201,0.051,-0.119,0.22,-0.001,0.115,0.272,0.0,0.045,0.09,0.162,-0.233
G0s2,-0.162,0.019,0.247,-0.252,-0.837,-0.137,-0.423,-0.16,-0.028,0.022,0.22,-0.069,0.305
G2e3,0.11,-0.166,-0.035,0.12,-0.5,0.214,-0.43,,0.021,0.152,-0.154,-0.046,-0.343
G3bp1,-0.008,0.295,-0.025,-0.045,-0.16,-0.086,-0.039,-0.185,0.046,0.1,-0.025,0.091,-0.022
G3bp2,-0.041,-0.081,0.008,0.029,0.025,0.065,0.163,0.082,0.037,0.138,-0.019,-0.008,0.021
G6pc3,0.26,0.563,0.206,0.055,0.242,0.203,0.112,0.199,-0.019,0.178,-0.046,-0.003,0.118
G6pdx,-0.258,-0.104,-0.093,-0.006,0.316,-0.482,-1.171,,0.041,0.091,0.055,0.071,-0.042
Gaa,0.37,-0.018,0.276,0.026,0.301,0.165,0.334,0.072,0.131,0.299,0.203,0.358,0.293
Gab1,-0.708,-0.693,-0.128,-0.181,-0.85,-0.142,-0.345,-3.489,0.232,-0.24,-0.004,0.475,0.112
Gab2,-0.023,0.125,0.179,-0.047,-0.321,-0.112,0.321,0.058,0.051,0.191,0.117,0.067,-0.182
Gabarap,-0.059,0.174,-0.232,0.002,0.342,0.065,0.032,-0.13,-0.005,-0.109,0.009,-0.278,-0.061
Gabarapl1,-0.001,0.131,-0.099,-0.023,0.019,0.068,0.036,0.037,-0.014,-0.045,0.109,0.074,0.109
Gabarapl2,-0.044,-0.085,-0.16,-0.053,0.246,-0.039,0.07,0.078,-0.08,-0.104,-0.019,-0.328,0.005
Gabbr1,0.008,0.294,0.108,-0.008,0.031,0.203,0.287,0.178,0.046,0.222,0.149,0.136,0.16
Gabbr2,0.01,0.153,0.237,0.205,0.97,0.461,0.569,0.302,-0.037,0.214,0.221,0.479,
Gabpa,0.256,-0.599,0.039,0.372,0.375,-0.375,-0.048,-0.427,-0.134,0.088,0.036,0.105,-0.995
Gabpb1,-0.07,0.508,0.069,0.027,-0.371,-0.227,-0.046,0.149,0.129,0.085,0.18,0.047,-0.04
Gabrb3,0.063,-0.082,0.147,0.039,-0.248,-0.025,0.452,0.051,0.024,0.23,0.089,-0.021,-0.081
Gabrg2,-0.306,-0.247,0.52,0.24,-0.787,0.062,0.494,0.771,-0.017,0.137,0.14,0.069,0.166
Gadd45a,-0.75,-0.145,-0.103,0.061,-0.049,-0.848,-0.335,-0.121,-0.161,-0.077,-0.313,-0.04,-0.198
Gadd45b,-0.003,0.584,-0.3,-0.323,-0.52,-1.335,-0.669,-0.811,-0.232,-0.172,-0.087,-0.798,-0.282
Gadd45g,-0.416,0.101,-0.21,-0.265,0.779,-0.237,-0.104,0.213,0.024,-0.021,-0.474,-0.286,-0.379
Gadd45gip1,-0.057,0.049,-0.215,-0.006,-0.274,-0.246,-0.224,0.322,-0.067,-0.107,-0.006,-0.047,-0.087
Gak,0.002,0.087,0.184,-0.097,-0.038,-0.159,0.315,0.001,0.013,0.113,0.203,0.078,-0.022
Gal,-4.572,-0.33,,0.189,0.741,0.205,0.399,0.314,-0.04,-0.142,-0.119,0.313,-0.277
Galc,0.139,0.145,0.196,0.075,-0.148,-0.082,-0.054,0.023,-0.046,0.075,0.099,,
Gale,0.25,-1.644,0.025,-0.163,0.619,0.275,-0.101,0.337,-0.021,0.029,0.126,-0.238,-0.132
Galk1,0.18,0.29,-0.15,-0.126,0.578,0.312,-0.896,-0.927,-0.075,-0.055,-0.064,-0.249,0.08
Galk2,0.044,-0.002,0.01,0.116,-0.19,-0.236,-0.587,0.405,-0.171,0.12,-0.069,-0.201,0.168
Galnt1,0.027,0.488,0.052,0.143,-0.218,0.134,0.191,0.166,0.059,0.168,0.015,-0.101,-0.481
Galnt11,-0.267,-1.258,0.14,-0.026,-0.086,0.2,0.591,0.363,-0.008,0.078,0.046,-0.016,0.047
Galnt13,0.478,-0.104,0.176,0.12,0.535,-0.481,1.056,-1.256,0.01,0.208,-0.064,0.363,0.347
Galnt14,0.381,-0.04,0.8,-0.28,-0.96,-0.133,-0.13,0.204,-0.22,,-0.285,,
Galnt9,-0.081,0.768,0.449,0.071,-0.163,-0.374,,,-0.238,-0.53,-0.68,,0.212
Galt,0.237,-0.452,-0.055,-0.152,0.043,-0.394,0.301,0.158,-0.139,0.058,0.017,-0.091,0.159
Gamt,0.103,-0.316,-0.125,0.031,0.479,-0.12,0.1,-0.51,-0.158,-0.064,-0.079,-0.15,-0.089
Ganab,-0.107,0.223,0.237,-0.002,0.048,0.319,0.23,-0.117,0.085,0.302,0.123,0.074,-0.12
Ganc,0.343,-2.963,-0.037,-0.006,-0.47,0.158,-0.503,-0.309,-0.019,0.041,0.111,-0.105,0.541
Gap43,-0.308,0.006,-0.255,-0.048,0.178,0.045,0.341,-0.014,0.018,-0.068,-0.068,-0.178,0.021
Gapdh,0.027,0.203,-0.209,-0.063,0.172,-0.065,-0.021,0.035,-0.045,-0.021,-0.1,-0.45,0.041
Gapvd1,0.208,-0.21,0.133,0.065,0.047,0.131,0.166,0.062,0.098,0.199,0.052,0.039,-0.06
Gar1,-0.238,-0.268,-0.124,-0.007,-0.684,-0.098,-0.192,-0.489,-0.1,-0.158,-0.143,0.353,-0.06
Garnl3,0.087,-0.973,-0.003,-0.004,0.559,0.123,0.528,0.061,0.001,0.182,-0.034,-0.202,-0.061
Gars,-0.005,0.229,0.141,0.002,0.304,-0.042,-0.075,0.018,-0.022,0.086,-0.019,-0.058,0.097
Gart,0.078,-0.057,-0.005,-0.048,-0.025,-0.093,0.089,0.383,-0.025,0.22,-0.108,-0.038,0.166
Gas2,0.048,-0.189,0.068,-0.261,0.487,-0.384,,,0.082,-0.004,0.307,,-0.487
Gas2l1,0.173,-0.241,0.148,-0.009,0.62,0.719,0.117,-0.077,0.097,0.077,0.055,-0.046,0.234
Gas6,0.389,0.492,0.566,-0.12,0.461,0.246,0.235,-0.483,-0.043,0.181,0.098,-0.013,0.162
Gas8,-0.028,-0.26,-0.036,0.01,0.527,-0.009,-0.439,-0.383,-0.051,-0.041,-0.062,-0.212,-0.003
Gatad1,-0.069,0.652,-0.085,-0.067,0.242,0.066,0.146,-0.027,0.064,-0.07,0.001,-0.031,-0.147
Gatad2a,0.087,-0.209,0.046,-0.087,-0.106,0.06,0.104,-0.19,0.061,0.073,0.149,0.062,0.278
Gatad2b,0.462,1.294,0.098,0.153,-0.495,-0.052,0.282,0.093,0.04,0.102,0.172,0.194,0.054
Gatc,-0.13,-0.47,-0.132,-0.165,-0.454,0.089,0.771,-0.901,0.021,-0.156,0.05,-0.046,-0.063
Gatm,0.085,-0.2,-0.364,0.014,0.605,-0.173,-0.338,-0.58,-0.157,-0.166,0.008,0.152,-0.209
Gba,-0.227,-1.005,0.273,-0.124,0.942,-0.969,-0.493,0.194,0.112,0.314,-0.119,-0.167,-0.004
Gba2,-0.12,0.464,0.324,-0.025,-0.115,-0.374,0.495,0.344,0.082,0.091,-0.078,0.12,-0.312
Gbe1,-0.027,0.043,0.177,-0.076,-0.887,0.162,0.037,,0.024,0.055,-0.069,-0.064,-0.166
Gbf1,0.03,0.358,0.163,0.111,0.233,0.225,0.443,-0.374,-0.025,0.19,0.133,0.123,-0.093
Gbp7,0.52,0.793,-0.307,-0.337,2.287,-0.738,-0.451,0.383,0.242,0.209,-0.235,0.056,
Gca,0.01,0.059,-0.083,0.229,0.025,0.051,-0.094,0.117,0.325,-0.015,0.008,,
Gcat,0.099,-0.463,-0.024,-0.117,0.034,0.296,-0.043,0.085,-0.018,0.07,-0.074,-0.311,-1.109
Gcc1,0.107,0.352,0.124,0.156,0.55,0.183,-0.389,,0.119,0.249,-0.374,-0.047,
Gcc2,-0.278,0.261,0.005,-0.033,0.043,-0.06,-0.122,0.018,0.047,0.059,0.143,-0.15,-0.059
Gcdh,-0.285,-0.617,0.053,-0.111,0.494,0.04,-0.324,0.114,0.083,0.091,-0.108,-0.245,0.088
Gclc,0.112,0.663,0.136,0.276,0.971,0.332,0.179,0.302,0.073,0.114,0.348,-0.058,-0.402
Gclm,0.052,0.255,0.005,-0.035,0.438,0.14,0.432,-0.065,0.063,-0.011,-0.004,0.004,0.026
Gcnt2,-0.293,-0.179,-0.511,0.054,0.477,-0.012,0.296,0.48,-0.042,0.173,0.121,0.085,0.077
Gcsh,0.032,0.229,-0.087,0.024,-0.183,-0.018,0.138,-0.247,-0.026,-0.065,-0.094,-0.193,-0.162
Gda,-0.093,-0.609,-0.559,0.234,0.251,-0.057,0.417,0.544,,0.345,1.795,,0.034
Gdap1,-0.107,-0.061,0.017,0.022,0.062,0.106,0.342,0.029,0.053,0.014,0.089,0.007,0.137
Gdap1l1,-0.019,0.402,0.052,-0.067,-0.104,0.067,0.039,0.217,0.004,0.046,-0.031,0.07,0.102
Gdap2,-0.158,0.956,0.086,-0.11,-0.556,0.011,0.155,-0.178,-0.029,-0.048,-0.144,0.322,-0.289
Gde1,0.025,0.017,0.076,-0.011,0.397,0.094,0.275,0.141,0.032,0.038,-0.046,-0.102,0.151
Gdi1,-0.062,-0.044,-0.008,0.067,0.043,-0.013,0.273,-0.048,0.005,0.082,0.065,0.235,0.063
Gdi2,0.045,0.18,0.039,-0.012,-0.084,0.127,-0.03,-0.096,0.018,0.011,0.009,0.019,-0.043
Gdpd1,0.212,-0.281,0.328,-0.076,-0.079,-0.094,0.346,-0.167,-0.104,0.11,-0.091,-0.059,0.002
Gdpd5,0.277,0.374,0.288,0.178,0.271,0.289,0.524,-0.234,0.224,0.432,0.145,0.219,-0.262
Gem,-0.28,2.274,-0.393,-0.204,-1.679,-1.251,-0.152,0.584,0.21,-0.039,-0.266,-0.314,0.202
Gemin5,0.399,-0.493,0.176,0.075,0.534,-0.524,0.271,0.265,-0.126,0.159,-0.246,-0.012,
Gemin6,0.146,-1.559,-0.087,0.059,0.096,-0.568,-0.292,,-0.212,-0.067,0.169,-0.037,-0.043
Gemin7,-0.017,0.17,-0.031,0.006,0.199,-0.078,0.064,-0.177,0.036,-0.087,0.064,-0.092,-0.045
Get4,-0.027,-0.189,0.023,0.126,-0.101,0.003,-0.251,0.216,-0.02,0.073,-0.051,-0.042,0.02
Gfer,-0.064,0.835,-0.086,0.032,-0.031,-0.378,-0.473,0.405,-0.038,-0.094,-0.014,-0.043,-0.092
Gfm1,0.018,-0.14,0.193,-0.052,0.044,-0.101,0.057,-0.07,-0.116,0.156,0.273,0.241,-0.216
Gfm2,0.223,1.003,0.222,0.061,0.063,-0.177,0.504,-0.012,0.014,-0.076,0.06,-0.031,-0.153
Gfod1,0.126,-0.701,0.035,0.158,0.458,0.042,0.489,-0.194,-0.072,0.128,0.375,-0.643,
Gfod2,-0.464,0.343,-0.012,0.14,-0.261,0.002,-0.089,0.031,-0.011,0.05,-0.017,-0.052,0.042
Gfpt1,-0.089,-0.044,0.107,0.059,0.281,0.208,0.132,-0.161,0.019,0.083,0.081,0.059,-0.079
Gfra2,-0.099,0.089,,-0.195,-0.137,0.221,0.271,0.135,0.014,0.201,-0.091,0.897,0.205
Gfra4,0.041,-0.216,-0.178,-0.072,0.615,0.245,0.108,-0.434,0.027,-0.076,0.085,-0.055,0.006
Gga1,0.345,-0.342,0.118,0.144,-0.086,-0.18,0.003,0.161,0.041,0.196,0.012,0.044,-0.167
Gga2,0.076,-0.303,0.228,0.048,0.048,0.019,-0.001,0.468,0.109,0.168,0.149,0.256,0.066
Gga3,0.152,-0.255,0.278,0.132,-0.474,0.109,0.025,-0.157,0.172,0.079,0.078,0.157,-0.007
Ggct,-0.065,-0.441,-0.117,0.235,0.922,-0.06,0.059,,-0.035,-0.152,0.067,,
Ggcx,0.473,-0.686,0.14,0.2,-1.338,-0.206,,,0.345,0.001,0.266,0.059,
Ggh,-0.227,-1.056,-0.024,-0.146,0.145,-0.161,-0.008,-1.246,-0.034,0.021,-0.13,-0.45,-0.418
Ggnbp2,-0.03,-0.245,-0.032,0.058,0.278,-0.012,0.124,0.1,0.006,0.086,0.014,0.01,0.031
Ggps1,0.064,0.899,0.001,-0.055,-0.218,-0.103,0.28,-0.359,0.03,-0.02,0.13,-0.148,0.123
Ggt7,0.344,-0.01,0.339,0.088,0.345,-0.05,0.226,-0.143,0.029,0.296,0.096,0.074,0.052
Ghdc,-0.318,-0.669,-0.058,0.018,-0.252,-0.14,0.38,0.246,0.158,0.057,-0.009,0.035,0.246
Ghitm,0.068,0.077,0.177,-0.058,0.227,0.076,0.103,0.074,-0.039,0.059,0.077,0.1,-0.039
Ghr,-0.099,-0.306,0.624,-0.513,1.847,1.286,-0.729,,-0.013,,0.626,,0.221
Gigyf2,-0.128,-0.731,0.078,-0.057,-0.59,0.113,-0.276,0.166,-0.035,0.134,0.079,0.097,-0.012
Gin1,0.078,-0.646,-0.053,-0.05,-0.058,-0.248,0.613,-0.189,0.047,-0.066,-0.012,-0.159,0.561
Gins4,-0.007,0.907,-0.158,-0.138,-0.178,0.033,0.032,0.418,0.034,0.044,-0.17,-0.12,-0.384
Gipc1,-0.056,-0.104,-0.139,0.053,0.101,-0.114,0.102,-0.094,-0.032,-0.068,-0.007,-0.268,-0.12
Gipc2,0.252,-0.77,0.124,-0.024,0.235,-1.208,,-0.235,0.159,-0.175,-0.521,,
Git1,0.231,0.224,0.158,0.023,-0.008,0.19,-0.199,0.099,0.056,0.157,0.166,0.221,-0.185
Git2,-0.265,-1.282,-0.009,-0.078,-0.329,0.082,0.282,-0.368,0.034,0.139,0.178,0.113,-0.223
Gkap1,-0.126,-0.168,-0.162,-0.036,-0.196,-0.141,0.211,0.081,0.014,-0.088,0.089,-0.163,-0.196
Gla,-0.089,-0.21,0.295,0.405,0.034,0.207,0.121,,-0.315,0.167,0.071,-0.022,
Glb1,-0.188,0.003,0.351,-0.012,0.195,0.118,0.011,0.62,0.008,0.216,-0.022,-0.019,0.116
Glcci1,-0.198,0.071,0.095,0.108,-1.052,0.051,0.1,,0.067,0.159,0.092,,
Glce,-0.074,0.19,0.13,-0.196,-0.012,-0.05,-0.147,1.143,0.135,0.14,0.174,-0.033,-0.211
Gle1,0.262,-0.201,-0.021,-0.12,-0.694,0.181,0.071,0.173,0.171,0.168,0.075,0.039,0.204
Glg1,0.013,0.375,0.17,0.001,0.018,0.14,0.852,0.024,0.111,0.296,0.119,-0.035,0.012
Glipr2,-1.717,0.379,,-0.023,0.326,0.051,-0.251,0.251,-0.099,-0.009,-0.077,0.334,-0.152
Glis2,0.046,-1.39,-0.005,-0.024,-0.568,-0.155,0.131,-0.062,-0.006,0.021,0.242,0.11,-0.054
Glmn,0.23,,0.023,0.008,-0.049,-0.086,-0.137,0.387,-0.23,0.02,-0.005,-0.036,0.197
Glo1,-0.133,0.185,-0.071,0.006,0.451,0.019,-0.1,-0.211,-0.021,-0.042,-0.026,-0.034,0.082
Glod4,0.007,-0.386,-0.099,-0.037,-0.216,-0.128,0.065,-0.487,-0.098,0.003,-0.1,-0.401,0.122
Glrb,0.033,0.168,0.332,0.005,0.067,0.445,0.593,-0.567,0.035,0.128,0.211,0.245,0.007
Glrx,0.03,-0.283,0.039,-0.01,0.426,0.174,-0.296,-0.295,-0.0,-0.057,-0.001,-0.251,-0.006
Glrx2,0.045,-0.02,-0.148,-0.02,0.334,-0.071,0.166,-0.058,0.061,-0.093,-0.062,-0.225,-0.027
Glrx3,0.037,-0.001,-0.145,-0.026,0.148,-0.037,0.109,0.052,-0.038,-0.089,-0.176,-0.302,-0.101
Glrx5,0.029,-0.173,-0.08,0.014,0.226,-0.053,0.063,0.051,0.005,-0.083,0.088,-0.453,-0.0
Gls,0.222,0.187,0.156,0.076,0.008,0.12,0.134,-0.319,-0.028,0.174,0.152,0.018,0.114
Gls2,0.469,0.371,0.18,-0.32,0.147,0.681,,-0.196,-0.05,0.102,0.424,-0.108,
Glt1d1,0.187,,0.01,0.084,0.703,0.051,-1.604,0.24,0.057,-0.059,0.008,,
Glt8d1,0.291,-0.216,0.089,0.036,-0.103,-0.144,0.229,0.12,-0.093,0.127,0.11,0.033,-0.1
Gltp,0.109,0.72,-0.04,-0.088,-0.95,0.092,-0.033,-0.21,-0.374,-0.077,-0.011,-0.263,0.238
Glud1,0.0,-0.022,0.128,0.072,0.302,0.199,0.046,0.172,0.098,0.052,-0.015,0.171,0.048
Glul,-0.175,-0.691,-0.202,0.067,0.293,0.069,-0.177,0.027,-0.049,0.116,-0.053,0.249,-0.066
Glyr1,0.132,-0.151,0.124,0.088,-0.111,-0.093,0.413,0.219,-0.056,0.082,0.099,0.193,0.024
Gm10516,-0.052,1.46,0.058,-0.093,0.511,-0.078,0.647,,0.175,0.03,0.117,0.186,
Gm10638,-0.095,-2.065,-0.098,,1.416,-0.198,0.145,,0.341,-0.08,0.533,-0.274,
Gm11837,-0.7,,-0.149,-0.182,-0.282,-0.169,,,-0.095,-0.267,0.129,-0.195,0.153
Gm13483,-0.315,0.111,0.226,-0.02,1.38,0.113,,-0.481,-0.044,-0.052,0.082,,
Gm13889,-0.056,0.357,0.023,-0.213,-0.202,0.124,-0.302,0.385,0.168,-0.0,0.06,-0.643,-0.506
Gm14295,-0.065,-0.017,-0.082,0.041,0.283,-0.505,-0.485,-0.7,-0.053,-0.056,0.074,,-1.766
Gm15417,-0.721,-0.826,-0.089,-0.117,0.684,0.066,-0.714,,0.02,-0.139,0.088,-0.304,0.021
Gm16701,-0.354,,0.17,-0.075,0.196,-0.26,-0.045,,0.4,0.011,0.304,-0.06,-0.519
Gm1673,0.004,0.553,0.03,-0.052,-0.01,-0.016,-0.067,-0.14,-0.013,-0.093,-0.009,-0.361,-0.043
Gm16894,-0.228,-0.797,0.093,0.007,0.079,-0.48,,0.64,0.122,0.023,-0.238,-0.294,
Gm20300,-0.131,0.112,0.086,0.252,0.183,0.214,0.654,-0.742,0.062,0.121,0.172,,
Gm2694,0.47,,-0.144,0.063,-0.918,-0.003,-0.188,-0.097,-0.159,-0.165,-0.13,,0.713
Gm2a,0.352,0.167,0.114,-0.054,-0.733,0.163,-0.446,-0.293,0.002,0.248,-0.051,0.209,0.041
Gm5577,-0.105,,0.196,-0.153,1.055,-0.071,,0.413,0.103,0.312,-0.137,-0.216,-0.171
Gm5617,0.311,0.35,-0.25,0.048,-0.214,0.105,0.052,,-0.014,-0.173,0.232,-0.131,-0.372
Gm8773,0.859,,,-0.093,0.506,-0.209,0.063,,-0.184,0.081,0.062,-0.14,-0.055
Gmcl1,0.128,0.228,0.045,-0.004,0.181,0.015,0.366,-0.081,0.09,0.117,-0.023,0.264,-0.141
Gmds,0.124,0.364,0.128,0.129,-0.108,-0.152,-0.019,-0.164,0.106,-0.001,-0.037,-0.073,-0.233
Gmfb,-0.1,-0.033,-0.021,-0.015,0.086,0.121,0.261,0.095,0.049,0.018,0.13,0.083,0.192
Gmnn,0.178,1.961,-0.222,0.069,-0.85,-0.284,0.062,,-0.277,-0.068,-0.271,,-0.867
Gmppa,-0.045,-0.052,0.117,0.041,0.225,0.165,0.001,0.472,0.014,0.014,-0.062,0.035,0.052
Gmppb,-0.225,0.34,-0.251,0.005,0.647,0.077,0.222,0.324,-0.088,-0.04,-0.411,0.052,0.076
Gmpr,0.188,0.126,-0.061,-0.129,0.691,0.138,-0.115,-0.67,-0.002,0.014,-0.15,0.093,0.018
Gmpr2,0.061,-0.085,-0.028,0.039,0.441,0.149,0.273,0.022,-0.019,0.068,-0.033,0.112,0.233
Gmps,0.151,-1.411,0.034,0.051,-0.19,-0.135,0.376,-0.391,0.014,0.028,0.027,0.047,-0.135
Gna11,-0.153,0.31,-0.001,0.043,0.2,0.067,0.497,-0.218,-0.029,0.041,-0.001,-0.021,-0.039
Gna12,0.039,,0.097,0.187,0.41,0.159,0.238,-0.315,0.001,0.244,0.037,0.12,0.224
Gna13,-0.022,-0.064,-0.104,-0.05,0.406,0.025,0.198,0.225,0.063,0.138,-0.121,0.224,-0.031
Gnai1,0.038,0.169,-0.059,-0.08,0.383,0.22,0.599,-0.114,0.046,-0.004,0.094,-0.304,0.072
Gnai2,-0.145,0.108,-0.169,0.012,0.191,0.135,0.063,-0.113,-0.005,0.0,-0.018,-0.079,-0.156
Gnai3,-0.06,0.375,-0.063,0.068,-0.018,-0.115,0.17,-0.387,0.076,0.105,0.081,0.091,-0.093
Gnal,0.174,0.194,0.212,0.057,0.557,0.067,0.382,-0.191,-0.073,0.093,-0.173,,0.538
Gnao1,0.052,0.299,0.01,0.036,0.261,0.1,0.378,0.089,0.057,0.055,0.072,0.117,0.048
Gnaq,-0.02,-0.093,0.032,0.037,-0.08,0.04,0.667,-0.052,0.055,0.069,0.131,-0.004,-0.151
Gnas,-0.035,0.072,-0.048,-0.165,-0.16,-0.07,0.111,0.068,-0.1,0.116,-0.081,-0.069,-0.075
Gnaz,-0.143,0.145,0.103,0.047,0.259,0.089,0.087,0.021,0.074,0.134,0.165,0.374,0.12
Gnb1,0.049,-0.413,-0.013,0.039,-0.088,0.043,0.233,-0.104,0.051,0.051,0.078,0.173,0.029
Gnb2,-0.048,0.158,-0.219,-0.049,-0.002,-0.048,-0.065,-0.162,-0.044,0.003,-0.058,0.073,0.019
Gnb3,-0.358,,-0.162,0.058,0.033,-0.3,0.114,0.406,0.018,0.011,-0.167,-1.198,-0.338
Gnb4,-0.078,-0.512,-0.814,0.019,0.396,0.086,0.306,-0.158,-0.066,-0.04,-0.006,-0.124,0.037
Gnb5,-0.084,-0.109,-0.101,-0.032,0.327,0.091,0.112,0.251,-0.09,0.015,-0.005,,
Gne,0.173,0.252,0.09,0.06,1.54,0.111,-0.393,,0.121,0.156,0.234,0.009,-0.209
Gng10,-0.317,0.898,-0.111,-0.003,-0.254,-0.114,,,-0.04,-0.218,-0.147,,-0.227
Gng12,-0.474,0.02,-0.094,0.088,0.454,0.315,0.032,0.001,0.041,-0.084,0.059,-0.022,-0.197
Gng2,-0.44,0.012,-0.17,0.045,0.04,0.105,0.208,0.197,0.047,-0.049,0.108,0.068,0.184
Gng3,0.075,-0.153,-0.21,-0.014,0.197,0.05,0.028,-0.046,0.016,-0.112,0.078,-0.277,0.103
Gng4,-1.191,-1.363,,-0.037,0.124,0.322,0.3,0.09,-0.045,0.038,0.11,0.315,0.22
Gng5,0.089,-0.98,-0.191,0.044,0.22,0.008,-0.393,-0.232,-0.019,-0.153,-0.006,-0.551,-0.349
Gnl1,0.039,-0.607,0.092,-0.007,-0.378,-0.197,-0.021,-0.685,0.037,0.012,0.05,0.077,0.199
Gnl2,0.012,0.633,-0.134,0.122,-0.296,0.002,-0.004,-0.124,-0.165,0.136,-0.06,-0.01,-0.134
Gnl3,-0.125,0.244,0.005,0.098,-0.121,-0.096,-0.177,-0.09,-0.006,0.021,-0.106,-0.116,-0.24
Gnl3l,0.184,-0.001,0.044,-0.014,0.238,0.078,0.292,0.232,-0.001,0.026,0.156,-0.098,-0.028
Gnpat,-0.063,-0.43,0.173,0.063,-0.522,-0.251,0.269,-0.79,0.076,0.102,0.088,0.278,-0.316
Gnpda1,0.432,-1.202,0.028,0.242,-0.11,0.333,-0.903,-0.157,-0.01,0.036,0.14,0.011,-0.842
Gnpda2,0.15,-0.274,-0.065,-0.077,0.107,0.121,0.22,-0.116,-0.11,-0.0,-0.008,-0.173,-0.004
Gnpnat1,-0.308,-0.811,-0.023,-0.106,0.02,-0.248,0.209,0.007,0.048,-0.025,-0.159,-0.045,0.165
Gnptab,-0.103,0.112,0.133,0.24,-0.172,0.085,0.56,-0.287,0.023,0.17,0.122,0.097,-0.691
Gnptg,-0.059,-0.732,0.059,0.04,0.457,-0.293,0.373,0.3,-0.095,0.003,-0.139,-0.119,-0.016
Gns,0.065,0.076,0.382,0.071,0.154,-0.274,0.374,0.027,0.199,0.302,0.1,0.163,0.173
Golga1,0.135,0.891,0.098,-0.166,-0.24,0.166,0.555,-0.385,0.02,-0.05,0.112,-0.045,0.246
Golga2,0.214,0.019,0.072,0.029,0.001,0.236,0.189,-0.095,-0.091,0.126,0.111,0.006,0.075
Golga3,-0.018,-0.323,0.106,0.203,-0.044,0.094,0.451,-0.343,0.018,0.221,0.204,0.017,-0.077
Golga4,0.041,-0.011,0.001,-0.118,-0.083,-0.254,0.227,0.068,0.069,0.132,0.07,-0.065,0.134
Golga5,0.132,0.475,-0.074,-0.19,-0.009,-0.388,0.384,-0.389,0.049,0.005,-0.165,-0.189,-0.234
Golga7,0.035,0.364,0.042,-0.004,0.07,0.006,0.234,-0.417,-0.011,-0.018,0.046,0.143,-0.108
Golga7b,-0.1,0.559,0.109,-0.001,0.256,0.183,0.041,0.008,0.047,0.081,0.095,0.282,0.077
Golgb1,0.127,-0.233,-0.043,0.06,0.283,-0.034,0.493,-0.04,0.031,0.035,0.052,-0.053,0.056
Golim4,0.02,-0.08,0.18,-0.182,-0.716,0.023,0.711,0.003,0.026,0.01,0.237,-0.274,-0.15
Golm1,-0.301,0.492,0.314,0.154,0.239,0.136,0.348,-0.17,-0.37,-0.002,-0.113,-0.298,-0.085
Golph3,-0.186,-0.145,0.029,0.01,-0.072,-0.029,0.071,-0.425,-0.096,0.047,0.02,0.069,-0.172
Golph3l,0.168,-0.507,0.054,0.047,-0.19,0.323,0.388,,-0.038,0.082,-0.004,0.04,-0.771
Golt1b,-0.272,0.482,0.231,0.032,0.031,-0.443,0.099,-0.121,0.069,0.082,0.053,0.348,-0.842
Gon4l,0.269,-2.336,0.03,-0.077,-0.103,0.091,0.23,0.242,0.074,0.013,-0.07,0.072,-0.335
Gopc,-0.231,0.299,0.078,0.047,-0.351,-0.101,0.331,0.052,0.031,0.084,0.125,0.15,-0.083
Gorab,-0.003,0.202,0.124,-0.099,0.19,-0.13,-1.385,,-0.196,-0.036,0.141,-0.011,-0.203
Gorasp1,0.344,0.099,-0.045,-0.029,0.27,0.602,-0.51,-0.193,-0.064,0.138,-0.119,0.144,-0.246
Gorasp2,0.182,0.224,-0.05,-0.03,-0.129,-0.126,-0.131,0.079,0.012,0.127,-0.064,-0.158,-0.063
Gosr1,-0.086,0.218,0.066,0.24,-0.212,0.079,0.064,-0.007,0.162,-0.01,0.067,0.045,0.051
Gosr2,-0.242,-0.384,-0.02,-0.085,-0.393,0.135,-0.116,0.379,0.041,0.138,0.09,0.303,-0.291
Got1,0.025,-0.185,-0.006,-0.146,0.308,0.016,0.135,0.12,0.059,0.05,0.02,0.076,0.034
Got2,0.196,0.102,0.022,0.021,0.088,0.074,0.153,0.017,0.077,0.105,0.028,0.281,0.004
Gp1bb,0.007,-0.588,,-0.067,-0.018,1.013,-0.713,,0.105,0.344,0.177,-0.087,-1.778
Gpaa1,-0.063,0.45,0.179,-0.021,0.173,-0.273,0.297,0.149,-0.073,0.195,-0.208,-0.041,-0.079
Gpank1,-0.17,-0.992,-0.198,-0.111,-0.051,-0.153,-0.104,0.266,-0.343,-0.085,-0.101,-0.305,0.357
Gpatch1,0.043,0.162,0.059,-0.032,-0.893,-0.041,0.211,-0.252,-0.058,-0.077,0.166,-0.066,-0.161
Gpatch2,-0.181,-1.584,0.079,-0.011,-0.294,0.013,-0.969,-0.316,0.206,0.111,0.212,0.175,-0.139
Gpatch4,0.032,0.043,-0.233,-0.015,0.09,0.089,0.05,0.257,-0.1,-0.148,-0.087,0.023,-0.427
Gpatch8,0.005,-0.708,0.205,0.061,-0.268,-0.18,0.558,-0.149,0.018,0.065,0.074,0.055,-0.277
Gpbp1,-0.035,-0.019,-0.066,0.003,-0.23,-0.256,0.094,-0.037,0.07,-0.008,0.013,0.064,0.021
Gpbp1l1,-0.008,-1.426,0.055,-0.158,-0.56,-0.115,0.667,-0.077,0.04,0.015,-0.153,0.004,-0.24
Gpc1,-0.197,0.271,0.28,0.064,-1.312,-0.196,-0.187,-0.071,0.141,0.251,-0.166,0.143,0.016
Gpc3,0.306,-1.14,-0.469,,-1.569,-1.46,-0.908,,0.024,0.221,0.645,-0.824,
Gpc6,-0.418,-1.056,0.359,-0.291,-1.834,0.283,,,0.151,0.1,-0.492,0.343,0.217
Gpcpd1,0.009,0.091,0.145,0.147,-0.207,-0.081,0.208,-0.029,0.19,0.145,-0.083,0.023,0.07
Gpd1l,-0.195,0.773,0.063,-0.001,-0.154,0.038,0.26,-0.26,0.089,0.295,0.193,0.166,0.029
Gpd2,0.22,0.281,-0.17,0.102,-0.081,-0.035,-0.059,-0.536,0.065,0.196,0.007,0.246,0.194
Gphn,-0.165,0.9,0.095,-0.005,-0.125,-0.28,0.56,0.257,-0.092,0.068,-0.031,-0.101,-0.193
Gpi1,-0.009,-0.191,-0.05,-0.035,0.612,0.113,-0.067,-0.281,0.02,0.061,-0.039,-0.094,0.084
Gpkow,-0.552,-0.067,-0.015,0.231,-0.028,0.499,0.038,-3.573,-0.277,0.072,0.193,0.188,-0.086
Gpm6b,1.075,-0.43,-0.23,-0.094,-0.742,0.209,-0.489,-0.335,-0.434,-0.067,0.268,0.745,-0.171
Gpn1,-0.27,0.963,0.027,0.019,0.07,0.272,-0.177,-0.142,-0.082,0.035,-0.117,-0.087,0.326
Gpn2,-0.071,-0.107,0.021,-0.292,-0.515,0.551,0.321,,0.064,0.097,-0.486,-0.003,-0.43
Gpn3,-0.256,0.598,0.037,-0.061,0.104,-0.281,0.092,0.203,-0.023,-0.024,-0.113,-0.234,-0.44
Gpr107,0.183,-0.439,0.21,0.178,-0.32,0.018,0.236,0.093,0.021,0.231,0.057,0.128,-0.712
Gpr108,0.374,-0.314,0.193,-0.096,-0.214,0.063,0.085,0.495,-0.062,0.171,-0.037,-0.119,-0.215
Gpr137,0.114,0.313,0.319,0.004,0.56,-0.076,0.306,0.379,0.058,0.132,0.103,0.168,-0.116
Gpr137b,-0.126,0.059,0.145,-0.056,-0.709,-0.046,-0.443,-0.065,-0.204,0.128,-0.104,0.083,-0.022
Gpr137c,0.301,-0.47,0.175,-0.29,-0.095,-0.082,0.242,-0.274,-0.237,0.062,-0.139,,
Gpr146,-0.623,0.662,-0.316,-0.163,,-0.017,0.105,,-0.181,0.003,-0.271,-0.107,
Gpr153,-0.362,-0.169,0.37,0.059,-0.131,-0.056,0.346,,-0.048,0.274,0.211,-0.237,-2.402
Gpr155,-0.068,-0.515,0.221,-0.128,0.329,0.574,-0.318,0.307,-0.11,0.187,0.178,-0.01,-0.159
Gpr158,-0.122,0.401,-0.004,0.005,0.375,0.287,0.536,-0.211,-0.032,0.174,0.274,0.358,
Gpr176,-0.075,-0.47,-0.074,-0.045,0.266,0.283,0.509,0.56,0.123,0.3,0.374,-0.264,
Gpr180,-0.269,-0.317,0.239,-0.07,0.082,0.031,-0.044,0.265,0.001,0.08,-0.037,-0.04,0.027
Gpr19,-0.405,0.598,-0.043,0.009,0.033,-0.114,0.29,0.358,-0.214,0.061,0.035,-0.133,0.124
Gpr22,0.2,0.136,0.302,-0.003,-0.262,-0.15,0.556,0.083,0.029,0.019,-0.07,-0.114,0.08
Gpr27,0.091,,-0.03,0.05,1.144,0.299,0.241,-0.095,0.027,0.095,0.07,0.002,-0.043
Gpr37l1,1.008,-0.954,-0.132,,,,-0.421,-0.466,-0.244,-0.057,0.1,0.072,-0.218
Gpr75,-0.423,-0.265,0.064,-0.105,-0.424,0.428,0.202,,-0.051,0.221,0.274,0.264,
Gpr85,0.459,-1.811,0.148,0.032,0.129,0.019,0.566,0.412,-0.043,0.139,0.049,-0.36,-0.134
Gpr89,0.207,-0.192,0.221,-0.193,0.356,0.428,0.577,0.122,0.025,0.204,-0.371,0.046,0.335
Gprasp1,0.034,0.08,0.022,-0.048,0.208,0.034,0.132,0.039,0.093,0.134,0.051,0.131,0.14
Gprasp2,0.301,0.152,-0.056,0.082,-0.164,-0.038,-0.085,0.279,0.113,0.122,0.117,-0.048,0.023
Gprin1,-0.147,-0.166,-0.052,0.04,-0.228,-0.032,0.509,-0.832,0.13,0.087,0.111,0.327,-0.089
Gps1,0.059,0.232,-0.072,0.008,0.281,0.133,0.013,-0.088,-0.074,0.009,-0.051,-0.047,0.052
Gps2,0.013,0.722,-0.062,-0.008,-0.67,-0.189,0.297,0.26,-0.064,-0.089,-0.032,-0.079,-0.22
Gpsm1,-0.131,-1.345,-0.011,-0.145,-0.142,0.37,0.05,0.172,-0.112,0.088,0.099,0.183,0.081
Gpt2,0.028,0.732,0.177,0.057,0.088,0.315,-0.427,-0.902,0.186,0.037,0.162,0.081,-0.077
Gpx1,-0.023,-0.064,-0.21,-0.054,-0.374,-0.129,-0.217,-0.182,-0.053,-0.099,0.177,-0.319,0.069
Gpx3,-0.265,-1.631,-0.194,-0.107,0.691,0.04,-0.895,,0.198,0.082,0.592,0.168,0.653
Gpx4,0.036,-0.372,-0.211,-0.03,0.445,0.047,-0.221,-0.219,-0.016,-0.111,0.04,0.018,0.015
Gpx7,0.064,,-0.079,-0.027,0.412,-0.354,-0.207,,-0.009,-0.058,-0.208,-0.005,-0.147
Gramd1a,-0.018,0.337,0.259,-0.017,-0.356,0.08,-0.093,0.058,0.013,0.209,-0.073,0.006,0.052
Gramd1b,0.097,-1.41,0.268,0.16,-1.171,-0.244,0.282,0.106,0.033,0.276,0.305,0.054,-0.125
Gramd4,-0.006,-0.775,0.188,0.023,0.099,-0.259,0.015,-0.153,0.065,0.133,0.317,0.151,0.603
Grb14,0.24,0.609,0.142,-0.242,0.389,-0.187,0.487,-0.618,0.03,-0.025,0.022,0.005,-0.652
Grb2,-0.043,-0.138,-0.093,-0.017,-0.017,-0.047,0.011,0.131,-0.007,0.029,0.079,0.11,-0.004
Grcc10,0.044,-0.123,-0.194,-0.038,-0.034,-0.125,-0.417,-0.617,-0.05,-0.199,-0.014,-0.456,0.028
Grhpr,-0.035,-0.562,-0.081,-0.055,0.15,0.1,0.125,0.465,0.404,-0.006,-0.281,-0.259,0.244
Gria1,-0.423,-0.333,,0.214,0.528,0.015,0.751,0.335,0.451,,0.435,0.952,0.069
Gria2,0.186,-0.322,0.546,0.018,-0.317,0.108,0.57,0.001,0.084,0.309,0.27,0.07,-0.047
Gria3,0.361,-0.08,0.283,0.319,-0.59,-0.204,0.326,0.058,-0.021,0.298,-0.134,-0.745,-0.661
Gria4,0.003,-0.187,0.291,0.021,-0.352,0.208,0.552,-0.102,0.008,0.146,0.116,-0.105,0.1
Grik1,0.043,0.738,-0.013,-0.214,0.446,0.595,,,0.244,,-0.709,0.168,0.576
Grik2,0.033,0.678,0.142,0.427,-0.705,-0.593,0.793,-0.264,0.12,0.288,0.126,-0.087,
Grik5,0.203,-0.304,0.15,-0.034,0.07,0.047,0.194,0.031,0.009,0.29,0.093,-0.081,0.144
Grin1,0.013,-0.607,0.39,0.138,0.222,0.123,0.356,-0.098,0.057,0.248,0.246,0.338,-0.017
Grina,0.031,0.118,0.262,0.01,0.204,0.121,0.122,0.054,-0.014,0.224,0.009,0.126,0.019
Grip1,-0.267,-2.091,0.087,0.401,-1.204,-0.369,,0.761,0.065,0.01,-0.168,-0.004,-0.397
Gripap1,0.082,-0.774,-0.086,0.01,0.174,0.043,0.379,-0.008,0.04,-0.006,0.005,-0.038,-0.012
Grk6,-0.101,0.685,0.041,0.133,-0.024,0.183,-0.1,0.135,0.17,0.081,0.057,-0.057,0.067
Grm7,0.026,0.379,-0.185,0.095,1.259,0.534,0.615,0.138,0.055,0.368,0.661,0.389,0.461
Grn,0.116,0.064,0.002,0.013,0.326,0.182,-0.196,-0.059,-0.084,0.306,0.006,-0.046,-0.079
Grpel1,-0.062,-0.322,-0.174,-0.065,0.247,-0.013,0.129,-0.233,-0.205,-0.128,-0.154,-0.334,-0.034
Grpel2,-0.334,-0.166,-0.037,0.025,-0.119,0.253,0.156,-0.238,-0.059,0.11,0.075,0.17,-0.152
Grsf1,0.07,-0.169,-0.013,0.011,0.119,0.111,0.043,0.637,-0.065,0.018,0.083,0.096,0.123
Grwd1,-0.542,0.487,0.013,-0.001,0.319,-0.25,-0.206,0.039,-0.107,0.05,-0.238,-0.008,-0.307
Gse1,0.25,0.573,0.14,0.075,-0.037,0.046,0.52,0.232,0.001,0.187,-0.019,0.213,-0.241
Gsk3a,-0.009,0.247,-0.003,-0.036,0.035,-0.064,0.145,0.247,0.028,-0.0,0.077,0.029,0.054
Gsk3b,-0.121,-0.386,0.0,0.054,0.076,0.128,0.618,-0.008,0.001,0.031,0.08,0.019,0.039
Gsn,-0.172,-0.574,-0.374,-0.006,0.162,0.105,-0.706,-0.973,-0.13,0.163,0.05,-0.157,-0.09
Gspt1,0.083,0.238,-0.074,0.021,0.087,-0.052,0.307,0.135,0.05,-0.031,-0.019,-0.195,-0.1
Gspt2,0.315,-0.334,-0.147,0.056,0.008,-0.218,-0.09,-0.396,0.028,0.029,-0.243,0.166,-0.127
Gsr,0.003,-0.105,-0.018,-0.07,0.492,0.121,0.009,0.127,-0.017,0.046,0.059,0.038,-0.069
Gss,-0.103,-0.048,0.008,0.112,-0.058,0.421,-0.104,0.171,-0.094,0.118,-0.233,-0.207,0.384
Gsta4,0.046,-0.257,-0.167,,-0.444,-0.553,-1.136,,-0.133,0.167,0.544,,-0.633
Gstm1,-0.037,-0.691,-0.422,-0.079,0.058,0.029,-0.091,-0.534,-0.159,-0.071,-0.012,-0.288,-0.107
Gstm4,-0.123,0.373,0.012,0.008,0.565,-0.332,0.19,,-0.037,-0.044,-0.086,-0.002,-0.047
Gstm5,0.05,-0.314,-0.094,-0.061,0.282,-0.014,-0.061,0.056,-0.046,0.013,-0.082,-0.518,-0.027
Gstm6,-0.12,0.494,-0.131,-0.224,0.204,0.197,-0.119,,-0.152,-0.137,-0.053,-0.586,
Gstm7,-0.217,-2.004,-0.524,-0.208,-0.337,-1.029,,,0.073,0.019,-0.018,-0.295,0.067
Gsto1,0.351,0.28,-0.309,0.047,0.6,0.076,-0.373,0.333,-0.158,-0.034,-0.154,-0.077,-0.008
Gstp1,-0.006,-0.093,-0.32,-0.054,0.15,-0.118,-0.204,-0.328,-0.117,-0.15,-0.044,-0.163,0.088
Gstt1,0.083,-1.072,-0.062,0.015,-1.107,-0.637,-0.247,-0.688,-0.151,0.04,-0.347,-0.269,-0.176
Gstt2,0.258,,-0.572,-0.236,0.898,-0.028,-1.627,,-0.161,0.068,0.02,-0.092,-0.108
Gstz1,-0.194,0.406,0.038,0.132,-0.078,0.01,0.094,-0.071,-0.114,-0.111,-0.061,0.023,-0.162
Gt(ROSA)26Sor,-0.335,-0.104,-0.11,0.097,0.491,-0.12,-0.426,-0.215,-0.039,-0.046,0.097,0.231,0.075
Gtdc1,-0.086,-0.483,0.134,-0.142,-0.708,-0.251,,0.064,-0.265,-0.083,0.239,0.174,-0.11
Gtf2a1,-0.151,-0.076,0.081,0.161,-0.358,0.193,0.191,-0.331,0.073,0.134,0.181,0.063,-0.295
Gtf2a2,-0.088,0.007,-0.073,-0.042,-0.321,-0.014,0.049,-0.148,-0.096,-0.13,-0.025,-0.264,-0.109
Gtf2b,-0.083,-0.089,-0.172,-0.062,0.155,-0.051,-0.113,-0.374,-0.206,-0.065,-0.21,-0.114,0.115
Gtf2e1,-0.658,-1.188,0.013,-0.025,-0.339,0.132,-0.175,,0.058,0.186,0.056,0.233,0.417
Gtf2e2,0.067,0.035,-0.146,-0.079,-0.338,-0.111,0.082,-0.116,0.023,-0.036,0.06,-0.016,0.019
Gtf2f1,0.043,0.028,-0.214,0.123,0.056,-0.137,-0.024,0.06,-0.079,0.015,-0.171,-0.151,0.058
Gtf2f2,0.244,0.707,-0.088,0.022,-0.308,0.013,-0.379,,-0.091,-0.011,-0.194,-0.286,-0.147
Gtf2h1,-0.141,-0.193,0.06,0.164,-0.254,-0.019,0.107,0.175,0.14,0.042,0.171,0.212,0.286
Gtf2h2,0.108,-0.09,0.127,-0.074,-0.678,-0.143,1.088,0.237,-0.139,-0.101,-0.211,-0.17,-0.067
Gtf2h3,0.221,0.509,0.253,0.064,-0.85,-0.114,,0.668,-0.036,-0.016,-0.753,0.031,-0.349
Gtf2h4,-0.192,-0.078,0.08,-0.045,-0.25,-0.261,-0.265,-0.07,-0.251,-0.016,-0.149,0.079,0.058
Gtf2h5,-0.007,-0.359,-0.145,-0.022,0.098,0.012,-0.073,0.05,-0.023,-0.096,-0.01,-0.269,0.002
Gtf2i,0.019,0.033,0.075,-0.066,-0.324,0.201,-0.049,0.076,0.017,0.228,-0.059,0.413,0.086
Gtf2ird1,0.35,-0.936,0.123,-0.06,-0.057,-0.13,0.305,0.059,0.061,0.259,0.124,0.215,0.017
Gtf2ird2,0.124,-0.911,0.009,0.303,-0.928,-0.161,-1.484,0.097,-0.098,0.201,-0.194,0.128,-0.098
Gtf3a,-0.084,,-0.176,-0.089,0.1,0.083,0.077,-0.24,0.029,-0.15,-0.195,-0.152,-0.173
Gtf3c1,-0.126,-0.696,0.213,0.036,-0.453,-0.157,0.268,0.658,0.034,0.194,0.195,0.286,0.225
Gtf3c2,-0.171,-0.286,0.195,-0.066,-0.297,0.014,0.02,0.283,-0.109,0.087,0.097,0.119,-0.04
Gtf3c3,-0.06,-0.252,0.169,-0.121,0.477,0.174,-0.099,0.069,0.071,0.178,-0.034,-0.014,0.031
Gtf3c4,-0.073,-0.808,0.062,0.12,-0.099,-0.045,-0.338,0.241,0.115,0.136,0.121,0.097,-0.296
Gtf3c5,0.312,0.289,0.148,0.089,-0.335,0.066,0.463,-0.582,0.056,0.084,-0.019,0.091,0.445
Gtf3c6,0.171,0.195,-0.109,0.025,-0.041,-0.075,-0.049,-0.172,-0.13,-0.067,0.037,-0.222,0.094
Gtpbp1,0.031,-0.568,0.095,-0.101,0.212,-0.18,0.334,,-0.162,0.148,0.105,0.282,-0.228
Gtpbp2,-0.12,0.804,0.233,-0.032,0.356,-0.083,0.046,-0.237,-0.072,0.189,0.133,0.059,-0.212
Gtpbp3,-0.744,0.005,0.27,0.069,-0.542,-0.314,0.573,-0.74,-0.132,0.104,0.011,-0.259,-0.343
Gtpbp4,-0.167,0.228,-0.062,0.002,-0.001,-0.192,0.164,0.072,-0.042,0.024,-0.051,0.033,-0.07
Gtpbp6,-0.279,,0.001,0.054,0.103,0.228,0.035,0.038,0.025,-0.034,-0.126,-0.01,0.021
Gtpbp8,-0.314,-0.311,0.099,-0.052,0.326,0.127,0.323,-1.015,0.022,0.001,0.212,-0.06,0.025
Gucy1a2,-0.133,0.063,0.055,0.085,0.575,0.227,,0.504,0.053,0.009,0.097,-0.174,
Guf1,0.158,0.091,0.261,-0.065,-0.227,0.122,0.408,0.054,0.098,0.108,0.001,0.113,0.103
Guk1,0.027,0.14,-0.092,-0.053,0.445,0.063,0.058,0.04,0.072,-0.096,0.042,-0.058,0.045
Gusb,-0.356,-0.83,-0.115,-0.092,0.365,0.393,-0.018,-0.118,-0.006,-0.035,-0.228,-0.342,0.002
Gyg,-0.023,-0.074,-0.118,-0.066,0.38,0.169,0.205,0.07,-0.001,0.028,0.139,0.094,0.171
Gys1,-0.152,-0.266,0.221,0.116,1.41,0.194,0.23,0.079,0.267,0.174,0.097,0.035,-0.964
Gzf1,0.058,-0.38,-0.029,-0.033,0.101,0.073,0.748,0.087,-0.148,0.089,0.158,0.069,0.175
H13,-0.037,-0.604,0.168,0.017,0.102,0.205,0.352,0.089,0.046,0.207,0.002,-0.023,-0.043
H1f0,0.026,-0.255,-0.149,-0.047,-1.125,-0.482,0.24,-0.553,-0.074,-0.061,-0.217,0.128,0.098
H1fx,0.105,1.044,-0.155,0.078,-0.083,-0.149,,-0.181,-0.021,-0.068,-0.053,-0.203,-0.175
H2-D1,-0.134,-1.219,0.04,0.017,-0.002,0.055,-0.128,0.05,-0.078,0.112,-0.387,-0.128,-0.035
H2-DMa,0.334,0.236,0.114,0.139,0.482,0.375,-0.476,-0.873,0.01,-0.036,0.104,-0.051,-0.071
H2-K1,-0.169,0.57,-0.356,-0.126,-0.956,0.885,-0.21,-0.058,-0.224,0.219,-0.212,0.065,-0.352
H2-Ke6,-0.146,0.373,-0.137,-0.002,0.278,0.165,0.692,0.361,-0.044,-0.081,-0.067,-0.351,0.03
H2-M3,0.0,-0.387,0.163,-0.061,1.275,1.745,0.039,0.3,0.364,0.083,-0.084,-0.053,-2.556
H2-T22,0.115,,0.017,0.094,0.181,-0.081,0.152,-0.036,-0.007,-0.075,0.042,-0.504,
H2-T23,0.509,1.012,-0.222,,-0.554,0.554,-0.129,-1.262,,0.163,-0.065,-0.111,
H2afj,-0.329,-0.009,-0.18,0.037,0.226,0.08,,0.12,-0.065,-0.092,0.032,-0.489,-0.18
H2afv,-0.132,-0.189,-0.164,-0.168,-1.267,-0.451,,-1.016,-0.143,-0.099,-0.113,-0.153,-0.062
H2afx,-0.171,-1.422,-0.049,-0.037,-0.831,0.153,,,-0.033,-0.078,-0.202,0.126,0.282
H2afy,-0.122,0.409,-0.186,-0.016,-0.215,0.001,,0.089,-0.016,-0.009,-0.07,0.07,0.025
H2afy2,0.43,0.228,-0.022,-0.015,-0.318,-0.159,,0.281,-0.007,0.066,-0.087,0.122,-0.004
H2afz,-0.049,0.09,-0.204,0.006,-0.587,-0.116,,-0.124,-0.037,-0.117,-0.155,-0.253,-0.02
H3f3a,0.082,0.293,-0.28,-0.029,-0.485,-0.15,-0.225,-0.244,-0.117,-0.078,-0.217,-0.192,-0.138
H3f3b,-0.121,-0.062,-0.272,-0.116,-0.961,-0.298,-0.284,-0.279,-0.084,-0.111,-0.223,-0.201,-0.116
Habp4,0.135,-0.369,0.042,-0.079,0.325,0.362,0.253,-0.009,0.082,-0.005,0.125,-0.041,0.123
Hace1,-0.297,-0.121,0.176,0.216,-0.303,-0.311,0.393,-0.502,-0.126,0.056,0.041,-0.058,-0.142
Hacl1,0.372,-2.402,0.048,,-0.206,-0.447,,,-0.042,0.118,-0.341,-0.08,0.22
Hadh,0.059,-0.016,-0.16,0.058,0.908,0.092,-0.03,0.345,-0.179,-0.027,-0.014,-0.292,-0.699
Hadha,0.1,-0.29,0.065,-0.047,-0.035,0.042,0.028,-0.317,-0.018,0.041,0.043,-0.074,-0.161
Hadhb,-0.04,0.053,0.01,-0.035,0.508,0.033,0.102,-0.657,0.002,0.087,-0.025,0.172,-0.198
Hagh,0.016,0.081,-0.148,-0.059,0.824,-0.073,0.042,0.277,-0.006,-0.067,-0.163,-0.327,0.047
Haghl,0.257,2.294,0.035,-0.035,0.906,0.157,-0.226,-0.289,0.009,0.051,-0.11,-0.23,0.046
Harbi1,0.407,-1.04,0.02,0.016,-0.876,0.409,-0.969,,0.011,0.059,-0.169,-0.086,-0.349
Hars,-0.054,-0.047,0.025,0.021,0.359,0.016,-0.121,-0.136,-0.041,0.055,-0.01,-0.058,0.127
Hars2,-0.446,-0.678,0.211,-0.054,-0.746,0.221,0.162,0.416,0.048,0.128,-0.097,0.004,0.015
Hat1,0.093,-0.21,0.023,-0.164,-0.459,-0.639,0.108,0.282,0.013,-0.057,-0.175,-0.154,-0.044
Haus1,0.12,-1.093,-0.134,-0.021,-0.1,-0.022,-0.108,,-0.078,-0.099,-0.149,-0.045,-0.357
Haus2,-0.157,-1.113,0.067,0.021,-0.379,-0.157,0.221,-0.05,-0.008,0.073,-0.021,0.163,-0.03
Haus3,0.244,0.318,0.15,-0.221,-1.392,-0.793,-0.628,,0.202,-0.094,-0.154,0.111,
Haus4,-0.059,-0.096,-0.034,0.024,0.067,-0.263,-0.656,,0.007,0.107,0.011,-0.215,0.183
Haus6,-0.259,-1.77,0.153,-0.159,-0.319,-0.112,-0.787,,-0.033,-0.099,0.473,0.224,
Haus7,-0.223,0.931,0.041,-0.056,0.031,-0.121,-0.745,,-0.115,0.032,-0.218,-0.123,0.143
Haus8,-0.174,0.927,-0.043,0.044,-0.111,-0.226,-0.098,-0.045,-0.159,-0.029,0.004,0.018,-0.153
Hax1,-0.08,-0.26,-0.116,-0.112,-0.036,-0.26,0.068,-0.279,-0.068,-0.063,0.029,0.035,-0.033
Hbegf,-0.371,0.692,-0.508,-0.378,0.031,-0.245,-0.535,,-0.294,-0.004,-0.087,,-0.906
Hbp1,0.008,-0.005,0.002,0.015,0.039,0.049,-0.262,0.03,-0.118,0.078,-0.049,0.029,-0.022
Hbs1l,-0.111,-0.05,0.065,0.037,0.194,0.069,0.061,0.001,-0.038,0.171,0.022,0.162,-0.084
Hccs,0.388,-0.196,-0.107,-0.003,-0.268,-0.065,-0.031,,-0.072,0.041,-0.023,0.032,0.021
Hcfc1,0.279,0.309,0.09,-0.003,-0.084,-0.083,0.587,0.034,0.047,0.137,0.156,0.197,-0.072
Hcfc1r1,-0.043,-0.091,-0.157,-0.073,0.498,0.013,0.151,0.094,0.018,-0.123,0.001,-0.153,-0.016
Hcfc2,0.396,-1.187,0.165,0.038,0.673,-0.15,-0.031,-0.962,0.081,0.191,0.125,0.23,-0.714
Hcn2,-0.161,0.073,0.38,-0.089,0.21,-0.152,0.399,-0.468,0.29,0.218,0.067,0.131,0.19
Hcn3,0.152,-0.297,0.004,0.066,0.285,0.43,0.3,0.142,0.137,0.191,0.152,0.239,-0.305
Hdac1,0.115,-0.042,0.009,-0.017,-0.211,-0.002,0.016,0.629,-0.105,0.041,-0.166,-0.242,-0.165
Hdac10,0.65,-1.134,0.171,-0.013,-0.013,-0.359,-1.016,0.068,-0.116,0.166,-0.406,0.125,-0.155
Hdac11,-0.165,-0.136,-0.038,0.13,0.296,0.203,-0.083,0.126,0.007,0.09,0.063,0.222,-0.034
Hdac2,-0.229,0.035,0.061,-0.027,-0.105,-0.022,0.045,0.227,-0.045,0.079,-0.011,-0.134,-0.128
Hdac3,0.106,1.059,0.121,-0.051,0.03,0.017,0.353,0.573,-0.056,0.091,-0.029,0.026,-0.05
Hdac4,0.223,-0.506,0.043,0.186,-0.005,0.234,0.383,0.289,0.168,0.261,0.155,0.175,-0.166
Hdac5,0.007,0.114,0.123,-0.073,0.275,-0.153,0.031,0.01,-0.163,0.165,-0.081,0.206,0.002
Hdac6,-0.0,0.034,0.207,0.104,-0.256,-0.037,0.164,-0.195,0.119,0.156,-0.036,0.063,0.11
Hdac8,-0.057,-0.884,0.211,-0.031,-0.195,-0.208,-0.843,0.104,-0.033,0.112,0.007,0.201,0.087
Hdac9,-0.223,0.692,0.07,-0.072,-0.785,0.193,0.116,-0.041,-0.105,0.127,0.176,0.64,0.413
Hddc2,0.055,-0.438,-0.112,-0.049,0.225,-0.084,-0.177,0.045,0.075,-0.143,-0.036,-0.371,0.127
Hddc3,0.181,1.014,-0.144,-0.161,0.067,-0.247,,,-0.107,-0.284,-0.062,-0.328,-0.14
Hdgf,-0.023,-0.234,-0.133,0.031,-0.371,0.009,0.132,-0.12,0.025,-0.046,-0.012,0.196,-0.156
Hdhd2,0.144,0.021,-0.048,0.057,0.24,-0.072,0.206,-0.013,-0.127,-0.068,-0.086,0.018,0.279
Hdhd3,0.034,0.262,-0.18,-0.196,0.936,0.811,-0.322,,-0.294,-0.049,0.15,-0.283,
Hdlbp,0.046,-0.15,0.003,0.105,0.275,-0.0,0.013,0.151,-0.0,0.06,0.127,0.02,0.077
Hdx,-0.057,,0.145,0.427,-0.757,0.154,0.813,-0.868,0.166,0.187,0.151,0.194,
Heatr1,-0.267,0.249,0.284,-0.22,0.108,-0.406,0.044,,-0.179,0.254,-0.493,0.092,
Heatr3,-0.097,-1.022,0.157,-0.029,0.1,-0.404,-0.257,-0.156,0.11,0.065,-0.023,0.008,-0.702
Heatr5b,0.094,0.097,0.319,0.096,0.08,0.344,0.524,0.339,-0.164,0.111,-0.154,0.003,
Heatr6,-0.064,-0.03,0.085,0.025,-0.365,-0.155,0.619,-0.006,0.0,-0.011,-0.042,-0.063,-0.412
Hebp2,-0.077,0.117,-0.185,0.007,0.504,-0.172,0.247,-0.133,0.019,-0.136,0.076,-0.115,-0.054
Heca,-0.318,-1.789,-0.151,-0.023,-0.259,-0.179,-0.013,0.203,0.115,0.058,0.073,-0.05,
Hectd1,0.173,0.353,0.109,0.092,-0.133,0.123,0.276,0.188,0.084,0.202,0.257,-0.019,0.043
Hectd3,0.394,0.001,0.049,0.033,-0.396,-0.086,-0.011,-0.419,0.031,0.026,0.145,0.179,-0.407
Hecw1,0.21,-0.015,0.17,0.062,0.151,0.12,0.508,0.108,0.0,0.152,0.172,-0.246,0.012
Helq,-0.034,1.106,0.259,,0.005,0.124,,-0.267,-0.312,0.126,0.064,0.182,
Helz,-0.074,0.197,0.067,0.097,-0.246,-0.118,0.744,0.259,-0.022,0.105,0.098,0.119,0.073
Hemk1,-0.189,0.647,0.375,-0.057,0.292,0.819,0.475,-0.561,0.103,0.037,-0.005,0.123,0.343
Herc1,0.083,-0.248,0.219,0.155,0.198,0.134,0.481,0.064,0.023,0.329,0.088,-0.024,-0.225
Herc2,0.074,-0.001,0.21,-0.026,0.548,0.074,0.517,0.146,0.071,0.271,0.128,-0.051,-0.278
Herc3,0.105,-0.377,0.207,0.262,0.146,-0.114,0.489,0.159,-0.006,0.129,0.083,0.252,0.217
Herc4,0.438,-0.827,0.15,0.22,-0.36,-0.033,-0.175,0.247,-0.016,0.177,0.145,-0.041,-0.427
Herc6,-0.458,0.736,,,0.078,0.922,-0.138,0.268,0.493,0.033,0.201,-0.195,
Herpud1,-0.303,-0.557,0.121,0.086,-0.035,-0.089,-0.443,-0.191,-0.076,0.06,-0.103,0.167,0.133
Herpud2,0.202,-0.585,0.096,-0.169,0.025,-0.157,0.219,-0.008,0.028,0.094,0.046,-0.001,0.154
Hes1,-0.121,0.452,-0.21,-0.611,1.886,-0.245,-0.248,-0.784,-0.052,-0.019,-0.103,-0.725,-0.548
Hes6,0.097,-1.694,-0.208,-0.02,0.009,-0.232,-0.191,-0.082,-0.075,-0.04,0.099,-0.264,-0.076
Hexa,-0.107,-0.042,0.173,-0.016,-0.027,0.357,-0.152,-0.155,0.05,0.095,-0.101,-0.251,-0.031
Hexb,0.016,-0.441,0.375,0.13,0.153,0.081,0.021,0.304,-0.056,0.303,-0.096,0.069,0.076
Hexdc,0.379,1.856,0.141,0.064,-0.472,-0.01,0.192,-0.225,0.053,0.12,0.002,-0.159,0.093
Hexim1,-0.262,-0.316,0.063,-0.044,-0.288,-0.158,-0.169,-0.951,-0.091,0.082,0.255,0.088,0.169
Hexim2,0.202,0.775,-0.056,-0.181,1.061,0.355,,,-0.199,0.225,0.065,0.237,-0.344
Hey1,0.373,0.631,-0.008,-0.055,0.969,0.613,-0.844,0.081,0.02,0.184,0.247,-0.342,-1.219
Hgs,-0.12,0.494,-0.009,-0.016,0.267,0.25,-0.008,,-0.053,0.127,0.093,0.051,-0.047
Hgsnat,0.401,0.14,0.308,0.041,0.035,0.182,0.306,0.162,-0.084,0.166,0.222,-0.045,0.095
Hibadh,-0.142,-0.082,-0.017,-0.159,-0.203,0.016,0.419,-0.052,-0.117,0.038,-0.066,0.112,0.063
Hibch,0.032,-0.652,0.026,0.008,-0.054,-0.141,0.808,0.065,-0.005,0.111,0.032,-0.136,-0.029
Hif1a,0.009,-0.086,-0.036,-0.063,-0.585,-0.137,-0.191,-0.023,-0.094,0.099,-0.062,0.042,0.065
Hif1an,0.0,0.281,0.274,-0.241,-0.085,-0.182,0.268,-0.687,-0.027,0.274,0.114,0.16,-1.039
Higd1a,-0.07,-0.265,-0.12,0.034,0.37,0.07,-0.06,0.12,-0.062,-0.147,-0.021,0.257,0.46
Higd2a,0.039,0.066,-0.141,-0.039,0.188,-0.037,0.024,0.055,-0.048,-0.116,0.009,-0.097,-0.004
Hinfp,0.236,,0.137,0.497,0.039,0.092,0.808,-0.202,0.239,0.351,-0.265,,
Hint1,0.013,0.165,-0.197,-0.022,0.227,0.027,-0.072,0.028,-0.015,-0.114,-0.055,-0.411,0.098
Hint2,0.03,0.553,-0.189,-0.013,0.276,-0.007,-0.156,0.044,-0.139,-0.106,-0.066,-0.266,0.149
Hint3,0.293,0.447,-0.092,-0.133,0.103,-0.157,0.586,-0.133,0.018,-0.154,-0.004,-0.279,-0.469
Hip1,0.048,0.437,-0.004,0.096,0.343,-0.088,-0.483,-0.019,0.045,0.217,0.162,0.417,-0.359
Hip1r,-0.027,0.464,0.164,0.099,-0.035,0.054,0.051,-0.006,0.13,0.157,0.101,0.109,-0.038
Hipk1,0.165,0.022,0.132,-0.061,0.045,-0.132,0.061,-0.086,0.01,0.183,-0.012,0.289,0.161
Hipk3,0.027,-0.562,0.082,0.072,0.112,0.401,-0.053,0.171,0.032,0.092,0.059,0.194,0.018
Hira,0.21,-0.622,0.061,0.113,-0.006,0.214,0.087,-0.24,0.045,0.095,0.02,0.123,-0.243
Hist1h1c,-0.413,-0.4,-0.03,-0.389,-0.701,-0.428,,-0.458,0.043,-0.051,-0.232,-0.025,-1.123
Hist1h2bc,0.052,-0.582,-0.125,-0.434,-0.54,-0.421,,-0.118,-0.084,-0.121,-0.356,-0.356,-0.251
Hist3h2a,0.085,0.504,-0.071,-0.036,-0.126,0.129,,-0.387,-0.05,-0.063,-0.015,-0.247,0.053
Hist3h2ba,0.432,-0.15,-0.251,-0.054,0.362,0.018,,0.298,-0.042,-0.114,-0.156,-0.408,0.053
Hivep1,0.017,-0.146,0.215,0.015,0.09,-0.252,0.184,0.108,0.147,0.074,0.19,0.123,-0.495
Hivep2,-0.115,0.462,0.07,-0.235,-0.845,-0.242,-0.022,-0.167,-0.043,0.055,-0.102,0.116,-0.169
Hivep3,0.545,-0.698,0.008,0.056,0.002,0.27,0.425,0.151,0.096,0.03,0.095,0.343,-0.111
Hjurp,-0.198,-0.866,0.129,0.003,-0.892,-0.158,-0.651,0.11,0.008,0.202,-0.024,0.028,0.0
Hk1,0.115,0.152,0.092,0.086,0.365,0.075,0.204,0.181,0.085,0.207,0.11,0.247,0.204
Hlcs,-0.056,-0.603,0.187,-0.212,-0.63,0.576,0.247,-0.074,-0.072,0.187,0.006,0.171,
Hltf,-0.564,-0.076,-0.016,0.45,-0.319,-0.065,0.079,-0.48,0.013,0.008,-0.214,-0.122,0.127
Hmbox1,-0.015,-0.89,0.177,0.02,0.052,0.064,0.663,-0.119,0.028,0.155,-0.042,0.236,-0.368
Hmbs,0.205,-0.168,-0.162,-0.134,0.393,0.011,-0.252,-0.158,-0.052,-0.078,-0.058,-0.229,0.208
Hmg20a,0.194,-0.129,0.061,-0.04,-0.053,0.187,0.089,-0.053,0.032,0.095,0.039,0.108,-0.039
Hmg20b,0.114,-0.812,-0.115,0.084,0.179,-0.061,0.084,-0.45,0.059,-0.086,-0.086,-0.279,-0.265
Hmga1,0.073,,-0.077,0.437,-0.639,-0.019,-0.633,,0.026,0.067,-0.17,-0.051,-0.129
Hmgb1,-0.017,-0.101,-0.235,-0.07,-0.612,-0.107,0.131,-0.138,-0.048,-0.129,-0.162,-0.142,-0.112
Hmgb3,0.061,0.063,-0.1,-0.014,-0.552,-0.095,0.148,0.155,-0.061,-0.058,-0.127,0.104,0.135
Hmgcl,-0.058,0.001,-0.029,-0.047,-0.449,-0.152,0.138,-0.183,-0.135,0.046,-0.165,-0.066,-0.129
Hmgcll1,0.068,-0.714,0.171,0.074,0.174,0.245,0.327,0.384,0.254,-0.004,-0.056,0.221,0.397
Hmgcr,0.193,0.303,0.011,0.144,-0.126,0.069,0.477,-0.127,0.084,0.154,0.116,0.036,0.113
Hmgcs2,0.796,-0.959,-0.263,-0.804,0.631,1.699,-0.521,-0.278,-0.115,-0.222,0.22,,
Hmgn1,-0.143,-0.093,-0.171,-0.084,-0.976,-0.439,-0.029,-0.353,-0.001,-0.114,-0.056,-0.102,-0.131
Hmgn2,0.039,0.26,-0.249,-0.096,-1.321,-0.623,-0.005,-0.274,-0.04,-0.141,-0.123,-0.157,-0.044
Hmgn3,0.079,-0.36,-0.056,0.051,0.251,-0.067,0.152,0.045,-0.027,-0.08,0.018,-0.237,-0.074
Hmgxb3,-0.423,-0.421,0.135,0.101,0.11,-0.402,0.375,-0.224,-0.111,0.013,-0.041,0.161,0.175
Hmgxb4,0.098,1.059,0.026,-0.122,0.215,0.302,-0.954,0.027,-0.055,0.052,-0.096,0.099,-0.701
Hmox2,-0.005,-0.482,-0.137,0.062,0.334,0.05,0.191,-0.059,-0.021,-0.125,-0.086,-0.058,0.079
Hnmt,0.121,2.582,0.008,0.135,0.521,1.801,0.84,,-0.341,0.082,0.552,,0.013
Hnrnpa0,0.048,0.056,-0.123,-0.011,-0.533,-0.213,0.405,-0.47,0.052,-0.038,0.133,0.194,-0.11
Hnrnpa1,-0.101,,-0.173,-0.01,-0.712,-0.122,-0.001,0.168,-0.019,-0.066,-0.069,0.042,-0.086
Hnrnpa2b1,-0.109,0.134,-0.107,-0.057,-0.572,-0.104,-0.047,0.077,-0.062,0.107,-0.101,0.017,-0.057
Hnrnpa3,-0.148,0.091,-0.051,-0.051,-0.49,-0.045,0.061,-0.064,0.021,0.02,-0.065,0.094,0.015
Hnrnpab,-0.121,-0.23,-0.205,0.019,-0.553,-0.099,-0.137,0.077,-0.051,-0.038,-0.055,0.168,-0.012
Hnrnpc,-0.065,-0.173,-0.114,-0.07,-0.256,-0.103,0.067,-0.47,0.034,0.023,-0.016,0.216,-0.105
Hnrnpd,0.065,-0.13,-0.106,0.081,-0.487,-0.066,0.237,-0.077,0.045,-0.027,-0.056,-0.015,-0.196
Hnrnpf,-0.107,0.917,-0.146,-0.038,-0.089,-0.082,-0.264,-0.299,-0.068,0.009,-0.138,-0.05,-0.102
Hnrnph1,-0.078,0.188,0.006,0.015,-0.565,-0.085,0.006,0.209,0.001,0.18,0.064,0.142,-0.024
Hnrnph2,-0.179,-0.176,-0.073,0.017,-0.313,-0.012,-0.223,0.059,-0.034,0.119,-0.071,0.095,0.013
Hnrnph3,0.139,,-0.153,-0.084,-0.914,-0.209,-0.011,-0.202,-0.084,-0.11,-0.018,-0.087,-0.072
Hnrnpk,-0.003,-0.614,-0.1,-0.017,-0.247,-0.142,-0.057,-0.447,-0.052,0.038,-0.066,0.031,-0.041
Hnrnpl,-0.086,0.105,-0.046,-0.084,-0.365,-0.147,0.143,-0.062,-0.042,0.104,-0.025,0.002,-0.036
Hnrnpm,0.035,-0.812,0.039,-0.015,-0.622,-0.11,0.008,-0.184,-0.015,0.105,-0.045,-0.126,-0.159
Hnrnpr,-0.109,-0.382,-0.098,0.038,-0.381,0.044,0.22,-0.288,0.013,0.109,-0.059,-0.049,-0.204
Hnrnpu,-0.03,0.343,0.079,-0.012,-0.452,0.007,0.163,-0.119,0.012,0.131,-0.036,0.265,-0.069
Hnrnpul1,0.14,,0.004,0.041,-0.59,0.106,0.174,0.027,0.096,0.052,0.07,0.071,-0.065
Hnrnpul2,-0.02,-0.683,-0.013,0.074,-0.248,-0.034,0.134,-0.375,0.087,0.093,0.085,0.121,-0.103
Homer1,0.182,0.549,0.174,0.0,0.242,-0.185,-0.209,0.022,0.106,0.186,0.233,-0.027,-0.018
Homer2,-0.061,0.168,0.025,-0.367,-0.601,-0.218,,,-0.018,0.037,-0.181,0.45,-0.155
Homer3,-0.061,,-0.166,-0.068,-0.921,-0.211,0.193,,0.064,-0.058,0.186,,0.352
Homez,0.44,2.137,0.087,-0.177,0.173,0.018,,,0.068,0.078,0.105,-0.086,-0.124
Hook1,-0.32,,0.139,0.132,-0.155,-0.242,0.99,0.097,0.182,0.256,0.233,-0.115,-0.167
Hook2,-0.19,0.809,0.268,-0.369,0.282,0.366,-0.806,-0.28,-0.132,0.185,-0.072,0.152,
Hook3,0.151,-0.609,0.087,-0.033,-0.383,-0.234,0.749,0.016,0.014,0.111,-0.028,0.09,-0.136
Hp1bp3,-0.2,-0.36,-0.091,-0.008,-0.474,-0.112,-0.051,0.057,0.002,-0.019,0.047,0.159,-0.004
Hpca,0.072,-0.493,-0.412,-0.123,1.358,-0.172,0.473,0.153,-0.197,-0.254,0.201,-0.807,-0.628
Hpcal1,-0.135,0.047,-0.266,-0.129,0.708,0.009,0.041,0.057,0.011,-0.014,-0.087,-0.105,0.033
Hpcal4,0.119,-0.265,0.185,0.145,0.712,0.106,0.19,-0.163,0.14,0.158,0.246,0.064,-0.307
Hprt,-0.098,-0.05,-0.152,-0.023,0.481,0.082,0.203,-0.122,-0.015,-0.014,-0.027,-0.05,0.053
Hps3,-0.042,-0.667,0.146,0.081,0.544,0.459,-0.106,0.339,0.094,0.099,0.047,-0.122,-0.403
Hps4,-0.522,0.627,0.075,0.132,0.56,0.131,0.228,0.591,-0.02,0.084,-0.226,-0.137,-0.055
Hps5,-0.046,-0.495,0.288,-0.147,-1.491,-0.364,-0.172,0.011,0.357,0.301,-0.312,-0.079,
Hs1bp3,0.089,0.55,0.23,0.238,0.397,0.056,-0.786,-0.504,-0.068,0.115,0.1,0.257,-0.008
Hs2st1,-0.311,-0.456,-0.048,-0.224,-0.082,-0.022,0.204,-0.25,-0.042,0.174,-0.047,0.489,0.06
Hs3st5,0.041,-0.17,0.175,0.173,0.386,-0.07,0.691,0.238,-0.001,0.125,-0.098,-0.599,-0.72
Hs6st1,0.319,0.609,0.186,0.148,-0.105,0.312,0.065,-0.096,-0.026,0.205,0.067,-0.042,0.037
Hsbp1,-0.06,0.368,-0.159,-0.006,-0.039,-0.017,0.027,0.104,-0.049,-0.107,-0.03,-0.174,0.039
Hscb,-0.242,0.408,-0.152,-0.316,0.642,0.385,0.498,0.488,-0.08,-0.126,0.043,-0.252,0.352
Hsd17b10,-0.028,0.117,-0.148,-0.084,-0.067,-0.007,-0.016,-0.167,-0.026,-0.072,-0.154,-0.322,-0.067
Hsd17b11,-0.368,0.17,-0.115,0.056,0.039,0.029,-0.106,-0.085,-0.035,0.043,-0.047,-0.495,-0.104
Hsd17b12,0.113,0.342,0.164,-0.055,0.085,0.176,0.206,0.18,0.04,0.086,-0.049,0.074,0.068
Hsd17b4,0.216,0.154,0.092,0.161,0.295,0.23,-0.434,-0.61,0.0,0.203,0.264,0.104,0.066
Hsd17b7,0.298,-0.522,-0.014,0.092,0.115,0.007,0.066,0.415,0.064,0.14,0.011,0.108,0.075
Hsdl1,0.175,0.539,0.308,-0.027,-0.214,0.021,0.355,-0.336,0.006,0.266,0.054,0.367,-0.006
Hsdl2,-0.068,-0.08,-0.019,-0.0,0.343,0.164,0.029,0.088,-0.084,-0.099,-0.013,-0.153,-0.103
Hsf1,0.137,0.593,-0.026,0.095,-0.42,0.095,0.125,0.32,-0.203,0.162,-0.062,0.212,0.408
Hsf2,-0.05,-0.136,-0.065,-0.064,-0.596,-0.268,0.172,-0.377,-0.04,0.08,0.116,0.117,-0.228
Hsp90aa1,-0.006,0.035,0.012,0.02,-0.052,0.001,0.235,-0.126,-0.071,0.102,-0.058,-0.135,0.001
Hsp90ab1,0.025,0.036,-0.138,-0.013,0.229,0.012,0.181,-0.036,0.015,-0.036,0.003,-0.095,-0.042
Hsp90b1,-0.056,-0.055,0.099,-0.014,0.066,0.107,0.27,-0.039,0.01,0.13,-0.004,0.052,0.1
Hspa12a,-0.043,0.008,0.158,0.007,0.326,0.277,0.106,-0.326,0.103,0.153,0.187,0.197,
Hspa13,-0.153,-0.426,-0.035,-0.093,-0.02,0.038,0.538,0.412,-0.003,0.112,0.097,0.145,-0.021
Hspa14,0.006,-0.255,-0.02,-0.033,-0.213,-0.242,0.428,0.109,-0.037,0.012,-0.232,-0.257,0.086
Hspa2,0.07,-0.407,-0.075,0.095,-0.542,-0.038,0.064,0.374,-0.037,-0.029,-0.399,-0.128,0.052
Hspa4,-0.054,-0.1,0.016,0.017,-0.005,0.011,0.316,-0.113,0.023,0.128,0.097,-0.014,-0.004
Hspa4l,-0.06,-0.251,0.176,0.047,0.09,0.113,0.48,0.082,0.102,0.082,0.121,0.14,0.123
Hspa5,-0.017,-0.166,0.158,0.13,0.09,0.08,-0.193,0.066,0.09,0.214,-0.095,-0.129,-0.025
Hspa8,-0.009,0.227,-0.103,-0.049,0.251,0.041,-0.286,-0.085,-0.004,0.033,-0.038,-0.115,-0.007
Hspa9,0.022,-0.111,0.057,-0.001,0.007,0.01,-0.416,-0.185,-0.002,0.19,-0.015,0.184,0.09
Hspb1,-0.151,-0.011,-0.414,0.002,1.142,-0.161,-0.321,0.011,-0.13,-0.187,-0.011,-0.703,0.27
Hspb11,-0.024,-0.289,-0.165,0.015,-0.033,-0.195,0.023,-0.289,0.026,-0.111,-0.069,-0.302,-0.285
Hspb8,0.041,0.16,-0.206,0.058,0.228,0.307,0.125,-0.027,-0.07,-0.079,0.032,0.049,-0.436
Hspbap1,-0.317,0.156,0.147,-0.068,1.073,-0.471,-1.702,0.018,0.04,0.222,0.079,-0.027,-0.556
Hspbp1,0.169,-0.415,-0.115,-0.009,0.343,-0.009,-0.179,-0.099,-0.104,-0.014,-0.04,0.157,-0.005
Hspd1,-0.083,0.107,-0.106,-0.003,0.125,0.086,0.101,-0.104,-0.023,0.019,-0.007,-0.069,-0.06
Hspe1,-0.015,-0.157,-0.174,0.013,0.112,0.127,-0.098,-0.25,-0.013,-0.087,-0.046,-0.27,-0.018
Hsph1,-0.033,0.136,0.054,0.13,0.534,-0.208,0.106,0.118,-0.016,0.128,0.135,-0.09,0.121
Htatip2,0.204,-0.824,0.115,-0.086,0.672,0.128,-0.02,0.049,0.056,-0.01,0.208,-0.398,-0.735
Htatsf1,-0.119,0.34,-0.091,-0.024,-0.318,0.07,0.094,-0.036,-0.045,-0.02,-0.013,0.055,0.07
Htr3a,1.057,0.393,0.041,-0.029,1.628,0.319,0.217,-0.503,0.015,0.199,-0.173,-0.035,-0.207
Htr3b,0.519,0.299,,0.06,1.443,0.545,0.194,0.088,0.305,0.098,-0.067,-0.655,-0.041
Htra2,-0.023,,0.015,-0.088,0.839,0.026,0.022,0.06,-0.038,0.065,-0.074,0.009,0.11
Htt,0.328,0.362,0.118,0.138,0.257,0.066,0.2,0.041,0.136,0.194,-0.0,0.093,0.262
Hunk,-0.905,-0.627,-0.229,0.014,-0.038,-0.021,-0.207,0.272,0.102,0.17,0.197,-0.068,-0.494
Huwe1,0.098,0.097,0.143,0.036,-0.164,-0.017,0.278,-0.059,0.1,0.189,0.115,0.084,-0.03
Hyal2,0.013,-0.488,0.215,0.041,-0.398,0.463,-0.408,,-0.263,-0.063,-0.181,0.268,0.264
Hyou1,0.267,-1.316,0.274,0.189,-0.383,0.085,-0.049,0.196,-0.009,0.429,0.142,0.166,
Iah1,-0.216,0.099,0.024,-0.111,-0.067,-0.023,-0.392,-0.618,-0.004,-0.106,-0.037,-0.268,-0.26
Iars,-0.194,-0.004,0.127,-0.132,-0.331,0.274,0.072,-0.469,-0.014,0.089,0.09,0.042,0.047
Iars2,-0.24,-0.041,0.187,0.043,0.591,-0.024,0.273,0.199,0.003,0.079,0.166,0.02,0.148
Ibtk,-0.115,-0.717,0.077,0.083,-0.459,0.13,0.37,-0.616,0.086,0.189,0.001,0.001,-0.176
Ica1,-0.133,-0.28,0.071,-0.012,0.066,0.044,0.263,-0.406,0.035,0.09,-0.113,-0.232,0.144
Ica1l,-0.094,-0.299,-0.083,-0.014,0.293,0.046,0.126,-0.235,0.067,-0.035,0.166,0.07,0.221
Ick,0.514,0.37,0.022,0.114,0.14,-0.024,,-0.357,-0.011,0.105,0.06,0.062,-0.145
Icmt,0.034,0.081,0.37,0.259,0.155,0.722,0.41,-0.13,-0.008,0.342,0.042,0.365,-0.03
Id1,0.005,-0.177,-0.43,-0.299,0.619,-0.028,-0.175,0.123,0.016,-0.13,-0.122,-0.128,-0.366
Id2,-0.004,-0.366,-0.329,0.045,0.367,-0.234,-0.01,-0.118,-0.089,-0.13,0.013,0.078,-0.171
Id3,0.324,0.292,-0.376,-0.238,0.439,0.305,-0.623,-1.196,-0.02,-0.235,0.05,-0.625,-0.431
Id4,1.01,-1.104,-0.146,-0.018,1.159,1.737,-0.22,,0.044,-0.07,0.759,-0.334,0.36
Ide,0.049,-0.04,0.104,-0.082,0.727,0.015,0.239,0.165,0.132,0.097,0.041,0.051,-0.03
Idh1,0.01,-0.25,-0.08,0.076,0.014,0.062,0.17,0.553,-0.02,0.032,0.074,0.098,0.045
Idh2,-0.005,0.076,-0.2,-0.093,-0.505,-0.101,-0.274,-0.277,0.008,0.043,-0.149,0.151,-0.071
Idh3a,0.042,-0.11,0.012,-0.02,0.459,-0.086,0.063,0.118,-0.055,-0.027,-0.03,0.078,-0.017
Idh3b,0.068,-0.036,-0.112,-0.158,0.332,0.039,0.105,0.065,-0.03,-0.038,-0.094,0.08,0.086
Idh3g,0.008,-0.064,-0.017,-0.052,0.081,-0.053,-0.051,-0.086,-0.061,0.013,-0.108,-0.05,0.125
Idi1,-0.04,,-0.187,0.097,0.312,0.205,0.063,-0.301,0.107,0.022,0.019,0.022,-0.04
Ids,-0.166,-0.119,0.059,0.085,0.078,0.126,0.49,-0.201,0.089,0.183,0.109,0.198,0.077
Idua,0.271,0.909,0.208,,-1.05,-1.201,0.279,,0.169,0.115,0.052,-0.472,
Ier2,-0.12,-0.512,-0.469,-0.221,-1.149,-0.828,-0.639,-0.543,-0.142,-0.024,-0.365,-0.146,-0.063
Ier3,-0.212,0.602,-0.553,-0.141,0.897,-0.466,-0.598,0.141,-0.005,0.003,-0.133,-0.32,-0.24
Ier3ip1,0.026,-0.265,-0.031,0.004,0.086,0.061,0.06,-0.067,0.027,-0.093,0.071,-0.2,-0.032
Ier5,-0.552,0.143,-0.34,0.017,-0.791,-0.683,-0.775,,-0.018,0.037,-0.276,-0.281,-0.415
Ier5l,0.074,0.462,-0.126,0.153,-0.73,0.045,-0.282,,0.12,-0.328,-0.286,-0.109,
Iffo1,0.255,-0.463,0.215,-0.109,-0.094,-0.209,0.004,0.186,0.023,0.134,0.027,-0.052,-0.199
Ifi27l2a,-0.161,-0.106,-0.376,-0.971,2.132,0.59,-0.844,-1.294,0.256,-0.137,,,
Ifi30,0.06,1.604,-0.177,0.109,0.596,-0.012,0.282,,-0.106,,0.039,-0.156,0.064
Ifi35,0.454,-0.412,-0.193,-0.108,0.324,0.453,-0.135,-0.235,0.019,0.039,-0.032,-0.065,-0.114
Ifit1,0.008,0.147,-0.391,-0.647,,2.314,-0.173,-0.005,0.451,-0.037,-0.263,0.406,
Ifit2,-0.17,-0.74,-0.323,-0.379,-0.712,0.057,-0.682,-0.677,-0.218,-0.019,-0.05,0.027,
Ifitm2,-0.835,,-0.301,-0.193,-0.338,-0.121,-0.547,-3.669,-0.004,-0.268,-0.303,-0.206,0.081
Ifitm3,0.781,,-0.514,-0.581,1.606,-3.587,-0.803,-0.932,-0.094,-0.213,0.339,0.106,-0.387
Ifnar1,0.223,-0.41,-0.028,-0.036,-0.121,0.064,0.437,-0.322,0.0,0.131,0.048,0.114,0.064
Ifnar2,-0.082,0.24,-0.075,-0.153,-0.591,-0.053,-0.265,0.574,-0.172,-0.099,-0.267,0.337,-0.279
Ifngr1,0.356,0.182,0.061,0.032,0.372,0.72,-0.031,-0.654,0.022,0.157,-0.04,0.028,-0.173
Ifngr2,0.2,0.397,0.023,-0.045,0.238,0.006,0.256,-0.142,0.074,-0.053,-0.017,-0.22,0.123
Ifrd1,-0.32,0.746,-0.13,0.013,-0.319,-0.069,-0.434,-0.462,-0.15,0.071,-0.113,0.032,0.048
Ift122,-1.247,-0.368,0.04,-0.004,-0.02,0.241,-0.121,0.182,0.097,0.227,0.121,0.026,0.132
Ift140,0.003,-0.738,0.161,-0.047,-0.451,-0.195,0.649,0.727,0.178,0.282,-0.186,0.033,-1.126
Ift172,-0.187,-0.118,0.341,-0.057,-0.358,-0.198,-0.37,0.504,0.181,0.3,-0.045,0.101,-0.703
Ift20,0.176,0.072,-0.131,-0.007,-0.017,-0.104,-0.036,-0.202,0.0,-0.082,-0.0,-0.004,-0.076
Ift27,0.038,0.574,-0.154,0.089,-0.232,-0.146,0.085,-0.674,-0.045,-0.111,-0.174,-0.271,-0.085
Ift46,0.013,-0.116,-0.106,-0.002,-0.123,-0.003,0.066,-0.014,-0.073,0.008,-0.043,0.249,-0.17
Ift52,-0.139,-0.012,0.006,0.004,-0.128,0.059,0.038,0.098,-0.001,-0.043,0.023,-0.277,0.005
Ift57,0.008,-1.478,-0.081,-0.026,0.064,0.089,0.298,0.066,-0.078,0.0,-0.097,0.006,-0.357
Ift74,-0.104,0.959,-0.131,0.026,0.061,-0.014,0.064,0.398,-0.24,0.012,-0.135,-0.232,0.084
Ift80,0.06,-0.054,0.133,-0.082,0.176,-0.108,0.234,-0.09,0.096,0.146,0.132,0.065,0.086
Ift81,-0.222,-0.867,-0.08,-0.304,-0.429,-0.138,-1.344,0.566,-0.026,0.027,-0.145,-0.031,0.112
Ift88,-0.098,0.452,0.045,0.039,-0.547,0.088,0.792,-0.079,0.091,-0.13,0.13,0.115,0.015
Igbp1,-0.072,-0.443,-0.089,-0.107,0.253,-0.24,0.056,0.477,-0.044,0.012,-0.027,-0.197,-0.031
Igf1r,0.055,0.054,0.067,0.099,-0.179,0.179,0.476,-0.086,0.017,0.235,0.023,0.049,-0.067
Igfbp4,-0.031,-0.036,-0.159,-0.314,-0.449,-0.863,-0.779,-0.46,-0.175,-0.344,0.175,,0.023
Ighmbp2,-0.436,0.021,0.255,-0.238,-0.143,0.576,,,0.051,0.176,0.037,0.207,-0.572
Igsf10,0.293,0.781,,0.525,-1.21,-0.459,-1.189,,-0.055,0.018,0.054,0.265,
Igsf21,1.002,0.352,0.116,-0.101,0.105,0.084,,,0.095,-0.024,-0.192,0.23,-0.2
Igsf3,0.021,-0.693,0.144,0.136,0.035,-0.135,0.677,0.096,-0.047,0.327,0.04,0.463,-0.072
Igsf8,0.028,-0.392,-0.092,0.049,0.263,0.018,0.404,-0.066,-0.013,0.151,0.263,0.241,0.139
Igtp,-0.111,0.038,-0.141,,,1.89,-0.076,-2.737,0.271,0.031,0.049,0.076,-0.387
Ik,-0.133,0.02,-0.093,-0.021,-0.211,-0.077,-0.034,0.164,0.048,0.018,-0.018,0.071,-0.059
Ikbip,-0.065,-0.307,0.096,0.266,-0.433,-0.191,0.049,-0.541,0.128,0.117,-0.007,-0.003,0.07
Ikbkb,0.054,-0.853,0.158,0.117,0.138,-0.07,-0.007,-0.042,0.097,0.201,0.054,0.023,0.081
Ikbkg,0.245,-0.188,0.053,-0.104,-0.491,-0.203,0.837,,-0.032,0.098,0.181,0.183,-0.204
Ikzf2,0.279,-0.04,-0.019,-0.039,0.24,0.206,,0.301,0.097,0.241,0.143,0.075,0.424
Ikzf5,0.121,0.207,-0.008,0.122,-0.411,0.076,0.176,0.373,0.042,-0.078,0.095,0.05,-0.19
Il10rb,0.109,0.117,0.106,-0.089,0.811,0.617,0.139,-0.36,-0.162,0.016,0.09,0.246,-0.162
Il11ra1,0.135,0.591,-0.04,-0.171,-0.453,-0.128,-0.225,-0.231,-0.007,0.002,-0.112,0.068,-0.128
Il13ra1,-0.27,0.519,,0.056,0.711,-0.048,-0.534,,0.016,0.144,-0.007,0.102,-0.922
Il18,-0.019,-0.338,-0.183,0.475,0.967,0.278,0.499,-0.628,-0.327,0.108,-0.042,-0.379,
Il6st,0.016,-0.081,0.142,0.036,-0.134,0.224,-0.055,-0.431,0.148,0.218,0.121,0.27,-0.17
Ilf2,-0.099,-0.19,-0.084,0.001,-0.545,-0.083,-0.056,0.245,0.018,0.054,-0.119,-0.007,-0.014
Ilf3,-0.119,0.377,-0.002,-0.043,-0.406,0.017,0.22,-0.442,0.062,0.092,0.093,0.325,-0.031
Ilk,-0.009,-0.596,-0.094,-0.07,-0.155,0.103,-0.089,-0.125,-0.014,-0.047,-0.051,0.024,-0.067
Ilkap,-0.09,0.174,-0.116,-0.017,-0.213,-0.145,0.109,-0.262,-0.078,-0.061,-0.177,-0.075,-0.202
Ilvbl,0.011,0.53,0.303,0.072,0.427,0.152,0.158,0.302,-0.118,0.19,-0.08,-0.096,0.039
Immp1l,-0.086,-0.606,-0.146,-0.021,-0.362,-0.265,0.137,-0.096,-0.04,-0.086,-0.045,-0.277,0.038
Immp2l,0.201,-0.439,0.191,0.104,0.244,0.016,-0.487,,-0.098,-0.199,-0.194,,
Immt,0.107,0.095,-0.028,-0.037,0.32,0.017,0.083,-0.018,0.029,0.036,0.124,-0.142,0.03
Imp3,-0.397,-0.604,-0.214,0.015,-0.12,-0.021,-0.195,0.161,-0.03,-0.057,-0.063,-0.113,0.088
Imp4,-0.185,-1.041,-0.094,0.016,0.299,0.183,-0.888,-0.972,-0.244,0.011,0.022,-0.07,-0.035
Impa1,0.027,0.153,0.019,0.034,0.138,0.25,0.486,-0.151,-0.044,0.057,-0.065,-0.015,0.004
Impa2,-0.307,0.881,0.172,-0.057,-0.321,0.056,0.554,,-0.071,0.201,-0.336,-0.71,-1.034
Impact,0.001,-0.251,0.126,-0.006,-0.283,-0.133,0.348,-0.132,0.015,0.077,0.119,0.264,0.074
Impad1,0.289,-0.936,0.164,0.079,-0.095,0.134,,-0.438,0.082,0.146,-0.022,0.211,-0.242
Impdh1,0.051,-0.195,0.104,-0.035,-0.213,0.106,0.072,0.363,-0.003,0.147,0.001,0.064,0.15
Impdh2,-0.096,0.021,-0.066,-0.107,-0.32,-0.055,-0.521,-0.893,0.019,0.046,-0.065,-0.071,-0.1
Incenp,-0.194,-0.399,-0.126,-0.036,-0.794,-0.4,-0.132,,0.116,0.216,-0.291,0.089,0.048
Inf2,-0.239,0.002,-0.346,-0.223,-0.151,0.879,-0.243,0.222,0.089,0.276,0.315,-0.134,
Ing1,0.127,-0.19,-0.247,0.073,-0.003,0.008,-0.05,-0.144,-0.087,-0.0,0.036,-0.002,-0.128
Ing2,-0.257,-0.402,-0.188,0.2,-0.29,-0.205,-0.063,0.538,-0.109,-0.068,-0.183,-0.014,-0.305
Ing3,-0.291,-0.909,-0.026,-0.065,-0.477,-0.214,0.35,0.616,0.054,0.011,-0.216,0.011,-0.176
Ing4,0.04,-0.591,-0.083,-0.077,-0.435,-0.089,,0.543,-0.109,-0.047,-0.131,0.045,0.078
Inha,-0.357,-0.192,0.099,0.13,0.183,-0.476,0.376,0.281,-0.157,0.224,0.241,-0.017,0.098
Ino80,-0.093,-0.603,0.179,0.043,-0.73,0.169,-0.047,0.189,-0.171,0.067,0.305,0.05,-0.673
Ino80b,0.221,0.922,-0.084,-0.061,-0.35,-0.023,0.079,-0.038,-0.018,-0.065,-0.047,-0.236,-0.068
Ino80c,0.305,0.233,0.064,-0.056,0.319,0.092,0.484,-0.091,0.009,-0.06,-0.093,0.069,-0.199
Ino80d,-0.283,0.232,0.127,-0.069,-0.081,-0.326,0.214,0.239,0.099,0.048,0.036,-0.097,-0.259
Ino80e,0.053,,-0.176,-0.092,-0.171,-0.054,-0.349,0.06,-0.019,-0.115,0.018,0.046,0.107
Inpp1,-0.007,-0.144,-0.031,0.033,0.021,0.101,0.139,-0.054,0.021,0.033,0.075,0.044,-0.207
Inpp4a,-0.191,0.047,0.176,0.023,-0.086,0.01,0.32,-0.123,0.095,0.199,0.106,0.329,0.091
Inpp5a,0.259,,0.002,0.128,-0.051,0.168,0.005,0.075,-0.07,0.181,-0.129,0.32,
Inpp5b,-0.166,0.624,0.241,-0.139,1.077,-0.746,-0.395,0.212,0.079,0.097,0.078,0.259,-0.458
Inpp5e,-0.034,-0.183,0.174,0.042,-0.594,1.242,0.294,0.232,0.029,0.082,-0.022,0.184,-0.768
Inpp5f,0.295,0.281,0.093,-0.011,0.196,0.007,0.414,-0.101,0.114,0.086,0.03,0.001,0.116
Inpp5j,0.129,-0.623,0.121,-0.056,0.241,0.398,0.189,0.495,0.127,0.207,0.011,0.392,-0.386
Inpp5k,-0.072,-0.116,0.258,0.002,-0.147,-0.24,-0.227,0.258,0.002,0.116,0.219,-0.111,0.131
Insig1,0.202,-0.058,0.046,0.095,-0.398,0.145,0.074,-0.414,0.106,0.13,0.114,0.352,0.075
Insig2,-0.091,0.459,0.08,0.096,-0.177,0.095,0.464,0.338,-0.079,0.072,0.063,-0.101,0.005
Insr,-0.426,-0.221,0.111,0.116,-0.127,0.212,0.562,0.06,0.05,0.264,0.168,0.049,-0.354
Ints10,-0.106,-0.97,0.135,0.062,-0.414,-0.051,0.318,0.082,-0.036,0.205,0.003,0.043,0.077
Ints12,0.296,1.574,-0.096,0.024,-1.158,0.011,-0.082,,-0.306,0.068,0.159,-0.009,-0.421
Ints2,-0.342,1.128,0.199,-0.079,-0.294,0.097,0.282,0.221,-0.055,0.081,0.164,-0.055,-0.178
Ints3,-0.473,-0.081,0.121,0.053,-0.056,0.268,0.007,-0.471,0.163,0.196,0.241,-0.026,-0.265
Ints4,0.021,-0.636,0.108,0.251,-0.642,0.485,0.073,-0.171,-0.137,0.186,-0.165,0.047,-0.084
Ints5,-0.075,0.636,0.203,-0.267,0.153,0.025,-0.193,,0.077,0.223,-0.054,-0.227,-1.038
Ints6,-0.33,-0.739,0.083,-0.115,-0.649,-0.049,0.2,-0.147,0.136,0.223,0.007,0.106,
Ints7,0.045,-2.739,0.133,-0.151,-0.496,-0.433,-0.484,-0.185,0.016,0.24,0.094,0.223,-0.085
Ints8,0.237,-0.805,0.127,0.017,-0.345,-0.091,0.199,-0.836,-0.038,0.097,0.007,0.101,0.052
Ints9,-0.266,-1.174,0.266,-0.013,-0.638,0.092,-0.205,0.053,-0.027,0.103,0.036,0.078,-0.617
Ip6k1,-0.072,-0.129,0.092,0.099,-0.121,0.047,0.174,0.042,0.109,0.16,0.118,0.25,0.007
Ip6k2,0.034,-0.144,-0.14,-0.058,-0.448,0.081,0.089,0.585,0.012,0.035,-0.123,0.139,0.05
Ipmk,0.078,0.066,-0.046,-0.033,-0.319,-0.292,0.147,-0.2,0.02,0.057,-0.23,0.212,0.374
Ipo11,0.131,-0.096,0.241,0.142,0.467,0.329,0.33,-0.025,0.114,0.279,0.121,0.117,0.476
Ipo13,-0.107,-0.537,0.237,0.127,0.65,0.293,0.065,-0.441,0.059,0.242,0.122,-0.008,-0.447
Ipo4,0.209,-0.245,0.018,0.129,0.033,0.301,0.239,0.19,0.121,0.205,0.016,-0.014,-0.117
Ipo5,0.305,0.267,0.016,0.044,0.078,0.03,-0.12,0.121,0.004,0.18,0.063,0.103,0.112
Ipo7,0.19,1.643,0.089,0.026,0.156,0.233,0.073,-0.027,0.096,0.125,0.027,0.045,-0.266
Ipo8,0.101,0.298,0.07,0.03,-0.25,0.107,0.392,0.045,0.075,0.148,0.204,0.017,0.021
Ipo9,0.169,-0.242,0.227,0.106,0.083,0.193,-0.054,-0.964,-0.019,0.185,0.077,0.191,-0.069
Ippk,0.159,0.449,0.08,0.077,0.687,0.675,0.178,-0.72,0.081,0.152,0.498,0.155,0.378
Iqcb1,0.064,0.138,-0.02,-0.051,-0.037,-0.312,-0.053,0.209,0.173,-0.058,-0.06,0.006,0.149
Iqcc,-0.257,0.914,-0.11,-0.158,0.789,-0.755,0.447,-0.556,0.067,0.027,0.125,-0.128,-0.284
Iqcg,0.09,,0.2,-0.069,-0.126,0.301,-0.039,,0.291,0.003,0.117,-0.019,
Iqgap1,0.344,-0.224,0.059,0.046,-0.168,-0.229,0.207,0.104,-0.074,0.159,-0.122,-0.006,-0.027
Iqsec1,0.048,-0.047,0.281,0.035,0.613,-0.445,0.244,-0.174,0.046,0.17,0.272,0.438,
Iqsec2,0.152,2.247,0.048,0.063,-0.158,-0.516,-0.519,-0.179,0.064,0.005,0.134,-0.13,0.01
Iqsec3,-0.199,-0.166,0.27,0.02,0.462,0.391,0.199,0.036,0.146,0.161,0.04,0.089,-0.202
Irak1,-0.171,0.491,-0.025,0.007,-0.392,-0.041,0.021,-0.131,0.005,0.01,-0.04,-0.022,-0.297
Irak1bp1,0.236,-0.065,-0.185,-0.048,-0.186,-0.208,0.372,-1.048,-0.02,-0.054,-0.103,-0.168,0.008
Ireb2,-0.236,-0.085,0.207,0.122,-0.0,0.213,0.558,-0.46,0.075,0.205,0.032,0.238,-0.003
Irf1,0.31,-1.531,-0.461,0.359,-0.92,0.913,-0.378,0.045,0.017,0.037,-0.224,0.11,-0.154
Irf2,0.237,-0.25,-0.047,-0.153,-0.677,0.051,0.276,-0.248,0.131,-0.006,0.009,0.016,0.088
Irf2bp1,-0.243,0.191,-0.169,0.027,-0.842,-0.318,-0.268,0.545,0.02,0.012,-0.158,0.103,-0.011
Irf2bp2,0.076,0.095,-0.063,-0.011,-0.432,-0.108,0.107,0.29,0.047,0.177,0.023,0.103,0.058
Irf3,-0.127,0.357,0.077,-0.135,0.236,0.186,-1.24,-0.413,-0.012,0.14,0.092,0.018,0.044
Irf9,0.267,-0.382,-0.137,-0.0,0.425,0.036,-0.444,-0.492,0.159,0.008,-0.015,0.121,-0.15
Irgm1,0.582,-0.946,-0.415,,0.988,-2.335,-0.38,,-0.047,0.289,-0.055,-0.081,-1.096
Irgq,0.341,-0.173,0.213,0.065,0.228,-0.115,0.193,-0.228,0.148,0.229,0.088,0.27,0.049
Irs2,0.283,-2.281,0.045,-0.039,0.193,-0.153,0.425,0.738,0.03,0.188,-0.068,0.084,-0.867
Isca1,0.1,0.058,-0.026,0.047,-0.259,-0.844,-0.349,0.693,0.016,-0.084,0.057,-0.203,0.176
Isca2,0.077,-0.226,-0.097,-0.015,-0.153,0.032,0.308,0.381,-0.019,-0.089,0.178,-0.076,-0.019
Iscu,-0.005,0.166,-0.119,-0.071,0.257,0.075,0.227,-0.017,0.027,-0.072,0.046,-0.04,0.155
Isg20l2,-0.058,-0.871,0.064,0.32,-0.213,0.172,-0.062,,0.046,-0.002,-0.016,0.103,-1.003
Isl1,0.002,0.2,0.139,0.042,0.006,-0.001,0.582,0.031,,-0.034,0.408,,
Isoc1,0.168,-0.33,-0.117,-0.101,-0.268,-0.033,0.383,-0.455,-0.009,-0.101,0.048,-0.418,-0.128
Isoc2b,-0.418,-0.504,0.059,0.066,1.812,0.074,-0.554,,-0.263,-0.014,-0.204,,
Isy1,-0.108,-0.731,-0.064,0.116,-0.027,0.011,-0.262,-0.292,-0.03,-0.026,-0.016,0.283,-0.365
Isyna1,0.355,-0.057,-0.006,-0.013,0.34,-0.007,-0.427,0.222,0.085,0.062,0.008,-0.228,-0.082
Itch,-0.209,0.045,0.112,-0.033,-0.259,-0.036,0.325,0.147,-0.162,0.073,0.084,-0.186,0.167
Itfg1,-0.071,-0.183,0.338,0.025,0.194,0.175,0.615,0.021,0.025,0.231,0.055,0.131,0.177
Itfg2,-0.284,-0.019,0.004,0.002,-0.278,0.172,0.49,0.322,-0.197,0.041,-0.052,0.217,-0.052
Itga3,0.136,-1.417,0.332,0.214,0.439,0.323,0.338,-0.056,0.247,0.357,0.15,0.213,-0.134
Itga6,-0.019,-0.486,-0.167,0.199,0.7,0.656,0.426,-0.048,0.209,0.42,-0.071,0.741,0.128
Itgb1,0.003,-0.028,0.136,0.041,0.204,0.081,0.365,0.227,0.096,0.187,0.14,-0.065,-0.105
Itgb1bp1,-0.121,-0.607,-0.101,0.021,-0.225,-0.061,-0.289,-0.085,0.025,-0.122,-0.112,-0.228,-0.107
Itgb3bp,-0.236,-2.332,-0.027,0.01,-0.406,0.083,0.839,-1.036,-0.165,-0.059,-0.079,-0.259,-0.918
Itm2a,0.056,-1.269,-0.708,-0.162,-0.367,-1.279,-1.187,,-0.158,,0.087,,-0.191
Itm2b,0.06,0.01,-0.034,-0.086,0.234,0.049,0.229,0.044,-0.106,0.037,-0.024,-0.071,-0.018
Itm2c,-0.058,-0.024,0.172,0.019,0.198,-0.196,0.007,0.213,-0.038,0.223,0.064,0.244,0.217
Itpa,0.117,0.067,-0.078,0.012,-0.085,-0.003,0.117,0.196,-0.021,0.018,-0.143,0.175,0.053
Itpk1,-0.152,0.074,-0.055,0.108,0.236,0.274,-0.36,-0.034,-0.002,0.17,-0.17,-0.04,0.044
Itpkc,-0.588,0.968,0.124,0.178,-0.064,0.572,-1.299,,-0.155,0.165,-0.452,-0.015,
Itpr1,-0.073,0.494,0.104,-0.14,-0.73,-0.581,-0.516,-0.381,-0.146,0.073,0.081,0.547,
Itsn1,-0.379,0.013,0.076,0.037,-0.25,0.098,0.074,0.518,0.012,0.179,0.092,0.258,0.162
Itsn2,-0.158,-0.388,0.211,-0.006,0.574,0.227,0.23,-0.131,0.119,0.134,0.121,0.04,-0.246
Ivd,0.132,1.231,0.065,-0.079,-1.211,-0.466,-0.063,0.261,0.019,-0.016,-0.178,0.016,0.129
Ivns1abp,-0.065,-0.389,0.01,-0.103,-0.674,0.117,-0.441,-0.477,-0.022,0.039,-0.03,0.221,0.061
Iws1,-0.13,-1.451,0.068,-0.105,-0.202,-0.03,0.394,0.421,0.014,0.13,-0.133,-0.058,-0.124
Izumo4,-0.196,-0.539,0.016,0.268,0.498,-0.177,-0.071,0.428,0.05,0.038,0.144,-0.25,0.273
Jag2,0.484,1.082,0.147,0.127,0.351,0.045,0.647,0.154,0.096,0.339,0.037,0.105,
Jagn1,-0.149,0.49,0.129,0.022,0.141,-0.122,-0.125,0.175,-0.113,0.05,-0.128,-0.159,0.01
Jak1,-0.06,0.142,0.113,0.106,0.207,-0.046,0.03,-0.261,0.033,0.012,-0.147,0.072,-0.076
Jak2,-0.073,0.553,0.028,0.175,-0.463,0.028,-0.037,-0.229,0.038,0.068,-0.13,-0.0,-0.255
Jakmip1,0.075,0.265,0.003,0.093,1.04,-0.074,-0.188,0.111,-0.031,0.044,0.151,-0.088,0.392
Jakmip2,0.043,-0.954,0.114,0.083,-0.23,0.063,0.801,0.055,0.051,0.04,-0.021,0.014,-0.086
Jakmip3,0.218,1.067,0.204,0.074,0.809,0.17,0.19,0.285,0.226,0.098,0.207,0.108,
Jam3,0.045,-1.263,-0.076,-0.114,0.111,-0.026,0.028,0.483,-0.049,0.074,-0.009,0.029,0.084
Jarid2,-0.118,-0.096,0.089,-0.067,-0.468,-0.372,0.153,-0.069,-0.071,0.153,0.135,0.029,-0.059
Jazf1,0.152,-0.023,0.155,-0.152,0.585,-0.198,-0.32,,0.108,-0.045,-0.336,0.122,
Jdp2,0.061,-0.296,0.017,,0.016,-0.575,-0.46,-1.047,-0.258,-0.042,0.281,-0.409,
Jkamp,-0.042,0.221,0.072,-0.015,0.114,0.029,0.667,0.108,-0.103,0.037,-0.047,-0.065,-0.162
Jmjd1c,-0.232,0.397,0.032,0.12,-1.326,-0.187,0.259,-0.026,0.135,0.279,0.188,-0.065,-0.18
Jmjd4,0.336,1.651,0.035,0.07,0.057,0.92,0.933,,0.11,0.002,0.26,0.331,
Jmjd6,0.217,0.146,-0.078,0.019,-0.319,-0.215,-0.088,-0.03,-0.023,-0.018,-0.091,-0.033,0.054
Jmjd7,0.383,1.166,-0.13,-0.148,-0.199,0.229,-1.022,,0.009,-0.118,0.046,,0.336
Jmjd8,-0.087,0.635,0.145,0.118,-0.564,-0.287,-0.586,0.267,-0.028,0.1,-0.009,0.111,-0.03
Jmy,-0.427,-0.285,0.07,-0.035,0.066,0.167,0.235,-0.134,0.089,0.048,0.151,0.223,-0.248
Josd1,-0.052,-0.173,0.142,-0.104,-0.327,-0.03,0.312,0.18,0.123,0.104,0.015,0.252,-0.114
Josd2,-0.043,-0.09,-0.107,-0.091,0.03,-0.035,0.007,-0.074,-0.067,-0.095,0.003,0.001,-0.076
Jph3,-0.137,-0.008,0.046,0.006,0.524,0.263,0.396,-0.044,0.035,0.187,0.176,0.203,-0.009
Jph4,0.131,0.054,-0.131,0.003,0.159,0.201,0.33,0.1,0.04,0.095,0.079,0.063,0.118
Jrkl,0.087,0.251,0.057,0.088,-0.047,0.119,0.364,0.07,-0.248,-0.148,0.039,0.047,-0.499
Jtb,0.068,0.459,-0.075,0.038,0.464,-0.085,-0.038,-0.114,-0.064,-0.079,-0.008,-0.493,0.08
Jun,0.082,-0.182,-0.335,0.063,-1.401,-0.296,0.039,-0.513,-0.147,-0.103,-0.18,0.05,-0.218
Junb,0.127,0.087,-0.454,-0.151,-1.619,-0.155,-0.348,-0.708,-0.283,-0.053,-0.352,-0.17,-0.219
Jund,0.091,-0.172,-0.295,-0.094,-0.045,0.009,0.051,-0.078,-0.036,-0.104,-0.106,-0.092,-0.106
Jup,-0.201,-0.626,-0.156,0.04,0.159,0.082,-0.084,0.014,-0.083,0.127,0.119,0.265,0.052
Kalrn,0.034,-0.092,0.107,0.019,-0.328,0.029,-0.442,-0.426,0.121,0.15,0.144,0.095,-0.141
Kars,0.06,0.403,0.077,-0.005,-0.283,-0.036,-0.259,0.384,0.052,0.102,-0.072,0.054,0.057
Kat2a,-0.056,-1.218,0.095,-0.005,-0.206,0.45,-0.023,0.334,-0.03,0.195,0.026,0.049,0.048
Kat2b,0.365,-0.31,0.19,-0.182,0.121,0.34,-0.001,-0.116,0.036,0.13,0.029,0.265,-0.188
Kat5,0.559,0.137,0.005,-0.079,-0.171,0.246,-0.112,0.055,-0.071,-0.032,0.07,0.069,-0.051
Katna1,-0.498,0.247,-0.061,0.079,-0.241,-0.318,-0.415,-0.84,0.08,-0.008,-0.268,-0.162,-0.769
Katnal1,0.087,0.361,0.122,0.018,0.107,-0.038,0.325,-0.098,0.004,0.134,0.178,0.116,0.177
Katnb1,-0.251,1.097,0.103,0.045,-0.155,-0.126,0.234,0.248,0.22,0.048,-0.108,0.003,-0.035
Kazn,-0.291,-1.526,0.15,-0.151,-0.157,-0.498,-0.533,,0.175,0.08,-0.021,0.164,0.32
Kbtbd2,-0.137,0.319,0.16,0.096,-0.014,0.198,0.466,-0.014,-0.045,0.074,0.094,0.24,-0.329
Kbtbd3,-0.196,-0.412,0.117,-0.103,-0.096,-0.036,0.186,-0.741,0.004,0.032,-0.006,-0.135,0.209
Kbtbd4,-0.147,0.492,0.024,-0.037,-0.224,-0.186,0.092,,0.054,0.013,0.242,-0.155,-0.272
Kbtbd7,-0.036,-0.288,0.263,-0.021,0.38,-0.181,0.262,,0.205,0.177,0.196,0.358,-0.45
Kcmf1,-0.072,0.042,-0.022,-0.038,0.291,0.066,0.023,-0.129,0.041,-0.079,0.072,-0.041,-0.22
Kcna2,0.231,0.041,0.341,0.119,-0.123,0.278,-0.423,-0.794,-0.071,0.139,0.263,0.519,
Kcna6,0.005,0.634,-0.046,0.041,0.016,-0.151,0.11,-0.618,-0.032,0.265,-0.085,0.077,-0.311
Kcnab1,0.17,-0.113,-0.209,-0.306,-0.896,1.902,0.022,-1.446,0.277,,0.543,-0.674,-1.032
Kcnab2,0.188,0.035,0.175,0.321,0.19,0.118,0.141,-0.582,0.116,0.137,0.215,-0.141,-0.493
Kcnb1,-0.06,-0.102,0.012,-0.035,0.337,0.166,0.701,-0.414,0.086,0.194,0.156,0.45,0.185
Kcnb2,0.209,-0.136,0.166,0.106,0.265,0.034,0.67,-0.123,0.122,0.186,0.204,-0.187,-0.255
Kcnc1,-0.175,-0.065,0.343,-0.126,0.017,0.147,-0.144,0.67,-0.2,0.221,-0.096,0.383,-0.053
Kcnc2,0.516,-1.339,0.192,0.115,-0.618,-1.582,,,0.178,0.168,,-0.531,-0.502
Kcnc4,0.139,-0.083,-0.409,0.138,0.624,0.256,0.364,0.07,0.01,0.253,0.14,0.694,0.182
Kcnd1,0.189,,0.384,0.08,0.394,0.061,-0.32,-0.394,-0.097,0.374,0.442,0.109,
Kcnh1,0.115,0.02,,0.197,0.839,0.297,0.359,-0.152,-0.024,0.282,0.135,0.327,0.653
Kcnh2,0.397,-0.206,0.321,-0.036,0.457,-0.136,0.231,-0.233,0.084,0.263,0.164,0.182,-0.247
Kcnh7,0.127,-0.632,0.216,0.097,0.129,0.076,0.914,-0.216,0.053,0.093,0.759,1.062,-0.302
Kcnh8,0.019,1.096,,-0.172,-0.598,-0.319,0.723,-1.015,-0.068,0.284,0.058,-0.54,-0.33
Kcnip4,1.573,-0.411,0.19,0.015,0.15,0.268,0.402,-0.135,0.018,0.001,-0.619,,0.757
Kcnj12,0.05,0.432,-0.049,-0.628,0.571,0.508,0.089,0.195,0.131,0.133,-0.21,-0.109,-0.232
Kcnj3,-0.072,-0.472,0.26,-0.17,1.123,-0.119,0.597,-0.168,0.041,0.009,0.126,-0.504,-0.924
Kcnk1,-0.026,-0.21,0.289,-0.853,0.766,0.052,0.84,0.122,-0.043,0.051,-0.094,0.569,
Kcnk10,-0.331,-0.424,0.218,-0.017,0.515,0.145,0.434,0.262,-0.037,0.276,0.241,-0.608,0.112
Kcnk2,-0.178,-1.092,-0.335,-0.262,-0.725,-0.388,-0.936,-0.509,-0.093,-0.041,0.213,-0.232,-0.152
Kcnma1,0.21,0.651,0.125,0.086,0.353,0.127,1.005,0.153,0.157,0.198,0.308,0.2,0.193
Kcnmb4,-0.408,-0.579,-0.103,0.182,0.625,0.426,0.111,0.018,-0.002,0.043,0.288,0.181,0.287
Kcnn2,0.082,0.197,0.529,0.087,0.461,-0.492,0.287,-0.156,0.189,0.374,0.19,0.61,0.209
Kcnq2,0.041,-0.009,0.391,0.094,-0.319,0.192,0.132,0.062,0.045,0.281,0.089,0.206,-0.179
Kcnq3,0.377,-0.225,0.696,0.046,0.235,0.206,0.72,0.061,0.119,0.159,0.229,-0.206,-0.176
Kcnt1,-0.294,0.299,0.09,-0.05,0.261,0.468,0.515,0.006,0.33,0.4,0.695,0.033,0.147
Kcnu1,-0.269,-0.094,0.037,-0.078,0.304,-0.1,,,0.18,-0.157,0.184,,0.26
Kctd1,0.41,-0.869,0.084,0.002,-0.558,-0.343,-0.803,-0.385,-0.082,0.007,0.112,-0.136,-0.08
Kctd10,0.312,,0.098,0.076,0.123,0.01,-0.102,0.005,-0.09,0.253,0.075,0.057,0.155
Kctd13,-0.025,-0.798,-0.12,0.078,0.262,-0.072,-0.035,-0.549,-0.078,-0.077,0.1,-0.073,-0.039
Kctd15,-0.03,-0.022,0.16,-0.193,-1.083,-0.026,0.302,,0.141,0.221,-0.379,0.523,-0.202
Kctd16,0.245,-0.818,0.052,0.152,1.185,0.338,0.613,,-0.139,-0.237,0.337,,
Kctd17,0.012,0.127,0.011,-0.014,-0.383,0.077,-0.121,0.044,0.036,-0.022,0.037,,-0.784
Kctd18,0.159,-0.759,0.08,-0.154,-0.009,0.214,0.283,-0.162,0.189,0.138,0.047,-0.21,0.015
Kctd2,-0.011,-0.139,-0.096,0.122,-0.194,-0.214,0.023,0.11,0.092,-0.008,0.146,0.143,0.213
Kctd20,0.122,-0.169,0.134,-0.039,0.095,0.006,-0.076,0.254,0.109,0.197,0.114,0.187,0.005
Kctd3,-0.207,-0.394,0.093,0.095,0.188,-0.064,-0.199,0.202,-0.038,0.131,0.099,0.125,-0.038
Kctd5,0.083,-0.056,-0.122,0.031,-0.341,0.171,-0.881,0.038,-0.001,0.072,-0.034,0.235,-0.109
Kctd6,-0.031,-0.617,0.021,0.084,0.105,0.08,-0.438,0.462,0.003,-0.051,0.139,-0.052,-0.006
Kctd7,0.373,0.272,-0.02,0.149,0.39,0.056,-0.066,,0.12,0.265,0.011,0.171,0.213
Kctd9,0.175,0.259,0.341,0.132,-0.554,0.285,0.276,0.464,0.238,0.107,-0.061,-0.347,
Kdelr1,0.112,0.249,-0.012,0.038,0.051,-0.087,0.211,0.256,-0.009,-0.055,-0.074,-0.056,0.019
Kdelr2,-0.062,-0.031,0.079,-0.052,-0.146,-0.175,0.078,-0.164,-0.058,0.216,0.042,0.235,-0.181
Kdm1a,-0.13,-0.736,-0.059,0.001,-0.316,0.017,0.205,0.196,-0.024,0.01,-0.058,0.068,-0.118
Kdm2a,-0.04,-0.038,0.045,-0.092,-0.204,0.015,0.56,0.116,0.159,0.12,0.178,0.168,0.118
Kdm3a,-0.069,-1.635,0.037,0.07,-0.519,0.163,-0.042,0.187,-0.144,0.206,-0.078,0.126,-0.258
Kdm3b,0.267,-0.25,0.107,-0.164,-0.934,0.145,0.188,-0.322,-0.149,0.267,-0.028,0.213,-0.083
Kdm4a,0.291,-1.189,0.181,0.163,-0.09,-0.158,-0.712,0.284,0.176,0.209,0.037,0.06,0.381
Kdm4b,-0.442,-0.577,0.138,0.083,-0.319,0.032,-0.183,-0.168,0.096,0.124,0.043,0.181,-0.019
Kdm4c,0.076,-0.625,0.143,0.128,-0.813,0.103,0.228,-0.104,0.13,0.011,0.345,0.201,0.38
Kdm5a,0.276,0.182,0.168,-0.021,-0.224,0.261,0.619,-0.053,-0.053,0.253,0.161,0.065,-0.112
Kdm5b,-0.081,-0.671,-0.007,-0.008,-0.034,0.095,0.912,0.227,-0.042,0.094,0.016,0.051,-0.208
Kdm5c,-0.013,-1.269,0.147,0.138,-0.655,0.071,0.554,-0.087,0.043,0.202,-0.116,0.14,-0.312
Kdm5d,-0.715,0.855,0.121,0.201,0.083,0.053,0.771,0.205,-0.043,0.078,0.062,-0.131,
Kdm6a,-0.463,0.462,-0.0,-0.052,-0.463,-0.02,0.384,0.253,0.011,0.144,0.137,0.022,0.235
Kdsr,0.002,0.031,0.027,0.004,-0.411,0.206,0.266,0.14,0.1,0.233,0.186,0.223,-0.221
Keap1,0.356,-0.527,0.041,0.036,0.091,0.06,0.37,-0.198,0.043,0.07,0.015,-0.067,-0.069
Khdrbs1,-0.031,-0.136,-0.093,-0.02,-0.257,-0.02,0.216,-0.245,0.008,-0.057,-0.029,0.1,-0.034
Khdrbs2,-0.114,-1.362,0.081,-0.488,0.256,-0.36,,,-0.026,0.079,-0.148,0.063,0.215
Khdrbs3,-0.36,0.065,-0.086,-0.078,-0.332,-0.212,0.21,-0.283,0.033,-0.095,-0.08,0.293,0.384
Khk,-0.034,-0.03,0.097,0.088,-0.217,0.521,-0.031,0.264,-0.277,-0.061,0.327,-0.338,0.145
Kidins220,0.053,0.281,0.243,0.046,-0.343,0.184,0.374,0.015,0.031,0.185,0.1,-0.068,0.155
Kif13a,0.001,0.142,0.053,0.091,1.122,0.378,-0.601,0.107,-0.063,0.165,0.049,0.321,-0.534
Kif13b,0.038,1.361,0.046,-0.041,-0.436,0.049,-0.303,-0.522,0.15,0.007,-0.026,-0.328,
Kif16b,-0.16,-0.584,0.116,-0.045,0.764,1.195,0.675,0.587,-0.132,0.197,0.074,0.077,
Kif1a,0.054,0.33,0.274,0.148,0.357,0.16,0.5,0.144,0.095,0.276,0.175,0.081,0.06
Kif1b,-0.063,0.264,0.143,0.105,0.252,0.127,0.928,0.09,0.039,0.254,0.112,0.113,-0.036
Kif21a,-0.025,-0.06,-0.062,0.045,0.356,0.111,0.478,-0.005,0.022,-0.028,0.26,0.202,-0.107
Kif22,0.012,0.665,-0.023,-0.144,0.057,-0.259,-0.115,-0.449,-0.179,-0.148,-0.202,0.045,0.141
Kif2a,-0.042,-0.556,-0.034,-0.026,-0.021,0.068,0.236,0.149,0.099,-0.054,0.104,-0.112,0.139
Kif3a,0.015,0.271,0.038,-0.025,0.149,0.163,0.711,0.282,-0.087,0.069,0.067,-0.032,-0.066
Kif3b,0.237,0.04,0.081,0.025,-0.011,0.29,-0.043,0.229,0.203,0.142,0.197,0.204,0.059
Kif3c,0.14,-0.628,0.215,-0.041,0.295,0.183,0.364,-0.155,0.145,0.198,0.119,0.19,0.289
Kif5a,-0.013,0.103,0.225,0.036,0.172,0.139,0.198,-0.158,0.083,0.183,0.075,0.095,0.194
Kif5b,0.129,-0.117,0.034,0.049,-0.011,-0.144,0.384,0.084,-0.021,0.045,0.015,-0.036,0.117
Kif5c,-0.006,0.185,0.044,0.004,0.124,0.086,0.552,0.057,0.079,0.094,0.026,-0.174,-0.263
Kifap3,-0.081,0.086,0.076,0.058,0.351,0.012,0.377,0.143,0.027,0.009,0.082,-0.056,0.278
Kifc2,0.254,0.111,0.298,0.017,0.796,-0.382,0.268,0.04,-0.058,0.136,-0.064,0.129,-0.079
Kin,-0.024,0.63,-0.146,-0.059,-0.178,-0.226,-0.704,0.193,-0.217,-0.059,-0.158,-0.004,-0.096
Kirrel3,-0.352,0.425,-0.095,0.319,0.73,0.262,-0.9,,0.368,,1.109,,0.651
Kitl,-0.139,-0.013,0.076,0.043,0.722,0.16,-0.138,0.183,0.073,,0.958,-0.071,-1.491
Klc1,-0.083,0.145,0.038,-0.001,0.377,0.099,0.039,0.094,0.031,0.093,0.071,0.117,-0.018
Klc2,0.013,-0.1,0.163,-0.003,0.281,0.069,0.049,-0.194,0.059,0.108,0.066,0.105,0.177
Klc4,-0.535,1.316,0.137,0.11,-0.871,0.617,-0.52,0.148,-0.26,0.012,-0.175,0.107,-0.174
Klf10,-0.563,0.794,-0.286,-0.016,-0.312,-0.204,0.13,,0.024,0.062,0.029,-0.015,-0.32
Klf11,-0.11,-0.396,0.028,0.154,-0.033,-0.161,-0.401,-0.196,-0.111,0.23,0.172,0.315,-0.426
Klf13,-0.08,0.117,-0.239,-0.074,-0.095,0.105,0.404,0.169,0.03,0.038,0.024,0.058,-0.097
Klf2,0.841,-0.575,-0.702,-0.195,-0.388,0.141,-0.403,,-0.188,-0.226,-0.487,,-0.99
Klf3,0.035,-1.274,-0.063,-0.166,-0.354,-0.44,-0.168,0.24,-0.11,0.091,-0.137,0.23,-0.015
Klf4,0.542,-0.017,-0.56,-0.238,-1.637,-0.975,-0.501,-0.305,-0.313,-0.245,-0.227,,-0.674
Klf6,-0.072,-0.614,-0.323,0.057,0.182,0.065,0.003,0.123,-0.035,0.0,-0.133,0.001,0.047
Klf7,0.026,-0.096,-0.017,-0.017,0.366,0.087,0.488,-0.131,0.047,0.088,0.102,-0.001,-0.114
Klf8,-0.179,0.334,0.154,0.132,-0.483,0.632,0.539,,-0.039,0.184,0.362,-0.081,
Klf9,-0.158,-0.993,-0.117,0.007,-0.365,-0.189,0.017,-0.056,0.012,-0.014,0.063,0.153,-0.091
Klhdc1,-0.096,,-0.087,-0.076,1.25,-0.015,0.455,0.566,0.018,0.08,0.038,-0.111,-0.122
Klhdc10,0.072,0.091,0.088,-0.003,-0.24,0.254,0.394,-0.236,-0.035,0.186,0.182,0.299,0.17
Klhdc2,-0.1,-0.237,-0.041,0.028,0.142,-0.073,0.1,-0.307,0.002,-0.051,-0.123,0.085,0.062
Klhdc3,0.077,0.027,-0.007,-0.007,-0.117,0.141,-0.186,-0.194,0.024,0.037,-0.055,0.209,-0.126
Klhdc4,-0.342,0.046,-0.068,-0.162,-0.023,-0.387,-0.222,-0.239,-0.157,0.04,-0.108,0.003,-0.053
Klhdc8a,-0.519,-0.173,-0.025,-0.218,-0.312,-0.026,,,0.09,0.056,0.211,0.531,-0.453
Klhdc8b,-0.233,-0.517,-0.205,0.118,-0.563,-0.245,0.126,-0.106,-0.106,0.012,0.016,0.075,0.11
Klhl12,-0.205,-0.474,0.212,0.057,-0.148,0.409,-0.18,-0.043,-0.132,0.204,0.151,0.135,-0.097
Klhl13,0.274,-0.149,0.106,-0.092,-0.356,-0.234,0.18,,-0.056,0.17,0.149,0.213,-0.031
Klhl2,-0.15,-0.577,0.041,0.034,0.169,0.38,0.093,0.099,0.014,0.166,-0.049,0.012,0.061
Klhl20,-0.145,0.527,0.239,0.068,0.028,-0.226,0.381,0.416,0.039,0.246,0.234,0.124,0.174
Klhl21,-0.022,-0.207,0.206,0.013,-0.244,-0.127,-0.01,0.183,-0.106,0.178,0.234,0.131,0.528
Klhl22,0.265,0.445,0.143,0.191,-0.173,0.233,-0.912,0.204,-0.01,0.156,-0.029,0.184,-0.191
Klhl23,0.364,-1.675,-0.098,0.134,-0.208,0.183,0.337,,0.096,0.137,-0.098,-0.052,-0.009
Klhl24,-0.252,0.787,0.059,0.041,-0.426,-0.046,-0.167,0.226,0.093,0.065,-0.069,0.112,-0.084
Klhl26,0.105,0.583,0.099,0.107,0.047,0.523,0.084,-0.08,0.065,0.142,0.202,0.023,-0.198
Klhl28,-0.335,-1.241,0.252,0.136,0.322,-0.064,0.697,0.062,-0.168,0.207,0.11,-0.166,0.021
Klhl29,0.332,0.444,0.215,-0.176,-0.874,0.201,-1.151,-0.439,-0.104,0.06,-0.433,-0.018,
Klhl32,0.476,1.003,0.182,-0.439,-0.509,-0.136,0.161,0.332,-0.029,0.297,0.025,-0.423,-0.59
Klhl36,0.756,1.098,-0.175,-0.155,-0.407,0.518,,,-0.304,0.215,0.003,-0.201,-0.666
Klhl5,0.505,-0.295,-0.149,-0.008,1.289,-0.452,-0.883,-0.374,-0.083,,0.3,,
Klhl7,-0.072,0.093,0.108,0.046,-0.192,0.168,0.242,0.285,0.008,0.134,0.046,0.06,0.039
Klhl8,-0.257,-1.446,0.068,-0.018,0.155,0.239,-0.763,-0.717,-0.189,0.171,0.108,0.117,-0.142
Klhl9,-0.181,0.355,0.084,-0.024,0.05,-0.046,0.503,-0.242,0.049,0.138,0.056,0.282,-0.116
Kpna1,-0.056,0.141,0.18,0.167,0.061,-0.004,0.333,0.227,0.128,0.058,0.259,0.019,-0.136
Kpna2,0.062,2.981,-0.15,0.066,-0.377,0.141,0.1,,0.048,-0.071,-0.185,-0.292,0.271
Kpna3,-0.132,0.279,0.096,-0.019,0.164,0.279,0.338,0.216,0.02,0.033,0.092,0.064,0.036
Kpna4,0.028,0.161,0.035,0.022,-0.211,-0.105,0.408,0.155,0.096,0.018,0.069,-0.096,0.054
Kpna6,-0.029,0.144,0.21,0.029,0.178,0.134,0.509,-0.154,-0.01,0.214,0.112,0.141,0.117
Kpnb1,-0.25,0.004,0.166,-0.079,-0.181,-0.106,0.244,-0.607,-0.037,0.129,0.092,0.209,-0.064
Kptn,-0.144,-0.533,-0.081,0.065,0.514,0.263,-0.864,0.656,-0.149,-0.039,-0.173,0.129,-0.083
Kras,-0.048,0.759,-0.066,0.005,0.202,-0.151,0.52,0.005,0.02,-0.083,0.026,-0.15,0.243
Krcc1,-0.27,-0.013,-0.087,-0.017,-0.477,0.031,0.058,-0.434,0.092,-0.022,-0.026,-0.143,-0.11
Kri1,-0.301,,0.077,0.155,-0.373,0.239,-0.382,0.421,0.005,0.154,-0.043,0.131,0.228
Krit1,0.093,1.051,0.11,0.041,-0.161,-0.226,0.595,0.075,0.058,0.145,-0.057,-0.06,0.013
Krr1,-0.047,-0.361,-0.213,0.026,-0.117,-0.207,-0.133,-1.732,0.207,0.008,-0.016,0.201,-0.558
Krt10,0.232,0.541,-0.093,-0.063,0.0,0.19,-0.031,-0.913,0.1,-0.051,0.091,-0.177,0.04
Krt222,0.453,-1.097,0.105,0.072,0.866,0.275,0.19,-0.207,0.008,-0.009,0.146,-0.083,-0.904
Krtcap2,0.003,-0.627,0.079,0.03,0.126,-0.084,0.026,-0.035,-0.07,-0.078,-0.055,-0.153,-0.018
Kti12,-0.053,-0.296,-0.094,0.234,0.023,0.082,-0.434,,-0.137,-0.052,0.105,-0.006,-0.075
Ktn1,-0.152,0.327,0.091,-0.084,-0.214,0.003,0.61,0.057,0.026,0.156,-0.029,-0.151,-0.022
L1cam,-0.102,-0.004,0.188,0.077,0.077,0.139,0.372,0.093,0.04,0.164,0.103,0.238,0.059
L3mbtl2,0.065,-0.165,0.01,-0.023,-0.222,0.125,-0.047,0.579,0.25,0.159,-0.088,0.267,-0.639
Lactb,-0.048,-0.644,-0.149,-0.107,0.098,-0.344,-0.157,-0.398,0.063,-0.064,-0.461,-0.192,0.044
Lactb2,0.187,-0.053,0.184,0.127,0.352,0.228,0.405,0.068,0.09,-0.022,0.33,-0.47,-1.01
Lage3,0.228,-0.465,-0.152,-0.015,0.001,-0.147,-0.048,0.125,-0.135,-0.13,-0.18,-0.117,0.018
Lamc1,-0.073,-0.744,-0.175,-0.133,0.857,0.16,-0.013,0.047,-0.13,0.317,0.168,0.026,-0.553
Lamp1,-0.111,-0.066,0.193,-0.013,0.172,0.054,0.199,-0.017,0.011,0.072,0.004,-0.165,-0.06
Lamp2,0.072,-0.153,0.08,0.016,0.053,0.06,0.17,-0.33,-0.084,0.134,-0.167,-0.143,-0.236
Lamtor2,-0.008,0.106,-0.117,-0.038,0.077,-0.07,0.197,-0.014,-0.015,-0.133,0.038,-0.369,0.061
Lamtor3,-0.051,-0.158,-0.063,0.042,0.083,-0.162,0.155,-0.038,-0.137,-0.092,-0.043,-0.045,-0.259
Lancl1,0.001,0.908,0.41,-0.005,0.208,-0.011,-0.007,0.258,0.136,0.052,-0.026,0.122,-0.124
Lancl2,-0.124,0.92,-0.026,0.053,-0.384,0.05,0.365,-0.222,-0.105,0.086,0.08,0.224,0.055
Lancl3,-0.115,0.106,0.686,0.056,0.852,0.295,0.838,0.256,-0.173,0.063,-0.118,-0.813,-0.455
Lap3,-0.049,-0.315,-0.205,0.029,-0.031,0.109,-0.164,-0.341,-0.082,-0.095,-0.15,-0.277,-0.133
Laptm4a,0.157,0.076,0.084,-0.03,-0.354,-0.069,0.193,-0.342,-0.045,0.038,-0.015,0.132,-0.048
Laptm4b,0.198,0.251,0.347,-0.103,0.552,0.361,-0.236,0.112,-0.092,0.023,0.036,0.422,0.267
Larp1,-0.149,0.09,0.053,-0.001,-0.041,-0.028,0.159,-0.172,0.103,0.146,0.179,0.264,-0.782
Larp1b,0.426,0.043,0.1,0.165,0.19,-0.391,0.486,-0.505,0.184,-0.037,0.052,-0.174,0.249
Larp4,-0.148,-0.683,0.037,0.041,-0.126,0.016,0.537,0.108,0.045,0.069,0.132,0.029,0.011
Larp4b,-0.06,-0.69,0.086,-0.019,0.12,0.184,0.34,-0.061,0.059,0.184,0.133,0.175,0.133
Larp6,0.116,-0.5,-0.136,0.106,0.228,0.366,-0.288,,0.164,0.037,0.107,0.136,0.187
Larp7,0.199,0.602,-0.055,-0.124,-0.267,-0.317,0.047,0.013,-0.07,-0.07,-0.105,-0.259,0.162
Lars,0.121,-0.204,0.115,-0.034,0.077,-0.022,0.145,-0.075,0.007,0.071,-0.01,0.002,0.124
Lars2,0.14,0.799,0.115,0.119,-0.336,-0.126,0.545,-0.25,-0.072,0.312,-0.134,0.052,0.188
Las1l,-0.074,0.142,0.072,0.076,-0.087,0.085,0.113,-0.038,0.021,0.071,-0.122,0.014,-0.178
Lasp1,0.314,-0.32,0.048,0.065,0.094,0.099,-0.052,0.11,0.094,0.122,0.205,-0.025,-0.098
Lats1,0.237,0.155,0.091,0.115,0.042,0.108,-0.014,0.358,-0.074,0.175,0.176,0.07,0.039
Lats2,0.171,0.199,-0.0,-0.254,,,-0.137,,-0.062,0.187,-0.276,-0.193,0.088
Lbh,-0.181,0.428,-0.115,-0.009,-0.076,0.208,0.381,0.087,0.017,0.058,0.075,0.186,0.118
Lbr,0.457,-0.381,0.084,-0.264,-0.333,-0.29,0.35,0.454,0.104,0.096,0.094,0.083,-0.036
Lclat1,-0.491,-0.791,0.244,0.196,-0.102,-0.179,0.64,-0.404,0.196,0.265,0.041,0.299,0.007
Lcmt1,0.037,0.026,-0.112,-0.034,0.082,0.106,0.116,0.159,-0.005,-0.048,-0.015,-0.189,0.195
Lcmt2,0.103,0.278,0.195,-0.448,-0.149,-0.536,-1.533,,-0.223,0.22,-0.297,-0.013,-0.148
Ldb1,0.206,-0.173,0.127,0.07,0.036,0.109,-0.089,-0.162,-0.022,0.084,0.079,-0.067,0.051
Ldha,-0.008,0.084,-0.278,-0.044,0.431,0.111,-0.008,-0.184,-0.11,-0.036,-0.1,-0.21,-0.018
Ldhb,0.049,-0.067,-0.11,-0.074,0.645,0.095,0.098,-0.266,-0.212,-0.108,-0.183,-0.274,0.118
Ldhd,-0.364,0.128,0.101,-0.091,1.974,0.371,-0.868,-0.405,0.002,0.12,0.261,0.137,
Ldlr,0.515,-0.16,-0.078,0.117,0.496,-0.023,0.508,0.029,0.045,0.317,0.172,0.27,-0.218
Ldlrad3,-0.677,-0.638,-0.06,0.11,0.981,0.867,0.457,-0.071,0.114,0.059,0.057,0.64,-0.236
Lekr1,0.222,1.854,0.211,-0.285,-0.205,-0.372,,-0.12,-0.339,0.045,0.03,-0.225,-0.426
Lemd2,0.295,0.205,0.115,0.081,-0.221,0.191,0.204,0.168,0.224,0.212,0.177,0.054,-1.007
Lemd3,0.234,0.747,0.186,0.132,-0.604,-0.193,-0.629,0.392,0.211,0.236,0.351,0.211,-0.605
Leng1,0.201,-0.324,-0.143,-0.023,0.157,-0.227,-0.378,-0.443,-0.118,-0.12,-0.035,-0.119,-0.243
Leng8,0.224,0.658,0.165,-0.008,-0.391,0.181,-0.162,0.183,-0.024,0.272,-0.005,0.065,-0.221
Leng9,-0.027,-0.865,-0.216,-0.12,0.684,-0.32,-0.961,-0.737,-0.265,-0.108,-0.01,-0.127,-0.356
Leo1,0.001,0.003,-0.21,-0.101,-0.277,0.053,0.061,-0.045,-0.108,-0.015,-0.095,-0.104,0.104
Leprot,-0.17,-0.618,-0.001,-0.062,-0.233,0.056,0.555,-0.366,-0.056,0.066,-0.145,0.204,-0.176
Leprotl1,-0.056,0.261,0.143,0.082,0.4,0.147,0.254,-0.114,0.067,0.06,0.091,0.147,0.066
Letm1,-0.225,-0.18,0.112,0.022,0.249,-0.194,0.311,-0.217,0.107,0.174,-0.095,0.088,-0.023
Letm2,0.057,-0.143,-0.017,-0.012,-0.44,0.021,-1.111,-0.031,-0.18,0.068,-0.077,-0.017,0.277
Letmd1,0.22,0.388,0.154,-0.117,0.01,0.017,0.121,-0.398,-0.122,0.096,-0.02,-0.052,-0.501
Lgals1,0.137,-0.106,0.074,-0.02,0.515,0.203,-0.084,-0.041,0.009,-0.111,-0.166,-0.491,-0.117
Lgals3bp,0.062,-0.669,-0.052,-0.079,1.223,0.657,0.22,-0.464,0.199,0.288,0.335,0.256,-0.79
Lgals8,0.142,0.067,0.114,-0.092,0.146,0.189,0.145,-0.053,0.046,0.071,0.093,-0.073,-0.438
Lgals9,-0.106,0.129,-0.068,0.221,1.105,-0.74,0.245,-0.213,0.488,0.112,-0.021,-0.023,-1.725
Lgi1,0.376,0.436,0.331,-0.117,0.438,0.176,0.265,-0.775,-0.043,0.121,-0.136,0.068,0.373
Lgi2,0.062,-0.06,0.476,-0.101,0.97,0.195,0.692,1.351,0.027,0.185,0.338,,
Lgi3,0.173,1.129,0.566,0.441,0.6,-0.757,-0.096,0.19,-0.104,,-0.098,,
Lgmn,0.098,-0.084,0.388,-0.038,0.641,0.003,-0.008,0.332,0.014,0.197,-0.061,0.083,0.031
Lgr4,0.085,-1.181,0.091,-0.106,-0.144,-0.192,-0.045,-0.645,0.094,-0.066,0.262,0.699,0.281
Lhfp,-0.135,-1.567,-0.087,-0.106,-0.637,0.263,-1.551,,-0.168,-0.09,0.08,,
Lhfpl2,-0.038,0.292,-0.062,-0.342,-0.391,3.076,-0.266,-0.64,-0.278,0.048,0.21,0.264,-0.665
Lhfpl4,0.08,0.134,0.472,-0.025,-0.174,0.367,0.397,0.064,0.059,0.342,0.176,0.116,-0.233
Lhfpl5,0.091,-0.257,0.028,-0.012,0.27,-0.069,0.153,0.091,-0.127,0.051,-0.17,-0.077,0.323
Lhpp,-0.428,,-0.215,0.114,-0.281,0.4,-0.3,,0.151,0.135,0.134,,-1.144
Lias,0.073,0.124,-0.116,0.006,0.264,-0.175,0.314,0.127,-0.007,0.045,-0.107,-0.269,0.107
Lifr,-0.074,-0.2,0.209,-0.088,-0.347,-0.184,0.638,0.028,-0.094,0.251,-0.264,0.271,-1.591
Lig1,-1.698,-0.26,0.023,-0.135,-0.992,-0.331,0.524,0.111,-0.015,0.045,-0.097,-0.149,-0.354
Lig3,0.317,0.641,0.101,0.021,-0.299,-0.16,-0.333,0.064,-0.218,0.125,0.267,0.138,-1.026
Lig4,0.405,0.06,0.116,0.189,-0.567,-0.237,-0.476,,-0.209,0.247,0.376,0.263,0.073
Limd2,0.208,-1.317,-0.356,0.035,0.198,-0.091,0.051,-0.24,-0.045,-0.23,0.121,0.149,0.095
Limk1,0.408,0.329,0.352,-0.022,-0.035,-0.331,0.009,-0.434,0.068,0.19,0.083,0.107,0.135
Limk2,-0.12,0.286,0.197,0.075,0.107,0.216,0.389,-0.143,0.183,0.227,0.061,0.147,-0.086
Lims1,0.145,-0.226,0.008,-0.012,0.283,-0.034,0.15,0.136,0.026,0.033,0.019,0.07,-0.066
Lims2,-0.367,2.365,-0.173,0.101,0.98,-0.044,-0.289,,0.165,0.024,-0.384,,-0.518
Lin37,-0.041,-0.277,-0.196,0.043,0.173,0.094,-0.22,-0.224,-0.02,-0.046,-0.206,-0.238,-0.202
Lin52,0.041,-0.424,0.108,-0.012,-0.603,-0.267,-0.173,,-0.072,0.178,0.033,0.6,-0.407
Lin54,0.821,-0.407,0.078,0.221,-0.303,-0.128,,0.11,0.06,0.037,0.066,0.07,0.303
Lin7a,-0.118,0.021,-0.022,-0.384,-0.896,-0.857,0.699,0.142,-0.044,-0.013,-0.245,0.154,0.575
Lin7b,-0.029,-0.168,-0.114,0.186,1.091,-0.007,0.256,-0.123,-0.038,-0.011,0.198,-0.096,0.097
Lin7c,-0.145,0.476,-0.054,-0.048,-0.206,-0.004,0.287,-0.149,0.134,-0.043,-0.006,0.11,-0.037
Lingo1,0.124,-0.42,0.245,0.082,0.695,0.173,0.138,0.016,-0.053,0.258,0.099,-0.202,-0.344
Lingo2,0.124,0.58,0.258,0.227,1.287,0.424,0.972,0.38,0.01,0.231,0.317,0.099,0.014
Lipa,-0.057,0.363,0.16,-0.082,1.284,0.449,0.132,0.28,0.135,0.143,-0.014,-0.03,-0.153
Lipt2,0.166,-0.429,-0.059,-0.051,0.347,0.327,,,0.093,-0.16,0.177,-0.133,-0.374
Litaf,-0.525,-1.297,-0.296,-0.245,-0.072,1.308,-0.564,-0.323,-0.015,-0.2,-0.217,-0.444,-0.512
Lix1,0.159,-0.085,-0.265,-0.038,0.345,-0.121,0.357,-0.002,0.033,-0.06,-0.291,-0.338,-0.03
Llgl1,-0.058,1.467,0.178,0.225,-0.867,-0.276,0.75,0.379,-0.06,0.287,-0.06,0.255,-0.172
Llph,-0.173,-0.32,-0.141,0.017,-0.048,-0.065,-0.165,-0.172,-0.069,-0.103,-0.152,-0.207,-0.003
Lman1,0.16,0.406,0.089,0.207,0.005,-0.126,0.785,-0.387,-0.009,0.031,-0.071,0.028,-0.103
Lman2,0.061,0.401,0.3,0.07,-0.066,-0.17,0.116,0.213,-0.076,0.2,-0.024,0.118,0.128
Lman2l,0.183,-0.111,0.043,0.106,-0.25,-0.079,0.048,0.046,0.107,0.189,0.182,0.086,-0.026
Lmbr1,-0.183,0.171,0.484,0.032,0.207,-0.042,-0.222,0.01,0.059,0.187,0.139,0.218,-0.036
Lmbrd1,0.024,-0.911,0.218,-0.05,-0.165,0.097,0.554,0.213,0.064,0.137,0.084,0.058,-0.16
Lmbrd2,0.054,-0.786,0.188,0.116,0.208,0.248,0.642,0.488,0.093,0.296,0.092,0.02,-0.288
Lmf1,0.263,0.795,0.209,0.125,0.156,-0.177,0.532,-0.176,0.232,0.244,-0.017,-0.093,-0.11
Lmf2,0.123,1.301,0.156,0.112,-0.2,0.467,-0.134,-0.326,-0.093,0.283,0.131,0.055,-0.279
Lmln,-0.441,-1.033,0.44,-0.109,0.421,-0.756,0.955,0.371,0.273,0.252,0.278,0.24,
Lmna,-0.069,0.579,-0.191,0.062,0.147,0.097,-0.241,0.289,-0.041,0.147,-0.107,-0.151,-0.29
Lmo1,0.1,0.281,-0.099,-0.041,0.556,0.01,0.003,0.104,0.129,-0.113,0.449,,
Lmo4,-0.127,-0.828,-0.103,-0.151,-0.808,-0.94,-0.57,-1.054,-0.077,-0.202,-0.205,0.377,-0.337
Lmtk2,0.075,0.482,0.241,-0.1,0.148,0.126,0.762,0.764,0.028,0.31,0.18,0.243,
Lnpep,-0.099,-0.741,0.257,0.058,-0.095,0.003,0.954,0.076,0.091,0.283,0.043,-0.008,-0.326
Lnx1,0.332,-0.001,0.183,-0.051,-0.565,0.254,-0.239,-0.117,0.001,0.038,0.008,-0.356,-0.657
Lonp1,-0.128,0.44,0.101,-0.061,0.107,0.082,-0.266,0.377,0.046,0.192,-0.17,0.107,-0.131
Lonp2,0.146,-0.269,0.033,0.052,0.196,0.29,0.256,-0.553,-0.035,0.14,0.237,-0.079,0.205
Lonrf1,-0.116,0.383,0.107,-0.413,0.737,0.008,-0.249,0.108,0.111,0.098,-0.054,0.132,0.17
Lonrf2,-0.451,-0.301,0.081,0.125,0.092,0.041,0.604,-0.192,0.086,0.155,0.155,0.36,-0.035
Lor,-0.143,1.225,-0.13,-0.473,0.178,-0.312,,,0.088,-0.116,-0.067,,-1.335
Lpar1,1.086,-1.488,-0.047,-0.261,-0.271,-0.231,-0.406,-0.886,-0.104,-0.297,0.254,,
Lpar6,-0.479,2.909,-0.15,0.393,1.084,-0.173,-0.289,,,0.074,,-0.405,-0.632
Lpcat1,-0.029,,0.049,0.004,-0.029,0.267,0.274,0.089,-0.009,0.199,0.115,0.331,-0.108
Lpcat2,0.453,0.387,0.086,0.214,2.089,-0.264,0.238,0.059,,-0.068,-0.056,,
Lpcat3,0.156,0.324,-0.062,0.117,0.806,0.342,0.291,-0.148,0.004,0.281,-0.061,-0.259,0.008
Lpcat4,0.147,-0.57,0.373,0.236,0.474,0.337,0.807,-1.374,-0.029,0.233,-0.061,0.114,-0.352
Lpgat1,0.026,0.392,0.17,0.044,0.13,0.218,0.17,0.021,0.098,0.175,0.021,0.255,0.051
Lpin1,0.026,0.003,0.16,0.119,-0.5,0.135,0.392,-0.031,-0.021,0.227,0.264,0.117,-0.218
Lpin2,0.083,-0.095,0.055,0.106,0.024,-0.147,0.223,0.212,-0.08,0.103,0.121,0.059,0.374
Lpp,0.176,0.281,0.202,-0.43,-1.479,-0.622,-0.168,0.052,-0.059,-0.095,-0.237,-0.23,
Lrch1,0.21,0.953,0.11,,0.285,0.341,-0.548,,-0.274,0.172,-0.284,-0.054,-1.22
Lrch2,-0.169,,0.023,0.089,-0.119,0.045,-0.274,-0.006,-0.109,0.136,0.275,0.085,0.242
Lrch3,0.188,0.405,0.1,-0.098,-0.229,0.198,0.282,-0.113,0.125,0.152,0.106,-0.056,-0.085
Lrig2,0.259,0.621,0.213,-0.071,-0.216,0.211,0.28,-0.225,0.106,0.371,0.03,0.252,-0.515
Lrp10,0.305,-0.008,0.188,-0.091,0.192,0.102,0.213,-0.572,0.013,0.157,0.107,-0.007,-0.136
Lrp11,0.154,0.226,0.279,0.015,0.408,0.125,0.451,-0.152,0.02,0.142,0.105,0.13,-0.124
Lrp12,0.186,-0.622,0.2,0.142,0.051,-0.145,1.004,0.09,0.147,0.236,0.296,0.328,-0.288
Lrp1b,0.158,0.473,0.012,-0.265,0.767,1.018,0.799,,0.271,,0.71,0.334,0.09
Lrp3,0.053,0.171,0.198,-0.092,-0.495,-0.061,0.301,0.319,0.006,0.113,0.093,0.135,-0.102
Lrp6,-0.031,-0.539,-0.002,-0.215,-0.294,0.684,0.252,-0.091,0.049,0.014,0.101,0.291,-0.419
Lrp8,0.335,-0.028,0.134,0.253,0.034,0.102,0.407,-0.019,-0.057,0.274,0.18,0.105,-0.763
Lrpap1,-0.094,-0.189,0.242,-0.008,0.313,0.024,0.236,0.094,0.023,0.115,0.035,-0.093,0.046
Lrpprc,0.057,-0.174,0.133,0.098,0.04,-0.079,0.103,0.245,0.012,0.268,0.22,0.018,0.188
Lrrc14,0.252,0.088,0.037,0.131,0.112,-0.105,-0.159,-0.332,0.094,-0.004,0.057,0.123,-0.355
Lrrc20,0.27,-0.479,0.223,-0.072,0.671,0.08,0.41,-1.061,0.189,0.033,0.103,,
Lrrc24,0.195,0.668,0.162,0.041,0.649,0.313,0.201,-0.075,0.092,0.268,0.077,-0.015,0.011
Lrrc27,-0.093,,0.17,-0.244,0.384,-0.281,-0.203,,-0.141,0.102,-0.176,0.387,
Lrrc28,0.178,1.099,0.075,-0.038,0.412,-0.065,-0.11,-0.277,0.055,0.044,0.061,0.084,0.317
Lrrc3b,0.201,-0.108,0.091,0.056,1.304,0.703,0.203,,-0.074,0.111,0.082,,0.257
Lrrc40,0.341,0.766,0.225,0.032,-0.007,0.119,-0.347,,0.049,-0.008,0.19,0.178,0.07
Lrrc41,-0.15,0.004,0.153,-0.068,0.286,0.036,0.052,-0.269,-0.033,0.155,0.08,0.03,0.045
Lrrc42,-0.321,0.352,-0.058,-0.024,-0.301,0.007,-0.012,0.11,-0.143,0.066,-0.013,-0.016,-0.407
Lrrc45,-0.033,-0.83,0.235,0.039,0.381,-0.008,-0.32,0.188,-0.101,0.116,-0.117,0.015,0.02
Lrrc47,-0.385,-3.649,-0.054,0.076,-0.818,0.218,0.118,-0.636,-0.027,0.027,0.123,0.099,0.025
Lrrc49,0.259,-0.076,0.315,0.008,-0.106,-0.253,0.339,0.259,0.104,0.062,0.06,0.134,0.161
Lrrc4c,0.249,0.574,0.228,,0.048,0.947,-0.77,,0.109,0.051,0.691,-0.535,-0.997
Lrrc51,0.076,0.721,-0.007,-0.027,-0.054,-0.079,-0.177,-0.279,0.071,-0.107,-0.061,-0.003,0.512
Lrrc55,0.016,0.638,0.155,-0.255,-0.223,0.007,0.794,-0.341,0.429,0.362,0.451,0.544,
Lrrc57,-0.032,0.355,-0.109,0.13,-0.06,0.091,0.32,0.553,-0.053,-0.086,0.067,-0.097,-0.051
Lrrc58,-0.154,0.29,-0.005,0.071,-0.015,0.051,0.516,-0.401,0.062,0.132,0.177,0.284,-0.029
Lrrc59,0.047,0.171,0.067,-0.036,-0.06,-0.197,-0.278,0.187,-0.002,0.091,-0.028,-0.134,-0.049
Lrrc61,0.203,-0.804,0.055,-0.03,-0.814,0.056,-1.119,,-0.07,0.075,-0.04,0.284,0.127
Lrrc8a,0.193,0.138,0.215,-0.028,0.033,0.022,-0.086,0.574,0.019,0.18,0.081,0.305,-0.11
Lrrc8b,-0.114,,-0.102,0.114,0.127,0.473,0.535,-0.118,0.017,0.295,0.068,0.1,-0.081
Lrrc8c,0.875,-0.696,0.512,0.013,0.385,0.192,0.571,0.245,0.033,0.227,0.114,0.047,-0.107
Lrrc8d,-0.413,-0.037,0.14,-0.069,0.482,-0.076,0.167,-0.234,0.1,0.156,0.051,0.176,-0.103
Lrrcc1,0.026,-0.114,0.109,-0.1,0.058,-0.235,0.528,-0.139,0.011,0.163,0.165,-0.176,0.068
Lrrfip1,-0.056,0.101,0.019,0.17,0.735,0.116,-0.101,0.055,0.158,-0.09,0.025,0.025,0.107
Lrrfip2,-0.084,0.56,-0.015,-0.004,-0.039,0.064,0.248,0.174,-0.073,-0.024,-0.101,0.023,-0.358
Lrrk2,0.15,-1.612,0.181,0.66,2.61,0.402,0.45,0.056,0.081,0.245,0.582,-0.23,
Lrrn1,-0.151,-0.124,-0.044,0.016,0.546,0.02,,,0.168,0.256,0.105,-0.53,-0.079
Lrrn2,-0.306,0.41,0.172,-0.01,0.146,-0.326,0.436,-0.213,0.036,0.29,0.162,0.494,0.212
Lrrn3,-0.064,-0.064,0.201,-0.12,-0.041,0.196,0.195,-0.583,0.175,0.149,-0.084,0.492,0.152
Lrrtm1,1.188,-0.619,0.119,0.206,-1.792,0.612,-0.256,-0.787,0.056,0.075,0.374,0.653,0.102
Lrrtm3,-0.185,-0.215,0.031,0.563,0.378,0.443,,,0.22,0.078,0.337,0.037,-0.011
Lrrtm4,0.2,0.33,0.279,0.456,4.036,0.247,-0.66,0.302,-0.314,,-0.418,0.837,0.448
Lrsam1,0.149,0.965,0.15,-0.077,0.075,0.241,-0.018,-0.446,0.079,0.126,0.022,0.053,-0.26
Lrwd1,-0.051,-0.089,0.043,-0.151,-0.404,-0.218,0.313,0.953,0.007,0.236,0.068,-0.007,-0.209
Lsamp,0.21,-0.514,0.307,-0.03,0.072,-0.28,0.6,-0.27,0.103,0.149,0.133,-0.153,0.089
Lsg1,0.477,-0.091,-0.07,0.108,-0.053,-0.074,0.103,0.155,0.001,0.046,-0.165,-0.066,-0.119
Lsm1,0.123,-0.496,-0.108,0.021,0.333,0.105,0.094,0.0,-0.019,-0.101,-0.099,-0.067,0.094
Lsm10,-0.205,0.278,-0.147,-0.093,-0.048,0.18,-0.023,0.274,-0.077,-0.129,0.085,0.018,0.17
Lsm12,0.031,-0.948,-0.135,0.021,0.202,-0.159,0.037,0.114,-0.035,-0.125,-0.055,-0.197,-0.238
Lsm14a,-0.188,0.544,0.057,-0.001,-0.346,-0.119,-0.753,0.208,0.062,-0.012,-0.059,0.007,-0.035
Lsm2,-0.012,-0.308,-0.189,-0.017,-0.15,-0.071,-0.234,-0.292,-0.126,-0.104,-0.079,-0.481,-0.271
Lsm3,-0.017,-0.057,-0.136,-0.068,-0.223,-0.078,-0.004,0.088,0.04,-0.081,-0.055,-0.025,0.027
Lsm4,0.004,0.19,-0.196,-0.025,-0.319,-0.052,0.146,-0.135,-0.018,-0.099,-0.103,-0.027,-0.11
Lsm5,0.23,-1.155,-0.147,-0.013,-0.313,0.018,-0.088,0.14,0.028,-0.112,-0.131,-0.358,-0.122
Lsm6,0.0,0.236,-0.198,-0.033,-0.175,0.008,-0.079,-0.153,-0.01,-0.111,-0.008,-0.174,0.106
Lsm7,-0.056,-0.089,-0.089,-0.029,0.099,-0.028,0.059,0.088,-0.046,-0.119,-0.017,-0.135,0.03
Lss,0.551,0.153,0.089,0.109,0.049,0.14,-0.062,-0.049,0.134,0.155,-0.011,0.208,-0.093
Lta4h,0.108,0.149,-0.003,-0.042,-0.228,-0.197,-0.26,-0.278,0.059,0.13,-0.075,-0.122,-0.37
Ltbp3,0.265,1.348,0.317,-0.033,-0.651,-0.969,-0.1,-0.186,-0.07,0.135,0.198,-0.028,0.001
Ltbr,0.263,0.16,-0.409,-0.001,0.149,0.123,-0.333,0.771,-0.043,0.246,-0.053,0.103,-0.38
Ltn1,0.125,0.395,0.142,0.074,-0.175,-0.227,0.331,0.174,0.02,0.149,-0.025,0.06,-0.371
Ltv1,-0.035,0.565,-0.084,-0.098,-0.268,-0.071,-0.369,-0.223,-0.2,-0.025,-0.133,-0.012,0.124
Luc7l,0.045,-0.07,-0.043,0.005,-0.063,0.037,0.285,-0.106,0.034,0.067,0.046,0.08,0.053
Luc7l2,0.075,-0.119,0.099,0.058,-0.331,0.05,0.485,-0.082,0.033,0.129,0.028,0.011,-0.046
Luc7l3,0.228,0.166,-0.036,0.025,-0.434,-0.044,0.407,0.096,0.013,0.063,-0.012,-0.019,-0.155
Luzp1,0.012,0.235,0.097,0.046,-0.349,-0.07,0.242,-0.241,0.011,0.015,0.188,-0.126,0.143
Luzp2,0.128,-0.1,-0.221,-0.508,0.36,-0.455,0.654,-0.485,-0.579,-0.218,0.067,-0.815,-0.504
Lxn,-0.154,-0.938,-0.499,0.06,1.161,0.151,0.184,-0.152,-0.106,-0.17,0.147,-0.348,0.075
Ly6h,0.114,0.072,-0.147,-0.126,0.155,0.029,,,-0.045,-0.417,0.03,0.379,0.178
Ly96,0.087,-0.527,0.129,-0.081,-0.042,-0.094,-0.49,,-0.301,-0.049,-0.367,,
Lyar,0.36,-0.714,-0.257,-0.024,-0.524,-0.464,0.022,-0.138,-0.027,0.02,-0.09,-0.013,-0.451
Lynx1,0.101,-0.012,0.402,-0.429,-0.629,,0.093,-0.459,0.243,0.278,-0.181,0.571,
Lypla1,-0.008,-0.084,0.022,-0.062,-0.114,0.5,0.448,-0.375,-0.019,0.103,-0.026,0.135,0.088
Lypla2,-0.067,0.285,0.001,0.072,-0.334,-0.02,0.053,-0.275,0.075,0.048,0.074,0.055,0.019
Lyplal1,0.129,0.044,-0.152,-0.128,1.076,0.126,0.034,,-0.053,-0.097,-0.18,-0.425,0.164
Lyrm1,0.197,0.259,0.011,0.05,0.014,0.25,0.091,,0.099,-0.083,0.07,0.203,-0.352
Lyrm2,0.254,-0.339,-0.165,-0.033,-0.075,-0.025,-0.054,-0.483,-0.064,-0.163,-0.042,-0.305,0.055
Lyrm4,0.186,-0.226,-0.305,0.051,0.297,-0.026,-0.092,-0.182,0.061,-0.086,0.105,0.215,-0.106
Lyrm7,-0.067,-1.411,-0.001,-0.061,-0.623,0.599,-0.186,,-0.038,0.004,0.092,-0.016,
Lysmd1,0.143,1.264,0.047,0.035,0.193,0.095,-0.282,-0.356,-0.073,0.046,0.021,-0.139,-0.394
Lysmd2,0.009,-0.532,-0.05,-0.032,0.004,-0.141,0.299,-0.008,-0.009,-0.057,0.047,-0.089,0.195
Lysmd3,-0.039,-0.807,0.154,-0.067,-0.343,0.091,0.276,0.02,0.081,0.028,0.035,0.054,-0.432
Lysmd4,-0.035,0.103,-0.174,0.04,0.404,0.016,0.022,0.217,0.094,0.03,0.207,0.221,-0.157
Lyst,-0.194,0.729,0.146,0.006,0.078,-0.024,0.612,-0.044,0.208,0.228,-0.003,-0.049,0.029
Lzic,0.064,-0.141,-0.268,-0.102,-0.367,-0.293,-1.227,,-0.075,-0.01,-0.118,-0.168,0.052
Lztfl1,0.144,0.616,0.026,0.073,0.099,-0.098,0.062,0.01,0.117,0.055,-0.055,0.031,-0.081
Lztr1,-0.142,-0.064,0.197,0.017,-0.037,0.177,-0.135,0.168,0.016,0.098,0.006,-0.135,0.051
M6pr,-0.152,-0.326,0.16,-0.033,-0.184,-0.156,0.18,0.11,-0.006,0.106,-0.035,0.172,-0.059
Mab21l1,0.03,0.072,0.605,0.037,0.019,0.034,0.08,0.288,0.073,0.126,0.217,-0.074,0.023
Mab21l2,0.007,-0.424,0.347,-0.154,0.024,-0.179,0.76,0.459,-0.086,-0.086,-0.034,-0.106,0.017
Macf1,-0.092,0.289,0.061,0.007,-0.122,0.131,0.407,-0.023,0.103,0.153,0.187,0.102,-0.001
Macrod1,0.014,0.403,-0.063,-0.053,0.743,-0.401,-0.052,,0.011,-0.323,-0.364,,-0.19
Macrod2,-0.073,0.459,0.224,0.08,0.351,0.066,0.003,0.269,-0.038,0.023,0.018,-0.066,0.016
Mad1l1,0.322,-1.275,0.117,-0.225,0.098,0.079,0.577,,-0.266,-0.012,0.022,0.141,0.377
Mad2l1,-0.345,2.147,0.128,0.225,-1.364,0.072,,,0.28,0.015,0.023,,-0.117
Mad2l1bp,-0.151,0.741,0.018,-0.051,-0.04,0.198,-0.397,,-0.223,-0.089,-0.034,-0.184,0.022
Mad2l2,-0.197,0.099,-0.122,0.049,-0.605,-0.287,-0.014,-0.399,-0.13,-0.188,-0.103,-0.191,-0.127
Madd,-0.053,0.552,0.182,0.114,0.187,0.138,0.454,0.125,0.153,0.227,0.142,0.17,0.089
Maea,-0.124,0.337,0.041,-0.011,-0.085,0.123,0.082,-0.351,0.015,0.097,0.093,0.264,0.006
Maf1,-0.162,0.132,-0.09,-0.04,-0.712,-0.208,0.088,-0.321,-0.036,-0.068,-0.09,-0.181,-0.048
Mafg,0.05,-0.145,0.12,0.082,0.104,0.136,0.417,0.155,0.106,0.116,0.099,0.038,-0.04
Mafk,-0.785,0.443,-0.257,0.176,-0.167,-0.594,-0.346,0.849,-0.325,0.368,-0.001,0.005,
Maged1,0.048,-0.082,0.141,0.027,-0.251,0.006,0.066,0.165,-0.005,0.266,0.032,0.205,0.033
Maged2,-0.068,0.025,0.029,0.092,0.177,0.063,0.029,0.061,-0.047,0.062,-0.115,-0.337,0.053
Magee1,0.241,-0.246,0.163,0.016,0.422,-0.051,0.245,-0.628,0.045,0.289,0.134,0.318,-0.019
Magee2,-0.043,-0.839,0.098,0.042,-0.01,0.421,,,0.367,0.474,-0.971,,0.313
Mageh1,0.26,-0.034,-0.057,-0.094,0.219,-0.065,0.246,0.271,-0.111,0.006,0.001,-0.128,-0.029
Magi1,0.203,-0.346,0.061,0.158,0.034,0.207,-0.059,0.081,0.037,0.294,0.158,0.36,-0.068
Magi2,-0.128,-0.153,0.178,0.298,-0.571,0.017,0.246,0.399,-0.05,0.053,0.164,-0.048,0.235
Magi3,0.007,-0.451,0.022,-0.022,-0.03,0.277,0.286,-0.556,0.154,-0.068,0.091,0.559,0.47
Magoh,0.004,0.38,-0.173,-0.026,-0.2,-0.183,-0.204,-0.608,-0.07,-0.046,-0.133,-0.074,-0.064
Magohb,0.066,-2.228,-0.121,-0.003,-0.368,-0.082,-0.545,-0.366,-0.0,-0.075,-0.242,-0.14,-0.079
Magt1,0.041,-0.087,-0.064,0.147,0.077,-0.027,0.564,0.209,0.134,0.135,-0.008,-0.172,-0.396
Mak16,-0.13,-0.697,-0.182,-0.026,-0.37,-0.138,0.136,-1.189,0.128,-0.015,0.069,0.196,0.052
Mal,0.045,0.3,-0.271,-0.058,0.42,-0.071,-0.413,-0.105,-0.424,-0.214,0.132,,
Malat1,-0.094,0.037,-0.013,-0.039,-0.423,-0.038,0.449,0.018,-0.006,0.232,-0.025,-0.067,-0.033
Mamld1,0.272,,0.213,0.092,-1.16,-0.414,-0.42,0.225,0.082,0.2,0.1,-0.08,
Man1a,-0.217,-0.301,-0.705,-0.042,0.844,-0.633,0.265,-0.291,0.01,0.15,-0.058,-0.729,-0.645
Man1a2,0.252,-0.122,0.088,-0.021,-0.054,0.09,0.43,0.345,0.099,0.142,0.175,0.029,-0.055
Man1b1,-0.207,0.421,0.32,0.081,0.641,0.058,0.247,0.29,0.223,0.307,0.062,0.125,-0.111
Man1c1,-0.35,-0.821,0.19,0.085,0.607,0.496,0.574,0.385,-0.026,0.332,0.027,-0.427,-1.397
Man2a2,-0.238,-0.043,0.239,0.067,-0.668,0.124,-0.487,-0.381,0.147,0.199,0.01,0.007,-0.431
Man2b1,0.043,-0.054,0.305,0.146,-0.514,0.085,0.169,-0.061,0.055,0.343,0.223,-0.116,-0.756
Man2c1,-0.243,-0.093,0.286,0.126,0.734,-0.18,0.142,-0.564,0.078,0.244,0.104,-0.055,-0.089
Manba,0.008,-0.018,0.151,-0.217,-0.117,-0.399,-0.81,-0.649,0.252,0.224,0.007,,
Manbal,0.304,-0.101,-0.068,-0.016,-0.091,0.021,0.113,-0.111,-0.005,-0.022,-0.019,-0.071,0.021
Manea,-0.194,0.748,0.283,0.156,0.179,0.305,0.727,,0.263,0.205,0.048,0.076,-0.082
Maneal,0.325,-0.062,0.332,0.243,0.013,0.369,0.393,0.428,-0.331,0.172,0.266,-0.027,
Manf,0.059,-0.037,0.038,0.001,-0.062,0.062,-0.175,-0.02,-0.052,-0.025,-0.128,-0.021,-0.055
Maoa,-0.115,0.032,-0.207,0.004,0.438,0.098,0.264,0.091,0.063,0.151,0.451,-0.011,-0.013
Maob,0.337,,,0.095,0.545,0.13,0.311,-0.09,0.076,0.16,0.359,-0.127,-0.643
Map1lc3a,-0.059,-0.044,-0.191,-0.05,0.314,-0.06,-0.036,-0.023,-0.009,-0.124,-0.026,0.065,0.004
Map1lc3b,-0.023,-0.03,-0.037,-0.028,0.129,-0.08,0.049,-0.041,-0.009,-0.085,-0.028,-0.26,-0.039
Map2k1,-0.151,0.114,-0.056,0.024,0.125,0.026,0.22,-0.186,-0.014,0.08,0.091,0.205,-0.115
Map2k2,0.005,-0.235,-0.098,-0.065,0.01,-0.067,0.045,-0.196,-0.001,-0.059,-0.073,-0.127,-0.064
Map2k3,-0.388,0.29,0.344,0.012,-0.299,0.095,-0.269,0.389,0.101,0.109,0.007,-0.152,-0.373
Map2k4,0.249,-0.08,0.11,0.116,0.235,0.218,0.281,-0.116,0.091,0.049,-0.009,0.016,-0.035
Map2k5,0.015,0.51,0.15,-0.005,0.196,0.103,0.077,0.096,-0.056,0.122,-0.172,-0.348,0.073
Map2k7,0.181,0.285,0.102,0.174,-0.177,0.03,0.397,0.45,-0.005,0.176,0.166,0.304,0.16
Map3k1,-0.398,0.183,-0.018,0.013,-0.062,0.053,-0.068,0.422,0.003,0.124,-0.01,0.136,-0.702
Map3k12,0.049,,0.048,0.095,0.108,0.339,0.002,0.36,-0.031,0.094,0.129,0.121,0.27
Map3k2,0.368,1.099,0.058,0.051,-0.21,0.028,0.447,0.054,-0.122,0.071,-0.021,0.146,-0.165
Map3k3,0.25,0.668,0.13,-0.215,0.558,-0.08,0.707,0.629,0.111,0.102,0.313,0.0,
Map3k4,0.406,-0.623,0.033,-0.039,-0.19,-0.236,-0.156,-0.217,-0.202,-0.011,0.259,0.221,-0.062
Map3k7,0.174,0.616,0.199,0.051,-0.046,0.086,0.177,-0.007,-0.029,0.049,-0.06,0.248,-0.161
Map3k9,0.271,0.054,0.149,0.121,0.31,0.25,,0.003,0.329,0.052,0.487,0.033,
Map4k2,-0.395,,0.296,0.034,0.351,0.168,0.192,0.162,0.187,0.183,0.198,0.135,-1.29
Map4k3,-0.068,0.249,0.095,-0.136,-0.58,0.028,-0.818,-0.108,-0.04,0.194,0.121,0.18,0.044
Map4k4,-0.176,0.218,-0.06,0.039,-0.285,0.089,0.311,-0.213,-0.015,0.037,0.072,0.063,-0.073
Map4k5,-0.084,-1.492,0.14,0.089,-0.221,-0.113,0.28,-0.121,-0.061,0.121,0.099,0.019,0.037
Mapk1,-0.006,-0.105,0.114,0.054,0.066,-0.052,0.154,0.064,0.024,0.113,0.064,0.236,-0.029
Mapk10,0.094,0.13,0.154,0.063,0.081,0.052,0.345,-0.007,0.021,0.103,-0.09,0.045,-0.018
Mapk11,0.064,0.028,0.149,0.026,1.042,-0.196,0.045,-0.17,-0.006,0.132,-0.03,0.2,-0.645
Mapk12,0.09,0.281,0.032,0.014,0.884,0.061,0.231,-0.315,-0.069,0.036,0.069,0.046,0.111
Mapk14,-0.049,0.446,0.169,0.142,0.385,0.415,-0.119,-0.143,0.116,0.209,-0.002,-0.01,-0.205
Mapk1ip1,-0.127,0.079,0.073,-0.132,0.476,-0.209,0.484,0.162,-0.002,0.014,0.024,-0.206,-0.174
Mapk1ip1l,-0.678,0.034,0.13,0.013,-0.433,-0.204,0.24,-0.314,0.067,0.243,0.069,0.149,0.266
Mapk3,-0.05,0.016,-0.001,-0.057,0.639,0.107,-0.052,-0.018,0.023,0.07,0.023,0.269,-0.05
Mapk4,1.348,,-0.024,0.228,-0.527,0.36,-1.283,0.275,0.231,-0.018,0.109,0.351,
Mapk6,-0.196,-1.254,0.06,0.017,-0.663,0.036,0.18,0.248,0.097,0.079,-0.118,0.259,0.137
Mapk7,0.002,0.474,0.178,-0.158,0.163,0.03,-0.09,0.408,0.082,0.056,0.083,0.199,0.262
Mapk8,-0.104,-0.52,0.205,-0.053,0.041,-0.155,0.147,-0.117,0.08,0.115,0.005,0.198,0.076
Mapk8ip1,0.112,0.153,0.059,0.06,0.217,-0.118,0.194,0.25,0.023,0.1,0.042,0.013,-0.149
Mapk8ip2,-0.091,0.023,0.12,0.052,0.078,0.2,0.226,-0.023,0.034,0.173,0.164,0.337,0.216
Mapk8ip3,0.064,0.354,0.235,0.143,-0.064,-0.071,0.218,0.135,0.101,0.115,0.12,0.159,0.026
Mapk9,-0.04,0.326,0.163,0.068,0.16,-0.109,0.254,-0.147,0.015,0.047,0.035,0.031,0.148
Mapkap1,0.13,-0.221,0.07,0.076,0.106,-0.254,0.667,-0.069,0.012,0.027,0.099,0.015,0.149
Mapkapk2,0.053,-0.22,0.157,-0.054,-0.548,0.027,-0.607,-0.33,0.025,0.018,-0.174,0.019,-0.06
Mapkapk5,0.137,-0.122,0.111,0.051,0.398,-0.095,0.222,,-0.056,0.078,-0.234,,-0.142
Mapre1,-0.023,-0.04,-0.071,-0.015,0.06,-0.029,0.143,-0.088,-0.042,-0.01,0.026,-0.062,-0.083
Mapre2,0.112,-0.154,0.133,0.043,0.153,0.072,0.206,0.407,0.001,0.105,0.065,0.253,0.059
Mapre3,0.064,0.287,-0.053,-0.029,0.524,0.216,0.166,0.225,0.027,0.05,0.079,0.374,0.047
Mapt,-0.031,-0.044,-0.054,0.029,0.197,0.024,0.48,-0.005,-0.005,0.105,0.047,0.038,0.096
March11,-0.15,,0.126,-0.059,-0.217,0.118,,0.233,-0.02,0.043,-0.125,-0.174,0.139
March2,-0.084,,0.059,0.016,0.458,-0.031,,-0.173,-0.018,-0.062,0.159,-0.042,-0.004
March4,0.421,,-0.104,0.203,0.883,0.259,,-0.396,0.212,0.291,0.061,0.399,-0.132
March5,-0.142,,-0.075,0.006,0.112,-0.013,,0.153,0.011,-0.062,-0.058,-0.149,0.011
March6,-0.133,,0.254,0.133,0.228,0.216,,0.013,0.033,0.293,0.119,0.346,0.052
March7,0.05,,0.052,-0.024,-0.299,0.043,,0.048,0.01,0.109,0.083,0.074,-0.2
March8,0.083,,0.088,0.14,0.23,-0.051,,0.049,0.057,0.07,0.049,0.146,-0.174
Marcks,-0.294,-0.44,-0.345,-0.001,-0.297,-0.033,0.072,-0.436,-0.054,-0.008,0.058,0.036,-0.073
Marcksl1,-0.758,-0.679,-0.39,-0.014,-0.16,-0.081,-0.338,,-0.111,-0.613,-0.11,0.043,-0.01
Mark1,-0.054,-0.365,0.103,-0.078,-0.052,-0.223,0.339,-0.038,-0.085,0.062,0.085,-0.083,-0.365
Mark2,0.142,-0.917,0.177,0.062,0.072,0.138,0.154,-0.201,0.071,0.17,0.211,0.183,0.072
Mark3,-0.003,-0.41,0.085,-0.056,-0.099,0.006,0.299,0.04,-0.003,0.01,0.018,0.058,-0.027
Mars,-0.051,0.033,0.182,-0.064,0.436,-0.116,,-0.268,-0.031,0.209,-0.039,-0.11,-0.021
Mars2,-0.321,-0.88,0.288,0.032,0.933,0.472,-0.826,-0.004,0.007,0.147,0.046,0.072,
Mast1,0.286,0.572,0.313,0.139,0.036,0.095,0.462,0.366,0.174,0.174,0.175,0.127,-0.179
Mast2,0.237,-0.17,0.22,0.022,0.427,0.026,0.046,-0.145,0.127,0.087,0.073,0.097,0.018
Mast3,-0.253,-1.297,0.183,0.06,0.129,-0.374,0.855,0.063,0.105,0.23,0.25,0.034,-0.239
Mast4,-0.163,0.342,0.129,-0.028,-0.813,0.022,-0.604,-0.503,-0.04,0.039,0.156,0.544,-0.479
Mat2a,-0.132,0.068,0.111,-0.043,-0.063,-0.06,0.165,0.13,-0.004,0.134,-0.013,-0.089,0.086
Mat2b,0.036,0.22,-0.119,-0.051,0.187,0.082,0.24,0.003,0.047,-0.024,-0.04,-0.019,0.06
Matk,0.143,-0.341,-0.142,-0.086,0.623,0.572,,0.065,-0.261,-0.402,0.154,-0.08,-0.301
Matn2,0.593,-0.683,,-0.17,0.554,-1.974,-0.678,-1.004,-0.415,0.242,0.379,0.719,
Matr3,-0.025,-0.019,-0.016,0.019,-0.206,0.007,0.317,0.199,0.062,0.095,0.045,0.165,-0.049
Mau2,-0.023,0.543,0.066,-0.006,-0.446,-0.013,-0.628,-0.104,0.053,0.269,0.046,0.178,0.01
Max,0.163,-0.583,-0.063,0.032,0.096,0.168,0.45,0.229,0.018,-0.023,0.024,0.195,0.029
Maz,0.047,1.902,0.082,-0.01,-0.144,-0.105,0.282,-0.43,0.078,0.058,0.109,0.246,-0.058
Mbd1,0.231,1.098,0.029,0.03,-0.144,0.101,0.409,0.029,-0.047,-0.011,0.052,0.076,-0.275
Mbd2,0.107,-0.11,0.002,-0.017,-0.437,-0.06,-0.281,-0.254,0.312,-0.072,-0.055,0.075,-0.294
Mbd3,-0.037,0.22,-0.021,0.003,-0.251,-0.22,-0.138,-0.248,-0.041,-0.065,-0.086,0.008,0.047
Mbd5,-0.069,-0.96,0.156,0.018,-0.235,0.218,0.351,-0.282,0.093,0.115,-0.07,0.085,-0.376
Mbd6,0.105,0.67,0.229,0.112,-0.135,-0.083,0.564,0.441,0.036,0.331,0.041,-0.022,0.068
Mbip,-0.002,-0.683,0.083,-0.105,-0.36,0.067,0.458,-0.425,-0.022,-0.041,0.078,0.151,-0.053
Mblac1,-0.141,-2.236,-0.264,-0.045,0.32,-0.357,,,-0.082,-0.427,-0.143,0.186,0.455
Mblac2,0.107,0.517,0.055,0.008,0.246,0.304,0.455,0.061,0.004,0.004,0.171,0.086,-0.231
Mbnl1,-0.157,-0.183,0.142,0.082,0.236,0.413,0.103,-0.253,0.052,0.009,0.482,0.17,-0.306
Mbnl2,0.003,-0.053,-0.003,-0.015,-0.174,-0.014,0.401,0.113,-0.009,-0.013,0.048,0.035,-0.029
Mboat2,0.199,-0.107,-0.053,0.11,-0.571,0.014,-0.322,-0.434,0.126,0.13,0.375,0.011,0.359
Mboat7,-0.097,-1.07,0.083,-0.094,0.718,0.037,0.286,0.133,0.003,0.201,0.207,0.124,-0.016
Mbp,0.118,-0.086,-0.138,-0.205,-0.019,-0.471,-0.634,0.102,-0.098,0.094,0.016,0.159,-0.157
Mbtd1,-0.547,0.042,0.162,0.127,-0.786,0.016,-0.291,0.13,0.044,0.084,-0.043,0.118,0.116
Mbtps1,0.034,0.379,0.218,-0.047,-0.461,0.151,0.071,-0.091,-0.1,0.198,0.06,0.322,0.261
Mbtps2,0.276,0.553,0.217,0.039,-0.119,-0.19,0.995,0.726,0.055,0.332,0.086,0.275,0.017
Mcam,0.094,0.008,0.452,0.14,0.558,0.327,0.375,0.207,0.204,0.309,0.197,0.838,0.091
Mcat,0.057,1.39,0.069,0.02,0.083,-0.346,-0.633,-0.294,0.026,0.02,0.142,-0.346,0.351
Mccc1,0.06,-1.175,0.2,0.024,-0.275,-0.212,0.381,-0.009,0.064,0.194,-0.219,0.005,0.149
Mccc2,0.139,0.839,0.04,0.031,-0.448,0.035,-1.349,-0.869,0.012,0.136,-0.11,0.025,0.164
Mcee,-0.015,1.401,-0.219,-0.051,-0.032,-0.053,-0.033,-0.259,-0.143,-0.094,-0.018,-0.261,0.126
Mcf2l,0.17,0.256,0.299,0.093,0.191,0.294,0.548,0.103,0.064,0.265,0.147,0.09,0.219
Mcfd2,-0.231,-0.31,0.009,-0.078,-0.207,0.091,-0.191,-0.006,-0.047,0.063,0.311,0.123,0.31
Mcl1,-0.035,-0.559,-0.222,0.1,-0.267,-0.282,-0.368,0.189,-0.031,-0.033,-0.107,-0.023,-0.075
Mcm3ap,-0.217,0.532,0.092,0.017,-0.206,-0.27,-0.617,-0.335,0.097,0.306,-0.134,0.083,-0.401
Mcm4,-0.315,-0.738,-0.143,-0.495,-1.427,-0.368,-0.727,,0.117,0.052,-0.372,0.238,-0.21
Mcm6,-0.868,-0.1,0.134,-0.072,-1.513,-0.434,-0.1,,-0.172,0.062,-0.16,-0.141,-0.323
Mcm7,-0.585,0.921,-0.079,-0.124,-1.614,-1.019,-1.091,,-0.111,-0.088,-0.215,0.121,-0.013
Mcmbp,-0.069,-0.052,0.118,-0.0,-0.365,-0.176,0.263,-0.169,-0.031,-0.01,0.026,0.22,-0.205
Mcoln1,-0.008,-0.849,0.235,-0.156,-0.194,-0.067,0.112,0.377,0.026,0.232,0.093,0.083,-0.113
Mcph1,-0.033,0.384,0.178,0.189,-0.124,-0.192,1.188,0.457,-0.091,0.068,0.128,-0.015,
Mcrs1,-0.097,-0.128,-0.094,-0.026,-0.002,-0.016,-0.057,-0.213,-0.094,-0.016,-0.129,0.115,0.059
Mctp1,0.055,0.185,0.089,-0.09,0.735,0.522,0.227,-0.096,-0.033,0.113,0.765,,
Mcts1,-0.125,0.241,-0.071,-0.007,0.093,0.036,0.128,-0.273,-0.102,-0.086,-0.094,-0.16,-0.077
Mcts2,0.141,0.189,-0.227,0.004,0.144,-0.078,-0.26,0.078,-0.115,-0.123,-0.08,-0.255,-0.223
Mdga1,-0.178,0.653,0.449,0.183,0.987,0.4,0.61,0.095,0.013,0.144,0.791,1.411,0.069
Mdga2,-0.184,0.567,0.125,0.001,-0.058,0.172,0.3,0.111,-0.272,0.08,-0.04,0.321,0.207
Mdh1,0.026,0.14,-0.099,-0.047,0.425,-0.001,0.055,-0.183,-0.056,-0.044,-0.113,-0.051,0.092
Mdh2,0.007,-0.08,-0.157,-0.034,0.277,-0.028,0.041,-0.009,-0.097,-0.007,-0.148,-0.22,0.071
Mdk,-0.305,-1.427,-0.302,-0.368,-3.026,-1.332,-0.526,-0.36,-0.44,-0.082,-0.111,,-0.51
Mdm2,-0.213,0.055,0.18,-0.049,-0.46,-0.266,-0.046,-0.077,0.082,0.075,-0.014,0.041,-0.216
Mdm4,0.555,-2.112,0.105,-0.003,-0.433,0.13,0.272,-0.094,-0.035,0.056,0.124,0.053,-0.075
Mdn1,0.584,-0.228,0.205,-0.011,-0.121,0.072,0.596,0.197,0.066,0.381,0.007,0.112,-0.451
Mdp1,-0.208,0.14,-0.035,-0.005,0.323,-0.012,0.18,-0.385,-0.009,-0.096,-0.035,-0.003,-0.129
Me1,-0.069,-0.459,0.085,-0.055,0.113,0.152,0.28,-0.198,0.083,0.07,0.248,0.138,0.124
Me2,-0.001,-0.358,-0.052,0.064,-0.213,-0.209,0.219,0.375,-0.091,-0.069,0.087,-0.325,-0.111
Mea1,-0.091,-0.716,-0.192,-0.009,0.196,0.117,0.184,0.032,0.087,-0.106,-0.012,-0.129,0.134
Meaf6,-0.002,-0.298,-0.109,-0.041,-0.046,-0.099,0.366,-0.033,0.035,-0.087,0.001,0.023,-0.005
Mecp2,0.154,-0.137,0.092,-0.094,-0.244,0.037,0.421,-0.137,0.007,0.029,0.04,0.118,-0.261
Mecr,0.145,1.061,0.046,-0.057,0.249,0.435,0.052,-0.075,-0.06,-0.004,-0.135,-0.243,-0.022
Med1,0.548,-0.068,0.06,0.064,-0.494,-0.071,-0.015,0.261,-0.004,0.214,0.004,0.193,-0.119
Med10,-0.168,-0.559,-0.164,-0.017,0.182,-0.034,0.169,-0.105,-0.005,-0.112,-0.198,-0.081,-0.126
Med11,-0.234,0.676,-0.099,0.072,-0.091,-0.665,0.428,0.415,-0.016,-0.118,0.149,0.138,0.161
Med12l,0.025,1.22,0.149,0.239,0.221,0.85,0.678,-0.751,0.159,0.294,0.22,0.229,
Med13,-0.218,-0.566,0.048,0.195,-0.297,0.364,0.306,0.06,-0.134,0.145,0.235,0.032,-0.198
Med14,-0.278,-0.375,0.123,0.011,0.609,-0.256,0.425,-0.665,0.028,0.125,-0.048,0.195,-0.071
Med15,0.177,0.209,0.134,0.231,-0.144,0.183,0.17,-0.155,0.03,0.207,0.005,0.002,-0.124
Med16,0.254,0.237,0.142,-0.141,-0.138,-0.019,-0.01,-0.145,-0.071,0.071,0.081,0.155,-0.313
Med17,0.299,-0.77,0.078,0.152,-0.685,-0.261,0.239,0.491,-0.158,0.247,0.138,0.113,-0.265
Med18,-0.063,-0.355,-0.231,0.337,-0.067,-0.019,,,-0.111,-0.04,-0.078,0.137,0.015
Med19,0.131,0.333,-0.177,0.041,-0.125,-0.166,0.01,-0.115,0.026,-0.054,-0.105,-0.079,0.173
Med20,-0.058,-0.636,0.128,0.024,-1.046,0.152,0.008,-0.315,0.12,0.088,-0.308,0.327,-0.155
Med21,0.001,0.351,-0.06,-0.037,0.291,0.115,-0.157,0.07,-0.11,-0.123,0.075,-0.134,0.026
Med22,-0.118,-0.005,-0.125,-0.044,-0.405,-0.024,0.129,-0.749,-0.087,0.041,0.064,0.235,0.091
Med23,-0.264,0.337,0.349,-0.089,0.098,0.316,0.328,0.466,-0.028,-0.054,0.027,-0.006,-0.044
Med24,0.246,-0.09,0.239,0.006,0.242,-0.123,0.527,0.135,-0.079,0.306,0.305,0.037,0.165
Med25,0.175,-0.276,0.023,-0.085,-0.045,-0.067,0.058,0.171,0.002,0.034,-0.047,0.257,0.034
Med27,0.114,-0.56,-0.013,-0.09,0.002,-0.246,-0.266,0.719,0.112,0.017,-0.025,0.07,0.065
Med28,-0.088,-0.157,-0.111,-0.033,-0.167,-0.175,0.048,0.051,-0.089,-0.111,-0.036,-0.201,0.013
Med29,-0.162,0.189,-0.102,-0.047,0.186,0.267,-0.232,0.198,-0.026,-0.099,-0.161,-0.118,0.01
Med30,0.093,0.142,-0.125,0.045,-0.006,0.057,0.018,-0.349,0.014,-0.096,-0.127,-0.346,-0.197
Med31,0.024,-0.117,-0.12,-0.069,-0.082,-0.105,0.169,0.034,-0.147,-0.044,-0.103,-0.144,-0.017
Med4,-0.098,0.036,-0.055,-0.057,-0.102,-0.045,0.175,0.071,-0.01,-0.01,-0.103,-0.016,0.124
Med6,-0.07,-0.874,-0.059,0.038,-0.345,0.163,0.029,-0.123,-0.277,-0.145,-0.163,-0.013,0.095
Med7,-0.002,0.421,0.039,0.04,-0.095,0.031,-0.136,-1.021,-0.002,-0.014,-0.013,-0.094,0.168
Med8,-0.072,0.852,-0.137,-0.019,0.38,-0.172,0.117,-0.408,-0.023,-0.073,-0.045,-0.239,-0.303
Med9,-0.063,-0.202,-0.089,-0.061,0.304,0.034,0.348,-0.148,-0.061,-0.122,-0.131,-0.064,0.036
Mef2a,0.132,-0.066,0.062,-0.133,-0.249,-0.056,0.425,-0.022,-0.1,0.061,-0.031,-0.014,-0.132
Mef2d,0.25,,0.017,0.132,0.674,0.137,0.196,0.192,-0.048,0.098,0.068,0.302,-0.114
Meg3,-0.014,-0.036,0.209,0.053,-0.15,0.067,0.723,0.091,0.024,0.277,-0.088,0.139,0.012
Megf8,0.299,-0.033,0.451,0.211,0.399,0.035,0.16,0.15,0.062,0.408,0.128,-0.107,-0.287
Megf9,0.1,-0.368,0.263,0.121,-0.162,-0.229,0.082,-0.538,0.149,0.168,0.047,0.24,0.076
Meis1,0.121,3.012,0.289,0.004,0.049,0.079,0.294,0.306,0.088,0.123,0.084,0.127,0.498
Meis3,-0.144,-0.227,-0.096,-0.025,-0.092,0.068,0.026,0.226,0.045,-0.024,-0.075,-0.023,0.023
Memo1,0.285,0.609,0.115,0.087,0.309,0.248,0.583,0.035,-0.07,0.044,-0.103,-0.119,-0.145
Men1,0.002,0.747,0.329,0.144,0.122,-0.186,0.223,0.433,0.039,0.258,0.186,0.23,-0.058
Mepce,0.13,-0.186,-0.077,-0.208,-0.869,-0.207,-0.372,-0.15,-0.103,0.14,0.03,0.114,-0.224
Mest,0.53,0.164,0.272,-0.097,-0.134,-0.038,0.219,0.508,0.088,0.057,0.042,-0.155,-0.08
Metap1,-0.112,-0.442,0.021,0.177,0.271,0.103,0.223,0.486,0.049,0.088,0.02,0.054,-0.072
Metap1d,0.022,0.005,0.002,-0.126,-0.387,-0.194,0.181,-0.087,-0.057,-0.039,0.097,-0.076,-0.116
Metap2,-0.034,0.146,-0.037,-0.025,-0.118,0.06,0.166,0.257,-0.012,-0.047,-0.048,-0.152,0.115
Metrnl,-0.244,1.281,-0.098,-0.277,0.882,-0.038,-0.563,,0.017,-0.067,-0.44,,
Mettl1,0.143,-1.325,-0.191,0.054,0.569,-0.048,-0.033,0.349,0.058,-0.003,-0.129,-0.121,0.162
Mettl14,0.013,-0.59,0.089,0.07,-0.517,0.533,-0.006,0.117,0.093,-0.065,0.104,-0.068,-0.322
Mettl15,-0.165,-2.326,-0.062,-0.255,0.815,-0.027,,,-0.345,0.099,-0.138,-0.195,0.459
Mettl16,0.063,0.299,0.05,0.075,0.009,-0.191,0.735,0.034,-0.114,0.046,0.026,-0.031,-0.122
Mettl17,-0.02,-0.061,0.335,-0.132,-0.535,0.045,0.552,0.204,0.007,0.329,-0.167,-0.014,0.092
Mettl2,0.088,-0.208,0.053,0.014,-0.257,0.202,-0.493,0.14,-0.054,0.053,0.11,-0.142,0.052
Mettl21a,0.033,-0.22,0.23,-0.147,0.601,-0.351,0.139,,0.147,0.036,0.19,-0.06,-0.137
Mettl22,0.003,-1.098,-0.046,0.04,0.4,-0.131,0.24,-0.173,-0.198,-0.071,-0.02,0.089,-0.086
Mettl3,-0.079,0.014,0.101,-0.087,-0.276,0.108,-1.013,-0.17,-0.069,0.021,0.001,0.117,0.2
Mettl4,-0.151,-0.065,0.216,-0.1,-0.04,0.154,0.039,,0.146,0.085,0.016,,
Mettl5,-0.009,0.14,-0.093,-0.034,-0.137,-0.128,0.273,0.158,0.14,-0.075,-0.272,-0.263,-0.053
Mettl6,-0.087,-0.146,-0.052,-0.151,-0.384,0.177,0.184,-0.525,0.025,0.005,-0.087,-0.098,0.172
Mettl7a1,-0.101,-1.464,0.296,0.33,-0.566,-0.057,0.433,-0.269,0.118,0.127,-0.469,0.047,-0.359
Mettl8,0.642,0.479,0.097,0.082,-0.121,-0.131,-0.139,0.091,-0.041,0.032,-0.2,-0.076,-0.691
Mettl9,0.142,-0.678,-0.118,-0.053,-0.518,-0.244,-0.394,-0.196,0.014,-0.04,-0.193,-0.227,-0.166
Mex3c,0.031,0.224,0.006,0.005,-0.36,-0.363,-0.164,-0.546,0.031,0.141,-0.179,0.1,-0.047
Mfap1a,-0.216,0.718,0.014,0.043,-0.521,-0.016,0.013,0.095,-0.033,-0.012,0.203,-0.122,-0.728
Mfap1b,-0.042,-2.717,-0.094,-0.003,-0.305,0.041,0.062,-0.517,-0.092,0.027,-0.001,0.032,0.129
Mfap3,-0.052,0.396,0.1,-0.045,-0.298,0.307,-0.475,0.089,0.017,0.356,-0.012,0.235,-0.425
Mfap3l,-0.125,-0.977,0.064,-0.074,1.026,0.142,0.467,-1.421,-0.126,-0.001,-0.092,0.347,-0.237
Mff,-0.006,0.031,-0.021,0.005,0.027,0.057,0.183,-0.246,-0.033,-0.046,0.03,0.034,0.05
Mfhas1,0.177,0.001,0.007,0.093,0.2,0.3,0.169,0.041,0.054,0.126,0.017,-0.023,0.173
Mfn1,0.01,0.422,0.248,0.181,0.016,-0.253,0.535,0.325,0.154,0.155,0.111,0.089,-0.039
Mfn2,0.025,0.567,0.181,-0.03,0.227,0.031,0.181,-0.081,0.107,0.141,0.206,0.188,0.042
Mfsd1,0.113,-0.461,0.307,0.054,0.094,0.554,0.347,0.48,-0.024,0.252,-0.057,0.098,0.031
Mfsd10,0.215,0.424,0.148,-0.053,-0.089,0.221,0.493,0.154,0.084,0.192,-0.106,0.113,0.044
Mfsd11,0.232,-0.196,0.309,0.039,0.056,-0.039,0.417,0.276,-0.082,0.262,0.09,0.109,0.046
Mfsd3,0.065,0.125,0.229,-0.366,-0.053,0.464,0.501,,-0.176,0.202,0.153,-0.791,-0.411
Mfsd5,0.093,-0.087,0.22,-0.152,0.629,0.278,-0.177,0.289,-0.062,0.33,0.027,0.151,0.018
Mfsd6,-0.229,0.267,0.241,0.124,0.248,0.126,0.454,0.14,0.004,0.179,0.198,0.082,-0.1
Mfsd8,0.266,-0.128,0.278,0.356,-0.734,-0.13,,0.044,0.095,0.019,0.164,-0.173,-0.754
Mfsd9,0.963,-1.11,0.368,0.069,-0.439,0.445,0.792,,0.238,0.127,0.044,,
Mga,0.263,0.817,0.077,0.152,-0.353,-0.022,-0.056,-0.108,0.081,0.217,0.197,-0.053,-0.001
Mgat1,-0.304,-0.315,0.179,0.055,0.15,0.114,0.117,0.018,0.012,0.261,0.122,-0.002,-0.256
Mgat2,0.141,1.009,0.112,-0.003,0.439,-0.009,0.096,0.148,-0.006,0.056,-0.002,0.008,-0.033
Mgat3,-0.091,-0.044,0.246,0.164,0.104,0.266,0.566,0.452,0.081,0.204,0.069,0.597,-0.752
Mgat4a,0.482,-1.005,-0.039,-0.103,-0.384,0.151,0.524,-0.344,-0.181,0.074,0.09,0.294,0.265
Mgat4b,-0.015,0.184,0.068,0.059,0.425,-0.084,0.554,-0.14,0.079,0.125,0.023,0.306,-0.019
Mgat4c,0.297,0.285,-0.091,0.032,-0.249,-0.049,0.678,0.304,0.337,0.018,0.424,,0.779
Mgat5,0.472,,0.351,0.056,-0.217,-0.059,0.294,-0.215,0.166,0.137,0.089,0.144,0.474
Mgll,0.048,0.843,-0.194,0.14,0.656,0.225,0.55,0.078,-0.103,0.021,0.007,-0.195,-0.411
Mgrn1,0.208,0.371,0.174,0.111,-0.26,0.017,0.266,0.098,0.217,0.102,0.008,0.116,0.081
Mgst3,0.06,0.501,0.126,-0.024,0.806,0.03,-0.045,-0.252,-0.107,-0.095,-0.192,-0.242,0.106
Mia3,-0.052,0.202,0.152,0.052,0.089,0.067,0.197,-0.012,-0.027,0.262,0.0,0.079,-0.001
Miat,0.098,0.145,0.5,0.23,-0.065,0.105,0.699,0.076,0.079,0.341,0.05,0.149,0.038
Mib1,-0.308,-1.262,0.151,0.017,-0.159,0.471,0.427,-0.11,0.038,0.216,0.089,0.255,-0.048
Mib2,-0.128,0.367,0.169,0.015,0.487,0.174,-0.17,0.067,-0.033,0.284,0.195,0.094,0.077
Mical1,0.119,0.046,-0.065,-0.173,-0.568,0.442,-0.033,,0.006,-0.258,-0.195,0.002,-0.216
Mical2,0.122,0.081,0.151,0.054,-0.093,1.061,0.379,-0.388,-0.039,0.088,-0.339,-0.362,
Mical3,0.114,0.487,0.003,0.137,0.021,0.168,0.34,0.016,0.032,0.17,0.129,0.29,0.525
Micall1,0.306,0.72,0.16,0.146,-0.093,-0.07,0.212,0.296,0.098,0.246,0.167,0.04,0.027
Mid1ip1,-0.003,-0.222,-0.06,-0.098,0.026,0.111,0.129,-0.809,-0.059,-0.031,-0.044,-0.306,-0.081
Mid2,0.104,-0.676,0.143,-0.024,0.362,-0.328,0.167,0.049,0.146,0.1,0.361,-0.117,
Mier1,0.047,1.248,-0.011,-0.023,-0.335,0.056,0.402,-0.323,-0.031,0.009,0.252,-0.068,-0.157
Mier2,0.064,-0.09,0.044,-0.048,-0.631,0.381,0.312,0.014,-0.031,0.321,0.167,0.373,0.341
Mier3,0.16,0.616,-0.036,0.374,-0.566,-0.111,0.372,-0.129,0.049,0.122,0.067,0.117,0.253
Mif,0.11,-0.055,-0.191,-0.028,-0.04,-0.137,-0.23,-0.117,-0.099,-0.164,-0.097,-0.258,-0.01
Mif4gd,-0.071,-0.78,-0.08,0.039,-0.036,-0.04,-0.259,,-0.232,-0.097,-0.264,-0.193,0.152
Miip,-0.008,1.323,0.218,-0.176,0.379,-0.635,0.272,0.273,-0.252,0.02,0.158,-0.052,0.369
Mill2,0.182,,,-0.004,0.146,-0.218,0.306,-0.202,-0.067,0.01,-0.219,-0.167,
Mink1,0.167,-1.072,0.051,-0.047,0.72,0.152,0.135,-0.053,0.022,0.161,0.14,0.167,0.064
Minpp1,0.225,-0.272,0.171,0.071,0.204,-0.031,0.386,-0.135,-0.075,0.15,0.131,0.303,-0.118
Mios,-0.118,0.1,0.048,0.04,-0.91,-0.307,0.332,-0.155,0.035,0.185,0.039,0.13,0.425
Mipep,-0.305,-1.111,0.123,0.323,-0.365,0.105,0.108,-0.157,-0.132,0.078,-0.102,0.162,-0.409
Mipol1,-0.158,,0.031,-0.033,-0.034,0.026,-0.021,,0.256,-0.049,-0.177,0.143,-0.212
Mirg,-0.232,-0.485,0.315,0.066,0.061,0.027,0.774,0.201,0.062,0.259,-0.019,-0.049,-0.218
Mis12,0.036,-0.342,0.047,0.306,-0.886,0.084,-1.019,,-0.109,0.005,0.048,-0.072,-1.254
Mitd1,0.096,-0.04,-0.018,-0.055,-0.095,-0.265,-0.074,-0.259,0.098,-0.002,-0.095,-0.203,0.125
Mkks,-0.013,0.194,-0.06,-0.085,-0.187,0.222,-1.139,-0.33,0.014,-0.075,-0.064,-0.263,0.072
Mkln1,-0.132,-0.242,0.112,-0.117,-0.37,-0.065,0.442,-0.082,0.098,0.157,0.109,0.016,-0.115
Mknk1,-0.263,-0.533,-0.01,0.157,0.1,0.475,-0.767,-0.136,-0.159,0.207,-0.011,-0.145,-0.893
Mkrn1,-0.009,-0.792,0.001,0.051,-0.093,-0.114,0.325,0.034,-0.073,0.037,0.03,0.205,-0.142
Mkrn2,-0.079,0.036,-0.068,-0.011,0.201,-0.015,0.061,0.036,0.11,-0.043,0.024,-0.051,0.421
Mlec,-0.06,0.136,0.171,0.016,-0.025,0.161,0.331,-0.349,0.031,0.151,-0.123,0.045,-0.103
Mlf1,-0.097,-0.548,-0.227,0.092,-0.54,-0.31,-0.747,,-0.038,0.035,0.013,,-0.011
Mlf2,0.027,0.022,-0.119,-0.018,0.257,0.114,0.005,0.024,-0.077,-0.053,0.053,0.174,-0.07
Mlh1,-0.235,-0.005,0.349,-0.019,0.383,-0.07,-0.061,-0.499,-0.079,0.06,0.374,0.042,0.044
Mlh3,0.034,-0.581,-0.03,0.062,-0.67,0.082,-0.512,0.279,0.007,0.073,-0.01,-0.091,
Mllt10,-0.169,-0.218,0.16,0.073,-0.035,-0.012,0.062,0.133,0.053,0.11,0.083,-0.085,-0.025
Mllt11,-0.026,0.057,-0.141,0.008,0.507,0.103,0.312,-0.174,-0.018,-0.059,-0.001,-0.165,-0.022
Mllt3,-0.284,0.378,0.1,-0.19,0.284,-0.219,-0.076,0.28,-0.211,0.06,0.367,-0.021,-0.496
Mlst8,0.154,-0.224,0.202,0.276,0.311,0.044,-0.447,0.035,0.105,0.186,-0.047,0.073,0.222
Mlx,-0.006,0.29,-0.196,0.058,0.036,-0.258,0.366,-0.046,-0.009,-0.071,-0.034,-0.064,0.124
Mlxip,0.16,-0.54,0.262,0.053,-0.246,-0.344,-0.789,-0.342,0.138,0.349,0.328,0.327,0.958
Mlycd,-0.079,0.573,-0.1,0.079,-0.29,-0.019,0.138,0.087,0.115,0.013,0.112,-0.025,0.128
Mmaa,-0.279,-0.597,0.153,-0.12,0.724,0.281,-0.539,0.128,-0.071,0.08,0.082,-0.17,0.358
Mmab,-0.261,-0.343,0.077,0.077,0.159,0.168,0.249,0.457,-0.026,-0.039,0.169,-0.038,-0.283
Mmachc,-0.108,-0.703,0.008,0.012,0.287,0.163,-0.551,,-0.101,0.03,0.135,-0.291,0.258
Mmadhc,-0.078,-0.512,-0.007,-0.049,-0.075,-0.184,0.002,-0.447,-0.114,0.044,-0.183,-0.181,-0.072
Mmd,-0.126,-0.942,-0.03,-0.021,0.375,0.107,0.307,0.187,0.041,0.197,0.003,0.184,-0.181
Mmd2,0.886,-0.365,-0.389,0.003,,1.372,-0.454,-0.838,-0.372,-0.144,0.491,,0.263
Mmgt1,-0.129,-0.216,0.272,0.002,0.163,-0.091,0.311,,0.054,0.093,0.02,-0.123,-0.339
Mmgt2,0.052,0.439,-0.12,0.105,-0.041,-0.069,-0.263,0.007,0.046,-0.056,-0.091,0.062,0.278
Mmp15,-0.308,-0.094,0.21,0.168,0.352,0.183,-0.069,-0.083,0.095,0.3,0.283,0.287,0.268
Mmp16,-0.24,0.407,-0.019,0.095,0.073,-0.119,-0.024,-0.178,-0.086,0.227,0.172,0.123,0.165
Mmp2,0.178,-0.108,,0.108,0.29,0.176,-0.016,-0.198,0.193,,-0.04,-0.594,-0.766
Mmp24,0.2,-1.144,0.126,0.092,-0.242,0.275,-0.006,0.634,-0.039,0.182,0.127,0.256,0.327
Mms19,0.058,-0.11,0.119,-0.063,-0.281,0.109,0.234,0.18,-0.103,0.268,0.145,-0.115,-0.134
Mnat1,-0.176,0.396,0.061,0.17,0.025,-0.093,-0.909,-0.064,-0.081,0.013,-0.171,-0.285,0.167
Mob1b,-0.164,1.333,0.133,-0.191,0.173,0.046,0.342,-0.441,-0.054,0.111,0.198,-0.051,-0.023
Mob2,-0.059,0.278,0.055,0.024,-0.03,0.017,-0.077,-0.053,0.114,0.0,0.093,0.117,0.088
Mob3a,-0.258,-0.425,0.18,0.144,0.2,-0.103,0.168,-0.123,0.032,0.129,0.028,0.123,-0.809
Mob4,0.019,0.11,-0.01,-0.0,0.338,-0.086,0.098,0.066,-0.037,-0.072,-0.142,-0.203,-0.027
Mocs2,0.099,-0.19,-0.149,0.057,0.136,0.231,0.219,0.127,-0.047,-0.086,-0.004,-0.225,-0.112
Mogs,-0.169,-0.202,0.358,0.104,0.169,0.367,0.179,-0.542,-0.017,0.242,0.203,-0.311,
Mon1a,0.38,-0.322,0.085,0.041,0.362,-0.199,-0.178,0.284,-0.029,0.031,-0.006,0.103,0.245
Mon1b,-0.278,1.443,0.191,-0.02,0.281,-0.268,0.838,,0.171,0.112,-0.041,0.092,
Mon2,-0.093,0.499,0.013,0.078,-0.161,0.195,0.614,0.308,-0.002,0.287,0.002,0.082,0.007
Morc2a,-0.347,0.413,0.204,0.042,-0.176,0.154,0.354,-0.086,0.104,0.253,0.007,0.156,0.061
Morc3,-0.092,-0.966,0.012,0.242,0.065,0.038,-0.406,0.354,0.02,0.019,0.085,-0.1,0.166
Morf4l1,-0.075,0.288,-0.079,-0.054,0.055,0.041,0.17,-0.113,-0.012,-0.115,-0.012,-0.055,-0.006
Morf4l2,-0.057,-0.134,-0.123,0.021,-0.114,-0.026,0.014,-0.186,-0.039,-0.024,0.004,-0.011,-0.05
Morn2,-0.038,0.512,-0.166,0.01,0.456,0.131,0.112,0.002,0.108,-0.107,0.233,-0.19,-0.074
Morn4,0.036,0.299,-0.061,0.06,-0.187,-0.058,0.123,0.235,0.069,0.073,0.134,0.34,-0.006
Mospd1,-0.351,0.295,-0.104,-0.158,-0.51,0.361,-1.978,,0.207,-0.128,-0.194,0.076,-0.473
Mospd2,0.039,-1.202,0.003,-0.013,0.231,0.168,-0.295,-0.034,0.058,0.006,0.027,0.159,-0.106
Mospd3,-0.204,-1.716,-0.061,0.026,-0.036,0.342,-1.204,0.151,-0.041,-0.044,0.019,0.048,0.067
Mpdu1,-0.149,-0.298,0.041,-0.013,-0.224,0.24,-0.08,0.239,0.092,0.022,-0.064,0.146,-0.003
Mpdz,0.108,0.009,-0.028,-0.077,0.024,-0.332,-0.642,-0.143,-0.056,0.153,0.002,0.214,0.244
Mpg,0.017,0.216,-0.102,0.018,-0.144,-0.426,-0.769,-0.414,-0.048,0.068,0.01,0.005,-0.433
Mphosph10,-0.176,0.38,-0.247,-0.004,0.058,-0.061,-0.919,0.256,-0.24,0.042,-0.103,-0.184,-0.322
Mphosph6,0.062,0.447,-0.08,0.052,-0.22,-0.127,0.12,-0.337,0.097,-0.076,-0.114,-0.214,0.06
Mphosph8,0.068,0.023,-0.117,0.056,0.213,-0.039,0.484,-0.078,-0.086,-0.014,-0.016,-0.095,0.176
Mphosph9,0.318,-0.406,0.143,-0.218,-0.895,-0.195,0.733,0.317,-0.088,0.193,0.205,-0.039,-0.504
Mpi,-0.244,-0.148,-0.036,-0.054,0.302,0.22,0.194,-0.485,-0.054,0.083,-0.013,-0.0,0.078
Mpnd,0.106,0.006,-0.085,-0.101,0.373,0.049,-0.056,-0.261,-0.015,-0.045,-0.128,0.03,0.025
Mpp1,0.09,-0.366,0.013,-0.036,0.598,-0.002,0.063,0.012,-0.043,0.072,-0.022,0.044,-0.01
Mpp2,0.104,-1.039,-0.057,0.195,0.22,0.39,0.062,-0.072,0.032,0.164,0.051,0.218,0.165
Mpp3,-0.276,-1.718,-0.078,-0.051,-0.13,-0.111,,,0.167,0.086,-0.026,0.016,-0.002
Mpp5,0.065,0.089,0.011,0.325,0.396,0.352,0.177,0.096,-0.306,0.16,-0.0,-0.0,-0.136
Mpp6,-0.292,-0.106,-0.154,0.085,-0.218,-0.187,0.304,0.307,-0.031,-0.103,-0.059,-0.212,0.072
Mpp7,-0.359,0.253,0.073,-0.183,-0.366,-0.073,0.436,-0.628,0.112,0.058,-0.122,-0.194,-0.34
Mpped2,0.066,0.34,0.191,-0.108,-0.67,-0.433,-0.147,-0.063,0.116,0.085,-0.001,-0.298,-0.146
Mprip,0.029,0.072,0.078,0.035,-0.19,0.196,0.118,-0.137,0.016,0.141,0.165,0.064,0.063
Mpv17,-0.048,0.139,-0.1,-0.02,0.229,0.067,0.373,-0.048,-0.016,-0.081,-0.147,0.057,0.138
Mpv17l,0.259,0.409,0.004,0.007,-0.375,0.147,0.006,-0.056,-0.155,0.009,-0.266,-0.121,0.173
Mpv17l2,0.102,0.996,-0.082,-0.007,0.944,0.116,-0.064,-0.002,0.101,-0.029,0.012,-0.387,-0.305
Mpzl1,0.571,-0.578,-0.054,-0.082,0.091,-0.144,-0.314,0.097,-0.007,0.238,-0.058,0.059,-0.096
Mrap2,0.937,0.066,-0.424,0.201,0.347,0.625,-0.287,0.308,0.126,0.196,0.295,-0.04,0.085
Mras,-0.11,0.34,-0.043,0.046,-0.137,-0.268,0.412,-0.031,0.005,-0.02,-0.002,0.185,-0.053
Mre11a,0.22,,0.1,0.274,-0.805,0.127,0.118,-0.089,0.056,0.031,0.069,-0.238,
Mrfap1,-0.103,-0.057,-0.2,0.018,-0.067,-0.044,0.156,-0.045,-0.037,-0.101,-0.018,-0.052,0.039
Mrgpre,0.004,-0.144,0.243,0.015,-0.567,0.281,0.566,0.788,-0.042,0.175,0.104,0.148,-0.394
Mri1,0.201,1.03,-0.124,-0.064,0.44,0.061,0.218,0.028,-0.021,-0.034,0.006,-0.095,0.423
Mrm1,-0.386,-0.04,0.102,0.095,0.287,-0.315,-0.165,-0.656,-0.142,-0.16,0.083,0.036,0.215
Mrpl1,-0.126,0.431,-0.079,0.076,-0.009,0.195,0.411,-0.723,-0.122,-0.021,-0.075,-0.119,0.143
Mrpl10,0.19,0.538,-0.127,0.003,-0.662,-0.035,0.219,-0.218,0.025,-0.057,0.048,0.113,0.003
Mrpl11,0.115,-0.211,-0.185,0.005,-0.033,-0.011,0.203,-0.202,-0.022,-0.091,-0.053,-0.309,-0.058
Mrpl12,0.019,0.26,-0.169,-0.035,0.302,0.009,-0.16,0.022,-0.064,-0.111,-0.05,-0.173,0.084
Mrpl13,0.039,0.44,-0.149,-0.051,-0.109,-0.261,-0.152,-0.077,-0.054,-0.101,-0.09,-0.179,0.041
Mrpl14,0.071,0.655,-0.196,-0.068,-0.095,-0.11,0.062,0.088,-0.014,-0.116,-0.089,-0.202,-0.019
Mrpl15,-0.013,0.023,-0.197,-0.065,0.088,0.14,0.213,-0.206,-0.042,-0.09,-0.103,-0.248,-0.17
Mrpl16,-0.012,-0.367,-0.156,-0.006,0.83,0.069,-0.124,-0.016,0.0,-0.016,0.008,-0.417,-0.381
Mrpl17,-0.091,0.104,-0.191,0.005,0.385,0.179,0.109,0.094,-0.017,-0.127,-0.071,-0.307,0.092
Mrpl18,0.048,0.128,-0.198,-0.035,-0.327,-0.217,0.03,-0.187,-0.019,-0.123,-0.069,-0.353,0.001
Mrpl19,0.038,0.55,-0.186,-0.037,-0.343,-0.149,-0.209,0.511,-0.059,-0.108,-0.017,-0.139,0.075
Mrpl2,-0.052,0.04,-0.132,-0.114,-0.385,-0.028,0.015,-0.805,-0.009,-0.081,-0.056,-0.066,0.097
Mrpl20,0.002,-0.335,-0.184,-0.048,0.116,-0.034,0.069,0.04,-0.037,-0.128,-0.019,-0.459,-0.037
Mrpl21,0.033,-0.261,-0.183,-0.102,0.063,0.08,-0.302,-0.319,-0.041,-0.073,-0.205,-0.361,-0.098
Mrpl22,0.183,0.234,-0.111,-0.155,0.396,0.102,0.174,-0.229,-0.22,-0.048,-0.114,-0.296,-0.02
Mrpl23,0.237,0.553,-0.173,0.001,0.01,0.002,-0.269,0.0,-0.073,-0.106,-0.179,-0.374,-0.037
Mrpl24,0.077,-2.344,-0.116,-0.034,-0.331,-0.346,-0.141,-0.364,-0.064,-0.047,-0.116,-0.181,-0.051
Mrpl27,0.025,0.057,-0.153,-0.039,0.122,-0.104,-0.037,-0.271,-0.077,-0.111,-0.062,-0.178,0.132
Mrpl28,0.043,0.372,-0.16,-0.051,0.047,-0.01,-0.094,0.02,-0.027,-0.101,-0.054,-0.524,0.082
Mrpl3,-0.031,-1.551,0.03,-0.1,-0.048,0.021,0.168,-0.269,-0.061,0.027,0.029,0.107,0.175
Mrpl30,0.04,0.28,-0.172,-0.035,-0.003,-0.032,-0.183,-0.033,0.009,-0.151,-0.042,-0.262,0.096
Mrpl32,0.042,0.367,-0.05,-0.006,0.302,-0.114,-0.074,-0.221,-0.078,-0.104,-0.036,-0.152,-0.13
Mrpl33,-0.047,0.203,-0.137,-0.045,-0.08,0.055,-0.321,-0.248,-0.018,-0.141,0.071,-0.219,0.042
Mrpl34,0.111,-0.708,-0.157,-0.031,0.056,-0.038,0.218,-0.139,0.005,-0.129,-0.043,-0.336,-0.045
Mrpl35,-0.05,-0.221,-0.102,-0.01,0.187,-0.112,0.268,-0.11,0.049,-0.074,-0.058,-0.185,-0.074
Mrpl36,0.023,-0.151,-0.152,-0.049,-0.077,-0.051,-0.103,-0.016,-0.009,-0.147,-0.077,-0.125,-0.0
Mrpl37,0.072,-0.07,-0.07,-0.106,0.025,0.273,0.002,0.62,-0.028,-0.027,0.011,0.046,0.021
Mrpl38,0.098,0.414,-0.078,-0.017,0.008,-0.227,0.055,-0.277,-0.063,-0.018,-0.027,-0.125,0.137
Mrpl39,0.018,0.602,-0.104,0.023,-0.33,0.073,0.031,-0.697,-0.158,-0.09,-0.235,-0.129,-0.041
Mrpl4,-0.096,-0.236,-0.097,-0.083,0.116,0.195,-0.002,-0.249,0.007,-0.046,-0.126,0.05,-0.047
Mrpl40,-0.074,0.021,-0.172,-0.082,-0.164,-0.077,-0.178,0.095,-0.111,-0.117,-0.235,-0.351,0.106
Mrpl41,0.008,-0.574,-0.182,-0.026,0.272,0.076,0.169,-0.043,-0.081,-0.099,0.018,-0.168,0.017
Mrpl42,0.067,-0.142,-0.074,-0.014,0.037,0.03,0.156,0.06,-0.009,-0.12,-0.009,-0.332,-0.194
Mrpl43,0.05,-0.301,-0.189,0.004,0.329,0.082,-0.002,-0.361,-0.01,-0.125,-0.017,-0.176,0.125
Mrpl44,0.061,-0.218,-0.084,-0.101,0.363,-0.175,0.438,-0.175,-0.069,-0.021,0.124,0.145,-0.004
Mrpl45,-0.054,-0.147,-0.004,-0.075,0.273,-0.052,-0.349,-0.28,-0.08,-0.004,-0.029,-0.172,-0.243
Mrpl46,0.136,-0.159,-0.155,-0.11,0.141,0.051,-0.025,-0.157,-0.158,-0.028,-0.336,-0.195,0.066
Mrpl47,0.232,-0.407,-0.004,0.035,-0.373,-0.113,0.268,-0.25,0.038,-0.059,-0.128,0.157,-0.324
Mrpl48,-0.113,-0.029,-0.089,-0.124,0.171,0.124,-0.006,-0.192,-0.084,-0.107,-0.037,-0.112,0.042
Mrpl49,-0.047,-0.546,-0.171,-0.045,0.086,-0.142,0.1,0.284,-0.036,-0.091,-0.164,-0.087,-0.06
Mrpl50,0.212,-0.015,-0.096,-0.044,-0.133,-0.104,0.094,-0.79,-0.158,-0.096,-0.036,0.017,0.134
Mrpl51,-0.01,0.18,-0.147,-0.027,-0.107,-0.12,-0.006,0.118,-0.018,-0.1,-0.103,-0.286,-0.023
Mrpl52,-0.07,-0.034,-0.091,0.024,0.182,-0.027,-0.288,-0.173,-0.059,-0.115,-0.031,-0.233,-0.066
Mrpl54,0.003,0.232,-0.161,-0.022,0.114,0.044,-0.025,-0.057,0.039,-0.136,-0.095,-0.202,0.047
Mrpl55,-0.01,0.014,-0.143,0.041,0.141,-0.054,0.125,-0.158,-0.086,-0.067,-0.093,-0.343,-0.044
Mrpl9,-0.093,-0.088,-0.127,0.078,0.055,-0.171,0.05,0.222,-0.106,-0.063,-0.053,0.007,0.258
Mrps10,-0.029,0.518,-0.069,0.056,-0.063,-0.152,0.031,0.128,0.021,-0.111,-0.021,-0.139,0.012
Mrps11,0.178,0.708,-0.166,-0.087,-0.013,0.105,-0.094,-0.033,0.008,-0.086,-0.064,-0.088,0.008
Mrps12,0.064,-0.034,-0.151,-0.026,0.058,-0.162,0.044,-0.295,-0.04,-0.111,0.036,-0.185,-0.071
Mrps14,0.056,-0.313,-0.123,-0.016,0.14,-0.242,0.22,-0.453,0.014,-0.122,0.021,-0.274,0.016
Mrps15,0.048,-0.032,-0.193,-0.056,-0.092,-0.088,0.163,0.166,0.038,-0.102,-0.1,-0.158,-0.012
Mrps16,0.172,-0.292,-0.193,-0.044,0.165,-0.098,-0.269,-0.248,-0.047,-0.082,-0.024,-0.18,-0.048
Mrps17,-0.084,-0.193,-0.154,-0.023,-0.0,0.021,0.069,0.015,0.028,-0.097,-0.027,-0.136,0.008
Mrps18a,-0.002,0.25,-0.128,-0.05,0.509,0.006,0.025,0.06,-0.069,-0.11,-0.129,-0.306,-0.139
Mrps18b,-0.1,,-0.168,0.025,0.421,0.133,-0.054,0.361,-0.063,-0.044,-0.113,-0.228,-0.103
Mrps18c,0.005,-0.388,-0.17,-0.029,0.112,-0.036,-0.056,0.003,-0.049,-0.087,-0.116,-0.283,0.06
Mrps2,-0.217,0.384,0.076,0.012,0.386,-0.064,-0.077,,-0.122,-0.002,0.291,0.163,-0.978
Mrps21,0.105,-0.448,-0.066,0.015,0.146,-0.015,0.039,-0.07,0.03,-0.138,-0.001,-0.255,0.048
Mrps22,-0.103,0.798,-0.11,-0.14,0.046,-0.184,0.201,-0.367,0.108,0.044,0.014,-0.316,-0.094
Mrps23,-0.005,0.169,-0.109,-0.052,0.062,-0.158,-0.004,0.208,-0.049,-0.049,-0.042,-0.022,0.138
Mrps24,0.122,-0.295,-0.162,0.009,0.174,-0.039,0.025,0.076,0.028,-0.124,-0.042,-0.295,0.035
Mrps25,-0.135,0.038,-0.163,-0.023,-0.108,-0.108,-0.038,0.06,-0.048,-0.115,-0.096,-0.072,0.188
Mrps26,-0.035,0.233,-0.135,-0.069,0.168,0.072,0.047,0.038,0.026,-0.074,-0.036,-0.227,-0.054
Mrps27,0.146,1.128,0.144,0.058,0.243,-0.147,0.259,0.874,-0.043,0.048,0.029,-0.074,-0.168
Mrps28,-0.186,0.523,-0.177,-0.111,0.292,-0.187,-0.34,-0.592,0.035,-0.122,-0.274,-0.185,-0.1
Mrps30,0.107,-0.667,-0.107,-0.153,-0.367,-0.063,0.237,-0.265,-0.08,0.001,-0.189,-0.055,0.087
Mrps31,0.153,-0.318,-0.18,-0.022,0.175,-0.214,0.443,-0.277,-0.17,-0.053,-0.062,-0.222,0.076
Mrps33,-0.033,-1.013,-0.17,-0.07,-0.092,-0.112,0.163,-0.162,-0.025,-0.115,-0.037,-0.234,-0.036
Mrps34,0.091,-0.09,-0.174,-0.049,0.383,-0.065,-0.168,0.211,-0.041,-0.076,-0.053,-0.38,-0.045
Mrps35,-0.004,-0.535,-0.094,0.004,-0.084,-0.017,-0.715,-0.754,-0.013,-0.085,0.002,-0.115,0.001
Mrps36,0.144,-0.313,-0.12,-0.042,0.172,-0.124,-0.134,0.006,0.022,-0.158,-0.093,-0.351,0.04
Mrps5,0.164,0.323,-0.003,-0.048,-0.058,-0.163,-0.14,0.192,0.016,-0.102,-0.009,-0.205,0.095
Mrps6,0.061,0.114,-0.186,0.008,-0.374,-0.074,0.124,0.015,-0.024,-0.17,-0.071,-0.204,0.016
Mrps7,0.023,0.444,-0.114,-0.153,0.458,-0.075,-0.139,0.105,-0.059,-0.05,-0.031,-0.221,-0.146
Mrps9,-0.02,0.394,0.065,-0.06,-0.008,-0.22,0.248,-0.081,-0.01,-0.02,0.014,-0.127,-0.021
Mrrf,0.196,-0.424,-0.124,0.095,0.714,0.06,-0.275,0.465,0.003,-0.089,-0.224,-0.051,0.36
Mrs2,-0.25,-1.586,0.214,0.065,-0.583,0.018,0.443,0.05,0.032,0.08,-0.184,-0.356,
Mrto4,0.085,-0.043,-0.203,-0.119,0.054,-0.165,-0.083,0.343,-0.068,-0.086,-0.151,-0.142,0.073
Msh2,0.346,-0.302,-0.054,-0.012,-0.611,-0.152,0.12,0.345,-0.143,0.066,-0.043,-0.043,0.128
Msh3,0.33,-0.905,0.059,0.018,-0.262,-0.259,0.234,0.074,0.182,0.106,0.168,-0.041,-0.395
Msh6,0.256,-0.158,0.031,0.253,-0.886,-0.001,-0.771,,-0.105,0.077,-0.14,0.058,-0.194
Msi2,-0.079,0.546,0.095,0.061,-0.332,0.009,0.222,0.054,0.101,0.042,0.191,0.13,-0.056
Msl1,-0.214,0.086,0.1,0.046,0.045,-0.023,0.055,0.136,-0.046,0.119,0.089,0.178,0.11
Msl2,-0.263,0.479,0.158,0.108,-0.584,-0.373,-0.592,-0.12,-0.027,0.167,0.136,0.144,-1.008
Msl3,-0.221,-0.795,-0.076,0.02,0.121,0.128,0.29,-0.986,0.093,-0.069,-0.006,-0.214,0.13
Msl3l2,-0.478,1.028,-0.153,-0.145,0.154,0.275,0.514,,-0.037,-0.055,-0.084,0.056,0.216
Msn,-0.091,-0.06,-0.458,0.014,-0.077,0.101,0.066,0.17,0.078,0.169,0.184,0.023,-0.164
Msra,0.069,-0.283,0.039,-0.036,0.517,0.06,-0.098,-0.799,0.059,-0.088,-0.226,0.035,-0.381
Msrb2,-0.035,0.089,-0.087,-0.099,0.678,0.185,0.198,0.167,0.081,-0.07,0.222,,0.243
Msto1,0.199,,-0.005,0.06,0.702,-0.459,-0.308,-2.124,-0.169,0.075,-0.214,0.189,-0.053
Mt1,-0.222,-1.156,-0.17,0.032,-2.135,-1.769,-0.567,-0.543,-0.197,-0.198,-0.525,0.182,-0.06
Mt2,0.25,-0.815,-0.159,-0.177,-3.029,-2.126,-0.63,-0.435,-0.255,-0.133,-0.697,0.274,
Mt3,0.087,0.25,-0.107,-0.02,0.912,0.268,-0.184,0.044,0.11,-0.11,0.269,-0.4,-0.08
Mta1,0.098,0.479,-0.027,-0.049,-0.545,-0.006,0.087,-0.348,0.05,0.102,0.135,0.388,-0.323
Mta2,0.031,-0.526,0.074,-0.103,-0.222,-0.118,-0.349,-0.627,0.003,0.094,-0.091,0.222,0.072
Mta3,0.46,0.059,-0.039,0.005,-0.075,0.192,0.227,0.2,-0.32,0.08,0.011,-0.151,0.154
Mtap,0.018,-0.123,0.04,0.103,-0.418,0.099,0.038,,0.086,-0.06,0.072,-0.08,-0.59
Mtch1,0.02,0.094,-0.043,-0.008,0.41,0.149,0.015,-0.029,0.026,0.007,-0.027,-0.164,-0.129
Mtch2,0.022,-0.064,0.053,-0.0,0.199,0.027,0.13,-0.043,-0.062,0.045,-0.025,0.035,0.041
Mtdh,-0.049,-0.018,0.027,-0.098,-0.153,-0.098,0.228,-0.13,0.015,0.085,-0.011,-0.208,0.0
Mtf1,-0.093,-0.612,-0.01,-0.076,-0.017,-0.22,0.386,0.037,-0.028,0.024,0.088,-0.042,-0.267
Mtf2,0.078,-0.255,0.148,-0.008,-0.667,-0.091,0.221,0.252,-0.116,0.024,0.09,0.015,0.06
Mtfmt,-0.158,0.237,0.058,-0.088,-0.281,0.18,-0.809,,0.038,-0.065,0.48,-0.083,0.181
Mtfp1,0.154,0.252,-0.048,-0.09,0.272,-0.623,0.17,,0.206,-0.063,-0.12,0.133,-0.125
Mtfr1,-0.24,-0.003,0.022,-0.056,-0.483,-0.562,0.188,,0.007,-0.064,-0.093,0.502,0.245
Mtg1,0.116,0.806,-0.191,-0.182,0.172,0.512,0.231,-0.094,-0.047,-0.021,-0.229,-0.275,-0.023
Mthfd1,0.413,-0.128,0.135,0.003,0.208,0.062,-1.058,0.313,-0.023,0.089,-0.326,0.016,-0.114
Mthfd1l,-0.242,-1.238,0.178,-0.103,-0.222,0.492,0.093,0.491,0.04,0.271,0.099,-0.059,-0.196
Mthfd2,-0.224,0.346,-0.075,-0.084,-0.129,0.02,0.015,0.167,-0.116,0.003,-0.107,0.096,0.207
Mthfd2l,-0.034,2.072,-0.121,-0.061,0.009,0.143,0.187,-1.034,-0.039,-0.026,0.012,0.001,-0.063
Mthfs,-0.192,-0.656,-0.043,0.155,0.45,-0.139,-0.116,0.37,-0.099,-0.097,0.027,-0.262,-0.111
Mthfsd,-0.031,0.035,0.105,0.005,-0.049,0.026,0.151,-0.275,0.042,0.095,0.133,-0.143,-0.048
Mtif2,-0.083,-0.165,-0.018,0.015,-0.475,0.019,0.712,0.235,-0.221,-0.037,0.072,-0.117,0.527
Mtif3,-0.03,-1.109,-0.094,-0.392,-0.834,-0.137,0.075,,-0.091,0.056,-0.206,-0.072,-0.808
Mtm1,-0.172,-0.372,0.136,0.195,0.169,0.14,-0.532,0.321,0.131,0.068,0.196,-0.015,0.066
Mtmr1,0.192,0.795,0.035,0.017,0.195,-0.252,0.56,-0.926,-0.085,0.279,0.061,-0.035,0.447
Mtmr11,-0.093,-1.101,0.129,0.081,0.772,0.569,-0.32,-0.162,-0.005,0.193,0.335,-0.062,
Mtmr12,0.177,-0.412,0.201,0.154,-0.475,0.524,0.194,-0.135,0.02,0.205,-0.004,-0.031,
Mtmr14,-0.023,1.173,0.207,-0.23,-0.134,-0.228,-0.877,0.243,-0.082,-0.064,-0.096,-0.095,0.194
Mtmr2,0.144,0.473,0.116,-0.093,0.212,0.219,-0.136,-1.024,0.005,0.128,0.157,0.213,-0.118
Mtmr3,-0.031,-0.15,0.175,0.177,-0.239,0.124,0.426,-0.468,0.062,0.137,-0.044,0.289,-0.064
Mtmr4,0.223,0.084,0.153,0.081,0.5,-0.078,0.592,-0.061,0.112,0.163,0.134,0.164,-0.36
Mtmr6,0.077,0.047,0.186,0.019,0.439,0.273,0.511,-0.278,0.019,0.06,0.097,0.124,-0.085
Mtmr7,-0.121,-0.481,0.143,0.027,0.513,-0.014,0.316,-0.118,0.025,0.079,0.035,-0.115,0.331
Mtmr9,-0.272,-1.503,0.291,0.271,0.228,0.145,0.153,0.13,0.067,0.216,0.171,-0.022,0.383
Mto1,-0.232,0.28,0.017,-0.102,0.152,0.306,-0.413,-0.853,0.088,0.095,0.024,0.037,0.058
Mtor,-0.112,0.195,0.126,0.187,0.269,0.107,0.507,0.568,-0.019,0.093,0.179,0.177,0.279
Mtpap,-0.019,-0.759,0.072,-0.02,-0.352,-0.224,-0.247,-0.214,0.113,-0.025,-0.013,-0.11,0.007
Mtpn,0.05,0.472,-0.053,0.053,-0.068,0.058,0.357,-0.076,0.108,-0.032,0.096,0.156,-0.085
Mtr,-0.756,-1.689,0.1,0.228,-0.156,-0.627,-0.393,0.389,0.127,0.224,-0.005,0.16,
Mtrf1,0.037,1.103,0.107,0.05,-0.043,0.144,0.32,,0.056,-0.204,0.007,,-0.138
Mtrf1l,0.336,-0.758,-0.121,-0.32,0.237,-0.279,0.377,,-0.182,0.059,-0.1,-0.172,-0.677
Mtrr,-0.166,0.057,0.091,-0.129,0.617,-0.158,0.191,,0.363,0.02,-0.261,0.091,-0.019
Mtss1,-0.034,0.493,0.082,-0.036,-0.373,0.214,0.216,0.15,-0.064,0.079,0.058,-0.058,-0.036
Mtus1,-0.371,0.13,0.11,0.044,0.123,-0.082,0.364,0.211,-0.042,0.156,0.099,0.133,-0.156
Mtus2,-0.225,0.604,0.005,0.067,-0.776,-0.045,0.323,0.197,-0.152,-0.02,-0.197,-0.314,-0.528
Mtx1,-0.138,-0.784,-0.027,-0.079,0.235,0.016,-0.004,0.038,-0.012,-0.042,-0.249,-0.167,0.081
Mtx2,-0.018,0.036,-0.102,-0.003,0.191,0.012,0.276,0.003,-0.107,-0.083,-0.158,-0.179,-0.008
Mtx3,0.268,-0.14,0.276,-0.103,-0.438,-0.336,0.478,-0.175,0.064,0.122,0.081,0.324,-0.388
Mul1,0.163,-0.23,0.192,0.042,0.246,-0.029,-0.158,0.257,0.028,0.158,0.122,-0.046,0.239
Mus81,-0.271,-0.357,0.069,0.026,-0.185,-0.353,0.195,0.202,-0.058,-0.085,-0.0,-0.052,-0.083
Mvd,0.119,-0.264,-0.014,0.051,0.085,0.168,-0.241,-0.068,0.073,0.136,-0.004,-0.164,0.029
Mvk,0.081,0.209,-0.095,-0.02,0.338,0.08,-0.029,-0.12,0.145,0.062,0.107,0.099,-0.009
Mvp,-0.428,-0.298,-0.116,-0.141,0.051,0.09,-0.075,-0.014,0.143,0.215,-0.218,-0.406,-0.267
Mxd4,-0.197,-0.535,-0.21,-0.285,-0.973,-0.385,0.28,-0.061,0.032,0.003,0.009,0.096,-0.135
Mxi1,0.054,-0.297,-0.169,-0.011,-0.279,-0.145,-0.296,0.303,0.017,-0.107,0.104,0.104,0.075
Mxra7,-0.027,-0.005,-0.101,-0.071,-0.097,-0.089,-0.051,-0.34,0.084,-0.029,-0.205,0.308,0.09
Myadm,-0.066,-0.22,0.087,0.103,0.708,0.06,0.623,0.287,-0.001,0.242,0.051,0.263,-0.031
Mybbp1a,-0.467,-0.166,-0.002,-0.151,-0.366,-0.21,-0.139,0.25,0.023,0.165,0.11,0.154,-0.163
Myc,-0.419,0.997,-0.052,-0.14,0.058,-0.1,0.028,,0.014,0.045,-0.152,0.351,0.13
Mycbp,0.032,0.267,-0.041,0.051,0.464,-0.004,0.4,-0.772,0.007,-0.035,0.04,-0.365,0.054
Mycbp2,0.022,0.272,0.14,0.04,0.043,0.095,0.606,0.081,0.023,0.133,0.041,-0.051,-0.103
Myd88,0.033,-1.086,-0.074,-0.219,0.402,0.432,-0.476,-0.897,-0.407,0.046,-0.028,-0.044,
Myef2,0.06,0.206,-0.085,0.027,-0.514,0.025,0.238,0.137,0.053,-0.049,-0.054,0.007,-0.147
Myg1,0.222,-0.108,-0.09,0.05,0.118,-0.081,-0.139,0.186,-0.2,0.02,-0.176,0.143,-0.074
Myh10,-0.027,-0.122,0.244,-0.01,-0.245,0.191,0.403,-0.061,0.05,0.247,0.156,0.345,-0.208
Myh14,-0.139,0.552,0.189,0.183,1.47,0.208,0.201,-0.093,0.109,0.351,0.101,-0.01,-0.58
Myh9,-0.349,0.34,0.008,-0.083,0.166,0.092,-0.118,0.183,0.006,0.246,0.066,-0.122,-1.049
Myl12a,0.032,-0.047,-0.256,-0.164,-0.168,-0.003,-0.579,-0.237,-0.148,-0.097,-0.168,-0.152,-0.157
Myl12b,-0.024,0.086,-0.126,-0.063,0.297,0.046,-0.286,0.069,-0.018,-0.073,-0.094,-0.139,-0.041
Myl4,-0.484,,-0.1,0.156,0.516,0.075,-0.702,,-0.156,-0.265,0.28,-0.154,-0.777
Myl6,0.029,-0.225,-0.163,-0.048,0.343,-0.024,-0.231,0.008,-0.07,-0.039,-0.025,-0.177,-0.011
Myl9,-0.357,-0.827,-0.291,-0.124,0.005,0.615,-0.762,-2.797,-0.147,,0.187,,-0.114
Mynn,-0.214,-1.356,0.074,0.201,0.065,-0.263,-0.118,0.337,-0.091,0.094,0.21,0.059,0.109
Myo18a,0.041,0.359,0.195,0.111,0.42,0.248,0.207,0.161,0.071,0.183,0.173,-0.015,-0.241
Myo1b,-0.561,-0.669,0.297,-0.027,0.51,0.157,-0.162,0.135,0.32,0.273,0.274,-0.438,-0.372
Myo1d,-0.063,0.651,0.073,,0.05,-0.275,0.35,0.328,0.083,0.194,0.264,0.068,
Myo5a,0.08,-0.006,0.202,-0.029,-0.012,0.313,0.599,-0.009,0.103,0.231,0.046,0.217,-0.032
Myo6,0.036,0.469,0.171,-0.262,-0.827,-0.304,-0.027,0.382,0.299,0.026,0.143,-0.144,0.048
Myo9a,-0.079,0.017,0.105,0.072,-0.003,0.244,0.858,0.067,0.095,0.146,0.121,0.052,0.063
Mypop,-0.0,-0.009,0.008,0.149,0.548,0.19,-0.06,-0.251,0.041,-0.019,0.045,0.213,0.04
Mysm1,0.059,0.296,0.009,-0.07,-0.461,-0.086,-0.26,-0.086,0.07,0.067,0.057,0.024,0.014
Myt1,-0.297,0.553,0.053,0.011,-1.06,0.173,0.824,-0.191,-0.114,0.071,0.06,-0.101,-0.427
Myt1l,-0.155,-0.028,0.011,0.064,-0.077,0.031,0.416,0.159,0.044,0.066,0.142,0.295,0.186
Mzt1,-0.208,0.007,0.038,-0.192,-0.942,0.005,-0.088,-0.758,-0.084,-0.085,-0.01,-0.002,0.092
Mzt2,0.204,0.128,-0.152,0.005,0.032,0.08,-0.07,-0.152,-0.029,-0.022,-0.131,0.106,0.302
N4bp1,-0.103,0.43,-0.021,0.037,0.163,-0.04,0.281,-0.125,0.137,0.089,0.182,0.04,0.359
N4bp2l1,-0.14,-0.437,0.019,-0.386,-0.76,-1.244,-0.683,-0.439,0.025,-0.06,0.073,0.287,0.234
N4bp2l2,-0.032,-0.087,0.062,-0.072,-0.489,-0.141,0.055,-0.256,0.128,0.071,0.014,0.004,-0.119
N6amt1,0.079,0.263,-0.165,-0.007,0.144,0.001,0.642,-0.281,-0.055,-0.059,0.065,-0.208,-0.049
Naa10,0.116,-0.192,-0.135,-0.077,-0.1,-0.053,-0.157,-0.029,-0.056,-0.004,-0.077,-0.083,0.059
Naa15,-0.035,0.365,0.167,0.077,0.093,-0.078,0.395,0.045,0.147,0.151,-0.057,0.014,-0.089
Naa16,-0.738,-1.201,0.192,0.161,-0.778,-0.385,0.564,-0.285,-0.031,-0.024,0.039,-0.017,0.168
Naa20,0.106,0.326,-0.088,0.016,0.509,-0.061,-0.055,0.104,-0.084,-0.041,-0.053,-0.115,-0.008
Naa25,-0.162,-0.063,0.176,0.289,0.447,-0.214,0.283,-0.03,0.057,0.229,-0.051,0.15,0.249
Naa30,-0.03,0.598,0.17,0.042,-0.15,-0.24,0.021,-0.313,0.145,0.134,0.17,0.332,-0.324
Naa35,-0.247,0.187,0.003,0.07,0.093,-0.022,0.625,0.284,0.056,0.1,-0.027,-0.046,0.1
Naa38,-0.185,0.883,-0.099,-0.026,0.313,-0.105,-0.138,0.012,-0.013,-0.139,0.08,-0.341,0.037
Naa40,-0.466,0.494,0.293,0.207,-0.164,-0.247,0.032,-0.725,-0.006,0.096,-0.058,-0.096,-0.128
Naa50,-0.186,-0.606,-0.101,-0.036,-0.159,0.082,0.085,-0.055,0.056,-0.116,-0.006,-0.052,-0.064
Naaa,0.08,0.233,0.197,0.082,0.595,0.236,-0.263,-0.429,-0.084,0.2,0.123,0.084,-0.52
Nab1,-0.426,0.114,0.019,-0.171,0.064,0.045,0.007,-0.016,0.048,0.072,-0.052,-0.062,-0.087
Naca,-0.01,-0.092,-0.206,-0.044,-0.205,-0.058,-0.232,-0.055,-0.066,-0.112,-0.075,-0.302,-0.025
Nacad,-0.14,0.093,0.07,-0.012,0.554,0.155,0.167,-0.096,0.005,0.2,0.119,-0.093,-0.085
Nacc1,-0.082,0.13,0.128,0.035,-0.032,-0.094,0.167,-0.466,0.127,0.113,0.151,0.117,0.287
Nacc2,0.101,0.19,0.362,-0.27,1.321,-1.136,0.325,-0.401,-0.116,0.06,-0.122,0.525,-1.211
Nadk,-0.076,-0.157,0.239,0.054,0.049,-0.041,0.101,0.156,0.073,0.115,0.096,0.146,-0.143
Nae1,-0.063,-0.037,0.004,-0.041,0.075,0.05,0.249,-0.019,0.04,0.023,-0.119,-0.107,-0.027
Naga,-0.037,-0.219,0.137,0.224,0.282,0.298,0.099,-0.584,-0.035,0.137,-0.048,0.161,-0.243
Nagk,-0.207,-0.197,-0.111,-0.084,0.217,0.04,0.124,0.111,0.03,-0.084,0.041,-0.208,-0.021
Naglu,0.71,0.643,0.077,-0.057,0.04,-0.504,0.001,,0.111,0.23,0.387,-0.005,0.385
Nalcn,0.027,-0.623,0.075,0.088,0.161,0.092,0.569,-0.044,0.071,0.253,0.245,0.075,0.044
Nampt,0.171,0.287,-0.003,0.01,-0.17,0.137,-0.158,0.281,0.084,0.106,-0.037,0.068,-0.182
Nanos1,-0.824,1.435,-0.071,0.037,0.365,-0.318,-0.764,,0.093,0.066,0.153,0.527,-0.098
Nans,0.12,-0.432,-0.025,-0.081,0.507,0.112,-0.434,0.355,-0.079,0.011,-0.275,-0.186,-0.19
Nap1l1,-0.102,0.471,-0.157,-0.023,-0.178,0.054,0.042,-0.099,-0.028,-0.034,-0.027,0.059,0.039
Nap1l2,-0.027,-0.352,0.0,0.17,0.542,-0.397,0.402,-0.294,0.094,-0.003,0.101,-0.02,-0.085
Nap1l3,-0.098,0.125,-0.101,-0.056,0.562,0.051,0.686,0.122,0.17,0.049,0.09,-0.097,0.286
Nap1l4,0.094,0.158,-0.103,-0.028,-0.129,-0.097,0.092,-0.145,-0.07,-0.015,0.056,0.168,0.025
Nap1l5,0.015,-0.101,-0.227,-0.038,-0.091,-0.118,0.366,0.295,0.006,-0.093,-0.151,-0.064,0.27
Napa,0.006,0.057,-0.079,-0.027,0.114,-0.03,-0.093,0.046,-0.002,0.001,-0.08,0.089,-0.088
Napb,-0.136,-0.032,0.088,0.021,0.35,0.048,0.351,0.003,0.089,0.123,0.232,0.213,0.139
Napepld,0.155,0.122,-0.082,0.501,1.807,1.279,-0.656,-0.114,-0.086,0.058,0.106,-0.085,
Napg,-0.029,-0.064,-0.03,-0.02,0.376,0.007,0.441,0.018,-0.022,0.014,0.116,0.038,0.194
Narf,-0.081,-0.752,0.018,-0.021,0.133,0.093,0.398,0.339,0.005,0.039,0.049,0.009,0.315
Nars,-0.093,-0.034,0.082,0.012,0.05,0.035,-0.044,-0.035,0.034,-0.059,0.088,-0.158,0.047
Nars2,-0.202,0.189,0.178,-0.054,0.017,-0.278,0.044,,-0.086,0.146,0.453,0.118,-1.755
Nasp,-0.627,-0.206,-0.009,-0.168,-1.272,-0.509,-0.327,-0.482,-0.208,0.008,-0.126,0.103,0.142
Nat10,-0.387,0.429,0.371,0.016,-0.876,-0.193,0.424,0.458,0.14,0.205,0.079,0.129,-0.675
Nat14,-0.386,1.442,-0.109,-0.111,0.26,0.352,0.014,-0.061,0.037,-0.024,0.139,0.053,0.24
Nat8l,0.031,0.49,0.63,0.142,1.029,0.24,0.003,-0.072,-0.117,0.305,0.079,0.358,-0.239
Nat9,-0.116,0.993,-0.1,-0.06,0.907,0.099,-0.421,0.387,-0.075,-0.04,-0.009,0.024,-0.233
Nav1,0.004,0.342,0.087,0.085,0.062,0.165,0.667,-0.052,0.042,0.166,0.152,0.035,-0.013
Nbas,-0.075,0.949,0.159,0.104,0.39,0.046,0.793,-0.131,0.079,0.316,0.051,0.136,-0.051
Nbea,0.173,0.619,0.099,0.106,0.131,0.011,0.69,-0.095,0.01,0.269,-0.001,-0.266,0.033
Nbeal1,0.037,-0.262,0.08,0.059,-0.08,0.133,0.703,0.216,0.046,0.174,0.023,-0.046,-0.142
Nbl1,0.331,-0.156,-0.356,-0.068,0.56,0.057,-0.021,-0.021,-0.018,0.021,0.028,0.124,-0.214
Nbn,-0.114,0.56,-0.03,-0.121,-0.051,-0.191,0.487,1.506,-0.059,0.065,-0.075,0.245,
Nbr1,0.001,-0.084,0.134,0.112,-0.439,0.185,0.304,-0.287,-0.105,0.107,0.03,0.151,-0.095
Ncald,-0.05,0.139,-0.209,0.12,0.539,0.02,0.529,-0.079,-0.017,0.016,0.109,0.19,0.059
Ncam1,0.029,0.42,0.069,0.046,-0.16,-0.026,0.619,0.124,0.03,0.213,0.059,-0.024,-0.125
Ncam2,0.3,0.007,0.172,0.063,0.259,0.205,0.631,0.139,0.018,0.048,-0.121,-0.157,-0.141
Ncapd3,-0.334,0.887,0.047,-0.022,-0.72,-0.415,-1.273,0.123,0.029,0.109,0.087,-0.043,-1.247
Ncaph2,-0.066,0.343,0.124,-0.06,-0.284,0.195,0.025,0.379,-0.038,0.151,0.137,0.13,0.071
Ncbp1,-0.037,-0.509,0.204,0.025,-0.112,-0.011,-0.002,0.351,-0.1,0.072,-0.056,-0.026,-0.037
Ncbp2,0.045,-0.28,-0.14,0.004,-0.121,-0.032,-0.059,-0.107,0.007,-0.104,-0.1,-0.073,0.141
Ncdn,0.184,-0.284,0.134,0.086,0.301,-0.047,-0.015,-0.102,0.1,0.199,0.141,0.06,0.055
Nceh1,0.174,0.339,0.195,0.131,0.782,0.133,0.488,-0.153,0.057,0.291,0.404,-0.034,-0.863
Nck1,0.039,-0.425,-0.104,0.036,-0.156,-0.146,-0.151,-0.311,-0.004,-0.084,-0.087,0.007,0.025
Nckap1,-0.118,0.771,0.192,-0.023,0.189,0.094,0.186,-0.067,0.061,0.119,0.192,0.109,0.083
Nckipsd,-0.034,0.179,-0.009,-0.003,-0.14,0.38,0.275,0.231,0.168,-0.016,0.435,0.167,0.539
Ncl,0.004,0.004,-0.225,-0.063,-0.319,-0.057,-0.025,-0.316,-0.051,-0.008,-0.072,-0.102,-0.018
Ncln,0.127,-0.001,0.372,0.013,0.874,-0.133,-0.103,-0.192,-0.086,0.363,-0.032,0.105,-0.23
Ncoa1,0.187,0.528,0.085,-0.052,-0.295,-0.437,0.617,-0.058,-0.015,0.107,0.103,0.051,-0.544
Ncoa2,-0.136,0.131,0.086,0.055,0.189,0.275,0.6,0.139,0.014,0.213,0.082,0.139,0.077
Ncoa3,0.226,0.551,-0.027,0.209,-0.072,-0.433,-0.084,0.377,0.109,0.14,0.001,0.141,0.002
Ncoa4,-0.07,-2.302,0.044,-0.086,0.194,0.038,0.144,-0.196,-0.01,0.182,0.071,0.017,
Ncoa5,0.025,0.626,-0.033,-0.063,0.205,-0.201,-0.293,-0.353,0.004,0.121,0.154,0.025,0.017
Ncoa6,0.229,0.481,0.111,0.065,-0.198,0.129,-0.613,0.201,-0.009,0.259,0.098,0.09,0.051
Ncoa7,-0.078,-0.034,-0.066,0.05,0.391,0.062,0.338,-0.043,-0.0,-0.003,0.144,-0.411,-0.069
Ncor1,-0.043,-0.199,-0.025,-0.009,-0.239,-0.031,0.726,-0.006,0.004,0.024,0.039,-0.025,-0.01
Ncor2,0.095,0.195,0.105,0.016,0.429,-0.344,0.352,0.083,0.042,0.18,0.121,0.01,-0.104
Ncs1,0.135,0.079,0.21,0.07,0.331,-0.01,0.026,-0.127,0.014,0.153,0.02,0.394,-0.018
Ncstn,0.042,-0.119,0.157,-0.072,-0.148,-0.03,0.285,-0.741,0.129,0.246,0.157,0.203,-0.108
Nde1,0.338,-0.922,-0.084,-0.256,0.307,0.339,,,0.224,-0.121,-0.292,,-0.411
Ndel1,-0.025,-0.233,0.184,-0.057,-0.027,0.126,0.008,-0.098,-0.015,0.066,0.019,0.142,-0.028
Ndfip1,0.003,-0.396,0.082,-0.019,0.231,-0.018,0.347,-0.042,-0.079,0.003,-0.039,-0.45,-0.201
Ndfip2,0.104,-0.205,0.142,-0.012,0.25,0.154,0.344,-0.169,0.023,0.008,0.017,-0.005,-0.047
Ndn,-0.171,-0.014,-0.072,0.008,-0.095,-0.051,0.46,0.035,-0.071,0.064,-0.219,0.117,0.06
Ndor1,0.196,0.015,0.317,0.094,0.182,-0.212,-0.444,,0.132,0.231,0.148,0.033,-0.596
Ndrg1,-0.029,-0.329,-0.23,-0.055,-0.792,-0.055,-0.597,-0.328,-0.123,-0.009,0.205,0.17,-0.004
Ndrg2,-0.12,0.237,-0.321,0.016,0.422,0.041,-0.019,-0.205,-0.135,0.037,-0.021,-0.064,-0.021
Ndrg3,0.128,0.334,0.138,0.049,0.421,0.094,0.338,-0.103,0.044,0.11,0.192,0.164,0.172
Ndrg4,0.162,0.219,0.16,-0.018,0.652,0.263,0.157,0.063,0.056,0.143,0.203,0.207,0.235
Ndst1,-0.218,0.362,0.109,0.197,0.165,-0.185,0.066,-0.086,0.116,0.239,0.098,0.379,-0.07
Ndufa1,-0.001,-0.114,-0.028,-0.061,0.221,-0.037,-0.323,-0.032,-0.047,-0.08,0.058,-0.52,-0.062
Ndufa10,0.05,-0.044,-0.072,-0.063,0.006,0.049,-0.019,0.118,-0.001,-0.037,0.0,0.015,-0.022
Ndufa11,0.06,-0.008,-0.121,-0.024,0.419,-0.079,-0.111,0.014,-0.036,-0.093,-0.09,-0.13,0.061
Ndufa12,0.039,0.194,-0.143,-0.044,0.132,-0.03,-0.315,0.165,-0.066,-0.081,-0.081,-0.306,-0.043
Ndufa13,0.009,0.175,-0.037,-0.074,0.004,-0.053,-0.119,0.114,-0.026,-0.04,-0.127,-0.248,0.028
Ndufa2,0.01,-0.089,-0.132,-0.051,0.005,-0.027,-0.229,-0.091,-0.012,-0.122,-0.018,-0.205,0.043
Ndufa3,0.059,0.157,-0.061,-0.023,0.003,-0.085,-0.314,-0.122,-0.018,-0.086,-0.004,-0.388,0.039
Ndufa4,0.112,-0.023,-0.034,-0.007,0.278,0.015,0.035,0.081,-0.022,-0.07,0.019,-0.444,0.08
Ndufa5,-0.014,0.14,-0.079,-0.044,0.129,-0.01,-0.116,0.144,-0.044,-0.128,-0.067,-0.311,0.071
Ndufa6,-0.008,0.038,-0.102,-0.06,-0.043,-0.017,0.063,-0.127,-0.017,-0.158,-0.052,-0.426,-0.002
Ndufa7,-0.025,0.081,-0.18,-0.031,0.059,-0.04,-0.077,-0.371,-0.041,-0.135,-0.025,-0.421,0.029
Ndufa8,0.064,-0.032,-0.191,-0.024,0.193,-0.092,-0.012,-0.084,-0.069,-0.1,-0.029,-0.099,0.105
Ndufa9,0.161,0.115,0.035,-0.06,0.111,0.084,0.084,-0.136,-0.187,0.019,-0.112,-0.065,0.021
Ndufab1,-0.05,0.062,-0.202,-0.017,0.252,0.005,-0.164,0.037,-0.109,-0.133,-0.077,-0.165,0.017
Ndufaf1,0.079,0.283,-0.062,-0.032,-0.065,-0.038,0.56,-0.474,-0.121,-0.051,-0.11,-0.115,0.217
Ndufaf2,0.033,0.771,-0.005,-0.046,-0.161,0.083,0.05,0.05,-0.044,-0.134,-0.088,-0.452,-0.044
Ndufaf3,-0.053,0.052,-0.188,-0.101,-0.109,-0.078,0.111,-0.023,-0.039,-0.109,-0.086,-0.077,0.132
Ndufaf4,0.008,0.125,-0.049,-0.059,-0.167,-0.161,0.077,-0.741,0.083,-0.016,0.002,-0.154,0.059
Ndufb10,-0.019,0.283,-0.193,-0.054,0.13,-0.039,-0.068,0.001,-0.043,-0.126,-0.081,-0.482,-0.01
Ndufb11,0.038,-0.119,-0.135,-0.029,-0.07,-0.061,-0.018,0.057,-0.086,-0.098,-0.082,-0.27,0.017
Ndufb2,0.048,0.019,-0.128,-0.03,0.238,0.005,-0.306,0.004,-0.014,-0.127,-0.05,-0.283,0.104
Ndufb3,0.039,-0.165,-0.183,0.002,0.122,0.079,0.042,0.045,-0.027,-0.111,-0.025,-0.216,0.032
Ndufb4,0.014,0.146,-0.193,0.0,0.228,-0.066,-0.519,-0.049,-0.023,-0.15,-0.056,-0.25,0.11
Ndufb5,0.089,0.106,-0.045,-0.085,0.09,0.016,0.032,-0.0,0.001,-0.119,-0.001,-0.407,0.088
Ndufb6,0.026,-0.206,-0.171,-0.049,0.245,0.015,-0.044,-0.343,-0.101,-0.131,-0.133,-0.455,0.04
Ndufb7,-0.016,0.208,-0.188,-0.063,0.242,-0.058,-0.251,-0.06,-0.007,-0.092,-0.13,-0.21,0.068
Ndufb8,0.094,-0.039,-0.198,-0.063,0.227,-0.035,-0.101,0.057,-0.004,-0.128,-0.088,-0.401,0.072
Ndufb9,0.033,0.18,-0.226,-0.018,0.22,0.055,-0.02,-0.165,-0.032,-0.138,-0.061,-0.425,0.023
Ndufc1,0.096,-0.103,-0.129,-0.01,0.142,-0.029,-0.156,-0.21,-0.011,-0.133,-0.037,-0.4,0.046
Ndufc2,0.102,-0.245,-0.019,-0.034,0.167,0.016,0.275,-0.002,-0.038,-0.026,-0.087,-0.238,0.093
Ndufs1,0.08,-0.097,0.127,-0.005,-0.201,0.127,-0.057,-0.357,-0.122,0.182,-0.031,0.224,-0.017
Ndufs2,0.035,-0.105,-0.025,-0.107,0.23,0.011,-0.142,0.057,0.004,-0.057,-0.056,-0.18,0.033
Ndufs3,0.02,-0.008,-0.116,-0.032,0.265,0.15,-0.127,-0.06,-0.07,-0.066,-0.202,-0.109,-0.091
Ndufs4,0.031,0.081,-0.154,-0.021,0.085,0.009,0.034,-0.003,-0.03,-0.096,-0.164,-0.35,-0.074
Ndufs5,0.025,,-0.159,-0.018,0.247,-0.032,-0.211,0.059,-0.061,-0.121,-0.121,-0.31,0.079
Ndufs6,0.009,-0.115,-0.14,-0.016,0.108,0.034,-0.126,-0.077,-0.04,-0.138,-0.078,-0.217,-0.018
Ndufs7,0.044,-0.035,-0.062,-0.096,0.218,0.017,0.192,0.078,-0.079,-0.095,-0.125,-0.084,0.074
Ndufs8,0.081,0.155,-0.158,-0.02,0.203,0.069,0.089,-0.006,-0.039,-0.107,-0.164,-0.185,0.055
Ndufv1,-0.047,0.027,-0.123,-0.061,0.588,0.001,-0.014,0.019,-0.041,-0.004,-0.145,-0.135,0.1
Ndufv2,0.015,0.257,-0.172,-0.056,0.098,-0.134,-0.082,-0.103,-0.047,-0.114,-0.142,-0.181,0.018
Ndufv3,0.033,0.075,-0.188,-0.061,0.207,-0.029,-0.071,0.039,0.009,-0.12,0.008,-0.183,-0.001
Nebl,-0.096,-1.451,0.141,-0.26,-0.589,0.165,0.434,-0.33,0.094,-0.148,0.148,,
Necab1,-0.273,0.156,0.283,-0.446,1.339,0.039,0.567,0.441,0.054,0.104,0.318,0.234,-0.225
Necap1,0.151,-0.188,-0.014,-0.026,0.361,0.016,0.085,0.402,-0.056,-0.01,0.084,0.157,0.093
Necap2,-0.199,-0.191,-0.21,-0.237,-0.277,-0.138,-0.631,0.419,0.139,0.149,0.411,-0.207,-0.669
Nedd4,-0.011,0.391,0.035,0.035,-0.026,-0.015,0.376,-0.271,0.038,0.175,0.032,0.075,0.023
Nedd4l,0.093,0.519,0.127,0.033,0.544,0.014,0.229,-0.247,0.041,0.022,-0.095,-0.004,-0.094
Nedd8,-0.007,0.092,-0.155,-0.003,0.216,0.022,-0.119,0.148,-0.033,-0.127,0.032,-0.058,0.026
Nedd9,-0.966,-0.54,-0.259,-0.201,0.031,0.203,-0.062,0.254,0.253,-0.116,-0.008,0.73,-0.812
Nefh,0.134,0.295,0.243,-0.048,0.431,-0.233,0.423,0.227,0.192,0.059,0.08,0.206,-0.205
Nefl,0.101,0.054,0.026,-0.09,0.095,-0.025,0.317,0.062,0.141,0.05,0.103,,-0.121
Nefm,0.098,0.044,0.057,-0.058,-0.614,-0.283,0.289,0.078,0.077,0.085,0.106,,-0.967
Negr1,-0.039,-0.135,-0.119,0.034,-0.009,0.117,-0.035,0.577,-0.247,0.169,0.248,-0.096,-0.109
Nek1,-0.133,0.863,0.071,-0.044,0.441,0.092,0.368,0.058,-0.004,0.146,-0.005,-0.174,-0.051
Nek3,-0.2,-0.9,0.082,-0.255,0.404,0.198,,,0.115,-0.081,0.191,,-0.437
Nek4,-0.418,0.293,0.081,0.016,0.058,0.336,-0.853,0.303,0.007,0.149,0.166,0.07,
Nek6,0.301,-0.622,0.184,0.003,0.189,0.436,-0.56,-0.693,0.099,0.136,0.07,-0.171,
Nek7,0.089,0.101,0.136,-0.018,0.57,0.09,0.414,0.025,0.084,0.093,-0.076,-0.004,0.224
Nek8,0.035,-0.736,0.087,0.103,0.377,1.379,-1.513,0.185,0.387,0.099,0.203,-0.009,
Nek9,-0.023,-0.133,0.246,0.026,-0.023,0.239,-0.358,-0.002,0.145,0.251,0.087,0.017,-0.303
Nemf,-0.052,-0.13,0.037,-0.064,-0.049,-0.376,0.06,0.086,0.001,0.085,0.123,-0.009,0.012
Nenf,-0.005,-0.28,-0.098,-0.017,0.158,-0.042,-0.013,-0.064,0.022,-0.078,0.082,-0.25,0.013
Neo1,-0.986,-0.404,0.068,0.032,-0.403,0.091,0.378,-0.101,0.072,0.235,0.118,0.242,-0.031
Neto2,0.729,-0.33,-0.089,-0.075,-0.669,-0.207,-1.07,,0.013,0.042,0.202,-0.21,-0.179
Neu1,0.028,-0.423,0.27,0.017,0.4,-0.059,0.126,0.121,-0.056,0.09,-0.316,0.001,-0.06
Neurl1a,0.051,-0.084,0.065,-0.026,0.568,-0.056,0.29,0.111,0.143,0.234,0.103,0.105,-0.117
Neurl4,-0.049,0.668,0.105,0.024,0.49,0.275,-0.044,-0.144,0.016,0.248,0.088,0.04,-0.069
Nf1,0.344,-0.41,0.118,0.023,-0.119,0.071,0.435,0.119,0.053,0.184,0.103,0.209,0.038
Nf2,0.344,-0.013,0.011,-0.038,0.032,-0.063,-0.102,0.007,0.004,0.123,-0.096,0.089,-0.189
Nfasc,-0.072,-0.208,0.3,0.069,-0.55,0.014,0.782,0.13,0.102,0.253,-0.012,0.283,0.118
Nfat5,-0.207,-0.036,0.082,0.142,-0.099,0.04,0.457,-0.168,0.101,0.341,0.063,0.168,-0.144
Nfatc3,0.134,-0.056,0.117,0.062,-0.065,-0.259,0.319,-0.001,-0.17,0.263,0.183,0.198,
Nfe2l1,0.124,-0.219,0.295,0.131,0.176,0.154,0.199,-0.166,0.15,0.138,0.118,0.089,0.019
Nfe2l2,-0.168,-0.263,-0.059,-0.037,-0.411,0.137,-0.574,-0.279,0.043,0.101,0.012,-0.81,-0.339
Nfia,0.205,0.097,-0.013,-0.278,-1.479,0.117,-0.149,-0.724,-0.143,-0.142,0.321,0.342,-0.296
Nfib,-0.032,0.538,-0.157,-0.074,0.899,0.49,0.354,0.081,-0.226,0.141,0.249,0.209,-0.234
Nfic,0.096,0.02,0.081,0.073,0.498,-0.025,0.425,0.117,-0.024,0.06,0.18,0.131,-0.262
Nfil3,-0.6,1.015,-0.203,-0.202,-1.078,0.508,-0.258,0.281,-0.142,-0.082,-0.38,0.181,0.217
Nfkb1,0.403,-0.064,0.182,-0.094,0.012,0.433,-0.349,-0.06,0.089,0.144,0.153,0.013,-0.021
Nfkbia,0.089,0.892,-0.447,-0.124,-0.657,-0.288,-0.45,-0.336,0.02,-0.044,-0.111,-0.321,-0.449
Nfkbib,-0.152,0.061,-0.088,-0.046,-0.106,-0.036,-0.509,-0.161,-0.159,-0.028,-0.127,-0.17,-0.057
Nfkbie,-0.296,1.18,-0.116,0.085,1.968,0.304,-0.122,,0.199,0.138,0.263,,
Nfkbil1,-0.432,0.27,-0.139,0.082,0.332,0.202,-0.11,-0.027,-0.007,0.006,0.013,-0.011,-0.026
Nfrkb,0.222,1.558,0.039,0.099,-0.554,0.054,0.575,0.057,-0.15,0.04,-0.086,-0.206,-0.121
Nfs1,-0.085,0.323,0.003,-0.107,-0.138,0.226,-0.03,-0.418,0.034,0.103,-0.146,0.022,0.024
Nfu1,0.034,-0.512,-0.172,0.007,0.519,-0.015,0.283,-0.054,-0.09,-0.081,-0.059,-0.167,0.037
Nfx1,-0.055,0.905,0.057,0.029,-0.461,0.258,0.054,-0.095,-0.115,0.081,-0.024,0.017,-0.04
Nfxl1,0.214,0.539,0.183,0.389,-0.105,0.159,-1.769,0.626,0.11,-0.045,0.33,0.208,-0.476
Nfyb,-0.332,-0.527,-0.132,0.034,-0.168,-0.061,0.16,-0.138,0.064,-0.023,-0.193,-0.045,-0.331
Nfyc,0.059,-1.079,0.12,-0.124,-0.678,-0.715,-0.404,0.304,-0.027,0.069,0.079,0.053,0.007
Ngdn,0.008,-0.26,-0.144,-0.114,-0.152,-0.091,-0.107,-0.542,-0.009,-0.011,-0.364,-0.278,-0.058
Ngfr,-0.019,-0.262,0.421,0.034,0.837,0.259,0.406,-0.027,0.165,0.344,0.213,-0.697,-0.641
Ngly1,-0.265,-0.353,0.15,-0.081,0.251,-0.102,-0.028,-0.366,-0.011,0.022,-0.026,-0.011,-0.017
Ngrn,-0.007,0.628,-0.181,-0.075,-0.173,0.056,-0.073,-0.027,-0.078,-0.086,-0.074,0.048,0.276
Nhlrc1,0.359,2.128,0.06,0.242,1.407,-0.221,-0.08,,-0.041,-0.102,0.179,0.345,-1.268
Nhlrc2,0.687,-0.287,0.057,0.123,-0.693,-0.373,0.124,,0.25,0.054,0.009,0.133,0.284
Nhp2,-0.079,0.13,-0.186,-0.009,0.018,-0.053,-0.449,-0.198,-0.046,-0.11,-0.015,-0.314,-0.144
Nicn1,0.092,-0.577,-0.017,0.001,-0.12,0.191,0.08,0.026,-0.037,0.003,-0.024,-0.069,-0.166
Nif3l1,0.076,0.559,0.029,0.024,0.198,-0.498,0.165,,-0.061,0.109,0.136,0.059,0.146
Ninj1,0.111,-0.221,-0.054,-0.035,0.218,0.038,-0.399,0.031,0.109,-0.069,0.016,-0.414,-0.359
Nip7,-0.135,-0.006,-0.116,-0.055,-0.403,-0.06,-0.249,0.499,-0.123,-0.097,-0.002,-0.115,-0.019
Nipa1,-0.215,-0.215,0.149,0.008,0.393,0.139,1.048,-0.132,0.098,0.077,-0.139,-0.036,-0.15
Nipa2,-0.05,-1.56,0.148,0.026,0.112,-0.061,0.309,0.308,0.021,0.02,-0.069,-0.083,-0.166
Nipal2,-0.05,-0.916,0.275,-0.012,-0.048,-0.714,0.886,-0.017,0.063,-0.011,-0.149,,
Nipal3,-0.097,0.081,0.126,0.197,0.234,0.437,0.339,-0.173,-0.011,0.23,0.07,0.284,-0.066
Nipbl,0.008,1.045,0.061,-0.008,-0.494,-0.241,-0.069,-0.422,-0.067,0.071,-0.022,-0.034,0.021
Nipsnap1,-0.113,0.402,-0.119,-0.025,0.0,0.079,0.264,0.389,-0.006,-0.065,-0.022,-0.109,0.257
Nipsnap3b,-0.012,0.62,-0.236,0.01,0.425,0.048,-0.217,-0.284,-0.005,-0.097,-0.103,-0.098,-0.077
Nisch,0.168,-0.118,0.079,-0.023,-0.02,0.034,0.211,0.053,0.026,0.177,0.028,0.084,0.015
Nit1,0.036,,-0.025,0.015,-0.478,-0.163,0.065,0.279,-0.0,-0.047,-0.077,-0.102,-0.092
Nit2,-0.056,0.778,-0.092,-0.047,-0.263,0.128,0.249,0.251,-0.123,-0.039,-0.228,-0.618,-0.02
Nkain2,-0.318,-1.241,0.239,-0.715,1.469,0.276,-0.648,,0.393,-0.106,0.17,0.511,0.264
Nkain4,-0.133,-1.576,-0.145,-0.118,-1.041,-0.369,-0.609,,-0.266,-0.062,-0.025,,-0.078
Nkap,-0.008,-0.514,-0.193,0.091,0.257,-0.059,0.101,-0.37,-0.076,-0.061,-0.081,-0.031,-0.091
Nkiras1,0.036,0.184,-0.04,0.018,0.631,0.123,0.298,0.04,-0.117,-0.077,-0.01,0.004,0.097
Nkiras2,0.455,,0.079,0.086,-0.266,-0.037,-0.347,0.927,-0.101,-0.148,-0.083,-0.011,0.116
Nkrf,0.072,0.277,0.15,-0.001,0.385,-0.025,-0.565,0.179,0.033,0.179,-0.127,0.011,-0.451
Nktr,-0.075,-0.391,0.143,-0.024,-0.385,-0.14,0.064,0.042,-0.006,0.202,0.038,-0.015,-0.191
Nle1,0.315,,-0.063,-0.19,-0.374,-0.78,-0.069,,-0.222,0.153,-0.141,-0.025,-0.188
Nlgn1,0.293,0.216,0.185,-0.241,1.453,0.87,-1.133,,0.113,0.091,-0.44,0.453,0.313
Nlgn2,0.096,-0.311,0.431,0.059,-0.067,0.123,0.507,-0.289,0.037,0.187,0.047,0.359,0.105
Nlgn3,0.124,-0.095,0.093,-0.027,0.31,0.087,0.268,-0.189,-0.006,0.265,0.165,0.383,0.089
Nlk,0.107,-0.022,0.109,0.099,-0.061,0.136,0.573,-0.036,-0.051,0.192,0.145,0.023,-0.315
Nln,-0.207,0.034,0.024,0.086,0.31,0.071,0.352,0.536,0.071,0.067,0.097,0.01,-0.749
Nmb,-0.109,-0.289,0.381,-0.039,-1.056,0.361,-0.481,,-0.022,-0.07,0.026,,
Nmd3,-0.091,-0.37,0.101,0.017,0.065,-0.036,0.185,-0.138,-0.053,0.062,-0.096,0.057,-0.168
Nme1,0.074,-0.102,-0.128,-0.024,0.062,0.016,-0.082,0.03,0.016,-0.105,-0.078,-0.335,-0.004
Nme2,0.045,0.036,-0.241,0.013,0.145,0.036,-0.711,,0.015,-0.239,-0.14,-0.399,-0.082
Nme3,0.061,0.168,-0.208,-0.019,0.852,-0.571,-0.586,,-0.294,-0.357,-0.184,,0.129
Nme4,0.347,1.42,0.009,-0.055,-0.782,0.129,,,-0.106,-0.015,-0.268,,-0.473
Nme5,-0.276,-1.985,0.089,-0.03,0.136,-0.073,,,0.089,-0.049,0.463,-0.363,0.243
Nme6,0.013,-0.15,0.018,0.01,0.612,0.176,-0.197,-2.263,-0.156,-0.064,0.065,-0.492,0.072
Nme7,-0.071,0.089,0.313,0.207,0.229,0.066,0.674,0.444,-0.047,0.077,-0.278,0.077,0.211
Nmi,-0.376,-1.926,-0.03,0.05,1.084,-0.74,-1.096,-1.021,-0.031,-0.048,0.07,-0.312,-0.72
Nmnat2,0.152,-0.099,0.236,0.078,0.597,0.123,0.285,0.257,0.119,0.289,0.202,0.074,0.098
Nmral1,-0.172,,-0.315,0.025,-1.105,-0.234,,,-0.123,-0.065,-0.042,-0.187,0.082
Nmt1,-0.083,-0.457,0.113,0.075,-0.024,-0.142,0.141,-0.064,0.036,0.039,-0.02,-0.264,-0.02
Nmt2,0.154,-0.39,0.106,-0.005,0.138,0.047,0.157,0.041,0.06,0.081,0.155,-0.344,-0.206
Nnat,-0.576,0.812,-0.192,-0.111,0.058,-0.018,0.024,0.087,-0.031,-0.006,-0.191,-0.211,-0.093
Noa1,-0.143,-0.893,0.041,0.032,0.203,-0.163,0.093,,-0.168,0.184,-0.16,-0.146,0.051
Nob1,0.109,0.099,-0.014,-0.02,-0.393,-0.064,-0.253,-0.339,-0.036,0.104,-0.037,-0.001,-0.065
Noc3l,0.468,-0.865,-0.001,0.08,0.213,-0.234,0.301,-0.917,0.358,0.005,-0.091,-0.061,-0.667
Noc4l,-0.112,0.395,-0.023,0.069,0.249,0.113,-0.267,-0.039,-0.092,0.022,-0.525,0.095,-0.038
Nol10,0.105,0.061,0.193,0.101,-0.238,0.141,0.726,-0.021,0.04,0.014,0.092,0.257,-0.789
Nol11,0.22,0.764,-0.012,0.044,-0.068,0.131,0.083,-0.044,0.008,0.023,-0.053,-0.119,-0.072
Nol12,0.163,-0.463,-0.192,-0.048,0.317,0.016,-0.207,0.022,-0.086,-0.046,-0.116,-0.01,0.101
Nol3,0.012,0.409,-0.176,-0.049,0.73,-0.246,-0.123,0.087,-0.048,-0.068,-0.02,-0.378,-0.077
Nol6,0.367,0.854,0.121,-0.046,0.015,-0.109,0.283,0.45,0.078,0.116,0.093,-0.015,-0.079
Nol7,-0.001,0.213,-0.201,-0.044,-0.368,-0.255,0.213,-0.47,-0.091,-0.126,-0.123,-0.279,-0.021
Nol8,0.254,0.322,-0.038,-0.036,0.493,0.104,0.309,-0.045,0.094,0.016,0.176,0.051,0.402
Nol9,-0.65,0.637,0.19,0.216,0.312,0.379,-0.095,,0.014,-0.06,0.233,0.106,-0.964
Nolc1,-0.012,-0.65,-0.087,-0.024,-0.52,-0.088,-0.084,-0.452,0.027,0.045,0.074,0.036,0.128
Nom1,-0.076,0.75,0.028,-0.01,0.037,0.54,-0.001,-0.403,0.074,0.053,-0.088,0.176,-0.128
Nomo1,-0.138,-0.197,0.206,0.004,0.12,-0.023,0.375,-0.317,0.067,0.304,0.121,0.341,-0.019
Nono,-0.101,-0.142,-0.086,-0.058,-0.298,-0.012,0.248,-0.214,-0.05,0.056,-0.055,0.09,-0.013
Nop10,0.034,-0.28,-0.148,-0.008,0.146,0.177,-0.063,-0.146,0.008,-0.125,0.066,-0.255,-0.007
Nop14,-0.081,0.189,-0.062,0.029,0.176,0.05,0.228,0.177,-0.1,-0.02,-0.009,-0.064,0.022
Nop16,-0.043,-0.163,-0.154,0.029,-0.397,0.138,-0.003,-0.43,-0.087,-0.088,-0.104,-0.101,0.202
Nop2,-0.116,-1.279,-0.068,0.022,0.157,0.015,-0.348,-1.095,-0.108,0.12,0.108,0.092,-0.563
Nop56,0.093,0.563,0.111,-0.029,-0.246,-0.004,-0.258,-0.101,-0.029,0.108,-0.082,0.022,0.06
Nop58,-0.041,0.275,-0.12,0.012,-0.351,-0.135,-0.112,-0.028,-0.021,-0.048,-0.15,-0.022,-0.086
Nos1ap,0.656,-0.301,0.02,-0.029,-0.75,0.292,,-0.395,0.161,-0.037,0.081,0.26,0.018
Nos3,-0.18,-3.343,-0.123,-0.104,-0.429,-0.764,0.006,,-0.099,-0.035,-0.146,-0.163,-0.364
Nosip,0.037,0.476,-0.105,-0.0,-0.169,-0.024,-0.076,-0.403,-0.041,-0.025,-0.163,0.124,0.042
Npat,-0.073,-0.239,0.088,0.068,0.143,-0.179,0.892,0.415,0.223,0.157,0.05,-0.053,0.529
Npc1,0.209,-1.376,0.111,-0.101,-0.123,0.137,0.418,0.117,0.231,0.213,0.192,0.01,-0.257
Npc2,-0.019,0.305,-0.033,-0.039,0.017,0.026,0.037,-0.082,-0.016,0.002,0.126,-0.121,-0.105
Npdc1,0.049,0.204,0.097,-0.009,0.16,0.068,0.099,0.172,-0.042,0.02,-0.003,-0.073,-0.092
Npepl1,0.538,0.119,-0.162,-0.359,-0.286,-0.08,-0.292,-0.504,-0.049,-0.029,0.087,0.098,0.026
Npepps,0.1,0.101,0.136,0.015,-0.092,0.281,0.182,0.028,0.009,0.126,0.08,-0.077,-0.087
Nphp1,0.06,-0.502,-0.028,0.033,-0.367,0.102,,,0.262,0.034,-0.084,0.056,0.015
Nphp3,-0.33,0.785,0.088,-0.574,-1.596,0.002,,0.215,0.138,0.265,0.213,0.03,
Nploc4,0.345,-0.499,0.158,-0.014,0.07,0.123,-0.089,0.016,0.056,0.171,0.048,0.017,-0.063
Npm1,-0.001,-0.047,-0.236,-0.051,-0.286,-0.152,-0.111,-0.03,-0.023,-0.103,-0.035,-0.16,-0.083
Npr2,0.013,0.428,0.154,0.128,-0.094,-0.201,0.431,-0.155,0.021,0.262,0.128,0.26,-0.394
Nprl2,0.232,-0.836,0.038,0.013,0.505,-0.146,-0.168,0.548,-0.056,0.13,-0.269,0.022,0.125
Nprl3,0.469,0.385,0.065,-0.06,-0.085,0.31,0.057,-0.608,0.068,0.066,-0.114,0.21,-0.183
Nptn,-0.048,0.116,0.256,0.011,0.101,-0.051,0.34,0.115,0.069,0.073,0.13,0.066,0.019
Nptxr,0.364,,0.151,0.216,0.326,0.273,0.327,0.122,0.08,0.352,0.198,0.215,-0.126
Nqo1,0.005,-1.272,0.251,0.236,1.647,0.319,-1.086,,0.095,0.156,0.131,,
Nqo2,-0.09,-0.211,0.1,-0.023,-0.07,0.251,-0.172,-0.028,-0.029,-0.005,-0.015,-0.043,-0.262
Nr1d1,0.047,2.238,-0.056,-0.424,-0.677,-0.265,0.229,0.676,-0.186,0.169,-0.337,0.246,
Nr1d2,0.05,-0.235,0.185,-0.034,-0.204,0.058,0.323,0.215,0.22,0.115,0.237,0.327,0.236
Nr1h2,-0.068,-0.704,-0.011,-0.046,-0.077,-0.519,-0.112,0.076,-0.017,0.023,-0.132,0.28,-0.021
Nr2c1,0.776,0.272,0.126,-0.095,0.343,0.186,0.17,,-0.332,0.239,-0.207,-0.145,-0.444
Nr2c2,0.006,0.076,0.076,0.059,0.069,0.161,0.376,0.122,0.026,0.153,0.087,0.204,-0.014
Nr2c2ap,0.038,1.121,-0.181,0.026,0.426,-0.049,-0.214,-0.119,-0.085,-0.1,-0.006,-0.249,-0.004
Nr2f2,0.386,0.2,-0.315,-0.663,2.099,0.264,-1.029,-1.698,-0.244,0.1,0.195,-0.688,-0.657
Nr2f6,0.003,0.251,0.008,0.098,0.743,-0.348,-0.123,-0.409,0.008,0.0,0.108,-0.223,-0.228
Nr3c1,-0.011,-0.843,-0.255,-0.044,0.037,0.461,0.076,0.481,0.002,0.022,0.189,0.095,-0.533
Nr4a1,0.463,0.813,-0.562,-0.23,-0.769,-0.162,-0.427,-0.355,-0.069,-0.093,-0.147,0.134,-0.523
Nras,0.015,0.063,0.07,0.011,0.04,0.183,-0.049,0.239,0.054,0.048,0.049,0.022,-0.114
Nrbf2,0.185,-2.337,-0.111,0.049,0.421,-0.243,-0.227,0.069,-0.023,-0.077,-0.061,-0.167,0.09
Nrbp1,-0.043,0.402,0.009,-0.023,0.066,0.005,-0.051,-0.11,-0.108,0.1,-0.124,-0.017,0.063
Nrbp2,-0.216,-0.229,0.003,0.083,-0.166,0.338,0.085,0.089,0.041,0.216,0.072,0.208,0.101
Nrcam,0.285,-0.066,0.2,0.118,0.377,0.171,0.486,0.333,0.173,0.377,0.232,0.454,-0.638
Nrd1,-0.241,-0.295,0.114,0.079,-0.446,0.051,0.422,0.059,0.028,0.024,0.042,-0.002,-0.149
Nrf1,0.659,0.141,0.082,-0.209,-0.535,-0.245,0.016,0.361,-0.091,0.155,0.088,0.212,-1.066
Nrg1,0.114,1.122,0.115,0.111,0.137,0.029,0.787,-0.151,0.33,0.203,0.168,-0.021,-1.563
Nrg3,-0.013,0.427,0.044,-0.288,-1.06,0.073,0.266,0.177,0.126,0.364,-0.185,0.26,-0.229
Nrip1,-0.481,-0.894,-0.065,-0.122,0.652,-0.139,0.246,-0.105,-0.107,0.057,0.028,-0.048,-0.13
Nrip2,-0.08,0.265,-0.138,-0.12,-0.033,-0.083,-0.131,-0.198,0.264,0.116,0.013,-0.155,0.86
Nrip3,0.536,0.979,0.199,-0.018,0.877,0.269,0.224,-0.289,0.145,-0.052,0.051,-0.53,-0.706
Nrn1,0.092,0.01,-0.086,0.19,-0.895,-0.375,0.424,0.083,,0.184,-0.491,-0.946,
Nrp1,0.132,-0.488,-0.856,0.122,0.28,0.052,0.559,-0.07,0.085,0.557,-0.361,-0.101,-0.613
Nrsn1,-0.096,0.251,0.088,0.026,0.483,-0.052,0.445,0.138,0.071,-0.002,-0.238,-0.147,0.095
Nrsn2,-0.041,0.012,-0.214,-0.015,0.535,-0.043,0.14,0.055,-0.037,0.029,0.191,-0.208,0.561
Nrxn1,0.126,0.391,0.108,0.07,0.146,0.167,0.667,-0.096,0.061,0.152,0.077,-0.078,-0.086
Nrxn3,-0.032,-0.186,0.199,0.173,0.608,0.465,-0.339,-0.442,0.121,0.096,0.247,0.522,0.242
Nsa2,-0.11,0.292,-0.17,-0.042,-0.313,0.026,-0.047,-0.072,-0.026,-0.107,-0.061,-0.219,0.059
Nsd1,0.148,-0.54,0.072,0.019,-0.055,-0.125,0.555,0.076,0.007,0.062,0.041,0.028,-0.088
Nsdhl,0.048,0.202,-0.023,0.063,0.209,-0.061,0.283,-0.704,0.019,0.064,0.021,0.021,0.047
Nsf,0.034,0.09,0.004,0.07,0.26,0.101,0.182,0.009,0.029,0.113,0.166,0.339,0.271
Nsfl1c,-0.19,0.03,-0.178,0.058,0.196,0.155,0.064,0.04,-0.092,-0.026,-0.117,0.04,0.077
Nsg1,-0.334,1.026,0.216,-0.04,0.227,-0.017,0.35,0.046,-0.047,0.023,-0.03,-0.363,-0.061
Nsg2,-0.045,-0.019,-0.174,-0.026,0.073,0.018,0.227,0.036,0.001,0.217,-0.006,0.262,-0.126
Nsmaf,-0.01,0.103,0.329,-0.012,-0.747,0.246,-0.391,0.157,0.06,0.333,0.093,0.008,-0.267
Nsmce1,0.04,0.225,-0.258,-0.154,-0.177,0.019,-0.022,-0.405,-0.114,-0.009,-0.289,-0.222,0.031
Nsmce2,0.132,-0.067,-0.009,-0.027,-0.217,-0.199,-0.059,0.224,-0.05,-0.089,-0.048,-0.091,0.208
Nsmce4a,-0.033,-0.492,-0.222,0.012,-0.644,0.06,-0.037,0.171,-0.12,-0.052,-0.263,0.011,-0.059
Nsun2,-0.073,0.217,0.11,0.052,-0.153,0.139,-0.012,0.026,0.006,0.023,-0.015,0.009,-0.167
Nsun3,-0.723,,0.106,-0.144,-0.007,-0.127,-0.592,,-0.136,0.123,0.044,-0.033,0.215
Nsun4,0.015,-0.578,0.134,0.036,1.065,-0.164,0.064,-0.308,0.059,0.158,0.116,-0.131,-0.208
Nsun5,-0.122,-0.519,0.175,-0.159,-0.162,0.092,-0.626,0.189,-0.043,0.105,0.022,0.014,-0.195
Nsun6,-0.29,0.984,0.116,-0.095,-0.425,-0.113,-0.443,-0.401,0.209,0.031,-0.033,-0.156,-0.703
Nt5c,0.003,-0.242,-0.168,-0.039,0.757,0.035,-0.169,-0.395,-0.173,-0.091,-0.201,-0.304,-0.047
Nt5c2,0.375,-0.157,0.086,-0.087,-0.085,0.126,0.041,0.064,0.05,0.052,0.054,0.045,-0.2
Nt5c3,-0.031,-0.202,-0.057,-0.042,0.087,-0.032,0.449,-0.41,-0.042,0.002,-0.043,0.011,0.118
Nt5dc2,-0.124,1.61,-0.187,0.19,-0.193,-0.059,0.4,-0.035,0.013,0.129,-0.231,0.082,-0.149
Nt5dc3,-0.024,0.206,0.042,0.109,0.115,0.128,0.126,0.002,0.054,0.201,-0.004,0.13,0.197
Nt5m,0.159,0.178,-0.16,-0.078,0.227,0.005,0.314,0.088,-0.042,-0.13,-0.108,-0.236,0.199
Ntan1,0.064,-0.399,-0.098,0.0,0.188,-0.205,-0.008,-0.302,-0.081,-0.136,-0.096,-0.353,-0.06
Ntng1,0.347,0.751,-0.344,-0.052,0.899,0.372,0.654,0.153,0.565,0.026,0.438,-0.636,-0.13
Ntpcr,0.115,-0.243,-0.128,0.022,0.629,0.306,0.145,0.047,0.039,-0.03,-0.142,-0.1,0.093
Ntrk2,0.037,-0.165,0.12,-0.052,0.286,-0.508,-0.108,-0.146,0.058,0.245,0.692,,
Ntrk3,0.842,0.156,0.093,-0.192,0.739,-0.105,-0.949,0.325,0.109,0.243,0.185,0.275,0.003
Nub1,-0.059,0.355,-0.045,-0.057,-0.046,-0.029,-0.012,0.048,-0.003,0.06,0.063,-0.007,0.03
Nubp1,0.11,-1.266,-0.052,-0.047,-0.341,-0.403,-0.19,-0.603,0.027,-0.073,-0.263,-0.143,-0.205
Nubp2,-0.196,-0.007,0.028,0.019,0.426,0.265,-0.076,0.138,0.026,-0.069,-0.077,-0.028,0.069
Nubpl,-0.006,-0.642,-0.035,0.042,-0.325,0.149,-0.181,,-0.234,-0.123,-0.067,-0.24,0.246
Nucb1,-0.046,-0.176,0.318,-0.06,-0.153,0.046,0.277,0.061,-0.051,0.173,0.097,0.042,0.076
Nucb2,0.389,1.148,-0.028,0.015,-0.34,0.146,0.305,-0.303,0.144,0.221,0.02,-0.163,-0.194
Nucks1,0.024,-0.14,-0.125,0.031,-0.333,-0.058,0.349,0.012,0.073,-0.044,-0.003,0.07,0.071
Nudc,-0.045,0.284,-0.185,-0.044,-0.121,-0.125,0.01,0.007,-0.132,-0.062,-0.231,-0.014,0.017
Nudcd1,0.062,0.123,0.139,-0.236,0.131,0.135,0.607,-0.058,0.031,0.181,0.212,0.056,-0.221
Nudcd2,0.003,0.834,-0.197,0.05,-0.095,-0.257,0.081,-0.107,-0.092,-0.056,-0.181,-0.157,-0.121
Nudcd3,-0.081,-0.701,0.12,0.012,0.184,-0.064,-0.035,0.143,0.054,0.096,0.045,-0.144,0.021
Nudt1,-0.03,-2.092,-0.151,0.035,-0.098,0.411,-1.529,,-0.066,0.031,-0.218,-0.334,-0.117
Nudt10,-0.503,0.526,0.049,0.131,0.251,0.077,0.078,-0.644,-0.048,-0.08,-0.008,-0.027,0.085
Nudt11,-0.198,0.62,-0.033,0.022,0.144,-0.032,0.22,0.016,0.064,0.061,0.115,0.007,0.115
Nudt12,0.049,,0.067,-0.387,0.151,0.154,-0.56,,0.105,0.059,0.347,0.149,
Nudt13,0.294,-1.075,0.071,0.076,-0.661,0.295,0.231,0.233,0.068,-0.105,-0.15,-0.028,0.136
Nudt14,0.053,0.152,-0.163,-0.014,0.391,0.079,-0.018,,-0.177,-0.029,-0.296,-0.078,-0.201
Nudt16,-0.151,-0.31,-0.026,0.003,0.161,0.31,-0.5,0.157,-0.016,-0.123,-0.019,0.159,-0.062
Nudt16l1,0.19,-0.042,-0.118,-0.053,-0.136,-0.02,-0.135,-0.298,-0.038,0.035,0.052,-0.216,-0.087
Nudt17,0.122,0.399,-0.148,0.119,0.366,0.652,0.009,0.237,-0.152,-0.022,0.003,-0.28,0.305
Nudt18,-0.05,-0.081,-0.046,-0.185,0.231,-0.067,0.046,0.131,0.007,-0.06,0.026,-0.131,-0.051
Nudt19,-0.091,-0.058,-0.148,0.047,0.444,-0.026,0.266,-0.176,0.04,-0.075,0.02,-0.039,0.002
Nudt2,-0.028,0.132,-0.138,-0.059,-0.077,-0.199,0.074,0.002,-0.188,-0.08,-0.049,-0.347,0.113
Nudt21,-0.13,-0.824,0.008,-0.025,-0.038,0.003,-0.017,-0.004,0.009,0.075,0.042,-0.102,-0.007
Nudt22,0.439,-0.719,-0.092,-0.153,-0.36,-0.597,-0.209,,-0.115,0.011,-0.079,-0.017,-0.348
Nudt3,0.151,-0.033,0.169,-0.053,-0.212,-0.056,-0.069,0.062,0.029,0.077,0.111,0.277,-0.345
Nudt4,-0.012,0.124,-0.004,-0.005,0.02,0.121,-0.374,-0.668,0.068,-0.122,0.251,0.001,-0.126
Nudt5,0.086,-1.792,0.017,0.121,-0.072,-0.151,0.084,0.114,-0.149,-0.01,-0.087,-0.062,0.061
Nudt6,-0.558,,0.013,0.212,0.795,0.654,0.203,,0.123,-0.021,-0.075,,-0.956
Nudt7,0.217,-0.182,0.086,-0.232,0.94,0.04,-0.818,,-0.02,-0.002,-0.225,0.114,-0.04
Nudt8,0.168,-0.094,-0.166,-0.064,0.684,-0.223,,,0.021,-0.154,-0.049,-0.052,-0.382
Nudt9,-0.173,0.268,-0.078,-0.147,0.101,0.007,-0.13,-0.429,-0.091,-0.08,0.072,-0.011,0.008
Nufip1,0.069,1.398,-0.151,0.049,-0.26,-0.105,0.254,-0.141,-0.064,0.072,0.078,-0.126,0.024
Nufip2,0.197,-0.268,0.103,0.037,-0.102,-0.143,0.484,0.176,0.051,0.084,0.198,0.035,0.222
Numa1,-0.128,0.094,0.026,-0.134,-0.445,0.013,0.309,-0.373,0.074,0.138,0.007,0.259,-0.285
Numb,0.004,0.363,0.034,-0.032,-0.153,0.089,0.167,0.035,-0.12,-0.015,0.38,0.101,-1.16
Numbl,-0.177,0.125,-0.035,0.029,0.249,0.036,0.301,0.359,0.062,0.029,0.017,0.11,-0.087
Nup107,-0.164,-0.723,0.051,-0.242,-0.293,0.229,0.206,,0.205,0.132,0.003,0.116,-0.906
Nup133,0.041,-0.574,0.109,-0.216,-0.271,0.224,0.198,0.587,0.156,0.149,-0.148,0.027,0.183
Nup153,0.277,0.17,0.036,0.085,-0.563,-0.045,-0.28,-0.187,-0.251,0.154,0.173,0.148,0.007
Nup155,0.455,0.284,0.236,0.194,-0.263,-0.196,-0.11,0.274,0.031,0.177,0.118,0.364,-0.454
Nup160,-0.293,-0.376,0.246,-0.116,-0.244,0.077,,,0.084,0.2,0.039,-0.167,
Nup205,-0.67,0.33,0.18,0.297,-0.198,-0.067,-0.005,,0.142,0.065,0.243,0.001,
Nup214,-0.185,0.713,-0.058,0.247,0.2,0.093,0.172,0.381,0.127,0.041,-0.07,-0.009,-0.227
Nup35,0.01,1.245,0.036,-0.164,-0.218,-0.038,0.043,,-0.14,-0.029,-0.088,-0.043,-0.147
Nup37,0.189,0.236,-0.126,0.137,-0.888,-0.782,,,-0.198,0.035,-0.203,-0.111,-0.525
Nup43,0.086,-0.218,-0.049,-0.011,-0.539,-0.196,0.11,,0.006,-0.044,-0.07,-0.194,0.257
Nup50,0.035,0.051,0.018,0.029,0.145,-0.244,-0.053,-0.843,0.083,0.216,-0.004,0.012,-0.051
Nup54,0.122,-1.606,0.057,-0.132,-0.03,-0.096,-0.018,-0.441,-0.122,-0.145,-0.203,0.02,-0.303
Nup62,-0.516,0.411,-0.138,-0.046,-0.563,0.093,0.104,-0.126,-0.061,0.131,0.116,0.375,0.261
Nup85,0.238,0.446,0.148,-0.034,-0.348,-0.252,0.133,0.489,-0.101,0.186,-0.326,-0.18,0.075
Nup88,0.213,-0.154,0.088,-0.012,0.011,0.012,0.077,0.325,-0.089,0.16,-0.114,0.093,-0.137
Nup93,-0.077,-0.231,0.116,-0.234,0.566,0.338,0.426,0.106,0.06,0.305,0.217,0.088,-0.335
Nup98,-0.485,-0.94,0.017,0.118,-0.539,-0.163,0.119,0.48,-0.104,0.019,-0.002,0.004,
Nupl2,0.212,0.537,0.053,-0.154,-0.404,-0.444,,,-0.212,-0.112,-0.155,0.05,-0.039
Nus1,0.016,0.617,0.152,0.052,0.087,0.025,0.11,0.247,0.109,0.106,0.121,0.234,-0.27
Nutf2,0.123,0.096,0.068,-0.062,0.309,0.892,,,0.054,-0.144,-0.251,0.147,-0.069
Nvl,0.104,-0.046,0.079,0.061,-0.063,0.115,0.339,-0.375,0.208,0.065,0.069,-0.168,0.234
Nxf1,-0.195,-0.053,0.188,0.085,-0.153,0.093,-0.249,0.099,-0.017,0.068,-0.124,-0.145,0.054
Nxn,-0.026,0.568,-0.171,0.1,0.817,-0.078,0.036,-0.132,0.375,0.127,0.124,-0.413,-0.531
Nxt1,-0.031,-0.308,-0.098,-0.062,-0.617,0.275,-0.472,,0.051,-0.063,-0.331,-0.148,-0.089
Nxt2,-0.212,-0.4,0.006,-0.418,-0.043,0.889,-0.405,,-0.094,-0.09,0.184,-0.204,-0.234
Oas1c,0.182,0.689,-0.067,-0.206,1.918,0.47,-0.207,0.107,0.023,-0.002,0.032,0.163,-0.277
Oasl2,0.235,0.137,-0.405,0.076,0.155,0.174,0.027,0.302,0.005,0.048,-0.001,0.048,-0.534
Oat,0.051,-0.345,-0.149,-0.038,0.264,0.065,-0.235,-0.27,-0.019,0.021,-0.034,0.005,-0.089
Oaz1,0.026,,-0.181,0.002,0.097,0.007,-0.047,-0.046,-0.027,-0.115,0.052,-0.26,0.068
Ociad1,0.003,-0.277,0.131,-0.038,0.093,0.014,0.263,-0.064,-0.039,-0.001,-0.002,0.072,-0.092
Ociad2,-0.203,0.658,0.095,-0.063,-0.09,0.071,-0.928,0.467,-0.048,-0.254,0.375,-0.278,0.071
Ocrl,-0.069,-0.38,0.142,0.09,0.285,0.248,0.269,0.174,0.189,0.125,0.15,0.066,0.019
Odc1,-0.26,1.011,-0.104,-0.059,-0.514,-0.138,-0.517,0.335,0.004,-0.036,0.064,-0.073,-0.265
Odf2,-0.091,0.548,0.086,0.132,-0.541,0.266,0.214,0.054,-0.065,0.169,0.059,0.117,-0.106
Odf2l,0.156,-1.315,-0.054,-0.034,-0.775,0.054,0.181,-0.148,-0.007,0.149,-0.19,-0.021,0.038
Ofd1,0.145,-1.139,0.055,0.008,-0.257,0.064,0.557,,-0.141,-0.13,0.008,-0.234,-0.517
Ogdh,0.037,0.255,0.095,0.041,0.086,0.099,0.064,0.077,0.097,0.109,0.09,0.264,0.092
Ogfod1,0.177,0.703,0.054,0.1,1.235,0.118,0.183,0.045,0.187,0.16,0.109,0.107,
Ogfod2,0.073,-0.157,-0.019,0.013,0.13,0.307,-0.401,0.407,0.025,-0.039,0.051,-0.178,-0.044
Ogfr,0.448,0.386,0.026,-0.072,-0.123,-0.038,-0.266,-0.344,-0.075,0.017,-0.062,0.077,0.156
Ogfrl1,0.071,-0.27,0.071,0.005,0.351,-0.106,0.729,-0.578,0.128,0.018,0.22,0.198,-0.008
Ogt,0.209,0.133,0.249,-0.031,-0.16,0.043,0.153,0.09,-0.018,0.277,0.03,0.009,0.155
Ola1,-0.02,-0.105,-0.111,0.038,0.235,-0.04,0.314,0.384,-0.044,-0.057,0.026,-0.057,-0.038
Olfm1,0.043,0.124,0.115,-0.008,0.628,0.13,0.298,0.026,0.109,0.029,0.065,-0.132,0.143
Olfm2,-0.618,,-0.017,0.031,0.834,0.11,0.327,-0.046,-0.037,0.133,0.175,,0.055
Olfm3,-0.136,-0.265,0.757,-0.381,-0.347,-0.083,0.714,,-0.006,-0.224,-0.38,,0.813
Olfml2b,0.275,-0.082,,-0.16,1.651,0.401,-0.234,-0.431,-0.035,0.369,0.444,0.304,-0.018
Olfml3,0.087,0.003,-0.177,,0.107,,-0.7,,-0.122,0.321,-0.215,0.665,0.055
Oma1,0.182,-0.059,0.223,-0.296,-0.003,0.314,0.263,,-0.204,0.029,0.394,-0.115,-0.102
Omg,-0.003,-0.439,0.374,0.009,1.216,0.086,0.399,0.537,-0.047,0.249,0.031,-0.209,-0.21
Onecut2,0.128,0.745,0.174,-0.131,-1.809,-0.46,1.116,0.303,0.032,,-0.177,,
Opa1,-0.042,0.097,0.2,0.09,-0.095,0.066,0.515,0.016,0.098,0.064,0.178,0.119,-0.248
Opa3,0.164,-0.203,0.031,-0.043,-0.097,-0.205,0.473,0.05,-0.016,0.111,0.1,-0.071,-0.013
Ophn1,-0.312,0.527,0.12,0.006,-0.035,0.064,0.391,0.647,-0.073,0.002,0.159,0.349,0.534
Oplah,-0.529,-0.182,0.121,0.112,0.465,-0.038,0.31,0.24,0.089,0.221,-0.018,0.215,-0.192
Oprl1,2.261,8.436,8.526,9.118,8.562,8.746,9.466,10.387,8.656,8.114,8.431,10.033,10.08
Optn,0.077,0.238,-0.039,-0.071,-0.22,0.094,0.49,-1.075,0.092,0.076,-0.038,0.276,-0.195
Orai1,-0.12,0.255,0.035,-0.292,-0.438,-0.47,-0.765,0.38,-0.07,0.136,-0.158,-0.058,-0.021
Orai3,-0.178,-0.448,-0.034,-0.054,0.037,-0.402,0.465,,-0.138,-0.007,-0.264,-0.205,-0.271
Orc2,0.329,0.509,-0.019,0.049,-0.419,-0.065,0.356,0.002,-0.014,-0.074,-0.08,-0.065,0.069
Orc3,-0.068,-0.112,0.198,0.138,-0.189,-0.119,-2.157,-0.077,-0.026,0.03,-0.041,-0.083,0.201
Orc4,-0.023,-0.004,0.087,-0.049,-0.356,-0.179,0.327,0.225,-0.044,-0.001,-0.145,0.025,0.195
Orc5,-0.041,-0.746,0.112,0.037,-0.007,0.283,-0.61,0.939,-0.258,0.089,0.236,0.18,-0.504
Orc6,0.135,0.502,-0.182,-0.011,-0.314,-0.194,-0.165,0.64,-0.013,-0.12,-0.133,-0.151,0.123
Ormdl1,-0.089,-1.061,0.073,-0.034,-0.472,-0.268,0.147,,0.009,-0.107,0.021,0.328,-0.119
Ormdl2,-0.032,,-0.062,0.039,-0.364,-0.197,0.383,-0.13,-0.059,-0.051,-0.347,-0.236,-0.312
Ormdl3,-0.031,-0.009,0.124,-0.057,-0.53,-0.321,0.028,-0.181,-0.01,0.051,-0.072,0.254,-0.067
Os9,0.136,0.853,0.143,-0.014,-0.108,0.035,0.464,0.156,0.078,0.191,0.114,0.022,0.123
Osbp,0.032,-0.245,0.113,0.088,-0.343,0.256,0.2,-0.086,0.036,0.179,0.07,0.118,-0.792
Osbp2,-0.454,0.177,0.211,-0.017,-0.017,0.323,-0.169,0.621,0.065,0.224,0.453,-0.144,-0.35
Osbpl10,0.252,-0.443,0.152,-0.359,1.144,0.634,0.328,-0.15,-0.05,0.204,0.026,-0.156,
Osbpl11,0.029,-0.456,0.059,-0.116,-0.032,-0.213,-0.062,-0.588,-0.004,-0.015,0.302,0.254,-0.23
Osbpl1a,0.075,0.131,0.034,-0.09,0.6,-0.255,0.076,-0.226,-0.039,0.097,0.193,0.146,0.338
Osbpl2,-0.083,0.548,0.18,0.097,0.109,-0.195,0.154,-0.215,0.082,0.12,0.048,0.034,-0.117
Osbpl3,0.089,-0.085,-0.282,-0.187,-0.601,-0.374,0.322,0.043,0.049,0.25,-0.145,0.135,-0.299
Osbpl5,-0.103,0.963,-0.117,0.065,0.637,0.464,0.242,-0.407,0.144,0.202,0.187,0.274,-0.233
Osbpl6,0.157,-0.534,0.175,-0.092,-0.065,-0.394,0.333,0.326,0.118,0.149,0.038,0.18,0.163
Osbpl7,-0.088,1.09,0.147,-0.122,-0.12,0.459,0.129,-0.846,-0.065,0.274,0.255,-0.033,
Osbpl8,0.132,-0.551,0.101,0.12,-0.454,0.155,0.173,0.041,-0.024,0.114,-0.067,0.212,-0.299
Osbpl9,0.038,-0.183,0.191,-0.081,-0.327,0.048,0.119,-0.214,0.025,0.099,0.018,-0.083,0.252
Oscp1,0.171,0.615,0.198,-0.089,-0.493,-0.07,-0.697,0.061,0.008,0.04,0.069,0.262,-0.161
Osgep,0.086,-0.481,-0.12,-0.069,-0.114,-0.003,0.106,-0.019,-0.168,-0.055,-0.269,-0.329,0.09
Osgepl1,0.161,-1.301,-0.008,-0.049,-0.335,-0.111,0.007,-0.638,-0.006,0.034,-0.011,0.021,-0.065
Osgin2,0.317,-0.38,-0.066,0.024,-0.237,-0.417,-0.15,-0.104,0.161,0.126,0.06,-0.246,-0.024
Ost4,0.132,-0.253,-0.15,-0.021,0.404,-0.013,0.083,-0.494,-0.03,-0.123,0.088,-0.337,0.046
Ostc,0.131,0.188,0.018,-0.041,0.048,-0.229,0.355,0.14,-0.021,-0.074,-0.043,-0.292,-0.07
Ostf1,0.164,0.118,-0.155,-0.135,0.776,0.039,-0.025,-0.143,-0.057,-0.061,-0.18,-0.481,-0.552
Ostm1,-0.152,-0.107,0.271,0.105,0.511,-0.148,0.342,-0.065,0.102,0.14,0.255,-0.182,-0.435
Otub1,0.077,0.561,-0.037,0.052,-0.098,0.144,0.028,-0.235,0.039,0.056,-0.017,0.167,0.135
Otub2,-0.416,-0.446,0.019,-0.024,0.223,0.008,0.586,,-0.141,0.117,0.102,0.086,-0.027
Otud3,-0.136,1.66,-0.178,0.103,0.598,-0.458,0.159,,0.003,-0.157,-0.275,-0.22,
Otud4,-0.452,-0.232,0.145,0.003,0.007,-0.03,-0.011,-0.181,0.103,0.215,0.073,0.113,0.006
Otud5,-0.457,0.551,0.05,-0.017,0.174,0.236,0.364,-0.131,-0.034,0.161,0.138,0.201,-0.003
Otud6b,0.067,-0.491,0.015,0.039,-0.045,0.043,0.23,0.34,0.067,-0.071,0.147,-0.122,0.1
Otud7a,-0.266,0.321,0.096,,0.403,0.141,0.441,0.443,-0.065,0.221,0.365,0.16,
Otud7b,0.072,-0.791,0.152,-0.097,-0.029,0.336,-0.03,-0.171,-0.022,0.173,0.124,0.119,0.348
Ovca2,0.045,-1.177,0.056,0.045,-0.97,-0.441,,,0.116,-0.0,-0.096,0.077,
Oxa1l,0.022,-0.075,0.121,-0.055,-0.026,-0.051,0.363,0.35,-0.067,0.008,0.047,0.103,0.027
Oxct1,0.006,-0.104,0.058,0.01,0.454,0.024,0.198,0.011,-0.012,0.062,-0.019,-0.044,-0.051
Oxnad1,0.045,0.262,-0.056,0.085,0.013,-0.223,0.48,-0.348,0.021,-0.084,0.117,0.035,-0.04
Oxr1,-0.112,0.03,0.049,-0.039,-0.277,-0.11,0.348,-0.067,0.025,0.027,0.111,-0.073,0.004
Oxsm,0.072,2.911,0.079,0.009,-0.36,-0.226,,,-0.127,-0.028,-0.061,0.373,
Oxsr1,0.097,0.096,0.236,0.052,0.059,-0.123,0.305,0.119,0.057,0.253,0.158,0.114,0.341
P2rx2,-0.236,0.044,,0.314,1.977,1.4,-0.113,-0.58,0.025,0.1,0.011,0.298,-0.26
P2rx4,0.364,-0.708,0.171,-0.079,-0.373,0.075,0.255,-0.461,-0.134,0.084,-0.101,-0.159,-0.421
P4ha1,0.051,-0.309,0.074,0.019,-0.392,-0.429,0.199,0.193,0.128,0.084,0.299,-0.152,0.058
P4ha2,0.226,-0.027,0.218,-0.012,0.579,-0.104,0.318,-0.302,0.019,0.219,-0.179,-0.109,-0.789
P4hb,-0.023,0.504,0.111,-0.095,-0.177,0.145,0.085,-0.126,0.015,0.218,0.025,0.003,-0.142
P4htm,0.129,0.288,0.209,0.015,0.21,-0.112,0.538,0.281,-0.003,0.164,0.088,0.115,-0.105
Pa2g4,-0.133,0.523,-0.204,0.05,-0.331,-0.101,-0.209,0.216,-0.095,-0.021,-0.08,0.005,-0.09
Pabpc1,0.118,0.229,-0.015,-0.075,-0.3,0.037,-0.314,-0.102,-0.044,-0.004,0.021,-0.029,-0.154
Pabpn1,0.153,0.159,-0.11,0.032,-0.236,-0.07,0.321,0.123,0.014,-0.078,-0.023,-0.008,0.045
Pacrg,0.076,-0.577,0.211,-0.112,-0.061,-0.334,0.162,,-0.052,-0.015,0.008,0.351,-0.003
Pacs1,0.105,0.919,0.056,0.136,0.153,-0.038,0.489,0.205,0.127,0.149,-0.126,0.106,-0.052
Pacs2,-0.012,0.115,0.139,0.236,0.328,0.162,0.388,-0.065,0.046,0.155,0.17,0.295,-0.332
Pacsin1,-0.097,-0.041,0.052,0.068,0.747,0.106,0.378,0.11,-0.008,0.114,0.207,0.096,0.226
Pacsin2,-0.151,0.23,0.143,-0.061,0.268,0.33,0.309,0.065,0.139,0.141,0.036,0.423,0.041
Pacsin3,-0.191,-0.701,-0.048,0.126,0.061,-0.499,-0.571,,0.024,-0.094,0.332,,-0.797
Paf1,-0.088,0.831,0.024,0.003,-0.268,0.189,0.05,-0.013,0.112,0.175,0.064,-0.0,-0.041
Pafah1b1,-0.039,0.035,0.05,0.044,0.226,0.069,0.329,0.175,0.068,-0.067,0.071,-0.093,0.055
Pafah1b2,-0.077,0.029,-0.002,-0.014,-0.045,-0.028,0.292,0.187,0.017,-0.003,0.021,0.11,-0.028
Pafah1b3,-0.098,-0.33,-0.204,-0.019,0.167,-0.03,0.051,-0.169,-0.113,-0.103,-0.173,-0.172,0.005
Pafah2,-0.062,-0.471,0.056,-0.043,0.456,0.083,0.072,0.456,0.029,0.143,0.326,-0.281,
Pag1,-0.373,-1.273,0.011,0.015,-0.323,0.036,0.371,0.061,-0.366,0.158,0.602,,
Paics,-0.04,0.069,-0.025,0.056,-0.113,-0.172,0.169,0.139,-0.08,0.002,0.105,-0.046,-0.019
Paip1,0.297,-0.292,-0.067,0.065,-0.21,0.232,0.477,-0.128,-0.03,0.0,0.041,0.1,-0.335
Paip2,-0.05,0.15,-0.122,-0.039,-0.083,-0.107,0.034,0.024,-0.058,-0.108,-0.103,-0.121,-0.034
Paip2b,-0.06,0.339,0.025,-0.062,0.114,-0.164,-0.402,-0.261,0.029,0.012,0.216,-0.316,0.162
Pak1,0.134,0.52,0.063,0.05,-0.193,0.141,0.147,0.056,-0.051,-0.024,0.239,-0.266,0.101
Pak1ip1,0.043,-0.154,-0.078,0.032,0.053,-0.012,0.116,0.224,-0.136,-0.073,0.066,-0.134,-0.125
Pak2,-0.282,0.719,-0.124,-0.046,-0.156,0.097,0.113,0.03,-0.018,-0.034,-0.143,-0.129,-0.003
Pak3,-0.026,0.164,-0.003,0.001,-0.456,0.004,0.52,0.405,0.058,0.097,0.164,0.509,0.214
Pak7,0.571,0.746,0.137,-0.046,-0.631,-0.148,,0.443,-0.099,-0.024,0.206,-0.127,-0.128
Palld,-0.291,0.213,0.297,0.283,0.365,0.257,-0.191,0.091,-0.299,-0.17,0.138,,0.37
Palm,-0.043,-0.195,-0.083,0.002,0.138,-0.098,0.171,0.063,0.012,0.055,0.043,0.092,-0.075
Palmd,0.139,0.712,-0.602,0.039,0.572,0.121,0.686,-0.075,-0.116,0.035,0.048,-0.341,-1.042
Pam,-0.0,0.806,-0.196,0.082,-0.042,0.105,0.181,0.138,-0.044,0.173,0.107,-0.115,-0.09
Pam16,0.158,-0.148,-0.048,-0.051,-0.027,-0.068,-0.01,-0.102,0.017,-0.07,-0.099,-0.397,0.063
Pan2,0.191,0.29,0.263,0.373,0.196,0.297,0.158,-0.023,0.167,0.33,-0.131,0.369,-0.291
Pan3,-0.126,-0.999,0.081,0.171,-0.773,0.097,0.037,-0.233,-0.09,0.263,-0.002,0.227,-0.001
Pank1,-0.06,-1.178,0.009,-0.165,0.208,-0.005,0.358,0.105,-0.023,-0.064,0.081,0.089,0.217
Pank2,0.054,0.314,0.153,0.098,-0.307,0.123,0.103,-0.656,-0.066,-0.097,0.094,-0.069,-0.03
Pank3,0.229,-0.283,-0.008,0.057,0.136,0.05,0.277,-0.815,0.026,0.162,0.081,0.087,-0.024
Pank4,-0.025,0.422,0.244,-0.013,0.099,0.168,0.041,-0.181,-0.033,0.185,0.139,0.17,-0.493
Panx1,0.125,0.408,0.06,0.028,0.159,-0.002,0.06,0.173,0.029,0.134,0.083,0.024,0.195
Panx2,0.376,0.058,0.367,0.11,1.109,-0.119,0.155,0.126,0.08,0.059,0.256,0.283,-0.631
Papola,-0.031,0.077,0.064,-0.07,-0.175,-0.239,0.025,-0.066,0.012,-0.017,0.043,0.063,-0.011
Papolg,-0.313,-0.33,0.147,-0.15,-0.562,-0.352,,-0.609,-0.107,0.12,-0.183,0.075,-0.713
Papss1,-0.189,0.978,-0.077,0.017,0.01,0.088,0.27,0.078,0.05,0.134,-0.024,-0.005,0.051
Paqr4,0.158,-0.491,0.681,-0.004,0.14,-0.102,0.082,0.128,0.235,0.072,-0.083,-0.073,-0.703
Paqr7,-0.202,-0.835,0.186,-0.079,0.068,-0.053,0.139,0.258,0.041,0.246,0.138,0.272,-0.04
Paqr8,-0.271,-1.091,0.09,0.276,1.386,-0.064,0.129,-0.515,0.076,0.292,0.227,0.27,-0.394
Paqr9,0.359,0.085,0.219,-0.177,1.879,0.357,0.596,-0.777,0.127,0.293,-0.402,0.586,
Pard6a,-0.132,-0.946,-0.101,-0.072,0.291,-0.115,-0.35,0.439,-0.055,-0.102,0.015,-0.214,0.131
Parg,-0.021,-0.415,0.106,0.174,-0.146,-0.107,0.114,-0.731,0.017,0.024,0.266,0.052,0.162
Park7,0.04,-0.15,-0.172,-0.052,0.103,0.026,0.016,-0.088,-0.062,-0.084,-0.113,-0.135,0.053
Parl,-0.064,0.386,0.05,-0.126,0.385,0.163,0.027,-0.664,-0.138,-0.03,-0.044,-0.125,0.119
Parm1,0.187,-0.119,-0.036,-0.139,1.052,-0.01,0.313,0.174,0.136,0.246,0.114,0.418,-0.192
Parn,0.306,-0.74,0.134,-0.024,0.381,0.432,-0.526,-0.053,0.034,0.069,-0.142,0.153,-0.038
Parp1,0.11,-0.423,0.038,0.004,-0.23,-0.172,0.134,-0.342,0.043,0.038,-0.114,0.21,0.1
Parp10,-0.344,-0.476,-0.32,,0.113,,-0.017,-1.82,0.198,0.134,-0.116,0.362,
Parp11,-0.311,-0.142,0.144,0.042,0.787,0.182,-0.982,-0.328,0.168,0.122,0.24,0.149,0.061
Parp12,-0.0,0.664,0.006,-0.106,1.845,0.464,0.299,0.313,0.29,0.178,-0.051,0.112,-0.566
Parp2,0.007,0.193,-0.2,0.171,-0.213,0.051,0.351,0.123,0.029,-0.102,-0.144,-0.12,0.186
Parp4,-0.183,-0.021,0.237,-0.004,0.475,0.247,0.549,-0.116,0.267,0.293,0.26,0.014,-0.663
Parp6,0.084,0.313,0.242,-0.013,0.19,-0.025,-0.186,0.186,0.036,0.092,0.019,0.06,0.015
Parp8,-0.444,-1.321,-0.056,0.059,0.168,0.017,0.442,0.16,0.102,0.115,0.016,0.481,-0.495
Parva,-0.049,0.269,0.096,0.069,0.408,0.244,0.282,-0.055,0.069,0.05,-0.129,0.057,0.006
Parvb,-0.105,-0.119,0.07,0.054,0.799,0.734,-0.046,-0.087,0.082,0.121,0.067,0.465,0.29
Patl1,-0.216,0.594,0.09,0.213,-1.032,0.135,-0.145,-0.423,-0.123,0.023,-0.101,0.153,-0.231
Patz1,0.192,0.031,0.037,-0.058,-0.148,-0.018,-0.168,,0.082,0.079,-0.198,0.111,-0.006
Paxip1,0.004,-0.404,0.038,0.18,-0.179,-0.223,0.742,0.325,-0.011,0.06,0.085,0.282,-0.125
Pbrm1,-0.116,-0.086,-0.029,0.017,-0.141,0.06,0.513,-0.169,0.028,0.092,0.054,0.121,-0.158
Pbx1,0.391,0.371,0.006,0.042,-0.218,0.021,0.515,-0.033,-0.069,0.057,0.152,0.184,0.18
Pbx2,0.165,0.508,-0.005,-0.095,-0.174,-0.276,-0.103,-0.497,0.107,-0.014,-0.024,-0.017,-0.277
Pbx3,0.029,0.505,0.112,-0.01,-1.576,-0.513,0.057,0.765,0.045,-0.186,0.149,,-0.048
Pbx4,0.24,-0.479,0.13,0.033,-0.379,-0.05,-0.203,,-0.025,-0.106,-0.017,-0.499,-0.395
Pcbd1,0.188,0.123,-0.121,-0.002,0.346,-0.028,0.292,-0.049,-0.104,-0.105,0.082,-0.296,0.032
Pcbd2,0.023,0.031,-0.095,0.008,-0.089,-0.026,0.136,-0.098,0.066,-0.114,-0.032,-0.204,-0.173
Pcbp1,-0.083,-0.121,-0.153,0.006,-0.143,-0.106,0.123,-0.152,0.009,0.013,0.03,0.037,-0.105
Pcbp2,0.036,0.213,-0.062,-0.013,-0.094,0.015,-0.049,-0.026,0.027,-0.053,0.013,0.165,-0.072
Pcbp3,0.122,0.04,-0.037,0.043,0.199,0.112,0.129,0.057,0.069,0.044,0.051,0.177,-0.114
Pcbp4,-0.026,0.256,0.046,-0.056,-0.012,-0.101,0.019,0.034,0.008,0.09,0.03,0.171,-0.017
Pcca,0.478,0.144,0.251,0.052,-0.533,-0.019,-0.196,-0.396,0.015,0.177,-0.094,0.081,0.139
Pccb,0.53,0.246,0.144,0.044,0.232,0.056,0.109,-0.206,0.12,0.198,-0.101,0.054,-0.102
Pcdh10,0.396,0.026,-0.082,0.009,0.755,0.097,0.492,0.123,-0.004,-0.123,-0.145,-0.66,0.106
Pcdh17,-0.197,-0.133,0.01,-0.287,-0.2,-0.479,0.572,-0.142,0.227,0.441,0.243,0.062,-0.349
Pcdh7,0.049,-0.596,0.505,0.217,1.549,0.297,0.596,0.243,0.197,0.315,0.147,0.892,0.398
Pcdh9,0.189,0.225,0.122,0.219,0.25,-0.145,0.557,0.17,-0.114,0.199,-0.062,-0.458,0.159
Pcdhac2,-0.06,,0.098,0.195,0.078,-0.652,1.871,,0.126,0.197,-0.114,-0.095,-0.046
Pcdhb17,-1.076,-0.852,0.103,-0.241,0.129,0.328,-0.383,0.409,-0.185,0.231,0.126,0.357,-1.173
Pcdhb19,-0.789,,0.368,0.49,-0.619,0.305,,0.2,0.429,0.336,0.097,-0.082,
Pcdhb20,1.055,1.643,0.192,-0.034,0.778,0.779,0.621,,0.212,-0.063,-0.001,-0.011,0.02
Pcdhb9,1.639,,0.345,0.311,0.009,0.018,0.768,,-0.102,0.123,-0.06,-0.101,-0.707
Pcdhga12,0.085,,0.115,-0.057,-0.178,-0.214,,-0.501,0.393,0.247,-0.359,-0.19,
Pcf11,0.129,-0.847,0.016,-0.067,-0.608,-0.212,-0.057,-0.158,-0.016,0.038,-0.069,0.023,0.247
Pcgf1,0.086,0.386,-0.134,-0.098,-0.19,0.049,0.146,0.058,-0.084,-0.06,-0.072,-0.162,-0.274
Pcgf2,0.526,0.314,0.051,-0.103,-0.542,-0.192,-0.501,0.237,-0.167,0.212,0.377,0.324,0.204
Pcgf3,0.155,-0.631,0.152,-0.007,-0.093,0.208,0.299,-0.012,0.048,0.097,0.108,0.174,-0.422
Pcgf5,-0.327,-0.828,0.042,-0.754,-0.595,-1.041,0.059,-0.12,-0.132,0.074,0.007,0.076,-1.669
Pcgf6,0.336,1.957,0.16,0.165,0.11,0.038,0.21,0.296,0.047,0.148,0.058,-0.118,0.235
Pcid2,0.046,-0.014,0.266,-0.098,0.249,-0.259,-0.424,-0.056,0.054,-0.037,0.16,0.221,-0.135
Pcif1,-0.122,-0.376,-0.161,-0.075,-0.269,-0.084,0.082,-0.011,0.085,-0.032,0.033,0.057,0.067
Pck2,-0.353,0.81,0.018,0.028,0.186,0.036,-0.165,-0.013,-0.182,0.178,0.007,-0.017,0.132
Pclo,0.176,0.239,0.074,0.154,-0.372,-0.089,0.67,-0.083,0.149,0.182,0.187,0.1,0.298
Pcm1,0.02,0.026,0.022,-0.059,-0.083,-0.063,0.43,0.06,0.035,0.061,0.067,-0.042,0.143
Pcmt1,0.007,-0.161,-0.001,0.003,0.239,0.011,0.192,0.169,0.031,-0.019,-0.003,-0.182,0.073
Pcmtd1,0.006,0.096,0.07,-0.061,0.249,-0.033,0.61,0.156,0.024,0.023,0.151,0.031,0.223
Pcmtd2,0.078,-0.162,0.14,0.168,0.52,0.119,0.829,-0.021,0.007,0.154,0.095,0.041,-0.127
Pcna,0.031,-0.55,-0.106,-0.08,-0.499,-0.478,-0.31,,-0.163,-0.024,-0.233,-0.132,-0.072
Pcnp,0.029,0.213,-0.0,0.002,-0.316,-0.068,0.162,0.183,0.066,-0.034,0.042,-0.069,0.089
Pcnx,0.091,-0.294,0.032,0.09,-0.388,0.016,0.575,0.389,-0.061,0.175,0.201,0.188,-0.07
Pcp4,-0.214,-0.457,0.128,0.265,-0.539,-0.211,-0.078,-0.078,0.052,-0.038,-0.041,0.04,0.63
Pcsk1,-0.199,0.076,0.082,-0.02,0.592,0.043,0.525,0.257,0.036,0.233,0.202,-0.286,0.363
Pcsk1n,0.014,0.069,0.07,-0.027,0.348,0.036,0.167,0.112,0.057,0.009,0.11,0.202,0.11
Pcsk2,-0.105,-0.079,0.152,0.072,0.018,0.169,0.616,-0.055,-0.0,0.191,0.421,-0.144,-0.051
Pcsk7,0.102,0.925,0.142,0.143,-0.142,0.305,-0.051,0.063,-0.1,0.078,-0.207,0.029,-0.168
Pctp,0.013,-0.033,0.363,-0.149,-0.242,-0.86,-0.299,-0.532,0.362,0.024,0.189,-0.073,
Pcx,-0.154,0.015,0.303,0.204,1.629,0.915,-0.4,-0.95,0.083,0.279,-0.08,,
Pcyox1,0.184,0.148,0.277,-0.021,0.042,0.119,0.221,0.04,0.036,0.174,0.199,0.031,0.042
Pcyox1l,0.083,-0.034,0.334,0.055,0.087,-0.235,0.337,0.409,-0.036,0.165,-0.081,0.085,-0.416
Pcyt1a,-0.056,0.185,0.141,-0.017,-0.039,-0.123,0.244,-0.117,0.136,0.019,0.018,0.233,-0.045
Pcyt1b,0.132,0.153,0.06,0.111,-0.103,0.365,0.299,0.034,0.08,0.077,0.227,0.024,0.032
Pcyt2,-0.176,-0.427,0.022,-0.032,0.404,0.135,0.116,0.028,-0.025,0.056,0.066,0.126,0.051
Pdap1,0.067,0.571,-0.158,0.023,-0.221,-0.06,0.219,-0.124,-0.033,-0.103,-0.106,-0.121,-0.04
Pdcd10,-0.159,0.273,-0.058,-0.051,0.186,-0.106,0.277,-0.081,-0.074,-0.058,-0.096,-0.309,0.036
Pdcd2,-0.165,-0.278,-0.184,-0.054,0.088,-0.277,-0.11,-0.421,-0.144,-0.089,0.109,-0.053,-0.016
Pdcd2l,-0.06,-0.626,-0.136,0.022,-0.035,-0.271,-0.009,-1.252,-0.049,-0.047,-0.143,0.045,-0.151
Pdcd4,-0.109,0.846,-0.097,0.03,-0.145,0.219,0.257,-0.069,-0.035,-0.06,-0.151,-0.256,-0.055
Pdcd5,0.11,-0.081,-0.114,-0.033,0.03,-0.047,0.007,0.085,-0.026,-0.091,-0.072,-0.25,0.104
Pdcd6,-0.07,-0.094,-0.044,-0.017,-0.109,0.145,-0.009,0.063,-0.062,-0.057,-0.017,-0.115,-0.041
Pdcd6ip,0.047,0.442,0.048,0.171,0.102,-0.066,0.211,0.383,0.04,0.137,0.057,0.103,-0.18
Pdcd7,-0.263,-0.081,-0.136,0.013,0.111,-0.148,0.252,0.097,0.066,0.009,-0.172,-0.034,0.098
Pdcl,0.07,-0.279,-0.009,0.007,0.164,0.067,0.228,0.535,-0.001,0.063,-0.014,0.085,-0.109
Pdcl3,-0.314,0.023,-0.118,-0.025,0.055,0.054,0.044,0.275,-0.042,-0.058,-0.091,-0.228,-0.134
Pde12,-0.181,-0.457,0.094,0.197,0.03,0.252,-0.201,,-0.045,-0.032,-0.089,0.101,-0.192
Pde2a,0.126,0.416,-0.091,0.026,0.407,0.134,,0.258,-0.03,0.044,-0.293,-0.339,0.055
Pde3b,0.517,0.391,0.14,0.069,-0.478,-0.434,-0.226,,0.024,0.235,-0.071,0.236,
Pde4b,-0.081,-0.049,-0.087,-0.031,0.769,0.245,0.123,0.209,0.095,0.279,0.109,0.379,0.08
Pde4d,0.047,0.275,0.089,-0.007,-0.201,-0.481,-0.6,-0.075,-0.025,0.196,-0.186,-0.058,-0.053
Pde4dip,-0.204,0.025,0.072,0.03,-0.108,0.141,0.414,-0.069,0.11,0.184,0.076,0.14,0.167
Pde6d,-0.068,-0.154,-0.296,-0.045,-0.08,-0.09,0.191,-0.019,-0.022,-0.04,-0.043,-0.123,-0.202
Pde7a,-0.428,0.308,0.167,-0.046,-0.672,0.17,-0.702,0.145,-0.066,0.197,0.221,0.136,0.027
Pde8a,-0.822,,-0.017,-0.007,0.373,1.435,-0.375,-0.028,0.079,-0.01,0.286,0.009,
Pde9a,1.541,,,-0.134,0.92,0.157,-0.397,0.407,-0.235,0.243,-0.184,0.054,-0.294
Pdgfa,0.181,0.329,0.053,0.09,0.345,0.382,0.176,0.121,-0.008,0.071,0.106,-0.023,0.117
Pdha1,0.073,-0.258,0.098,0.008,0.492,0.034,0.042,0.044,-0.026,0.128,-0.011,0.134,-0.036
Pdhb,0.012,0.182,-0.027,-0.022,-0.067,0.057,-0.056,-0.027,-0.037,0.023,-0.027,-0.097,0.099
Pdhx,0.229,-0.104,-0.033,0.096,0.402,0.095,0.114,-0.116,0.02,0.098,-0.014,0.177,0.08
Pdia3,-0.072,0.479,0.154,0.011,0.009,-0.006,0.551,-0.015,-0.04,0.183,-0.037,-0.148,0.052
Pdia4,0.216,0.219,0.157,0.06,-0.501,0.066,0.255,-0.304,0.044,0.116,-0.027,-0.136,-0.001
Pdia5,0.052,-0.758,0.039,0.09,0.25,0.539,0.328,-0.172,,0.054,0.117,,
Pdia6,-0.076,-0.144,0.084,-0.036,0.152,-0.043,0.07,0.148,-0.07,0.152,-0.106,-0.158,0.085
Pdik1l,-0.267,0.359,-0.018,-0.108,0.037,-0.115,,,0.04,-0.138,-0.019,0.18,0.035
Pdk1,0.058,-0.029,0.064,-0.095,-0.097,0.408,-0.274,0.337,0.215,-0.016,0.097,0.153,-0.056
Pdk2,0.105,0.563,0.024,-0.09,0.123,0.028,0.01,-0.918,0.015,0.091,0.274,0.428,0.086
Pdk3,-0.114,-0.299,0.063,-0.066,-0.228,-0.433,0.04,,0.19,-0.101,-0.146,-0.081,-0.199
Pdlim2,-0.345,0.031,-0.377,-0.156,-0.365,0.304,0.172,-0.108,0.004,-0.053,0.015,0.021,0.065
Pdlim4,0.097,,-0.113,-0.004,-1.153,0.332,-1.078,-1.649,-0.468,-0.225,0.193,,-0.22
Pdlim5,-0.473,-0.526,-0.331,0.158,0.787,-0.69,0.121,0.136,0.252,0.154,-0.111,-0.215,0.092
Pdlim7,-0.206,-0.22,-0.122,-0.017,0.395,0.032,0.007,0.303,0.056,-0.059,0.168,-0.099,-0.13
Pdp1,-0.291,-0.149,0.197,-0.04,0.016,0.22,0.316,-0.098,0.103,0.165,0.097,0.086,-0.348
Pdpk1,0.071,-0.251,0.039,0.108,0.211,0.351,0.326,-0.044,-0.051,0.112,0.047,0.084,-0.243
Pdrg1,0.086,-0.432,0.042,-0.056,-0.036,0.059,-0.194,-0.169,-0.002,-0.096,0.04,-0.105,0.033
Pds5a,-0.015,-0.228,0.202,0.156,-0.524,0.103,0.214,0.184,0.122,0.241,-0.044,0.041,-0.161
Pds5b,0.001,-0.238,0.098,-0.048,-0.494,0.004,0.616,-0.343,0.163,0.096,0.328,0.156,-0.058
Pdss1,0.262,,0.172,0.162,-0.052,-0.002,,,0.001,0.044,-0.17,-0.229,0.484
Pdss2,0.046,1.285,0.089,-0.098,-0.361,0.277,0.615,-0.265,0.035,-0.016,-0.17,-0.004,-0.066
Pdxdc1,0.009,-0.965,0.038,-0.108,-0.362,0.435,0.147,-0.375,-0.055,0.002,0.152,0.085,0.0
Pdxk,0.128,-0.451,0.052,0.109,0.427,0.069,0.061,-0.076,0.104,0.189,0.127,0.353,0.065
Pdxp,0.331,0.102,-0.119,0.022,-0.061,-0.078,0.091,-0.021,-0.021,-0.03,-0.062,,
Pdzd11,0.072,0.737,-0.106,-0.03,-0.175,-0.352,0.11,-0.199,-0.081,-0.074,0.017,-0.303,-0.068
Pdzd8,-0.214,0.249,0.189,0.009,-0.024,-0.09,0.161,0.104,0.071,0.085,-0.036,0.026,-0.017
Pea15a,-0.158,0.099,-0.21,-0.081,0.045,-0.228,-0.071,-0.064,0.024,0.022,0.123,0.225,0.003
Pebp1,0.001,0.065,-0.202,-0.063,-0.023,-0.074,-0.045,0.009,-0.043,-0.096,-0.043,-0.01,-0.051
Pecr,0.002,0.613,-0.088,-0.047,-0.089,-0.113,-1.335,,0.094,-0.256,-0.319,-0.258,0.047
Pef1,0.041,-0.067,-0.023,-0.069,0.083,-0.061,-0.008,-0.379,-0.099,0.046,0.1,0.085,0.162
Peg3,0.164,0.035,0.024,0.061,-0.242,-0.047,0.614,0.26,0.08,0.064,0.284,0.141,0.081
Peli1,-0.258,-1.014,-0.008,-0.143,-0.489,-0.393,0.238,-0.233,-0.111,-0.039,0.092,0.052,-0.295
Pelo,-0.324,-0.167,-0.188,-0.152,0.517,0.021,,,-0.35,-0.095,0.122,-0.119,0.356
Pelp1,-0.106,-0.319,0.123,-0.094,-0.378,-0.186,-0.374,0.001,-0.023,0.25,-0.197,0.115,0.232
Pemt,0.134,1.387,-0.056,0.005,0.247,-0.274,-0.22,,0.024,-0.049,0.168,-0.47,0.155
Pepd,-0.161,0.196,0.071,0.289,0.697,-0.274,0.12,-0.142,-0.164,-0.013,0.002,-0.193,-0.109
Per1,-0.154,-0.734,-0.057,-0.226,-1.483,0.839,-0.005,0.102,0.001,0.362,0.027,0.427,-0.894
Perp,-0.59,2.073,-0.312,-0.027,0.419,1.312,0.184,0.5,0.096,0.172,0.814,,
Pes1,0.01,0.405,-0.117,0.18,-0.046,-0.218,-0.277,,-0.128,0.043,0.077,-0.135,-0.004
Pex1,0.039,-1.799,0.002,-0.071,-0.199,-0.303,-0.053,-0.36,0.118,0.118,0.084,0.187,0.019
Pex10,1.101,-0.442,-0.069,-0.155,-0.178,-0.398,-1.944,,0.302,0.011,0.276,0.029,-0.052
Pex11b,0.03,0.58,-0.068,-0.016,0.501,0.274,0.431,0.372,-0.037,-0.03,-0.001,0.079,-0.027
Pex12,0.025,0.516,0.1,-0.071,-0.091,-0.251,-0.978,,-0.007,0.041,0.234,0.158,-0.624
Pex13,-0.075,1.076,0.101,0.013,0.03,-0.175,0.153,0.339,-0.103,-0.022,-0.126,-0.013,-0.282
Pex14,-0.163,0.197,0.172,-0.045,0.488,-0.019,-0.044,-0.352,-0.239,0.042,0.224,-0.011,0.07
Pex16,-0.031,1.033,0.013,-0.089,0.323,0.078,-0.165,0.318,-0.069,0.01,-0.015,-0.283,0.194
Pex19,-0.08,-0.945,-0.021,0.076,-0.072,-0.069,0.217,0.302,0.003,0.032,0.045,0.176,-0.075
Pex3,0.183,-0.241,0.103,-0.069,-0.194,-0.314,-0.08,0.185,-0.077,0.127,0.185,-0.165,-0.058
Pex5,-0.257,0.564,0.111,-0.169,0.464,0.324,-0.003,0.621,-0.099,0.151,0.079,0.155,0.395
Pex5l,0.4,0.074,0.221,-0.153,1.484,0.664,-0.079,0.077,0.158,0.089,0.159,-0.113,0.236
Pex6,-0.156,0.631,0.069,-0.209,0.132,0.16,-0.058,0.056,-0.064,0.136,0.012,-0.034,0.034
Pex7,-0.028,-0.435,0.049,0.046,0.369,0.179,0.309,0.025,0.045,-0.063,0.084,-0.055,-0.166
Pfdn1,0.089,-0.858,-0.168,-0.012,0.09,-0.111,-0.025,-0.068,-0.026,-0.146,-0.011,-0.26,-0.096
Pfdn2,-0.024,0.214,-0.119,-0.005,-0.011,-0.126,0.058,-0.13,-0.056,-0.084,-0.062,-0.043,-0.02
Pfdn4,-0.031,0.329,-0.116,-0.041,0.143,0.029,-0.01,-0.065,-0.018,-0.081,0.008,-0.081,-0.008
Pfdn5,0.085,0.156,-0.178,-0.042,-0.047,-0.079,-0.185,-0.001,0.015,-0.127,0.014,-0.417,-0.034
Pfkfb2,0.44,-0.242,0.296,0.125,-1.403,-0.044,,0.551,-0.378,0.347,0.261,,
Pfkfb4,-0.552,-1.453,0.137,0.09,-0.72,-0.139,0.183,0.235,0.04,0.156,-0.2,-0.082,-0.479
Pfkl,-0.062,-0.062,0.106,0.201,0.001,0.246,-0.015,-0.37,-0.06,0.18,0.005,-0.062,-0.068
Pfkm,0.013,0.222,0.13,-0.01,0.257,0.231,0.031,-0.181,0.019,0.101,0.101,0.191,0.062
Pfkp,-0.004,-0.056,0.216,0.094,0.739,0.134,0.115,0.264,0.03,0.223,0.152,-0.057,0.096
Pfn1,-0.035,-0.248,-0.188,-0.034,0.207,0.038,-0.082,-0.119,-0.067,-0.083,-0.072,-0.076,-0.049
Pfn2,-0.006,-0.006,-0.044,-0.02,0.304,0.074,0.36,-0.094,0.036,-0.058,0.165,-0.201,-0.006
Pgam1,0.028,0.694,-0.123,-0.069,0.621,-0.036,0.219,0.136,0.007,-0.032,-0.007,-0.164,0.015
Pgam5,-0.136,0.132,0.023,-0.073,0.041,0.086,-0.112,0.177,0.014,0.1,-0.05,0.138,-0.123
Pgap1,0.16,-1.079,-0.03,0.079,-0.006,-0.062,0.418,0.2,0.094,0.288,0.177,-0.028,0.028
Pgap2,0.104,,0.08,0.016,-0.107,-0.096,-0.114,-0.052,-0.01,-0.003,0.056,0.095,-0.338
Pgap3,0.114,-1.285,0.409,0.18,-0.249,0.8,-0.201,,0.287,0.173,-0.129,-0.011,
Pgbd5,-0.263,0.363,0.155,0.217,0.31,-0.172,-0.085,0.393,0.033,0.106,0.168,0.171,
Pgd,0.094,-1.0,0.041,0.111,-0.23,0.231,-0.148,0.061,0.037,0.164,-0.035,0.114,-0.015
Pgf,0.408,-0.398,0.186,0.245,0.864,-0.041,-0.432,,-0.073,-0.079,0.076,-0.373,-0.271
Pggt1b,-0.216,-0.88,0.062,0.193,-0.117,-0.143,0.549,,-0.001,0.043,0.023,0.043,-0.975
Pgk1,0.066,-0.108,-0.124,-0.032,0.08,-0.01,-0.177,-0.066,-0.049,0.025,-0.025,-0.224,0.017
Pgls,-0.018,-0.451,-0.2,-0.029,0.194,0.007,-0.016,-0.001,-0.011,-0.107,-0.164,-0.292,-0.052
Pgm1,-0.349,0.457,0.036,-0.01,0.716,0.139,-0.226,,0.013,-0.029,0.135,,
Pgm2,-0.113,-0.022,0.135,-0.108,-0.202,0.044,-0.415,-0.056,0.142,0.018,-0.274,0.037,0.167
Pgm2l1,-0.126,0.227,0.328,0.199,0.514,0.391,0.616,0.341,0.081,0.207,0.172,0.236,0.007
Pgm3,-0.268,,0.056,0.046,-0.26,0.202,-0.05,0.229,0.023,-0.02,0.162,-0.149,0.118
Pgp,0.017,-0.015,-0.165,-0.016,0.432,0.057,0.172,-0.008,-0.012,-0.069,-0.051,-0.172,0.041
Pgpep1,-0.24,1.303,0.006,0.052,0.113,0.457,0.201,-0.024,-0.011,0.056,-0.033,0.06,0.184
Pgrmc1,-0.174,0.037,0.044,-0.017,-0.013,-0.052,0.203,0.167,-0.049,0.096,0.045,-0.011,0.094
Pgrmc2,-0.166,0.41,-0.011,0.053,0.224,-0.084,0.162,-0.16,0.032,0.037,0.083,0.119,0.062
Pgs1,-0.056,-0.255,0.074,0.062,0.524,0.431,0.029,-0.11,0.035,0.021,-0.067,0.145,0.001
Phactr1,-0.083,0.125,-0.035,0.036,-0.104,-0.111,0.432,-0.275,0.097,0.053,0.061,-0.413,-0.293
Phactr2,-0.053,0.122,0.131,0.081,0.541,0.192,0.569,0.159,0.145,0.127,0.109,0.135,-0.006
Phactr3,0.023,0.266,0.044,0.015,-0.087,-0.011,0.067,0.425,-0.051,-0.004,0.082,0.194,0.097
Phactr4,-0.416,-0.484,0.073,-0.22,-0.728,0.61,0.039,-1.149,0.194,-0.027,0.093,-0.131,0.066
Phax,-0.001,0.627,-0.233,-0.035,0.193,0.02,-0.285,0.265,-0.041,-0.081,-0.014,-0.052,0.014
Phb,0.011,0.098,0.035,-0.03,0.082,-0.032,-0.177,0.106,-0.083,0.028,-0.08,0.053,-0.023
Phb2,0.17,-0.139,-0.014,-0.044,-0.018,0.021,0.11,0.154,-0.068,-0.022,-0.095,-0.13,0.018
Phc2,0.086,0.162,0.138,0.145,-0.559,-0.019,-0.175,-0.266,0.029,0.097,0.039,0.056,-0.103
Phc3,-0.094,0.06,0.138,-0.219,0.045,0.136,0.68,-0.18,0.06,0.29,-0.105,0.192,0.434
Phf1,0.055,-0.506,0.076,-0.105,0.035,-0.395,0.041,0.202,-0.123,0.161,0.124,0.163,0.052
Phf10,-0.575,-0.411,0.068,-0.081,0.197,0.173,-0.178,-0.532,0.003,0.04,0.006,0.16,-0.052
Phf12,-0.432,-0.582,0.022,0.141,-0.561,-0.365,-0.084,0.057,-0.091,0.073,0.052,0.086,0.079
Phf13,1.04,0.902,-0.099,-0.266,-0.214,-0.154,-0.799,,-0.055,0.175,0.06,0.128,0.009
Phf14,0.062,1.084,0.085,-0.008,-0.399,0.081,0.72,0.044,0.029,0.122,0.107,0.036,0.036
Phf20,-0.04,0.27,-0.031,0.029,-0.037,0.031,0.492,-0.23,-0.169,0.017,0.119,0.075,0.09
Phf20l1,0.156,0.087,0.14,-0.046,-0.441,-0.06,0.598,0.011,0.004,0.055,-0.014,-0.067,0.096
Phf23,-0.045,-0.477,-0.168,0.008,-0.427,-0.04,0.028,-0.092,-0.028,-0.008,0.046,0.06,-0.115
Phf3,0.106,0.07,-0.058,-0.005,-0.156,-0.019,0.431,0.162,-0.042,0.068,0.054,0.081,-0.4
Phf5a,0.023,0.304,-0.111,-0.069,0.012,-0.092,-0.025,0.233,-0.084,-0.078,-0.126,-0.122,-0.069
Phf6,0.068,0.353,0.012,-0.027,-0.216,-0.255,0.375,0.025,0.057,0.01,-0.019,0.151,0.229
Phf8,0.372,-0.344,0.032,0.072,-0.577,0.331,0.165,-0.052,-0.148,0.108,0.008,0.258,-0.437
Phgdh,-0.877,,-0.129,0.141,0.523,-2.859,-0.766,-0.737,-0.523,-0.172,-0.017,-0.755,0.113
Phip,-0.374,0.138,0.035,-0.102,-0.383,0.005,0.177,-0.218,0.073,0.175,0.075,0.205,-0.022
Phka1,-0.046,0.211,0.242,0.169,0.067,0.466,-0.424,0.106,0.054,-0.0,0.033,0.172,
Phka2,0.173,-0.033,0.238,-0.001,-0.107,-0.029,-1.197,0.199,0.142,0.333,0.064,-0.114,-0.101
Phkb,-0.059,-0.008,0.194,0.193,-0.108,-0.036,0.368,0.38,0.14,0.098,0.107,0.096,-0.092
Phkg2,-0.119,,0.095,-0.063,-0.051,0.059,-0.336,-0.369,0.038,0.109,-0.003,0.176,0.127
Phlda3,-0.273,0.476,-0.209,-0.262,0.79,0.016,-0.164,-0.798,0.044,-0.03,0.004,-0.36,-0.381
Phlpp2,-0.125,-0.206,0.125,0.199,-0.336,0.249,0.474,0.273,0.087,0.285,-0.001,0.158,-0.109
Phospho2,-0.298,-1.02,-0.041,-0.209,0.562,0.13,0.619,0.519,-0.118,0.004,0.131,-0.156,-0.012
Phox2b,0.051,0.079,,-0.01,-0.424,-0.067,0.567,0.06,-0.022,-0.003,-0.022,0.119,-0.05
Phpt1,-0.034,0.207,-0.222,-0.088,-0.017,0.025,-0.074,-0.28,-0.063,-0.145,-0.004,-0.212,0.116
Phrf1,-0.201,0.363,-0.051,-0.009,0.088,0.3,0.15,0.093,-0.097,0.087,0.117,0.23,0.008
Phtf1,0.346,0.702,0.289,0.119,0.361,0.07,0.058,0.23,0.017,0.177,0.135,0.036,0.3
Phtf2,-0.203,-0.295,0.257,-0.063,-0.114,-0.011,0.355,-3.231,-0.006,0.212,-0.004,0.19,0.02
Phyh,-0.029,0.38,-0.194,-0.114,0.155,-0.207,0.245,-0.051,-0.108,-0.102,-0.043,-0.221,0.048
Phyhipl,0.184,0.322,-0.051,-0.096,0.446,0.111,0.196,0.204,-0.059,0.023,-0.007,-0.024,0.174
Pi4k2a,0.049,0.083,0.072,0.171,-0.04,0.078,0.098,0.227,0.096,0.062,0.059,0.049,-0.583
Pi4ka,0.239,0.03,0.28,-0.073,0.266,0.142,0.199,-0.157,0.051,0.216,0.034,0.156,-0.345
Pi4kb,-0.338,-1.592,0.112,-0.217,-0.432,-0.341,-0.241,0.206,0.014,0.11,-0.351,-0.021,
Pias1,0.086,-0.171,0.055,-0.025,-0.28,-0.153,0.235,0.329,-0.043,0.136,-0.121,0.126,0.071
Pias2,-0.354,-0.033,0.05,0.041,-0.16,-0.193,1.017,-0.224,-0.041,0.017,-0.021,0.029,-0.275
Pias3,0.009,-0.176,-0.027,0.014,0.589,0.355,-0.199,-0.612,-0.021,0.16,0.009,-0.055,0.144
Pias4,0.037,1.323,0.163,0.214,-0.156,0.115,-0.246,0.439,-0.067,0.118,0.02,0.145,0.251
Pibf1,0.092,1.235,0.036,0.084,-0.138,-0.027,0.515,-0.418,-0.056,0.085,-0.128,-0.134,0.365
Picalm,0.129,0.263,0.081,0.128,-0.23,0.202,0.011,-0.007,0.029,0.19,0.114,0.199,0.086
Pick1,0.036,-0.369,0.056,0.148,0.164,0.102,-0.287,0.1,-0.06,0.019,0.009,0.083,-0.16
Pid1,0.367,0.344,0.058,-0.111,-0.062,0.341,0.409,-0.125,0.044,0.066,-0.011,0.434,-0.008
Pigb,0.571,-1.675,0.143,0.31,0.144,0.633,-0.347,0.289,0.087,0.248,0.103,0.205,0.06
Pigc,0.4,0.348,0.317,-0.213,0.739,-0.216,-0.327,0.35,-0.025,0.209,-0.224,0.064,0.026
Pigf,0.129,-1.706,0.083,-0.063,0.167,-0.391,-0.366,-0.505,-0.202,-0.051,-0.214,-0.198,0.056
Pigh,-0.038,,0.0,-0.076,0.215,0.17,0.603,,-0.114,0.006,0.045,0.014,-0.053
Pigk,-0.027,0.176,0.164,-0.146,0.11,0.118,0.49,-0.07,0.026,0.24,0.012,0.2,0.009
Pigm,-0.063,-0.086,0.321,0.128,-0.278,-0.2,0.352,-0.357,0.078,0.343,0.117,0.063,0.211
Pigp,-0.062,0.116,0.063,0.043,-0.061,0.213,0.252,-0.046,-0.063,-0.084,-0.135,-0.105,0.172
Pigq,-0.016,-0.155,0.245,0.029,-0.0,-0.022,0.306,0.126,0.009,0.127,0.012,0.102,-0.067
Pigs,0.359,-0.158,0.285,-0.019,0.377,0.101,0.474,0.372,-0.057,0.222,0.123,0.209,-0.035
Pigt,-0.208,,0.232,0.018,0.057,0.141,0.403,0.098,0.049,0.231,0.06,0.18,0.047
Pigu,-0.006,-0.278,0.267,0.093,-0.2,0.185,0.282,0.914,0.103,0.366,-0.022,0.058,0.197
Pigv,-0.434,-0.035,0.104,0.199,0.762,0.221,-0.446,,0.003,-0.011,-0.036,,
Pigx,-0.011,0.047,-0.061,-0.111,0.162,-0.009,0.418,0.271,-0.007,-0.076,-0.04,-0.113,0.045
Pigyl,-0.063,0.303,-0.116,-0.059,0.245,-0.136,-0.174,0.199,0.06,-0.12,-0.028,-0.316,0.097
Pigz,0.07,-0.128,0.169,-0.128,0.847,-0.464,0.548,,-0.296,0.017,0.131,,
Pih1d1,-0.06,0.018,-0.121,0.015,0.247,0.196,-0.265,0.269,-0.137,-0.041,-0.013,-0.08,0.122
Pik3c2a,0.328,0.216,0.061,-0.116,-0.595,-0.217,0.39,-0.153,-0.377,0.12,0.081,-0.161,-0.02
Pik3c3,-0.104,-0.107,0.143,-0.144,0.388,-0.287,0.042,0.349,-0.046,0.187,0.248,0.195,-0.224
Pik3ca,0.037,0.137,0.117,0.058,-0.257,-0.003,0.312,0.108,-0.053,0.095,0.042,0.13,-0.253
Pik3cb,0.386,0.116,0.218,0.159,0.227,0.331,0.027,0.345,0.022,-0.003,0.015,-0.036,
Pik3cd,0.026,0.301,0.228,0.086,0.482,0.094,-0.026,-0.076,0.052,0.328,0.123,-0.006,-0.269
Pik3ip1,-0.112,-0.259,0.036,0.031,0.318,0.253,0.158,0.109,-0.002,0.206,-0.014,0.188,-0.157
Pik3r1,-0.157,-0.675,-0.101,-0.027,-0.436,-0.013,0.352,-0.088,-0.041,0.021,-0.004,-0.13,-0.052
Pik3r2,0.089,-0.281,0.069,-0.14,0.14,0.051,0.148,0.038,-0.003,0.205,0.069,0.104,0.015
Pik3r3,-0.122,0.117,-0.013,-0.002,-0.478,0.097,0.326,-0.405,0.074,0.097,0.082,0.144,-0.645
Pik3r4,-0.174,-0.03,0.17,0.082,-0.177,0.512,0.451,0.327,0.05,0.237,0.008,0.183,-0.388
Pikfyve,0.108,-0.677,0.132,0.219,0.305,0.13,0.26,0.161,0.246,0.083,0.176,0.128,0.093
Pim2,0.142,-0.004,-0.045,-0.14,0.297,0.347,0.309,0.201,0.003,0.09,0.085,0.117,0.065
Pim3,-0.163,0.302,-0.095,-0.171,-0.012,0.005,-0.121,-0.174,-0.041,0.016,-0.142,0.024,-0.269
Pin1,0.076,0.016,-0.092,-0.056,-0.057,-0.104,0.093,0.246,-0.017,-0.094,-0.113,0.013,-0.019
Pin4,-0.071,0.422,-0.149,0.008,0.229,0.003,-0.31,-0.172,-0.031,-0.125,-0.11,-0.408,0.061
Pink1,0.09,-0.029,0.039,0.044,0.185,0.249,0.106,-0.115,-0.019,0.13,0.039,0.095,-0.037
Pinx1,0.139,0.456,-0.132,-0.229,-0.523,-0.089,0.393,-0.149,-0.214,0.027,0.112,0.046,-0.511
Pip4k2a,0.034,0.088,0.162,-0.004,-0.053,0.237,0.13,-0.606,0.161,-0.064,-0.212,0.249,-0.66
Pip4k2c,-0.136,1.785,0.149,0.059,-0.124,-0.671,0.305,-0.035,-0.03,0.131,-0.091,-0.06,-0.037
Pip5k1a,0.154,-0.276,0.049,-0.009,-0.15,-0.005,-0.305,0.216,-0.084,0.12,-0.135,0.003,0.161
Pip5k1c,0.106,0.23,0.106,0.111,0.123,-0.003,0.453,0.178,-0.006,0.11,0.137,0.079,0.045
Pir,-0.043,-0.496,-0.164,-0.036,0.742,0.287,0.246,-0.059,0.062,-0.054,0.341,-0.536,-0.579
Pirt,0.057,0.228,-0.152,0.035,0.177,0.238,0.313,-0.009,0.003,0.21,0.083,0.139,-0.178
Pisd,0.169,-0.931,0.072,0.021,0.153,0.22,-0.078,-0.057,0.164,0.058,-0.259,-0.105,-0.134
Pitpna,0.081,-0.03,0.01,0.053,0.398,0.029,0.23,-0.292,-0.012,-0.079,0.003,-0.012,-0.062
Pitpnb,-0.035,0.32,-0.06,0.091,-0.188,-0.102,0.51,-0.031,-0.021,0.021,-0.081,-0.04,0.132
Pitpnc1,-0.191,0.203,0.023,0.068,0.211,0.234,0.346,0.338,0.052,0.184,-0.043,-0.078,0.076
Pitpnm1,0.083,-0.203,0.124,0.084,0.269,0.773,-0.049,0.426,0.075,0.187,0.272,0.017,0.306
Pitpnm2,-0.042,0.024,0.131,-0.028,0.35,0.196,0.429,-0.337,0.012,0.193,0.131,0.311,-0.222
Pitrm1,0.477,0.003,0.188,-0.159,-0.205,-0.317,0.022,-0.309,0.029,0.111,0.239,0.07,0.391
Pja1,-0.059,0.062,-0.124,-0.079,0.006,0.056,0.035,-0.225,-0.069,-0.028,-0.124,0.075,0.022
Pja2,-0.115,0.03,0.024,0.043,0.22,0.148,0.343,-0.298,0.095,0.088,0.153,-0.04,-0.057
Pkia,0.059,0.258,-0.037,-0.077,0.016,0.128,0.166,0.202,-0.082,-0.017,0.075,0.106,0.096
Pkib,-0.481,-2.334,-0.029,-0.058,-0.622,0.077,0.066,-0.999,0.116,-0.169,-0.013,-0.31,-0.443
Pkig,-0.093,0.061,-0.182,0.006,-0.391,-0.188,-0.147,-0.16,0.012,-0.097,0.038,-0.441,0.178
Pkn1,0.184,0.146,0.127,0.129,0.398,0.172,0.12,-0.165,0.032,0.224,0.041,-0.026,0.016
Pkn2,0.009,-0.124,0.089,0.132,-0.658,-0.25,0.469,-0.029,0.026,0.138,0.098,-0.019,-0.119
Pkp3,0.77,,,0.09,0.532,-0.459,-0.269,0.22,-0.577,-0.088,-0.116,,-0.061
Pkp4,0.32,-2.085,0.088,-0.032,0.096,0.337,-0.036,0.08,0.16,0.356,-0.021,0.373,0.078
Pla2g12a,-0.159,-0.049,-0.069,0.007,0.288,0.063,0.248,0.243,0.043,-0.072,0.042,-0.024,-0.15
Pla2g15,-0.087,0.835,0.304,0.192,1.313,-0.344,-1.048,-0.663,0.253,0.217,0.066,0.201,0.006
Pla2g6,0.473,-0.53,0.144,-0.094,0.563,0.288,0.39,0.362,-0.087,0.123,-0.01,-0.014,-0.223
Plaa,-0.023,0.16,0.151,0.026,0.628,0.023,-0.186,-0.106,0.034,0.133,0.071,0.16,-0.263
Plagl1,-0.462,-0.07,-0.047,-0.31,0.239,-0.54,-0.752,,-0.227,,0.195,,-0.275
Plat,-0.166,0.619,-0.117,0.274,0.796,-0.859,-0.848,-0.482,-0.157,0.181,0.079,-0.37,0.137
Plbd2,0.24,0.15,0.406,0.091,0.185,0.002,0.375,0.011,0.002,0.249,0.049,0.033,0.145
Plcb1,0.089,0.306,0.233,0.154,-2.199,-0.562,0.256,,-0.049,-0.005,-0.093,-0.533,-0.285
Plcb3,0.307,0.288,-0.024,-0.069,0.767,0.606,-0.004,-0.249,0.027,0.236,0.045,-0.317,-0.682
Plcb4,-0.059,-1.543,0.071,0.178,-0.286,-0.02,0.458,0.16,0.014,0.111,0.046,-0.035,-0.171
Plcd1,-0.156,0.149,0.158,0.184,-0.967,0.021,0.058,0.32,0.02,0.163,-0.21,-0.054,-0.42
Plcd4,-0.217,-0.113,0.19,-0.969,1.609,-0.179,-1.121,,-0.187,0.16,-0.061,0.593,-0.203
Plcg1,0.671,,0.148,0.046,-0.269,-0.282,-0.111,0.101,-0.021,0.092,-0.074,0.202,-0.032
Plcl1,0.399,0.644,0.45,0.141,0.734,0.02,0.742,0.269,0.101,0.191,-0.123,-0.228,0.14
Plcxd2,0.101,-0.427,0.261,0.18,0.754,0.192,0.215,0.476,-0.145,0.26,0.471,0.556,
Plcxd3,-0.232,-0.972,0.076,0.144,0.617,0.079,0.949,0.066,-0.061,0.117,-0.022,0.296,0.12
Pld3,0.043,-0.089,0.143,-0.019,0.519,0.262,0.114,-0.009,0.052,0.2,-0.003,0.085,0.111
Pld5,0.09,0.127,0.47,0.135,1.148,0.554,-0.3,0.028,-0.095,0.238,0.843,0.142,-0.05
Plec,0.024,-0.319,0.232,0.12,0.144,0.107,0.204,0.056,0.079,0.318,0.072,0.136,0.115
Plekha1,-0.058,0.138,-0.086,0.072,-0.134,-0.042,0.415,-0.127,0.132,-0.003,0.21,-0.014,-0.178
Plekha3,-0.248,-0.309,0.161,0.165,0.12,0.157,-0.174,-0.415,0.065,0.014,-0.043,0.144,-0.43
Plekha5,-0.159,-0.244,0.177,-0.04,-0.408,0.11,0.277,0.149,0.092,0.142,-0.207,-0.354,-0.177
Plekha6,-0.073,0.091,0.299,0.142,-0.04,0.307,0.644,0.184,-0.017,0.24,0.156,0.288,-0.12
Plekha8,-0.213,-0.069,0.221,0.118,0.633,0.153,-0.448,0.134,0.266,-0.035,0.046,,
Plekhb1,0.384,-1.129,-0.17,-0.681,,,-1.009,-0.422,-0.184,-0.069,0.355,-0.368,-0.136
Plekhb2,0.157,0.013,-0.014,0.066,1.152,0.189,0.048,0.009,0.048,0.163,0.113,0.089,-0.106
Plekhf2,0.45,-0.077,-0.23,-0.161,-0.047,-0.01,0.079,,0.014,-0.082,0.237,-0.154,-0.414
Plekhh1,0.067,-1.177,-0.038,-0.007,0.58,0.781,1.149,0.055,0.108,0.11,0.46,0.127,
Plekhj1,-0.0,-0.558,-0.055,0.008,0.241,-0.101,0.147,0.002,-0.055,-0.091,-0.047,-0.228,-0.015
Plekhm2,0.04,0.214,0.09,0.097,-0.184,-0.044,-0.252,0.42,-0.048,0.114,0.03,-0.051,0.075
Plekhm3,0.03,0.673,0.176,0.081,-0.023,0.082,0.946,-0.253,0.104,0.169,0.048,0.041,-0.109
Plekho1,-0.127,-0.536,-0.148,0.093,-0.202,0.014,-0.09,0.303,0.041,-0.104,-0.225,0.035,0.267
Plekho2,0.262,-0.159,,-0.306,0.595,-0.388,-0.619,-0.077,-0.041,0.043,0.054,0.122,
Plin2,-0.24,0.164,-0.217,0.178,0.351,-0.084,-0.651,-0.736,-0.133,0.068,-0.213,0.006,-0.039
Plk2,0.013,-0.956,-0.599,0.046,0.324,-0.21,-0.159,0.003,0.204,0.044,-0.146,0.303,0.203
Plk3,-0.157,0.517,0.014,-0.005,0.64,0.301,-0.316,0.045,-0.01,0.113,0.006,0.13,-0.229
Plk4,-0.196,-0.011,0.053,-0.249,-0.654,-0.01,-0.645,0.298,0.262,0.317,0.089,0.04,
Plod1,-0.274,0.78,-0.059,-0.082,0.623,0.699,-0.082,0.334,-0.057,0.132,0.277,,-0.611
Plod2,0.291,-1.166,-0.144,0.148,0.271,0.189,0.832,0.059,0.253,0.185,0.205,0.042,-0.205
Plod3,0.16,0.218,0.164,-0.156,0.098,0.169,0.21,0.115,0.072,0.074,-0.044,-0.054,-0.007
Plp1,0.491,-0.409,-0.215,-0.057,-0.027,-0.318,-0.543,-0.635,-0.271,-0.08,0.529,,-0.238
Plp2,-0.014,,-0.206,0.016,0.376,-0.028,0.19,-0.004,0.017,-0.0,-0.026,-0.258,-0.114
Plrg1,0.132,0.0,0.0,-0.095,0.14,-0.257,0.571,0.244,-0.254,0.008,-0.135,-0.06,-0.25
Pls3,0.024,0.193,0.061,-0.117,0.907,0.12,0.186,0.371,0.014,0.087,0.039,0.034,0.219
Plscr3,-0.069,,0.144,-0.01,0.367,-0.018,0.172,0.069,-0.011,0.009,0.079,0.036,-0.236
Plvap,-0.208,-1.484,-0.302,-0.163,1.766,-0.205,-1.284,,0.07,-0.169,0.465,,-0.393
Plxna1,0.413,0.202,0.485,0.031,-0.174,0.041,0.298,0.418,0.019,0.401,0.257,0.542,
Plxna2,0.484,0.318,0.123,-0.006,-1.304,-0.694,-0.436,0.238,0.245,0.286,0.497,0.282,-0.001
Plxna4,0.044,-0.086,-0.012,0.013,-0.137,0.07,0.831,0.031,-0.06,0.194,0.095,0.247,-0.379
Plxnc1,0.071,-0.234,0.134,0.008,0.586,0.349,0.618,-0.412,0.096,0.086,1.047,0.341,0.283
Pmepa1,-0.091,0.016,-0.145,0.134,0.556,0.358,0.024,-0.324,0.227,-0.014,0.265,0.005,-0.646
Pmf1,0.39,,-0.168,-0.082,-0.69,-0.57,-0.662,,-0.035,-0.05,-0.218,-0.409,-0.568
Pmm1,0.128,0.334,-0.161,-0.003,0.375,0.036,-0.024,-0.129,-0.006,-0.045,-0.011,-0.052,0.085
Pmm2,-0.24,-1.717,0.18,0.063,0.396,-0.496,-0.533,-0.017,-0.014,0.144,-0.522,-0.073,0.205
Pmp22,-0.302,-0.065,-0.182,-0.092,0.423,0.007,-0.031,-0.095,-0.01,0.136,-0.074,-0.288,0.177
Pmpca,-0.105,0.219,0.12,-0.094,-0.323,-0.353,-0.092,0.098,0.027,0.065,0.054,-0.063,0.023
Pmpcb,0.112,-0.377,-0.011,0.066,0.114,-0.336,0.018,-0.164,-0.037,0.02,-0.132,0.023,-0.023
Pms2,0.236,-0.48,0.236,0.024,0.432,-0.136,0.333,0.207,-0.002,0.083,-0.052,-0.015,0.261
Pmvk,0.009,-0.032,-0.252,-0.041,0.374,-0.094,0.013,0.118,-0.051,-0.118,-0.1,-0.27,0.066
Pnck,-0.311,1.745,-0.135,-0.092,0.497,0.022,0.216,0.191,-0.074,-0.05,-0.023,0.275,0.177
Pnkd,0.138,0.122,-0.011,0.029,-0.008,0.159,0.063,-0.299,-0.044,-0.052,0.009,-0.066,-0.059
Pnkp,-0.005,-0.45,-0.059,0.231,0.663,0.046,-0.925,-0.441,-0.193,-0.016,0.01,-0.243,-0.236
Pnma2,0.267,-0.529,0.061,0.128,0.243,-0.024,0.736,0.435,0.07,0.057,0.155,-0.123,0.101
Pnmal1,0.505,,-0.214,0.055,0.393,0.119,0.256,0.93,0.107,0.142,0.245,0.238,0.311
Pnmal2,-0.066,0.396,-0.029,0.082,-0.115,-0.025,0.141,0.342,-0.12,0.067,0.144,0.192,0.242
Pnn,0.247,-0.194,-0.09,-0.021,-0.455,-0.171,0.116,0.126,0.063,-0.014,0.032,-0.017,0.098
Pno1,-0.088,-0.434,-0.128,0.011,0.503,-0.092,-0.157,-1.35,-0.016,-0.153,-0.301,-0.185,-0.343
Pnp,0.144,-0.423,-0.347,0.077,0.674,0.234,-0.281,0.127,-0.017,-0.015,-0.167,-0.331,-0.223
Pnpla2,0.023,0.778,-0.216,0.153,-0.19,0.206,-0.113,-0.14,0.049,0.102,-0.207,-0.013,-0.175
Pnpla6,0.309,-0.13,0.303,0.236,0.779,0.006,0.11,0.032,0.129,0.408,0.016,0.098,0.436
Pnpla8,-0.144,-0.122,0.078,0.001,0.023,0.042,0.175,-0.28,0.02,0.083,0.026,-0.086,0.215
Pnpo,0.228,-0.442,-0.17,0.084,0.384,0.236,0.089,-0.402,-0.117,-0.043,-0.02,-0.115,0.46
Pnpt1,-0.09,0.472,0.181,0.019,-0.086,0.23,0.267,0.05,0.153,0.167,0.182,-0.117,0.088
Pnrc1,-0.065,-0.186,-0.28,-0.039,-0.493,-0.34,-0.107,-0.686,-0.01,-0.101,-0.145,-0.094,0.114
Pnrc2,-0.448,0.484,-0.189,-0.066,-0.943,0.061,-0.217,,0.045,-0.055,-0.063,0.035,0.029
Poc1b,-0.305,1.602,0.048,-0.068,-0.114,-0.075,,,-0.132,-0.095,-0.191,0.081,
Poc5,0.075,0.719,0.131,0.004,-0.143,0.053,-0.098,0.34,0.033,0.046,0.055,-0.061,0.117
Podxl2,-0.267,,0.175,-0.048,-0.156,-0.05,0.159,-0.023,-0.004,0.115,-0.019,0.006,0.095
Pofut2,-0.029,-0.527,0.098,-0.093,0.02,-0.187,-0.439,-1.056,-0.083,0.083,-0.04,0.051,-0.098
Pogk,0.287,-0.48,-0.092,0.194,0.152,0.001,-0.822,-0.07,-0.125,0.072,0.081,0.147,0.097
Poglut1,-0.023,-0.141,0.225,-0.001,0.454,0.109,0.1,0.285,0.013,0.132,0.113,0.066,-0.143
Pogz,-0.241,-0.347,0.103,0.024,-0.621,0.4,0.43,0.121,0.01,0.233,0.229,0.268,0.346
Pola2,-0.436,0.904,0.072,0.213,-0.569,-0.35,0.189,,-0.129,0.069,-0.108,0.32,-0.17
Polb,-0.021,0.029,-0.075,-0.048,0.098,-0.108,0.057,0.1,-0.046,-0.075,-0.078,-0.044,0.153
Pold2,0.089,0.063,-0.014,-0.087,-0.012,-0.148,0.064,-0.024,0.114,-0.011,-0.392,0.018,-0.038
Pold3,-0.043,0.082,0.08,-0.051,-0.054,-0.296,0.759,0.063,-0.252,0.007,0.185,-0.043,0.178
Pold4,0.041,0.473,-0.161,-0.015,0.937,-0.064,-0.173,-0.256,-0.085,-0.13,0.024,-0.384,0.0
Poldip2,0.213,-0.1,-0.009,-0.027,0.01,-0.348,-0.246,-0.21,-0.049,0.029,-0.022,0.236,-0.244
Poldip3,-0.081,0.335,0.007,-0.083,-0.622,-0.195,-0.028,-0.184,0.086,0.2,0.083,0.308,-0.109
Pole3,0.25,0.139,-0.107,-0.056,-0.239,-0.12,0.137,-0.147,0.075,-0.045,-0.042,-0.084,-0.201
Pole4,0.114,0.27,-0.071,-0.044,-0.173,-0.077,-0.407,0.258,-0.008,-0.078,-0.016,-0.079,0.08
Polg,0.36,0.959,0.333,0.006,0.629,-0.26,0.177,-0.08,-0.283,0.272,0.058,0.168,-0.058
Polg2,-0.339,,-0.131,-0.432,-0.064,-0.013,0.115,,-0.154,-0.114,0.095,0.136,-0.665
Polk,-0.073,0.463,0.024,0.023,0.498,0.023,-0.189,0.295,-0.072,0.097,0.082,0.303,-0.345
Poll,-0.114,-1.224,0.13,-0.188,-1.194,-0.16,-0.48,,0.19,-0.011,-0.204,0.312,-0.944
Polr1a,0.057,0.423,0.231,0.178,-0.084,0.156,0.068,0.486,-0.013,0.188,0.203,0.083,0.487
Polr1b,0.085,-0.308,0.218,0.39,-0.168,-0.459,-0.206,,0.285,0.28,-0.034,0.021,
Polr1c,-0.037,0.79,-0.031,-0.037,0.291,-0.129,-0.234,-0.158,-0.123,-0.005,-0.14,-0.231,0.139
Polr1d,-0.193,-0.063,-0.201,-0.035,0.075,-0.016,-0.049,0.046,-0.067,-0.104,-0.147,-0.335,-0.096
Polr1e,0.242,-1.299,-0.063,0.021,0.301,-0.084,-0.184,0.167,0.049,0.013,-0.177,-0.085,0.213
Polr2a,-0.001,0.129,-0.121,-0.113,-0.36,0.362,-0.108,-0.46,-0.106,0.161,0.015,0.094,-0.314
Polr2b,0.059,0.802,0.091,-0.004,-0.207,-0.032,-0.237,0.162,0.188,0.115,0.094,0.068,0.134
Polr2c,0.032,-0.01,-0.106,-0.05,-0.057,-0.115,-0.245,-0.256,-0.044,-0.088,-0.26,-0.141,-0.075
Polr2d,-0.002,-0.237,-0.13,-0.013,-0.086,-0.218,-0.589,0.091,-0.08,-0.134,0.042,0.145,0.078
Polr2e,0.06,-0.082,-0.134,-0.0,0.147,0.007,-0.09,-0.134,-0.133,-0.106,-0.149,-0.044,-0.086
Polr2f,0.035,-0.021,-0.194,-0.006,-0.014,0.029,-0.26,-0.102,-0.075,-0.1,-0.136,-0.124,0.006
Polr2g,0.014,-0.128,-0.151,-0.099,-0.029,-0.113,0.056,0.123,-0.019,-0.063,-0.052,-0.223,-0.144
Polr2h,0.069,-0.106,-0.117,-0.005,0.325,-0.081,0.069,-0.205,-0.053,-0.131,-0.1,-0.074,0.216
Polr2i,0.007,-0.163,-0.169,-0.025,0.028,-0.087,0.069,-0.467,-0.037,-0.184,-0.11,-0.381,-0.086
Polr2j,0.034,0.788,-0.109,-0.016,-0.287,-0.14,-0.031,0.058,-0.049,-0.126,-0.09,-0.173,0.085
Polr2k,-0.296,-0.269,-0.11,-0.033,0.102,0.066,-0.072,-0.119,-0.051,-0.101,0.111,-0.201,0.069
Polr2l,-0.125,0.774,-0.086,-0.025,0.313,0.146,-0.818,-0.097,0.023,-0.114,0.086,-0.465,0.008
Polr3a,0.756,0.915,0.079,0.253,0.77,0.089,-0.078,0.461,0.205,0.187,-0.046,0.063,
Polr3b,0.067,-0.356,0.057,0.059,-0.269,0.158,-1.231,-1.238,0.04,0.142,-0.077,0.201,-0.37
Polr3c,0.271,0.101,0.077,-0.13,0.395,-0.08,0.082,0.248,-0.103,0.027,-0.094,-0.201,0.075
Polr3d,-0.268,0.114,-0.094,-0.076,0.527,-0.103,0.092,-0.039,-0.129,-0.11,0.046,-0.214,-0.091
Polr3e,0.125,0.169,0.04,0.017,0.188,0.229,-0.242,0.568,0.198,0.132,-0.088,0.468,0.047
Polr3f,0.278,0.231,0.093,0.024,-0.531,0.046,-0.26,0.331,0.041,0.105,0.248,0.091,-0.142
Polr3g,-0.2,-1.158,-0.032,-0.028,0.718,0.135,0.045,0.617,-0.112,-0.063,0.025,,
Polr3gl,-0.105,0.642,-0.068,-0.186,0.031,-0.489,-0.248,0.185,-0.135,-0.09,-0.138,-0.083,0.087
Polr3h,0.077,-0.119,-0.08,0.054,-0.328,0.11,0.084,-0.085,-0.017,-0.058,0.128,-0.178,-0.006
Polr3k,-0.1,0.904,-0.098,0.012,-0.141,0.011,0.058,-0.678,0.049,-0.086,-0.111,-0.03,-0.119
Polrmt,-0.611,-0.429,0.32,-0.048,0.689,0.215,0.363,-0.905,0.313,0.219,-0.223,-0.044,0.001
Pom121,0.552,-0.357,0.153,0.13,-0.435,-0.101,0.316,-0.308,0.198,0.179,0.037,0.106,-0.213
Pomc,-0.351,,-0.223,-0.121,0.064,-0.351,-0.166,,-0.081,-0.102,-0.108,-0.115,-0.088
Pomgnt1,0.193,0.07,0.154,0.103,-0.025,0.121,0.104,-0.13,0.024,0.083,-0.133,0.044,-0.253
Pomp,0.033,0.147,-0.198,-0.037,0.105,0.02,0.016,0.091,-0.015,-0.097,-0.073,-0.147,-0.043
Pomt1,-0.829,0.411,0.079,0.241,-0.922,0.009,0.017,-0.026,-0.144,0.258,0.197,0.015,
Pomt2,-0.233,0.112,0.211,0.208,-0.461,-0.566,0.29,-0.093,0.23,0.13,0.085,0.11,
Pop4,-0.26,-0.327,-0.182,0.005,-0.032,-0.18,0.03,-0.443,-0.103,-0.022,-0.214,-0.247,-0.06
Pop5,0.046,-0.19,-0.096,-0.037,0.352,0.035,-0.062,0.037,-0.018,-0.093,0.05,-0.3,0.215
Pop7,0.154,-0.359,-0.25,0.027,0.278,0.071,-0.186,-0.305,-0.079,-0.126,-0.035,-0.265,0.098
Por,0.066,0.042,0.06,-0.102,-0.225,-0.123,-0.02,-0.162,0.273,0.349,-0.008,0.155,0.132
Porcn,0.279,0.698,0.26,0.04,-0.041,0.281,0.354,-0.046,0.019,0.261,0.226,0.176,-0.11
Pot1a,0.066,-0.093,0.076,0.127,0.134,0.237,0.316,0.337,0.045,0.186,-0.065,-0.035,-0.308
Pou6f1,0.349,0.616,0.288,0.266,-0.049,0.238,0.472,0.189,0.174,0.11,0.074,0.257,-0.096
Ppa1,0.154,0.185,-0.1,-0.021,0.219,0.058,-0.067,-0.618,0.032,-0.01,-0.016,-0.475,-0.117
Ppa2,0.138,0.197,-0.055,0.016,0.104,-0.184,0.057,-0.06,0.023,-0.095,0.051,-0.106,0.154
Ppan,-0.296,0.527,0.025,0.13,-0.43,-0.102,-0.425,-0.144,-0.018,0.078,-0.21,0.101,-0.003
Ppargc1b,-0.27,0.206,0.129,-0.105,0.459,0.135,-0.007,0.21,-0.006,0.102,-0.127,,
Ppat,0.049,1.071,-0.01,-0.046,0.188,0.018,0.309,-0.222,-0.0,0.06,0.077,-0.178,0.133
Ppcdc,0.035,0.386,0.153,-0.091,0.549,0.663,-0.267,-0.077,-0.071,0.099,-0.016,-0.015,0.658
Ppcs,-0.009,1.181,0.001,0.15,0.36,-0.121,0.08,-0.496,0.055,0.014,0.086,-0.379,0.042
Ppdpf,0.114,-0.385,-0.149,-0.011,-0.166,0.057,-0.116,0.204,-0.028,-0.133,-0.027,-0.254,0.007
Ppfia1,0.102,-3.01,0.008,-0.115,0.027,-0.118,0.483,-0.319,0.223,0.024,0.185,0.197,-0.164
Ppfia2,-0.516,-0.168,0.057,-0.022,-0.417,-0.012,0.436,-0.157,0.014,0.064,0.256,0.056,0.026
Ppfia3,-0.053,0.138,0.168,-0.153,0.612,0.211,-0.046,0.075,0.145,0.229,0.083,0.251,-0.064
Ppfia4,0.2,-0.272,0.279,0.04,-0.44,0.089,-0.045,-0.049,0.01,0.212,0.184,0.187,-0.351
Ppfibp2,-0.055,0.404,0.445,0.026,0.327,0.137,0.414,0.18,0.095,0.137,-0.075,0.016,-0.608
Pphln1,0.186,0.239,-0.136,-0.049,-0.318,0.324,0.35,-0.874,-0.017,-0.026,0.124,0.11,-0.123
Ppia,-0.033,-0.096,-0.155,-0.061,0.044,-0.007,0.058,-0.139,-0.063,-0.08,-0.087,-0.099,-0.01
Ppib,0.005,,0.085,-0.027,0.055,0.02,0.151,-0.221,0.012,-0.01,-0.085,-0.282,-0.031
Ppid,-0.018,-0.102,-0.119,0.028,0.034,0.091,-0.07,0.134,-0.199,-0.004,-0.162,-0.123,-0.088
Ppie,-0.095,-1.191,-0.12,-0.091,-0.018,0.005,-0.067,-0.364,-0.16,-0.077,-0.171,0.214,0.038
Ppif,0.21,0.864,-0.055,-0.146,-0.401,0.015,-0.427,-0.972,-0.016,-0.144,0.091,,-0.066
Ppig,-0.043,0.327,-0.088,0.037,-0.114,-0.088,0.4,-0.065,-0.057,-0.02,-0.029,0.019,0.009
Ppih,0.208,-0.264,-0.196,-0.018,-0.436,-0.067,0.222,0.343,-0.05,-0.122,-0.166,-0.372,-0.195
Ppil1,-0.206,0.845,-0.05,0.04,-0.268,-0.123,0.168,0.534,0.001,-0.055,-0.088,-0.091,0.334
Ppil2,0.079,-0.733,-0.052,0.033,0.23,-0.032,0.199,0.007,-0.15,0.024,0.003,-0.104,-0.059
Ppil3,0.241,-0.079,-0.096,0.046,-0.092,-0.083,0.429,-0.282,-0.014,-0.125,-0.058,-0.176,-0.029
Ppil4,0.023,-0.066,0.085,-0.119,-0.058,0.009,0.047,0.204,0.065,0.058,0.141,-0.007,-0.09
Ppip5k1,0.108,0.725,0.153,0.009,-0.451,0.033,0.458,0.021,0.043,0.112,0.325,0.118,0.017
Ppip5k2,-0.029,0.111,0.295,0.1,0.032,0.206,0.172,-0.627,-0.042,0.181,-0.019,0.015,-0.748
Ppm1a,-0.03,0.229,0.098,0.063,0.008,0.007,0.323,-0.047,0.057,0.072,0.05,0.081,-0.173
Ppm1b,-0.159,-0.408,-0.056,-0.001,-0.045,-0.007,0.12,-0.031,0.085,-0.012,0.04,0.142,0.026
Ppm1d,-0.522,0.553,-0.106,0.146,-0.35,0.055,0.409,-0.001,-0.342,-0.092,-0.178,0.249,-0.013
Ppm1e,0.146,-0.389,0.186,0.148,-0.802,-0.18,0.27,,-0.002,0.115,0.197,0.384,-0.295
Ppm1f,0.12,-0.127,0.216,0.115,0.497,0.458,0.159,0.245,0.155,0.187,0.19,-0.114,0.339
Ppm1g,0.133,-0.229,-0.046,0.078,-0.34,0.022,0.064,0.01,-0.011,0.016,-0.07,0.037,-0.002
Ppm1h,0.078,-0.428,0.191,-0.116,-0.166,-0.52,0.484,-0.23,-0.105,0.125,-0.038,0.401,-0.124
Ppm1k,-0.171,-0.836,0.219,0.059,-0.28,-0.291,0.449,-0.254,0.183,0.147,0.063,0.022,0.222
Ppm1l,0.17,0.572,0.137,0.004,0.345,0.081,0.813,-0.099,0.214,0.255,0.001,-0.037,-0.403
Ppm1m,0.34,1.649,-0.088,0.215,-0.33,-0.234,-1.412,,0.119,0.001,-0.166,-0.096,
Ppme1,0.097,-0.04,0.018,-0.072,0.001,-0.031,-0.046,0.318,0.028,0.074,0.005,0.154,0.142
Ppox,0.13,,0.196,0.021,-0.897,0.605,0.391,-0.099,-0.068,-0.012,0.03,-0.234,0.021
Ppp1ca,-0.079,0.221,-0.148,-0.08,-0.068,-0.08,-0.047,0.085,-0.03,-0.046,-0.057,-0.21,-0.083
Ppp1cb,-0.146,0.014,0.088,-0.031,-0.085,-0.006,0.234,0.142,-0.016,0.121,0.036,0.301,-0.046
Ppp1cc,0.179,-0.421,-0.056,-0.097,-0.058,-0.249,0.158,-0.369,-0.014,-0.038,-0.089,-0.023,0.055
Ppp1r10,-0.149,0.721,-0.059,0.095,-0.933,0.05,-0.031,0.045,0.217,0.117,-0.123,0.03,-0.108
Ppp1r11,-0.094,-0.385,-0.205,-0.027,0.205,0.049,0.131,0.158,-0.023,-0.127,-0.031,-0.042,0.031
Ppp1r12a,0.111,-0.679,0.006,0.044,-0.435,0.026,0.049,-0.13,0.131,0.156,0.062,0.108,0.058
Ppp1r12b,0.128,0.039,0.284,-0.111,-0.244,0.099,0.724,-0.112,-0.196,0.05,-0.107,0.005,0.197
Ppp1r12c,0.093,0.056,0.087,0.201,-0.1,-0.072,0.244,0.208,0.088,0.025,0.128,-0.119,0.019
Ppp1r13b,-0.014,1.001,0.133,-0.072,0.101,0.122,-0.116,-0.331,0.101,0.1,0.209,-0.023,-0.297
Ppp1r14b,0.061,-0.688,-0.135,0.024,-0.252,-0.051,-0.154,-0.03,0.016,-0.058,-0.149,-0.245,-0.371
Ppp1r14c,-0.151,0.386,-0.262,0.202,1.02,0.472,0.156,-0.509,-0.135,-0.262,0.389,-0.332,-0.133
Ppp1r15a,-0.198,-0.393,-0.35,-0.107,-0.498,0.166,-0.37,0.07,-0.14,-0.009,-0.159,0.038,-0.171
Ppp1r15b,0.027,0.005,0.077,0.053,0.334,0.062,0.214,-0.463,-0.048,0.309,0.131,0.221,0.001
Ppp1r16a,0.001,0.839,0.089,-0.097,0.076,0.133,0.22,-0.742,0.081,0.153,0.063,0.064,0.03
Ppp1r1a,0.204,-0.018,-0.195,-0.073,-0.179,-0.006,0.111,0.322,-0.023,-0.18,0.121,0.053,0.292
Ppp1r2,0.051,-0.219,-0.119,-0.009,0.214,0.01,-0.039,0.085,0.004,-0.066,0.023,-0.014,0.035
Ppp1r3f,-0.311,0.549,0.07,-0.209,0.146,0.449,,,-0.049,0.09,0.159,0.071,0.285
Ppp1r7,-0.034,-0.04,-0.07,0.05,0.133,-0.112,0.294,0.077,-0.008,-0.025,-0.07,0.016,-0.031
Ppp1r8,0.093,-1.465,0.042,-0.051,-0.478,-0.45,0.474,0.266,0.118,0.064,0.119,0.06,-0.204
Ppp1r9a,-0.31,0.142,0.028,-0.02,-0.154,-0.075,0.059,-0.145,0.047,0.219,0.051,0.253,0.161
Ppp1r9b,0.122,0.007,0.101,-0.023,0.341,0.404,-0.008,-0.23,-0.016,0.238,0.139,0.312,0.03
Ppp2ca,-0.046,0.221,-0.068,-0.093,0.026,-0.018,0.153,0.021,0.01,0.022,0.012,-0.093,-0.057
Ppp2cb,-0.183,-0.25,-0.19,0.081,0.083,0.03,-0.127,0.166,-0.144,-0.194,0.139,0.032,-0.012
Ppp2r1a,0.059,-0.12,-0.003,0.0,0.101,0.103,-0.023,-0.046,0.037,0.195,0.008,0.289,0.139
Ppp2r1b,0.112,0.712,0.082,-0.041,0.169,-0.295,0.174,,0.113,0.288,0.078,0.155,-0.119
Ppp2r2a,-0.011,0.127,0.011,0.044,0.219,-0.049,0.12,0.161,-0.004,0.057,0.153,-0.104,0.028
Ppp2r2b,-0.056,-0.071,0.226,-0.013,0.146,-0.187,0.423,-0.084,-0.091,-0.044,-0.112,0.035,-0.06
Ppp2r2c,-0.129,-0.059,0.109,-0.002,0.145,0.199,0.359,-0.003,0.068,0.1,0.116,0.479,0.07
Ppp2r2d,-0.036,-0.246,-0.076,0.079,0.324,0.065,-0.043,-0.048,0.011,-0.039,0.066,-0.176,-0.21
Ppp2r3a,0.111,-0.068,0.055,0.058,0.116,0.043,0.228,-0.361,-0.059,0.067,0.049,0.185,-0.114
Ppp2r3c,0.031,-0.274,-0.109,-0.083,0.162,-0.122,-0.389,0.045,-0.066,-0.11,-0.056,-0.264,-0.135
Ppp2r3d,-0.515,-0.184,0.087,0.012,0.16,-0.363,-0.007,-0.01,-0.004,0.083,-0.068,0.323,-0.059
Ppp2r5a,0.159,,-0.075,-0.101,-0.474,-0.348,-0.354,-0.26,-0.078,0.034,-0.133,-0.143,-0.768
Ppp2r5b,0.323,-0.05,0.054,0.003,0.297,0.016,0.128,0.215,0.014,0.167,0.024,-0.103,-0.132
Ppp2r5c,-0.044,0.636,0.055,0.049,0.2,0.046,0.394,0.063,-0.001,0.037,0.039,0.041,0.19
Ppp2r5d,-0.175,-0.062,0.047,-0.032,0.345,0.268,-0.127,-0.151,-0.094,0.119,-0.018,0.048,0.213
Ppp2r5e,-0.115,-0.135,0.033,0.135,-0.04,-0.001,0.451,0.354,-0.007,0.1,0.141,0.083,-0.099
Ppp3ca,0.091,-0.108,-0.011,0.062,-0.251,0.096,0.452,0.098,-0.029,0.119,-0.09,0.259,-0.103
Ppp3cb,0.004,-0.453,0.138,0.105,-0.112,0.087,0.375,-0.074,0.017,0.022,0.017,0.09,0.127
Ppp3cc,0.161,0.793,0.286,0.132,0.479,0.312,0.324,0.097,0.016,0.069,0.073,0.052,-0.349
Ppp3r1,-0.016,-0.517,0.058,0.044,0.17,0.089,0.236,-0.406,0.059,0.08,0.144,0.092,-0.024
Ppp4c,0.087,-1.02,-0.038,-0.093,-0.139,0.178,0.268,0.292,-0.099,0.06,-0.098,0.124,-0.247
Ppp4r1,-0.199,0.004,0.101,-0.009,-0.659,-0.315,-0.01,0.229,-0.08,0.162,0.045,0.137,-0.624
Ppp4r2,0.047,1.23,-0.011,0.162,-0.263,-0.108,0.029,-0.641,-0.009,0.032,-0.152,0.034,-0.333
Ppp4r4,0.109,0.784,0.134,-0.311,0.227,0.749,-0.547,-0.097,-0.068,0.2,0.101,,
Ppp5c,0.081,0.004,-0.022,-0.041,-0.019,-0.09,-0.072,0.215,0.084,0.076,-0.146,0.274,0.193
Ppp6c,-0.11,0.017,0.016,-0.054,-0.049,0.141,-0.009,-0.061,-0.026,0.057,0.011,0.034,-0.142
Ppp6r1,0.398,0.088,0.109,0.071,0.452,0.253,-0.256,-0.173,0.152,0.226,0.31,0.209,0.082
Ppp6r2,0.04,0.938,0.055,0.053,-0.56,-0.229,0.32,0.321,-0.062,0.07,-0.083,0.135,
Ppp6r3,-0.095,0.019,0.122,-0.029,-0.212,0.033,0.28,-0.114,-0.122,0.209,0.198,0.188,0.28
Pprc1,0.087,-0.996,0.094,0.092,-0.132,0.054,-0.145,-0.812,-0.322,0.295,-0.054,0.083,
Ppt1,-0.132,-0.125,0.245,-0.101,-0.328,-0.082,-0.023,0.196,-0.055,0.105,0.056,-0.125,-0.12
Ppt2,-0.196,-0.201,0.216,-0.158,0.112,0.071,-0.11,0.262,0.021,0.127,-0.019,-0.211,-0.228
Pptc7,0.359,-0.29,0.059,0.101,-0.13,-0.032,0.431,-0.666,-0.046,0.069,0.225,0.209,-0.206
Ppwd1,-0.409,0.025,0.108,-0.041,-0.763,-0.158,-0.404,0.214,-0.187,-0.132,-0.2,-0.176,0.246
Pqbp1,0.029,0.345,-0.152,-0.055,-0.207,0.004,0.1,0.348,-0.076,-0.029,-0.054,0.022,-0.023
Pqlc1,0.108,0.38,0.384,-0.051,0.061,0.155,,-0.205,-0.114,0.107,0.081,-0.12,-0.291
Pqlc2,0.293,-0.701,0.221,0.128,0.815,-0.107,,0.041,-0.164,0.025,-0.217,-0.066,-0.765
Pqlc3,-0.116,0.33,0.366,-0.386,0.648,0.786,-0.36,-0.879,0.304,0.102,0.368,-0.419,
Praf2,-0.064,-0.051,0.09,-0.036,0.344,0.038,0.249,-0.127,-0.024,-0.024,0.008,-0.113,0.029
Pramef8,0.031,0.322,0.312,0.218,-0.611,0.011,,,0.227,0.12,0.291,0.314,-0.035
Prcc,-0.106,1.076,-0.044,-0.038,0.055,0.202,0.086,0.355,-0.071,0.184,0.161,0.047,0.124
Prcp,-0.249,-0.484,0.303,-0.018,-0.4,-0.005,-0.059,0.117,-0.006,0.102,0.019,-0.048,-0.864
Prdm2,-0.103,1.193,0.016,-0.199,-0.427,0.122,0.123,0.116,-0.055,0.087,-0.173,-0.045,-0.502
Prdm4,0.153,0.003,0.239,0.004,-0.222,-0.261,-0.001,-0.247,-0.026,0.22,0.059,0.339,0.331
Prdx1,-0.026,-0.3,-0.242,-0.052,0.274,0.024,-0.215,-0.139,-0.093,-0.065,-0.047,-0.189,-0.01
Prdx2,-0.017,-0.039,-0.177,-0.061,-0.083,-0.048,-0.012,-0.141,-0.101,-0.074,-0.132,-0.401,0.012
Prdx3,-0.134,0.155,-0.131,-0.01,0.258,0.028,0.217,0.131,-0.091,-0.081,-0.129,0.05,0.063
Prdx4,-0.19,-0.402,0.052,-0.103,-0.515,-0.14,0.179,0.248,-0.11,0.013,-0.233,-0.453,-0.137
Prdx5,0.032,-0.051,-0.181,0.034,0.254,0.005,-0.122,-0.208,-0.066,-0.099,-0.138,-0.184,0.069
Prdx6,-0.156,-0.205,-0.166,-0.02,0.134,0.027,-0.029,-0.198,-0.029,-0.063,-0.055,-0.387,-0.163
Preb,-0.076,0.334,-0.006,0.042,0.341,-0.155,-0.038,-0.045,0.112,0.13,0.13,0.061,0.163
Prelid1,-0.022,-0.055,-0.069,-0.028,0.065,0.089,0.228,-0.107,0.016,-0.091,-0.013,-0.168,-0.051
Prep,0.129,0.537,0.015,0.113,0.462,0.133,-0.295,0.127,0.039,0.3,-0.004,-0.16,-0.129
Prepl,0.089,0.392,0.07,0.188,0.597,-0.022,0.628,0.564,-0.132,0.125,0.41,0.039,0.618
Prickle1,-0.365,-0.002,0.028,0.23,-0.878,-0.639,,0.443,-0.184,0.183,-0.326,,
Prickle2,0.209,0.518,0.095,0.103,-0.024,-0.388,0.643,0.422,0.007,0.27,0.183,0.611,-0.529
Prim1,-0.243,-3.174,-0.167,0.02,-1.53,-1.029,-1.118,,-0.162,-0.123,-0.336,-0.249,0.056
Prim2,0.48,-0.077,-0.101,-0.084,-0.995,-0.49,,,-0.061,-0.053,-0.256,,0.161
Prima1,0.34,-0.407,-0.143,-0.133,-0.103,-0.291,1.005,,0.01,-0.098,-0.165,0.726,-0.21
Prkaa1,0.238,0.152,0.158,0.102,0.267,-0.452,0.081,-0.419,-0.04,0.132,0.183,0.131,-0.209
Prkaa2,0.175,0.069,0.138,-0.035,-0.066,-0.05,0.36,0.163,-0.002,0.075,-0.125,0.105,-0.026
Prkab1,-0.294,-0.609,0.045,-0.234,-0.714,-0.506,-1.664,,-0.182,0.112,0.137,-0.073,0.009
Prkab2,0.183,-0.389,0.051,-0.042,-0.12,0.183,0.081,-0.262,0.035,0.18,0.085,0.071,0.098
Prkaca,0.089,0.362,0.094,-0.035,0.246,0.019,0.158,-0.171,0.02,0.054,0.082,0.11,0.117
Prkacb,0.013,-0.087,-0.012,0.086,0.221,0.02,0.293,0.169,0.07,0.057,0.378,0.232,0.145
Prkag1,-0.082,0.157,0.056,-0.119,-0.17,0.002,-0.028,-0.269,-0.008,0.063,-0.185,-0.088,-0.031
Prkag2,-0.006,0.234,0.056,-0.021,0.294,0.166,-0.104,-0.294,0.06,0.149,0.038,-0.031,0.247
Prkar1a,-0.03,-0.124,-0.041,0.066,0.29,0.093,0.169,0.078,0.047,0.119,0.148,0.006,-0.007
Prkar1b,-0.084,0.146,0.037,0.053,0.283,0.032,0.14,0.113,0.036,0.12,0.12,0.029,0.024
Prkar2a,0.152,0.302,0.021,0.013,-0.331,0.016,0.356,0.115,0.119,0.076,0.104,0.134,0.141
Prkar2b,0.368,-0.115,-0.205,-0.01,-0.069,0.075,0.307,-0.958,0.147,-0.15,-0.033,0.431,-0.11
Prkca,0.252,2.565,-0.085,0.039,0.398,0.303,0.47,-0.022,0.33,0.206,-0.044,-0.351,-0.304
Prkcb,-0.007,-0.386,0.059,0.024,-0.556,-0.08,0.331,0.471,0.273,0.118,0.615,0.589,0.259
Prkcd,-0.536,-0.133,0.035,-0.084,0.485,0.352,-0.284,,-0.031,,-0.081,-0.562,-1.389
Prkce,-0.077,-0.311,0.139,0.036,-0.113,-0.039,0.475,-0.637,0.229,0.081,0.005,0.306,-0.004
Prkci,0.088,0.091,0.061,0.013,0.068,-0.249,0.11,-0.192,0.023,0.238,0.208,0.323,0.117
Prkcsh,-0.022,0.879,0.204,-0.07,-0.27,0.175,-0.189,0.181,0.018,0.128,0.079,-0.064,-0.043
Prkcz,0.008,0.69,0.102,0.029,0.437,0.118,-0.082,0.305,-0.022,0.034,0.033,0.113,0.106
Prkdc,0.044,0.056,0.193,-0.004,-0.09,0.286,0.498,-0.516,0.154,0.269,0.123,-0.064,
Prkg2,0.116,-0.28,0.018,-0.072,1.43,0.272,0.31,-0.069,-0.193,0.048,-0.486,,
Prkra,-0.223,-0.743,-0.134,-0.004,0.312,0.021,0.448,0.337,-0.154,-0.083,-0.032,-0.138,0.035
Prkrip1,-0.097,0.714,-0.174,-0.079,-0.129,0.276,-0.634,-0.52,0.108,-0.1,-0.064,0.026,-0.052
Prkx,-0.12,-0.303,0.107,-0.011,-0.532,0.086,0.341,0.21,0.386,0.138,0.112,-0.122,-0.155
Prmt1,-0.308,-0.062,-0.074,-0.086,-0.156,-0.078,0.101,0.006,-0.156,-0.007,-0.24,0.078,-0.096
Prmt2,-0.219,0.688,-0.128,-0.018,0.223,0.05,0.027,-0.173,-0.116,0.021,0.029,-0.173,0.018
Prmt3,0.303,-0.519,0.157,0.112,-0.276,0.2,-0.218,-0.13,0.141,0.128,0.058,0.15,-0.406
Prmt5,-0.114,-0.082,0.091,0.076,-0.112,0.014,-0.2,0.152,0.028,0.171,-0.028,0.283,0.093
Prmt6,0.022,0.281,0.024,0.11,0.172,0.111,-0.044,,0.031,0.036,0.385,0.165,0.121
Prmt7,0.085,0.528,0.074,-0.038,0.057,0.024,0.151,0.409,0.082,0.068,-0.101,0.016,-0.08
Prnp,-0.083,-0.184,0.126,0.03,0.028,-0.14,0.11,0.068,0.002,0.002,0.159,0.482,0.024
Prorsd1,0.243,0.574,-0.277,0.195,0.7,-0.281,-0.733,,-0.094,-0.087,-0.063,-0.087,-0.088
Prpf18,-0.243,0.565,0.052,0.109,-0.206,0.108,0.278,0.27,-0.017,0.131,0.084,0.082,0.02
Prpf19,0.029,0.332,0.061,0.014,0.067,-0.061,-0.146,-0.17,-0.074,0.176,-0.032,0.247,0.077
Prpf3,-0.039,-0.714,-0.01,0.316,-0.862,-0.371,0.441,0.407,-0.15,-0.035,0.025,-0.128,-0.809
Prpf31,0.003,0.672,-0.134,-0.084,-0.366,-0.081,-0.155,-0.088,-0.058,-0.057,-0.071,-0.066,-0.104
Prpf38a,-0.16,0.274,-0.106,-0.126,0.043,0.006,0.295,0.592,-0.087,-0.09,-0.163,-0.013,-0.016
Prpf38b,0.044,-0.164,0.058,-0.114,-0.375,-0.116,0.173,0.11,-0.153,0.11,-0.147,-0.01,0.157
Prpf39,0.05,0.479,0.117,0.013,-0.507,-0.189,0.505,-0.227,0.118,0.263,0.002,-0.022,-0.304
Prpf4,0.15,-0.191,-0.023,-0.184,0.272,-0.078,-0.025,0.086,0.118,0.082,-0.093,-0.082,0.01
Prpf40a,0.105,-0.141,0.011,0.037,-0.206,-0.126,0.323,0.299,0.105,0.071,-0.11,0.113,-0.022
Prpf40b,0.171,0.216,0.199,-0.008,-0.08,0.285,0.415,0.317,0.01,0.078,0.146,0.065,0.253
Prpf4b,-0.208,-0.612,0.018,0.026,-0.129,-0.066,0.109,0.021,0.075,0.081,0.077,-0.166,-0.117
Prpf6,0.182,-0.374,-0.032,0.063,-0.332,-0.167,-0.033,-0.135,0.019,0.052,-0.038,-0.075,-0.138
Prpf8,0.035,0.379,0.201,0.167,0.178,0.244,0.153,0.331,0.107,0.237,-0.045,0.207,-0.243
Prph,-0.101,0.045,,-0.059,0.395,0.034,-0.011,-0.005,-0.011,-0.072,-0.085,-0.006,0.179
Prps1,0.204,0.095,-0.074,-0.055,0.027,-0.017,0.265,-0.071,-0.064,0.069,0.116,0.186,0.148
Prps2,-0.041,-0.432,0.081,0.094,0.206,0.458,0.288,-0.281,0.073,0.112,0.722,0.554,-0.085
Prpsap1,0.162,0.062,0.112,-0.112,0.313,0.002,0.066,-0.027,-0.007,0.033,0.028,-0.087,0.079
Prpsap2,0.235,-1.647,0.095,0.021,-0.401,-0.25,0.451,0.175,0.098,0.103,0.03,0.165,0.024
Prr13,-0.104,0.067,-0.148,-0.013,0.566,0.089,0.049,0.1,-0.036,-0.043,-0.049,-0.235,-0.143
Prr14,-0.303,0.347,0.075,-0.097,-0.378,0.181,-0.08,-0.067,-0.001,0.177,0.09,0.153,0.01
Prr3,0.035,2.794,-0.059,-0.083,0.059,-0.312,-0.151,0.576,-0.046,0.071,0.029,0.289,-0.078
Prr5,-0.253,1.579,0.021,-0.02,0.13,0.324,-0.164,0.577,0.125,-0.126,-0.008,,-0.534
Prrc1,-0.397,-0.546,0.016,-0.039,-0.089,0.302,0.249,-0.436,-0.079,0.147,-0.026,-0.052,-0.98
Prrc2b,-0.071,0.14,0.09,0.127,0.095,0.157,0.382,0.14,0.043,0.288,0.073,0.257,-0.038
Prrc2c,0.079,0.033,-0.076,-0.05,-0.21,0.072,0.493,-0.221,0.066,0.06,0.008,0.126,0.062
Prrg2,-0.463,0.653,-0.079,0.004,0.909,0.05,-0.06,-0.729,0.09,0.009,0.016,-0.136,-0.459
Prrg3,-0.326,-0.366,-0.007,0.126,0.418,-0.001,-1.038,-1.338,0.108,0.137,0.031,0.285,0.281
Prrt3,0.189,0.293,0.439,-0.395,1.585,-0.697,0.427,,-0.106,0.28,-0.169,0.065,
Prss36,0.214,0.447,-0.039,-0.215,-0.565,0.425,0.248,,-0.018,-0.038,0.144,-0.369,0.358
Prune2,0.128,0.13,0.447,0.125,0.744,0.082,0.464,0.042,0.022,0.198,-0.199,0.17,0.237
Psap,0.197,-0.086,0.387,0.064,0.393,0.213,0.097,0.136,0.066,0.316,0.118,0.319,0.093
Psat1,-0.156,0.736,0.11,-0.052,-0.661,-0.425,-0.854,,-0.096,-0.144,0.006,-0.041,-0.343
Psd3,0.162,0.141,0.156,0.209,0.18,0.13,0.464,-0.043,-0.013,0.169,0.126,0.126,0.54
Psen1,-0.037,0.244,0.241,0.046,-0.258,-0.011,0.09,0.386,-0.068,0.121,0.08,0.127,0.07
Psen2,-0.223,0.031,0.146,-0.031,0.72,0.532,0.475,-0.309,0.05,0.133,-0.009,-0.111,0.019
Psenen,-0.106,-0.107,0.018,-0.041,0.224,-0.013,0.006,0.344,0.003,-0.043,0.003,-0.091,0.066
Psip1,-0.138,-0.055,-0.161,-0.018,-0.229,-0.103,0.53,0.146,-0.057,-0.032,0.001,-0.019,-0.006
Psma1,-0.024,-0.12,-0.035,-0.063,0.193,0.096,0.118,0.1,-0.111,0.038,-0.116,-0.32,0.067
Psma2,0.032,-0.144,-0.128,-0.013,0.087,-0.059,-0.122,-0.125,-0.051,-0.103,-0.066,-0.039,-0.05
Psma3,-0.017,-0.044,-0.089,-0.023,-0.048,-0.037,0.163,0.102,-0.028,-0.056,-0.067,-0.19,0.003
Psma4,0.078,0.235,-0.07,-0.034,0.134,-0.186,0.198,-0.189,-0.147,-0.024,-0.102,-0.22,-0.063
Psma5,0.055,-0.034,-0.122,-0.022,0.082,-0.038,-0.005,0.173,-0.081,-0.063,-0.0,-0.204,0.055
Psma6,-0.008,-0.119,-0.145,-0.059,0.021,0.008,0.004,-0.43,-0.048,-0.03,-0.1,-0.152,0.046
Psma7,0.016,-0.001,-0.164,-0.053,0.165,-0.004,0.12,-0.09,-0.023,-0.083,-0.039,-0.203,-0.038
Psmb1,0.002,-0.106,-0.157,-0.045,0.146,0.037,-0.073,-0.245,-0.072,-0.051,-0.086,-0.231,0.039
Psmb10,-0.012,0.332,-0.215,-0.029,0.245,-0.02,-0.265,-0.156,-0.037,-0.061,-0.156,-0.015,-0.327
Psmb2,0.029,0.113,-0.117,-0.043,0.138,0.07,0.039,-0.07,-0.089,-0.085,-0.134,-0.196,0.043
Psmb3,-0.025,-0.101,-0.162,0.003,0.391,-0.018,-0.068,0.034,-0.092,-0.027,-0.11,-0.137,0.017
Psmb4,0.09,-0.07,-0.116,-0.046,0.188,-0.017,-0.254,0.088,-0.096,0.002,-0.111,-0.157,0.078
Psmb5,0.038,-0.041,-0.139,0.007,0.403,0.006,-0.083,-0.186,-0.106,-0.083,-0.188,-0.358,-0.019
Psmb6,0.061,0.233,-0.179,-0.06,0.156,0.039,-0.027,0.005,-0.067,-0.092,-0.13,-0.167,-0.008
Psmb7,-0.006,0.088,-0.147,-0.059,0.138,0.019,-0.176,-0.047,-0.098,-0.046,-0.087,-0.097,0.077
Psmb8,-0.074,-0.185,,-0.109,2.261,0.352,-0.35,-0.222,0.049,0.021,-0.346,0.02,-1.182
Psmc1,-0.036,0.271,-0.082,-0.067,0.276,0.025,0.053,-0.223,-0.048,-0.003,-0.01,-0.118,-0.06
Psmc2,-0.056,0.032,-0.087,-0.082,0.32,-0.179,-0.025,0.244,-0.11,-0.003,-0.173,-0.007,0.069
Psmc3,-0.056,0.279,-0.106,0.006,0.254,-0.023,-0.147,-0.036,-0.042,-0.004,-0.099,-0.273,-0.069
Psmc4,-0.031,0.017,-0.055,-0.122,0.082,-0.149,0.088,-0.321,-0.063,0.002,-0.072,-0.063,-0.012
Psmc5,-0.036,0.16,-0.12,0.01,0.589,0.021,0.134,0.088,-0.075,-0.023,-0.141,-0.114,0.132
Psmc6,0.041,-0.009,-0.06,-0.071,0.049,-0.022,0.184,-0.213,-0.03,0.001,-0.08,-0.242,0.022
Psmd1,0.015,-0.465,-0.009,-0.025,0.341,0.011,0.38,-0.028,0.007,0.059,0.081,0.059,0.037
Psmd10,-0.095,-0.225,-0.166,-0.1,-0.076,0.231,0.47,0.324,-0.19,-0.137,-0.094,-0.328,-0.103
Psmd11,-0.059,-0.169,-0.113,-0.012,0.031,0.018,0.181,-0.154,0.005,0.033,-0.097,-0.073,-0.012
Psmd12,0.01,0.287,-0.071,0.05,0.112,0.003,0.374,0.053,0.002,-0.024,-0.054,-0.305,-0.01
Psmd13,-0.1,0.218,-0.15,-0.055,0.033,0.069,-0.182,-0.087,-0.057,-0.008,-0.185,0.009,0.024
Psmd14,-0.059,-0.139,-0.033,0.012,0.193,-0.093,0.216,0.181,-0.093,-0.003,-0.023,-0.133,0.122
Psmd2,0.105,0.189,0.134,0.033,0.126,0.103,-0.214,-0.191,0.025,0.138,-0.016,-0.162,-0.007
Psmd3,0.143,0.065,0.092,-0.043,0.006,-0.142,0.14,-0.012,-0.049,0.167,-0.001,0.164,-0.039
Psmd4,0.01,-0.04,-0.197,-0.068,0.157,-0.095,-0.055,0.061,-0.052,0.003,-0.111,-0.101,-0.088
Psmd5,0.079,0.168,0.012,0.018,0.089,-0.24,-0.061,-0.245,0.01,-0.016,0.152,0.079,0.003
Psmd6,0.023,-0.212,-0.042,-0.001,0.179,-0.029,0.228,0.214,-0.142,-0.011,-0.211,-0.353,-0.083
Psmd7,-0.0,-0.15,-0.174,0.009,0.055,-0.091,0.173,0.066,-0.047,-0.031,-0.051,-0.079,0.087
Psmd8,0.067,-0.073,-0.212,-0.037,0.256,-0.078,0.019,0.065,-0.075,-0.039,-0.127,-0.178,0.025
Psmd9,-0.112,0.682,-0.158,-0.057,-0.16,0.007,0.057,-0.104,-0.07,-0.153,-0.141,0.004,0.155
Psme1,-0.324,0.874,-0.39,-0.042,0.149,0.121,0.015,0.078,-0.005,-0.064,-0.223,-0.207,0.015
Psme2,-0.023,0.087,-0.168,-0.066,0.32,-0.289,0.07,-0.557,-0.104,-0.066,-0.204,-0.436,-0.124
Psme3,-0.199,0.861,0.101,0.024,0.03,0.231,-0.111,-0.705,0.103,0.126,0.071,0.331,-0.048
Psme4,0.162,-0.042,0.256,0.105,-0.082,-0.036,0.56,0.017,0.134,0.17,0.006,-0.1,-0.227
Psmf1,-0.026,0.215,0.001,0.013,-0.107,-0.091,-0.02,0.382,-0.048,0.002,0.001,0.037,-0.268
Psmg1,-0.05,0.003,-0.171,-0.022,0.007,-0.354,-0.217,0.081,-0.282,-0.095,-0.082,-0.245,-0.078
Psmg2,-0.056,-0.376,0.037,0.007,0.253,0.035,0.082,-0.513,-0.225,-0.012,-0.18,-0.172,-0.161
Psmg3,0.053,0.244,-0.08,-0.013,0.357,0.152,-0.35,-0.117,-0.076,-0.001,0.144,-0.115,0.183
Psmg4,-0.024,-0.61,-0.094,-0.042,0.133,0.105,-0.296,0.017,-0.023,-0.133,-0.13,-0.287,0.203
Pspc1,0.122,0.681,-0.04,-0.034,-0.029,0.104,0.262,-0.923,0.051,0.011,-0.103,0.051,-0.076
Psph,-0.512,-0.44,-0.142,-0.324,-0.403,-0.576,-0.415,-0.824,-0.339,-0.112,-0.261,-0.219,-0.083
Pstk,0.127,-0.931,-0.024,0.158,0.121,-0.087,0.238,0.441,-0.156,-0.015,0.233,0.037,0.298
Pstpip1,0.49,0.691,-0.175,-0.272,2.722,0.781,0.103,-0.007,-0.089,0.158,0.483,0.168,
Ptar1,0.162,,0.187,-0.066,-0.552,-0.182,0.301,,-0.132,0.132,0.052,0.017,
Ptbp2,-0.112,0.302,0.086,0.002,-0.353,0.046,0.427,-0.019,0.017,0.046,0.154,0.036,0.051
Ptcd1,-0.063,-0.25,0.19,-0.16,-0.385,-0.37,-1.548,,-0.139,0.096,-0.133,0.234,-0.224
Ptcd2,-0.015,0.919,0.005,-0.074,-0.1,-0.146,-0.143,-0.168,0.014,0.075,-0.193,0.148,-0.02
Ptcd3,0.026,-1.878,0.168,0.029,-0.068,0.209,0.464,0.556,0.094,0.112,0.076,-0.102,0.375
Ptchd1,0.319,-0.049,-0.318,-0.04,-0.376,-0.288,-0.315,-0.147,0.047,0.257,0.069,-0.167,0.145
Ptdss1,0.094,-0.25,0.179,0.022,-0.152,0.057,0.143,-0.088,0.075,0.306,0.054,0.153,0.009
Ptdss2,-0.107,-0.155,0.06,-0.005,0.374,0.014,0.117,-0.045,0.016,0.147,-0.045,0.054,0.101
Pten,-0.021,0.175,-0.03,0.002,0.402,-0.052,0.288,-0.287,0.07,0.091,0.071,-0.019,0.071
Ptger4,0.297,0.848,0.011,0.041,1.752,-0.885,-0.237,,-0.077,-0.118,0.006,-0.388,-0.366
Ptges2,0.046,-0.439,-0.036,-0.05,-0.066,0.015,-0.071,-0.139,-0.177,-0.019,-0.112,-0.186,0.061
Ptges3,-0.051,-0.201,-0.165,0.035,-0.281,-0.107,0.161,0.154,-0.01,-0.056,0.004,-0.017,0.001
Ptgr1,0.345,-0.007,0.109,-0.184,2.119,0.193,-0.212,0.186,-0.114,0.126,-0.57,-0.395,
Ptgr2,-0.154,0.791,-0.108,-0.001,0.195,-0.027,-0.241,-0.353,-0.101,0.008,-0.028,0.024,0.126
Ptk2,0.037,-0.025,0.156,0.071,-0.765,0.023,0.051,-0.46,0.184,0.218,0.021,-0.016,0.081
Ptma,-0.208,0.033,-0.34,-0.008,-0.494,-0.132,0.18,-0.025,0.008,-0.083,-0.143,0.037,-0.085
Ptms,-0.033,-0.277,-0.178,0.014,-0.092,0.017,-0.056,-0.009,0.049,-0.057,0.043,-0.037,-0.016
Ptn,0.303,-0.268,-0.127,-0.112,0.605,0.114,-0.131,-0.32,-0.072,0.06,-0.175,0.435,0.422
Ptov1,0.001,0.27,-0.137,-0.065,0.015,-0.074,-0.019,-0.055,-0.025,-0.018,-0.09,0.12,0.039
Ptp4a2,-0.031,0.398,-0.07,0.024,-0.165,-0.092,0.187,-0.013,0.021,0.026,0.089,0.225,0.066
Ptp4a3,0.069,0.106,-0.049,0.002,0.798,0.109,0.015,0.476,-0.062,-0.074,0.055,-0.247,-0.24
Ptpdc1,0.06,-0.49,-0.034,-0.008,-0.217,0.087,0.691,0.277,0.084,0.115,-0.007,0.114,0.148
Ptpn1,-0.245,-1.504,-0.09,-0.127,-0.013,-0.035,0.096,0.165,-0.114,0.063,-0.17,-0.031,-0.285
Ptpn11,0.149,0.454,0.066,0.086,0.08,0.121,0.24,-0.147,0.054,0.049,0.082,0.131,-0.397
Ptpn12,-0.038,-0.223,0.074,0.011,0.086,0.416,0.104,-0.158,0.236,0.07,0.038,-0.128,0.176
Ptpn2,0.144,0.348,0.035,-0.074,-0.69,-0.477,-0.186,-0.249,-0.042,0.03,-0.055,-0.127,0.082
Ptpn23,0.233,-0.18,0.174,0.104,-0.288,0.404,-0.179,0.125,0.139,0.149,0.085,0.068,0.42
Ptpn3,-0.024,-0.27,0.074,0.033,0.878,-1.691,-0.148,-0.075,0.159,0.087,0.064,0.106,0.048
Ptpn4,0.041,-0.039,0.148,0.07,-0.07,0.023,0.431,0.299,0.009,0.084,0.148,0.08,-0.214
Ptpn9,-0.068,1.158,0.068,0.172,0.294,0.121,0.517,-0.054,-0.035,0.084,0.039,0.04,0.084
Ptpra,-0.022,-0.011,0.104,0.073,0.113,0.054,0.185,-0.175,0.028,0.159,0.046,-0.021,-0.065
Ptprd,-0.002,0.23,0.121,0.094,-0.082,-0.189,-0.04,,0.088,0.059,0.352,0.003,-0.27
Ptpre,-0.038,-0.201,-0.129,0.016,1.898,0.58,0.446,0.189,0.313,0.075,0.043,-0.762,-0.09
Ptprf,0.153,0.151,0.343,0.043,-0.125,0.164,0.334,0.141,0.012,0.266,0.041,0.157,-0.131
Ptprg,-0.041,-0.457,-0.169,-0.249,0.556,-0.22,,-0.122,0.092,0.27,0.318,-0.219,-0.185
Ptprn,-0.154,-0.017,0.205,-0.003,0.081,0.067,0.636,0.182,0.024,0.23,0.094,0.036,0.141
Ptprn2,-0.049,-0.081,0.083,0.056,-0.666,0.122,1.539,0.352,-0.35,0.128,0.22,0.111,0.185
Ptpro,-0.126,-0.638,0.238,-0.048,0.005,0.364,,,0.095,0.294,0.113,-0.289,-0.032
Ptprr,0.293,-0.2,0.066,0.188,0.574,0.197,1.093,-0.204,0.214,0.251,0.069,0.036,-0.155
Ptprs,0.146,0.302,0.288,0.075,-0.06,0.123,0.216,-0.06,0.037,0.241,0.057,0.328,0.099
Ptprt,0.287,-0.156,-0.338,-0.011,-0.519,-0.058,0.839,-0.832,0.077,0.272,0.102,0.833,-0.102
Ptrh1,0.052,-0.52,-0.136,0.225,0.829,-0.526,-0.001,0.196,0.11,-0.15,0.096,,0.199
Ptrh2,0.005,0.212,-0.075,0.07,-0.347,0.15,0.164,0.181,0.008,-0.004,-0.261,0.08,-0.141
Pts,-0.195,0.266,-0.19,-0.017,0.383,0.143,0.091,-0.62,0.016,-0.097,-0.001,-0.329,0.12
Pttg1,-0.043,0.488,-0.114,-0.021,0.3,-0.002,0.085,-0.291,-0.279,-0.048,0.008,-0.304,0.087
Pttg1ip,0.019,-0.293,-0.054,-0.096,-0.054,-0.03,-0.288,-0.2,0.048,0.13,0.106,-0.016,-0.019
Puf60,-0.133,0.274,-0.029,-0.096,0.361,-0.021,-0.247,-0.141,-0.082,-0.008,-0.136,-0.014,-0.027
Pum1,-0.142,-0.354,0.001,0.065,-0.332,-0.002,0.282,0.241,-0.015,0.143,0.041,0.037,0.183
Pum2,-0.051,-0.111,0.094,-0.08,-0.216,-0.058,0.128,-0.165,-0.014,0.153,0.084,0.161,-0.006
Pura,-0.161,0.524,-0.045,0.029,0.059,-0.064,0.864,0.043,0.05,0.01,0.133,0.06,0.037
Purb,-0.058,-0.297,-0.028,0.086,-0.201,-0.002,0.253,0.076,0.092,0.024,0.025,0.065,0.026
Purg,0.094,0.658,0.184,0.114,-0.165,0.147,0.956,0.335,-0.172,0.037,-0.0,0.16,-0.06
Pus1,0.26,0.469,0.017,0.062,0.375,-0.134,0.01,-0.628,-0.189,-0.05,-0.011,-0.201,0.244
Pus10,0.64,-0.211,0.159,0.091,-0.014,-0.184,0.688,0.432,-0.092,0.189,0.228,-0.014,
Pus3,-0.07,0.15,0.074,-0.103,-0.23,0.046,-0.427,,-0.021,-0.096,0.187,-0.217,-0.373
Pus7,0.011,-0.837,-0.032,0.065,0.007,0.144,-1.048,0.077,-0.146,0.029,0.313,0.031,-0.14
Pusl1,0.085,-0.438,-0.08,0.025,0.159,0.164,0.218,0.123,0.044,-0.105,-0.213,-0.242,-0.127
Pvr,-0.431,1.125,0.157,-0.164,0.002,0.565,-0.818,,-0.074,0.005,0.002,0.188,0.614
Pvt1,0.134,-0.784,0.121,-0.03,0.106,0.254,0.237,-0.007,0.135,-0.09,-0.015,0.136,-0.034
Pwp1,-0.192,0.162,-0.01,-0.007,-0.479,-0.063,0.089,-3.177,0.171,0.014,0.055,-0.044,-0.018
Pwp2,0.051,-0.294,0.237,-0.261,-0.052,0.228,-0.091,-0.272,-0.015,0.041,0.189,0.039,-0.396
Pwwp2a,-0.127,-0.033,0.065,-0.092,-0.456,-0.151,-0.023,0.172,-0.112,0.007,0.221,-0.125,0.082
Pwwp2b,0.297,-0.781,-0.021,0.156,-0.273,0.589,0.05,-0.236,0.059,0.173,0.039,-0.265,-0.318
Pxk,-0.21,0.594,0.064,-0.052,0.199,-0.348,0.303,0.173,-0.106,0.049,0.205,0.201,0.101
Pxmp2,-0.729,-0.221,-0.223,0.141,0.591,0.027,0.233,-0.75,-0.003,-0.037,0.11,-0.229,-0.028
Pxmp4,0.199,0.587,-0.008,0.047,0.469,0.41,0.1,0.417,-0.056,0.144,-0.133,-0.221,-0.083
Pycr2,-0.162,-0.022,-0.079,-0.137,-0.089,-0.081,-0.051,-0.36,-0.139,0.065,0.071,-0.124,-0.087
Pycrl,0.016,0.048,-0.152,-0.023,-0.073,-0.053,-0.017,-0.126,-0.158,-0.019,-0.045,-0.211,-0.061
Pygb,0.019,-0.364,0.402,0.11,0.4,0.084,-0.054,-0.295,0.089,0.15,0.198,0.148,-0.029
Pygl,-0.443,0.261,0.493,0.234,-0.518,0.324,0.107,-0.437,0.108,0.298,0.464,,
Pygo1,-0.169,,0.117,-0.073,-0.326,-0.154,0.148,,-0.113,0.058,0.211,0.043,0.171
Pygo2,0.161,-0.493,0.1,0.031,-0.218,-0.229,0.276,0.048,-0.028,0.109,0.109,-0.052,0.207
Pyroxd1,-0.042,,0.113,-0.205,0.393,0.175,-0.266,0.464,-0.326,0.011,-0.176,-0.132,-0.103
Qars,0.052,-0.487,0.107,0.103,-0.078,-0.109,0.068,0.254,-0.048,0.135,-0.12,-0.047,0.014
Qdpr,0.179,-0.047,-0.195,-0.028,-0.048,0.065,0.105,-0.229,0.018,-0.064,-0.118,-0.24,-0.096
Qk,0.49,-0.855,-0.116,-0.197,-0.476,-0.432,-0.13,-0.283,-0.078,-0.129,0.352,0.158,-0.256
Qpct,0.467,0.848,-0.068,-0.056,0.133,0.105,-0.154,,0.148,0.06,0.04,-0.647,-0.753
Qpctl,-0.109,1.453,0.163,0.13,-0.128,0.2,0.068,-0.637,-0.061,0.263,0.038,0.053,-0.152
Qrich1,0.028,-0.439,0.15,0.073,-0.151,-0.094,-0.052,0.086,0.027,0.182,-0.017,0.066,0.04
Qrsl1,0.089,-1.547,0.08,0.001,0.108,0.525,0.416,0.138,-0.087,-0.012,0.03,-0.096,0.079
Qser1,-0.075,-0.494,0.204,0.104,-0.521,0.145,0.538,-0.084,0.018,0.271,0.099,0.005,-0.15
Qsox1,-0.279,1.168,0.483,-0.013,-0.314,0.055,-0.123,0.032,-0.021,0.456,-0.019,0.241,-0.373
Qsox2,-0.211,0.333,0.163,0.081,-0.497,0.392,0.891,-0.245,0.21,0.317,0.243,0.048,0.12
Qtrt1,-0.296,-1.167,0.129,-0.044,-0.01,0.144,0.21,-0.049,-0.185,0.077,0.144,0.034,-0.056
R3hcc1,0.268,-0.496,-0.075,0.055,0.084,-0.154,0.151,0.238,-0.125,-0.097,-0.178,-0.332,-0.181
R3hdm1,-0.117,-0.888,0.083,0.015,-0.137,-0.043,0.183,0.031,0.025,0.015,0.244,-0.011,-0.253
R3hdm2,0.155,0.159,0.049,0.016,0.084,-0.064,0.288,-0.028,-0.019,-0.035,0.101,0.006,0.043
Rab10,0.097,-0.147,0.05,0.018,-0.06,0.045,0.374,-0.412,0.041,-0.009,0.038,-0.029,-0.135
Rab11a,0.038,-0.187,0.051,-0.052,0.211,0.213,0.012,0.07,-0.017,-0.002,-0.032,0.046,-0.044
Rab11b,-0.096,0.036,-0.024,-0.002,-0.031,0.021,0.128,-0.308,-0.052,0.01,0.013,0.173,-0.032
Rab11fip2,-0.223,-0.804,-0.029,0.025,-0.363,-0.019,0.215,-0.12,0.104,0.023,0.099,0.001,0.331
Rab11fip3,-0.215,0.653,0.1,-0.143,-0.197,0.194,0.543,-0.246,0.13,0.079,0.281,0.233,0.056
Rab11fip4,-0.502,,0.072,0.094,0.425,0.216,0.099,-0.205,0.053,0.152,0.074,0.527,0.242
Rab11fip5,-0.026,-0.023,0.144,-0.152,0.196,0.3,-0.282,0.051,-0.016,0.177,0.169,0.306,-0.573
Rab12,0.059,-1.443,-0.038,-0.083,-0.213,-0.194,-0.068,-0.278,0.037,0.023,-0.057,0.056,-0.262
Rab13,-0.248,1.407,0.212,-0.31,-0.834,0.671,-1.415,-0.622,0.191,-0.143,0.076,,-0.429
Rab14,-0.005,-0.135,0.056,0.018,0.218,0.007,0.198,-0.001,-0.003,0.009,-0.02,-0.121,0.031
Rab15,0.109,-0.078,0.117,-0.063,0.106,0.488,0.21,0.002,-0.032,0.076,0.042,0.4,0.273
Rab18,-0.019,0.275,-0.067,0.07,-0.067,-0.024,0.138,-0.159,-0.002,-0.105,-0.035,-0.06,0.05
Rab1b,-0.044,0.284,0.023,0.084,0.219,-0.056,-0.071,0.102,0.041,0.056,0.066,0.057,-0.009
Rab21,-0.156,-0.248,-0.084,0.087,0.133,0.129,0.264,-0.103,0.056,-0.028,0.131,-0.145,0.178
Rab22a,-0.06,-0.076,-0.055,0.022,-0.024,-0.157,0.427,-0.141,0.012,0.018,-0.033,0.053,0.018
Rab23,-0.143,0.828,-0.086,-0.14,-0.116,0.06,0.072,-0.351,0.043,0.154,-0.171,-0.032,-0.249
Rab24,0.061,0.072,-0.086,-0.04,0.304,0.019,-0.052,-0.244,0.019,-0.054,-0.075,-0.216,0.064
Rab27a,-0.201,0.247,0.049,-0.175,-0.944,-0.272,0.509,0.469,0.492,0.21,0.145,0.297,0.546
Rab27b,0.176,1.258,-0.206,0.356,0.863,0.109,0.292,-0.596,0.12,0.073,0.158,0.322,0.005
Rab28,-0.257,-1.072,-0.04,0.153,-0.052,-0.036,0.246,-0.085,0.015,-0.072,-0.027,-0.021,-0.212
Rab2a,-0.085,0.069,-0.048,-0.019,0.146,0.019,0.328,0.238,-0.021,-0.078,-0.003,-0.176,0.019
Rab2b,0.169,0.0,0.05,0.109,0.009,-0.192,0.356,-0.21,0.06,-0.091,0.06,-0.002,0.029
Rab30,0.133,0.037,0.244,0.002,-0.302,-0.152,0.861,0.037,-0.034,0.05,0.081,0.528,-0.029
Rab31,0.013,-0.86,-0.061,-0.149,0.154,-0.388,-0.073,,-0.032,-0.142,-0.025,0.304,0.192
Rab33a,-0.024,0.132,-0.122,-0.046,-0.132,-0.07,-0.081,,-0.165,-0.114,-0.16,-0.082,0.107
Rab33b,0.151,0.702,0.008,-0.053,0.295,-0.385,0.08,0.421,0.08,0.03,-0.095,0.189,-0.03
Rab34,0.204,-0.215,-0.156,-0.065,0.115,-0.435,-0.383,-0.606,-0.11,-0.016,-0.057,-0.077,-0.014
Rab35,-0.14,-0.073,-0.007,-0.08,-0.231,0.048,-0.093,-0.236,0.023,0.019,-0.015,0.195,-0.084
Rab36,0.053,,0.081,0.025,-0.292,0.609,-0.91,0.012,0.065,0.072,0.142,0.028,0.247
Rab39b,-0.127,-0.221,0.121,-0.025,0.03,-0.05,0.258,0.216,0.007,0.006,0.077,0.073,-0.171
Rab3a,0.047,0.036,-0.083,-0.022,0.358,0.077,0.195,0.118,-0.077,-0.064,0.0,-0.18,0.074
Rab3b,0.297,0.532,-0.14,0.014,0.255,0.201,0.201,0.08,0.048,0.078,0.389,0.325,0.323
Rab3c,0.315,0.506,0.141,0.018,-0.099,0.14,0.45,0.11,0.009,0.05,0.019,0.047,-0.073
Rab3d,0.008,0.489,0.068,0.014,0.652,0.346,-0.2,-0.104,0.014,0.195,0.104,0.049,-0.059
Rab3gap1,-0.021,0.024,0.101,-0.08,-0.036,0.183,0.664,-0.053,0.179,0.074,0.167,-0.058,-0.084
Rab3gap2,0.118,0.163,0.181,-0.003,-0.265,0.08,0.314,0.078,0.002,0.071,0.207,0.06,0.242
Rab3ip,0.08,-0.238,-0.035,-0.02,0.025,0.157,-0.143,-0.693,0.011,-0.043,-0.106,-0.087,-0.271
Rab40c,0.444,1.142,0.217,0.102,0.848,0.197,-0.427,0.312,-0.06,0.077,-0.097,0.125,-0.034
Rab4a,-0.125,0.522,-0.142,0.032,0.458,0.056,0.289,-0.003,-0.015,-0.054,0.028,-0.099,0.083
Rab4b,-0.065,-0.387,0.004,0.046,0.454,0.277,-1.277,,0.014,-0.084,-0.092,,0.06
Rab5a,-0.091,-0.081,0.003,0.021,-0.034,-0.041,0.265,-0.271,0.022,-0.05,0.034,0.008,0.139
Rab5b,0.126,0.367,0.017,0.03,0.057,-0.047,0.163,-0.099,0.034,0.058,0.16,0.365,0.076
Rab5c,-0.281,-0.347,-0.074,0.002,0.136,-0.005,-0.193,-0.055,-0.014,0.006,-0.013,0.002,-0.033
Rab6a,0.039,-0.124,0.048,0.035,0.247,0.081,0.316,-0.103,-0.0,-0.0,0.071,0.12,0.028
Rab6b,-0.003,0.075,0.105,0.077,0.485,0.106,0.259,-0.061,0.058,0.015,0.071,0.118,0.173
Rab7,-0.037,-0.305,-0.036,-0.018,0.101,0.065,-0.073,0.108,-0.034,0.038,0.054,0.189,-0.032
Rab8a,-0.065,-0.06,-0.093,-0.023,-0.248,-0.015,-0.315,-0.235,-0.044,0.005,-0.205,0.091,-0.339
Rab8b,-0.216,0.296,0.048,0.165,-0.285,-0.191,-0.228,-0.519,-0.045,0.168,0.347,-0.306,-0.452
Rab9,0.017,-0.186,-0.153,0.006,0.153,0.079,-0.153,0.164,-0.074,-0.061,0.042,-0.05,-0.072
Rab9b,-0.087,-0.427,-0.0,0.004,0.415,0.159,0.259,,0.095,0.082,0.132,0.321,-0.168
Rabac1,0.065,0.147,0.087,-0.066,0.607,0.104,0.076,0.05,-0.012,0.002,-0.064,-0.257,0.031
Rabep1,-0.059,-0.33,-0.055,-0.05,0.007,-0.019,-0.011,-0.121,0.025,-0.011,0.181,0.102,-0.195
Rabep2,-0.091,-1.067,0.191,0.35,0.888,-0.089,-0.203,0.135,-0.087,0.129,0.086,0.01,-1.22
Rabepk,-0.056,-0.325,-0.069,-0.113,0.291,-0.421,0.015,0.396,-0.056,-0.057,-0.121,-0.155,0.078
Rabgap1,0.062,0.28,0.058,0.096,0.124,-0.048,0.161,-0.114,0.058,0.153,0.052,0.175,-0.253
Rabgap1l,0.131,-0.253,0.072,0.035,0.129,-0.043,0.567,0.333,0.171,0.044,0.224,0.209,0.114
Rabgef1,-0.285,-0.752,0.051,-0.042,0.172,-0.158,-0.204,0.339,-0.023,0.058,0.079,-0.069,-0.082
Rabggta,-0.024,0.358,0.192,0.013,-0.356,0.205,-0.126,-0.181,0.021,0.051,-0.041,-0.08,-0.0
Rabggtb,-0.066,-0.035,-0.119,-0.031,0.225,0.277,0.114,-0.391,-0.002,-0.102,0.042,-0.023,0.039
Rabif,-0.147,0.065,0.0,-0.055,0.092,-0.102,0.071,0.112,0.003,-0.018,-0.075,-0.059,-0.14
Rabl2,-0.005,0.542,0.098,-0.183,-0.78,0.248,0.304,-0.059,-0.089,0.031,-0.078,0.193,0.448
Rabl3,-0.209,0.146,0.04,-0.123,-0.738,-0.164,0.083,,-0.074,0.09,-0.054,-0.076,-0.111
Rac1,-0.064,0.26,-0.052,0.007,-0.061,-0.014,0.017,-0.317,0.056,0.028,0.04,0.194,-0.068
Rac3,0.128,0.05,-0.06,-0.029,0.627,0.093,-0.171,0.19,0.013,-0.093,-0.027,-0.12,0.219
Rad1,0.038,-0.785,-0.008,-0.155,-0.001,-0.124,-0.073,,-0.216,-0.052,-0.141,0.011,0.406
Rad17,-0.217,-0.308,-0.057,0.095,0.037,-0.222,0.318,-0.592,-0.124,0.001,-0.048,-0.208,-0.367
Rad18,0.449,-0.983,0.165,0.213,-0.779,-0.162,0.078,,-0.237,0.076,0.164,-0.017,-0.069
Rad21,-0.202,-0.298,0.032,0.022,-0.491,0.022,0.055,-0.337,-0.064,0.131,-0.045,0.183,0.013
Rad23a,-0.103,0.064,-0.167,0.107,0.406,-0.082,-0.001,-0.075,0.063,-0.036,0.139,-0.049,0.017
Rad23b,-0.067,0.442,0.025,-0.046,-0.025,0.146,0.075,-0.175,0.016,0.049,0.12,0.097,-0.048
Rad50,-0.146,1.308,0.088,0.007,0.107,0.121,0.781,0.522,-0.002,0.063,0.291,-0.032,-0.227
Rad52,0.308,0.654,-0.047,0.051,-0.787,-0.292,-0.194,-0.289,0.132,-0.058,0.184,-0.086,0.492
Rad9b,-0.889,,-0.074,0.015,-1.25,0.084,,,-0.35,0.063,0.025,-0.106,-0.832
Rae1,0.043,0.322,-0.005,-0.01,0.067,0.156,-0.001,0.264,-0.037,-0.0,-0.136,-0.155,-0.074
Raf1,-0.094,-0.463,0.167,-0.116,-0.189,0.006,0.123,0.1,-0.077,0.126,-0.013,-0.029,-0.077
Rai1,0.094,0.32,0.074,0.169,-0.156,0.263,0.087,0.06,0.019,0.169,0.143,0.192,0.155
Rai2,0.02,-0.101,,0.077,-0.279,0.563,0.517,,0.055,0.172,-0.05,0.115,0.075
Rala,-0.014,0.354,-0.149,-0.018,0.266,0.096,0.287,0.016,0.01,-0.083,-0.038,-0.174,-0.085
Ralb,0.085,-1.046,0.078,0.042,0.04,-0.156,-0.115,-0.686,0.108,0.024,-0.253,-0.242,-0.622
Ralbp1,0.038,0.416,-0.129,0.038,0.114,0.013,0.561,0.064,0.029,0.022,0.103,0.006,0.031
Ralgapa1,-0.02,0.11,0.161,0.047,0.001,-0.047,0.475,-0.002,0.01,0.137,-0.012,-0.042,-0.046
Ralgapa2,-0.163,-0.401,0.363,0.349,-0.101,0.03,0.712,-0.288,0.269,0.125,0.278,-0.061,0.058
Ralgapb,-0.116,0.053,0.224,0.001,-0.358,0.016,0.574,0.244,0.053,0.267,0.256,0.097,0.295
Ralgds,-0.177,-0.014,-0.039,0.012,0.106,0.064,-0.011,0.13,0.063,0.172,-0.007,0.135,-0.142
Ralgps2,0.389,1.353,-0.058,0.004,0.109,0.155,0.521,0.066,0.15,0.015,0.129,-0.026,-0.12
Raly,0.084,-0.002,-0.112,-0.067,-0.491,-0.14,-0.276,-0.541,-0.056,-0.046,-0.137,0.269,0.107
Ralyl,-0.178,-0.435,-0.082,0.06,0.457,0.24,-0.108,-0.229,-0.156,-0.022,0.193,0.123,0.375
Ramp2,0.254,-0.941,-0.651,-0.662,1.716,0.489,-1.035,-1.08,-0.306,-0.195,0.502,-0.412,-1.105
Ran,0.059,-0.253,-0.085,-0.001,-0.058,-0.034,-0.032,-0.193,-0.002,-0.037,-0.13,0.085,0.04
Ranbp1,0.005,0.225,-0.193,0.011,-0.164,0.003,0.016,-0.18,-0.049,-0.12,-0.126,-0.202,-0.079
Ranbp10,0.364,-0.143,0.122,-0.069,-1.275,-0.078,0.499,-0.19,-0.049,0.24,0.233,0.189,-0.028
Ranbp17,0.282,2.203,0.181,-0.294,-0.65,-0.207,-0.644,0.818,-0.221,0.071,0.497,0.307,
Ranbp2,0.039,-0.803,0.07,-0.082,-0.545,0.064,0.134,0.401,0.033,0.282,-0.108,-0.02,-0.229
Ranbp3,0.135,-0.03,0.099,-0.121,-0.334,0.218,0.159,0.167,-0.056,0.2,-0.042,0.28,0.006
Ranbp6,-0.241,0.15,0.306,-0.053,-0.317,0.001,0.203,0.278,0.065,0.303,-0.059,0.066,0.043
Ranbp9,-0.096,-0.02,-0.029,0.038,0.211,-0.072,0.227,-0.412,-0.009,0.201,0.06,0.1,-0.121
Rangap1,0.094,-0.038,-0.009,0.02,0.261,0.053,-0.072,0.073,0.064,0.135,0.106,0.194,0.027
Rangrf,0.137,-0.356,-0.143,-0.048,-0.063,0.145,-0.594,-0.374,0.0,-0.022,-0.057,-0.434,0.006
Rap1a,-0.181,0.232,-0.08,-0.033,-0.046,-0.106,-0.049,-0.018,-0.164,-0.064,-0.054,-0.076,0.035
Rap1b,-0.138,-0.019,-0.077,-0.054,0.186,0.103,0.043,-0.089,0.026,-0.035,-0.016,-0.086,-0.069
Rap1gap,-0.083,-0.093,0.284,0.054,0.696,0.267,-0.022,0.098,0.086,0.177,0.271,0.093,0.195
Rap1gap2,0.134,0.274,0.136,0.052,0.377,0.383,0.339,-0.179,0.052,0.135,0.249,0.27,-0.618
Rap1gds1,0.002,0.075,0.065,0.081,0.396,0.233,0.085,0.093,0.095,0.092,0.192,-0.011,0.008
Rap2a,0.318,0.054,-0.023,0.096,-0.025,0.064,0.166,-0.292,0.003,-0.017,0.115,-0.077,-0.105
Rap2c,0.223,0.072,0.166,-0.025,-0.363,0.187,0.599,-0.166,0.106,-0.005,0.225,-0.004,0.149
Rapgef1,-0.143,0.357,0.166,0.124,-0.452,-0.169,0.101,0.169,0.081,0.299,0.119,0.203,0.079
Rapgef2,0.332,-0.832,0.039,0.152,-0.115,0.235,0.446,0.432,0.006,0.074,0.053,0.25,0.24
Rapgef4,0.071,-0.312,0.301,0.572,0.749,-0.615,-0.193,0.381,-0.029,0.303,0.177,0.088,0.1
Rapgef5,0.034,,0.122,0.191,-0.117,0.144,0.166,0.259,-0.006,-0.1,0.527,,
Rapgef6,-0.099,-0.003,0.04,-0.01,-0.409,0.032,0.589,-0.036,0.037,0.149,0.024,-0.016,-0.141
Raph1,-0.049,-0.222,0.171,0.046,0.317,0.067,0.236,0.074,0.092,0.196,0.078,0.294,-0.02
Rarb,0.852,-1.507,0.156,-0.329,1.027,1.488,0.194,,0.047,0.194,0.499,,0.226
Rarres2,0.081,,-0.326,-0.601,0.363,0.87,-0.773,-0.696,-0.671,-0.205,0.115,,
Rars,-0.182,-0.324,0.042,0.08,0.068,0.152,0.012,0.328,-0.129,0.062,-0.076,-0.15,-0.029
Rars2,0.017,-0.899,0.04,-0.078,-0.098,0.264,-0.018,-1.416,0.115,0.114,-0.165,-0.027,0.075
Rasa1,-0.039,0.207,0.12,0.04,-0.17,-0.004,0.504,-0.048,-0.054,0.101,0.108,0.06,-0.168
Rasa2,-0.06,-0.091,0.039,-0.039,0.092,0.287,0.266,0.208,0.06,0.059,0.033,-0.046,-0.028
Rasal2,0.055,-0.35,-0.059,0.009,0.212,0.309,-0.714,0.016,-0.061,0.17,-0.015,-0.076,0.099
Rasd2,-0.035,0.259,-0.295,-0.194,0.282,0.001,0.549,,0.193,0.153,0.124,0.824,-0.046
Rasgef1a,-0.159,-0.097,0.005,0.158,0.653,1.038,0.526,-0.23,-0.067,0.004,-0.822,-0.432,
Rasgef1b,0.286,0.298,0.122,0.227,-0.313,0.128,0.399,-0.229,-0.237,,-0.585,,
Rasgrf2,0.144,0.724,0.11,-0.146,1.691,0.382,0.004,0.775,0.36,0.139,0.181,-0.204,-0.237
Rasgrp2,1.077,-0.628,0.373,0.126,-0.159,-0.121,-1.527,,-0.042,,-0.157,,-0.004
Rasip1,-0.105,-0.989,-0.511,-0.21,0.899,0.151,-0.465,,-0.01,0.136,-0.092,,
Rasl10b,0.085,-0.037,0.094,0.103,0.355,-0.23,-0.194,-0.042,0.05,0.089,0.14,0.0,0.431
Rassf1,-0.087,-0.331,-0.212,-0.229,-0.224,-0.521,-0.347,-0.363,-0.227,0.022,0.05,-0.01,-0.081
Rassf3,0.068,-0.504,0.175,0.372,-1.202,-0.484,0.18,,0.138,-0.027,0.13,,
Rassf5,0.183,0.255,0.243,0.212,0.55,0.331,-0.245,0.394,0.038,0.184,0.545,-0.378,0.213
Rassf8,-0.142,,0.177,0.164,-0.09,0.331,-0.57,0.045,-0.235,0.316,0.124,0.684,-0.052
Rb1,0.056,-1.014,0.07,0.032,-0.198,-0.085,0.516,-0.45,0.086,0.093,-0.055,-0.095,-0.086
Rb1cc1,0.021,-0.428,0.09,0.128,-0.001,-0.063,0.354,0.066,0.015,0.154,0.029,0.048,0.018
Rbbp4,-0.005,0.324,-0.069,0.023,-0.471,0.108,0.232,-0.151,-0.058,-0.069,-0.099,0.029,0.109
Rbbp5,-0.037,-0.016,0.23,-0.007,-0.534,0.051,0.882,0.369,0.011,0.254,0.058,0.136,0.128
Rbbp6,-0.15,-0.882,-0.022,0.027,-0.117,0.003,0.054,0.11,-0.084,0.086,0.015,0.068,0.011
Rbbp7,0.015,0.156,0.017,-0.077,0.066,0.141,0.103,-0.098,0.008,0.06,-0.053,-0.019,0.058
Rbbp8,-0.191,-0.064,0.094,-0.195,-0.552,-0.239,-0.171,,-0.142,0.165,-0.005,-0.112,-1.112
Rbbp9,0.159,-0.261,-0.027,-0.097,0.277,-0.437,0.391,0.393,-0.099,0.028,0.109,0.142,-0.0
Rbck1,0.028,-1.139,-0.01,0.078,-0.153,0.002,0.014,0.255,0.004,-0.027,-0.035,0.036,-0.104
Rbfa,0.201,0.345,-0.143,-0.117,0.66,0.009,-0.08,-0.648,-0.035,0.001,-0.098,-0.218,-0.034
Rbfox1,0.036,-0.092,0.444,-0.038,0.114,-0.189,0.914,0.154,-0.003,0.027,-0.055,0.242,-0.06
Rbfox2,0.118,0.193,0.088,0.027,0.045,0.117,0.409,0.043,0.009,0.064,0.053,0.003,-0.115
Rbfox3,0.0,0.232,-0.053,,-0.417,0.739,-0.66,,0.044,0.204,0.083,0.579,0.2
Rbl2,0.35,0.247,0.11,-0.269,-0.496,0.354,0.896,0.403,0.052,-0.013,-0.009,0.212,
Rbm10,-0.017,0.037,-0.025,-0.199,-0.134,-0.184,-0.749,0.216,0.21,0.077,-0.013,0.101,-0.086
Rbm11,0.237,-0.245,0.097,0.004,1.251,0.184,-0.889,0.145,-0.021,-0.056,0.183,-0.152,-0.515
Rbm14,0.284,-0.662,0.033,0.049,-0.6,0.327,-0.241,0.475,0.076,0.148,-0.039,0.353,0.101
Rbm15b,0.119,-0.173,0.089,0.25,0.081,0.045,-0.319,0.025,0.073,0.11,0.157,0.2,-0.064
Rbm17,-0.077,-0.414,-0.126,-0.05,-0.175,-0.016,0.032,-0.222,0.003,-0.049,-0.056,-0.014,-0.01
Rbm18,-0.148,0.19,-0.041,0.005,-0.019,-0.24,-0.104,-0.301,-0.116,-0.007,-0.021,0.149,0.006
Rbm22,-0.04,-1.615,-0.087,0.037,-0.13,-0.024,-0.084,-0.289,-0.05,-0.022,0.072,-0.272,-0.006
Rbm25,0.034,-0.185,-0.026,-0.03,-0.41,-0.066,0.355,-0.172,-0.035,0.078,-0.011,-0.046,0.008
Rbm26,0.564,-1.252,0.026,0.114,-0.735,-0.147,0.969,0.218,0.052,0.056,0.029,-0.01,0.079
Rbm27,-0.056,-0.177,0.015,0.14,-0.472,-0.359,0.166,0.46,0.005,0.008,0.036,0.078,-0.1
Rbm28,0.028,-1.715,0.025,0.105,-0.477,-0.151,0.072,-0.051,-0.036,0.018,-0.089,-0.113,-0.007
Rbm3,-0.186,-0.704,-0.055,-0.029,-0.241,-0.141,-0.115,-0.021,-0.035,-0.111,-0.12,-0.332,-0.041
Rbm33,-0.146,0.064,0.081,0.059,-0.412,0.221,0.118,-0.198,-0.095,0.055,0.08,-0.032,-0.09
Rbm34,0.058,-0.337,-0.071,-0.028,-0.07,-0.372,0.58,-0.218,-0.067,0.025,0.055,-0.128,-0.162
Rbm39,0.083,-0.229,-0.061,-0.016,-0.435,-0.1,0.178,-0.149,0.023,0.059,-0.022,-0.114,-0.026
Rbm4,0.014,-0.378,0.047,0.158,0.028,-0.19,,,0.002,0.084,0.03,-0.063,0.808
Rbm42,0.082,0.452,-0.196,-0.044,0.043,-0.06,,0.219,-0.117,0.098,-0.156,0.08,0.132
Rbm43,-0.424,0.635,0.063,0.315,0.633,-0.575,0.11,-0.83,0.021,0.033,0.073,0.13,-0.228
Rbm4b,-0.481,-1.736,-0.003,-0.028,-0.586,-0.126,0.119,-0.08,0.08,0.003,-0.107,-0.032,-0.022
Rbm5,-0.32,0.006,0.114,-0.051,-0.323,-0.14,0.095,-0.008,0.004,0.107,0.05,0.034,0.083
Rbm6,-0.01,0.014,0.181,0.014,-0.227,0.1,0.043,-0.096,0.077,0.009,-0.02,0.026,-0.22
Rbm7,-0.148,-0.407,-0.099,-0.139,-0.521,-0.192,0.03,-0.564,0.003,-0.147,-0.004,-0.273,-0.29
Rbm8a,0.163,-0.164,-0.18,-0.066,0.0,-0.137,-0.104,0.041,-0.019,-0.075,-0.108,-0.215,0.085
Rbms1,-0.014,0.389,0.106,-0.06,0.029,0.17,0.359,0.064,-0.031,0.121,0.0,0.104,-0.209
Rbms2,0.323,0.717,0.124,0.257,-0.607,1.046,-1.25,,-0.023,-0.146,-0.241,-0.072,-0.195
Rbms3,-0.036,-0.125,0.056,0.026,0.24,0.114,0.486,-0.191,-0.034,0.026,-0.01,0.203,-0.12
Rbmx,0.003,-0.776,0.071,0.171,-0.86,-0.39,-0.15,-0.401,0.058,0.062,-0.099,-0.128,-0.047
Rbmx2,-0.427,-0.074,-0.213,-0.034,-0.689,-0.234,-0.435,-0.155,-0.006,-0.098,0.039,0.133,0.159
Rbmxl1,-0.061,0.127,-0.115,-0.106,-0.078,-0.121,0.028,0.441,-0.095,-0.054,-0.089,-0.07,-0.021
Rbpj,-0.196,0.099,0.081,0.033,-0.253,0.076,0.184,-0.342,-0.073,-0.026,0.062,-0.092,-0.17
Rbx1,-0.029,0.004,-0.127,-0.032,0.036,-0.033,0.052,-0.009,0.001,-0.104,-0.018,-0.079,-0.063
Rc3h1,0.038,-0.338,0.015,-0.003,0.182,0.08,0.595,0.187,0.082,0.117,0.073,0.025,0.335
Rc3h2,0.016,-0.222,0.251,0.014,-0.233,-0.112,0.568,0.255,0.141,0.14,0.213,0.11,-0.054
Rcan1,-0.232,-0.281,0.097,0.069,-0.15,0.227,-0.678,-0.091,0.098,0.012,-0.059,0.083,-0.273
Rcan2,-0.001,-0.096,0.157,0.018,-0.389,-0.04,0.386,0.054,-0.009,-0.086,0.041,0.114,0.287
Rcan3,0.307,1.065,0.025,0.15,0.43,0.052,0.161,0.543,0.128,0.071,0.207,0.18,0.123
Rcbtb1,-0.121,-0.123,0.117,0.048,-0.635,0.542,0.418,-0.249,-0.057,0.069,0.181,-0.092,0.122
Rcbtb2,-0.232,0.753,0.104,0.078,-0.55,-0.231,0.025,-0.034,-0.18,0.098,-0.102,0.001,-0.335
Rcc1,-0.156,0.831,0.043,0.024,0.245,-0.169,-1.942,,-0.085,0.102,-0.414,-0.09,-0.421
Rcc2,0.327,0.67,0.096,0.013,-0.816,-0.012,-0.044,0.193,-0.053,0.122,0.01,0.229,-0.233
Rccd1,0.88,,0.072,,-0.424,0.399,,0.388,0.319,0.229,0.034,-0.095,-0.508
Rce1,0.144,-1.734,0.121,-0.058,0.257,-0.002,-0.002,-0.348,-0.173,0.001,-0.069,-0.293,-0.189
Rchy1,0.108,-0.083,-0.09,-0.041,-0.245,-0.154,0.184,-0.248,-0.077,-0.049,-0.017,0.123,0.134
Rcl1,0.431,0.074,-0.033,0.03,-0.377,-0.139,-0.531,-0.351,-0.127,-0.039,-0.157,0.035,0.128
Rcn1,0.407,-1.465,-0.21,-0.059,-0.382,-0.246,-0.305,-0.4,-0.09,-0.167,-0.159,-0.195,-0.418
Rcn2,-0.064,-0.331,0.087,-0.038,-0.031,-0.064,0.439,-0.021,-0.02,0.149,0.034,0.256,0.087
Rcn3,-0.311,,-0.388,-0.292,-0.599,-0.209,-0.399,0.122,-0.068,-0.131,-0.032,,-0.085
Rcor1,0.35,-0.369,0.157,0.044,-0.52,-0.391,0.403,0.541,0.201,0.048,-0.001,0.196,-0.145
Rcor2,-0.483,-0.152,0.22,0.214,-0.588,0.055,0.323,-0.418,-0.075,0.139,-0.033,,0.441
Rcor3,0.106,-1.439,0.066,-0.048,-0.09,0.028,0.465,-0.203,0.038,0.08,0.131,0.131,0.211
Rdh10,-0.667,0.646,0.035,-0.217,-0.1,-0.579,-0.661,,0.202,0.347,-0.0,,
Rdh11,-0.028,0.485,0.156,0.053,-0.361,0.092,0.401,0.125,0.082,0.225,0.116,-0.168,-0.166
Rdh13,0.282,0.261,0.114,-0.075,-0.152,-0.354,-0.785,-0.029,-0.012,0.197,0.033,0.037,-0.068
Rdh14,-0.053,0.121,-0.006,-0.055,0.237,0.216,0.201,0.392,-0.09,-0.088,-0.056,-0.194,0.0
Rdh5,0.639,-0.491,-0.314,-0.158,-1.025,,-0.191,-0.609,-0.27,-0.166,-0.248,,-0.26
Rdx,-0.108,0.15,-0.046,0.073,-0.015,-0.116,0.302,-0.082,0.004,-0.005,0.043,-0.252,-0.038
Recql,-0.133,,0.158,-0.215,0.05,-0.134,-1.282,-1.832,-0.065,0.108,-0.027,0.002,-0.192
Reep1,0.054,-0.247,0.355,0.101,0.288,0.129,0.453,0.067,0.114,0.237,0.154,0.227,-0.074
Reep2,-0.068,0.263,0.331,-0.078,-0.014,0.147,0.079,-0.062,0.02,0.205,0.09,0.103,0.194
Reep3,-0.05,0.994,-0.056,0.08,-0.617,-0.203,-0.206,-0.089,0.041,0.09,-0.064,-0.095,0.067
Reep5,-0.037,0.211,0.194,-0.046,0.475,0.12,0.271,0.02,0.021,0.147,0.002,0.179,0.035
Rela,-0.161,0.804,0.101,-0.086,-0.052,-0.425,-0.619,-0.003,0.008,0.012,-0.04,-0.184,-0.389
Rell1,0.307,-0.297,-0.137,-0.363,-1.57,-0.161,-0.593,0.097,-0.017,-0.13,0.015,-0.034,
Rell2,0.072,,0.102,0.059,0.065,0.527,0.062,0.281,0.043,0.041,0.027,0.304,0.127
Rem2,-0.285,-0.433,0.24,-0.072,-0.097,-0.842,,,-0.167,,0.155,0.0,-1.322
Repin1,-0.24,1.076,0.018,-0.309,0.121,0.474,-0.768,0.14,-0.218,0.354,-0.059,0.128,-0.103
Reps1,-0.272,-0.015,0.11,-0.021,-0.059,0.051,0.141,-0.001,-0.014,0.239,-0.026,0.078,-0.464
Reps2,0.152,-0.451,0.415,0.237,0.744,0.303,0.361,0.193,-0.059,0.119,0.052,,0.01
Rer1,-0.034,-0.437,0.014,-0.061,0.174,0.043,0.062,-0.297,-0.011,-0.018,-0.08,-0.078,0.084
Rere,-0.047,-0.221,0.078,0.009,-0.297,0.135,0.422,0.034,-0.031,0.107,0.091,0.3,-0.024
Resp18,-0.058,0.337,0.1,0.001,0.461,0.107,0.404,0.711,-0.12,-0.033,-0.121,-0.286,0.181
Ret,0.067,-0.167,0.605,0.018,0.8,0.095,0.446,-0.268,0.208,0.448,-0.036,0.12,-0.039
Rev1,0.162,-0.687,0.095,0.154,0.02,0.085,0.902,-0.033,0.138,0.149,0.058,0.092,0.088
Rev3l,-0.514,-0.268,0.031,-0.066,-0.131,-0.097,0.741,0.061,0.052,0.066,0.143,0.253,0.069
Rexo1,-0.015,-0.131,-0.062,0.048,0.009,0.027,0.361,-0.171,0.152,0.079,-0.158,0.13,-0.041
Rexo2,-0.033,0.129,-0.102,0.032,0.796,0.261,0.24,0.049,-0.051,-0.086,-0.009,-0.259,-0.111
Rexo4,-0.086,0.947,-0.016,-0.227,-0.118,-0.058,0.014,0.164,-0.063,0.033,0.043,0.032,0.015
Rfc1,-0.19,-0.102,-0.079,-0.088,-0.038,-0.073,-0.61,-0.353,0.061,-0.029,0.091,-0.029,0.042
Rfc2,0.295,0.116,-0.054,-0.04,-0.088,-0.018,-0.196,0.205,-0.126,0.059,-0.03,-0.014,-0.101
Rfc3,-0.018,-1.411,-0.092,-0.178,-0.809,-0.006,-0.284,,-0.147,0.058,-0.272,-0.384,-0.184
Rfc4,0.078,,-0.138,-0.229,-1.134,-0.409,0.368,,-0.29,-0.052,-0.61,-0.144,0.03
Rfesd,0.0,-1.187,-0.056,-0.114,0.488,-0.091,0.205,-0.399,0.094,-0.118,-0.143,-0.148,-0.51
Rfk,0.1,-0.209,0.018,-0.006,-0.282,-0.194,0.171,-0.155,-0.049,-0.034,0.162,0.245,-0.04
Rfng,0.037,0.457,0.134,0.004,-0.118,0.041,-0.058,0.452,-0.019,0.097,-0.042,0.15,-0.239
Rft1,-0.102,-1.184,0.199,0.034,0.059,0.122,-0.256,,0.041,0.045,0.176,-0.044,0.098
Rfx7,-0.463,-0.018,0.176,-0.05,-0.62,-0.167,0.876,0.156,0.044,0.205,0.048,0.14,-0.121
Rfxank,0.024,0.823,0.055,0.085,1.703,0.316,-2.255,,-0.043,0.25,-0.184,-0.018,
Rfxap,0.123,-0.281,-0.122,-0.06,0.087,0.001,0.237,0.007,-0.084,-0.133,-0.064,-0.108,0.02
Rgl1,0.126,-1.179,0.251,-0.096,-0.352,0.388,-0.52,-0.805,0.102,0.103,0.391,0.685,-0.048
Rgl2,0.086,0.061,0.282,-0.089,-0.638,0.021,0.007,0.027,0.135,0.19,-0.152,0.019,-0.362
Rgmb,0.019,0.794,0.161,0.126,0.273,0.188,0.453,-0.115,0.111,0.166,0.331,0.111,0.018
Rgp1,0.115,0.034,0.206,0.049,0.194,0.177,-0.772,0.463,0.163,0.369,0.078,0.159,-0.546
Rgs10,0.196,0.485,0.05,-0.118,0.35,-0.131,0.095,0.001,-0.028,-0.073,0.153,-0.427,0.221
Rgs11,0.219,0.32,0.436,-0.08,0.291,-0.192,0.428,0.196,0.102,0.283,0.074,0.173,-0.116
Rgs12,0.299,-1.606,-0.121,0.079,-0.026,-0.071,0.135,-0.185,-0.021,0.099,0.029,0.206,-0.208
Rgs17,-0.008,0.268,-0.163,0.064,0.256,0.015,0.66,0.098,0.028,-0.12,-0.003,-0.189,0.347
Rgs19,0.066,-0.029,-0.257,-0.005,0.517,0.173,0.023,-0.748,0.111,0.086,-0.252,0.065,0.188
Rgs2,0.012,0.33,0.095,-0.192,0.545,-0.393,-0.033,-0.098,-0.128,0.03,-0.115,,0.087
Rgs4,0.08,-0.31,-0.024,0.085,0.055,0.09,0.443,0.087,-0.165,0.033,0.004,0.514,0.221
Rgs7,-0.041,-0.135,0.036,-0.077,0.218,0.094,0.343,0.072,-0.057,0.041,0.076,0.042,0.193
Rgs7bp,0.209,-0.167,0.111,0.305,0.022,-0.101,0.729,0.064,0.233,0.021,0.324,0.066,-0.638
Rgs9,0.411,-0.05,-0.332,-0.402,0.118,0.277,-0.092,-0.395,0.033,-0.042,-0.257,0.001,0.154
Rhbdd2,0.227,0.112,0.073,0.021,0.013,0.01,0.29,0.014,-0.012,0.065,0.194,0.128,0.235
Rhbdd3,0.179,0.599,0.246,0.036,-0.153,-0.334,0.084,-0.111,-0.131,0.127,0.12,0.015,0.306
Rheb,-0.016,0.021,-0.148,-0.025,0.272,0.025,0.19,-0.056,-0.074,-0.083,0.011,-0.107,-0.039
Rhebl1,0.158,-0.037,0.045,-0.001,0.614,-0.232,0.341,-0.591,-0.076,0.023,0.117,-0.004,-0.088
Rhoa,0.058,-0.219,-0.202,-0.041,-0.08,-0.055,0.003,0.157,0.006,-0.016,-0.029,0.12,-0.019
Rhob,0.289,-0.251,-0.105,0.051,-0.096,0.03,-0.23,-0.266,0.048,-0.001,0.015,-0.104,-0.076
Rhobtb2,-0.042,-1.021,0.359,0.083,0.425,0.075,0.421,0.282,0.143,0.436,0.209,0.299,-0.487
Rhobtb3,0.297,-0.133,-0.027,-0.291,-0.34,-0.091,0.32,-0.079,-0.095,-0.033,0.01,0.056,-0.442
Rhoc,-0.176,-0.197,-0.289,-0.011,0.501,-0.003,-0.545,-0.126,-0.167,-0.096,-0.111,0.093,-0.119
Rhof,-0.068,-0.083,-0.0,0.35,0.853,1.51,-0.087,0.044,-0.099,-0.066,0.293,0.231,-0.299
Rhog,-0.304,-0.142,-0.158,0.202,0.43,-0.195,-0.842,0.487,-0.262,-0.002,-0.197,0.159,0.356
Rhoq,-0.204,0.245,-0.061,-0.102,-0.392,0.176,0.049,0.26,0.076,-0.049,0.14,-0.079,-0.087
Rhot1,0.195,0.116,0.047,0.035,0.003,0.19,0.238,-0.242,0.04,0.15,0.031,0.166,-0.007
Rhot2,-0.39,-0.089,0.196,0.003,0.166,-0.129,0.257,0.379,-0.02,0.111,0.056,0.104,0.24
Rhou,-0.107,-0.398,0.052,-0.046,0.284,0.077,0.245,-0.452,-0.029,0.032,0.133,,
Rhov,0.06,-0.071,0.163,-0.268,-0.241,0.23,-1.046,,0.01,-0.107,-0.222,-0.178,0.067
Ric3,-0.042,-0.691,0.241,-0.074,0.154,0.241,0.578,0.504,0.097,0.132,0.093,0.057,0.147
Ric8b,-0.003,0.149,0.103,0.085,-0.348,0.169,0.278,-0.805,0.064,0.053,0.188,-0.113,0.202
Rictor,-0.068,0.788,0.111,0.012,-0.275,0.051,0.113,-0.015,0.03,0.276,0.182,0.103,0.138
Rif1,-0.331,0.081,0.035,0.186,-0.349,-0.275,-1.405,0.138,-0.116,0.101,0.16,0.149,-0.272
Rilpl1,0.414,0.236,-0.158,-0.185,0.177,0.067,0.264,-0.26,-0.102,-0.026,0.01,0.085,-0.007
Rilpl2,0.267,0.438,-0.12,-0.043,0.289,0.172,-0.973,-0.319,-0.104,0.115,0.264,-0.006,0.049
Rimkla,0.201,0.149,0.235,0.313,0.642,0.072,0.42,0.062,0.173,0.026,0.185,0.021,0.401
Rims1,0.273,-0.467,0.135,-0.194,0.008,-0.086,,-0.579,0.335,0.013,0.437,-0.015,-0.346
Rims2,0.073,-0.156,0.109,0.151,-0.302,-0.195,0.367,-0.082,0.011,0.17,0.144,0.014,-0.088
Rims3,-0.608,1.341,0.007,0.016,-0.182,0.16,0.396,-0.07,-0.001,0.177,0.003,0.014,-0.058
Rin2,-0.252,-1.769,0.159,0.144,-1.255,-0.535,0.227,0.051,0.079,0.239,0.085,0.566,-0.144
Ring1,0.109,0.46,0.025,-0.035,0.062,-0.23,0.297,0.189,0.028,-0.013,-0.176,0.07,-0.112
Rint1,-0.054,0.601,-0.05,0.143,0.271,-0.08,0.396,-0.131,-0.07,0.053,-0.01,-0.189,0.076
Riok1,0.077,0.169,-0.043,-0.058,-0.175,-0.084,-0.877,-0.115,-0.037,0.102,0.002,-0.025,-0.209
Riok2,0.012,-0.33,0.028,-0.001,-0.076,-0.047,-0.109,-0.154,0.026,0.115,0.002,,
Riok3,-0.111,0.056,0.119,0.064,0.127,-0.047,0.108,0.116,0.046,0.095,0.008,0.044,-0.048
Ripk2,-0.079,,-0.077,0.006,-0.135,0.134,0.21,-0.72,0.269,0.108,-0.232,-0.201,
Rit1,0.031,0.069,-0.03,-0.023,0.573,-0.116,-0.043,0.062,-0.099,-0.01,-0.037,0.015,0.106
Rit2,0.156,0.559,-0.071,-0.025,0.56,-0.045,0.242,0.016,-0.024,0.006,0.246,-0.229,0.131
Rlf,0.032,1.044,0.088,-0.014,-0.497,0.038,0.485,-0.256,0.042,0.16,-0.1,0.132,0.266
Rlim,-0.255,0.142,-0.038,0.027,-0.194,0.253,0.263,-0.598,0.073,0.086,0.102,0.133,-0.045
Rmi1,-0.225,-0.372,0.121,0.081,-0.43,-0.183,-0.019,,0.165,-0.03,0.057,-0.098,-0.185
Rmnd1,-0.15,,0.058,-0.117,0.35,0.346,-0.182,-0.394,-0.013,-0.028,-0.184,-0.106,-0.205
Rmnd5a,0.041,-0.24,0.123,-0.051,-0.626,0.334,0.591,-0.513,-0.02,0.098,0.039,0.221,-0.181
Rmnd5b,0.219,-0.894,0.028,0.145,-0.041,0.12,0.032,0.023,-0.083,-0.043,-0.067,0.119,-0.011
Rnase4,-0.445,-1.014,,0.106,0.717,0.104,0.234,,-0.143,0.018,-0.105,-0.097,0.143
Rnaseh1,-0.082,-0.782,-0.128,-0.194,-0.11,0.211,0.377,-0.13,-0.081,-0.041,0.093,-0.044,-0.012
Rnaseh2a,-0.087,0.293,-0.025,0.005,-0.143,0.034,-0.068,-0.225,-0.202,-0.028,-0.148,0.199,-0.029
Rnaseh2b,-0.094,0.107,-0.093,0.178,0.057,0.006,0.193,0.235,-0.096,-0.051,-0.246,-0.248,-0.207
Rnaseh2c,0.003,0.022,-0.175,-0.02,-0.497,-0.132,-0.126,-0.714,-0.034,-0.103,-0.061,-0.102,-0.065
Rnasek,0.078,0.051,0.053,-0.021,0.356,0.084,,,-0.03,-0.092,-0.035,,-0.878
Rnasel,0.033,-1.514,-0.002,-0.082,-0.138,0.08,-1.627,-0.078,-0.213,0.114,0.113,-0.004,-0.027
Rnaset2a,-0.465,,-0.085,0.011,-0.435,-0.403,-0.662,,-0.023,0.112,-0.503,,-0.098
Rnaset2b,-0.228,0.763,-0.098,,0.266,0.401,-0.574,,-0.337,-0.21,-0.307,,0.183
Rnd1,-0.22,0.32,-0.221,-0.081,-0.367,1.315,-0.537,0.218,-0.342,0.055,0.125,-0.736,
Rnd2,0.257,,0.0,-0.01,-0.201,0.072,-0.215,-0.18,0.067,-0.121,0.016,0.269,0.094
Rnd3,-0.158,-0.339,0.006,-0.094,-0.737,0.082,-0.158,-0.864,-0.008,-0.354,0.071,0.088,-0.088
Rnf10,0.133,-0.201,0.046,0.031,-0.041,-0.028,0.635,0.091,0.02,0.066,0.055,0.069,-0.072
Rnf103,-0.168,-0.008,0.189,0.098,0.375,-0.31,0.502,0.058,0.148,0.157,0.16,0.151,0.126
Rnf11,0.007,0.19,-0.003,0.03,0.106,-0.178,0.138,0.075,0.016,-0.072,0.112,0.064,0.073
Rnf111,-0.163,-0.116,0.077,0.021,-0.531,0.085,0.119,-0.193,0.023,0.034,-0.054,0.009,0.142
Rnf112,0.667,-0.475,0.292,0.092,0.496,-0.018,-0.085,0.347,0.12,0.14,0.088,0.168,0.176
Rnf113a1,0.167,-0.386,-0.171,-0.099,-0.151,0.008,-1.584,,-0.294,-0.043,-0.072,-0.159,-0.264
Rnf113a2,0.047,0.423,-0.196,-0.138,-0.158,0.036,-0.206,,0.002,-0.096,-0.139,-0.117,-0.118
Rnf114,0.175,-0.389,0.045,0.071,-0.869,0.178,-0.451,0.529,0.104,0.094,0.006,0.008,0.012
Rnf115,-0.081,-0.075,0.058,0.027,0.271,0.177,0.231,0.136,-0.048,0.034,-0.018,-0.018,0.012
Rnf121,0.315,,0.199,-0.021,0.303,0.012,0.131,0.19,0.091,0.081,-0.09,0.184,-0.05
Rnf122,-0.534,-0.524,-0.021,0.089,-0.748,-0.095,-0.81,,-0.051,0.081,-0.422,0.202,-0.224
Rnf123,-0.21,-1.041,0.257,0.166,0.688,-0.088,0.332,0.716,0.141,0.174,-0.131,0.025,-0.218
Rnf126,0.195,0.355,0.004,-0.011,-0.097,0.092,0.073,0.444,-0.056,0.009,-0.144,0.154,-0.157
Rnf128,0.253,-0.197,0.495,-0.449,-0.25,-0.104,,,-0.067,0.085,0.029,-0.239,-0.265
Rnf13,0.026,-0.362,0.149,-0.023,0.223,-0.122,0.014,-0.161,-0.047,0.045,0.089,-0.008,-0.174
Rnf130,-0.027,-1.892,0.187,0.037,-0.299,0.114,-0.095,-0.51,-0.012,0.221,0.233,0.184,-0.771
Rnf138,0.04,-0.194,0.027,0.012,0.121,-0.29,-0.383,0.52,0.038,-0.135,-0.094,-0.089,-0.023
Rnf139,-0.039,-0.396,0.16,0.245,-0.238,-0.383,0.202,-0.536,0.035,0.236,0.036,0.202,0.104
Rnf14,-0.032,0.07,-0.005,0.061,0.372,0.069,0.344,0.438,0.032,0.068,0.087,0.059,0.013
Rnf141,0.249,,0.012,0.086,-0.088,0.563,-0.003,-0.156,-0.218,0.077,0.232,0.343,-0.205
Rnf144a,0.223,-0.222,-0.165,-0.157,-0.735,0.057,-0.374,,-0.21,0.349,0.455,0.522,
Rnf145,0.324,0.198,0.295,-0.008,-0.009,0.148,0.569,0.031,-0.038,0.239,0.173,0.187,-0.069
Rnf146,0.024,-1.15,0.015,-0.05,0.076,-0.168,0.167,-0.127,-0.15,-0.077,-0.0,0.095,-0.045
Rnf149,0.364,0.402,0.074,0.061,0.524,0.076,0.354,-0.347,0.261,0.098,-0.054,-0.234,0.092
Rnf152,-0.307,0.879,0.104,0.299,0.607,0.725,,0.416,-0.096,0.159,0.305,-0.552,-0.448
Rnf157,0.313,0.121,0.259,-0.023,-0.114,0.312,0.266,-0.141,0.035,0.131,0.134,0.107,-0.443
Rnf166,-0.031,-0.391,0.049,0.09,-0.014,0.221,-0.283,-0.319,-0.062,-0.002,-0.236,-0.073,0.17
Rnf167,-0.024,0.321,0.021,-0.063,0.271,0.103,0.034,-0.232,-0.05,0.116,-0.055,-0.01,-0.115
Rnf168,0.18,0.119,-0.239,-0.096,-0.047,0.141,0.241,0.091,0.055,-0.061,0.129,0.228,0.083
Rnf170,0.126,-0.914,0.185,0.053,-0.552,-0.136,0.284,0.031,-0.058,0.095,0.222,0.207,-0.048
Rnf181,-0.027,0.15,-0.024,0.021,0.165,0.277,-0.107,-0.035,-0.002,0.039,0.021,0.189,-0.234
Rnf182,-0.518,-0.874,0.005,,-0.677,-0.627,,,-0.21,0.05,0.468,-0.298,-1.432
Rnf185,-0.466,0.766,0.131,0.109,-0.861,-0.109,-0.585,,0.022,0.203,-0.069,0.302,-0.401
Rnf187,0.044,-0.225,-0.049,0.002,-0.023,0.072,0.139,0.003,0.008,0.008,0.015,0.038,-0.022
Rnf19a,-0.017,-0.25,0.148,-0.028,0.015,-0.029,0.021,-0.609,-0.052,0.132,-0.021,-0.062,-0.178
Rnf19b,-0.205,0.58,-0.001,0.149,0.138,0.06,-0.184,-0.308,-0.005,0.093,0.164,0.116,0.229
Rnf2,0.095,0.467,-0.157,0.062,-0.135,-0.038,-0.048,,0.02,-0.032,-0.078,0.21,0.125
Rnf20,-0.066,0.179,-0.055,-0.004,-0.015,0.001,0.584,-0.189,0.003,-0.044,-0.164,-0.003,0.165
Rnf208,-0.038,-0.03,-0.013,-0.011,0.447,0.016,0.029,0.173,0.064,0.01,0.113,0.256,0.044
Rnf214,0.169,0.163,-0.01,0.202,-0.26,0.171,0.492,-0.004,0.056,0.003,0.023,0.017,0.046
Rnf215,-0.073,-0.801,0.104,-0.027,-0.476,0.107,0.32,-0.557,-0.361,0.104,-0.004,-0.114,-0.745
Rnf216,-0.143,-0.698,0.063,-0.118,0.096,-0.143,0.44,-0.08,-0.142,0.153,0.102,0.224,-0.309
Rnf217,-0.141,0.487,0.158,-0.118,0.022,0.191,0.189,-0.178,0.124,0.115,-0.141,0.045,-0.153
Rnf219,-0.071,0.12,0.041,0.046,-0.047,-0.243,,,0.084,0.074,0.012,0.003,-0.39
Rnf220,-0.158,0.154,-0.019,0.015,0.052,0.075,0.149,-0.048,0.045,0.032,-0.042,0.141,-0.24
Rnf24,0.018,-0.683,0.194,0.32,0.046,0.058,0.148,-0.386,0.17,0.1,0.341,0.12,0.038
Rnf25,0.601,-0.944,-0.078,-0.014,-0.036,-0.198,-0.395,0.367,-0.135,0.028,-0.048,0.099,-0.152
Rnf26,0.482,0.494,0.298,-0.11,-0.281,-0.086,0.53,,0.132,0.174,0.044,-0.042,-0.095
Rnf31,0.034,0.809,0.167,-0.015,0.099,0.132,0.258,0.11,-0.107,0.28,-0.182,-0.207,-0.739
Rnf32,-0.227,-0.014,0.032,0.22,-0.084,0.237,0.005,,-0.321,0.038,0.026,0.39,0.154
Rnf34,0.051,0.477,-0.024,-0.059,-0.131,0.077,0.049,-0.161,-0.09,-0.079,0.017,-0.009,-0.209
Rnf38,-0.163,0.459,0.105,-0.056,-0.007,0.146,0.133,0.02,0.086,0.261,0.023,0.15,-0.302
Rnf4,0.042,0.169,-0.049,0.034,-0.57,0.033,0.229,0.087,0.033,0.023,-0.019,0.026,0.056
Rnf40,-0.292,-0.416,0.134,-0.03,0.35,0.035,0.048,-0.104,0.212,0.168,0.116,0.105,-0.158
Rnf41,0.098,-0.759,-0.013,-0.009,-0.1,-0.18,0.147,-0.144,0.074,0.055,0.032,0.162,-0.033
Rnf44,0.205,-0.267,0.046,0.067,-0.035,0.165,0.216,0.251,0.142,0.069,0.08,0.192,-0.259
Rnf5,-0.134,0.166,-0.177,0.017,-0.02,0.052,0.295,0.012,0.003,-0.074,0.038,0.114,0.006
Rnf6,-0.153,-0.259,-0.035,-0.005,-0.034,0.235,0.232,-0.315,-0.134,-0.003,0.151,-0.07,-0.001
Rnf7,-0.08,-0.189,-0.159,0.01,0.235,-0.007,0.171,-0.127,0.03,-0.124,-0.014,-0.111,-0.036
Rnf8,0.117,0.723,-0.116,0.06,0.096,0.285,0.032,-0.266,0.045,0.021,-0.124,-0.072,0.112
Rnft1,-0.21,-0.372,0.078,0.119,0.552,-1.095,-0.715,,0.105,-0.283,-0.261,,
Rnft2,0.371,0.335,0.511,0.109,0.485,0.05,-0.054,0.039,0.185,0.369,0.097,0.204,-0.666
Rngtt,0.049,0.071,0.094,0.112,-0.312,-0.13,0.343,0.265,0.052,-0.008,0.07,0.133,-0.225
Rnh1,-0.291,-0.1,-0.105,-0.059,0.27,0.025,-0.228,0.037,-0.009,0.04,-0.231,-0.26,0.015
Rnmt,0.134,-0.121,0.101,0.026,-0.073,0.18,0.331,-0.059,0.053,0.049,0.148,-0.082,-0.197
Rnpc3,-0.006,0.55,0.119,-0.222,-0.554,-0.325,-0.438,0.19,-0.116,0.074,-0.0,-0.077,0.345
Rnpep,0.026,-0.21,-0.043,-0.075,0.06,-0.101,0.093,0.263,-0.074,0.021,-0.174,-0.024,0.047
Rnps1,0.118,0.337,-0.096,-0.035,-0.261,0.105,0.239,-0.093,-0.057,-0.062,-0.04,0.237,-0.042
Robo1,-0.165,-0.15,0.309,,0.475,-1.991,0.452,-0.14,0.378,0.339,0.71,0.194,-0.654
Robo2,0.008,0.409,-0.015,-0.249,-0.474,-0.207,,,0.349,0.235,0.595,0.16,-0.306
Rock1,0.173,-0.025,0.009,0.019,-0.543,0.004,0.381,0.057,0.164,0.146,-0.016,-0.084,-0.193
Rock2,0.003,-0.61,0.054,-0.079,-0.4,0.101,-0.015,-0.093,0.123,0.107,0.122,-0.126,-0.554
Rogdi,-0.011,0.142,-0.044,0.007,0.136,0.032,-0.255,0.002,-0.014,0.059,-0.093,-0.025,0.402
Rom1,-0.382,-1.594,0.04,-0.103,-0.404,-0.809,0.117,-0.068,-0.053,-0.12,-0.354,-0.035,0.239
Romo1,0.007,-0.011,-0.165,0.0,0.327,-0.025,-0.262,-0.39,-0.002,-0.127,-0.023,-0.345,0.029
Rora,-0.276,,0.173,0.051,-0.73,0.18,0.414,0.079,0.09,0.141,-0.205,-0.192,0.03
Rp9,-0.008,0.057,-0.159,-0.009,0.202,-0.096,0.328,0.062,-0.007,-0.048,0.052,-0.011,0.025
Rpa1,0.168,-0.439,-0.016,-0.1,-0.391,-0.171,-0.08,0.598,-0.025,0.136,0.001,0.38,-0.195
Rpa2,-0.091,-0.091,-0.251,-0.004,-0.511,-0.418,-0.533,,-0.216,0.039,-0.075,0.236,-0.315
Rpa3,0.21,0.588,-0.051,-0.012,-0.873,-0.234,0.333,,-0.14,-0.123,0.012,0.072,-0.327
Rpain,-0.054,1.543,-0.115,-0.101,0.5,0.104,-0.063,0.114,-0.05,-0.064,-0.106,-0.182,0.162
Rpap2,-0.35,0.111,0.049,-0.236,-0.029,0.311,-1.024,0.005,-0.069,0.02,0.089,-0.066,-0.001
Rpap3,0.11,-1.068,-0.102,-0.133,-0.028,-0.149,0.04,0.604,0.004,0.096,0.076,-0.406,0.299
Rpe,-0.118,0.324,-0.06,-0.008,0.135,-0.402,-0.006,-0.367,-0.113,0.018,0.01,0.106,-0.141
Rpf1,-0.033,-0.208,-0.185,-0.026,0.296,-0.213,-0.091,-0.328,-0.021,-0.076,0.01,-0.2,-0.032
Rpf2,-0.11,-0.01,-0.101,0.007,-0.044,0.06,-0.335,0.194,-0.097,-0.033,-0.224,-0.272,-0.23
Rpgr,-0.032,-1.579,0.299,-0.084,-0.124,0.01,-0.073,0.347,0.02,0.132,-0.13,-0.071,-0.109
Rpgrip1l,-0.342,0.436,0.093,0.163,0.09,0.066,0.534,0.2,0.06,0.086,0.175,-0.038,
Rph3a,0.26,-0.016,-0.009,0.154,0.543,0.201,0.509,-0.087,,0.032,0.451,0.415,-0.218
Rpl10,-0.176,-0.074,-0.221,-0.05,-0.207,-0.057,-0.269,-0.096,-0.025,-0.129,-0.035,-0.339,-0.056
Rpl10a,0.184,-0.095,-0.134,-0.018,-0.056,-0.018,-0.352,-0.117,-0.016,-0.095,-0.064,-0.321,-0.003
Rpl11,0.197,0.198,-0.159,-0.024,-0.11,-0.015,-0.286,0.011,0.004,-0.113,-0.049,-0.253,0.025
Rpl12,-0.35,-0.303,-0.229,-0.013,-0.256,-0.055,-0.322,-0.135,0.012,-0.125,-0.12,-0.288,-0.111
Rpl13,-0.082,-0.022,-0.177,-0.033,-0.14,-0.073,-0.455,-0.196,-0.016,-0.119,-0.039,-0.313,-0.067
Rpl13a,-0.071,-0.126,-0.163,-0.035,-0.243,-0.09,-0.317,-0.043,-0.011,-0.176,-0.05,-0.036,-0.038
Rpl14,-0.01,-0.113,-0.198,-0.01,-0.005,-0.008,-0.263,-0.055,-0.002,-0.1,-0.038,-0.263,-0.091
Rpl15,0.003,-0.122,-0.175,-0.05,0.019,-0.043,-0.458,-0.339,-0.024,-0.119,-0.045,-0.114,-0.032
Rpl17,0.616,0.279,-0.177,-0.023,-0.119,-0.064,-0.247,-0.141,-0.035,-0.169,-0.034,-0.337,-0.08
Rpl18,-0.014,-0.106,-0.194,-0.034,-0.143,-0.098,-0.484,0.032,-0.024,-0.11,-0.1,-0.343,-0.003
Rpl18a,0.073,0.132,-0.153,-0.051,-0.216,-0.034,-0.457,-0.004,-0.006,-0.108,-0.024,-0.079,-0.075
Rpl19,0.046,0.0,-0.204,-0.04,-0.111,-0.077,-0.212,-0.051,-0.031,-0.127,-0.07,-0.461,-0.034
Rpl21,0.038,0.13,-0.148,-0.041,-0.168,-0.027,-0.28,0.005,-0.003,-0.154,-0.079,-0.099,-0.018
Rpl22,0.124,-0.164,-0.12,-0.002,-0.418,-0.112,-0.377,-0.142,-0.039,-0.093,-0.051,-0.447,-0.113
Rpl22l1,-0.017,-0.229,-0.184,-0.024,0.388,0.091,-0.139,-0.168,0.025,-0.126,0.022,-0.418,0.094
Rpl23,0.013,0.073,-0.164,-0.025,-0.051,-0.012,-0.237,-0.038,-0.021,-0.129,-0.039,-0.185,0.024
Rpl23a,-0.143,0.17,-0.228,-0.043,-0.239,-0.038,-0.399,0.048,-0.036,-0.123,-0.063,-0.195,-0.021
Rpl24,-0.24,0.126,-0.137,-0.028,-0.062,-0.025,-0.732,-0.056,-0.011,-0.125,-0.042,-0.316,-0.037
Rpl26,0.031,,-0.171,-0.018,-0.04,-0.045,-0.302,-0.216,0.004,-0.155,-0.033,-0.204,-0.015
Rpl27,0.058,0.002,-0.208,-0.051,-0.132,-0.005,-0.572,-0.041,-0.006,-0.21,-0.033,-0.17,-0.048
Rpl27a,0.079,0.145,-0.178,-0.026,-0.135,-0.055,-0.37,-0.052,-0.001,-0.117,-0.036,-0.195,-0.017
Rpl28,0.272,0.115,-0.124,-0.005,-0.17,-0.081,-0.419,-0.11,-0.036,-0.134,-0.068,-0.103,-0.005
Rpl29,-0.008,0.052,-0.079,-0.024,-0.228,-0.063,-0.196,0.133,0.0,-0.109,-0.029,-0.434,-0.096
Rpl3,0.051,0.056,-0.279,-0.025,-0.035,-0.011,-0.16,-0.237,-0.025,-0.143,-0.038,-0.332,-0.039
Rpl30,-0.12,,-0.175,-0.001,-0.203,-0.064,-0.461,-0.223,-0.026,-0.128,-0.053,-0.431,-0.086
Rpl31,-0.116,0.179,-0.168,-0.01,-0.068,0.01,-0.275,0.01,0.007,-0.139,-0.023,-0.057,-0.039
Rpl32,-0.023,0.111,-0.147,-0.026,-0.09,-0.033,-0.286,-0.385,-0.007,-0.133,-0.056,-0.236,-0.056
Rpl34,-0.022,,-0.182,-0.027,-0.124,-0.091,-0.416,-0.049,-0.001,-0.164,-0.019,-0.324,-0.047
Rpl35,-0.035,-0.006,-0.108,-0.026,-0.161,-0.054,-0.439,-0.19,-0.002,-0.155,-0.04,-0.469,-0.088
Rpl35a,0.074,-0.003,-0.207,-0.039,-0.108,-0.082,-0.464,-0.086,-0.017,-0.149,-0.009,-0.408,-0.042
Rpl36,-0.135,0.366,-0.186,-0.029,-0.099,-0.071,-0.487,-0.315,0.009,-0.13,-0.062,-0.167,-0.047
Rpl36a,-0.08,-0.159,-0.149,-0.026,-0.065,-0.054,-0.366,-0.002,-0.007,-0.139,-0.049,-0.438,0.011
Rpl36al,0.07,0.21,-0.167,-0.014,0.175,-0.009,-0.634,-0.119,-0.021,-0.2,-0.086,-0.219,-0.045
Rpl37,0.153,0.043,-0.098,-0.011,-0.047,-0.057,-0.387,-0.07,0.003,-0.14,-0.013,-0.324,-0.061
Rpl37a,0.143,-0.065,-0.16,-0.014,-0.105,-0.067,-0.487,-0.2,-0.003,-0.129,-0.027,-0.331,-0.044
Rpl38,0.037,-0.131,-0.092,0.003,0.004,-0.028,-0.566,-0.015,-0.01,-0.149,-0.058,-0.32,-0.022
Rpl39,-0.017,0.104,-0.106,-0.004,-0.084,0.027,-0.373,-0.072,-0.022,-0.141,-0.009,-0.511,-0.073
Rpl4,-0.002,0.157,-0.101,-0.051,-0.266,-0.125,-0.111,0.028,0.002,-0.067,-0.035,-0.158,-0.067
Rpl41,-0.085,0.029,-0.112,-0.017,0.01,-0.025,-0.421,-0.129,0.022,-0.129,-0.007,-0.172,0.013
Rpl5,-0.025,0.2,-0.167,-0.005,-0.217,-0.083,-0.4,-0.248,-0.063,-0.065,-0.11,-0.174,0.011
Rpl6,-0.003,0.172,-0.165,-0.03,-0.122,-0.047,-0.257,-0.105,-0.018,-0.125,-0.034,-0.347,-0.03
Rpl7,-0.046,-0.071,-0.184,-0.059,-0.149,-0.058,-0.446,-0.172,-0.027,-0.107,-0.04,-0.398,-0.045
Rpl7a,-0.072,0.261,-0.174,-0.034,-0.229,-0.11,-0.312,-0.311,-0.019,-0.109,-0.09,-0.267,-0.005
Rpl7l1,0.027,0.167,-0.064,-0.047,-0.562,-0.238,-0.172,0.413,-0.023,0.007,-0.104,-0.169,-0.043
Rpl8,0.046,0.23,-0.205,-0.026,-0.14,-0.039,-0.287,-0.15,0.012,-0.12,-0.087,-0.052,-0.01
Rpl9,0.326,-0.07,-0.22,-0.022,-0.082,-0.031,-0.267,-0.139,0.001,-0.127,-0.025,-0.498,-0.038
Rplp0,0.013,-0.023,-0.197,-0.035,-0.266,-0.084,-0.505,-0.185,-0.041,-0.134,-0.034,-0.357,-0.096
Rplp1,-0.003,0.109,-0.159,-0.031,-0.037,-0.022,-0.484,-0.101,-0.008,-0.12,-0.028,-0.134,-0.024
Rplp2,0.054,0.134,-0.184,-0.038,-0.179,-0.068,-0.396,-0.012,0.003,-0.122,-0.061,-0.278,-0.029
Rpn1,0.087,0.009,0.216,0.033,0.172,0.037,0.463,0.37,0.021,0.241,0.101,0.033,0.117
Rpn2,-0.017,0.145,0.144,-0.007,-0.276,0.05,0.174,-0.367,0.112,0.233,0.044,-0.096,-0.136
Rpp14,0.232,0.001,-0.096,-0.015,0.245,-0.439,-0.423,0.36,-0.111,-0.063,0.035,-0.149,0.181
Rpp21,0.087,1.378,-0.101,-0.004,0.181,0.098,0.119,-0.12,-0.071,-0.062,-0.096,-0.315,0.025
Rpp25,-0.46,,-0.356,-0.147,0.521,0.054,0.401,-0.333,-0.944,0.035,0.951,,
Rpp30,-0.134,-0.654,-0.073,-0.051,-0.055,-0.028,0.086,-1.425,-0.069,-0.031,-0.079,-0.075,0.136
Rpp38,0.299,-1.766,-0.086,0.18,0.26,0.023,,,0.084,-0.144,-0.005,-0.196,0.026
Rpp40,-0.098,-0.533,-0.062,-0.225,0.375,-0.053,0.511,,-0.148,-0.057,-0.167,-0.069,-1.302
Rprd1a,-0.216,1.767,0.098,0.023,0.054,-0.067,0.344,-0.296,-0.06,-0.016,0.02,0.163,0.289
Rprd1b,-0.076,-0.105,0.04,0.025,-0.753,-0.522,0.5,-0.173,-0.058,0.072,0.078,-0.012,-0.396
Rprd2,0.139,-0.229,0.024,0.115,-0.689,-0.052,0.418,0.454,0.015,0.091,-0.001,0.15,-0.022
Rprm,-0.095,-0.37,-0.156,0.035,0.044,0.008,-0.119,-1.01,0.014,0.012,-0.473,0.766,0.018
Rps10,-0.114,0.003,-0.21,-0.014,-0.03,-0.023,-0.688,-0.179,0.003,-0.125,-0.073,-0.359,-0.017
Rps11,-0.023,-0.051,-0.148,-0.038,-0.166,-0.038,-0.198,-0.061,-0.029,-0.115,-0.04,-0.275,-0.077
Rps12,-0.045,0.04,-0.191,-0.013,-0.082,-0.026,-0.451,-0.312,-0.007,-0.165,-0.051,-0.331,-0.099
Rps13,0.031,-0.261,-0.189,-0.008,-0.218,-0.088,-0.389,-0.164,-0.02,-0.13,-0.081,-0.467,-0.084
Rps14,-0.055,-0.025,-0.287,-0.027,-0.212,-0.095,-0.378,-0.14,-0.027,-0.126,-0.043,-0.195,-0.054
Rps15,-0.031,0.155,-0.194,-0.03,-0.16,-0.054,-0.333,-0.058,-0.012,-0.09,-0.04,-0.183,-0.012
Rps15a,0.13,0.098,-0.177,-0.043,-0.192,-0.052,-0.489,-0.307,-0.011,-0.138,-0.04,-0.33,-0.061
Rps16,0.127,-0.23,-0.206,-0.03,-0.219,-0.05,-0.385,-0.263,-0.012,-0.119,-0.044,-0.315,-0.028
Rps17,-0.037,0.041,-0.21,-0.026,-0.159,-0.121,-0.247,0.013,-0.016,-0.129,-0.111,-0.22,-0.051
Rps18,0.083,0.197,-0.201,-0.04,-0.169,-0.054,-0.358,-0.124,-0.021,-0.14,-0.063,-0.235,0.004
Rps19,0.025,-0.012,-0.197,-0.019,-0.21,-0.043,-0.587,-0.328,-0.01,-0.123,-0.034,-0.189,-0.075
Rps19bp1,0.075,1.107,-0.198,0.028,-0.014,-0.109,0.085,0.06,-0.051,-0.116,-0.045,-0.219,-0.102
Rps2,-0.012,0.062,-0.183,-0.03,-0.006,0.013,-0.338,-0.054,-0.02,-0.113,-0.075,-0.29,-0.054
Rps20,-0.008,-0.146,-0.091,-0.016,-0.036,-0.018,-0.358,-0.031,0.007,-0.144,-0.036,-0.374,-0.073
Rps21,-0.05,0.05,-0.171,0.004,-0.074,-0.096,-0.471,-0.24,-0.0,-0.172,-0.012,-0.512,0.009
Rps23,-0.079,-0.01,-0.225,-0.013,-0.133,-0.05,-0.43,-0.067,-0.012,-0.128,-0.033,-0.39,-0.074
Rps24,0.111,0.119,-0.184,-0.021,-0.123,-0.05,-0.337,-0.134,-0.0,-0.12,-0.039,-0.36,-0.094
Rps25,0.03,-0.071,-0.208,-0.025,-0.122,-0.11,-0.382,-0.083,-0.017,-0.147,-0.038,-0.251,-0.012
Rps26,0.085,0.101,-0.101,-0.022,-0.307,-0.077,-0.275,-0.168,-0.017,-0.201,-0.044,-0.277,0.026
Rps27,-0.153,,-0.15,-0.057,-0.284,-0.052,-0.569,-0.341,-0.027,-0.16,0.012,-0.528,-0.033
Rps27a,0.06,-0.252,-0.179,-0.031,-0.158,-0.039,-0.357,-0.274,-0.003,-0.133,-0.02,-0.412,-0.03
Rps27l,0.016,0.294,-0.152,0.003,-0.165,-0.102,-0.332,0.116,0.01,-0.137,-0.032,-0.157,-0.073
Rps28,0.097,-0.117,-0.143,-0.04,-0.216,-0.101,-0.488,-0.231,-0.017,-0.21,-0.041,-0.474,-0.056
Rps29,0.049,-0.21,-0.082,-0.019,-0.139,-0.027,-0.463,-0.261,-0.012,-0.182,-0.03,-0.397,0.006
Rps3,0.008,0.059,-0.25,-0.048,-0.123,-0.076,-0.295,-0.19,-0.024,-0.123,-0.068,-0.359,-0.051
Rps4x,0.009,0.137,-0.21,-0.025,-0.149,-0.028,-0.24,-0.199,-0.015,-0.126,-0.051,-0.46,-0.061
Rps5,-0.082,-0.034,-0.173,-0.035,-0.171,-0.021,-0.107,-0.094,0.002,-0.12,-0.018,-0.394,-0.09
Rps6,-0.042,-0.107,-0.173,-0.015,-0.146,-0.063,-0.136,-0.269,-0.015,-0.114,-0.07,-0.292,-0.029
Rps6ka2,0.013,-0.68,0.175,-0.109,-0.29,0.336,0.278,0.177,0.402,0.126,0.343,0.054,0.248
Rps6ka3,-0.148,0.799,0.179,-0.33,0.23,0.053,-0.258,-0.29,-0.051,0.143,0.133,0.273,0.212
Rps6ka6,0.142,0.614,0.011,-0.04,-0.89,0.284,-1.035,,-0.035,0.064,0.257,0.014,0.526
Rps6kb1,-0.089,0.55,0.083,0.064,-0.3,-0.247,-0.056,-0.46,0.006,0.07,0.099,0.009,0.185
Rps6kb2,-0.148,0.421,0.225,-0.003,0.306,-0.123,-1.023,-0.124,0.051,0.098,0.105,-0.097,-0.159
Rps6kc1,-0.338,0.126,0.07,-0.206,-0.026,0.087,0.414,-0.032,0.207,0.209,-0.032,-0.071,-0.244
Rps6kl1,0.625,-0.542,0.087,-0.07,-0.037,0.221,-0.086,-0.229,-0.102,0.214,0.065,0.288,0.075
Rps7,0.083,0.268,-0.18,-0.03,-0.224,-0.047,-0.398,-0.191,-0.021,-0.132,-0.016,-0.47,-0.02
Rps8,-0.071,0.107,-0.186,-0.017,-0.091,-0.034,-0.206,-0.008,-0.014,-0.157,-0.061,-0.351,-0.013
Rps9,-0.052,0.01,-0.258,-0.028,-0.167,-0.075,-0.359,-0.309,-0.01,-0.126,-0.031,-0.336,-0.066
Rpsa,-0.067,0.122,-0.157,-0.011,-0.172,-0.055,-0.411,-0.136,-0.006,-0.091,-0.089,-0.042,-0.045
Rptor,-0.089,-0.288,0.241,0.044,-0.363,0.094,0.559,0.407,0.162,0.299,0.082,-0.028,-0.902
Rpusd1,0.15,-0.334,0.027,-0.161,-0.261,-0.081,0.295,0.408,-0.022,0.011,0.069,0.111,-0.072
Rpusd3,0.605,0.493,-0.115,0.067,0.705,-0.295,-1.232,,0.151,0.004,-0.092,,0.442
Rpusd4,0.211,0.642,0.002,0.014,-0.139,0.054,0.796,,-0.093,0.014,-0.176,-0.064,-0.721
Rraga,-0.039,-0.068,-0.051,0.029,0.209,0.126,0.382,0.179,-0.081,-0.035,-0.141,-0.092,0.082
Rragb,-0.098,0.952,-0.051,-0.242,0.244,0.342,0.717,0.067,-0.035,-0.1,-0.021,-0.016,
Rragc,0.042,0.331,0.109,0.015,0.131,0.027,0.054,-0.189,0.208,0.084,0.048,0.17,-0.037
Rragd,-0.349,-0.623,-0.027,0.21,0.543,0.174,0.495,-0.196,0.054,-0.016,0.228,-0.03,0.148
Rras,-0.363,-0.902,-0.211,-0.264,1.311,-0.099,0.137,0.226,0.011,-0.075,-0.028,-0.203,0.116
Rras2,0.14,0.633,0.026,0.007,0.036,0.109,0.266,0.125,0.152,0.111,0.043,-0.099,0.265
Rrbp1,0.114,0.486,-0.099,-0.027,0.29,0.168,0.106,-0.062,0.121,0.212,0.002,-0.048,0.049
Rrm1,0.041,0.13,0.087,0.015,-0.744,-0.616,0.38,,-0.141,0.081,-0.278,0.003,-0.107
Rrm2b,0.0,0.864,-0.015,0.127,0.214,-0.055,0.444,0.155,0.102,-0.013,0.011,0.01,0.204
Rrn3,-0.174,0.294,0.192,0.107,-0.078,0.186,0.307,-0.1,-0.014,0.128,-0.044,0.215,0.115
Rrnad1,0.175,0.396,0.093,-0.157,-0.651,-0.185,0.352,-0.115,0.106,0.081,0.12,0.14,0.42
Rrp1,-0.053,-0.102,-0.135,0.005,0.133,-0.125,0.16,-0.032,-0.02,0.047,-0.114,-0.03,-0.03
Rrp15,0.055,0.261,-0.079,-0.136,-0.621,-0.739,-0.908,0.269,-0.085,0.095,-0.011,-0.201,-0.113
Rrp1b,-0.173,1.006,0.093,-0.1,-0.712,-0.071,-0.229,0.158,0.131,0.088,0.095,0.046,0.593
Rrp36,-0.012,-0.58,-0.147,-0.04,-0.704,-0.113,-0.997,-0.319,-0.038,0.032,-0.272,-0.48,-0.248
Rrp7a,-0.258,0.052,-0.062,-0.062,0.044,-0.246,-0.201,0.148,0.022,0.009,-0.03,0.055,-0.129
Rrp8,0.233,-0.358,-0.047,-0.004,-0.255,-0.096,-0.835,-0.116,0.088,-0.023,-0.136,-0.144,0.087
Rrp9,0.252,-0.948,-0.093,-0.198,-0.415,0.112,-0.073,-0.393,-0.066,-0.071,-0.125,0.074,0.16
Rrs1,0.185,0.033,-0.131,-0.153,-0.021,-0.288,0.217,0.51,-0.026,-0.033,-0.065,0.019,-0.017
Rsbn1,-0.239,0.812,-0.008,0.015,-0.425,-0.05,0.022,-0.03,0.007,0.089,-0.066,0.082,-0.188
Rsbn1l,-0.118,-1.03,-0.077,-0.145,-0.267,0.197,0.527,0.133,-0.019,0.052,-0.235,-0.027,-0.135
Rsf1,-0.086,0.352,0.043,0.033,-0.161,-0.069,0.521,-0.002,0.023,0.032,-0.01,0.098,0.148
Rsl1d1,-0.001,-0.281,-0.096,0.013,-0.379,-0.081,-0.16,-0.019,-0.037,-0.001,-0.11,-0.13,-0.097
Rsl24d1,0.02,-0.167,-0.188,0.015,-0.359,0.021,-0.173,0.283,-0.003,-0.134,0.037,-0.181,-0.047
Rsph1,-0.505,,-0.081,0.142,-0.362,0.209,-0.013,0.369,-0.156,,0.037,0.349,
Rsph9,0.304,,-0.239,-0.1,0.383,0.159,0.09,-0.464,-0.126,0.092,-0.169,0.042,0.175
Rspry1,0.149,-0.278,0.11,-0.013,-0.171,0.111,0.627,0.277,0.051,0.045,0.005,0.052,0.026
Rsrc1,0.056,-0.222,0.019,-0.027,-0.324,-0.28,0.276,0.131,-0.014,-0.08,0.12,0.015,-0.126
Rsrc2,0.035,-0.301,-0.088,-0.11,-0.101,-0.1,0.255,0.028,0.019,-0.062,0.025,-0.235,-0.004
Rsu1,-0.084,-0.069,-0.099,-0.07,0.101,-0.003,0.436,0.048,-0.201,0.016,-0.159,-0.017,-0.184
Rtel1,0.53,-0.042,0.279,-0.047,-0.686,0.017,-0.415,-0.903,-0.085,0.199,0.012,0.084,-0.741
Rtf1,-0.062,-0.333,-0.037,0.028,-0.38,-0.086,0.326,-0.15,-0.054,-0.032,-0.05,-0.152,-0.011
Rtkn,0.107,-0.392,-0.103,-0.062,-0.453,-0.055,0.142,0.479,-0.216,0.027,0.172,0.165,0.0
Rtn1,-0.123,0.162,-0.022,0.034,0.253,0.081,0.703,0.177,-0.05,0.034,-0.05,-0.137,0.081
Rtn2,0.188,-0.251,0.262,-0.038,0.233,0.154,0.152,0.274,0.047,-0.011,0.04,0.074,-0.268
Rtn3,0.083,-0.013,0.268,0.054,0.3,0.054,0.377,-0.036,0.06,0.153,0.077,0.21,0.073
Rtn4,-0.032,0.129,0.215,0.05,0.323,0.1,0.335,0.127,0.051,0.11,-0.006,-0.081,-0.017
Rtn4ip1,-0.174,0.568,0.165,-0.089,0.367,-0.141,0.374,0.265,-0.074,0.066,0.122,0.274,-0.331
Rtn4rl1,-0.046,0.116,-0.086,0.056,0.233,-0.107,0.375,-0.394,-0.466,,0.071,-0.884,-1.204
Rufy1,-0.124,-0.401,0.002,-0.14,0.01,0.098,0.058,0.01,0.081,0.041,0.03,0.108,-0.288
Rufy2,0.072,0.864,0.031,0.022,0.044,0.184,0.678,-0.099,0.053,0.037,0.113,0.072,-0.167
Rufy3,-0.026,-0.022,0.03,-0.017,0.091,0.051,0.176,0.222,-0.016,0.02,0.065,-0.184,0.1
Rundc1,-0.122,-0.828,0.128,0.317,-0.026,0.041,0.126,-0.374,-0.164,0.22,-0.155,0.273,-0.141
Rundc3a,-0.118,0.241,0.118,0.003,0.142,0.079,-0.054,0.164,-0.019,0.063,0.008,0.043,-0.088
Rundc3b,0.135,-0.567,0.019,-0.123,0.195,0.371,-0.105,-0.922,0.036,0.086,0.205,0.253,-0.039
Runx1t1,0.119,0.141,-0.044,0.068,-1.842,-0.228,,-0.101,-0.046,,0.058,,0.19
Rusc1,0.251,-0.091,0.035,0.022,0.202,0.154,0.038,0.023,-0.009,0.151,0.099,-0.006,0.112
Rusc2,0.147,-0.144,0.14,-0.064,0.146,0.08,0.006,-0.012,0.056,0.225,0.045,0.239,-0.088
Ruvbl1,0.126,0.273,-0.035,-0.043,0.013,0.083,-0.18,-0.256,-0.206,-0.004,-0.138,0.036,-0.138
Ruvbl2,0.046,-0.179,-0.006,0.009,0.031,0.025,-0.453,0.434,-0.086,0.093,-0.204,0.099,-0.023
Rwdd1,-0.065,0.349,-0.181,-0.032,0.078,-0.029,0.152,-0.137,-0.01,-0.149,-0.037,-0.263,0.011
Rwdd2a,-0.282,1.578,-0.11,-0.183,1.527,-0.162,-0.719,,-0.14,-0.012,0.014,0.201,0.196
Rwdd2b,-0.018,-0.347,-0.028,-0.223,-0.176,-0.037,0.377,,0.166,0.097,-0.015,-0.031,0.487
Rwdd3,-0.638,-0.116,0.423,0.164,0.948,0.296,,,-0.565,0.028,-0.224,-0.327,-0.119
Rwdd4a,-0.061,0.338,-0.001,-0.053,-0.179,-0.286,0.341,0.154,-0.125,0.01,-0.06,-0.097,0.021
Rxrb,-0.035,-0.108,-0.074,-0.033,-0.134,0.205,-0.086,-0.447,0.033,0.051,0.091,0.162,-0.072
Ryk,-0.145,-0.76,0.104,0.06,-0.298,-0.22,-0.397,0.024,-0.024,0.091,0.092,0.129,-0.124
Ryr2,0.342,0.063,0.291,0.129,0.148,0.203,0.802,0.097,0.023,0.314,0.006,0.764,
S100a1,-0.283,-0.655,-0.103,0.153,0.398,0.107,-0.059,-0.467,-0.649,-0.131,0.039,-0.111,-0.258
S100a10,-0.005,0.185,-0.043,0.019,0.652,0.088,0.077,0.043,-0.02,-0.064,-0.006,-0.179,0.056
S100a11,-0.514,1.247,-0.606,-0.003,0.742,0.122,-0.083,0.138,-0.002,-0.076,-0.103,-0.153,-0.166
S100a13,0.229,-0.352,-0.159,0.288,0.608,-0.385,-0.182,-0.061,-0.883,-0.062,0.005,-0.152,-0.327
S100a16,-0.088,-1.847,-0.266,-0.683,-0.763,0.827,-0.745,-1.103,-0.04,0.033,0.248,-0.041,-0.297
S100a4,0.77,-2.237,-0.083,,-0.708,,-0.504,-0.389,-0.303,-0.074,0.333,-0.487,-0.25
S100a6,-0.402,-0.892,-0.126,0.116,0.019,-0.448,-0.154,-0.277,-0.563,0.047,0.752,-0.275,-0.052
S100b,0.357,0.003,0.045,-0.121,2.982,-0.725,-0.614,-0.685,-0.136,-0.109,0.505,-0.255,-0.491
S1pr3,-0.038,-0.109,,0.144,0.4,0.06,0.113,0.01,0.056,0.02,-0.03,,
Saal1,-0.22,1.624,0.034,-0.079,-0.757,0.149,-0.19,,-0.059,-0.047,-0.198,0.044,-0.01
Sac3d1,0.208,-0.114,-0.072,-0.023,-0.055,0.003,-0.1,0.017,-0.002,-0.125,-0.074,-0.078,-0.116
Sacm1l,-0.102,-0.041,0.229,0.09,0.222,0.148,0.519,-0.066,0.037,0.18,0.183,0.099,-0.02
Sacs,0.096,0.214,0.4,0.061,-0.048,-0.272,0.014,-0.061,0.203,0.2,0.101,0.263,-0.693
Sae1,-0.083,0.407,-0.068,0.014,0.041,0.03,0.117,-0.118,-0.006,-0.028,-0.214,0.003,0.018
Safb,-0.53,-0.628,0.026,-0.009,-0.315,-0.149,-0.12,-0.185,0.035,0.108,0.019,0.192,-0.229
Safb2,-0.147,-0.161,0.072,0.177,-0.666,0.002,0.28,0.003,0.107,0.118,0.107,0.074,-0.002
Samd1,0.162,0.431,-0.072,-0.043,-0.088,-0.014,-0.125,-0.555,-0.045,0.049,0.043,-0.015,-0.001
Samd10,0.244,-0.506,0.161,-0.01,0.139,0.16,-0.136,-0.069,0.036,0.06,0.109,-0.016,0.107
Samd12,0.086,-0.663,0.026,-0.004,-0.046,-0.083,0.401,0.078,0.031,0.045,0.461,-0.539,
Samd14,-0.037,-0.358,0.041,-0.018,-0.125,0.03,0.14,0.128,-0.028,0.069,0.007,0.232,-0.019
Samd4b,0.403,-0.258,0.033,0.021,-0.3,0.121,-0.113,0.068,0.158,0.07,0.092,0.176,-0.516
Samd5,-0.114,0.423,0.022,0.201,0.664,0.398,0.302,0.661,-0.38,0.088,0.047,,-0.145
Samd8,-0.476,0.421,0.064,0.019,0.224,0.161,0.268,0.313,0.116,0.187,0.008,0.008,-0.082
Samhd1,0.059,-0.036,0.002,0.042,-0.171,0.197,0.006,-0.141,0.093,0.137,0.148,0.069,0.067
Samm50,0.129,0.507,0.054,-0.029,0.369,0.039,-0.154,-0.013,-0.144,0.074,-0.133,-0.064,0.101
Sap130,-0.082,0.102,0.136,0.217,-0.596,0.154,0.253,,-0.059,0.034,0.11,0.183,-0.557
Sap18,-0.13,-0.284,-0.183,-0.045,-0.027,-0.036,-0.317,0.126,0.012,-0.114,-0.002,-0.059,-0.059
Sap30,0.39,-3.142,-0.181,-0.242,-0.073,-0.337,-0.124,0.483,-0.144,-0.097,-0.103,0.128,0.015
Sap30bp,0.038,-1.157,-0.055,0.107,0.378,-0.167,-0.366,-0.44,-0.056,0.048,-0.244,0.024,0.057
Sap30l,-0.123,0.304,-0.061,0.039,0.117,0.031,0.067,-0.133,0.032,-0.043,0.132,0.048,-0.193
Sar1a,0.123,0.101,0.151,-0.008,-0.027,-0.088,-0.162,0.033,-0.009,0.152,-0.007,0.153,0.125
Sar1b,-0.058,0.141,0.054,-0.067,0.129,-0.073,-0.034,-0.34,-0.108,-0.051,-0.115,-0.19,0.108
Sarm1,0.777,-0.355,0.163,-0.052,0.28,0.238,0.044,0.2,0.027,0.2,-0.001,0.128,-0.199
Sarnp,-0.055,0.504,-0.145,-0.063,-0.186,-0.05,-0.091,-0.29,0.021,-0.154,0.028,-0.349,-0.019
Sars,0.05,0.21,0.039,-0.028,0.222,-0.005,-0.097,-0.131,-0.031,-0.01,-0.021,-0.217,0.032
Sars2,-0.186,1.036,0.088,-0.161,-0.29,-0.427,0.02,0.414,-0.053,-0.011,0.132,0.166,0.108
Sart1,-0.015,0.586,-0.027,0.02,-0.354,-0.278,0.016,-0.38,-0.057,0.126,-0.01,0.111,-0.107
Sart3,0.203,0.759,0.079,-0.104,-0.127,-0.285,0.34,-0.23,0.132,0.188,-0.011,0.115,-0.63
Sass6,-0.494,-1.694,-0.136,0.135,-0.47,0.338,-1.536,,0.416,0.013,0.431,0.034,0.412
Sat1,0.188,-0.057,-0.199,-0.082,-0.839,-0.607,-0.504,-0.809,-0.119,-0.093,-0.007,-0.271,-0.125
Sat2,-0.138,-0.578,-0.207,-0.117,1.217,-0.292,-0.149,-0.274,0.082,0.044,-0.036,-0.178,0.283
Satb1,-0.0,0.13,0.028,0.016,-0.186,-0.047,0.376,0.124,0.064,0.128,-0.08,0.251,0.224
Sav1,-0.337,0.807,0.029,0.213,-0.004,-0.106,-0.107,0.006,0.21,0.113,0.088,0.034,0.333
Sbds,-0.089,0.311,-0.149,-0.078,0.088,0.204,0.227,0.056,-0.103,-0.049,0.03,-0.089,-0.103
Sbf1,0.153,0.535,0.286,0.039,-0.019,0.223,0.115,-0.276,0.065,0.118,0.114,0.276,0.193
Sbf2,-0.15,0.573,0.157,0.037,-0.635,-0.152,0.211,0.21,0.088,0.196,0.145,0.01,0.267
Sbk1,-0.072,0.117,0.237,0.103,-0.197,0.175,0.501,-0.463,0.064,0.095,0.089,0.344,-0.081
Sbno1,-0.018,0.15,0.131,-0.041,-0.17,-0.064,0.446,0.121,0.014,0.108,0.105,-0.003,0.116
Sbno2,0.094,-0.796,-0.104,-0.019,-0.815,0.126,0.103,-0.396,0.015,0.245,-0.672,,
Sbsn,0.212,-0.313,-0.035,-0.037,0.274,-0.205,,-0.286,-0.001,-0.118,-0.034,-0.033,-0.031
Sc5d,0.204,-0.243,0.119,0.055,0.137,0.172,0.174,0.131,0.105,0.164,0.078,-0.124,-0.097
Scaf1,0.172,,0.06,-0.064,-0.17,0.216,0.591,0.31,0.12,0.148,0.2,0.014,-0.001
Scaf11,-0.027,-0.128,-0.059,0.022,-0.29,0.023,0.395,-0.356,0.063,0.06,0.05,0.067,-0.098
Scaf4,0.12,-1.233,0.18,0.288,-0.381,-0.376,0.164,-0.445,-0.039,0.17,-0.084,-0.018,0.267
Scaf8,-0.027,-0.336,0.12,0.093,0.117,0.085,0.35,0.176,0.191,0.231,0.141,0.034,0.073
Scai,-0.022,0.594,0.134,0.02,-0.301,-0.164,0.382,0.393,0.029,0.175,0.051,0.273,-0.001
Scamp1,-0.072,-0.193,0.237,-0.017,0.528,0.244,0.391,-0.21,0.11,0.235,0.164,0.262,-0.042
Scamp2,-0.114,-0.432,0.19,0.169,-0.329,-0.106,-0.132,0.071,-0.094,0.202,-0.069,0.057,0.02
Scamp3,0.214,-0.254,0.116,-0.038,0.269,0.003,0.231,0.058,-0.138,0.102,-0.046,0.011,0.08
Scamp5,0.26,-0.135,0.33,-0.031,0.215,0.134,0.121,0.119,0.101,0.239,0.133,0.192,0.04
Scand1,-0.228,-0.614,-0.211,-0.043,0.023,-0.052,-0.245,-0.169,-0.012,-0.11,0.012,-0.138,-0.028
Scap,0.269,0.114,0.294,0.006,0.094,0.363,-0.012,-0.28,0.022,0.382,-0.059,0.293,-0.109
Scaper,0.006,-0.78,0.042,-0.012,-0.178,-0.119,0.431,0.064,-0.033,0.061,0.002,0.043,-0.208
Scarb1,0.707,0.332,0.075,-0.027,0.316,0.2,-0.959,0.626,0.067,0.119,0.044,-0.12,-0.045
Scarb2,0.019,-0.692,0.326,0.066,0.11,0.269,0.116,0.053,0.044,0.212,-0.005,0.55,-0.021
Sccpdh,-0.097,0.39,0.013,0.005,0.168,0.087,0.278,0.071,-0.073,0.071,-0.072,0.18,0.152
Scd1,0.221,-0.174,-0.126,0.033,0.23,0.196,-0.233,-0.772,0.1,0.196,0.088,0.238,0.097
Scd2,0.119,0.146,0.065,0.142,0.109,0.056,0.115,-0.307,0.11,0.294,0.152,0.3,0.117
Scfd1,0.04,-0.079,0.029,0.033,-0.255,-0.038,0.06,-0.032,-0.153,0.118,0.006,-0.122,-0.097
Scfd2,0.079,0.127,0.117,-0.001,-0.228,-0.367,0.493,,0.178,-0.087,0.292,0.091,0.067
Scg2,0.303,-0.456,-0.211,-0.079,-0.261,0.194,0.489,0.409,0.094,0.225,-0.012,0.081,0.001
Scg3,-0.027,-0.103,0.186,-0.07,-0.114,0.129,0.435,-0.361,-0.019,0.19,-0.025,0.037,0.23
Scg5,-0.047,-0.071,0.034,-0.096,0.108,-0.044,0.248,0.387,-0.103,-0.004,-0.169,-0.203,0.053
Schip1,0.137,,-0.088,0.101,0.64,0.612,,-0.116,-0.058,-0.025,0.128,-0.024,0.343
Sclt1,-0.004,-0.622,0.117,-0.093,-0.715,0.232,-0.152,0.484,-0.137,0.045,0.183,-0.139,-0.451
Scly,0.005,-0.083,0.238,0.192,-0.146,0.751,-0.002,-0.232,-0.087,0.065,0.022,-0.238,0.13
Scmh1,0.081,0.358,0.092,-0.067,-0.563,0.007,-0.663,-0.199,-0.031,0.008,0.063,0.292,-0.067
Scn1a,-0.001,-0.065,0.224,0.64,-0.353,0.175,1.04,0.021,0.408,0.29,0.375,,
Scn1b,0.067,0.064,0.188,0.024,-0.639,-0.051,-0.084,0.214,0.097,-0.047,-0.043,-0.013,-0.846
Scn2b,0.091,-0.258,-0.085,-0.059,0.267,0.311,0.131,-0.23,0.097,0.213,0.147,0.274,0.362
Scn3b,0.131,0.525,-0.231,0.063,-0.083,0.086,0.199,-0.01,0.097,0.231,0.035,-0.02,0.46
Scn7a,-0.111,0.108,0.122,-0.215,1.449,0.116,0.156,-0.738,0.372,0.274,1.014,0.281,-0.515
Scn8a,0.082,-0.054,0.465,0.027,0.224,0.067,0.765,-0.129,0.13,0.124,0.119,0.145,-0.53
Scn9a,-0.008,0.068,0.091,0.046,-0.043,0.026,1.071,0.176,0.085,0.24,0.1,-0.022,0.165
Scnm1,0.01,-0.051,-0.124,0.049,-0.338,-0.497,0.222,-0.044,-0.063,-0.087,-0.124,-0.044,0.032
Sco1,0.259,-0.567,0.149,0.04,-0.111,0.392,0.178,,0.0,0.056,0.248,-0.387,-0.604
Sco2,-0.109,,-0.011,-0.017,0.994,-0.265,0.109,0.775,0.04,-0.113,-0.091,-0.379,0.063
Scoc,-0.033,-0.254,-0.06,0.01,0.208,0.111,0.428,-0.07,0.016,-0.048,0.039,0.144,0.148
Scp2,0.004,-0.143,-0.177,-0.025,0.047,-0.055,-0.171,-0.321,-0.087,-0.096,-0.044,-0.088,0.011
Scpep1,-0.492,0.804,0.097,0.027,-0.669,-0.296,0.404,-0.131,0.146,0.051,0.11,0.204,-0.387
Scrn1,0.174,0.252,0.061,0.033,0.319,0.054,0.275,0.214,0.008,0.097,0.129,0.325,0.249
Scrn2,-0.009,0.337,-0.141,-0.176,-0.26,-0.318,-0.142,,0.456,0.022,-0.26,-0.279,-0.436
Scrn3,0.345,-0.275,0.035,0.108,-0.204,-0.274,0.215,,-0.044,-0.004,-0.038,-0.03,-0.068
Scube1,0.1,0.598,0.119,0.191,0.79,1.11,0.811,-0.124,-0.053,0.214,-0.152,0.612,-0.116
Scx,-0.125,0.379,-0.097,-0.042,-0.18,-0.027,-0.72,0.096,0.285,-0.044,0.515,-0.029,-0.505
Scyl1,0.105,-0.396,0.065,0.133,0.264,0.35,0.237,0.223,-0.113,0.137,0.028,0.152,-0.036
Scyl2,0.169,-0.191,0.114,-0.096,-0.008,-0.162,0.609,0.097,-0.085,0.141,0.024,0.199,-0.705
Scyl3,-0.772,0.324,0.205,-0.073,-0.613,-0.119,0.46,0.102,0.089,0.196,-0.148,-0.058,-0.114
Sdad1,0.008,0.414,0.078,0.141,-0.474,0.018,0.453,-0.322,0.075,0.138,0.001,0.114,-0.165
Sdc2,-0.392,1.294,0.073,-0.192,0.558,-0.03,0.038,-0.241,-0.021,0.147,0.217,-0.4,-0.011
Sdc3,-0.264,0.493,0.09,0.042,0.424,0.311,0.229,-0.257,0.104,0.268,0.16,0.303,0.07
Sdcbp,-0.04,-0.232,0.14,-0.072,0.297,0.027,0.036,0.061,-0.016,0.063,-0.008,0.013,-0.073
Sdccag8,-0.111,0.729,0.02,-0.139,-0.051,-0.256,0.006,-0.265,-0.171,-0.029,0.132,0.067,-0.465
Sdf2,-0.008,0.476,0.058,-0.118,0.443,-0.067,-0.043,0.148,-0.054,0.009,0.035,-0.162,0.067
Sdf2l1,-0.029,-0.812,-0.006,0.052,0.437,0.0,0.563,-0.22,-0.091,-0.019,-0.218,-0.421,0.393
Sdf4,-0.005,-0.488,0.154,-0.053,-0.034,0.039,0.08,-0.107,-0.029,0.072,-0.01,0.004,-0.04
Sdha,0.039,0.004,0.084,0.03,-0.139,-0.114,-0.049,-0.236,-0.0,0.126,0.074,0.014,0.273
Sdhaf1,0.055,-0.096,-0.125,0.079,-0.001,0.074,-0.381,-0.083,-0.158,-0.151,0.026,-0.256,0.059
Sdhaf2,-0.089,0.099,-0.08,0.007,-0.575,-0.019,0.128,0.25,0.016,0.019,-0.07,-0.025,-0.008
Sdhb,0.021,0.093,-0.209,-0.08,0.339,-0.042,0.104,-0.08,-0.12,-0.095,-0.196,-0.269,0.03
Sdhc,0.004,0.081,-0.151,0.025,-0.08,0.154,-0.002,-0.713,-0.054,0.07,-0.05,0.292,-0.05
Sdhd,-0.046,0.053,-0.038,-0.028,0.224,-0.014,0.22,-0.127,-0.06,-0.071,-0.082,-0.244,-0.089
Sdr39u1,0.034,0.053,-0.057,0.027,-0.199,0.259,0.108,-0.346,-0.023,-0.135,0.047,0.203,0.053
Sdsl,-0.252,-0.755,0.136,0.374,1.514,-0.037,0.233,0.126,-0.206,0.055,-0.069,0.488,
Sec11a,-0.138,-0.038,0.07,0.013,0.05,-0.005,0.002,0.295,-0.064,0.058,-0.139,-0.142,0.014
Sec11c,-0.151,0.471,0.044,-0.044,0.481,0.156,0.007,0.072,-0.021,-0.049,-0.12,-0.498,0.055
Sec13,-0.019,0.167,-0.034,-0.056,-0.179,-0.009,0.115,-0.211,-0.129,0.101,-0.122,-0.087,-0.131
Sec14l1,0.039,-0.178,0.043,-0.026,-0.143,0.072,0.091,0.345,-0.037,0.032,-0.196,0.093,0.103
Sec16a,0.025,0.927,0.194,-0.14,0.333,0.047,0.049,0.17,0.102,0.126,-0.078,0.121,-0.146
Sec22a,-0.083,0.277,0.081,-0.017,0.012,0.321,0.519,0.125,-0.047,0.11,0.022,0.01,-0.147
Sec22b,-0.026,0.301,-0.002,-0.083,-0.358,-0.002,-0.177,0.038,-0.058,0.015,-0.016,0.056,-0.022
Sec22c,-0.265,0.236,0.218,0.184,-0.341,0.32,-0.117,0.714,-0.105,0.324,0.229,-0.285,-0.889
Sec23a,-0.038,0.104,0.125,0.077,0.133,-0.122,0.281,-0.0,0.061,0.156,0.132,0.161,-0.138
Sec23b,-0.171,-0.031,0.154,0.101,0.114,0.162,-0.071,-0.051,-0.098,0.17,0.0,0.118,0.087
Sec23ip,-0.553,0.959,0.06,-0.148,-0.31,-0.081,-0.375,0.654,0.161,0.262,0.071,0.216,0.014
Sec24a,-0.452,0.088,0.184,-0.149,-0.231,0.236,0.311,-0.048,-0.06,0.102,0.12,0.136,-0.219
Sec24b,-0.335,0.319,0.146,0.122,0.374,0.034,-0.028,0.336,0.043,0.078,-0.034,-0.114,0.134
Sec24c,-0.109,-0.042,0.244,0.069,-0.28,0.25,-0.086,-0.215,0.04,0.318,-0.095,0.229,0.347
Sec31a,0.096,-0.129,0.153,0.029,-0.427,0.094,0.037,0.115,0.077,0.16,0.071,-0.022,0.167
Sec61a1,0.1,0.653,0.303,0.037,-0.183,0.189,0.123,0.105,0.142,0.347,0.041,0.065,-0.009
Sec61a2,-0.066,0.361,0.115,0.086,0.182,0.151,0.308,0.115,0.075,0.251,0.029,0.141,0.17
Sec61b,-0.001,-0.36,-0.207,0.027,-0.075,-0.031,-0.203,-0.494,-0.04,-0.109,-0.067,-0.416,-0.168
Sec61g,-0.119,-0.194,-0.177,0.024,-0.018,0.012,-0.625,-0.24,-0.019,-0.13,-0.022,-0.436,0.025
Sec62,-0.052,-0.021,0.106,-0.014,0.298,-0.019,0.245,0.038,0.009,0.017,-0.025,-0.276,0.015
Sec63,0.185,0.672,0.095,0.057,0.063,-0.112,0.138,0.226,-0.035,0.128,-0.021,-0.07,0.131
Secisbp2,-0.086,0.853,-0.13,-0.199,-0.576,0.363,-0.351,0.354,0.011,0.029,0.11,-0.356,-0.841
Secisbp2l,-0.366,-0.176,0.014,-0.049,-0.243,0.034,0.448,0.124,0.136,0.065,0.06,0.012,0.011
Seh1l,-0.025,-0.66,0.123,0.031,-0.242,0.065,0.185,0.386,-0.096,-0.036,0.031,0.02,0.177
Sel1l,0.042,0.117,0.227,0.113,-0.055,0.204,0.276,0.147,0.081,0.144,0.037,0.186,-0.001
Sel1l3,-0.269,0.34,-0.186,0.26,-0.318,0.388,0.79,-0.766,0.023,0.208,-0.195,0.442,-0.914
Sema3b,0.303,0.183,-0.154,-0.342,0.656,-0.914,-0.524,-1.315,-0.293,0.258,-0.5,0.286,-0.733
Sema3c,-0.107,0.107,-0.56,0.003,0.278,-0.094,0.422,-0.399,-0.113,0.428,0.541,0.681,0.533
Sema4d,-0.023,0.299,-0.01,0.077,0.792,0.263,0.344,0.138,0.19,0.228,0.13,0.401,0.141
Sema4f,0.033,-0.264,0.15,0.036,0.228,0.277,0.082,-0.174,0.02,0.142,0.205,0.202,-0.249
Sema6a,-1.048,-0.727,-0.469,-0.176,-0.834,-0.103,-0.3,0.832,0.012,,0.505,,-0.569
Sema6d,0.148,0.335,-0.073,0.005,-0.138,0.147,0.459,0.137,0.005,0.179,0.226,0.162,-0.012
Senp2,-0.003,0.385,0.078,-0.057,-0.225,-0.075,0.118,0.168,0.043,0.038,0.038,0.08,-0.171
Senp3,0.074,-0.796,0.103,0.012,-0.269,0.037,0.361,0.104,-0.003,0.181,0.162,0.167,0.118
Senp5,0.112,-0.05,0.162,0.044,0.101,0.034,0.225,-0.304,0.106,0.123,0.081,-0.207,-0.3
Senp6,0.068,0.003,0.017,-0.061,-0.029,-0.108,0.61,0.084,0.056,0.018,0.017,0.016,0.149
Senp7,0.055,0.516,0.014,-0.136,-0.266,-0.109,0.4,-0.128,0.07,-0.077,0.069,0.11,0.04
Senp8,-0.122,-0.678,0.075,0.023,0.578,0.387,-0.242,,0.025,-0.019,-0.119,-0.001,-0.307
Sephs1,-0.237,0.691,0.019,-0.044,0.09,0.099,-0.094,,0.012,0.137,0.12,0.11,0.113
Sephs2,-0.376,-0.257,-0.104,-0.024,-0.142,-0.141,-0.312,,-0.105,-0.074,-0.011,-0.025,-0.247
Sepsecs,-0.006,,0.158,0.163,-0.21,-0.717,-0.327,-0.553,-0.086,0.013,-0.13,-0.078,
Sept10,0.134,,0.086,-0.272,-0.798,0.004,,,-0.211,-0.053,-0.153,-0.054,-0.245
Sept11,0.192,,0.043,-0.046,-0.255,-0.062,,0.362,0.089,0.108,0.12,0.174,-0.337
Sept3,0.059,,0.058,0.099,-0.055,0.164,,-0.173,0.03,0.045,0.081,0.174,-0.071
Sept4,-0.306,,0.025,-0.203,0.341,-0.006,,0.453,-0.05,-0.181,0.033,0.036,0.074
Sept5,-0.019,,-0.031,0.018,0.166,0.314,,0.444,0.009,-0.179,0.014,-0.249,0.283
Sept6,0.343,,0.04,-0.098,-0.404,-0.103,,-0.19,0.06,0.128,-0.014,-0.074,-0.163
Sept7,-0.075,,-0.02,-0.027,0.217,0.007,,-0.004,-0.064,-0.041,-0.034,-0.057,-0.009
Sept8,0.009,,0.049,0.141,-0.063,-0.539,,-0.428,0.018,0.115,0.19,0.131,0.101
Serbp1,-0.199,-0.074,-0.125,-0.105,-0.302,-0.085,-0.094,-0.291,-0.027,-0.076,-0.067,-0.184,-0.041
Serf1,-0.071,0.044,-0.043,-0.022,0.237,0.066,-0.206,-0.036,0.004,-0.121,0.011,-0.257,0.022
Serf2,0.009,-0.275,-0.082,-0.049,-0.145,-0.134,-0.306,-0.278,-0.013,-0.101,0.042,-0.141,-0.021
Sergef,0.38,-0.753,-0.051,-0.031,0.271,0.051,-0.047,-0.132,-0.126,-0.074,-0.275,-0.034,-0.268
Serhl,-0.25,,-0.026,-0.455,-0.518,-0.155,-0.574,0.529,-0.373,0.031,-0.276,-0.291,-2.125
Serinc1,-0.151,-0.197,0.296,0.027,0.281,0.125,0.551,0.227,0.066,0.235,0.045,0.074,-0.005
Serinc3,-0.102,-0.181,0.154,-0.07,0.007,-0.008,0.083,-0.265,0.066,0.222,0.177,0.137,0.002
Serinc5,0.107,0.057,-0.001,0.12,-0.097,0.133,0.205,0.124,0.07,0.24,0.01,0.088,-0.037
Serp1,-0.099,-0.44,-0.051,0.015,0.236,-0.207,-0.249,-0.053,0.01,-0.029,-0.09,-0.022,-0.235
Serp2,-0.042,-0.659,-0.112,0.027,0.185,-0.162,0.179,0.075,0.028,-0.112,0.113,0.055,0.153
Serpina3n,-0.113,-0.361,,-0.311,2.366,-0.446,-0.024,-0.354,-0.163,0.13,0.024,-0.171,
Serpinb6a,0.017,-0.119,0.006,0.039,0.924,0.17,-0.07,0.125,0.036,-0.017,-0.055,-0.312,0.047
Serpinb9,0.033,0.632,-0.036,0.562,0.92,0.537,0.271,-0.12,0.152,0.103,-0.056,0.022,-0.731
Serpine2,0.695,-2.469,-0.281,-0.006,0.678,0.117,-0.593,-0.639,-0.369,-0.126,0.045,-0.129,0.455
Serpinf1,-0.02,0.192,0.107,-0.064,0.938,-0.08,0.034,0.178,-0.131,0.172,0.113,-0.656,0.312
Serping1,-0.342,0.212,-0.044,0.028,-0.743,-0.558,-0.31,-0.315,-0.104,-0.033,-0.263,0.753,0.125
Serpini1,-0.084,-0.152,0.098,0.041,0.587,0.168,0.56,0.118,-0.119,0.207,0.504,-0.202,0.135
Sertad1,-0.372,-0.319,-0.337,-0.273,-0.467,0.034,-0.496,-0.715,-0.019,-0.091,-0.171,-0.379,-0.405
Sertad2,0.151,0.274,0.007,-0.094,-0.254,0.055,0.263,-0.603,-0.033,0.148,-0.117,0.027,0.139
Sertad3,-0.359,-1.112,-0.084,-0.363,0.686,-0.309,0.237,0.117,-0.129,-0.092,0.041,-0.028,0.087
Sertad4,-0.484,-0.27,-0.08,0.207,0.207,0.194,0.608,-0.637,-0.199,-0.068,0.262,0.574,0.297
Sesn1,-0.155,-0.256,-0.054,0.021,-0.118,-0.136,0.35,0.029,0.197,0.097,0.253,0.222,0.079
Sesn3,0.096,-0.126,0.028,0.135,-1.109,-0.303,0.051,0.038,-0.044,0.056,0.017,0.196,0.373
Sestd1,-0.04,-0.267,0.089,-0.035,-0.82,-0.095,-0.259,,-0.034,-0.008,0.061,0.261,0.22
Set,-0.145,0.446,-0.133,-0.016,-0.392,-0.17,0.255,-0.038,0.001,-0.062,-0.033,-0.075,-0.241
Setd2,0.128,0.444,0.054,0.092,-0.286,-0.115,0.161,0.201,-0.143,0.235,0.044,0.069,-0.018
Setd3,0.086,0.269,0.088,0.04,0.088,0.031,0.056,0.108,-0.003,0.061,0.001,-0.055,0.005
Setd5,0.048,-1.09,0.146,-0.019,-0.243,-0.036,0.247,0.031,0.008,0.095,0.011,0.025,-0.191
Setd6,0.052,0.478,0.005,0.192,-0.142,0.014,0.307,-0.694,0.076,-0.02,-0.154,-0.034,0.011
Setd7,0.08,0.109,0.237,-0.173,-0.354,0.183,0.182,-0.172,0.25,0.136,0.114,0.212,-0.169
Setdb1,-0.088,-0.096,0.186,0.178,-0.238,-0.039,-0.462,-0.329,0.074,0.204,-0.012,-0.01,0.252
Setx,-0.239,-0.856,0.173,0.052,-0.115,0.03,0.338,-0.385,0.025,0.26,0.038,0.034,0.164
Sez6,0.325,0.08,0.285,0.362,0.634,0.123,0.267,0.342,0.068,0.274,0.06,0.678,0.191
Sez6l2,0.008,0.247,0.364,0.06,0.102,0.09,0.271,0.344,0.078,0.14,0.016,0.108,0.023
Sf1,-0.124,-0.218,-0.0,0.037,-0.529,-0.068,-0.269,-0.188,0.002,0.109,0.023,0.109,-0.163
Sf3a1,-0.127,0.295,-0.047,-0.002,-0.226,-0.091,-0.122,-0.422,-0.008,0.109,0.193,0.16,0.281
Sf3a2,-0.009,0.585,-0.075,0.072,-0.394,-0.358,-0.343,-0.296,0.113,0.073,-0.431,0.079,0.073
Sf3a3,0.17,-0.238,-0.161,0.11,-0.392,-0.097,-0.224,0.093,-0.185,0.005,-0.323,-0.067,0.046
Sf3b1,-0.068,0.107,-0.042,-0.015,-0.252,-0.068,-0.036,-0.221,-0.109,0.111,-0.026,-0.105,-0.111
Sf3b2,0.003,-0.082,-0.125,0.015,-0.137,-0.146,0.154,-0.042,-0.046,0.032,-0.041,-0.051,0.033
Sf3b3,-0.299,-0.495,-0.058,-0.028,-0.234,-0.048,-0.023,0.136,-0.032,0.197,-0.069,0.307,0.198
Sf3b4,-0.088,-0.028,-0.202,-0.066,0.059,-0.146,-0.378,0.03,0.03,0.006,-0.222,0.041,-0.064
Sf3b5,-0.028,0.243,-0.223,-0.053,-0.045,-0.134,-0.096,0.405,-0.037,-0.091,-0.017,-0.151,0.054
Sfi1,-0.24,-1.33,0.349,-0.129,-0.822,0.121,0.218,0.347,0.154,0.199,0.102,0.205,0.506
Sfmbt1,-0.772,0.83,0.126,-0.03,-0.84,0.403,0.248,0.348,0.196,0.115,-0.133,0.193,0.02
Sfpq,0.012,-0.283,-0.038,-0.011,-0.58,-0.041,0.126,0.191,0.029,0.11,-0.046,-0.044,0.053
Sfr1,-0.062,0.145,-0.202,0.001,0.007,-0.096,0.021,0.027,-0.073,-0.067,-0.063,-0.255,0.011
Sfrp1,-0.034,-0.014,-0.015,-0.141,0.459,0.636,-0.73,-1.002,-0.357,-0.286,0.273,,
Sfrp5,0.988,-2.184,,-0.245,-0.273,-1.269,-0.616,-1.627,-0.469,-0.249,0.476,,
Sfswap,0.123,-0.152,0.182,0.014,-0.171,0.356,0.051,0.16,0.006,0.186,0.077,0.053,0.031
Sft2d1,-0.0,-0.103,0.021,0.046,0.028,0.226,-0.327,-0.336,-0.137,-0.059,0.165,-0.005,-0.205
Sft2d2,0.491,-1.341,0.019,0.115,3.062,-0.251,-0.442,,-0.036,0.053,0.067,0.267,-0.109
Sft2d3,-0.095,0.544,0.044,0.173,-0.056,0.002,0.85,0.024,0.083,0.033,0.006,-0.102,-0.018
Sfxn1,-0.108,-0.21,-0.135,-0.046,-0.234,-0.109,0.116,-0.126,0.042,-0.056,-0.017,0.069,0.13
Sfxn3,-0.163,0.065,0.264,0.084,0.2,0.078,0.097,0.082,0.095,0.154,0.098,-0.026,0.178
Sfxn4,0.221,0.064,0.078,-0.256,1.582,0.408,-0.757,,0.007,0.14,0.029,-0.236,0.021
Sgcb,-0.103,0.258,0.273,0.09,0.346,-0.056,0.529,-0.084,-0.041,0.149,-0.002,0.112,-0.087
Sgce,-0.428,0.055,0.124,0.0,-0.317,-0.146,-0.796,-0.058,-0.074,0.216,-0.095,0.1,-0.077
Sgip1,0.227,0.471,0.087,0.11,0.086,0.024,0.524,0.302,0.018,0.081,0.046,0.029,0.135
Sgk1,-0.413,-0.17,-0.122,-0.153,0.39,0.212,-0.384,0.317,-0.129,0.012,-0.285,0.002,-0.429
Sgms1,-0.118,0.93,-0.117,0.32,0.998,0.387,0.573,0.197,-0.098,0.076,0.237,-0.338,-0.779
Sgms2,-0.007,0.235,0.098,0.057,0.496,-0.448,0.102,-0.745,0.254,0.12,0.305,0.052,
Sgpl1,0.008,-0.082,0.269,-0.026,-0.132,-0.293,0.091,-0.021,0.092,0.22,0.023,0.031,-0.096
Sgpp1,0.137,0.227,0.139,0.059,-0.644,-0.078,0.252,0.56,0.233,0.101,0.149,0.315,0.238
Sgpp2,0.32,-0.671,0.313,0.051,0.913,1.008,0.381,0.21,0.273,0.224,0.246,0.151,0.081
Sgsh,-0.259,-1.494,0.058,0.142,2.152,-0.741,-0.581,,0.445,0.343,0.307,0.09,
Sgsm1,-0.173,0.475,0.322,0.113,-0.385,0.162,0.486,0.184,0.057,0.282,0.26,-0.025,-0.031
Sgsm2,0.187,0.155,0.044,0.045,0.322,0.308,-0.435,-0.027,0.102,0.16,0.127,0.218,0.335
Sgsm3,-0.078,-0.453,0.072,-0.092,1.031,0.172,-0.033,-0.149,-0.002,0.022,-0.012,0.01,-0.032
Sgta,-0.051,0.091,-0.056,0.012,-0.16,-0.07,-0.259,-0.199,-0.178,0.062,-0.144,0.198,-0.104
Sgtb,-0.085,-0.028,-0.103,0.166,-0.052,-0.082,0.438,0.499,0.023,0.061,0.219,-0.099,0.171
Sh2b1,-0.378,0.672,0.064,0.059,-0.148,0.105,-0.211,-0.588,-0.02,0.124,0.023,0.116,-0.307
Sh2d3c,0.215,0.029,0.144,-0.016,-0.161,0.531,-0.296,,0.187,0.137,0.06,0.314,-0.08
Sh3bgr,-0.114,0.88,0.032,-0.3,1.502,0.196,0.221,-0.561,0.107,-0.416,0.776,,0.646
Sh3bgrl,-0.074,-0.47,-0.153,0.055,-0.174,0.124,0.297,-0.699,-0.083,-0.01,-0.069,-0.451,0.043
Sh3bgrl2,0.19,-0.007,0.098,0.328,-0.648,-1.004,0.061,-0.609,0.02,0.015,0.355,0.126,
Sh3bgrl3,-0.06,-0.266,-0.201,-0.026,0.302,0.097,-0.103,0.096,0.007,-0.109,0.04,-0.619,-0.048
Sh3bp4,-0.063,-1.163,-0.227,-0.268,-0.732,-0.374,0.202,,0.369,0.149,0.234,0.11,0.007
Sh3bp5,-1.041,-1.538,-0.282,-0.047,0.409,0.011,-0.11,-0.676,-0.056,0.0,-0.232,-0.014,-0.273
Sh3bp5l,-0.192,-0.233,0.02,-0.029,0.117,-0.121,0.108,0.045,-0.071,0.156,0.205,0.297,0.056
Sh3gl1,0.057,0.438,-0.145,-0.133,-0.291,-0.214,0.113,-0.124,-0.101,0.02,0.089,0.312,0.134
Sh3gl2,0.005,0.022,0.053,-0.018,0.464,0.462,0.376,0.134,0.152,0.036,0.142,-0.152,0.048
Sh3gl3,0.115,-1.058,0.223,0.057,0.374,-0.184,0.702,0.006,0.027,,-0.115,-0.092,-0.221
Sh3glb1,-0.096,-0.07,-0.022,0.018,0.101,-0.053,0.034,-0.146,0.028,-0.055,-0.112,-0.055,-0.088
Sh3glb2,0.006,-0.053,-0.083,-0.078,0.154,-0.083,-0.016,-0.009,-0.032,0.032,-0.063,-0.017,0.083
Sh3kbp1,0.225,0.536,-0.051,-0.211,-0.274,-0.112,-0.182,-0.395,0.015,-0.028,-0.069,-0.186,-0.064
Sh3pxd2b,0.035,1.942,0.287,0.079,-0.264,0.005,-0.199,-0.709,-0.151,0.215,0.021,-0.201,-0.433
Sh3yl1,0.012,-0.586,-0.124,-0.016,0.037,0.077,0.563,0.089,0.064,-0.039,-0.155,-0.161,0.084
Shank1,0.255,0.678,0.093,0.099,-0.105,0.21,0.472,0.053,-0.079,0.163,0.113,0.171,0.249
Sharpin,0.318,-0.482,-0.085,0.068,0.119,0.094,0.305,-0.559,-0.067,0.076,-0.06,-0.167,-0.174
Shc1,-0.01,-0.859,0.215,0.116,0.039,0.019,0.146,-0.143,-0.138,0.16,-0.043,-0.248,-0.485
Shc2,-0.024,0.158,0.218,0.183,-0.31,0.076,0.359,0.268,0.049,0.176,0.015,0.207,-0.138
Shd,-0.073,0.955,-0.109,-0.006,-0.138,0.065,0.303,0.177,0.026,-0.044,-0.155,-0.378,-0.049
Shf,0.318,1.291,-0.213,-0.018,0.454,0.216,-0.163,0.044,-0.133,0.035,-0.106,0.059,0.16
Shisa2,-0.181,0.503,0.109,-0.01,-0.49,0.329,0.614,,-0.106,-0.064,-0.013,-0.05,-0.14
Shisa4,-0.015,0.098,0.138,-0.02,0.481,0.058,0.183,-0.057,-0.078,0.086,-0.017,0.063,0.093
Shisa5,0.016,0.073,0.019,0.015,0.071,0.14,0.14,-0.039,-0.014,0.145,-0.011,0.081,0.018
Shmt2,0.646,-0.522,0.142,-0.035,-1.197,0.021,-0.358,-0.662,-0.211,0.255,-0.243,0.116,-0.08
Shoc2,0.059,-0.25,-0.028,0.03,0.128,0.087,0.332,0.377,-0.003,0.002,0.197,0.017,-0.112
Shprh,0.314,-0.724,0.144,0.095,-0.717,-0.205,-0.284,0.04,0.021,0.156,0.044,0.153,-0.192
Shq1,-1.545,-0.911,0.109,0.362,0.746,-0.012,-0.295,,0.284,0.305,-0.279,0.005,0.087
Siae,0.061,-1.019,0.108,-0.282,0.122,-0.019,-0.195,-0.53,0.276,0.281,0.276,0.193,
Siah1a,0.084,-0.511,-0.081,0.003,0.138,-0.111,0.391,-0.025,0.023,-0.045,0.093,-0.005,-0.244
Siah1b,-0.198,-1.105,-0.109,0.099,0.086,0.03,0.129,,-0.261,0.008,-0.125,-0.114,-0.063
Siah2,-0.464,0.267,-0.02,-0.096,0.255,0.07,0.159,0.246,0.299,0.045,0.072,0.053,-0.677
Sidt2,-0.215,0.44,0.318,-0.031,-0.222,0.039,0.124,-0.229,0.171,0.253,0.16,0.078,-0.221
Sigmar1,0.052,0.481,0.146,-0.104,0.447,-0.068,0.099,0.202,0.049,0.063,-0.034,0.272,-0.188
Sik2,0.728,,0.272,-0.319,0.218,-0.274,0.12,0.099,-0.033,0.087,-0.342,0.136,-0.806
Sike1,-0.223,-0.172,-0.033,-0.085,0.3,0.144,0.077,-0.03,0.06,0.014,0.055,0.051,-0.092
Sil1,0.2,0.002,0.169,-0.002,0.773,0.073,0.001,0.002,-0.208,0.347,-0.065,0.168,-0.081
Sin3a,-0.207,-0.987,0.056,0.102,-0.936,0.054,-0.804,-0.126,-0.115,0.162,0.175,0.065,-0.111
Sin3b,-0.022,-0.043,-0.076,-0.03,0.03,-0.164,-0.322,0.163,-0.077,0.049,-0.015,0.254,-0.229
Sipa1l1,0.01,0.827,0.122,-0.283,-0.536,0.346,-0.519,0.084,0.143,0.144,-0.157,0.023,0.196
Sirpa,-0.147,-0.179,0.267,0.064,0.864,0.088,0.179,0.01,0.1,0.389,0.216,0.284,0.193
Sirt1,0.163,0.253,-0.009,0.017,-0.367,-0.246,-0.123,-0.815,0.065,-0.266,0.065,0.258,0.201
Sirt2,-0.028,-0.294,-0.038,-0.06,-0.066,-0.037,-0.002,0.125,-0.154,0.01,-0.004,-0.064,0.025
Sirt3,0.062,0.22,-0.075,0.071,0.096,-0.072,0.327,-0.027,-0.009,-0.065,-0.082,-0.025,0.071
Sirt4,0.106,1.943,0.069,-0.12,-0.027,0.098,,0.326,-0.049,0.044,-0.214,0.06,-0.149
Sirt5,0.09,-0.547,-0.079,-0.09,0.216,0.257,-0.53,-0.106,-0.218,0.012,-0.187,-0.579,-0.053
Sirt6,0.066,-0.021,-0.015,-0.073,-0.509,0.171,-0.699,0.134,-0.014,0.044,0.213,0.259,-0.068
Sirt7,0.0,1.037,0.206,0.08,-0.483,0.356,0.319,0.128,0.138,0.12,0.06,0.018,-0.138
Siva1,-0.064,-1.96,-0.108,0.006,-0.156,-0.454,0.041,-0.104,-0.08,-0.11,-0.079,-0.236,-0.135
Skap2,-0.407,1.534,0.068,-0.347,0.635,-0.446,-0.018,0.46,-0.024,0.089,0.441,-0.039,0.286
Ski,0.08,0.151,-0.014,0.12,0.293,-0.332,0.246,-0.036,-0.003,0.103,0.151,0.162,0.054
Skil,-0.332,-0.485,-0.071,-0.138,-0.146,-0.274,-0.027,-0.348,-0.004,0.165,0.166,0.016,-0.207
Skiv2l,0.153,-0.123,0.157,0.196,-0.413,0.386,0.086,-0.331,0.058,0.34,0.051,0.091,-0.031
Skp1a,0.058,-0.038,-0.118,-0.067,0.031,0.033,,-0.429,-0.036,-0.093,0.0,-0.114,0.047
Slain1,-1.077,0.475,-0.024,0.375,-0.375,0.105,,,-0.177,0.254,0.091,0.143,-0.168
Slain2,-0.177,0.306,0.004,0.036,0.149,-0.277,0.258,-0.057,0.119,-0.001,0.13,0.179,-0.006
Slbp,0.024,-1.321,-0.072,-0.099,-0.378,-0.376,-0.402,0.394,-0.108,0.004,-0.104,-0.054,-0.023
Slc10a3,0.207,-1.41,0.327,0.065,0.431,1.341,,,-0.199,-0.091,-0.434,-0.325,
Slc10a7,0.547,-0.894,0.028,-0.019,-0.153,-0.109,0.667,0.014,0.017,0.138,-0.052,-0.154,-0.095
Slc11a2,-0.002,0.761,0.313,0.072,-0.003,-0.35,-0.295,-0.284,0.107,0.256,0.143,0.203,0.213
Slc12a2,0.094,-0.412,0.002,-0.122,-0.201,-0.105,0.136,-0.206,0.05,0.24,0.043,-0.073,0.055
Slc12a6,0.037,0.146,0.203,0.048,-0.353,-0.143,0.234,-0.075,0.042,0.176,0.315,0.159,0.181
Slc12a7,0.709,0.906,0.235,-0.571,-0.901,0.35,0.354,-0.452,0.394,0.323,0.042,0.31,
Slc15a4,0.33,0.62,0.243,0.176,0.368,0.752,0.035,0.161,0.057,0.254,-0.1,0.395,-0.571
Slc16a1,0.23,0.913,0.272,0.092,0.399,-0.014,-0.107,0.089,-0.028,0.319,0.274,0.138,-0.792
Slc16a2,0.31,-0.008,-0.417,0.123,0.005,-0.109,0.274,,0.064,0.139,0.041,0.212,0.082
Slc16a6,0.551,,0.496,0.128,-0.09,0.794,0.043,-0.266,0.148,0.38,-0.032,,
Slc16a7,-0.706,0.069,0.001,-0.054,-0.17,-0.223,-0.388,0.53,0.235,0.23,-0.02,-0.022,-0.405
Slc17a5,0.006,-0.01,0.173,-0.024,-0.529,0.263,0.38,-0.172,-0.032,0.093,-0.102,0.127,-0.207
Slc18a2,-0.163,1.171,0.096,0.21,0.343,0.081,0.546,0.196,0.183,,0.603,-0.577,0.052
Slc19a1,0.082,-0.898,0.417,0.162,0.869,-0.072,0.389,,-0.008,-0.047,0.039,-0.153,-0.417
Slc19a2,0.326,0.435,0.461,0.42,-0.418,0.376,-0.585,,0.368,0.558,0.339,,
Slc1a1,-0.651,0.04,0.099,0.123,0.369,0.111,-0.023,,0.125,0.168,0.719,,
Slc1a4,0.14,-0.587,0.26,0.058,0.874,0.123,0.057,0.259,0.105,0.232,0.175,0.439,-0.04
Slc20a1,0.203,-0.252,0.352,-0.095,0.022,-0.063,0.283,0.272,-0.032,0.205,0.052,0.106,0.163
Slc20a2,-0.89,1.16,0.105,0.056,-0.597,-0.716,-0.188,-0.065,-0.133,0.236,-0.018,0.059,0.313
Slc22a17,0.148,0.213,0.167,0.037,0.093,-0.101,0.284,-0.138,-0.004,0.194,0.061,0.17,0.15
Slc22a23,-0.414,0.319,0.421,0.294,1.371,-0.381,,,0.087,0.177,-0.167,-0.303,
Slc22a5,-0.286,-1.061,0.2,0.019,-0.191,0.557,0.068,,-0.149,0.094,-0.147,0.122,0.323
Slc23a2,-0.288,0.043,0.129,0.042,0.406,-0.018,0.604,0.015,-0.036,0.198,0.153,0.28,-0.621
Slc24a2,-0.152,0.376,0.543,-0.436,-0.237,0.215,0.372,-0.033,0.087,0.202,-0.263,0.169,
Slc24a3,-0.032,-1.02,-0.049,0.327,0.532,0.967,,,0.123,-0.001,0.52,0.123,
Slc24a5,0.049,,-0.105,0.08,-0.505,-0.159,0.499,0.246,0.019,-0.059,-0.138,-0.097,-0.223
Slc25a1,-0.27,0.111,-0.111,0.007,0.613,0.276,-0.044,-0.175,0.067,0.052,0.141,0.132,-0.066
Slc25a10,0.091,-0.098,0.219,-0.123,0.956,0.889,-0.158,-0.837,0.018,0.027,0.234,-0.18,-0.391
Slc25a11,0.139,-0.441,-0.119,-0.052,0.131,-0.194,-0.139,0.127,-0.123,-0.003,-0.052,-0.153,-0.085
Slc25a12,0.128,0.089,0.153,-0.005,0.143,0.051,0.114,-0.161,-0.043,0.129,-0.043,0.158,-0.103
Slc25a14,0.073,-0.175,0.091,-0.0,0.409,0.105,0.09,0.148,-0.121,0.104,-0.072,0.067,-0.102
Slc25a15,-0.049,-0.804,0.22,-0.175,-0.035,-0.184,-0.157,,0.05,0.222,-0.005,0.162,0.494
Slc25a16,0.083,-0.453,0.038,0.009,0.207,-0.229,0.937,0.139,-0.06,-0.039,0.193,-0.181,0.163
Slc25a17,0.081,0.22,0.028,-0.038,-0.076,-0.108,0.653,0.356,-0.034,0.018,0.017,0.165,0.139
Slc25a19,0.03,0.138,-0.051,0.109,-0.282,-0.439,-0.239,0.017,-0.142,-0.061,0.188,-0.072,-0.148
Slc25a20,-0.204,-1.309,0.181,-0.041,-0.372,-0.068,0.378,0.048,0.128,0.131,-0.041,-0.128,0.031
Slc25a22,-0.303,-0.499,0.213,-0.02,-0.06,0.114,0.161,0.265,0.126,0.157,0.064,0.247,0.011
Slc25a23,0.499,-0.078,-0.158,-0.065,0.108,-0.114,-0.088,0.118,0.014,-0.078,-0.022,0.243,0.153
Slc25a24,0.703,-1.533,0.022,-0.014,-0.347,0.297,0.797,,0.246,-0.053,0.182,-0.345,-0.442
Slc25a25,-0.012,0.394,0.224,-0.05,0.017,0.068,0.195,0.254,0.136,0.122,0.167,0.036,0.12
Slc25a26,0.134,-0.057,0.081,-0.427,-0.212,0.001,0.148,-0.447,0.039,0.066,-0.134,0.338,-0.214
Slc25a27,-0.109,-0.172,0.055,-0.014,-0.068,-0.022,0.488,0.326,-0.003,0.02,0.076,0.325,-0.44
Slc25a28,-0.015,-0.825,0.03,-0.321,0.281,-0.389,-0.081,-0.298,0.061,0.004,-0.124,0.044,-0.223
Slc25a29,-0.209,1.177,-0.009,0.002,1.466,0.013,-0.768,-0.235,0.119,0.084,-0.279,-0.17,0.087
Slc25a3,0.017,0.079,-0.003,-0.063,0.192,0.061,-0.056,0.047,-0.045,-0.049,-0.099,-0.218,-0.013
Slc25a32,0.587,-1.049,0.26,-0.03,-0.088,0.179,0.791,0.262,0.087,0.228,0.177,0.287,
Slc25a33,0.003,-0.289,-0.042,0.012,0.35,0.199,0.317,0.411,0.038,-0.053,-0.018,-0.401,-0.386
Slc25a36,0.053,0.517,0.225,0.14,-0.083,0.396,0.496,-0.245,0.061,0.116,0.059,0.165,0.146
Slc25a37,-0.313,-0.796,0.335,-0.066,-0.135,-0.231,-0.097,-0.495,0.06,0.063,0.014,0.166,
Slc25a38,0.11,-0.194,-0.037,0.065,-0.058,-0.192,0.248,-0.444,-0.004,-0.022,-0.215,0.093,0.244
Slc25a39,-0.0,-0.122,-0.114,-0.047,-0.22,-0.248,0.127,0.214,0.019,-0.078,-0.016,0.117,-0.122
Slc25a4,0.056,-0.027,-0.083,-0.04,0.259,0.025,0.315,0.131,-0.011,-0.072,-0.02,-0.246,0.036
Slc25a40,0.161,0.689,0.183,-0.132,1.049,0.212,-0.441,,0.056,0.05,-0.191,-0.334,0.15
Slc25a42,0.154,0.002,0.153,0.265,-0.821,0.802,,-0.561,0.23,0.052,0.208,0.347,
Slc25a44,-0.119,-0.185,0.018,0.038,0.256,-0.105,0.299,0.154,0.041,0.129,0.095,0.255,0.09
Slc25a46,0.033,-0.179,0.21,-0.029,0.149,0.072,0.427,0.045,0.075,0.084,0.042,0.07,0.109
Slc25a5,-0.026,-0.071,-0.092,-0.059,0.09,0.02,-0.118,-0.371,0.016,-0.089,-0.126,-0.148,-0.134
Slc26a11,-0.204,-1.249,0.094,,-1.023,-0.815,0.188,0.614,0.232,0.185,0.37,,
Slc27a1,-0.145,1.0,0.043,-0.253,-0.181,0.276,-0.212,-0.409,-0.021,0.098,0.103,-0.129,0.042
Slc27a3,0.891,-0.625,0.214,0.082,0.631,0.231,,,0.116,0.004,-0.107,0.033,-0.092
Slc27a4,0.055,0.209,0.352,0.075,0.711,0.024,-0.184,-0.018,0.071,0.279,0.05,0.182,-0.163
Slc29a1,-0.126,-0.598,-0.001,0.08,0.448,0.14,0.339,0.145,0.007,0.314,-0.2,0.047,-0.073
Slc29a4,0.602,0.801,-0.111,0.05,0.056,0.194,-0.041,-0.181,0.051,0.108,0.075,-0.305,-0.272
Slc2a1,-0.242,-0.564,-0.194,0.034,0.465,-0.608,-0.304,0.0,0.125,0.217,0.121,0.032,
Slc2a3,0.211,-0.038,0.168,0.063,0.499,0.252,0.272,0.357,0.068,0.242,0.082,0.128,0.221
Slc2a6,0.242,0.211,0.379,0.047,1.058,0.073,-0.028,-0.072,0.203,0.193,-0.185,0.002,-0.078
Slc2a8,0.36,0.667,0.434,0.119,-0.125,0.231,-0.674,0.18,0.154,0.18,0.007,0.055,-0.019
Slc30a4,0.005,-1.111,0.197,-0.025,0.477,-0.159,0.287,0.24,-0.085,0.142,0.119,0.173,-0.153
Slc30a5,-0.069,-0.989,0.187,-0.109,-0.744,-0.236,0.295,0.0,0.015,0.224,0.197,0.135,-0.334
Slc30a6,-0.23,-0.975,0.122,0.096,-0.776,0.441,-0.618,0.237,0.034,0.164,0.057,0.071,-0.228
Slc30a9,0.134,0.247,0.183,0.071,0.2,0.273,0.069,0.313,0.045,0.11,0.044,0.157,-0.021
Slc31a1,-0.044,0.759,0.027,0.108,0.403,0.192,0.381,0.155,-0.001,0.227,0.382,-0.134,0.226
Slc31a2,-0.014,0.946,0.124,-0.005,0.672,-0.044,-0.054,-0.436,0.076,0.024,0.232,0.222,-0.282
Slc33a1,-0.342,-0.243,0.294,-0.089,0.349,-0.01,-0.091,-0.434,0.132,0.265,0.0,0.116,0.006
Slc35a1,-0.193,-0.166,0.051,0.063,-0.117,0.15,0.029,-0.417,0.085,0.052,-0.019,0.098,-0.057
Slc35a2,0.115,-0.205,0.114,0.05,0.035,0.156,0.634,-0.043,0.125,0.138,-0.042,-0.057,-0.033
Slc35a3,-0.245,1.102,0.303,0.011,-0.407,-0.046,0.439,-0.109,-0.062,0.117,-0.085,0.093,0.443
Slc35a4,0.019,0.161,0.155,-0.014,-0.04,0.419,0.215,0.301,0.135,0.112,-0.108,0.284,0.02
Slc35a5,-0.09,0.136,0.121,-0.007,0.004,-0.045,-0.606,-0.196,-0.07,0.143,0.126,0.038,0.121
Slc35b1,-0.0,0.433,-0.042,-0.078,0.181,-0.066,0.096,-0.283,0.002,0.017,-0.141,-0.186,-0.025
Slc35b2,0.535,-1.161,0.089,-0.04,-0.159,0.403,0.373,0.02,-0.063,0.093,-0.085,0.067,-0.263
Slc35b3,0.268,-0.086,0.081,0.231,-0.045,0.066,0.099,-0.025,0.105,0.217,-0.027,-0.013,0.117
Slc35b4,0.142,0.085,0.245,-0.047,0.394,-0.212,0.416,-0.007,0.001,0.205,0.12,-0.068,-0.221
Slc35c1,0.419,-0.3,0.209,-0.096,-0.485,0.06,0.736,,0.019,0.005,-0.085,0.083,0.099
Slc35c2,0.032,1.639,0.224,0.033,-0.167,-0.249,0.183,-0.018,0.002,0.002,0.147,0.036,0.04
Slc35d1,0.477,-4.647,0.158,0.006,0.469,-0.987,-0.257,0.311,0.157,0.262,0.083,0.145,
Slc35e1,0.227,0.208,0.411,-0.081,-0.479,0.212,0.124,0.278,-0.009,0.158,0.04,0.15,-0.086
Slc35e3,0.003,0.646,0.348,0.174,0.058,0.455,0.072,-0.439,0.266,0.206,0.131,0.222,-0.001
Slc35e4,0.146,0.125,0.135,-0.064,0.688,-0.514,-0.111,-1.088,-0.138,0.231,0.075,-0.108,-0.222
Slc35f1,-0.641,0.315,0.118,0.031,0.892,-0.246,-0.112,-0.473,-0.292,-0.024,0.775,,
Slc35f3,-0.118,-1.116,0.165,0.215,2.16,1.398,0.536,0.451,0.273,0.097,-0.073,,
Slc35f5,-0.193,-0.637,0.104,-0.177,0.301,0.15,-0.132,0.194,0.01,0.186,0.023,0.257,-0.004
Slc36a1,0.12,0.543,0.352,-0.0,0.507,0.199,0.585,0.264,0.17,0.29,0.14,0.437,-0.291
Slc36a4,-0.135,-0.857,0.303,0.008,-0.309,0.408,0.198,0.196,0.015,0.264,0.184,0.356,0.109
Slc37a1,0.078,1.181,0.066,0.176,-0.507,0.089,0.168,0.347,0.096,0.184,-0.146,0.131,
Slc37a3,0.538,-1.083,0.119,0.044,-0.1,0.323,0.461,0.415,0.006,0.074,0.129,0.088,-0.089
Slc37a4,-0.076,1.422,0.279,-0.082,-0.471,0.013,-0.126,0.271,-0.015,0.05,0.026,0.378,0.118
Slc38a1,-0.096,0.042,0.262,0.09,-0.317,-0.172,0.542,0.29,0.043,0.194,0.007,0.214,0.057
Slc38a10,0.264,0.295,0.258,0.13,0.26,0.266,0.279,0.05,0.044,0.289,-0.068,0.234,-0.088
Slc38a2,-0.036,0.124,0.253,0.012,-0.499,-0.251,0.108,0.211,0.042,0.095,0.05,0.123,-0.12
Slc38a6,0.092,-1.271,0.391,-0.078,-0.717,-0.145,,0.348,0.311,0.152,0.128,0.207,
Slc38a7,0.293,0.477,0.116,0.05,0.643,0.276,-0.192,0.087,0.082,0.166,0.12,0.052,0.159
Slc38a9,0.001,0.203,0.307,0.047,0.237,0.061,1.033,0.21,-0.028,0.143,0.137,0.105,-0.237
Slc39a10,-0.139,-0.205,0.083,0.054,-0.203,0.0,0.684,0.049,-0.009,0.185,0.097,0.05,0.027
Slc39a11,0.477,-0.323,0.346,-0.018,1.104,-0.787,0.096,,0.313,0.351,0.068,0.09,-0.294
Slc39a13,0.01,0.124,0.184,-0.044,0.463,0.159,0.405,-0.145,-0.196,0.113,0.106,-0.083,-0.024
Slc39a3,-0.273,-0.413,0.285,0.002,-0.02,0.03,0.134,0.02,-0.05,0.201,0.089,0.023,0.44
Slc39a6,-0.115,-0.19,0.142,0.059,0.15,0.12,0.337,0.067,0.001,0.168,0.033,-0.074,-0.005
Slc39a7,0.398,-0.14,0.226,-0.004,-0.287,-0.161,,-0.144,0.067,0.116,-0.151,-0.021,0.009
Slc39a9,0.292,-0.359,0.27,-0.061,-0.531,0.151,0.108,-0.038,0.098,0.299,0.058,0.404,0.033
Slc3a2,-0.275,-0.056,0.053,-0.096,-0.07,0.143,-0.271,-0.081,-0.051,0.248,-0.134,-0.029,0.052
Slc41a2,0.238,-0.271,0.331,0.153,0.439,0.172,0.099,0.761,0.112,0.32,0.238,0.067,0.055
Slc41a3,-0.2,0.337,0.192,0.123,0.625,-0.129,0.512,0.264,-0.01,0.098,0.066,0.232,
Slc43a2,-0.024,-0.215,0.177,0.171,-0.261,0.304,0.878,-0.103,0.141,0.288,0.037,0.235,-0.288
Slc44a1,0.044,0.04,0.105,0.075,0.462,-0.302,0.348,-0.29,0.104,0.271,-0.045,0.165,-0.173
Slc44a2,-0.091,0.384,0.282,0.096,0.074,-0.047,0.384,-0.001,0.103,0.343,0.026,0.297,-0.203
Slc44a5,-0.187,0.096,-0.308,0.006,0.115,-0.023,0.435,0.048,0.105,0.301,-0.455,-0.467,
Slc45a1,0.268,0.187,0.31,0.079,0.267,0.55,0.286,-0.074,0.044,0.247,0.244,0.161,-0.054
Slc45a4,0.238,-0.867,0.327,-0.055,0.087,-0.019,0.636,-0.389,0.232,0.126,-0.026,0.13,
Slc46a1,0.678,-1.235,-0.03,0.088,2.43,-0.587,-0.264,,-0.056,-0.03,-0.455,,
Slc48a1,0.026,0.13,0.074,-0.01,-0.002,-0.069,0.178,0.085,0.068,0.016,0.013,-0.03,0.16
Slc4a1ap,0.141,-0.138,-0.085,-0.061,0.317,-0.291,0.292,0.358,0.064,0.043,-0.117,0.04,-0.732
Slc4a2,0.079,-0.354,0.45,0.136,-0.022,-0.298,-0.355,-0.181,0.031,0.173,0.187,0.097,0.188
Slc4a3,-0.078,-0.206,0.047,-0.001,-0.196,0.324,0.129,0.16,-0.054,0.234,0.067,0.341,-0.009
Slc4a4,-0.235,-0.297,0.065,-0.113,-0.567,-0.47,0.452,0.157,-0.018,0.135,0.034,0.006,-0.413
Slc4a7,-0.678,0.772,0.249,-0.05,-0.187,0.009,-0.234,-0.314,0.006,0.26,0.009,0.043,-0.252
Slc4a8,-0.532,0.494,0.002,0.139,0.177,0.188,0.716,0.34,0.113,0.127,0.132,-0.035,0.197
Slc50a1,0.012,0.266,0.004,-0.092,-0.069,-0.072,0.101,-0.128,-0.106,0.002,-0.076,-0.271,0.063
Slc5a3,-0.026,0.025,0.077,-0.207,-0.453,-0.029,0.803,-0.049,0.249,0.193,0.129,0.045,-0.113
Slc5a5,0.298,1.044,0.111,-0.351,0.851,0.068,0.035,-0.31,0.02,0.013,0.017,,
Slc5a6,-0.038,0.458,0.311,0.054,1.019,0.036,0.519,0.204,-0.106,0.136,0.331,0.167,0.672
Slc6a15,-0.109,0.049,0.028,0.017,0.395,0.006,0.077,0.212,0.129,0.219,0.055,0.105,-0.579
Slc6a17,-0.133,-0.491,0.431,0.156,0.171,0.546,0.289,0.419,0.019,0.184,0.164,0.355,0.332
Slc6a6,-0.112,0.695,0.037,-0.094,-0.394,0.093,0.431,0.315,-0.001,0.296,-0.026,0.192,-0.146
Slc7a1,-0.051,0.52,0.229,0.032,0.198,0.335,0.16,0.22,0.017,0.195,0.039,-0.017,0.18
Slc7a14,-0.191,0.169,0.26,0.094,0.135,0.003,0.6,0.018,0.132,0.275,0.167,0.381,0.271
Slc7a4,-0.254,-0.352,0.178,-0.013,0.463,0.435,0.343,-0.187,0.006,0.284,0.123,-0.093,0.23
Slc7a5,-0.499,-1.108,-0.069,0.221,-0.082,-0.227,-0.612,,0.046,0.266,0.14,0.077,-0.791
Slc7a6,-0.14,0.673,0.353,0.237,-0.094,0.085,-0.142,0.265,-0.005,0.222,0.061,0.098,0.09
Slc7a6os,0.252,-0.305,-0.017,-0.045,-0.569,-0.337,0.747,0.148,-0.157,-0.111,-0.033,-0.162,-0.1
Slc7a7,0.163,0.104,,-0.044,0.845,1.244,0.151,-0.048,0.049,0.348,1.01,-0.183,-0.162
Slc7a8,0.177,0.05,0.283,-0.01,0.621,0.433,0.378,0.448,0.052,0.234,-0.037,0.109,0.097
Slc8a3,0.062,0.761,0.189,-0.019,0.296,-0.072,0.496,-0.28,0.089,0.268,0.102,0.326,
Slc9a1,0.257,0.405,0.301,-0.122,0.253,0.313,-0.253,-0.123,0.057,0.245,0.068,0.389,-0.381
Slc9a3r1,0.175,-0.703,-0.488,0.065,0.291,-1.851,-0.407,-0.9,-0.588,-0.321,0.097,,
Slc9a3r2,0.068,-0.466,-0.109,-0.118,0.405,-0.166,0.079,0.009,0.043,-0.031,-0.021,-0.058,-0.41
Slc9a5,0.12,0.107,0.303,0.335,-0.43,0.495,0.475,-0.797,0.004,0.196,0.211,,
Slc9a6,-0.243,-0.102,0.241,0.068,0.181,0.122,0.548,0.32,0.069,0.217,0.17,0.248,-0.001
Slc9a8,0.171,0.046,0.453,0.087,-0.692,0.434,0.112,0.192,-0.074,0.353,0.026,0.236,0.182
Slc9a9,-0.09,-0.064,0.151,-0.063,-0.483,0.327,-0.38,0.153,0.201,0.154,-0.008,,
Slco3a1,0.238,0.42,0.264,0.038,-0.435,-0.192,0.532,0.067,0.138,0.244,-0.08,-0.455,-0.125
Slco5a1,0.005,0.823,1.113,0.204,-0.484,-0.388,,0.786,-0.191,0.163,0.188,,
Slitrk1,0.187,0.162,0.361,-0.179,0.441,-0.076,0.385,-0.205,0.159,0.033,-0.093,0.287,-1.423
Slitrk3,0.279,0.465,0.239,-0.405,1.741,-0.711,,,0.13,0.089,0.666,0.492,0.646
Slitrk5,0.083,-0.505,0.095,-0.184,1.41,0.127,0.327,-0.45,-0.054,-0.034,-0.371,0.865,0.524
Slk,-0.013,0.541,-0.011,0.061,0.352,0.157,0.062,-0.21,0.089,0.177,0.052,0.061,-0.285
Slmap,-0.016,0.613,0.121,0.081,-0.2,0.259,0.279,0.051,0.183,0.242,0.092,0.219,-0.149
Sltm,-0.039,0.03,0.025,-0.034,-0.591,0.038,0.418,-0.052,0.02,0.007,-0.046,-0.002,-0.135
Slu7,-0.04,-0.29,-0.085,0.149,0.068,-0.318,0.253,-0.11,-0.102,0.06,0.058,0.018,0.01
Slx1b,0.031,0.226,0.006,0.064,-0.564,0.368,-0.934,-1.289,0.08,-0.077,-0.028,0.167,0.155
Smad1,-0.185,-0.207,0.116,-0.173,-0.429,0.131,-0.132,0.009,-0.147,0.053,-0.091,-0.063,-0.197
Smad2,-0.158,-0.396,-0.044,0.067,-0.053,0.167,0.356,0.132,0.021,0.015,-0.118,-0.003,-0.073
Smad4,0.225,-0.73,-0.077,0.154,-0.38,0.038,0.294,-0.068,-0.151,0.017,0.141,-0.087,-0.041
Smad5,0.029,-0.154,0.012,-0.025,-0.23,0.289,-0.155,0.48,0.03,0.122,-0.061,0.32,-0.298
Smad9,0.248,0.449,0.151,-0.006,1.049,0.273,-0.836,-0.472,0.175,0.172,0.074,0.194,-0.056
Smap1,-0.071,0.422,-0.191,-0.006,0.429,-0.001,0.364,0.133,0.05,-0.054,0.227,-0.195,0.095
Smap2,-0.077,0.012,-0.025,-0.004,0.255,-0.037,0.261,0.268,0.052,-0.05,0.052,0.031,0.017
Smarca1,0.062,1.034,-0.083,-0.116,0.078,0.205,0.457,0.253,0.035,0.072,0.095,-0.093,0.166
Smarca2,0.08,-0.223,-0.007,-0.034,-0.555,0.055,0.2,0.359,-0.071,0.112,-0.008,0.438,0.032
Smarca4,-0.043,0.0,0.106,0.017,-0.224,0.038,0.237,-0.034,-0.002,0.243,-0.066,0.167,-0.067
Smarca5,0.173,-0.133,0.009,-0.055,-0.417,-0.039,0.419,-0.826,0.007,-0.02,0.084,-0.115,-0.151
Smarcad1,-0.561,0.871,-0.021,-0.184,-0.422,0.146,-0.92,0.36,-0.07,0.066,-0.085,0.034,-0.726
Smarcal1,-0.106,0.485,0.128,0.038,0.502,0.229,0.466,0.044,-0.126,0.205,0.332,0.037,0.274
Smarcb1,-0.285,-0.125,-0.141,-0.057,-0.05,-0.114,0.129,-0.194,-0.137,0.023,-0.254,-0.002,0.002
Smarcc1,-0.251,-0.111,-0.001,0.059,-0.145,-0.132,0.299,0.106,0.087,0.089,0.016,-0.005,-0.218
Smarcc2,-0.224,-0.369,0.061,-0.009,-0.341,0.013,0.013,0.069,-0.053,0.141,-0.008,0.301,0.066
Smarcd1,-0.166,0.25,-0.103,-0.067,-0.272,-0.255,0.379,-0.082,0.024,-0.06,0.073,0.001,-0.009
Smarcd2,0.107,-0.206,0.182,-0.191,1.009,0.145,0.18,0.253,-0.179,0.233,0.057,-0.062,-0.03
Smarcd3,0.435,-0.566,-0.054,-0.276,0.27,0.044,0.305,-0.279,-0.121,-0.04,-0.155,0.234,0.221
Smarce1,-0.057,0.526,-0.142,-0.088,-0.386,-0.158,-0.082,0.241,-0.16,-0.021,-0.092,-0.01,-0.069
Smc1a,-0.146,-0.267,-0.073,0.026,-0.465,-0.039,0.431,-0.175,-0.07,0.111,-0.037,0.036,-0.063
Smc2,-0.416,0.614,0.204,-0.266,-1.346,-0.594,-1.451,,-0.236,-0.009,-0.564,-0.135,-0.057
Smc3,0.112,-0.243,-0.158,-0.066,-0.481,-0.063,-0.011,-0.01,-0.013,0.045,-0.119,-0.0,0.041
Smc4,-0.038,0.279,0.251,-0.26,-1.8,-0.993,-0.123,,-0.16,0.053,-0.116,-0.416,-0.092
Smc5,0.29,-0.585,0.047,0.032,-0.796,0.2,0.768,-0.019,0.182,0.057,-0.123,-0.0,-0.125
Smc6,-0.16,0.43,-0.032,-0.087,-0.403,-0.098,-0.027,-0.412,0.003,-0.042,-0.058,-0.123,-0.041
Smchd1,-0.042,-1.756,0.041,-0.221,-0.277,-0.302,0.296,0.07,-0.008,0.042,0.027,-0.034,-0.18
Smcr8,0.729,-1.714,0.293,0.152,0.274,0.331,-0.144,,0.099,0.177,0.225,0.303,
Smg1,0.085,-0.009,0.239,0.175,-0.266,0.023,0.647,-0.259,-0.016,0.326,0.117,0.049,0.036
Smg5,-0.101,0.512,0.196,-0.018,-0.701,0.318,0.223,0.275,-0.006,0.118,-0.045,-0.049,0.027
Smg6,-0.2,-0.354,0.095,0.054,-0.434,-0.05,0.511,0.109,-0.035,0.037,-0.069,0.38,0.053
Smg7,-0.257,0.038,0.21,-0.04,-0.271,-0.336,-0.094,-0.293,0.117,0.083,0.16,0.265,-0.133
Smn1,-0.118,0.782,-0.086,-0.084,-0.397,0.003,0.458,-0.24,-0.089,-0.056,-0.205,-0.167,-0.017
Smndc1,-0.133,-0.114,-0.17,-0.231,-0.193,-0.029,-0.224,0.378,-0.07,-0.068,0.039,-0.165,-0.056
Smox,-0.506,-0.58,-0.24,-0.096,-0.462,-0.136,-0.15,,-0.022,-0.061,-0.013,-0.393,-0.385
Smpd1,0.13,-0.038,0.14,-0.058,0.459,0.242,0.044,0.405,0.062,0.111,0.013,-0.054,-0.119
Smpd3,0.354,-1.042,0.132,0.112,0.148,-0.015,0.513,-0.164,0.064,0.08,0.064,-0.292,0.035
Smpd4,0.176,1.247,0.291,-0.068,-0.347,0.358,-0.252,0.014,0.027,0.241,0.171,0.156,-0.497
Smpdl3a,-0.014,0.291,-0.018,0.045,0.568,0.632,0.2,-0.996,-0.021,0.081,-0.041,0.07,0.05
Sms,-0.226,0.222,0.037,0.008,0.288,0.082,0.315,0.08,0.044,-0.07,0.066,-0.274,-0.077
Smu1,0.057,-0.45,0.041,0.003,-0.093,-0.071,-0.164,-0.265,-0.078,0.071,-0.033,-0.098,0.1
Smug1,-0.06,-0.69,0.051,0.204,-0.097,-0.343,0.124,0.189,-0.126,0.066,0.425,0.381,-0.228
Smurf1,-0.088,-1.497,0.177,0.296,0.009,0.187,0.075,0.063,0.081,0.22,0.424,0.014,-0.569
Smurf2,0.097,-0.389,-0.003,0.059,-0.186,-0.262,-0.223,0.13,-0.04,0.137,0.165,-0.086,-0.278
Smyd2,-0.178,-0.133,0.09,-0.02,0.159,0.151,0.11,0.212,-0.034,-0.023,-0.041,-0.186,-0.166
Smyd3,-0.063,0.374,0.096,-0.028,0.376,0.277,0.237,-0.829,0.068,0.049,-0.172,0.186,0.156
Smyd4,-0.279,0.8,0.031,0.105,-0.211,0.156,0.834,0.223,0.027,-0.003,-0.093,-0.268,0.031
Smyd5,0.043,0.981,0.178,0.135,-0.172,0.13,-0.321,-0.44,0.108,0.229,-0.006,0.029,0.103
Snap23,-0.016,2.215,0.116,0.267,-0.076,-0.342,-0.554,0.06,-0.018,0.141,-0.675,-0.027,
Snap25,-0.028,-0.002,0.052,-0.009,-0.554,-0.153,0.345,0.035,-0.042,0.025,0.089,0.269,0.041
Snap29,-0.173,-1.36,-0.069,-0.014,-0.177,0.364,0.316,0.285,0.056,0.009,0.01,0.107,0.056
Snap47,-0.019,-0.009,-0.094,0.005,0.544,0.112,0.24,-0.016,-0.008,0.012,-0.019,0.159,0.209
Snap91,0.043,-0.13,0.096,0.096,-0.027,-0.017,0.417,-0.056,0.082,0.117,0.183,0.358,0.095
Snapc1,-0.256,-0.131,-0.087,0.012,0.096,-0.187,0.224,0.328,-0.019,-0.035,-0.05,-0.254,0.328
Snapc2,0.008,-0.477,-0.046,0.012,-0.015,0.231,-0.332,,-0.152,0.06,-0.01,0.244,-0.184
Snapc3,0.042,0.359,0.157,-0.067,-0.166,0.156,0.013,0.062,-0.017,0.003,-0.025,0.049,0.041
Snapc4,-0.095,1.478,0.381,0.123,-0.322,0.004,-0.646,0.144,-0.137,0.614,-0.095,0.049,
Snapc5,-0.03,0.144,-0.143,-0.032,0.165,-0.162,0.041,-0.245,0.015,-0.124,0.068,-0.42,0.053
Snapin,-0.055,0.244,0.002,-0.038,0.186,-0.104,-0.126,0.109,-0.038,-0.036,0.032,-0.052,-0.005
Snca,-0.212,0.131,-0.212,-0.032,0.329,-0.027,0.201,-0.061,0.02,0.046,0.405,0.144,-0.26
Sncb,0.099,0.302,-0.169,0.042,0.411,0.117,0.039,0.035,-0.026,-0.103,0.174,0.542,0.613
Sncg,-0.001,-0.168,-0.206,-0.011,0.895,0.12,0.037,-0.017,-0.021,-0.104,0.002,0.055,0.224
Snd1,0.249,-0.673,0.106,0.073,-0.235,-0.014,0.189,0.206,0.199,0.143,0.146,0.118,-0.246
Snf8,-0.176,0.294,-0.116,0.022,0.2,0.023,-0.093,0.096,-0.06,-0.102,-0.07,-0.12,-0.18
Snhg10,-0.262,-0.489,-0.072,-0.084,0.125,0.252,0.041,0.416,-0.03,-0.089,0.127,,
Snhg11,0.057,0.115,0.132,0.028,0.379,0.157,0.613,0.141,0.019,0.219,0.103,0.076,0.182
Snhg12,0.063,0.649,-0.19,-0.095,-0.463,-0.138,-0.15,0.194,-0.013,-0.091,-0.051,-0.073,-0.009
Snhg6,-0.038,-0.038,-0.143,0.042,0.081,-0.125,-0.039,-0.159,-0.009,-0.15,-0.029,-0.362,-0.001
Snhg9,0.315,,0.047,0.003,0.041,0.093,-0.448,,-0.02,-0.029,0.112,-0.217,0.03
Snip1,0.356,0.067,-0.002,0.194,-0.505,-0.184,0.051,,0.008,0.072,0.022,0.093,-0.582
Snn,0.021,-0.295,0.24,0.077,0.241,-0.203,0.367,0.022,0.131,0.193,0.1,-0.049,0.039
Snph,-0.216,0.205,0.292,0.11,0.367,0.25,0.266,-0.13,0.017,0.226,0.225,0.149,0.408
Snrk,0.43,0.514,0.049,0.093,0.067,-0.046,0.333,-0.035,0.023,0.108,-0.077,-0.065,-0.165
Snrnp200,-0.097,-0.415,0.159,0.006,-0.34,0.01,-0.028,-0.843,0.009,0.205,-0.116,0.046,0.084
Snrnp25,0.007,0.014,-0.116,0.005,-0.16,0.004,-0.176,0.175,0.077,-0.108,-0.01,-0.22,-0.182
Snrnp27,0.014,-0.296,-0.129,-0.04,-0.137,-0.06,0.216,-0.27,-0.001,-0.089,-0.003,-0.192,-0.139
Snrnp35,-0.141,0.021,-0.093,-0.109,0.223,-0.291,0.077,0.292,-0.129,-0.079,-0.218,-0.08,0.312
Snrnp40,-0.076,0.152,-0.005,-0.056,-0.521,-0.028,0.011,-0.373,-0.082,0.014,-0.099,-0.052,-0.028
Snrnp48,-0.058,0.677,0.076,-0.003,-0.17,-0.085,0.145,-0.01,0.119,0.014,-0.006,-0.236,-0.081
Snrnp70,0.204,0.479,0.128,0.025,-0.453,-0.023,0.141,0.061,-0.027,0.094,-0.025,-0.077,0.046
Snrpa,-0.136,1.653,-0.061,-0.094,-0.347,-0.063,-0.194,-0.513,-0.132,-0.015,-0.119,-0.132,0.053
Snrpa1,-0.093,0.538,-0.118,-0.011,-0.239,-0.259,-0.071,0.045,-0.004,-0.073,-0.115,-0.352,-0.061
Snrpb,-0.075,-0.057,-0.16,0.018,-0.255,-0.132,-0.292,-0.208,-0.164,-0.078,-0.211,-0.099,0.013
Snrpb2,0.131,0.123,-0.047,-0.078,-0.205,-0.121,0.134,-0.12,-0.026,-0.003,-0.042,-0.33,-0.053
Snrpc,-0.026,0.453,-0.163,-0.056,-0.235,0.067,-0.205,0.359,-0.091,-0.057,-0.022,-0.39,-0.079
Snrpd1,-0.025,0.12,-0.136,-0.04,-0.038,-0.05,-0.218,0.012,-0.03,-0.116,-0.031,-0.079,-0.082
Snrpd2,-0.127,-0.209,-0.214,-0.059,-0.034,-0.01,-0.34,-0.085,-0.023,-0.091,-0.049,-0.162,-0.023
Snrpd3,0.02,-0.278,-0.153,-0.011,-0.117,-0.122,0.053,-0.168,-0.11,-0.083,-0.085,-0.129,0.017
Snrpe,-0.011,0.132,-0.099,-0.022,-0.231,-0.049,-0.017,-0.252,0.002,-0.115,-0.045,-0.255,-0.019
Snrpf,-0.02,0.286,-0.11,0.023,-0.465,-0.064,-0.444,-0.16,0.008,-0.122,-0.088,-0.164,-0.022
Snrpg,-0.14,0.066,-0.11,-0.053,-0.671,-0.188,-0.475,-0.709,-0.018,-0.184,-0.025,-0.431,-0.149
Snrpn,-0.003,,-0.05,-0.008,0.329,-0.039,0.084,-0.06,-0.026,-0.123,-0.034,0.156,0.105
Sntb2,-0.311,-0.981,0.108,-0.112,-0.132,0.601,0.096,0.073,-0.083,0.072,-0.239,,-0.133
Sntg1,-0.202,-0.349,0.048,,,-0.024,,-2.274,0.012,0.198,0.7,-0.615,0.36
Snupn,0.088,-1.786,-0.033,-0.016,0.284,0.329,-0.318,,0.155,-0.07,-0.367,-0.192,-0.141
Snw1,0.173,-0.404,-0.255,-0.064,-0.206,-0.129,-0.102,-0.251,-0.038,-0.034,-0.013,-0.181,0.039
Snx1,0.0,0.622,-0.085,-0.104,-0.276,-0.047,0.009,-0.25,-0.137,-0.008,-0.117,0.077,-0.051
Snx10,-0.105,0.125,-0.024,-0.045,0.375,0.064,0.221,-0.023,0.019,-0.033,0.019,0.065,0.106
Snx11,0.2,0.51,0.017,0.02,-0.193,0.07,-0.006,0.128,-0.195,-0.009,-0.155,0.001,0.051
Snx12,-0.065,0.153,0.018,-0.026,0.26,0.066,0.088,-0.078,0.085,-0.037,-0.032,0.196,-0.026
Snx13,0.081,0.394,0.196,0.272,0.027,0.401,0.563,-0.679,-0.025,0.091,0.07,0.133,-0.128
Snx14,0.148,-0.671,0.301,0.186,0.113,0.264,0.589,0.159,0.031,0.34,-0.052,0.018,0.119
Snx15,-0.005,-0.217,-0.223,-0.047,0.552,0.003,0.035,0.175,0.044,-0.02,-0.008,-0.106,-0.218
Snx16,-0.116,-0.154,-0.126,-0.129,0.33,0.043,0.14,0.335,-0.069,-0.057,0.108,0.002,0.301
Snx17,-0.032,-0.064,-0.037,-0.058,0.175,0.182,-0.292,-0.343,0.014,0.011,-0.09,-0.29,-0.115
Snx18,-0.303,0.204,-0.063,0.026,0.617,-0.238,-0.057,-3.31,0.072,0.093,0.004,0.03,0.233
Snx19,0.008,-0.718,0.357,0.228,0.125,0.041,0.458,0.113,0.037,0.122,0.161,-0.003,0.125
Snx2,0.008,0.05,-0.093,-0.056,0.059,0.125,0.085,-0.225,-0.088,0.023,0.01,0.065,-0.138
Snx21,0.254,0.03,-0.013,-0.028,0.166,-0.175,-0.092,0.221,0.002,-0.021,0.088,-0.022,-0.03
Snx24,0.339,0.772,-0.012,-0.015,-0.341,-0.091,0.21,0.003,0.029,0.041,0.254,0.185,-0.088
Snx25,0.087,-0.126,0.16,0.197,-0.166,0.065,0.086,0.266,0.06,0.187,0.169,0.126,0.179
Snx27,0.072,-0.109,0.128,-0.038,-0.207,0.126,0.429,-0.503,-0.007,0.107,0.018,0.223,-0.053
Snx29,0.069,,0.141,-0.104,1.989,-0.149,-1.192,0.048,-0.071,0.026,0.207,-0.152,-0.203
Snx3,0.023,-0.216,-0.093,-0.014,0.206,-0.052,0.221,-0.306,0.024,-0.092,-0.005,-0.035,0.001
Snx32,0.022,0.342,0.105,0.046,0.671,-0.041,0.13,-0.198,0.129,0.039,0.045,0.079,0.122
Snx4,-0.07,-0.638,-0.051,0.026,0.021,0.468,0.156,0.034,-0.032,0.114,0.078,0.066,0.004
Snx5,0.101,-0.104,-0.023,-0.204,-0.942,0.196,-0.011,0.009,-0.116,-0.128,-0.039,-0.047,0.063
Snx6,0.046,-0.106,-0.103,-0.064,-0.008,-0.101,0.316,-0.227,-0.085,-0.072,0.062,-0.462,0.026
Snx7,0.138,-0.173,-0.021,-0.062,0.677,0.314,0.204,0.404,-0.221,-0.072,-0.033,0.109,0.448
Snx9,-0.368,1.975,-0.022,-0.212,-0.213,-0.149,0.013,-0.175,-0.128,0.022,0.086,-0.048,-0.463
Soat1,-0.032,-1.259,0.236,-0.125,-0.142,-0.861,0.435,-0.595,-0.183,0.204,-0.159,-0.497,
Sobp,0.348,-0.404,-0.022,0.222,-0.205,0.22,0.075,0.108,0.024,-0.014,-0.046,-0.181,0.154
Socs2,-0.126,-0.115,-0.306,0.065,1.046,0.167,0.385,0.162,0.05,0.035,0.037,-0.465,-0.482
Socs3,0.03,-0.057,-0.321,-0.062,-0.773,-0.484,-0.222,0.041,-0.25,-0.166,-0.645,,-0.596
Socs4,-0.186,1.07,0.06,0.026,-0.389,0.102,0.52,-0.656,0.024,0.119,0.09,0.144,0.124
Socs5,0.172,0.182,0.144,0.159,0.401,-0.418,0.243,0.395,0.163,0.075,0.011,0.208,0.299
Socs6,0.403,0.669,0.054,0.007,0.176,-0.023,-0.079,0.076,0.151,0.073,-0.083,0.022,-0.096
Sod1,-0.03,0.109,-0.17,-0.023,0.052,0.009,-0.441,0.117,0.026,0.039,-0.012,0.203,-0.204
Sod2,-0.003,0.249,-0.056,-0.023,0.149,-0.028,-0.035,-0.054,-0.04,-0.078,-0.059,-0.102,-0.103
Son,-0.135,-0.009,0.001,-0.019,-0.284,-0.101,0.215,-0.005,-0.096,0.126,-0.044,-0.121,0.073
Sorbs1,0.042,0.116,0.059,0.106,0.572,-0.103,0.319,-0.124,-0.101,0.109,0.091,-0.102,0.372
Sorbs2,0.463,0.478,0.024,-0.27,-0.799,0.188,-0.437,-0.285,0.082,0.002,-0.289,-0.279,0.157
Sord,0.281,0.111,-0.142,0.019,0.218,0.12,-0.114,-0.633,-0.14,0.031,-0.074,-0.034,-0.29
Sorl1,0.151,-0.133,-0.168,0.268,-0.364,-0.048,0.481,-0.188,0.208,0.318,0.111,0.379,0.317
Sort1,0.066,-0.394,0.12,0.055,-0.649,0.306,0.024,0.125,0.012,0.226,0.004,-0.319,0.399
Sos1,-0.016,-0.101,0.082,-0.047,-0.041,-0.052,0.286,0.289,0.094,0.117,0.225,0.242,0.107
Sos2,-0.046,0.151,0.093,-0.034,0.484,-0.02,0.397,0.208,0.084,0.09,0.313,0.051,0.11
Sostdc1,0.262,0.318,-0.284,-0.09,-0.89,-0.456,-0.546,0.206,-0.569,-0.139,0.336,,
Sox11,-0.861,-0.341,-0.086,-0.008,-1.058,-0.214,0.214,0.075,-0.104,-0.055,-0.143,0.38,-0.155
Sox4,-0.196,0.276,-0.305,-0.019,-0.33,-0.151,0.485,-0.373,-0.059,-0.036,-0.172,-0.02,-0.177
Sp3,-0.116,-0.233,-0.02,-0.026,-0.498,-0.187,0.502,0.273,0.15,0.091,0.066,0.222,-0.116
Sp4,-0.045,0.371,0.064,0.105,-0.293,-0.144,-0.536,,-0.11,0.179,0.079,0.055,0.038
Spa17,0.277,-0.637,-0.061,-0.061,-0.201,-0.107,-0.483,-0.476,0.057,-0.159,-0.348,-0.125,-0.112
Spag7,0.034,0.531,-0.155,-0.231,0.053,-0.004,0.118,0.126,-0.062,-0.06,-0.189,-0.112,-0.013
Spag9,-0.103,0.287,0.08,0.03,-0.074,0.061,0.123,-0.069,-0.012,0.05,0.048,0.066,0.104
Sparc,0.297,0.116,-0.446,-0.379,-0.62,-2.28,-0.592,-0.516,-0.271,-0.067,0.094,0.314,-0.215
Sparcl1,0.274,-0.363,0.324,-0.432,0.11,-1.25,-0.671,-0.542,-0.389,-0.086,0.042,,
Spast,-0.179,-0.795,0.08,0.076,-0.34,0.041,0.469,-0.366,-0.025,0.065,0.002,0.118,0.089
Spata1,-0.307,-1.013,0.073,0.168,0.257,0.758,,0.794,0.315,-0.073,0.062,-0.29,
Spata13,0.019,-0.219,0.053,-0.071,0.526,0.22,-0.144,0.192,0.138,0.147,0.625,0.834,
Spata2,0.041,-0.21,0.128,-0.048,-0.122,0.044,-0.164,-0.353,0.062,0.009,-0.152,0.255,0.387
Spata24,-0.015,0.87,-0.416,-0.014,-0.567,-0.175,,,-0.191,-0.263,-0.065,-0.291,0.235
Spata5,0.33,0.453,0.089,0.053,-0.013,-0.187,-0.055,,-0.131,0.09,0.105,0.056,-0.224
Spata6,0.017,-1.758,-0.086,0.061,-0.312,-0.309,-0.014,0.424,0.201,0.06,0.111,-0.373,-0.327
Spata7,0.102,0.768,0.088,-0.017,0.08,0.193,0.798,0.296,0.044,0.045,0.109,-0.13,-0.185
Spats2,0.141,1.986,0.092,-0.136,0.182,-0.003,-0.145,-0.038,0.049,0.027,0.134,0.123,0.108
Spats2l,0.21,0.489,-0.015,-0.429,-0.813,-0.905,0.358,,0.137,-0.082,-0.366,-0.383,-0.133
Spcs1,-0.033,-0.061,0.034,0.01,0.096,-0.033,0.217,0.048,-0.067,-0.077,-0.03,-0.465,-0.064
Spcs2,-0.049,-0.116,-0.018,0.017,0.012,-0.061,0.467,0.097,-0.067,-0.027,-0.064,-0.124,0.042
Spcs3,0.064,0.395,0.187,-0.135,-0.236,-0.213,-0.041,,-0.092,0.077,0.169,0.172,0.035
Specc1l,-0.029,0.091,0.164,0.216,-0.061,0.245,-0.076,-0.567,0.187,0.102,0.064,0.033,-0.031
Spef1,-0.115,1.143,0.123,0.147,0.338,0.295,-0.209,,0.149,0.317,0.127,0.129,0.026
Spg20,-0.334,1.14,-0.075,0.196,0.302,-0.25,-0.105,-0.194,-0.038,0.116,-0.059,0.089,0.239
Spg21,-0.026,-0.86,-0.023,-0.033,-0.439,-0.038,0.122,-0.867,-0.135,0.004,-0.195,-0.067,0.201
Spg7,0.326,0.14,0.151,-0.049,0.108,0.271,0.037,0.151,-0.083,0.158,-0.063,-0.184,0.068
Sphk2,0.137,-0.047,0.031,0.043,0.12,0.314,-0.811,-0.527,-0.07,0.154,-0.01,0.072,-0.163
Spice1,-0.234,0.425,0.129,0.05,-0.209,0.042,-1.014,0.237,0.126,0.155,-0.061,-0.004,0.287
Spin1,-0.166,0.042,0.139,-0.012,-0.204,0.064,0.177,0.337,0.035,0.077,0.157,0.351,-0.123
Spink10,0.286,,0.35,0.027,0.444,-0.396,0.089,-2.466,0.051,0.088,0.704,-0.095,
Spint2,-0.377,,-0.166,-0.099,0.535,0.13,0.486,,0.015,-0.07,0.087,-0.168,0.188
Spire1,0.239,-0.447,-0.003,0.05,-0.305,0.255,0.089,-0.204,0.103,-0.006,-0.016,-0.027,-0.169
Spire2,0.025,-0.146,0.116,-0.026,0.051,-0.031,0.54,-0.321,-0.131,-0.02,0.116,0.236,0.041
Spns1,0.086,-0.227,0.156,0.171,-0.06,-0.187,0.2,0.126,-0.006,0.141,-0.027,-0.136,0.021
Spns2,-0.161,-0.8,0.358,0.359,-0.62,0.02,0.544,0.363,0.237,0.321,0.336,0.14,-0.568
Spock1,-0.026,-0.455,0.173,0.091,-0.422,0.02,0.375,-0.381,-0.053,0.339,0.213,-0.259,-0.023
Spock2,0.036,-0.491,0.311,0.043,0.167,-0.025,0.582,0.179,0.054,0.218,0.193,0.346,0.116
Spock3,0.018,0.03,0.032,0.04,0.647,-0.043,0.355,0.298,0.059,0.086,-0.059,-0.551,-0.082
Spop,0.063,-0.208,-0.01,0.009,0.01,-0.048,0.561,-0.131,-0.01,-0.087,0.013,0.163,-0.147
Spopl,0.326,0.396,0.136,-0.026,0.118,0.188,0.631,-0.323,0.033,0.074,0.124,0.023,-0.426
Sppl3,0.122,0.235,0.267,0.004,0.149,0.177,0.353,-0.128,0.113,0.274,0.2,0.261,0.211
Spr,-0.019,-0.471,-0.196,-0.065,0.655,0.063,-0.183,-0.121,-0.108,-0.044,-0.147,0.04,0.03
Spred1,0.017,0.401,0.144,0.028,0.176,-0.281,0.036,0.467,0.212,0.154,0.175,0.391,-0.276
Spred2,0.035,-0.574,0.053,0.091,0.212,-0.037,0.486,-0.183,0.079,0.137,-0.01,0.285,0.012
Sprn,-0.027,0.007,-0.045,-0.005,0.456,0.017,0.157,0.161,0.145,0.166,0.108,0.226,0.146
Spry2,-0.297,-0.415,-0.206,-0.095,0.292,1.018,-0.505,-0.122,0.017,-0.066,0.006,-0.344,-0.172
Spry4,-0.014,-0.105,0.166,0.247,1.077,0.366,0.242,0.504,0.32,0.199,0.223,0.187,
Spryd3,0.013,-0.061,-0.061,0.062,0.675,0.025,0.137,0.237,-0.02,0.019,-0.113,0.14,-0.139
Spryd4,-0.01,0.285,-0.057,0.142,0.829,-0.218,-0.07,,-0.094,-0.0,-0.092,-0.558,-0.51
Spsb1,0.186,1.079,0.023,0.362,0.878,0.304,0.28,0.701,-0.079,0.048,0.069,-0.455,
Spsb2,0.147,0.677,-0.133,-0.182,0.875,-0.288,-0.282,-0.29,-0.206,-0.126,0.033,-0.438,-0.135
Spsb3,-0.217,-0.027,-0.074,-0.123,0.303,0.203,0.171,-0.367,-0.043,0.075,-0.23,0.136,-0.142
Spsb4,-0.215,-0.672,0.14,-0.074,0.34,-0.49,0.369,0.931,-0.095,0.018,-0.268,,-0.326
Sptlc1,0.636,0.956,0.274,0.045,0.021,-0.15,0.419,-0.854,0.066,0.129,0.022,0.039,-0.046
Sptlc2,-0.005,-0.242,0.15,0.007,0.393,0.193,0.208,-0.226,-0.026,0.194,0.06,0.221,-0.398
Spty2d1,-0.185,0.321,-0.042,-0.022,0.133,-0.072,-0.69,-0.045,0.078,-0.051,-0.11,0.079,0.056
Sqle,0.058,0.246,0.038,0.121,0.261,0.16,0.346,-0.057,0.056,0.235,0.016,0.059,-0.022
Sqstm1,-0.135,-0.44,-0.159,-0.029,0.036,0.176,-0.005,-0.301,-0.064,-0.026,0.031,0.087,-0.017
Sra1,0.037,-0.319,-0.199,-0.049,0.307,-0.1,-0.0,0.134,-0.028,-0.059,-0.053,-0.177,0.012
Srbd1,0.035,0.565,0.019,-0.132,-0.328,-0.15,-0.227,-0.452,0.319,0.1,0.05,-0.251,-0.554
Src,-0.173,-0.823,0.098,-0.067,-0.13,0.23,0.149,-0.376,-0.1,0.127,0.082,0.21,-0.003
Srd5a1,0.023,0.046,-0.112,0.166,0.656,-0.102,0.38,,-0.032,-0.033,0.383,0.512,
Srd5a3,0.028,-0.214,0.203,-0.077,0.276,0.027,-0.228,,-0.055,0.126,-0.119,-0.207,-0.251
Srebf1,0.106,-0.278,0.201,-0.287,0.498,0.185,-0.055,-0.456,-0.13,0.207,0.491,0.468,-0.001
Srebf2,0.005,-1.206,-0.01,0.05,-0.14,0.073,0.241,-0.104,0.043,0.181,0.076,0.137,0.067
Srek1,0.072,0.049,0.101,-0.052,-0.304,0.129,0.625,0.055,-0.024,0.121,0.048,-0.021,-0.09
Srek1ip1,0.299,0.255,0.022,0.081,-0.396,-0.003,0.614,-0.044,-0.176,-0.128,-0.194,-0.283,-0.011
Srfbp1,-0.045,-1.416,-0.124,-0.315,-0.492,-0.163,0.25,,-0.266,-0.085,0.134,-0.192,0.141
Srgap1,-0.016,0.644,-0.002,0.027,0.002,0.101,0.47,-0.195,0.024,0.061,-0.053,0.267,0.124
Srgap2,-0.153,0.585,0.166,0.016,0.058,-0.337,0.371,0.084,-0.052,0.13,0.172,-0.233,
Srgap3,0.213,-0.202,0.123,0.197,-0.029,0.15,0.401,0.003,0.017,0.086,-0.005,0.151,-0.106
Sri,-0.157,-0.187,-0.185,0.047,0.261,0.174,0.252,0.187,-0.009,-0.035,-0.007,0.021,-0.181
Srm,0.037,-0.03,-0.104,0.013,0.139,-0.122,-0.051,0.039,0.004,-0.079,-0.055,0.151,0.143
Srp14,-0.006,0.123,-0.167,-0.041,0.099,0.094,0.062,0.115,-0.01,-0.085,0.072,-0.175,0.066
Srp19,0.04,0.183,-0.152,-0.045,0.058,-0.126,0.139,0.111,-0.056,-0.095,-0.047,-0.241,0.146
Srp54a,0.183,,0.042,0.095,-0.202,0.068,-0.136,0.047,0.009,0.093,0.004,,
Srp68,-0.192,-0.085,-0.061,-0.078,0.07,0.188,0.166,-0.023,-0.083,0.096,-0.065,-0.008,-0.142
Srp72,0.043,-0.136,-0.055,-0.029,0.105,0.059,0.438,-0.276,-0.02,0.022,-0.061,0.012,0.048
Srp9,-0.006,0.077,-0.149,-0.03,0.167,0.051,0.123,0.052,0.083,-0.104,0.082,-0.135,0.044
Srpk1,-0.035,-0.373,-0.026,0.019,-0.17,-0.059,0.454,0.112,0.044,0.001,-0.146,-0.145,-0.087
Srpk2,0.168,0.033,-0.027,-0.025,-0.084,-0.146,0.594,0.164,0.006,-0.001,-0.076,0.006,0.09
Srpr,0.123,0.15,0.084,-0.013,-0.027,-0.142,0.108,0.247,0.029,0.138,0.004,-0.016,0.108
Srprb,0.053,-0.134,0.241,0.058,0.086,0.333,-0.009,-0.044,-0.029,0.064,-0.188,0.031,0.048
Srr,0.184,-1.119,0.141,0.042,-0.538,-0.009,-0.017,-0.368,-0.086,-0.092,-0.059,0.062,0.313
Srrd,-0.005,,-0.176,-0.003,-0.077,-0.27,0.019,-0.707,-0.16,-0.016,-0.049,0.054,0.067
Srrm1,-0.021,-0.074,-0.078,-0.043,-0.47,-0.059,0.36,-0.102,0.011,-0.014,-0.057,-0.008,0.041
Srrm2,0.02,0.153,0.001,0.03,-0.419,-0.052,0.388,0.101,0.001,0.075,-0.006,0.031,-0.011
Srrm3,0.059,0.145,0.19,0.107,-0.468,0.196,0.582,0.018,-0.047,0.173,0.054,0.056,-0.15
Srrm4,0.125,0.034,0.063,-0.071,-0.44,-0.055,0.474,-0.08,0.019,0.101,0.045,-0.026,-0.095
Srrt,-0.454,0.0,0.08,0.041,-0.461,0.047,-0.246,0.194,0.102,0.007,-0.217,0.095,0.175
Srsf1,0.014,-0.406,0.064,0.061,-0.614,0.012,0.096,0.123,-0.013,0.122,0.024,0.237,-0.099
Srsf10,-0.005,0.876,0.001,0.029,-0.475,-0.09,0.049,0.166,-0.046,0.034,0.033,-0.119,0.016
Srsf11,-0.033,-0.385,-0.001,0.008,-0.218,-0.106,0.264,-0.02,-0.041,0.038,-0.091,-0.005,-0.1
Srsf12,-0.137,-2.243,0.031,-0.051,0.154,0.108,0.187,,-0.042,-0.021,0.145,0.145,0.046
Srsf2,0.016,-0.535,0.026,0.044,-0.331,-0.099,0.016,0.214,0.035,-0.044,-0.087,-0.022,-0.035
Srsf3,-0.045,-0.152,-0.161,0.015,-0.424,-0.179,0.048,0.018,-0.027,-0.06,-0.183,-0.038,-0.029
Srsf4,0.116,-0.228,0.039,-0.007,-0.162,-0.001,0.342,-0.051,-0.105,-0.066,-0.002,0.325,-0.095
Srsf5,-0.033,0.522,0.048,-0.024,-0.208,-0.112,0.1,-0.028,-0.056,0.001,-0.064,-0.139,0.009
Srsf6,-0.052,-0.371,0.092,0.026,-0.279,-0.058,0.096,-0.321,0.003,0.051,0.073,0.219,0.036
Srsf7,-0.164,-0.701,-0.089,0.012,-0.471,-0.215,-0.046,0.032,0.02,-0.029,-0.102,-0.074,0.0
Srsf9,0.021,-0.094,-0.1,-0.093,-0.319,-0.17,-0.056,0.078,0.174,-0.106,-0.035,-0.028,0.155
Srxn1,-0.104,-0.119,0.035,-0.094,0.375,0.162,-0.205,0.272,0.035,0.047,0.108,-0.115,0.053
Ss18,-0.351,0.053,-0.008,-0.069,-1.002,-0.202,-0.142,-0.724,-0.225,0.14,0.025,-0.252,-0.386
Ss18l1,0.109,0.469,0.163,0.163,0.74,0.111,-0.423,0.363,-0.045,0.184,0.072,0.245,-0.159
Ssb,-0.031,0.252,-0.155,-0.063,-0.105,0.069,0.217,0.129,-0.062,-0.002,-0.106,-0.224,0.06
Ssbp1,-0.05,-0.353,-0.102,0.048,-0.188,0.003,0.033,-0.096,-0.099,-0.07,-0.132,-0.285,-0.024
Ssbp2,0.012,-0.745,-0.065,0.013,-0.179,-0.002,0.081,0.172,-0.125,0.119,0.081,0.032,-0.127
Ssbp3,0.148,-0.122,-0.003,-0.019,0.061,0.108,0.426,-0.154,0.031,0.106,0.002,0.225,-0.078
Ssbp4,-0.061,0.497,-0.045,-0.044,0.043,0.187,-0.091,0.224,-0.026,-0.043,-0.1,-0.122,0.001
Ssh1,0.294,,0.204,0.071,0.054,0.229,0.72,-0.296,-0.028,0.268,0.115,0.386,0.129
Ssh2,0.193,0.142,0.095,0.025,0.129,0.188,0.253,0.064,0.135,0.258,0.047,0.202,0.295
Ssna1,-0.039,0.109,-0.125,-0.009,-0.155,-0.072,0.421,-0.142,0.01,-0.102,0.035,-0.252,-0.117
Ssr1,0.139,0.224,0.216,-0.019,-0.159,0.384,0.252,-0.131,0.012,0.248,0.16,0.151,0.101
Ssr2,0.09,0.194,0.018,-0.088,0.172,-0.128,0.168,0.169,-0.087,-0.015,-0.132,-0.15,-0.077
Ssr3,-0.182,-0.165,0.051,-0.043,-0.431,0.046,0.135,-0.014,0.113,0.122,0.055,0.031,-0.095
Ssr4,-0.024,-0.328,0.066,-0.01,0.284,-0.077,-0.019,0.17,-0.005,-0.065,-0.105,-0.406,-0.046
Ssrp1,0.197,-0.404,0.004,0.093,-0.054,-0.077,0.168,-0.308,-0.129,0.06,-0.029,0.14,-0.093
Ssu72,-0.026,-0.322,-0.198,-0.055,0.274,0.056,0.208,-0.156,-0.089,-0.06,-0.125,-0.117,-0.011
Ssx2ip,-0.033,-0.033,0.027,0.146,0.366,0.214,0.282,-0.022,0.082,-0.035,0.151,0.239,-0.053
St13,-0.104,-0.432,-0.065,-0.031,0.231,0.069,0.118,-0.05,0.045,-0.048,-0.043,-0.127,-0.257
St3gal2,0.462,-0.294,0.137,-0.008,0.4,0.216,0.452,-0.48,0.17,0.246,0.065,0.192,-0.304
St3gal4,-0.521,-0.35,0.005,0.014,1.586,0.005,-0.188,,0.041,-0.147,0.307,,-0.199
St3gal5,-0.03,-0.186,0.122,0.054,1.066,-0.021,0.423,0.178,0.007,0.292,-0.067,-0.092,0.239
St3gal6,-0.436,-0.906,0.272,-0.164,-1.51,0.287,-0.89,-0.246,0.046,0.097,0.315,0.624,-0.076
St6gal1,-0.091,0.629,-0.054,-0.039,-0.022,0.121,-0.487,-1.399,0.068,0.214,-0.113,0.397,-0.445
St6galnac4,0.284,0.618,0.047,-0.021,0.086,0.099,-0.254,0.218,0.204,-0.047,0.18,-0.148,-0.071
St6galnac6,0.004,0.957,0.221,0.104,0.364,-0.107,0.043,-0.248,0.027,0.089,0.138,0.055,0.079
St7,0.092,0.903,0.244,0.04,-0.594,-0.035,0.451,-0.065,-0.072,0.12,0.001,0.31,0.122
St7l,0.02,0.017,0.184,0.074,-0.003,0.283,0.52,0.083,-0.024,0.054,-0.078,0.032,-0.169
St8sia1,0.016,0.659,0.155,-0.131,-0.228,0.057,0.286,-0.095,0.02,0.102,-0.178,0.407,0.465
St8sia3,0.035,-0.166,0.186,-0.057,-0.666,-0.163,0.33,0.291,0.089,0.113,0.087,0.223,0.239
Stac,-0.734,-0.842,,0.01,0.67,-0.002,0.121,0.0,-0.125,0.06,0.008,,0.456
Stag1,-0.138,-0.502,0.105,0.148,-0.158,0.019,0.34,-0.276,0.026,0.029,-0.022,0.05,-0.216
Stag2,-0.002,0.274,-0.023,0.055,-0.507,0.186,0.37,-0.293,-0.043,0.077,-0.056,-0.012,-0.159
Stam,-0.093,0.178,0.043,-0.064,-0.085,0.143,0.326,-0.342,0.09,0.102,0.253,0.233,0.055
Stam2,0.004,0.74,0.082,-0.111,-0.083,-0.235,0.994,-2.48,0.074,0.014,-0.018,-0.028,0.015
Stambp,-0.163,1.057,-0.108,0.05,0.039,0.098,0.144,-0.2,-0.01,-0.049,0.024,-0.05,0.111
Stambpl1,0.191,-0.794,-0.036,-0.044,0.232,-0.508,0.494,0.362,-0.026,0.031,0.202,,-0.15
Stard10,0.135,-0.588,0.008,-0.409,0.076,0.051,-0.081,-0.761,-0.051,-0.025,-0.062,-0.115,-0.18
Stard3,0.05,0.139,0.049,-0.19,0.476,0.36,-0.256,-0.299,-0.216,0.01,0.147,0.26,-0.039
Stard3nl,-0.058,-0.19,0.009,-0.006,0.328,0.137,0.328,0.207,-0.072,-0.06,0.01,-0.226,0.047
Stard4,0.281,-0.592,-0.119,0.138,-0.006,-0.107,0.283,-0.034,0.033,0.137,0.248,-0.067,-0.023
Stard5,0.119,1.263,-0.217,0.231,0.459,0.445,-0.693,0.54,0.2,0.058,0.502,-0.016,0.175
Stard7,0.051,0.051,0.108,-0.049,-0.016,-0.034,0.142,0.102,-0.041,0.1,0.003,0.078,-0.134
Stat1,0.299,0.159,-0.103,-0.01,-0.064,0.09,-0.318,0.365,0.093,0.168,-0.07,0.188,0.719
Stat2,0.061,-0.361,0.04,0.097,-0.329,-0.068,0.283,0.165,0.176,0.259,-0.01,0.113,0.071
Stat3,-0.027,0.016,-0.009,-0.057,-0.453,-0.009,0.04,-0.163,-0.018,0.128,-0.204,0.437,0.199
Stat5b,-0.47,0.7,0.001,0.387,-0.634,-0.17,-0.333,0.085,0.07,0.234,0.001,0.432,-0.105
Stat6,0.121,0.176,-0.044,-0.142,0.962,-0.365,-0.063,0.005,0.246,0.078,0.07,0.107,-0.251
Stau1,-0.009,0.204,0.017,0.018,0.23,-0.168,-0.3,-0.474,-0.032,0.04,-0.02,0.089,-0.083
Stau2,-0.01,0.873,0.059,0.081,0.017,0.145,0.227,0.163,0.048,-0.039,0.165,0.095,0.147
Stbd1,0.031,0.117,-0.139,0.16,0.451,-0.309,-0.124,-0.225,0.1,-0.016,0.214,,
Stim1,-0.099,-0.702,0.029,0.102,-0.057,0.24,0.523,0.265,0.005,0.121,0.132,-0.102,
Stim2,0.016,0.341,0.18,-0.16,0.546,0.284,0.452,-0.378,-0.031,0.26,0.322,0.146,-0.527
Stip1,0.05,0.16,-0.059,0.029,0.105,-0.143,-0.166,-0.146,-0.146,0.073,-0.035,-0.01,0.032
Stk11,0.215,0.698,0.049,-0.091,-0.053,0.067,0.259,-0.037,-0.031,0.103,-0.033,0.093,0.061
Stk11ip,0.023,-0.889,-0.016,-0.051,-0.687,0.313,0.061,0.473,0.055,0.134,0.117,0.254,-0.463
Stk16,0.034,0.462,-0.104,-0.013,0.044,-0.05,0.073,-0.02,-0.026,-0.054,-0.121,-0.018,0.113
Stk17b,0.098,-1.029,-0.025,-0.066,0.792,-0.35,0.079,0.097,-0.374,-0.115,1.261,,
Stk19,-0.018,-0.857,-0.025,0.066,-0.364,-0.031,-0.083,0.008,0.002,-0.065,0.077,-0.258,0.032
Stk24,-0.009,-0.184,0.052,-0.121,0.082,-0.305,0.228,0.219,0.063,-0.001,-0.034,0.146,0.177
Stk25,0.034,0.374,0.029,-0.091,0.511,0.03,0.227,0.015,0.049,0.013,0.074,0.089,0.049
Stk3,-0.155,-0.733,0.036,0.111,-0.836,-0.181,-0.751,-0.128,-0.223,-0.001,-0.057,-0.197,-0.48
Stk32a,-0.954,-1.296,,0.133,-0.331,-0.088,0.615,-0.006,-0.112,0.074,0.033,,
Stk35,0.062,-0.317,0.054,-0.106,-0.614,0.404,-0.148,-0.476,0.164,0.116,0.179,0.014,
Stk38,-0.261,-0.75,0.195,-0.027,-0.226,0.182,0.542,0.06,0.08,0.131,0.041,0.072,0.009
Stk38l,-0.237,0.402,0.187,-0.199,-0.523,-0.137,0.333,0.24,0.152,0.065,0.057,0.242,-0.044
Stk39,0.092,-0.228,0.115,0.032,0.41,0.166,0.313,-0.417,-0.016,0.059,0.114,0.004,0.152
Stk4,-0.053,-0.641,-0.072,0.106,0.012,-0.286,0.783,-1.225,-0.028,0.068,0.19,0.172,0.183
Stk40,0.297,0.894,0.135,-0.121,-0.39,0.488,-0.051,0.067,-0.085,0.104,-0.083,-0.06,-0.017
Stmn1,-0.257,0.16,-0.372,-0.025,-0.165,-0.117,0.263,0.13,-0.119,-0.107,-0.177,-0.19,0.052
Stmn2,-0.045,0.025,-0.085,-0.007,0.339,0.008,0.287,0.081,-0.011,-0.055,-0.006,-0.17,0.097
Stmn3,0.042,-0.171,-0.013,-0.017,0.453,0.025,0.118,0.221,-0.026,-0.046,-0.051,-0.434,0.129
Stmn4,-0.294,0.032,-0.165,-0.15,-0.174,-0.067,0.035,0.286,-0.043,0.092,-0.082,-0.235,0.03
Stom,-0.292,1.11,-0.36,0.069,0.436,0.529,0.0,0.57,0.123,0.308,0.026,0.328,-0.242
Stoml1,0.022,0.341,0.218,-0.003,0.714,0.031,0.002,-0.285,-0.0,0.124,0.046,-0.021,0.038
Stoml2,0.019,0.052,-0.1,-0.053,0.048,-0.024,0.129,-0.214,-0.093,-0.036,-0.087,-0.128,0.066
Stox2,-0.046,0.179,0.046,0.056,0.06,0.275,0.751,-0.323,0.022,0.133,0.112,0.334,0.17
Strada,-0.081,0.077,0.039,0.143,-0.065,-0.105,-0.404,-0.288,-0.007,0.113,-0.026,0.025,-0.062
Stradb,0.134,-0.429,0.113,-0.002,0.188,0.364,-1.085,-0.361,0.018,-0.046,0.045,0.148,-0.262
Strap,0.055,-0.204,-0.059,0.004,-0.145,-0.05,-0.005,-0.124,0.023,-0.013,-0.053,0.088,-0.126
Strbp,0.061,-0.032,0.116,0.078,-0.078,0.062,0.613,-0.002,0.06,0.079,0.074,-0.088,-0.145
Strn3,0.101,-0.205,0.087,0.105,-0.611,0.016,0.682,-0.081,0.02,0.035,0.028,0.037,-0.139
Strn4,0.133,0.437,0.101,-0.024,-0.054,-0.014,0.173,0.145,0.051,0.181,0.04,0.132,0.03
Stt3a,0.067,0.666,0.234,0.051,0.016,0.007,0.171,0.153,0.022,0.258,-0.024,0.141,-0.016
Stt3b,-0.216,-0.048,0.239,0.113,-0.132,-0.079,0.132,0.361,0.033,0.203,0.034,-0.15,0.031
Stub1,-0.081,-3.616,-0.139,-0.076,0.219,-0.039,-0.051,0.005,-0.058,-0.093,-0.073,0.017,0.018
Stx12,-0.063,-0.058,-0.037,0.017,-0.053,0.115,0.461,-0.175,-0.036,-0.046,0.023,0.008,-0.085
Stx16,-0.233,0.625,0.095,0.036,-0.443,-0.133,0.695,-0.117,-0.141,0.17,0.185,0.078,0.126
Stx17,-0.006,-0.479,-0.018,0.077,-0.091,0.077,-0.058,-0.363,0.014,-0.003,-0.078,-0.046,-1.628
Stx18,0.082,-0.054,-0.053,-0.013,0.016,-0.059,-0.104,-0.197,-0.038,0.038,-0.031,-0.175,-0.07
Stx1a,0.088,-0.386,-0.213,0.033,0.376,-0.088,0.233,0.077,0.077,0.096,0.173,0.147,0.061
Stx1b,-0.224,,0.126,-0.068,0.128,0.232,-0.019,-0.147,0.138,0.047,0.15,0.266,0.269
Stx2,-0.001,0.254,-0.063,0.024,0.015,0.142,0.369,-0.102,0.124,0.033,0.148,-0.022,0.036
Stx3,-0.393,0.538,0.159,0.213,0.593,0.037,-0.849,0.133,0.18,0.128,0.08,-0.148,-0.076
Stx4a,-0.12,-0.693,-0.098,0.012,0.421,0.364,0.124,0.242,-0.079,-0.027,0.001,-0.012,-0.167
Stx5a,-0.077,-1.03,0.126,-0.006,0.01,-0.051,-0.372,0.141,0.026,0.195,-0.079,0.096,-0.126
Stx6,-0.061,0.081,-0.095,0.006,-0.344,0.151,-0.226,0.146,0.014,0.003,0.03,0.046,-0.157
Stx7,-0.136,-0.087,-0.03,-0.018,0.093,0.046,0.168,-0.208,0.078,-0.018,-0.071,-0.144,-0.016
Stx8,0.012,0.288,-0.066,-0.026,0.373,-0.165,0.097,0.31,0.067,-0.1,-0.179,-0.219,0.227
Stxbp1,0.226,0.167,0.185,0.025,0.476,0.189,0.256,-0.083,0.05,0.167,0.139,0.119,-0.083
Stxbp4,-0.444,1.414,0.135,0.068,-1.065,0.093,0.47,-0.732,0.29,0.147,0.383,-0.112,-0.308
Stxbp5,0.401,0.154,0.232,0.017,-0.222,0.544,0.387,-0.104,0.055,0.153,-0.097,-0.183,0.023
Stxbp5l,0.272,-0.67,0.063,0.104,0.639,-0.356,-0.046,-0.119,0.051,0.071,-0.417,0.062,0.358
Sub1,-0.094,-0.211,-0.146,-0.005,0.066,-0.027,0.046,0.169,-0.018,-0.057,-0.008,-0.247,-0.018
Sucla2,-0.008,0.174,0.026,-0.016,0.418,0.079,0.232,-0.607,-0.044,-0.054,-0.02,-0.217,0.051
Suclg1,-0.008,0.255,-0.138,-0.078,0.013,-0.107,0.186,-0.399,-0.138,-0.07,-0.082,-0.306,0.023
Suds3,0.144,-0.241,-0.131,0.017,-0.261,-0.098,-0.093,0.122,0.027,-0.095,0.044,-0.064,0.013
Sugp1,0.042,0.783,0.132,-0.066,0.189,-0.229,0.181,-0.158,0.111,0.072,-0.047,0.076,0.141
Sugp2,0.757,0.084,0.114,0.031,-0.013,0.14,0.441,-0.444,0.061,0.254,0.095,0.176,0.327
Sugt1,-0.016,0.131,-0.022,-0.01,0.133,-0.042,0.276,-0.233,-0.052,-0.039,-0.085,-0.325,-0.032
Sulf2,0.705,1.078,0.173,0.076,0.164,0.373,-2.08,0.434,-0.018,0.173,0.26,0.542,0.555
Sult4a1,0.009,-0.334,0.144,-0.044,0.552,-0.045,0.033,-0.02,0.009,0.076,0.076,0.12,0.062
Sumf1,-0.203,-0.05,0.252,-0.001,0.522,0.415,0.407,0.043,-0.021,0.235,0.013,0.245,-0.017
Sumf2,0.321,-1.464,0.114,-0.0,-0.118,0.011,-0.623,0.024,-0.137,0.022,0.069,-0.132,-0.343
Sumo1,-0.024,0.314,-0.153,0.006,-0.116,-0.105,0.143,-0.292,-0.055,-0.125,-0.117,-0.272,0.02
Sumo2,-0.037,,-0.186,0.003,-0.213,-0.05,0.119,-0.169,-0.035,-0.109,-0.085,-0.102,-0.011
Sumo3,-0.145,0.198,-0.125,-0.117,-0.404,-0.202,0.1,0.114,-0.022,-0.069,-0.011,0.252,0.046
Sun1,0.091,0.687,0.211,-0.221,-0.262,0.226,0.7,-0.438,0.078,0.234,0.077,0.221,0.126
Suox,0.261,0.228,0.139,-0.004,1.275,0.32,0.311,,-0.119,0.176,0.094,-0.14,0.031
Supt7l,-0.048,-1.347,0.192,0.008,0.838,-0.331,-0.798,,0.195,0.221,0.209,0.326,-0.073
Supv3l1,0.114,-0.278,0.174,-0.353,0.307,0.393,-0.087,,0.173,0.24,0.301,0.285,0.461
Surf1,0.053,-0.15,-0.081,-0.012,-0.202,0.134,0.071,0.132,-0.07,-0.06,-0.061,-0.193,0.04
Surf2,-0.083,0.77,-0.063,0.16,0.034,0.05,-0.01,0.451,-0.108,-0.128,-0.028,0.037,0.04
Surf4,-0.002,-0.412,0.228,0.016,0.185,0.183,0.05,0.2,-0.02,0.235,0.101,0.254,-0.164
Surf6,-0.56,0.367,-0.191,0.327,-0.381,-0.332,0.334,,0.031,0.004,-0.147,0.05,-0.158
Susd2,0.136,0.149,0.404,0.245,1.284,-0.223,0.219,-0.249,0.215,0.308,0.267,0.502,0.768
Susd4,0.307,0.063,0.279,-0.255,-0.298,-0.098,0.213,0.627,-0.073,0.103,-0.027,,-0.37
Suv39h1,0.282,-0.361,-0.064,0.038,-0.365,-0.113,0.055,,-0.088,-0.004,0.041,0.12,0.043
Suz12,-0.196,-0.291,0.007,0.046,-0.379,-0.016,0.43,-0.231,0.031,0.01,0.049,0.005,0.059
Sv2a,-0.1,0.79,0.21,0.082,0.223,-0.075,0.247,0.104,0.085,0.213,0.255,0.229,0.106
Sv2c,0.182,-0.312,0.639,0.052,0.276,0.14,0.63,-0.12,0.113,0.15,0.198,0.396,0.226
Svip,-0.054,0.321,0.026,-0.169,0.097,-0.259,0.285,-0.231,0.034,-0.042,0.147,-0.104,-0.02
Svop,-0.034,-0.172,0.279,0.206,-0.017,0.327,0.407,0.005,0.012,0.267,0.082,0.249,0.174
Swap70,0.164,-2.277,-0.091,0.339,0.98,-0.604,-0.622,,-0.014,0.065,-0.064,,
Swi5,-0.064,-0.323,-0.189,-0.004,0.048,0.011,-0.019,0.001,-0.004,-0.089,-0.013,-0.237,0.055
Syap1,0.117,-0.048,-0.129,-0.013,0.085,-0.013,0.397,0.012,-0.181,-0.153,-0.107,-0.231,-0.125
Sybu,-0.101,0.082,0.107,-0.123,0.057,0.035,0.562,0.338,0.07,0.132,0.353,0.028,0.457
Syf2,0.052,-0.501,-0.197,-0.093,-0.228,-0.071,0.217,-0.159,-0.081,-0.091,-0.157,-0.157,0.071
Sympk,-0.306,0.333,0.245,-0.044,-0.113,0.354,0.066,-0.155,-0.108,0.283,0.091,0.001,-0.169
Syn1,0.035,0.03,0.033,0.016,0.408,0.263,0.042,-0.254,0.028,0.148,0.14,0.149,0.182
Syn2,0.13,0.244,-0.065,0.06,0.711,0.223,0.262,0.082,0.085,0.088,-0.026,0.195,-0.092
Syn3,0.082,0.225,-0.11,-0.329,0.037,-0.045,0.015,0.231,-0.271,0.212,-0.026,-0.032,-0.098
Sync,0.012,,-0.019,,0.518,0.091,1.092,-0.183,0.325,-0.099,0.279,-0.273,
Syncrip,0.039,0.637,0.128,-0.039,-0.484,-0.131,0.269,-0.142,0.049,0.121,0.025,-0.007,-0.122
Syne1,0.065,0.246,0.226,0.021,0.873,0.061,0.816,0.018,-0.025,0.224,-0.018,-0.071,-0.503
Syngr1,0.183,0.088,0.262,0.02,0.514,0.47,0.219,-0.2,0.11,0.284,0.15,0.25,0.064
Syngr2,-0.95,,-0.585,-0.081,0.547,-0.03,-0.379,0.43,0.056,0.112,-0.201,-0.737,-0.216
Syngr3,0.045,0.37,0.137,0.011,0.449,0.177,0.179,0.122,0.016,0.088,0.072,0.12,0.002
Synj1,0.18,0.228,0.18,0.158,0.085,-0.257,0.584,-0.046,0.152,0.181,0.21,0.304,-0.053
Synj2bp,0.057,-0.03,-0.022,0.011,0.187,0.02,0.384,-0.135,-0.034,-0.021,0.046,-0.026,-0.119
Synm,0.082,-0.022,0.128,-0.11,1.222,-0.227,0.128,-0.889,0.032,0.152,-0.34,0.253,0.223
Synrg,-0.11,-0.116,-0.036,0.053,0.158,0.041,0.547,-0.139,0.01,-0.047,0.039,-0.08,-0.011
Syp,0.112,0.128,0.297,0.024,0.322,0.363,0.343,0.167,0.15,0.274,0.155,0.268,0.166
Sypl,0.061,-0.574,0.024,-0.136,0.369,-0.05,0.463,0.045,0.108,0.069,0.159,-0.023,0.007
Sys1,0.12,-0.603,-0.036,-0.059,0.001,-0.046,-0.145,0.112,0.004,-0.087,-0.12,-0.084,0.017
Syt1,0.201,0.083,0.014,0.117,0.83,0.213,0.716,0.116,0.09,0.097,0.394,0.096,-0.16
Syt11,0.047,0.068,0.196,-0.034,0.154,0.134,0.387,0.121,0.054,0.156,0.109,0.212,0.027
Syt14,-0.303,,0.136,0.145,-0.692,-0.007,0.329,-0.009,-0.132,0.124,0.059,-0.114,-0.053
Syt17,-0.803,,,0.042,-0.068,0.278,-0.035,-0.023,0.087,0.136,0.242,0.191,-0.101
Syt2,0.072,-0.012,0.451,0.337,0.756,0.327,0.527,0.218,0.137,0.259,0.209,0.1,-0.237
Syt3,0.33,0.35,0.358,0.063,0.125,-0.153,-0.077,-0.185,-0.015,0.083,-0.045,0.425,0.785
Syt4,-0.205,0.005,-0.03,0.03,0.639,0.147,0.482,0.097,0.014,0.126,0.108,0.045,-0.081
Syt5,-0.859,0.323,,0.037,0.307,0.001,0.459,0.116,-0.082,0.1,0.148,0.044,0.15
Syt9,-0.229,-0.003,-0.397,0.025,0.869,0.201,0.198,-0.387,0.125,0.184,0.04,0.243,-0.035
Syvn1,0.358,-0.812,0.327,0.098,-0.274,0.067,0.516,-0.068,0.197,0.213,0.048,0.365,-0.239
Tab2,0.363,0.342,-0.026,0.105,-0.149,-0.014,0.393,0.035,-0.005,-0.013,0.047,0.144,0.067
Tab3,0.891,0.454,0.301,-0.013,0.197,0.464,0.07,-0.279,0.185,0.264,0.305,0.118,
Tacc1,-0.28,-0.848,0.007,-0.121,0.412,0.092,-0.137,-0.379,-0.034,0.147,0.102,0.358,-0.185
Tacc2,0.058,0.082,0.074,0.203,-0.08,0.021,0.359,0.309,0.035,0.141,0.282,0.173,0.086
Tacc3,-0.048,-0.099,0.098,0.182,-1.207,-0.603,,,-0.195,0.07,-0.16,0.223,-2.469
Tada1,-0.037,0.053,0.043,-0.17,-0.169,0.042,-0.704,-2.69,-0.022,0.107,0.033,0.134,0.079
Tada2a,0.166,-1.262,-0.008,0.151,-0.552,-0.133,-0.721,0.577,-0.162,-0.053,-0.278,-0.079,-0.117
Tada2b,-0.103,-0.664,0.089,-0.167,0.374,0.303,0.066,,-0.029,0.185,0.305,0.016,
Tada3,-0.048,1.167,0.003,-0.007,0.298,0.145,-0.145,-0.111,-0.124,-0.012,-0.065,0.018,-0.039
Taf1,0.112,-0.836,0.089,-0.066,-0.024,-0.094,0.405,0.224,0.161,0.165,0.092,0.043,-0.077
Taf10,0.134,-0.458,-0.157,0.081,0.202,-0.056,-0.029,-0.021,0.084,-0.107,-0.011,-0.255,-0.387
Taf11,-0.053,0.159,-0.135,-0.016,0.012,0.042,0.16,-0.015,-0.058,-0.107,-0.051,-0.095,-0.089
Taf12,-0.081,0.897,-0.061,0.121,-0.561,0.172,0.053,0.024,-0.076,-0.093,-0.396,0.021,-0.594
Taf13,-0.067,-0.215,-0.111,0.064,0.018,0.095,0.242,-0.276,-0.017,-0.094,-0.015,-0.162,0.13
Taf15,0.097,0.06,0.035,-0.116,-0.611,-0.111,0.446,-0.243,0.005,-0.025,-0.037,0.077,0.123
Taf1a,-0.339,0.446,0.137,-0.006,-0.363,0.132,,,0.492,0.18,-0.277,0.075,-0.024
Taf1b,-0.167,1.385,0.191,0.166,-0.663,-0.179,-0.014,-0.936,-0.024,-0.07,-0.059,-0.052,0.043
Taf1d,-0.016,-0.231,0.061,0.005,-0.298,-0.079,-0.094,-0.089,-0.042,0.121,-0.058,-0.067,-0.025
Taf2,-0.146,0.82,0.218,0.133,-0.101,0.029,0.532,-0.204,-0.017,0.096,0.078,-0.026,-0.125
Taf3,-0.309,0.7,-0.088,-0.089,-0.323,0.22,0.249,-0.441,-0.071,0.037,0.033,0.031,0.053
Taf4b,0.17,-0.707,0.227,0.009,0.74,-0.805,0.032,,0.42,0.093,0.237,-0.159,
Taf5,0.113,-1.842,-0.07,0.161,-0.982,-0.57,-0.051,,-0.363,-0.088,0.085,-0.083,
Taf5l,0.326,-0.418,0.107,0.116,-0.379,0.199,-0.311,,0.099,0.27,0.05,0.377,0.136
Taf6,0.099,-0.63,0.105,-0.128,-0.643,0.192,-0.253,0.944,0.072,-0.001,0.044,0.087,-0.146
Taf6l,-0.131,,0.046,0.227,-0.361,0.011,-0.436,-0.404,0.145,-0.007,-0.355,-0.175,0.146
Taf7,0.195,-0.641,-0.178,0.06,-0.198,-0.55,-0.527,-0.139,-0.086,-0.063,0.015,-0.084,0.077
Taf9b,0.088,0.511,-0.078,-0.062,-0.035,-0.201,-0.916,0.423,0.061,0.08,-0.001,0.093,-0.04
Tagap1,0.26,0.082,0.171,0.073,-0.525,-0.39,-1.067,-0.209,0.158,0.142,-0.005,0.071,0.062
Tagln2,-0.092,-0.325,-0.851,-0.011,0.448,0.121,0.093,-0.056,-0.088,-0.029,0.027,-0.079,-0.05
Tagln3,0.043,-0.242,-0.12,0.033,0.306,-0.043,0.156,-0.068,-0.084,-0.057,0.117,0.099,0.13
Taldo1,-0.026,0.107,-0.144,0.001,0.131,-0.004,-0.082,-0.057,-0.049,0.012,-0.152,-0.117,-0.02
Tanc1,-0.276,-0.038,0.038,-0.415,-1.04,-0.718,-1.046,-0.037,0.052,0.13,-0.214,-0.632,
Tanc2,0.037,0.617,0.12,0.04,-0.382,-0.039,0.461,0.127,0.049,0.161,0.057,0.275,0.13
Tank,0.123,0.82,0.044,-0.016,-0.183,0.221,-0.045,-0.207,0.061,-0.154,-0.21,-0.109,-0.006
Taok1,-0.024,0.264,0.13,-0.025,0.078,0.13,0.608,-0.066,0.049,0.22,0.094,0.162,0.054
Taok2,0.369,-1.315,0.062,0.049,-0.364,0.1,0.326,0.082,0.012,0.169,-0.057,0.11,-0.256
Taok3,0.003,-0.772,-0.075,0.018,-0.016,0.034,0.37,0.034,-0.025,-0.083,0.267,0.086,0.124
Tapbp,0.261,-0.059,0.232,0.032,0.29,0.4,-0.103,0.36,0.086,0.249,-0.121,0.252,-0.052
Tapbpl,-0.067,-1.626,-0.0,-0.017,1.274,-0.085,0.234,-0.511,0.036,0.086,0.051,-0.136,-0.384
Tapt1,0.243,0.594,0.217,0.132,0.161,0.695,0.329,-0.389,-0.081,0.12,0.009,0.253,-0.207
Tarbp2,-0.083,,0.15,-0.074,0.02,0.084,-0.037,-0.173,-0.047,0.035,0.052,0.024,-0.113
Tardbp,0.183,-0.255,0.114,0.128,-0.364,-0.085,0.08,0.236,0.03,0.194,0.083,0.127,-0.055
Tars,-0.331,-0.019,0.035,-0.237,0.202,0.02,-0.194,-0.069,-0.096,0.151,-0.126,-0.082,-0.008
Tars2,0.142,0.978,0.126,0.048,0.274,0.261,0.132,0.122,-0.097,0.138,-0.174,0.065,0.011
Tarsl2,0.003,0.006,0.241,0.008,0.088,0.251,0.105,0.457,-0.054,0.101,0.136,-0.018,-0.069
Tasp1,-0.349,-0.59,0.051,0.124,-0.437,-0.043,-0.783,0.412,-0.172,-0.07,0.122,0.272,0.493
Tatdn1,0.194,-0.851,-0.042,-0.022,-0.351,-0.171,0.655,-0.289,-0.086,-0.072,0.159,-0.202,0.451
Tatdn3,-0.065,0.876,-0.047,0.17,0.24,-0.333,-0.641,0.209,-0.021,-0.042,-0.081,-0.03,0.225
Tax1bp1,-0.051,0.15,-0.065,0.028,-0.054,0.015,0.263,-0.103,0.075,0.105,0.023,-0.038,0.056
Tax1bp3,0.011,,-0.213,0.023,-0.413,-0.069,-0.097,-0.044,-0.148,0.001,-0.075,-0.099,-0.329
Taz,0.233,0.927,0.238,-0.051,-0.791,0.115,0.317,-0.133,-0.054,0.208,0.017,0.103,0.125
Tbc1d1,-0.041,-0.483,-0.403,0.25,-0.172,0.343,-0.449,,-0.192,-0.01,0.627,-0.692,
Tbc1d10b,0.064,-0.01,0.12,-0.11,-0.071,0.014,0.084,0.068,0.104,0.032,0.174,0.249,0.107
Tbc1d12,-0.438,-0.987,0.034,-0.021,-0.149,-0.174,-1.106,0.248,0.183,0.075,-0.267,0.14,0.085
Tbc1d13,0.128,-0.267,0.322,0.081,0.081,0.133,0.009,0.051,0.047,0.25,0.059,0.212,-0.467
Tbc1d14,0.181,-0.755,0.247,0.052,0.172,-0.128,-0.089,-0.191,0.15,0.192,0.212,0.287,0.165
Tbc1d15,-0.223,0.865,0.038,0.037,-0.34,-0.143,0.189,-0.801,0.004,0.015,-0.119,-0.189,-0.121
Tbc1d16,-0.063,-0.081,0.225,0.095,0.251,0.172,0.723,0.222,0.074,0.196,0.043,0.316,-0.078
Tbc1d17,-0.122,0.468,0.063,0.042,0.149,0.094,-0.126,-0.332,-0.001,0.107,-0.01,0.081,0.072
Tbc1d19,-0.008,0.513,0.137,-0.02,0.59,0.222,0.279,-0.113,-0.083,0.043,0.088,0.122,-0.059
Tbc1d20,-0.429,,0.024,-0.018,-0.104,0.059,0.195,0.144,-0.118,-0.029,-0.081,0.058,0.264
Tbc1d22a,-0.154,1.002,0.063,0.149,-0.389,-0.203,-0.393,-0.007,0.103,0.053,0.204,-0.021,0.253
Tbc1d22b,0.241,0.649,0.215,0.001,-0.139,-0.125,0.165,-0.375,0.014,0.177,0.021,0.252,-0.485
Tbc1d23,0.201,1.416,0.116,0.012,-0.524,0.079,0.617,0.007,0.083,0.122,0.125,0.076,-0.012
Tbc1d25,-0.077,-0.181,-0.001,0.176,0.533,-0.488,-0.51,,0.149,0.177,0.086,0.186,-0.192
Tbc1d30,-0.097,0.427,0.132,0.142,0.153,0.026,0.269,0.67,0.021,-0.116,0.209,0.168,
Tbc1d4,-0.055,0.784,0.037,0.347,0.504,0.959,-0.593,-0.439,-0.033,0.391,0.015,-0.326,
Tbc1d5,0.2,0.066,0.153,-0.053,-0.02,0.206,-0.318,0.106,0.009,0.074,0.187,-0.075,
Tbc1d7,0.166,0.178,-0.083,-0.054,0.258,-0.233,-0.243,-0.158,0.011,-0.059,-0.041,-0.241,0.089
Tbc1d8,-0.013,0.159,0.175,0.113,0.49,-0.436,-0.027,0.512,0.041,0.222,-0.088,0.088,-0.223
Tbc1d9,-0.242,-0.146,0.138,0.029,-0.043,0.109,0.4,0.15,0.031,0.153,0.089,0.009,0.265
Tbc1d9b,0.019,0.157,0.123,-0.056,0.268,0.018,0.223,-0.377,0.069,0.201,0.088,0.167,0.274
Tbca,0.008,-0.113,-0.093,-0.009,0.078,0.041,-0.046,0.165,-0.002,-0.118,0.063,-0.126,0.013
Tbcb,-0.044,-0.026,-0.15,0.007,0.248,-0.011,-0.065,0.097,-0.047,-0.048,-0.112,-0.235,-0.039
Tbcc,0.138,-0.923,-0.21,-0.111,0.608,-0.022,-0.104,0.137,-0.167,-0.024,-0.026,-0.313,0.134
Tbccd1,-0.137,0.346,0.229,0.108,0.187,-0.22,0.505,0.315,0.067,0.075,-0.014,0.275,-0.033
Tbcd,0.215,0.763,0.202,-0.128,0.292,0.073,-0.044,0.224,0.006,0.294,0.092,0.17,0.123
Tbce,-0.03,-1.104,0.128,-0.099,-0.31,-0.155,-0.028,0.403,-0.183,0.066,0.032,0.015,-0.036
Tbcel,-0.05,-0.334,0.065,0.059,-0.403,-0.221,0.802,0.024,-0.137,0.177,-0.02,0.026,-0.158
Tbck,-0.132,-3.496,0.141,0.026,0.141,-0.062,0.413,-0.161,-0.039,0.154,-0.003,-0.044,-0.355
Tbk1,0.029,0.272,0.177,0.191,-0.155,-0.271,0.282,0.162,-0.101,0.151,0.202,-0.025,0.112
Tbl1x,0.729,-0.263,-0.022,0.008,-0.11,-0.201,0.531,-0.001,0.257,0.136,-0.065,0.061,-0.252
Tbl1xr1,-0.026,0.708,0.127,0.003,-0.396,0.098,0.278,-3.363,0.066,0.16,0.19,0.309,0.483
Tbl2,0.441,-0.286,0.247,0.16,-0.202,0.16,-0.335,,0.16,0.411,-0.093,0.133,
Tbl3,-0.029,0.041,0.134,-0.11,-0.232,-0.622,-0.157,-0.219,-0.058,0.22,-0.04,0.059,0.145
Tbp,-0.011,0.195,0.172,-0.221,-0.316,0.307,0.303,-0.242,0.03,0.073,0.128,0.161,-0.932
Tbpl1,-0.157,-0.34,-0.009,0.123,0.227,-0.199,0.263,0.203,0.01,-0.041,0.018,-0.077,-0.279
Tbrg1,0.013,0.092,-0.228,-0.028,0.058,-0.056,0.028,-0.279,-0.086,-0.086,-0.216,-0.179,-0.033
Tbrg4,-0.295,-0.344,0.171,0.061,-0.387,0.217,-0.232,0.348,-0.04,0.014,0.18,-0.072,0.355
Tbx2,0.459,-1.315,-0.172,0.054,-0.24,0.207,-0.188,-0.494,0.072,0.053,0.084,-0.387,-0.587
Tbx3,0.048,-0.351,-0.478,-0.016,0.41,0.69,0.375,0.472,-0.034,0.049,-0.038,-0.226,-0.656
Tcea1,-0.12,-1.074,-0.135,-0.015,-0.189,0.112,-0.022,-0.01,0.036,-0.076,-0.101,-0.139,0.072
Tcea2,0.125,-0.277,0.208,-0.025,-0.353,-0.395,0.141,0.182,-0.068,-0.061,0.073,-0.193,0.231
Tceal1,-0.077,0.226,-0.174,-0.015,0.492,-0.23,0.564,0.018,0.052,-0.08,0.003,-0.059,0.164
Tceal3,-0.116,-0.204,-0.203,-0.093,0.14,0.019,0.625,-0.192,-0.007,-0.169,0.137,-0.275,-0.125
Tceal5,0.056,-0.404,-0.289,0.055,-0.046,0.015,-0.38,-0.641,0.029,-0.171,0.13,-0.191,0.255
Tceal6,0.072,0.507,-0.149,-0.051,0.626,0.29,,,0.11,-0.165,0.345,-0.448,-0.018
Tceal8,-0.087,0.279,-0.221,-0.019,-0.152,0.025,-0.013,-0.369,-0.041,-0.06,0.018,-0.211,0.043
Tcerg1,-0.144,-0.031,0.024,-0.076,-0.408,0.138,0.295,-0.078,-0.036,0.007,0.171,0.063,0.005
Tcf12,-0.302,-0.593,-0.022,-0.072,-0.604,-0.078,-0.051,-0.025,-0.026,-0.005,0.01,0.12,-0.115
Tcf20,0.058,-0.8,0.093,0.139,-0.223,0.56,0.212,-0.312,-0.051,0.172,0.167,0.176,0.237
Tcf25,0.061,-0.213,0.037,-0.003,0.085,0.111,0.131,0.007,0.046,0.022,0.051,0.003,0.052
Tcf4,0.325,0.246,0.036,-0.024,-0.463,-0.212,0.369,0.271,-0.019,0.059,-0.086,-0.037,-0.167
Tchp,-0.188,0.617,0.384,-0.264,-0.262,0.191,0.554,0.061,-0.098,0.213,-0.018,-0.023,-0.733
Tcn2,0.2,-1.351,0.118,0.106,0.214,0.089,-0.069,,-0.217,0.005,0.069,-0.5,-0.109
Tcof1,0.276,-0.042,-0.105,-0.157,0.353,0.075,0.245,0.199,-0.083,0.015,0.08,-0.071,0.05
Tcp1,-0.035,0.029,0.013,0.006,-0.008,0.093,-0.043,-0.004,-0.033,0.038,-0.007,-0.071,0.072
Tcp11l1,0.229,0.485,0.225,0.11,0.403,0.233,0.377,-0.084,0.035,-0.014,-0.018,-0.323,-0.185
Tcp11l2,-0.095,-0.12,-0.085,0.026,-0.066,-0.072,-0.029,-0.911,-0.191,0.212,-0.106,0.027,-0.058
Tcta,0.094,0.2,0.029,-0.002,0.422,-0.139,0.211,0.245,-0.002,-0.053,0.109,0.073,-0.016
Tctex1d2,0.031,-0.574,-0.226,-0.083,0.116,-0.056,,0.608,-0.033,-0.105,-0.13,-0.272,0.04
Tctn3,-0.101,-0.156,0.06,-0.541,1.446,0.107,,,0.321,0.381,-0.293,0.011,-1.901
Tdp1,0.119,0.429,0.057,0.039,-0.294,0.542,-1.137,-0.434,-0.163,-0.003,0.044,-0.106,-0.144
Tdp2,0.059,-1.087,0.162,0.075,-0.508,0.159,-0.084,0.532,0.036,-0.008,-0.226,0.108,-0.253
Tdrd3,0.18,-0.211,0.08,-0.139,-0.505,0.131,-1.493,0.139,-0.035,0.108,0.007,-0.021,-0.088
Tdrd7,0.091,-0.506,0.149,-0.086,0.365,0.152,0.098,0.409,-0.117,0.095,0.149,0.01,0.201
Tdrkh,0.058,-0.603,-0.016,-0.022,0.087,0.162,-0.696,-0.309,0.083,-0.018,-0.144,0.008,-0.053
Tecpr1,-0.159,0.962,0.141,0.165,0.238,0.212,0.278,0.182,0.086,0.238,0.061,0.119,0.051
Tecpr2,-0.121,0.324,0.139,0.134,-0.218,0.121,0.158,-0.122,0.011,0.166,0.129,0.35,-0.597
Tecr,0.007,0.089,0.07,-0.015,0.334,0.062,0.295,0.038,-0.058,0.071,-0.122,0.037,0.108
Tef,0.269,0.265,0.227,0.081,0.067,0.032,0.112,-0.04,0.139,0.212,-0.108,0.158,-0.126
Tep1,0.088,-0.602,0.064,0.043,1.153,0.054,-0.563,-0.116,0.267,0.242,-0.368,-0.066,
Terf1,0.172,-0.173,0.029,-0.015,0.212,-0.068,-0.021,0.015,-0.022,-0.124,-0.279,-0.196,-0.173
Terf2,-0.419,0.019,-0.005,0.159,0.154,-0.373,0.646,0.68,-0.129,0.031,-0.003,0.165,-0.135
Terf2ip,0.112,-0.567,-0.09,0.004,-0.092,-0.071,0.458,0.318,-0.028,-0.026,0.206,0.072,-0.08
Tes,-0.212,0.067,0.04,-0.018,-0.336,-0.018,-0.037,,0.017,0.043,-0.308,-0.374,-0.165
Tesc,0.203,0.202,-0.05,-0.067,0.665,0.005,0.003,0.124,0.075,-0.021,0.046,-0.853,-0.691
Tesk1,-0.073,-0.251,0.091,0.012,-0.002,0.142,0.08,0.118,-0.003,0.065,-0.005,0.217,-0.378
Tex10,0.106,0.563,0.144,0.023,-0.454,-0.027,0.38,0.284,-0.015,0.06,-0.058,0.069,-0.028
Tex2,-0.053,0.049,0.174,0.031,0.307,0.194,-0.066,0.265,0.133,0.359,0.218,0.195,0.027
Tex261,-0.038,0.106,0.046,-0.055,0.342,0.011,0.412,-0.025,0.072,-0.003,0.054,0.046,0.009
Tex264,-0.032,-0.384,0.117,-0.008,0.209,0.224,0.051,-0.045,-0.028,0.046,-0.018,-0.225,0.044
Tex9,-0.072,-1.825,-0.085,-0.018,-0.736,-0.371,,-0.327,-0.026,0.036,-0.165,-0.086,-0.001
Tfam,-0.181,0.358,0.02,-0.009,0.012,0.063,0.137,-1.234,-0.065,-0.006,-0.013,-0.19,-0.151
Tfb1m,0.254,1.024,-0.038,-0.636,0.41,-0.509,-0.273,,-0.101,0.034,0.06,-0.111,
Tfb2m,0.07,0.186,-0.022,-0.034,0.024,0.406,-0.374,-0.447,0.047,0.016,-0.05,-0.089,0.077
Tfcp2,0.02,-0.143,0.139,-0.21,-0.346,0.272,0.158,0.125,0.105,0.125,-0.199,0.127,-0.089
Tfdp1,0.362,,0.128,-0.069,-0.238,-0.139,0.052,0.106,0.042,0.044,0.056,-0.018,
Tfdp2,0.039,0.11,0.046,0.04,-0.632,-0.074,0.845,0.028,0.036,-0.096,-0.042,-0.268,0.192
Tfe3,-0.321,0.601,-0.022,0.015,-0.554,-0.106,-0.045,0.111,-0.044,0.032,0.123,-0.024,-0.22
Tfg,0.112,-0.029,-0.037,0.017,0.185,0.228,0.169,0.386,-0.088,0.022,-0.014,-0.149,0.04
Tfip11,-0.037,1.277,0.168,-0.057,-0.296,-0.146,0.225,-0.548,0.062,0.099,-0.372,0.118,0.04
Tfpt,0.078,0.732,-0.242,-0.036,-0.04,-0.051,0.057,-0.049,-0.169,-0.06,-0.034,-0.077,-0.114
Tfrc,0.164,0.607,0.396,0.094,-0.327,0.034,0.138,0.428,0.103,0.212,-0.053,0.072,-0.612
Tgds,-0.082,0.55,0.01,-0.206,-0.466,-0.195,,,0.078,0.039,-0.125,0.206,-0.892
Tgfb1i1,0.318,0.305,-0.04,-0.075,0.014,-0.137,0.145,-0.036,-0.015,-0.039,0.058,-0.243,-0.119
Tgfb2,0.155,-0.669,-0.255,-0.004,-0.627,-1.016,-0.082,0.119,-0.122,0.299,0.831,-0.735,-0.044
Tgfb3,0.121,0.409,0.079,0.307,0.084,-0.25,-0.568,-0.699,0.254,-0.111,0.131,-0.53,
Tgfbr1,-0.32,1.115,-0.04,0.236,0.299,-0.075,-0.401,-0.719,0.051,0.28,-0.057,0.146,-0.077
Tgfbrap1,0.103,1.369,0.107,-0.066,0.198,-0.005,0.335,0.171,0.196,0.081,0.32,0.329,-1.076
Tgoln1,0.039,0.451,0.187,-0.084,-0.131,0.047,0.207,-0.027,0.072,0.108,0.204,0.05,0.153
Tgs1,-0.156,-0.571,0.003,0.062,0.029,-0.082,-0.235,0.115,-0.04,-0.013,-0.048,-0.13,-0.353
Th,-0.399,-0.232,,-0.026,0.371,0.104,0.059,0.003,0.368,0.181,0.77,-0.324,-1.973
Thap1,0.064,0.525,-0.085,-0.048,0.576,0.289,-0.071,-0.585,0.062,-0.03,0.117,0.13,-0.672
Thap11,0.215,0.185,-0.204,-0.056,0.283,-0.153,-0.787,-0.743,-0.091,-0.036,-0.25,0.155,-0.166
Thap3,0.06,-0.122,-0.087,-0.179,-0.68,0.266,-0.121,0.1,0.003,-0.068,-0.062,-0.096,0.154
Thap4,-0.182,0.731,0.08,0.075,-0.09,0.734,0.058,0.172,0.056,-0.093,-0.167,-0.173,0.132
Thap7,-0.077,1.068,-0.083,-0.157,0.23,0.35,0.087,0.105,0.054,-0.072,-0.134,0.03,0.158
Them4,-0.146,-0.783,-0.125,0.008,0.531,0.098,0.205,-0.169,-0.005,-0.025,-0.006,-0.27,-0.096
Thnsl1,-0.058,0.536,-0.012,0.097,-0.019,-0.325,0.464,0.007,-0.006,-0.06,-0.051,0.033,0.385
Thnsl2,0.121,0.832,0.017,-0.006,0.395,0.05,-0.578,,0.282,-0.09,0.003,-0.082,0.075
Thoc1,-0.246,-1.25,0.244,-0.098,-0.274,-0.155,-0.086,-0.2,0.011,0.156,-0.023,-0.061,-0.273
Thoc2,-0.034,-0.152,0.125,-0.009,-0.35,0.035,0.282,-0.179,0.242,0.193,0.012,-0.058,-0.019
Thoc3,-0.042,-0.382,-0.071,-0.069,-0.05,0.009,0.196,-0.013,-0.098,-0.053,-0.078,-0.261,-0.25
Thoc5,-0.286,-0.007,0.095,0.121,-0.106,-0.062,-0.062,0.134,-0.167,0.189,-0.103,-0.037,0.06
Thoc6,0.162,-1.501,0.033,0.008,-0.365,0.094,-0.275,-0.132,-0.074,-0.1,-0.213,-0.208,0.071
Thoc7,-0.052,0.586,-0.11,-0.046,0.025,0.024,0.09,-0.036,-0.054,-0.11,-0.076,-0.187,0.099
Thop1,0.106,0.215,0.109,-0.08,0.27,-0.144,-0.131,0.401,-0.042,0.156,-0.195,-0.122,-0.074
Thra,0.009,0.158,-0.129,0.012,0.213,-0.041,0.186,-0.095,0.005,0.0,0.081,0.125,0.033
Thrap3,0.177,0.12,-0.151,0.038,-0.622,-0.02,0.199,0.089,-0.016,0.001,-0.052,0.111,-0.273
Thrsp,-0.33,-0.159,-0.083,-0.273,-0.978,,0.016,,0.063,-0.13,-1.139,-0.521,
Thsd7a,-0.039,0.031,0.36,0.164,0.477,0.248,0.878,0.123,0.027,0.176,0.088,-0.464,-1.363
Thtpa,-0.075,-1.123,-0.02,-0.097,-0.487,0.025,,,0.047,0.035,0.11,-0.266,0.092
Thumpd1,-0.108,-0.078,-0.093,-0.134,-0.155,-0.254,0.234,-0.062,-0.065,0.048,-0.126,-0.011,-0.181
Thumpd3,-0.04,-1.059,-0.025,0.011,-0.081,0.12,0.367,0.291,0.017,-0.002,-0.007,-0.089,0.113
Thy1,0.082,-0.024,0.413,-0.183,-0.271,0.078,-0.1,0.086,-0.019,0.215,-0.352,-0.6,-0.186
Thyn1,0.093,,-0.175,-0.061,-0.012,0.122,0.046,0.357,-0.11,-0.147,-0.14,-0.387,-0.047
Tia1,-0.058,-0.002,0.211,0.03,-0.619,0.064,0.307,-0.153,-0.074,0.145,0.058,0.001,0.212
Tial1,0.341,-0.458,0.14,-0.001,-0.34,0.0,0.165,0.066,0.053,0.055,0.038,0.04,-0.026
Tiam2,0.242,-0.789,0.471,0.185,0.235,-0.004,,0.007,,0.355,0.065,0.64,
Tigd2,0.173,1.119,-0.072,0.046,0.412,0.103,-0.74,0.19,0.051,0.006,0.018,-0.319,-0.253
Timeless,0.097,,-0.124,-0.218,-0.599,-0.158,-0.204,-0.552,-0.33,,-0.555,,0.296
Timm10,-0.025,-0.271,-0.171,-0.058,0.249,-0.146,-0.151,0.09,-0.091,-0.12,-0.023,-0.216,0.119
Timm13,0.039,-0.634,-0.159,-0.014,0.16,-0.039,-0.209,0.043,-0.023,-0.11,-0.018,-0.244,-0.084
Timm17a,-0.045,-0.511,-0.12,-0.002,0.408,0.129,0.171,-0.122,-0.131,-0.105,-0.033,-0.219,-0.072
Timm17b,0.001,-0.063,-0.183,-0.011,-0.065,-0.15,-0.007,-0.115,-0.189,-0.108,-0.103,-0.334,-0.004
Timm22,0.085,0.075,-0.073,0.022,0.259,0.042,0.14,0.249,-0.005,-0.044,-0.078,-0.199,0.027
Timm23,0.089,0.584,-0.035,-0.039,0.049,0.058,0.096,,-0.06,-0.202,-0.059,,0.363
Timm44,0.2,-0.188,-0.011,-0.112,-0.212,0.025,-0.063,0.01,-0.037,0.079,0.107,-0.017,0.034
Timm50,0.012,-0.209,0.032,0.04,0.223,-0.001,0.033,-0.159,-0.111,0.023,-0.134,-0.163,-0.073
Timm8a1,0.097,,-0.127,0.011,0.148,-0.467,0.017,-0.304,-0.07,-0.108,-0.06,,-0.437
Timm8b,0.023,0.207,-0.156,-0.03,0.246,0.008,-0.02,0.151,-0.011,-0.14,-0.008,-0.203,0.02
Timm9,0.098,0.758,-0.106,0.04,-0.027,-0.006,0.18,-0.16,-0.056,-0.053,-0.132,-0.035,-0.005
Timp2,-0.028,0.023,-0.124,-0.018,0.398,0.156,0.079,-0.165,0.018,0.127,0.127,0.173,0.084
Timp3,0.09,0.64,-0.226,-0.021,-0.346,-0.635,-0.46,-0.572,-0.434,-0.279,0.367,0.792,-0.083
Tinf2,-0.11,1.082,-0.161,0.012,-0.236,-1.032,0.041,,0.029,0.032,0.097,,
Tiparp,-0.192,-0.331,-0.223,0.196,-1.089,-0.265,0.187,-0.028,-0.055,0.03,-0.399,-0.215,-1.035
Tipin,-0.127,0.038,-0.095,-0.15,-1.361,-0.457,0.263,,-0.02,-0.07,-0.065,-0.013,0.061
Tiprl,-0.059,-0.211,-0.039,0.091,-0.195,0.109,0.293,-0.145,-0.072,-0.001,0.003,-0.127,-0.002
Tirap,-0.276,0.675,0.087,0.003,-0.093,0.199,,,-0.172,0.375,-0.158,,-0.303
Tjap1,-0.069,-2.287,0.224,0.038,-0.698,-0.256,0.085,-0.2,-0.098,0.086,0.074,0.018,-0.072
Tk2,-0.014,-0.744,0.176,-0.019,0.262,0.19,-0.156,-0.104,0.089,0.162,0.159,0.002,-0.273
Tkt,-0.199,-0.186,0.029,-0.002,0.112,-0.002,0.055,-0.094,0.015,0.102,-0.032,0.015,-0.008
Tlcd1,0.515,2.006,-0.14,0.265,0.469,-0.861,0.108,0.322,0.034,-0.001,0.048,,
Tle1,0.301,0.35,-0.057,-0.142,-0.635,-0.086,0.119,0.253,-0.018,-0.014,-0.091,0.105,0.021
Tle4,0.02,-0.637,-0.017,0.112,-0.057,0.098,0.342,0.081,0.012,0.081,0.079,-0.004,-0.273
Tlk1,0.128,0.252,0.11,0.086,0.138,0.235,0.616,0.032,0.019,0.027,0.062,-0.095,-0.318
Tlk2,-0.03,0.127,0.081,0.121,-0.481,-0.335,0.121,-0.025,-0.013,0.044,0.026,0.106,-0.604
Tln1,0.174,-0.029,-0.154,0.024,0.09,0.068,-0.02,-0.095,-0.004,-0.009,0.115,-0.102,0.017
Tln2,-0.036,0.294,-0.163,0.058,-0.023,0.085,0.674,0.157,0.153,0.101,0.153,0.206,0.054
Tlx2,0.178,0.332,,-0.079,0.145,0.038,0.048,-0.203,-0.022,-0.079,-0.075,-0.203,-0.223
Tm2d1,-0.002,0.084,-0.039,-0.04,0.036,-0.092,0.343,-0.458,-0.046,-0.039,0.016,-0.17,0.035
Tm2d2,0.125,-0.419,-0.01,-0.067,0.453,-0.192,-0.041,0.107,-0.046,-0.054,-0.016,-0.07,-0.164
Tm2d3,0.022,0.227,0.015,0.048,0.447,-0.025,0.041,0.189,-0.087,-0.025,-0.215,-0.269,-0.02
Tm4sf1,-0.468,0.336,-0.873,-0.034,-0.191,0.061,-0.546,0.836,0.095,-0.073,-0.113,-0.19,0.156
Tm4sf4,-0.121,,,-0.281,0.719,-0.135,0.628,0.683,-0.121,-0.009,-0.094,-0.589,0.131
Tm6sf1,-0.135,0.391,0.169,-0.038,0.406,0.148,0.559,-0.099,-0.023,0.068,-0.139,0.162,-1.017
Tm7sf2,0.296,-0.03,0.032,0.171,0.605,0.212,0.001,-0.155,0.057,0.104,-0.017,-0.09,0.052
Tm7sf3,0.629,-0.269,-0.045,-0.013,-0.284,0.031,-0.225,-0.263,0.039,0.099,-0.152,0.165,-0.116
Tm9sf1,0.278,-0.242,0.158,0.133,0.371,0.293,,,0.005,0.257,-0.137,0.148,-1.008
Tm9sf2,-0.038,-0.021,0.036,0.109,-0.217,0.083,0.553,0.601,0.129,0.119,-0.08,-0.015,0.023
Tm9sf3,0.145,0.104,0.209,-0.017,-0.203,0.064,0.3,-0.281,-0.069,0.125,0.079,-0.001,-0.257
Tm9sf4,0.004,0.144,0.19,0.077,-0.192,0.053,0.547,0.108,0.031,0.206,0.03,0.125,-0.241
Tmbim1,-0.116,-0.33,-0.251,0.072,-0.299,-0.101,-0.183,0.159,0.182,0.129,-0.034,-0.002,-0.323
Tmbim4,-0.01,0.014,0.18,-0.075,0.627,0.052,0.228,0.045,-0.004,0.015,0.019,-0.205,-0.084
Tmbim6,0.065,-0.187,0.098,-0.025,0.034,-0.055,-0.097,0.202,-0.071,0.196,-0.07,0.015,0.009
Tmc3,-0.095,0.628,,0.302,1.456,0.279,1.195,0.465,-0.029,0.263,0.265,-0.383,0.281
Tmc6,-0.187,-0.837,0.103,0.1,-0.773,2.908,-0.077,-0.127,0.149,0.134,0.131,-0.565,-0.678
Tmc7,0.269,-1.288,-0.14,0.239,0.732,0.169,0.252,-0.489,0.04,0.193,0.221,0.253,
Tmcc1,0.027,0.098,0.139,0.046,-0.202,-0.083,0.33,0.033,0.022,0.151,0.29,0.082,-0.068
Tmcc2,-0.337,0.399,0.166,0.146,0.151,0.101,0.427,-0.235,-0.049,0.232,0.033,0.12,0.257
Tmco1,-0.089,-0.366,0.158,-0.051,-0.113,0.003,0.233,0.069,-0.048,-0.016,-0.134,-0.263,0.114
Tmco3,-0.318,-0.315,0.205,0.133,0.226,0.206,0.417,0.001,-0.003,0.205,-0.111,-0.016,-0.205
Tmco6,-0.105,,0.077,-0.135,0.492,0.371,-0.5,0.026,-0.059,0.085,-0.206,0.306,-0.352
Tmed1,-0.031,0.276,-0.049,-0.067,0.262,-0.226,0.196,-0.667,0.109,-0.015,-0.054,0.077,0.011
Tmed10,0.065,0.089,0.047,-0.009,0.113,0.008,0.198,-0.284,-0.014,0.019,-0.01,-0.146,-0.064
Tmed2,-0.055,0.442,0.031,-0.086,-0.167,-0.021,0.159,-0.25,-0.013,0.023,-0.12,-0.033,-0.034
Tmed3,0.062,-0.16,0.014,-0.175,-0.093,-0.118,-0.293,-0.201,-0.005,-0.016,-0.071,-0.24,-0.062
Tmed4,0.174,-0.223,0.077,-0.04,0.059,-0.219,0.197,-0.054,0.025,0.074,-0.013,-0.014,-0.043
Tmed5,0.091,1.042,0.076,-0.007,0.001,0.181,-0.013,0.343,-0.149,0.044,0.189,-0.206,-0.0
Tmed7,-0.094,-0.32,0.155,-0.011,-0.19,0.057,0.228,-0.101,-0.024,0.084,0.095,0.156,0.036
Tmed8,-0.264,0.429,-0.045,0.145,0.117,-0.102,-0.049,-0.171,0.237,0.063,0.456,0.376,-0.064
Tmed9,-0.247,-0.597,0.151,-0.033,-0.221,0.075,0.21,0.136,0.004,0.04,-0.026,-0.011,-0.052
Tmeff1,0.077,-0.119,0.002,-0.008,0.013,-0.059,0.569,0.285,-0.008,0.057,0.089,0.217,-0.079
Tmeff2,-0.139,-0.051,0.088,-0.024,0.335,0.019,0.367,-0.182,-0.034,0.032,0.04,-0.99,0.198
Tmem100,-0.259,0.729,,-0.255,1.06,0.898,0.257,-0.498,0.021,-0.019,-0.558,-0.114,-0.481
Tmem101,-0.184,-0.09,0.162,0.122,-0.012,-0.298,0.057,-0.121,-0.158,0.063,0.126,-0.158,0.241
Tmem104,-0.567,-0.104,0.263,0.135,1.104,-0.153,0.744,,0.076,0.274,0.192,0.01,
Tmem106a,0.375,3.478,0.384,-0.132,-0.12,0.12,0.307,-0.655,0.014,0.141,-0.692,0.475,0.289
Tmem106b,-0.009,-0.117,0.112,0.013,0.077,0.033,0.503,-0.08,-0.032,0.098,0.156,0.246,-0.246
Tmem106c,0.138,,-0.002,-0.038,-0.144,0.082,0.072,0.082,-0.105,-0.031,-0.035,-0.125,0.019
Tmem107,-0.323,0.333,0.075,0.059,-1.043,-0.383,0.23,-0.201,-0.033,-0.047,-0.211,-0.09,-0.332
Tmem108,0.269,-0.191,-0.11,-0.119,-0.44,-0.122,0.638,0.218,-0.034,0.155,-0.188,-0.516,-0.468
Tmem109,-0.123,0.3,0.079,-0.053,0.442,-0.458,0.038,0.343,-0.088,0.16,0.072,0.152,0.213
Tmem11,-0.027,-0.346,-0.15,-0.047,-0.016,-0.375,-0.053,-1.273,-0.066,-0.03,-0.088,-0.23,0.032
Tmem115,0.741,0.856,0.273,-0.313,-0.08,-0.176,-0.015,-0.468,0.115,0.209,-0.024,0.003,0.025
Tmem117,-0.277,0.559,0.185,0.04,0.724,0.474,0.103,0.393,0.049,0.255,0.272,0.363,0.395
Tmem120a,-0.25,0.043,0.234,-0.055,0.529,0.226,-0.562,-1.08,-0.051,-0.029,-0.013,-0.407,-0.336
Tmem120b,0.252,-0.496,0.244,-0.193,0.064,0.132,-0.095,0.704,0.034,0.051,-0.003,-0.267,0.127
Tmem123,-0.073,0.692,0.09,0.109,0.318,-1.11,-0.291,,-0.003,0.108,-0.361,0.176,-0.468
Tmem126a,0.08,0.183,-0.124,-0.058,-0.033,0.081,0.034,-0.168,0.091,-0.082,-0.073,-0.33,0.022
Tmem126b,0.057,-0.316,0.065,-0.005,0.109,-0.182,0.098,0.432,0.006,0.071,-0.12,-0.106,0.028
Tmem127,-0.104,-0.375,0.318,0.104,0.017,-0.097,0.112,-0.439,0.011,0.242,0.078,0.095,-0.227
Tmem128,0.055,0.125,0.069,-0.023,-0.222,-0.042,0.021,0.203,0.004,-0.044,-0.147,0.005,-0.106
Tmem129,0.3,-0.7,0.206,0.07,-0.097,-0.914,-0.232,,0.188,0.04,0.057,0.082,-0.53
Tmem130,0.182,-0.216,0.125,-0.103,0.043,0.24,0.301,0.378,0.008,0.104,0.134,-0.252,0.106
Tmem131,-0.138,-0.52,0.175,-0.013,0.195,0.298,0.382,-0.058,0.106,0.207,0.148,0.093,-0.396
Tmem132e,0.034,0.575,0.405,-0.546,0.618,1.078,0.137,-0.361,0.548,0.319,0.027,,
Tmem135,0.215,0.635,0.31,0.07,0.554,0.163,0.491,0.462,0.058,0.247,0.281,0.164,0.138
Tmem136,0.003,0.194,0.052,0.029,1.307,0.073,,,-0.058,0.047,0.356,0.053,0.179
Tmem138,0.125,,0.036,0.068,-0.496,0.191,0.567,,0.126,0.092,0.217,0.131,0.078
Tmem141,0.169,-0.429,-0.086,-0.018,-0.027,-0.071,-0.181,-0.64,-0.109,-0.135,-0.017,-0.431,0.301
Tmem145,0.408,0.078,0.215,-0.065,0.289,0.317,0.216,0.418,-0.13,0.152,-0.004,0.063,0.174
Tmem147,0.048,-0.245,0.104,-0.077,0.34,0.099,0.139,0.155,-0.02,-0.015,-0.113,-0.078,-0.031
Tmem14a,0.005,-0.315,0.105,-0.035,0.392,0.294,0.344,-0.268,-0.103,-0.061,0.037,-0.086,-0.203
Tmem14c,0.16,-0.025,0.027,0.031,0.208,0.105,0.108,0.147,-0.14,-0.096,-0.051,-0.358,-0.121
Tmem150a,0.063,,0.012,-0.069,0.827,0.156,0.089,0.063,0.03,0.163,0.175,-0.002,-0.133
Tmem150c,-0.061,0.147,0.47,-0.126,4.095,0.339,0.515,-0.271,0.199,0.523,0.319,-0.491,-0.372
Tmem151a,0.034,0.14,0.319,0.035,0.61,0.039,0.235,-0.075,0.091,0.143,0.129,0.232,0.124
Tmem151b,0.197,1.049,0.129,0.144,0.969,0.127,0.121,-0.456,0.163,0.059,0.067,0.323,-0.078
Tmem158,-0.324,-0.044,-0.002,-0.078,0.304,0.072,0.268,,-0.256,-0.055,-0.394,-0.038,0.023
Tmem159,-0.609,-1.057,-0.199,-0.062,0.175,-0.043,0.013,0.204,-0.071,-0.067,-0.006,-0.398,-0.079
Tmem160,0.05,0.207,-0.043,0.001,0.427,-0.054,0.057,0.071,0.042,-0.01,-0.092,-0.381,-0.011
Tmem161a,-0.361,0.521,0.125,-0.044,-0.368,0.052,0.651,-0.035,-0.003,0.23,0.048,0.064,0.021
Tmem161b,0.208,-1.197,0.161,0.209,-0.602,0.162,0.727,-0.079,0.127,0.077,-0.085,-0.144,-0.706
Tmem164,0.874,0.171,-0.081,0.076,0.297,0.286,0.164,0.171,0.08,0.354,0.134,0.058,0.319
Tmem165,0.189,-0.359,0.113,0.047,-0.001,-0.102,0.247,-0.172,-0.001,0.124,0.003,-0.089,-0.04
Tmem167,-0.114,0.45,0.054,0.053,-0.012,0.005,0.251,-0.014,0.003,-0.072,0.152,-0.173,0.029
Tmem167b,0.341,0.633,0.209,-0.061,0.044,-0.181,-0.054,-0.151,0.13,0.141,0.045,0.202,-0.275
Tmem168,-0.119,-0.626,0.174,0.054,-0.104,-0.448,0.681,0.201,-0.018,0.257,0.258,0.065,-0.011
Tmem169,0.143,-0.948,0.11,0.137,0.239,0.02,0.249,0.414,-0.045,-0.011,0.064,0.049,-0.315
Tmem17,-0.1,0.807,0.041,0.181,0.576,0.014,-0.154,0.253,0.025,0.046,0.229,0.15,0.003
Tmem170b,0.249,-1.111,0.055,0.231,0.175,-0.033,0.415,0.291,0.001,0.136,0.079,0.306,-0.23
Tmem175,-0.078,0.139,0.208,0.042,0.617,0.043,0.372,-0.19,-0.072,0.16,-0.051,-0.018,-0.013
Tmem176a,-0.034,-0.131,-0.095,-0.229,0.47,-0.206,-0.086,0.085,-0.073,-0.011,-0.197,-0.196,-0.139
Tmem176b,-0.086,0.141,-0.076,-0.113,0.24,-0.027,0.077,0.079,-0.107,-0.031,-0.186,-0.033,-0.035
Tmem177,0.087,-1.003,0.285,0.264,0.72,-0.14,-1.055,,-0.046,0.092,-0.161,-0.039,-0.329
Tmem179,0.34,-0.083,0.355,0.063,0.802,0.087,-0.003,0.183,0.061,0.215,0.006,0.141,0.13
Tmem18,0.363,-0.463,0.326,0.09,0.286,0.109,0.646,,0.062,0.114,0.212,0.407,0.132
Tmem181a,0.01,0.181,0.202,0.12,0.0,-0.093,0.329,0.153,-0.047,0.335,0.009,0.024,0.156
Tmem183a,-0.069,-0.292,0.009,0.031,0.053,0.042,0.014,0.105,-0.02,-0.079,0.074,0.009,-0.114
Tmem184b,0.185,0.293,0.293,0.018,0.74,-0.18,0.496,-0.161,0.084,0.213,0.292,0.011,-0.178
Tmem184c,0.054,-0.125,0.253,0.039,0.323,0.158,0.184,0.331,0.001,0.123,0.176,0.053,-0.194
Tmem185b,0.328,-0.51,0.297,0.015,-0.925,-0.084,-0.06,,-0.185,0.294,0.059,0.131,-0.039
Tmem186,0.266,0.608,0.309,0.019,-0.391,0.092,-0.151,-0.451,-0.169,0.055,-0.094,0.052,0.365
Tmem189,-0.01,0.46,0.155,0.036,0.246,0.041,-0.204,0.111,-0.01,0.181,0.096,0.108,0.03
Tmem19,0.021,0.48,0.245,0.009,0.104,0.112,0.039,-0.44,0.043,0.168,-0.005,0.156,-0.822
Tmem191c,0.106,1.819,-0.023,0.048,0.001,0.166,0.16,0.255,-0.11,-0.037,0.206,-0.409,-0.086
Tmem192,0.054,-0.428,0.091,-0.058,0.431,-0.278,0.251,-0.053,0.023,-0.084,-0.028,-0.26,0.342
Tmem198,-0.157,-0.573,0.062,0.067,-0.346,-0.086,0.573,0.505,0.085,0.2,-0.028,-0.107,-0.122
Tmem199,-0.114,-0.215,-0.083,-0.065,0.477,0.134,0.118,-0.371,-0.034,-0.04,-0.141,-0.163,0.01
Tmem200a,0.349,0.137,,0.094,0.007,0.238,0.546,0.789,0.082,0.173,0.375,-0.297,0.238
Tmem203,0.041,-0.863,0.064,-0.064,0.663,-0.003,0.252,0.175,-0.021,0.044,0.02,-0.165,0.265
Tmem205,0.047,0.353,0.101,-0.015,0.356,0.008,-0.15,-0.084,-0.111,0.051,-0.091,-0.269,0.024
Tmem208,-0.004,1.427,0.134,0.041,0.108,0.072,-0.005,0.024,-0.043,0.009,-0.114,-0.337,0.058
Tmem209,0.032,-0.019,0.203,0.093,-0.85,-0.424,0.482,0.186,-0.095,0.325,-0.01,0.248,-0.395
Tmem214,0.521,-0.164,0.214,0.046,-0.253,-0.04,0.489,0.013,0.044,0.212,-0.151,0.139,-0.027
Tmem216,-0.051,-0.547,0.061,-0.139,0.594,0.074,-0.928,,0.047,0.091,0.091,0.086,-0.17
Tmem218,-0.116,-0.436,0.085,0.0,-0.125,0.2,-0.063,,0.106,0.015,-0.239,-0.187,-0.103
Tmem219,0.229,-0.186,-0.047,-0.205,-0.297,0.047,-0.24,0.481,-0.072,-0.056,-0.055,-0.205,0.043
Tmem222,0.018,-0.592,-0.009,-0.114,-0.312,0.132,0.093,0.177,-0.076,0.01,-0.051,-0.086,-0.145
Tmem229b,0.424,0.093,0.226,0.087,0.679,0.36,0.176,0.026,0.091,0.3,0.239,0.552,0.034
Tmem231,0.149,-0.32,0.119,0.05,0.548,-0.073,-1.29,,-0.218,0.15,0.065,0.17,-0.183
Tmem25,0.081,0.118,0.171,0.043,0.099,-0.278,-1.651,-0.455,0.158,0.154,0.31,0.231,0.199
Tmem29,-0.02,-0.109,-0.056,-0.095,0.227,-0.002,0.107,0.392,0.012,-0.089,0.024,-0.145,0.091
Tmem30a,0.0,0.048,0.311,-0.042,0.005,-0.059,0.47,-0.009,0.048,0.167,0.11,0.082,-0.09
Tmem33,-0.029,0.09,0.208,-0.017,-0.206,0.221,0.205,-0.419,0.062,0.183,-0.015,0.192,-0.033
Tmem38a,0.12,0.209,0.198,-0.109,0.666,0.112,0.137,0.25,-0.005,0.179,0.098,0.093,-0.142
Tmem38b,0.178,0.173,0.051,-0.081,0.291,-0.243,-1.258,,0.023,-0.111,-0.013,,0.066
Tmem39a,0.486,-0.749,0.182,-0.258,-0.863,-0.963,0.305,-0.438,0.143,0.116,0.14,-0.1,-1.306
Tmem41a,0.052,0.316,0.137,-0.068,0.149,-0.011,-0.235,0.486,0.005,0.019,0.0,0.108,0.099
Tmem41b,0.111,0.432,0.161,0.103,0.048,-0.51,0.144,0.086,-0.023,0.116,0.267,0.009,-0.249
Tmem42,0.256,0.394,0.011,-0.139,0.246,-0.214,0.085,-0.515,-0.08,-0.067,-0.191,0.012,0.185
Tmem43,-0.343,-0.524,0.309,-0.109,0.163,0.304,0.071,-0.124,0.149,0.288,0.069,0.095,-0.468
Tmem47,0.013,0.141,0.069,-0.088,0.594,0.335,0.256,0.491,0.173,0.007,0.431,0.216,-0.111
Tmem50a,-0.117,-0.112,0.012,-0.047,0.221,0.073,0.132,0.099,-0.095,0.015,-0.027,-0.154,0.002
Tmem50b,0.176,-0.165,0.098,0.051,0.213,0.012,0.095,-0.068,0.036,0.165,0.137,0.27,0.189
Tmem51,-0.708,0.992,0.394,0.085,0.068,0.109,0.568,0.067,0.135,0.172,-0.212,,
Tmem53,0.237,0.169,0.164,-0.23,1.342,-0.327,-0.085,0.517,0.043,0.061,-0.385,-0.442,-0.478
Tmem56,0.09,0.233,0.297,0.227,-0.016,-0.686,,-0.006,0.118,0.322,0.063,0.033,-0.771
Tmem59,-0.042,0.004,0.101,-0.043,0.141,-0.041,0.242,0.147,-0.073,0.044,-0.151,-0.053,-0.013
Tmem59l,0.055,-0.393,0.093,-0.202,0.39,0.068,-0.015,0.24,-0.016,0.061,0.212,0.349,0.258
Tmem60,0.005,-0.213,0.131,0.019,0.52,0.053,0.048,0.23,-0.102,-0.034,0.045,-0.124,0.077
Tmem62,0.105,0.258,0.091,0.191,0.065,0.01,-0.025,-0.27,-0.067,0.232,-0.315,0.035,0.041
Tmem63b,0.084,0.117,0.342,0.019,0.198,0.075,0.003,0.017,0.032,0.18,0.059,0.247,0.038
Tmem63c,-0.013,0.414,0.305,0.438,1.212,0.14,0.821,0.691,-0.24,0.24,0.234,0.187,0.381
Tmem64,-0.15,-0.306,0.245,-0.075,0.374,0.196,0.604,0.34,0.191,0.124,0.22,0.093,-0.285
Tmem65,-0.095,-0.226,0.022,0.037,-0.158,0.225,0.129,-0.003,-0.002,-0.037,-0.03,0.279,-0.054
Tmem67,-0.219,-0.029,0.171,-0.057,0.714,0.612,,0.665,0.185,0.321,-0.039,0.047,-1.128
Tmem68,-0.019,-1.151,0.3,-0.159,-0.375,0.257,0.193,-0.472,0.027,0.008,0.003,0.01,-0.178
Tmem69,0.048,-0.473,0.258,0.228,-0.392,0.428,0.03,,0.294,0.118,-0.145,-0.09,-0.671
Tmem70,-0.002,0.235,0.053,0.07,0.113,-0.054,0.429,-0.178,-0.129,-0.073,0.045,-0.055,-0.072
Tmem74,-0.038,0.154,-0.098,0.157,0.641,-0.238,0.787,,0.003,0.097,0.227,-0.248,
Tmem8,0.197,1.202,0.435,0.222,-0.168,-0.196,,0.038,0.301,0.224,-0.23,0.117,
Tmem80,0.117,-0.115,-0.004,0.154,-0.371,-0.156,0.244,0.056,0.009,-0.018,0.062,-0.043,-0.153
Tmem86a,0.061,-0.454,0.15,0.109,1.211,-0.226,0.041,0.37,0.11,0.066,0.116,-0.129,0.131
Tmem87a,-0.083,0.494,0.147,-0.114,-0.299,0.484,0.529,-0.721,0.148,0.242,0.044,0.013,-0.308
Tmem87b,0.03,0.909,0.186,0.046,0.322,0.055,0.634,0.039,-0.002,0.273,0.134,0.102,-0.014
Tmem8b,-0.26,1.358,0.191,-0.068,0.029,0.274,-0.23,0.496,-0.063,0.232,0.157,0.032,-0.361
Tmem9,-0.003,-0.059,0.146,-0.077,0.179,0.179,0.354,0.091,-0.1,0.103,-0.039,0.132,-0.079
Tmem91,-0.831,0.132,-0.295,0.201,0.675,-0.089,,,0.349,0.204,0.832,,-0.395
Tmem97,0.502,0.894,-0.09,-0.141,-0.038,0.04,0.223,0.007,0.042,0.104,-0.213,-0.102,-0.257
Tmem9b,0.015,-0.119,0.118,0.037,0.492,-0.006,-0.154,-0.067,-0.024,0.05,-0.008,-0.031,0.083
Tmf1,0.1,0.108,-0.076,-0.078,0.146,0.173,0.418,-0.417,-0.016,0.072,0.161,-0.055,-0.32
Tmod1,0.094,-3.125,-0.084,0.003,0.212,0.164,0.098,0.503,0.029,0.163,0.027,-0.341,-0.361
Tmod2,-0.065,-0.171,0.019,-0.011,0.261,0.135,0.427,0.081,0.014,0.115,0.094,0.124,-0.031
Tmod3,0.141,-0.18,-0.15,0.086,0.22,-0.046,0.294,-0.183,0.109,0.057,0.131,-0.264,0.016
Tmpo,-0.453,0.254,-0.101,-0.271,-1.104,-0.509,0.346,-0.103,-0.075,0.054,-0.154,0.19,-0.307
Tmsb10,-0.037,-0.142,-0.162,-0.002,-0.037,-0.005,-0.152,0.019,0.011,-0.12,0.032,-0.363,0.033
Tmsb15b1,-0.08,-0.688,-0.113,0.114,-0.044,-0.035,-1.028,,0.068,-0.187,0.052,-0.495,0.017
Tmsb15b2,-0.042,,-0.099,0.029,0.06,0.123,,,-0.01,-0.249,-0.014,-0.563,0.265
Tmsb4x,-0.075,-0.304,-0.248,0.017,0.252,0.021,-0.144,-0.124,0.008,-0.11,0.049,-0.281,-0.012
Tmtc1,-0.179,-0.002,0.013,0.045,0.121,0.417,0.727,0.106,0.121,0.413,0.107,0.478,
Tmtc3,-0.347,-0.785,0.217,0.05,0.152,-0.182,0.281,0.291,0.128,0.214,0.013,0.153,-0.441
Tmtc4,0.241,-0.077,0.067,-0.305,-0.898,-0.526,,,-0.029,0.208,-0.024,0.281,-0.306
Tmub1,0.066,-0.46,-0.022,0.012,0.044,0.08,-0.191,-0.168,-0.166,-0.045,0.093,0.005,0.076
Tmub2,-0.124,0.789,0.136,-0.016,0.35,-0.106,-0.035,-0.268,-0.092,0.121,-0.023,-0.163,-0.087
Tmx1,-0.433,-1.006,0.064,0.012,-0.117,0.048,0.204,0.02,0.03,0.188,-0.058,0.266,0.157
Tmx2,-0.028,0.213,0.259,-0.008,0.269,0.001,0.115,0.24,0.006,0.108,0.111,0.091,0.149
Tmx3,-0.186,-0.359,0.188,0.013,-0.191,-0.135,0.628,0.092,-0.074,0.232,0.21,0.084,0.035
Tmx4,-0.07,0.06,0.128,-0.0,-0.139,0.05,0.641,0.065,0.032,0.066,-0.106,0.001,0.093
Tnfaip1,0.022,-0.009,-0.041,-0.051,-0.083,0.038,0.053,-0.091,-0.071,0.073,-0.087,-0.127,-0.127
Tnfrsf12a,0.096,1.769,0.028,-0.46,-0.16,2.413,-0.664,,-0.157,-0.143,-0.308,-0.094,-1.204
Tnfrsf1a,0.079,0.12,0.095,,,-2.844,-0.41,,-0.136,0.006,-0.581,0.535,0.111
Tnfrsf21,-0.202,-0.2,0.439,-0.007,0.364,0.163,0.185,-0.745,0.088,0.204,0.094,0.166,0.208
Tnfsf12,0.099,-0.357,-0.116,-0.102,0.666,0.059,0.024,-0.017,-0.035,-0.048,0.054,0.125,-0.122
Tnik,-0.312,0.116,0.205,0.144,-0.283,0.012,0.475,-0.399,0.108,0.174,0.08,0.208,-0.217
Tnip1,0.063,0.284,-0.018,-0.092,-0.002,0.092,-0.343,0.29,-0.019,0.077,0.16,-0.089,0.081
Tnip2,-0.071,,-0.127,-0.027,-0.09,-0.389,-1.308,0.622,0.002,0.13,0.156,-0.171,
Tnk2,-0.386,0.81,0.267,0.238,-0.3,-0.064,0.271,0.093,0.074,0.196,0.165,0.331,-0.705
Tnks,0.354,-0.499,0.15,0.122,0.14,0.079,0.415,0.267,0.075,0.169,0.011,0.196,-0.596
Tnks1bp1,0.379,0.233,0.191,0.184,-0.017,-0.16,-0.129,-0.002,-0.094,0.104,0.257,0.005,-1.408
Tnks2,0.097,-0.202,0.062,-0.077,-0.458,0.087,0.229,0.21,0.112,0.079,0.044,0.136,-0.238
Tnni1,-0.351,-0.287,,0.021,0.249,-0.115,-0.017,,-0.138,-0.186,0.054,-0.507,
Tnpo1,0.415,-3.306,0.044,0.128,0.001,0.124,0.327,-0.09,0.009,0.175,-0.001,0.235,-0.218
Tnpo2,-0.183,-0.449,0.212,0.08,0.012,0.197,-0.114,-0.272,0.014,0.237,0.033,0.162,0.066
Tnpo3,-0.165,-0.773,0.145,-0.027,-0.271,-0.129,0.447,0.256,0.014,0.133,0.042,-0.041,0.126
Tnrc6a,0.078,0.006,0.103,-0.011,-0.439,-0.087,0.595,0.111,0.097,0.096,0.089,-0.073,-0.05
Tnrc6b,0.245,0.381,0.064,0.104,-0.417,0.063,0.762,-0.074,-0.03,0.146,0.055,0.125,-0.044
Tnrc6c,0.189,0.226,0.086,0.066,-0.519,-0.04,0.422,-0.086,-0.073,0.061,0.01,0.196,-0.156
Tns1,0.317,-0.098,-0.131,-0.176,0.663,-0.127,0.217,-0.508,0.252,0.303,0.336,0.106,-0.234
Tob1,-0.143,0.369,0.021,-0.065,-0.241,-0.164,0.12,-0.583,-0.109,0.057,-0.248,0.187,0.329
Tob2,-0.506,-0.428,-0.001,-0.006,-1.198,-0.072,-0.23,0.546,0.004,0.131,-0.024,0.184,-0.305
Toe1,-0.053,,0.035,0.071,0.387,0.109,0.455,0.032,0.063,0.02,0.005,-0.133,0.215
Tollip,-0.089,-0.107,0.123,0.081,0.38,-0.04,-0.158,-0.099,0.042,0.197,0.275,0.289,0.109
Tom1l1,0.108,,-0.137,0.307,-0.056,0.224,,,-0.18,0.058,-0.219,-0.001,-0.262
Tom1l2,0.163,0.112,0.145,0.049,-0.027,0.089,-0.026,0.123,0.114,0.219,0.12,0.348,-0.214
Tomm20,0.05,-0.389,0.026,0.026,-0.035,-0.076,0.117,-0.047,0.018,-0.051,-0.03,-0.04,0.01
Tomm22,0.003,0.322,-0.133,-0.057,0.116,-0.033,-0.102,-0.045,-0.05,-0.086,-0.068,-0.259,-0.026
Tomm34,-0.094,0.11,0.049,0.032,0.358,-0.119,-0.095,0.13,0.049,0.036,0.131,0.213,-0.234
Tomm40,0.068,-0.338,-0.089,-0.062,0.356,0.058,-0.023,-0.009,-0.07,0.008,-0.152,0.043,-0.114
Tomm40l,-0.15,-0.488,-0.039,0.028,0.26,0.116,-0.194,0.318,0.114,-0.005,-0.052,0.056,0.116
Tomm5,0.139,-0.529,-0.141,0.023,0.298,-0.126,-0.238,-0.111,-0.007,-0.115,-0.067,-0.17,-0.061
Tomm6,-0.125,0.128,-0.118,0.015,0.041,0.092,-0.339,-0.329,-0.002,-0.228,0.015,-0.472,0.119
Tomm7,0.07,-0.336,-0.113,-0.032,-0.07,0.071,-0.327,-0.105,-0.009,-0.142,0.025,-0.428,-0.003
Tomm70a,-0.095,-0.204,0.06,0.047,-0.216,0.129,0.315,-0.075,0.045,0.069,0.075,0.101,0.016
Tonsl,0.331,0.191,0.18,0.214,1.496,0.322,,,0.273,0.288,-0.026,-0.229,0.016
Top1,0.03,0.061,-0.056,0.016,-0.261,-0.086,0.105,-0.092,0.005,0.017,-0.076,-0.175,0.046
Top1mt,0.028,0.983,0.051,,-0.738,0.564,,,-0.022,-0.054,-0.272,-0.244,-0.218
Top2b,-0.054,-0.084,0.073,-0.02,-0.415,0.069,-0.032,0.075,-0.002,0.069,0.084,0.006,-0.052
Top3b,0.145,-0.64,0.104,0.02,-0.236,-0.117,0.375,0.566,0.041,0.204,-0.026,-0.1,0.037
Topbp1,0.273,0.372,0.001,0.022,-1.13,-0.253,0.13,-0.25,-0.124,0.103,0.128,-0.166,
Topors,-0.03,-1.396,-0.212,-0.019,-0.431,-0.011,-0.359,-0.136,0.059,0.164,-0.129,0.085,0.193
Tor1a,-0.141,0.143,-0.036,-0.084,0.042,-0.02,0.452,0.217,-0.116,0.008,-0.093,-0.098,0.073
Tor1aip1,-0.445,-0.188,-0.013,-0.082,-0.289,-0.351,0.003,-0.208,-0.017,0.027,0.1,0.134,0.03
Tor1aip2,0.044,-0.06,0.017,0.033,-0.506,-0.09,0.002,0.067,-0.055,0.08,-0.006,0.06,0.081
Tor1b,0.083,-0.392,0.144,0.069,0.173,0.011,-0.286,-0.06,0.02,0.128,0.01,0.059,-0.146
Tor2a,0.476,,0.057,-0.175,0.016,0.036,0.329,,-0.082,0.164,-0.385,0.149,0.102
Tox2,-0.036,,0.074,-0.082,-1.023,0.004,0.007,-0.093,-0.283,-0.026,0.326,0.632,0.484
Tox4,-0.092,-0.372,-0.044,0.008,-0.218,-0.199,-0.04,0.003,-0.041,-0.014,-0.005,0.023,0.304
Tpd52,-0.041,-0.357,0.097,-0.031,0.265,-0.09,0.189,0.189,0.019,-0.021,-0.043,0.025,0.033
Tpd52l1,-0.292,0.056,-0.12,0.071,0.401,0.161,-0.114,-0.486,0.108,-0.106,-0.07,-0.563,0.05
Tpd52l2,-0.037,0.446,-0.084,-0.028,0.173,-0.061,0.281,0.202,-0.089,-0.022,-0.098,-0.116,0.04
Tpi1,-0.007,-0.113,-0.163,-0.075,0.179,-0.014,-0.168,0.136,-0.073,-0.061,-0.124,0.072,-0.014
Tpk1,-0.414,-0.392,-0.023,0.133,0.854,-0.725,-0.52,,0.271,0.08,0.102,,
Tpm1,-0.128,-0.155,-0.026,-0.023,0.206,0.007,0.177,-0.046,0.048,-0.094,0.014,0.075,0.044
Tpm3,-0.026,-0.317,-0.136,0.009,-0.032,-0.008,-0.12,0.002,-0.023,0.017,-0.138,-0.124,-0.169
Tpm4,-0.182,0.583,-0.262,-0.098,-0.385,0.029,-0.295,-0.074,0.019,-0.049,0.011,-0.138,-0.373
Tpmt,0.368,-0.556,0.095,0.242,0.182,0.128,-0.172,0.424,-0.138,0.027,0.008,-0.169,
Tpp1,0.043,-0.201,0.151,0.017,-0.079,0.351,0.319,-0.22,-0.09,0.157,0.153,0.134,-0.396
Tpp2,0.194,-0.295,0.101,0.039,0.257,-0.215,0.045,0.119,0.065,0.12,0.15,-0.013,-0.044
Tppp,0.056,0.066,-0.09,-0.136,1.262,0.063,0.417,0.138,0.18,0.145,0.046,0.357,-0.022
Tppp3,0.018,-0.169,-0.216,-0.029,0.581,0.241,-0.033,-0.029,-0.033,-0.045,0.052,0.029,0.192
Tpr,0.08,0.341,-0.069,-0.023,-0.21,-0.006,0.566,0.117,0.064,0.039,-0.083,-0.139,-0.029
Tpra1,0.085,0.726,0.299,0.061,0.558,-0.031,-0.066,0.147,0.039,0.289,-0.062,0.094,-0.054
Tprgl,-0.11,0.076,-0.132,-0.028,0.207,0.059,0.099,0.169,0.017,-0.083,0.024,0.108,-0.057
Tprkb,0.042,-0.429,-0.107,0.057,-0.115,0.105,0.176,-0.214,0.034,0.014,-0.06,0.19,-0.047
Tpst1,-0.064,-0.301,0.171,-0.01,0.215,-0.07,0.212,-0.005,-0.032,0.106,-0.13,-0.168,-0.161
Tpst2,0.096,-2.118,-0.033,-0.083,-0.095,0.172,0.08,0.164,-0.008,-0.06,0.167,-0.142,-0.124
Tpt1,0.024,-0.228,-0.163,-0.024,-0.21,-0.102,-0.42,-0.16,-0.009,-0.123,-0.018,-0.369,-0.076
Tra2a,-0.028,0.099,0.132,-0.099,-0.668,0.011,0.084,-0.057,-0.049,0.1,0.137,0.036,-0.128
Tra2b,0.016,-0.422,-0.077,-0.035,-0.666,-0.05,-0.126,0.125,-0.03,0.056,-0.013,-0.025,-0.007
Trabd,0.221,0.796,0.065,0.014,0.417,0.078,0.329,-0.128,-0.003,0.002,-0.036,0.089,-0.047
Tradd,0.169,-0.596,0.047,0.117,0.661,0.082,-0.071,-0.507,-0.095,-0.046,-0.098,-0.436,-0.277
Traf2,-0.334,0.432,-0.096,0.113,-0.152,-0.271,-0.162,,0.001,-0.024,-0.51,0.189,-0.471
Traf3,0.279,-0.314,0.142,0.189,0.17,0.421,0.215,0.395,0.114,0.052,-0.039,0.544,0.58
Traf3ip1,-0.115,-0.334,0.073,0.029,0.243,-0.299,-0.323,-0.155,-0.028,0.014,-0.064,0.181,-0.018
Traf3ip2,0.335,0.506,0.057,0.244,0.894,0.084,0.551,,-0.134,-0.092,0.208,,
Traf7,0.387,0.788,0.083,-0.072,-0.612,0.067,0.034,0.389,0.054,0.148,-0.035,0.012,0.055
Trafd1,-0.072,0.665,-0.024,-0.015,0.159,-0.11,0.167,-0.337,0.094,0.078,0.104,0.087,0.18
Trak1,0.027,-0.238,0.096,0.096,-0.013,-0.04,0.363,0.205,0.054,0.114,0.113,0.22,-0.041
Trak2,0.195,0.803,0.242,0.131,0.586,-0.555,0.003,0.155,0.155,0.16,0.209,0.221,-0.62
Tram1,0.218,0.0,-0.037,0.025,-0.291,-0.374,0.06,0.045,-0.083,0.148,0.083,-0.052,0.034
Tram1l1,-0.164,0.657,0.125,0.013,0.284,-0.106,0.803,-0.407,0.151,0.1,0.038,0.023,0.12
Trap1,0.002,-0.221,0.114,0.021,0.246,0.083,0.13,-0.41,0.01,0.211,-0.062,0.003,-0.098
Trappc1,0.076,0.549,-0.17,-0.016,0.28,-0.156,0.08,-0.154,-0.006,-0.098,0.009,-0.457,-0.12
Trappc10,0.224,0.065,-0.022,-0.045,0.412,0.075,0.295,-0.078,0.043,-0.001,-0.049,0.149,0.198
Trappc2,-0.008,-1.743,-0.062,-0.032,0.449,0.06,0.146,-0.588,-0.048,-0.054,0.019,-0.066,-0.034
Trappc2l,0.045,-0.296,-0.145,0.01,0.301,-0.21,0.041,-0.21,-0.047,-0.11,-0.061,-0.268,-0.044
Trappc3,-0.116,-0.031,-0.063,-0.044,-0.026,0.117,0.401,-0.049,-0.06,0.009,-0.139,-0.052,-0.091
Trappc4,0.001,0.077,-0.156,-0.043,0.352,-0.039,0.055,-0.123,-0.015,-0.095,-0.046,-0.293,-0.072
Trappc5,0.165,0.096,0.084,0.078,0.305,-0.098,0.071,-0.386,0.048,0.08,-0.067,-0.239,0.069
Trappc6a,-0.03,0.398,-0.035,-0.119,-0.192,-0.029,-0.114,-0.295,-0.029,-0.144,0.053,-0.016,-0.13
Trappc6b,-0.045,-0.106,-0.078,-0.033,0.132,-0.072,0.34,0.035,-0.011,-0.122,-0.011,-0.051,-0.026
Trappc8,-0.126,0.232,0.198,-0.062,-0.03,-0.13,0.434,0.109,0.163,0.138,0.311,0.08,-0.053
Trappc9,0.228,-0.888,0.189,-0.052,0.286,0.107,0.037,-0.377,0.102,0.128,0.005,0.134,0.249
Trdmt1,0.002,0.573,0.064,0.001,0.616,0.33,,,-0.125,0.068,0.155,0.078,-0.157
Triap1,-0.094,-0.362,-0.13,-0.055,-0.273,0.131,-0.051,-0.198,0.025,-0.114,0.122,-0.254,0.055
Trib2,-0.025,-0.105,-0.031,-0.055,0.412,0.202,0.432,-0.644,0.191,0.191,-0.076,-0.02,-0.351
Trim11,0.216,0.557,0.033,0.074,-0.061,-0.038,0.08,0.399,-0.057,0.115,-0.043,0.086,0.011
Trim13,-0.207,0.502,-0.079,0.039,-0.375,-0.22,0.827,,-0.145,0.05,-0.295,-0.027,-0.012
Trim16,-0.017,-1.119,0.328,0.311,0.635,0.366,0.418,,0.76,0.061,0.006,0.439,
Trim2,-0.063,0.189,0.039,0.153,0.037,0.238,0.411,0.15,0.076,0.138,0.187,0.027,0.007
Trim23,-0.13,0.338,0.203,0.067,0.566,0.188,0.57,-1.383,0.122,0.141,0.029,0.22,0.144
Trim24,-0.217,0.209,0.004,0.007,-0.509,-0.149,0.497,-0.188,0.054,0.071,0.063,0.087,-0.056
Trim25,-0.143,0.078,-0.476,0.178,0.761,0.527,-0.259,0.112,0.221,0.142,-0.039,0.203,0.149
Trim26,0.17,-0.218,0.103,0.195,-0.193,-0.296,0.038,0.205,0.008,0.171,-0.038,0.083,-0.05
Trim27,-0.408,-0.116,-0.141,0.012,0.255,0.079,0.024,-0.087,-0.006,0.034,-0.091,0.069,0.011
Trim28,-0.009,-0.328,-0.037,-0.017,-0.354,-0.101,-0.029,0.37,-0.009,0.165,-0.069,-0.105,0.041
Trim3,0.035,-0.492,0.027,-0.111,0.53,0.093,-0.164,0.044,0.098,0.077,-0.005,-0.017,-0.151
Trim32,0.152,0.092,0.027,0.026,-0.255,0.15,0.052,-0.597,0.038,0.155,0.121,0.55,0.231
Trim33,0.055,-0.138,0.039,0.107,-0.45,-0.132,0.383,0.27,-0.114,0.056,0.053,0.076,0.055
Trim35,-0.153,0.016,-0.066,-0.007,-0.236,-0.065,0.017,0.034,-0.02,0.099,0.023,0.156,-0.033
Trim36,0.048,-0.083,0.287,0.082,0.199,0.271,0.295,0.219,0.119,0.272,0.138,0.178,-0.983
Trim37,0.096,-0.091,0.197,0.065,0.222,-0.013,0.368,0.223,0.109,0.003,0.163,0.011,-0.15
Trim39,0.451,-0.215,0.168,-0.048,-0.548,0.296,0.075,-0.003,-0.008,0.099,0.127,0.105,-0.217
Trim41,-0.947,-0.096,0.152,-0.059,-0.544,0.009,-0.332,-0.004,-0.165,0.108,0.247,0.048,-0.258
Trim44,-0.156,-0.055,0.032,0.125,-0.094,0.106,0.323,-0.161,0.082,0.08,0.138,0.184,-0.058
Trim46,-0.407,0.31,-0.023,-0.068,-0.293,-0.01,0.478,0.286,-0.023,0.253,0.042,0.12,0.199
Trim62,-0.024,-0.33,0.16,-0.199,0.889,0.18,0.041,,-0.035,0.109,0.135,-0.024,-0.32
Trim67,0.066,0.397,0.164,0.1,0.265,0.186,0.118,-0.144,0.134,0.454,0.02,0.056,-0.039
Trim68,0.131,0.791,,0.022,0.25,0.593,0.426,0.166,0.004,0.172,-0.003,0.041,-1.934
Trim8,0.036,0.125,-0.0,0.048,-0.314,0.212,0.123,-0.226,0.041,-0.017,-0.001,0.162,0.018
Trim9,-0.177,0.276,0.103,0.164,0.031,0.018,0.452,0.317,0.071,0.145,0.1,-0.167,0.247
Trio,0.277,-0.149,0.165,0.101,-0.335,-0.036,0.011,0.185,0.021,0.171,0.092,0.228,0.048
Trip10,0.151,-0.21,0.124,-0.384,-0.095,0.198,-1.474,,,-0.189,0.043,-0.082,-0.61
Trip11,0.026,0.08,0.065,-0.356,-0.186,0.038,0.43,0.256,0.086,0.155,0.183,-0.09,0.249
Trip12,-0.225,-0.017,0.172,0.083,-0.052,-0.072,0.108,-0.062,0.068,0.307,0.047,0.172,-0.296
Trip4,-0.103,0.289,0.02,0.117,-0.372,-0.054,0.49,0.041,0.061,0.138,0.151,-0.052,0.017
Trit1,0.049,-2.656,0.156,0.213,-1.211,0.065,-0.939,,0.255,-0.192,-0.152,0.094,0.316
Trmt1,0.259,0.538,0.134,0.032,-0.09,0.121,0.219,0.118,-0.013,0.066,-0.076,-0.011,-0.005
Trmt11,0.121,-0.664,0.098,-0.043,-0.658,0.221,-0.251,-0.227,-0.086,0.108,0.03,-0.055,0.292
Trmt112,-0.05,1.194,-0.16,0.003,0.122,-0.178,0.343,0.029,0.043,-0.103,0.017,-0.031,-0.004
Trmt12,-0.099,0.24,-0.017,-0.182,0.821,-0.302,-0.588,,-0.097,0.035,-0.081,-0.089,-0.118
Trmt2a,-0.313,0.408,0.068,-0.126,-0.323,-0.471,-0.146,-0.398,-0.222,0.161,0.055,-0.09,-0.001
Trmt2b,0.002,-0.936,0.081,-0.115,0.383,0.05,-0.399,-3.123,0.214,0.001,-0.001,0.087,-0.578
Trmt5,0.076,-1.159,0.051,-0.087,0.71,-0.406,-0.191,,-0.015,-0.126,0.059,,
Trmt6,-0.185,0.754,-0.119,0.004,0.236,-0.008,0.001,-0.444,-0.0,-0.042,-0.234,-0.063,0.17
Trmu,-0.086,1.521,0.102,0.055,-0.538,0.473,0.224,0.079,-0.176,0.086,0.006,0.222,-0.252
Trnau1ap,-0.203,-0.801,-0.117,-0.019,0.087,-0.095,-0.085,0.021,-0.138,-0.136,-0.023,-0.145,-0.058
Trnp1,-0.045,-0.066,-0.113,0.132,0.548,0.094,0.205,0.038,0.21,-0.045,0.159,-0.263,0.048
Trnt1,-0.02,-0.705,-0.04,0.037,0.079,-0.039,0.138,0.203,0.019,-0.053,0.038,-0.315,-0.04
Tro,-0.012,0.104,0.083,0.037,0.021,0.08,0.559,0.506,0.119,0.061,0.128,-0.043,0.222
Trp53,0.064,-0.732,-0.091,-0.09,-0.464,-0.161,-0.06,0.369,-0.126,-0.015,0.011,0.152,0.07
Trp53bp1,-0.092,-0.477,0.117,0.041,-0.011,0.296,0.37,0.12,-0.036,0.207,0.075,0.236,0.074
Trp53bp2,-0.093,0.838,-0.132,-0.04,-0.711,0.022,-0.264,-0.504,0.227,0.015,-0.182,0.388,-0.051
Trp53i11,-0.006,-0.603,0.053,-0.315,-0.89,-0.083,-0.063,,0.172,0.316,-0.391,0.787,-0.073
Trp53i13,0.07,,-0.21,-0.124,0.414,-0.127,-0.114,0.072,0.09,-0.044,0.07,0.249,-0.142
Trp53inp1,-0.702,-1.577,0.034,0.015,-0.169,0.362,0.373,,0.072,0.155,-0.032,0.108,-0.305
Trp53inp2,0.005,-0.225,0.006,-0.047,0.333,0.33,0.043,0.04,0.116,0.189,0.054,0.406,-0.101
Trpc1,-0.332,1.059,0.235,0.085,0.134,0.124,0.464,-0.128,0.049,0.092,0.129,0.143,0.195
Trpc4ap,-0.047,0.043,0.176,-0.014,0.004,0.105,0.104,-0.195,-0.022,0.139,0.004,-0.046,-0.053
Trpm7,-0.159,0.53,0.118,0.111,-0.257,-0.075,-0.66,-0.005,0.114,0.138,0.027,0.028,-0.047
Trpt1,0.068,-0.122,-0.113,0.002,0.286,0.172,0.264,,-0.018,-0.16,0.015,-0.081,-0.029
Trpv2,0.046,0.048,0.01,0.017,-0.021,0.309,0.172,0.435,0.063,0.324,0.025,-0.073,0.181
Trrap,0.085,0.179,0.091,0.109,0.129,-0.235,0.738,0.181,0.11,0.271,0.06,0.031,-0.257
Trub1,0.044,-0.58,0.091,-0.008,0.22,0.294,0.485,0.35,-0.031,-0.038,0.002,0.004,-0.304
Trub2,-0.109,-1.388,0.117,-0.025,0.914,-0.501,-0.036,0.142,0.155,0.039,-0.014,0.318,0.065
Tsc1,0.043,-0.008,0.163,0.047,-0.348,-0.124,0.883,-0.04,0.145,0.295,0.112,0.055,-0.096
Tsc2,0.051,-0.113,0.212,0.056,-0.076,-0.105,0.141,-0.287,-0.011,0.172,0.019,-0.015,-0.319
Tsc22d1,0.063,-0.131,-0.025,0.015,-0.283,-0.167,0.195,-0.086,-0.015,-0.006,0.059,0.021,-0.158
Tsc22d2,-0.082,-0.072,0.07,-0.086,-0.342,-0.17,0.039,0.211,0.033,0.097,-0.117,0.128,-0.039
Tsc22d3,0.194,-0.427,0.12,0.061,-0.077,-0.068,0.043,-0.396,-0.018,-0.021,-0.021,-0.068,-0.151
Tsc22d4,0.467,0.038,-0.121,-0.062,0.371,-0.179,-0.273,-0.029,-0.15,-0.137,0.09,-0.316,-0.539
Tsen15,-0.061,-0.25,-0.048,-0.067,0.277,0.115,-0.248,-0.118,-0.107,-0.092,-0.055,-0.155,-0.146
Tsen2,0.028,0.67,0.02,0.08,-0.003,-0.193,-0.053,-0.364,0.097,0.007,-0.06,-0.163,0.158
Tsen34,0.005,-0.007,-0.203,-0.052,-0.188,0.014,-0.239,-0.416,-0.035,0.007,-0.163,-0.063,0.07
Tsen54,-0.055,-0.347,0.121,-0.007,0.097,-0.063,0.473,-0.36,0.178,-0.09,-0.2,-0.205,0.214
Tsfm,-0.002,0.293,-0.176,-0.055,0.103,-0.058,0.03,0.203,-0.022,-0.077,-0.102,-0.157,-0.084
Tsg101,-0.09,0.12,-0.128,-0.067,-0.027,-0.015,0.186,-0.183,-0.034,-0.049,-0.081,-0.078,-0.061
Tsga10,-0.361,-1.689,-0.059,-0.076,-0.085,-0.327,0.403,0.091,0.24,0.026,-0.018,-0.289,-0.759
Tshz2,0.417,-0.406,-0.074,-0.199,-0.83,-0.586,0.145,-0.027,0.036,0.113,-0.105,0.424,-0.018
Tshz3,0.584,0.081,0.08,-0.027,-0.297,-0.159,0.024,0.396,-0.056,0.122,0.209,0.237,-0.172
Tsn,0.107,-0.255,-0.088,-0.07,-0.177,-0.145,0.482,0.073,-0.012,-0.029,-0.029,0.025,-0.102
Tspan12,0.542,0.008,0.209,0.203,0.542,-0.887,0.296,,-0.016,0.039,0.263,-0.551,-0.952
Tspan13,-0.057,-0.188,0.087,-0.068,0.264,0.138,0.351,0.118,0.057,0.058,0.089,-0.301,-0.42
Tspan14,-0.122,-0.727,0.031,-0.032,-0.652,-0.077,-0.141,,-0.081,0.163,-0.06,0.369,-0.373
Tspan15,0.704,-3.58,-0.195,-0.102,0.783,-0.043,-0.013,0.104,-0.064,0.054,0.372,,0.172
Tspan17,0.1,-0.014,0.257,-0.077,0.714,0.195,0.344,-0.01,0.079,-0.014,0.073,-0.087,0.05
Tspan2,0.147,-0.099,0.061,-0.116,-0.439,0.57,-0.289,-0.927,-0.002,-0.024,0.042,0.152,-0.106
Tspan3,-0.083,0.302,0.11,-0.033,0.219,0.147,0.394,-0.028,-0.042,0.034,0.053,0.329,0.087
Tspan31,-0.045,0.336,0.057,-0.098,0.219,0.017,0.099,-0.255,0.016,0.076,-0.013,-0.028,-0.124
Tspan33,-0.226,-0.938,-0.004,0.264,0.776,0.023,,,0.091,-0.16,-0.014,0.059,0.288
Tspan4,-0.122,0.437,0.05,-0.12,0.198,-0.194,-1.459,,0.116,-0.303,0.076,-0.293,0.117
Tspan5,-0.08,-0.479,0.088,0.196,0.223,0.168,-0.017,-1.103,0.165,0.004,0.317,0.088,-0.416
Tspan6,0.312,-0.164,0.086,-0.113,-0.046,-0.21,0.408,-0.996,-0.121,0.005,-0.051,-0.116,0.008
Tspan7,-0.016,-0.322,0.354,-0.029,0.023,0.042,0.154,0.191,-0.009,0.175,-0.004,0.366,0.238
Tspan8,-0.013,-0.142,-0.324,0.104,2.167,0.152,0.277,0.434,0.04,0.549,0.085,0.362,
Tspo,-0.017,0.192,-0.387,-0.104,0.821,0.279,-0.016,0.268,-0.112,-0.075,-0.226,-0.388,-0.078
Tspyl1,0.052,0.29,-0.008,0.008,0.115,-0.093,0.276,-0.079,-0.019,0.113,0.1,0.245,-0.013
Tspyl2,0.026,-0.136,-0.073,0.001,-0.451,-0.324,0.101,0.161,-0.008,0.066,0.144,0.21,-0.248
Tspyl3,-0.738,0.052,-0.248,0.06,0.312,0.006,-1.035,,0.007,-0.15,0.151,-0.209,-0.037
Tspyl4,0.033,0.124,-0.095,-0.041,0.098,0.024,0.444,0.047,0.04,-0.029,-0.002,0.058,0.159
Tspyl5,-0.147,-0.904,-0.059,-0.025,-0.141,-0.127,0.206,-0.553,-0.042,-0.025,0.027,0.315,-0.028
Tsr1,0.179,-0.206,0.076,0.042,-0.119,-0.063,-0.195,0.213,0.051,0.117,0.098,0.055,-1.136
Tsr2,0.037,-0.039,-0.092,0.029,-0.101,-0.058,0.083,-0.136,-0.054,-0.045,0.077,0.158,0.066
Tssc4,0.179,-0.716,-0.036,0.033,0.076,-0.069,-0.275,0.057,-0.028,0.035,-0.09,0.043,-0.053
Tsta3,-0.042,-1.134,-0.0,-0.148,0.341,-0.1,,0.349,-0.02,-0.043,-0.012,-0.103,0.224
Tstd2,0.048,,0.11,-0.041,0.117,-0.253,-0.704,-0.54,0.146,0.109,0.358,-0.197,-0.451
Ttbk2,-0.076,0.189,0.245,0.043,0.369,-0.113,0.564,0.303,0.007,0.235,0.152,0.256,-0.266
Ttc1,-0.088,0.021,-0.149,-0.022,0.282,0.087,0.032,0.204,-0.023,-0.005,0.005,-0.032,0.086
Ttc13,0.284,-0.073,0.387,0.146,0.43,-0.055,0.035,0.126,0.125,0.212,0.26,-0.049,-0.154
Ttc14,0.15,-0.32,0.198,0.107,-0.226,0.132,0.314,-0.049,-0.007,0.149,0.108,0.001,0.094
Ttc17,0.193,0.612,0.196,-0.259,0.418,0.176,-0.029,-0.242,0.074,0.223,-0.17,0.03,0.234
Ttc19,0.06,0.296,0.056,-0.042,0.182,0.107,0.394,0.083,0.013,0.023,0.13,0.085,0.118
Ttc21b,0.094,-0.872,0.298,0.132,-0.122,-0.148,0.42,-0.043,0.402,0.232,0.049,0.056,
Ttc27,-0.297,-0.632,0.227,-0.213,-0.296,0.077,-0.345,,-0.063,0.282,-0.206,0.011,-0.737
Ttc3,-0.003,0.282,0.096,-0.036,-0.081,0.106,0.485,0.263,0.052,0.065,0.063,-0.012,-0.047
Ttc30b,-0.402,-2.007,0.183,-0.107,1.452,0.533,1.075,,-0.18,0.083,-0.121,0.023,0.363
Ttc32,0.407,,-0.146,-0.038,-1.231,-0.132,,,-0.117,0.071,-0.506,-0.4,-1.122
Ttc33,-0.126,0.163,-0.16,-0.094,0.155,-0.095,0.513,-0.001,-0.086,-0.036,0.002,-0.299,-0.01
Ttc37,0.06,0.419,0.2,0.085,0.012,0.472,-0.111,-0.308,0.091,0.106,-0.116,-0.047,
Ttc39a,0.219,0.017,0.328,0.028,-0.705,0.376,-0.595,-0.02,0.264,0.057,-0.268,,
Ttc39b,0.2,0.522,0.333,0.04,0.617,-0.005,0.35,0.157,0.284,0.254,0.24,-0.344,-1.201
Ttc39c,-0.018,0.151,0.071,-0.096,0.347,-0.056,0.214,-0.27,-0.059,-0.025,-0.118,-0.391,0.111
Ttc4,-0.118,-0.271,0.121,-0.118,-0.295,0.027,0.442,0.258,0.03,-0.033,-0.026,-0.229,-0.133
Ttc5,-0.035,0.82,-0.131,-0.001,0.152,0.031,0.477,-0.104,-0.12,0.071,0.067,-0.034,0.046
Ttc7b,0.094,0.458,0.147,0.041,0.383,0.268,0.547,0.021,0.09,0.081,0.062,0.316,0.387
Ttc8,0.04,-0.502,0.228,-0.065,-0.923,0.023,-0.145,-0.35,0.114,0.038,-0.23,0.039,-0.218
Ttc9,0.163,-0.115,0.022,0.027,0.389,0.198,0.09,-0.741,-0.045,0.032,0.039,0.143,-1.387
Ttc9b,0.246,0.267,0.032,-0.007,0.299,-0.033,0.046,0.136,0.026,-0.114,-0.024,-0.349,-0.121
Ttc9c,-0.089,-0.152,0.057,-0.006,0.072,-0.043,0.513,-0.517,0.126,-0.03,-0.029,0.114,0.251
Ttf1,0.241,-0.434,-0.019,0.21,-0.325,-0.279,,0.354,-0.333,0.159,-0.239,0.001,0.007
Tti1,0.226,-0.434,0.163,0.007,0.595,-0.449,,,-0.317,0.197,0.665,-0.097,0.147
Ttl,0.091,-0.087,0.121,0.091,0.099,0.043,0.036,-0.191,0.065,0.178,0.067,-0.082,-0.123
Ttll1,0.102,0.076,0.009,-0.014,0.262,0.063,0.134,-0.115,-0.003,0.01,0.025,-0.252,0.115
Ttll11,-0.309,-0.122,0.122,0.185,-0.108,0.364,0.035,0.068,0.163,0.034,0.061,0.188,
Ttll12,0.269,-0.038,0.119,-0.022,0.039,0.261,0.253,-0.553,0.106,0.283,-0.137,0.063,-0.613
Ttll5,0.026,-0.28,0.302,0.196,1.187,0.075,0.472,0.375,-0.072,-0.003,0.311,0.058,-0.543
Ttll7,0.067,0.097,0.006,0.012,0.755,0.221,0.43,0.053,0.086,-0.036,0.187,-0.109,0.285
Ttpal,-0.147,0.293,0.105,0.237,-0.294,-0.131,-0.005,-0.484,0.178,0.185,0.078,0.151,0.04
Ttyh1,0.771,0.398,-0.165,-0.171,-0.125,1.329,-0.846,-0.631,-0.29,-0.044,0.324,0.099,0.071
Tub,0.185,-0.721,0.016,0.139,0.176,0.054,0.499,0.157,0.08,0.12,0.224,0.378,-0.121
Tuba1a,0.034,-0.113,-0.157,0.004,0.366,0.042,-0.128,-0.133,-0.049,0.059,-0.164,-0.408,0.005
Tuba1b,0.063,0.079,-0.072,0.0,0.353,0.049,-0.209,-0.104,0.008,0.036,-0.063,0.043,0.078
Tuba4a,0.145,-0.031,0.062,-0.121,0.943,0.117,-0.114,0.055,-0.073,0.147,0.131,0.171,-0.363
Tubb2a,-0.015,0.053,-0.209,0.015,0.666,0.029,0.068,-0.117,-0.089,0.082,-0.104,-0.196,0.212
Tubb2b,0.219,-0.075,-0.373,-0.032,0.258,0.048,0.258,-0.101,-0.019,0.015,-0.052,-0.218,0.112
Tubb3,0.123,0.141,-0.021,-0.016,0.421,0.057,0.038,-0.032,-0.008,0.044,-0.104,-0.098,-0.038
Tubb4a,0.054,-0.232,-0.084,0.055,0.319,0.107,0.062,-0.231,-0.047,0.04,0.052,0.069,0.043
Tubb4b,0.104,0.222,-0.095,0.029,0.731,0.036,-0.203,-0.307,-0.011,0.045,-0.133,-0.345,0.154
Tubb5,-0.036,-0.113,-0.126,-0.026,0.188,0.007,0.08,0.017,-0.01,-0.006,-0.052,0.039,-0.037
Tubb6,0.05,-0.302,,-0.131,0.255,-0.814,-0.577,,-0.306,-0.655,-0.53,-0.131,-1.339
Tubd1,0.049,1.389,-0.081,0.27,0.135,0.44,,,0.171,-0.131,0.034,,-0.457
Tubg1,0.099,0.538,0.042,0.035,0.05,0.069,0.106,-0.233,-0.075,0.026,-0.16,-0.213,-0.139
Tubg2,0.114,0.061,-0.022,-0.076,0.369,0.299,0.156,-0.453,-0.029,-0.075,0.076,-0.056,0.116
Tubgcp2,-0.075,0.912,0.141,-0.164,-0.304,-0.013,0.268,0.565,-0.001,0.026,-0.119,0.056,0.191
Tubgcp3,-0.212,0.122,0.19,-0.025,-0.221,0.163,-0.911,0.059,-0.218,0.025,0.19,0.005,0.281
Tubgcp4,0.208,,0.204,0.006,-0.51,-0.577,0.641,-0.045,-0.122,0.086,-0.022,0.044,0.063
Tubgcp5,-0.268,-0.002,0.185,0.191,-0.065,-0.258,0.801,-1.297,0.19,0.098,0.261,-0.106,0.372
Tubgcp6,0.054,-0.197,0.148,0.061,0.29,0.612,-1.966,0.432,0.041,0.254,0.059,0.134,
Tufm,0.169,0.84,0.028,-0.118,0.136,0.091,-0.191,-0.141,0.067,0.105,-0.121,0.075,-0.145
Tug1,-0.003,1.168,0.087,-0.024,-0.133,-0.124,0.393,-0.42,0.019,0.158,0.091,,
Tulp3,0.249,-0.515,0.083,-0.032,1.083,-0.246,-0.73,0.166,0.242,-0.045,-0.209,-0.2,0.094
Tulp4,-0.233,0.682,-0.0,-0.012,-0.293,0.013,0.492,0.122,0.058,0.063,0.169,0.066,-0.073
Tusc2,0.025,-0.12,-0.044,0.043,0.54,0.171,-0.115,-0.31,-0.017,-0.066,0.115,-0.087,0.294
Tusc3,-0.117,0.327,0.036,-0.044,-0.013,0.043,,0.183,-0.025,0.001,0.077,-0.115,0.086
Tut1,0.055,0.298,0.136,0.482,0.097,0.185,-0.086,,0.141,0.034,-0.252,0.126,-0.219
Twf1,-0.126,0.764,-0.094,0.138,-0.451,-0.323,0.576,-0.292,0.017,0.046,0.133,0.136,0.277
Twf2,-0.335,0.166,-0.075,0.083,0.216,0.011,-0.146,-0.076,0.025,0.014,-0.127,-0.213,-0.106
Twistnb,-0.121,1.58,0.037,-0.048,-0.297,-0.209,,0.102,-0.018,-0.065,-0.001,-0.082,-0.101
Twsg1,0.183,-0.789,0.048,0.086,-0.313,-0.264,0.13,0.265,0.19,0.23,-0.036,0.357,-0.555
Txlna,0.016,-0.47,0.124,0.036,-0.053,-0.203,-0.136,-0.074,0.176,0.09,0.01,-0.087,0.164
Txlng,-0.033,0.714,-0.003,0.135,-0.385,-0.285,0.418,0.097,0.004,0.006,0.049,-0.162,-0.406
Txn1,0.015,-0.03,-0.184,0.021,0.43,0.103,0.123,0.059,-0.103,-0.069,-0.123,-0.179,0.016
Txn2,-0.04,0.076,-0.171,-0.015,0.202,0.107,-0.181,0.128,0.013,-0.118,-0.022,0.014,0.078
Txndc11,0.267,1.004,0.15,-0.047,-0.299,-0.124,0.072,-0.35,0.063,0.215,0.083,-0.023,0.057
Txndc12,-0.127,0.377,0.037,-0.081,-0.365,-0.508,-0.099,0.032,-0.139,0.046,0.129,0.053,0.238
Txndc15,-0.095,-0.075,0.013,-0.044,0.039,-0.107,0.398,0.234,-0.007,0.015,-0.099,-0.186,-0.009
Txndc16,0.154,0.605,0.134,-0.24,-0.265,-0.027,0.275,-0.405,-0.212,0.22,0.059,0.165,0.006
Txndc17,-0.059,0.086,-0.106,-0.006,0.302,-0.008,-0.036,0.018,0.024,-0.117,-0.003,-0.29,-0.001
Txndc5,-0.078,0.046,0.255,0.025,-0.217,-0.0,0.371,0.068,0.143,0.168,0.169,0.008,-0.14
Txndc9,-0.049,-0.328,-0.151,-0.023,-0.061,-0.121,0.214,-0.514,-0.085,-0.034,-0.075,-0.321,-0.065
Txnip,-0.202,-0.478,-0.223,-0.219,-1.658,-0.44,-0.53,0.029,-0.217,-0.13,0.108,0.494,-0.016
Txnl1,0.075,0.269,-0.131,-0.084,0.106,-0.15,0.221,-0.147,-0.03,-0.024,-0.033,-0.112,0.152
Txnl4a,0.054,-0.231,-0.133,-0.066,0.115,0.129,-0.166,0.024,-0.06,-0.114,-0.03,-0.296,-0.105
Txnl4b,0.348,0.098,0.005,-0.071,0.503,-0.178,-0.087,-0.584,0.024,-0.118,-0.051,0.272,-0.19
Txnrd1,-0.05,-0.084,0.021,0.07,0.023,0.099,-0.001,0.078,-0.022,0.02,0.071,-0.036,-0.035
Txnrd2,-0.183,-0.801,-0.083,-0.064,0.239,0.097,-0.286,0.056,-0.056,-0.027,0.107,-0.083,0.23
Txnrd3,0.085,-0.403,0.05,-0.034,-0.048,0.075,0.026,,0.043,-0.09,-0.194,0.242,
Tyro3,0.412,-0.174,0.405,-0.195,0.373,0.662,0.085,-0.555,0.122,0.385,-0.037,0.062,-0.271
Tysnd1,0.44,0.544,0.026,-0.017,0.555,-0.074,-0.372,0.339,-0.058,0.051,-0.046,-0.162,-0.005
Tyw1,-0.107,-0.501,0.075,-0.257,0.128,0.381,0.306,0.454,-0.204,0.003,0.19,0.072,-0.228
Tyw3,0.35,0.504,0.041,0.446,-0.664,-0.04,,,0.322,-0.05,-0.149,0.112,0.385
U2af1,0.018,-0.534,-0.203,-0.1,-0.148,-0.156,-0.244,0.099,-0.042,-0.108,-0.113,-0.067,0.014
U2af1l4,0.018,-0.422,-0.151,-0.032,0.161,-0.037,,,-0.106,-0.108,-0.044,,0.321
U2af2,-0.028,0.884,-0.025,0.005,-0.192,-0.003,0.055,0.018,0.026,0.031,-0.113,0.192,0.1
Uap1,-0.144,-0.068,0.043,-0.055,0.562,0.029,-0.171,0.008,-0.001,0.035,0.077,0.162,-0.113
Uap1l1,0.209,0.794,-0.071,0.045,2.821,-0.503,-1.089,-0.275,-0.062,0.01,-0.045,-0.282,-0.731
Uba1,0.065,-0.133,0.103,-0.069,0.084,0.158,0.143,-0.123,0.022,0.175,0.007,0.054,0.077
Uba2,0.033,0.175,0.015,-0.023,-0.036,-0.172,0.394,-0.162,-0.121,0.087,-0.09,0.069,0.052
Uba3,0.024,-0.279,0.206,0.098,-0.173,0.201,0.417,-0.084,-0.022,0.073,-0.001,0.134,-0.105
Uba5,-0.085,0.494,-0.027,0.116,0.19,-0.003,0.363,-0.154,-0.048,-0.033,0.014,-0.155,0.055
Uba52,0.102,0.158,-0.106,-0.031,-0.306,-0.152,-0.63,0.364,-0.022,-0.119,-0.043,-0.509,-0.021
Uba6,0.169,0.711,0.135,0.047,-0.161,0.01,0.483,-0.336,0.152,0.122,0.153,0.083,-0.013
Ubac1,0.165,-0.171,-0.067,-0.062,0.074,0.117,0.124,-0.93,-0.033,-0.106,-0.119,-0.195,0.024
Ubac2,-0.098,0.232,0.132,0.091,-0.259,0.103,0.599,-0.158,0.056,0.061,-0.068,0.268,0.141
Ubap1,-0.015,1.296,0.028,-0.017,0.118,-0.012,-0.007,-0.179,0.086,0.021,-0.034,0.168,-0.015
Ubap2,0.159,0.095,0.039,0.073,0.038,0.104,0.803,-0.163,0.09,0.064,0.057,0.032,0.176
Ubap2l,-0.098,-0.41,-0.044,0.107,-0.203,-0.07,0.368,0.223,0.045,0.021,-0.003,-0.062,-0.166
Ubash3b,0.01,0.192,-0.076,0.186,0.948,0.057,0.323,0.402,0.006,0.136,0.129,0.358,0.102
Ubb,-0.02,-1.005,-0.204,-0.075,0.151,-0.048,-0.316,0.042,-0.126,-0.026,-0.165,-0.399,0.021
Ubc,0.015,0.085,-0.116,0.075,0.157,0.024,-0.351,-0.386,-0.052,0.227,-0.14,-0.08,0.035
Ube2a,0.094,-0.686,-0.133,-0.024,0.244,0.146,-0.033,-0.987,-0.069,-0.082,-0.072,-0.158,-0.037
Ube2b,-0.12,-0.263,-0.087,-0.024,0.093,-0.083,0.254,0.046,-0.044,-0.083,-0.062,-0.104,-0.05
Ube2d1,-0.009,-0.706,-0.04,-0.013,0.231,-0.027,0.59,0.276,-0.07,-0.091,-0.054,-0.144,-0.05
Ube2d3,-0.133,0.119,0.013,-0.027,-0.177,0.001,-0.057,-0.053,0.006,0.005,0.012,-0.058,-0.034
Ube2e1,-0.208,,-0.072,0.04,0.113,0.032,0.274,0.086,-0.029,-0.035,-0.016,0.08,-0.038
Ube2e2,0.015,-0.191,0.083,-0.044,0.151,-0.076,0.249,0.108,-0.022,-0.106,0.103,0.0,0.076
Ube2e3,-0.071,-0.747,-0.169,-0.158,-0.595,-0.358,0.01,0.032,-0.091,-0.067,0.034,0.0,-0.04
Ube2f,-0.113,0.081,-0.059,-0.067,0.378,0.065,0.195,-0.271,0.067,-0.049,-0.035,-0.113,0.059
Ube2g1,0.006,0.187,0.064,-0.015,0.071,-0.067,-0.112,0.45,-0.047,0.054,0.08,0.099,0.004
Ube2g2,-0.226,0.799,0.09,0.035,-0.251,0.262,-0.191,0.293,-0.028,0.16,0.007,0.084,0.043
Ube2h,0.036,-0.143,0.067,-0.009,0.042,-0.029,0.065,0.134,0.079,-0.007,-0.046,0.137,0.046
Ube2i,0.183,0.672,-0.07,-0.108,-0.239,-0.069,0.163,-0.547,-0.018,-0.082,-0.089,-0.097,-0.114
Ube2j1,0.135,-0.124,0.094,-0.025,-0.034,-0.057,-0.268,-0.18,0.036,0.027,0.02,0.086,0.052
Ube2j2,-0.007,0.063,-0.037,-0.009,0.18,-0.095,-0.052,-0.358,0.02,-0.045,0.062,0.06,-0.011
Ube2k,-0.13,-0.192,0.002,-0.038,-0.127,-0.036,0.158,0.15,-0.049,-0.012,-0.023,-0.097,-0.07
Ube2l3,-0.041,0.461,-0.078,-0.033,0.02,0.026,0.038,0.066,-0.03,-0.049,0.009,0.076,-0.106
Ube2l6,0.03,-0.421,-0.099,-0.009,0.401,-0.059,0.012,-0.336,-0.131,0.007,-0.023,0.138,0.148
Ube2m,-0.044,-0.102,-0.098,0.005,0.343,-0.01,0.052,0.028,0.042,-0.096,0.012,-0.207,-0.022
Ube2n,0.035,-0.079,-0.044,-0.006,-0.045,-0.029,0.131,0.051,0.002,-0.034,0.033,-0.143,-0.01
Ube2o,0.006,0.145,0.149,0.065,0.054,-0.049,0.224,0.064,0.053,0.117,0.068,0.13,-0.0
Ube2q1,0.182,-0.109,-0.005,0.029,-0.2,0.001,0.294,-0.111,0.202,-0.007,0.026,0.166,0.176
Ube2q2,0.095,-0.207,-0.033,-0.003,0.108,-0.011,0.174,-0.254,0.029,-0.064,-0.002,0.012,-0.168
Ube2ql1,0.137,0.037,-0.177,0.087,1.713,0.382,0.11,0.091,0.104,0.093,0.013,,
Ube2r2,-0.065,0.235,-0.109,-0.032,0.053,0.136,0.223,-0.03,-0.017,-0.024,0.133,-0.045,-0.088
Ube2s,-0.248,,-0.14,-0.033,-0.234,-0.014,-0.26,0.076,0.003,-0.055,-0.087,-0.118,-0.103
Ube2t,-0.165,-2.511,0.206,-0.024,-1.382,-1.11,-0.163,,-0.059,-0.268,-0.143,-0.339,-0.368
Ube2v1,0.071,,-0.04,-0.013,-0.074,-0.047,-0.525,,-0.011,-0.033,0.006,-0.289,0.128
Ube2v2,-0.072,-0.557,-0.076,-0.027,0.116,-0.093,0.385,-0.303,-0.02,-0.096,-0.056,-0.047,0.108
Ube2w,-0.051,-0.64,0.018,-0.07,0.322,-0.209,0.287,0.099,-0.003,-0.091,-0.025,-0.094,0.102
Ube2z,-0.018,-0.226,0.115,0.183,0.014,-0.095,-0.026,-0.041,0.077,0.217,0.102,0.26,0.019
Ube3a,-0.169,-0.151,0.054,0.042,-0.056,-0.089,0.438,0.12,0.051,0.02,0.084,-0.044,-0.014
Ube3b,0.484,0.241,0.362,-0.039,0.261,0.135,-0.013,0.393,0.046,0.145,0.35,0.15,-0.738
Ube3c,0.256,-0.141,0.237,0.102,-0.219,-0.146,-0.117,0.082,0.018,0.124,0.182,0.12,0.078
Ube4a,-0.05,-0.39,0.245,0.114,-0.324,0.176,0.556,-0.066,-0.0,0.261,0.214,-0.038,0.229
Ube4b,-0.048,0.276,0.191,0.025,-0.023,0.099,0.176,-0.205,0.057,0.103,0.046,0.198,-0.022
Ubfd1,-0.053,0.454,0.144,0.049,0.324,-0.301,0.517,-0.386,0.088,0.093,0.042,0.23,0.099
Ubl3,0.033,0.157,0.049,0.108,0.187,0.253,0.331,-0.104,0.045,0.007,0.11,0.082,-0.141
Ubl5,0.003,-0.057,-0.132,-0.052,-0.082,-0.016,-0.217,-0.036,0.025,-0.12,0.012,-0.337,0.052
Ubl7,-0.093,,-0.121,-0.041,0.036,0.208,-0.137,-0.147,-0.157,0.023,-0.011,-0.031,-0.079
Ublcp1,0.066,-0.198,0.013,-0.03,-0.406,0.036,0.247,-0.459,-0.025,0.01,-0.069,-0.015,0.052
Ubn1,-0.1,-0.083,-0.088,-0.058,-0.066,-0.143,0.345,0.175,0.039,0.004,-0.198,-0.104,-0.1
Ubn2,0.05,-0.681,0.088,0.146,-0.336,0.206,0.217,0.108,0.082,0.137,-0.032,-0.023,-0.055
Ubp1,0.294,-0.002,0.108,0.229,-0.412,0.018,-0.381,-0.188,-0.015,0.151,0.039,0.104,-0.189
Ubqln1,0.264,-0.146,0.026,-0.025,0.374,0.164,0.054,-0.381,0.074,0.112,0.147,0.172,0.068
Ubqln2,-0.147,-0.284,-0.02,-0.006,-0.004,-0.119,0.244,-0.172,-0.029,0.128,0.014,0.239,0.068
Ubqln4,0.165,-0.263,0.105,-0.074,0.04,0.031,0.381,0.716,0.032,0.223,-0.04,0.326,-0.283
Ubr1,0.025,-0.093,0.151,-0.068,-0.34,0.27,0.456,-0.293,0.076,0.101,0.116,0.036,-0.033
Ubr2,-0.238,-0.337,0.152,0.002,-0.645,0.121,0.447,0.019,0.117,0.104,-0.087,0.035,0.313
Ubr3,-0.057,0.409,0.207,0.0,0.106,0.182,0.608,-0.006,0.122,0.191,0.17,0.066,-0.169
Ubr4,0.104,0.525,0.171,-0.026,-0.078,0.117,0.232,0.072,0.043,0.162,0.09,0.126,0.092
Ubr5,0.036,0.773,0.128,0.077,0.364,0.051,0.277,-0.103,0.066,0.289,-0.019,-0.14,0.095
Ubr7,0.381,-0.167,-0.012,-0.103,-0.407,-0.116,0.037,0.019,0.101,0.076,0.082,0.089,-0.001
Ubtd1,0.016,-0.083,0.031,0.024,0.732,0.475,-0.2,0.081,-0.082,0.007,-0.061,-0.302,0.246
Ubtf,-0.136,-0.279,-0.111,-0.038,-0.269,-0.022,-0.01,0.091,0.024,0.095,-0.109,0.188,0.005
Ubxn1,0.042,-0.269,-0.217,-0.083,0.155,-0.099,0.087,0.051,-0.049,-0.098,0.021,-0.041,0.005
Ubxn2a,0.099,0.065,-0.024,-0.054,0.063,0.102,0.555,0.188,-0.021,-0.064,0.024,-0.169,-0.071
Ubxn2b,0.274,-0.244,0.261,0.057,-0.049,-0.278,0.484,0.023,0.013,0.091,0.227,0.22,-0.115
Ubxn4,0.032,-0.268,0.045,-0.023,0.034,-0.04,0.209,-0.034,0.027,0.038,-0.084,-0.035,-0.139
Ubxn6,-0.038,-0.225,-0.124,0.01,0.31,-0.03,0.012,-0.253,-0.038,-0.028,-0.086,-0.054,0.091
Ubxn7,-0.515,-0.371,0.062,-0.18,-0.322,-0.136,0.533,-0.009,0.015,0.079,0.22,0.227,0.23
Ubxn8,-0.081,-0.434,0.054,-0.067,-0.153,0.5,-0.003,-0.687,0.052,0.062,-0.155,-0.208,-0.229
Uchl1,-0.066,0.041,-0.143,-0.055,0.194,-0.007,-0.111,-0.037,-0.066,0.011,-0.038,-0.165,-0.035
Uchl3,-0.107,-0.819,-0.055,-0.02,0.205,-0.126,0.005,0.098,-0.056,-0.112,-0.007,-0.254,-0.168
Uchl5,-0.053,-0.367,-0.044,-0.069,0.026,0.136,0.09,0.141,-0.099,-0.081,-0.001,-0.139,0.076
Uck1,0.169,-0.09,0.109,0.076,-0.158,-0.493,-0.375,-0.004,-0.087,-0.002,0.087,0.17,-0.043
Uck2,-0.091,-0.363,0.094,0.032,-0.006,0.113,0.023,0.523,-0.006,0.04,-0.014,0.283,-0.137
Uckl1,-0.114,-0.708,-0.009,-0.198,0.064,0.195,-0.147,0.175,-0.099,0.019,-0.07,-0.093,-0.162
Ucp2,0.01,0.299,-0.333,-0.017,-0.353,-0.009,-0.388,-0.898,-0.047,-0.052,-0.33,0.021,-0.026
Uevld,0.142,0.031,0.18,0.043,0.09,-0.311,0.832,,0.04,-0.007,0.373,0.076,
Ufc1,0.074,-0.045,-0.148,-0.084,0.155,-0.11,0.156,-0.226,-0.08,-0.108,-0.025,-0.263,-0.027
Ufm1,-0.172,0.124,-0.012,-0.061,0.292,0.098,-0.08,-0.248,0.016,-0.09,-0.033,-0.075,-0.203
Ufsp1,0.053,0.185,0.153,0.095,0.921,-0.059,0.384,0.172,0.183,0.266,0.069,0.247,0.005
Ufsp2,-0.014,-0.432,0.075,-0.011,-0.002,-0.112,0.143,0.056,-0.153,-0.066,-0.168,-0.433,-0.11
Ugcg,0.06,0.436,0.175,-0.098,-0.366,0.099,0.307,-0.36,-0.005,0.277,-0.119,-0.065,-0.263
Ugdh,-0.136,0.177,-0.021,-0.026,-0.106,0.118,-0.323,-0.05,0.044,0.071,0.064,-0.003,0.13
Uggt1,-0.053,-0.084,0.348,0.123,0.12,0.179,0.275,0.463,0.146,0.321,0.122,0.115,-0.571
Uggt2,-0.031,-0.219,0.16,-0.001,-0.072,0.226,0.658,0.338,0.05,0.032,0.148,0.082,0.08
Ugp2,-0.19,0.002,0.063,0.068,-0.048,0.101,0.232,-0.04,-0.096,0.012,-0.164,-0.186,-0.01
Uhmk1,-0.007,-0.977,0.263,0.19,0.643,0.287,0.278,0.299,0.059,0.175,0.214,0.192,0.275
Uhrf1bp1l,0.106,0.123,0.088,0.224,-0.002,0.222,0.451,0.009,0.35,0.132,0.462,-0.028,-0.29
Uhrf2,-0.107,-0.076,0.04,0.029,-0.365,-0.195,0.127,0.144,-0.013,0.112,-0.027,0.185,0.002
Uimc1,0.33,-1.668,-0.063,0.089,-0.348,-0.216,0.075,-0.231,-0.077,0.048,0.071,-0.01,-0.343
Ulk1,0.298,0.161,0.125,-0.065,-0.041,-0.03,0.512,0.254,0.078,0.273,0.123,0.33,-0.265
Ulk2,0.037,0.102,0.076,-0.003,-0.089,-0.015,0.201,-0.34,0.003,-0.004,0.095,0.077,-0.11
Ulk3,0.533,0.461,0.25,-0.069,1.048,0.554,0.678,0.438,0.042,0.024,0.196,-0.124,0.226
Umps,0.097,0.316,0.007,0.137,-0.477,-0.028,-0.115,0.11,-0.057,-0.088,0.157,0.279,0.119
Unc119,0.108,-0.346,-0.16,0.024,0.205,-0.081,0.099,-0.82,-0.008,-0.012,0.081,-0.089,0.001
Unc119b,-0.289,0.268,-0.063,-0.037,-0.819,0.121,0.25,-0.103,0.156,0.098,0.014,0.035,-0.759
Unc13a,0.203,-0.824,0.314,0.132,0.347,0.308,0.36,0.059,0.016,0.352,0.105,0.087,0.025
Unc45a,-0.408,-0.597,0.12,0.039,-0.17,0.207,0.165,-0.082,-0.015,0.269,0.13,0.057,-0.114
Unc50,-0.074,0.199,0.06,0.007,0.271,-0.22,0.437,-0.142,-0.042,0.018,-0.069,-0.082,-0.003
Unc5c,-0.107,-0.041,0.134,-0.113,-0.221,0.107,0.975,0.307,-0.01,0.254,-0.246,0.355,0.218
Unc80,0.02,0.11,0.206,-0.053,-0.327,-0.179,0.727,0.127,0.059,0.195,0.129,0.248,0.074
Unkl,-0.018,,0.197,0.187,0.26,-0.22,0.35,0.517,-0.029,0.212,0.073,0.505,-0.437
Upf1,0.347,-1.28,0.055,0.096,-0.679,-0.177,-0.031,-0.92,0.11,0.152,0.068,0.32,-0.455
Upf2,-0.253,0.14,0.114,-0.045,-0.487,-0.083,0.413,0.087,-0.058,-0.032,-0.043,-0.198,0.473
Upf3a,-0.011,0.111,-0.225,-0.15,-0.151,-0.219,0.15,-0.441,0.05,-0.116,-0.009,-0.113,-0.022
Upf3b,0.048,-0.056,-0.133,0.017,-0.25,0.154,0.306,0.149,-0.129,-0.015,0.083,-0.001,-0.112
Upp2,-0.818,,0.076,0.027,0.026,0.063,0.327,-0.027,0.083,-0.029,0.128,-0.136,-0.328
Uqcr10,-0.015,0.026,-0.137,0.029,0.298,-0.035,-0.2,-0.359,-0.014,-0.147,-0.001,-0.264,0.029
Uqcr11,0.045,0.235,-0.162,-0.012,0.258,0.071,-0.284,-0.117,-0.045,-0.13,-0.044,-0.384,-0.011
Uqcrb,-0.018,0.412,-0.161,-0.058,0.175,0.04,0.021,-0.166,-0.07,-0.118,-0.065,-0.253,0.066
Uqcrc1,-0.0,-0.137,-0.034,-0.051,0.338,0.012,-0.143,-0.118,-0.076,0.044,-0.154,-0.073,0.038
Uqcrc2,-0.007,0.071,-0.025,-0.008,0.257,-0.047,0.145,-0.312,-0.102,0.012,-0.082,-0.175,0.119
Uqcrfs1,-0.005,0.197,-0.166,-0.048,0.302,-0.011,0.027,-0.048,-0.048,-0.086,-0.018,-0.232,0.007
Uqcrh,0.073,0.174,-0.192,-0.024,0.103,-0.074,-0.181,-0.281,0.002,-0.129,-0.028,-0.371,0.056
Uqcrq,-0.005,0.101,-0.169,-0.037,0.378,0.0,-0.235,-0.285,-0.0,-0.138,-0.039,-0.28,0.013
Urb2,0.008,-0.702,0.353,-0.578,-0.753,-0.498,0.811,,-0.179,0.377,-0.013,0.154,
Urgcp,0.135,-0.336,0.154,0.106,0.145,-0.14,0.186,0.471,0.113,0.134,0.059,0.078,-0.185
Urm1,-0.123,0.072,-0.009,-0.059,0.195,-0.299,-0.194,0.168,-0.153,-0.002,-0.021,-0.137,0.154
Urod,-0.067,-0.446,0.054,0.026,0.252,0.036,-0.156,0.094,-0.134,0.04,-0.171,0.057,-0.156
Uros,-0.069,-0.434,-0.082,0.179,0.437,0.37,0.188,0.459,-0.106,-0.132,0.249,0.089,-0.068
Use1,-0.036,0.098,-0.188,-0.066,0.058,-0.234,-0.155,-0.078,-0.058,-0.119,-0.063,-0.335,-0.022
Usf1,0.317,0.029,-0.019,0.104,-0.469,-0.048,0.129,0.03,-0.088,-0.036,-0.113,-0.016,-0.368
Usf2,0.081,0.637,0.022,0.045,-0.177,-0.12,0.157,-0.071,-0.032,0.036,-0.065,0.292,-0.124
Uso1,-0.072,0.366,0.118,0.055,-0.45,0.092,0.183,-0.029,0.11,0.151,0.03,0.054,0.115
Usp1,0.367,0.027,-0.162,-0.082,-1.264,-0.339,0.349,,0.088,-0.169,-0.064,-0.098,0.072
Usp10,-0.058,-0.045,-0.004,0.084,-0.171,-0.029,0.148,-0.275,0.045,0.022,0.136,0.019,-0.838
Usp11,-0.387,-0.43,-0.127,-0.055,-0.443,-0.044,-0.11,-0.415,-0.022,-0.052,0.075,-0.004,0.172
Usp12,0.011,-1.602,0.103,0.046,0.468,0.03,0.046,-0.008,0.11,0.097,0.14,0.051,-0.03
Usp13,0.234,0.244,0.164,-0.153,0.995,-0.061,0.089,-0.446,-0.01,0.079,0.046,0.097,0.291
Usp14,0.026,-0.521,0.096,0.013,0.096,-0.038,0.176,0.131,-0.034,0.072,0.066,-0.115,0.065
Usp15,0.093,0.021,0.047,-0.016,0.035,0.028,0.544,-0.248,-0.021,0.018,0.003,-0.016,0.14
Usp16,0.148,-0.979,0.056,-0.082,-0.331,-0.06,-0.129,0.233,-0.051,0.031,-0.044,-0.065,-0.207
Usp19,0.004,0.05,0.126,-0.162,-0.491,-0.094,0.123,0.027,0.019,0.14,0.032,0.238,-0.082
Usp2,-0.077,-0.438,0.162,-0.25,-1.165,0.91,0.317,0.34,0.147,-0.04,-0.085,-0.084,
Usp20,-0.188,0.407,0.29,0.042,0.308,0.138,0.341,0.027,0.17,0.16,0.221,0.042,0.027
Usp21,0.034,0.629,0.106,0.179,-1.161,0.178,0.889,-0.26,-0.125,0.003,0.151,0.156,-0.302
Usp22,0.035,-0.193,0.143,0.09,-0.287,-0.019,0.366,0.072,0.005,0.225,0.044,0.156,-0.106
Usp25,-0.056,0.378,0.091,-0.276,0.125,0.294,0.035,0.29,0.218,0.062,0.161,0.083,-0.336
Usp28,-0.158,-2.371,0.107,0.444,0.031,-0.252,-0.995,0.518,-0.064,-0.142,-0.128,0.126,-0.616
Usp3,0.226,1.559,0.237,0.025,-0.506,0.011,-0.814,0.137,0.047,0.005,0.043,0.082,0.024
Usp30,0.15,-0.152,0.213,-0.219,0.151,0.13,-0.425,-0.679,-0.045,0.171,0.104,0.214,-0.372
Usp31,0.019,0.456,0.189,0.102,0.141,0.085,0.505,-0.147,0.05,0.109,0.148,0.217,0.208
Usp32,0.14,0.216,0.128,0.043,0.763,0.021,0.498,0.054,0.008,0.209,0.207,0.187,0.051
Usp33,0.175,-0.456,0.23,0.115,-0.038,-0.063,0.457,0.462,0.081,0.116,0.119,-0.032,0.225
Usp34,0.044,0.126,0.128,0.041,0.093,-0.081,0.643,0.125,0.039,0.118,0.123,0.014,-0.094
Usp35,0.165,0.171,0.236,0.237,-0.305,0.251,0.051,-0.345,0.253,0.168,-0.093,-0.036,
Usp36,0.63,0.661,0.113,0.051,-0.554,-0.138,0.463,-0.327,0.076,0.34,0.126,0.282,-0.247
Usp37,0.182,-0.237,0.122,-0.042,-0.537,-0.277,0.367,0.176,-0.176,0.18,0.395,0.12,-0.207
Usp38,-0.665,-0.13,0.138,0.03,-0.414,0.196,-0.15,-0.402,0.199,0.231,0.092,0.211,
Usp39,-0.048,-0.802,-0.034,0.013,0.295,-0.205,-0.017,-0.483,0.017,0.013,-0.065,-0.03,-0.056
Usp4,0.077,-0.106,0.181,0.034,-0.146,-0.014,0.102,-0.123,0.075,0.179,0.147,0.121,-0.053
Usp40,-0.271,-1.447,0.188,0.059,0.114,-0.087,-0.063,-0.032,-0.154,0.162,0.241,0.076,-0.446
Usp42,0.169,0.828,0.018,-0.119,-0.009,0.139,-1.718,0.734,-0.143,0.111,-0.027,0.094,-0.395
Usp45,-0.114,0.453,0.254,0.074,0.366,0.283,0.246,-0.11,0.164,0.248,0.318,-0.075,-1.147
Usp46,0.197,0.887,0.051,0.074,-0.057,0.115,0.278,-0.318,-0.183,-0.007,0.108,-0.198,-0.336
Usp47,0.305,0.243,0.143,0.03,-0.074,0.065,0.051,0.131,0.092,0.13,0.111,-0.155,-0.153
Usp48,-0.103,0.149,0.217,-0.003,-0.048,0.278,-0.037,-0.095,0.144,0.226,0.251,-0.049,-0.271
Usp5,-0.076,-0.275,0.097,0.055,0.368,0.217,-0.081,-0.106,0.071,0.19,0.055,0.054,0.067
Usp53,0.129,,-0.025,0.019,-0.33,-0.039,0.151,-0.451,0.053,0.141,0.22,-0.074,-0.203
Usp6nl,0.071,0.184,-0.016,0.059,-0.384,0.05,-0.068,-0.268,0.088,0.13,0.2,-0.002,-0.944
Usp7,-0.035,-0.805,0.113,0.09,0.247,0.074,0.222,-0.018,-0.018,0.153,0.075,0.057,0.266
Usp8,-0.15,-0.385,0.064,0.097,0.232,0.412,0.092,-0.048,-0.019,0.018,0.117,0.011,0.171
Usp9x,0.013,-0.44,0.147,0.06,0.151,0.052,0.407,-0.155,0.073,0.245,0.085,0.109,0.024
Uspl1,-0.113,-0.012,0.092,0.029,-0.105,0.192,0.296,0.105,-0.088,0.158,0.174,0.032,0.277
Utp14a,-0.142,0.205,-0.066,-0.111,-0.147,0.005,0.883,0.11,-0.1,-0.025,-0.16,-0.066,0.236
Utp14b,-0.027,,-0.279,0.258,0.221,0.008,-0.642,0.67,0.265,0.142,0.047,0.169,
Utp15,-0.236,-0.498,0.075,0.093,0.234,-0.065,-0.156,0.161,0.062,0.167,0.019,0.109,-0.364
Utp18,-0.486,-1.068,-0.032,0.03,0.067,-0.247,0.012,0.568,-0.054,-0.069,-0.12,-0.031,-0.162
Utp23,-0.331,-0.26,0.042,0.067,-0.163,0.28,-0.895,,-0.186,0.033,-0.296,0.051,0.054
Utp3,0.073,-0.262,-0.296,-0.085,-0.032,-0.026,-0.298,-0.092,-0.105,-0.064,-0.011,-0.091,-0.131
Utp6,-0.044,0.084,0.044,0.088,-0.105,0.257,0.001,,0.106,0.148,0.094,0.127,-0.408
Utrn,0.212,-0.003,0.092,0.011,0.062,0.055,-0.056,-0.426,-0.075,0.078,0.56,0.165,-0.213
Uty,0.267,0.228,0.083,0.199,0.22,-0.111,-0.725,-0.008,-0.034,0.112,-0.051,0.082,-0.843
Uvrag,0.12,-0.236,0.118,-0.006,-0.622,0.137,0.469,-0.081,0.089,0.009,0.07,0.115,-0.115
Uxs1,0.404,0.318,0.175,0.009,0.212,-0.287,0.255,-0.189,0.144,0.129,-0.018,-0.071,0.115
Uxt,-0.032,-1.188,-0.082,0.128,0.661,-0.211,-0.294,,0.004,-0.111,-0.253,-0.2,-0.181
Vac14,-0.317,0.452,0.133,0.257,-0.031,0.028,0.442,0.293,0.04,0.103,0.084,0.03,0.103
Vamp1,0.176,0.051,0.243,0.03,0.517,-0.326,-0.18,0.187,0.141,0.11,-0.087,0.498,-0.129
Vamp2,-0.031,-0.049,-0.182,0.029,0.439,0.269,0.129,0.036,0.012,0.004,0.058,0.033,0.063
Vamp3,-0.022,-0.417,-0.012,-0.031,-0.065,-0.055,0.14,-0.234,0.026,-0.074,0.078,-0.027,-0.009
Vamp4,-0.104,0.805,-0.058,-0.024,0.003,-0.091,0.149,-0.311,-0.041,-0.063,0.023,0.262,0.245
Vamp7,0.025,,-0.089,-0.031,0.397,0.061,,0.338,-0.039,-0.023,0.067,-0.175,0.058
Vamp8,0.32,-0.411,-0.344,-0.249,-1.066,-1.886,-1.076,,-0.725,-0.102,-0.057,-0.355,-0.334
Vapa,-0.095,-0.185,-0.187,-0.024,0.142,-0.01,0.266,-0.07,-0.08,-0.067,-0.135,-0.078,0.018
Vapb,-0.072,0.435,-0.061,-0.016,0.504,-0.017,0.288,0.22,0.018,-0.004,-0.069,-0.022,0.051
Vars,0.151,-0.123,0.292,0.061,-0.105,0.267,-0.027,0.089,-0.11,0.269,-0.002,0.328,-0.091
Vash1,0.08,0.195,0.197,-0.389,-0.311,0.414,,-0.382,-0.057,-0.055,0.163,-0.16,-0.291
Vasp,-0.402,0.263,0.181,-0.034,0.295,0.089,-0.167,-0.168,0.068,0.022,0.037,-0.199,-0.181
Vat1,-0.129,-0.039,-0.067,0.039,0.477,0.132,0.187,0.153,0.052,0.085,0.097,-0.002,0.093
Vat1l,0.149,0.125,0.633,0.027,0.284,0.122,0.091,-0.281,0.083,0.286,0.167,0.569,0.146
Vbp1,0.004,0.079,-0.099,0.023,0.098,0.011,0.157,-0.539,-0.005,-0.065,-0.014,-0.224,0.12
Vcl,-0.057,0.43,-0.083,-0.078,0.26,-0.056,-0.013,-0.003,0.005,0.071,0.29,-0.115,-0.143
Vcp,-0.062,-0.066,-0.068,0.031,0.255,0.107,-0.174,-0.233,0.054,0.183,0.064,0.157,0.022
Vcpip1,-0.206,-0.06,0.199,-0.266,0.018,-0.109,0.586,0.26,0.098,0.174,0.182,0.088,0.121
Vdac1,0.133,0.261,-0.072,-0.029,0.172,0.01,0.234,-0.015,-0.011,-0.045,-0.021,0.122,-0.0
Vdac2,0.027,-0.098,-0.112,-0.056,0.232,-0.01,0.064,-0.057,-0.072,-0.084,-0.138,-0.281,-0.014
Vdac3,-0.018,-0.071,-0.047,-0.011,0.282,0.013,0.289,0.011,-0.065,-0.046,-0.087,-0.252,0.038
Vegfa,-0.11,0.36,0.144,-0.074,-0.077,0.292,-0.116,-0.158,0.078,0.13,0.012,0.099,
Vegfb,0.029,-0.001,-0.018,0.047,-0.077,-0.341,0.245,0.131,0.034,-0.112,0.089,-0.057,-0.207
Vezf1,-0.038,-0.603,-0.019,-0.084,-0.393,-0.027,0.572,-0.14,0.158,0.022,0.048,0.186,-0.177
Vezt,0.1,0.331,0.043,0.074,-0.222,0.109,0.484,-0.01,0.092,0.193,0.212,-0.072,0.075
Vgf,-0.145,-0.297,0.221,-0.133,0.701,-0.089,0.373,0.32,0.268,0.384,-0.082,0.3,0.154
Vgll4,0.028,,-0.034,0.041,-0.112,-0.031,0.297,0.134,-0.145,-0.079,-0.057,0.159,-0.149
Vhl,-0.085,-0.391,0.06,-0.109,0.635,0.08,-0.867,,0.07,0.148,-0.019,0.091,0.006
Vim,0.173,-0.713,-0.251,-0.152,-0.182,0.111,-0.615,-0.739,-0.105,-0.114,-0.06,-0.326,-0.49
Vkorc1,0.278,-0.157,0.006,-0.124,-0.194,-0.162,0.237,0.378,-0.004,-0.051,0.067,-0.116,-0.039
Vldlr,-0.084,-1.307,0.262,-0.286,-1.802,-0.83,-0.898,,-0.017,-0.049,0.047,,0.356
Vma21,-0.084,-0.203,0.056,-0.036,-0.425,-0.007,0.307,0.162,-0.014,-0.068,-0.088,-0.0,-0.123
Vmac,-0.815,0.098,0.024,0.083,0.606,-0.123,0.203,,0.067,0.058,-0.184,0.271,-0.121
Vmp1,-0.069,-0.207,0.182,-0.139,0.206,-0.035,-0.105,0.242,-0.024,0.09,0.0,-0.081,-0.123
Vopp1,-0.229,0.267,0.094,0.016,-0.279,-0.096,0.445,-0.572,-0.014,0.122,0.133,0.06,0.019
Vps11,0.228,0.438,0.124,-0.048,0.213,-0.039,0.034,-0.119,0.121,0.224,-0.017,0.17,-0.106
Vps13a,0.171,0.013,0.091,0.004,-0.007,0.083,0.274,-0.134,0.038,0.048,0.114,-0.159,0.351
Vps13b,0.026,-0.516,0.177,-0.09,0.042,-0.082,1.182,-0.23,-0.045,0.265,0.095,0.122,0.16
Vps13c,-0.278,1.125,0.055,-0.018,-0.083,-0.181,0.493,0.069,0.068,0.091,0.184,-0.112,
Vps13d,0.02,0.038,0.185,0.134,0.398,-0.019,0.302,-0.253,0.106,0.3,0.056,0.176,0.268
Vps16,-0.127,0.442,0.09,0.126,0.21,-0.158,-0.425,0.295,0.108,0.107,-0.206,-0.129,0.024
Vps18,0.021,0.557,0.299,0.395,0.849,0.303,0.114,0.474,0.09,0.264,-0.047,-0.045,0.009
Vps25,0.035,0.364,-0.043,0.024,0.851,0.54,-1.267,,-0.091,-0.384,0.029,,-0.517
Vps26a,0.021,0.063,0.096,0.019,-0.068,-0.228,-0.051,-0.474,-0.007,0.012,-0.019,-0.002,-0.072
Vps26b,0.12,0.278,0.108,-0.013,0.351,0.277,-0.17,0.07,0.067,0.103,0.116,0.128,0.304
Vps28,0.039,-0.137,-0.203,-0.033,0.526,-0.076,0.093,0.158,-0.068,-0.086,-0.194,,
Vps29,0.0,-0.235,-0.08,0.019,0.374,0.138,0.14,-0.198,-0.053,-0.087,0.002,-0.217,-0.003
Vps33a,0.009,0.28,0.015,0.061,-0.074,0.342,0.022,0.097,-0.068,0.131,-0.015,-0.048,-0.199
Vps33b,0.263,-0.812,0.115,0.269,0.635,0.336,0.194,1.017,-0.049,0.112,0.088,0.053,-0.15
Vps35,0.034,0.064,0.051,0.008,0.099,0.138,0.297,-0.012,0.034,0.1,0.096,-0.022,0.063
Vps36,0.076,0.565,-0.119,0.012,0.108,0.032,0.357,0.037,-0.065,-0.045,-0.074,-0.087,-0.001
Vps37a,-0.045,-0.035,0.035,-0.043,0.076,-0.17,0.428,-0.308,0.123,0.009,0.001,0.056,-0.029
Vps37c,0.243,-0.71,-0.033,-0.058,0.124,-0.245,-0.051,0.156,0.145,0.188,-0.028,-0.086,-0.195
Vps39,-0.086,-0.114,0.13,0.008,-0.077,0.082,0.087,0.186,0.044,0.063,0.174,0.03,-0.173
Vps41,-0.134,0.229,0.102,0.051,0.587,0.089,-0.104,-0.465,-0.023,0.081,0.1,-0.008,0.023
Vps45,0.035,0.006,0.034,-0.016,0.43,-0.195,-0.468,-0.284,-0.061,0.136,-0.18,-0.06,-0.035
Vps4a,0.039,-0.438,-0.128,-0.082,0.297,0.095,0.101,-0.064,-0.045,-0.041,-0.042,-0.045,0.047
Vps4b,-0.225,0.047,-0.023,-0.095,-0.195,0.03,0.166,0.091,0.007,0.009,-0.032,0.027,-0.179
Vps52,0.102,-0.486,0.121,-0.201,-0.672,-0.025,0.091,-0.21,-0.018,0.091,0.019,0.211,-0.164
Vps53,-0.044,0.931,0.039,0.208,0.109,0.061,0.018,0.443,0.041,0.032,-0.018,0.066,-0.08
Vps54,-0.266,0.407,0.134,-0.103,-0.332,0.09,-1.112,-0.021,-0.055,0.185,0.265,0.139,0.248
Vps72,-0.031,0.358,-0.157,-0.015,-0.366,-0.103,0.031,-0.139,-0.105,-0.118,-0.146,-0.026,-0.212
Vps8,0.084,-0.203,0.235,0.163,-0.403,0.205,0.349,0.249,0.218,0.247,0.238,0.077,0.319
Vrk1,0.15,-0.348,-0.104,0.078,-0.17,0.211,-0.426,,-0.139,0.017,-0.37,-0.378,0.116
Vrk3,0.115,-0.567,-0.023,-0.026,-0.386,-0.339,0.048,0.311,-0.13,-0.015,-0.021,0.149,0.433
Vsnl1,-0.048,-0.036,-0.006,0.076,0.9,0.219,-0.727,-0.14,0.037,0.088,-0.066,0.552,0.713
Vstm2l,0.042,0.515,0.204,0.003,0.456,0.247,0.07,0.091,0.038,0.128,0.422,-0.207,0.15
Vta1,0.041,-0.838,-0.147,-0.026,0.277,-0.103,0.144,0.056,-0.032,0.003,-0.154,-0.081,0.001
Vti1a,0.17,-0.012,0.199,0.11,-0.123,0.056,0.629,0.133,0.1,0.081,-0.022,-0.15,-0.243
Vti1b,-0.109,0.153,-0.108,0.011,0.276,0.134,0.153,0.155,0.001,-0.14,0.002,-0.327,0.116
Vwa1,0.347,0.154,-0.344,-0.161,-0.29,-2.063,-0.486,-0.411,-0.582,0.106,0.129,,0.179
Vwa5a,-0.121,-0.28,-0.295,-0.262,0.691,0.541,-0.077,0.151,0.029,0.144,0.061,-0.016,0.154
Vwa5b2,0.824,-0.034,0.336,-0.008,0.198,0.179,-0.586,-0.456,0.148,0.065,-0.044,-0.062,0.004
Vwc2l,0.173,-0.435,-0.086,0.143,0.66,0.24,0.909,-0.007,0.042,,0.664,,
Wac,0.055,0.286,0.027,-0.006,-0.265,0.004,0.179,0.074,0.065,-0.043,0.072,0.086,0.029
Wars,0.128,-0.342,0.09,0.101,0.418,0.184,-0.203,-0.016,0.042,0.155,-0.049,0.162,-0.144
Wasf1,0.193,0.012,-0.067,0.145,0.493,-0.151,0.259,0.549,0.022,-0.043,-0.083,0.037,-0.26
Wasf2,-0.004,0.007,-0.27,-0.058,-0.088,-0.267,0.575,-0.085,0.159,-0.031,0.008,-0.048,-0.292
Wasf3,-0.017,,0.07,0.141,0.262,-0.155,0.329,-0.113,0.1,0.015,0.166,0.195,0.142
Wasl,0.005,-0.269,0.01,0.112,-0.169,0.167,0.394,0.006,-0.019,-0.042,-0.025,-0.085,-0.066
Wbp1,0.419,-0.044,-0.032,0.028,-0.448,-0.145,-0.257,0.065,0.039,-0.086,0.008,-0.094,0.151
Wbp11,-0.118,-0.135,-0.132,0.04,0.131,-0.122,0.252,-0.155,0.02,-0.047,0.046,-0.296,0.073
Wbp2,0.029,0.181,-0.07,-0.072,0.296,0.053,0.067,0.125,-0.075,0.007,0.061,0.249,-0.038
Wbp4,-0.014,0.187,-0.117,-0.045,0.172,0.061,0.466,-0.265,-0.014,-0.082,0.099,-0.064,0.056
Wdfy1,-0.154,0.547,0.14,-0.018,-0.5,-0.242,0.166,-0.12,-0.008,0.094,0.157,0.239,0.089
Wdfy2,0.03,,0.146,-0.003,1.236,0.127,0.117,0.209,0.218,0.103,0.262,0.512,
Wdfy3,-0.043,-0.033,0.195,0.077,-0.102,0.075,0.571,0.003,0.095,0.205,0.17,0.238,-0.215
Wdpcp,0.436,-0.059,0.163,-0.136,-0.235,0.265,0.254,,0.089,-0.013,0.103,-0.017,-0.101
Wdr1,-0.129,-0.674,-0.034,0.012,0.129,0.107,-0.093,-0.22,0.12,0.151,0.107,0.046,-0.089
Wdr11,0.357,-0.043,0.129,0.099,-0.454,0.163,0.094,0.57,0.076,0.135,-0.01,0.216,0.283
Wdr12,-0.017,0.173,0.005,-0.046,0.278,-0.159,0.106,0.275,-0.025,0.033,-0.087,-0.169,0.284
Wdr13,0.043,-0.274,0.149,0.048,-0.074,0.188,-0.214,0.089,0.014,0.21,0.048,0.148,0.124
Wdr17,-0.037,-1.599,0.057,0.118,2.046,0.165,-0.924,,0.22,-0.079,0.145,-0.124,
Wdr18,0.049,-1.054,-0.038,-0.162,-0.007,-0.092,-0.118,-0.242,0.013,0.058,-0.083,0.093,-0.033
Wdr19,-0.05,-0.332,0.117,-0.09,-0.07,0.442,-0.326,,0.157,0.114,0.178,0.24,
Wdr24,-0.108,0.561,0.16,-0.163,-0.099,0.084,-0.633,0.595,-0.208,0.198,0.011,0.181,-0.468
Wdr25,-0.093,-1.281,0.206,-0.087,,0.9,-0.097,,0.041,0.317,0.091,0.408,
Wdr26,0.094,-0.294,0.151,0.145,0.177,0.078,0.05,-0.177,0.064,0.164,-0.071,0.097,0.168
Wdr3,-0.021,0.528,0.044,0.416,0.119,-0.625,0.322,0.297,-0.235,0.093,0.24,0.067,-0.604
Wdr33,0.028,-0.308,0.086,0.017,-0.358,-0.129,0.201,-0.25,0.034,0.055,-0.052,-0.02,0.069
Wdr34,0.105,-0.042,-0.206,-0.105,-0.332,-0.232,,-0.156,-0.072,0.095,-0.085,0.062,0.261
Wdr35,0.053,-1.027,0.127,0.002,0.241,-0.118,-0.571,0.303,0.07,0.189,-0.009,0.18,-0.392
Wdr36,0.245,-0.58,0.192,-0.117,-0.005,0.209,0.047,-0.533,0.069,0.147,-0.317,-0.005,0.119
Wdr37,-0.11,-0.046,0.126,-0.082,0.559,-0.202,0.018,-0.099,0.034,0.096,0.131,0.253,-0.164
Wdr4,-0.015,-2.077,0.079,0.007,0.201,-0.209,-0.145,0.224,0.097,0.073,-0.03,0.338,0.184
Wdr41,-0.168,0.571,0.151,-0.052,0.114,-0.193,0.17,0.025,-0.103,0.043,-0.093,0.318,-0.184
Wdr43,0.162,0.296,0.031,0.07,-0.094,0.01,0.033,-0.057,0.028,-0.066,-0.035,-0.13,-0.19
Wdr44,0.18,0.338,0.158,0.144,0.657,-0.148,0.67,0.63,-0.008,0.071,0.022,0.05,-0.442
Wdr45,-0.051,0.026,-0.014,0.07,0.227,0.012,0.078,-0.289,0.014,-0.037,-0.026,-0.055,0.068
Wdr46,-0.083,-1.117,-0.125,0.064,0.605,0.027,0.085,0.721,0.103,0.187,-0.176,0.049,-0.396
Wdr47,-0.179,0.568,0.055,0.104,0.107,-0.112,0.117,0.134,0.049,0.111,0.127,0.151,-0.045
Wdr48,-0.121,-0.337,-0.065,0.053,0.038,-0.374,0.032,-0.055,0.189,0.074,0.166,0.197,-0.155
Wdr5,-0.41,-0.224,0.141,-0.081,-0.357,-0.079,0.067,0.3,-0.035,0.222,0.074,0.353,-0.276
Wdr53,0.215,0.102,-0.07,0.001,0.111,-0.111,-0.241,-0.595,-0.193,-0.092,-0.227,-0.323,-0.488
Wdr54,0.391,-0.811,0.271,0.14,0.736,0.192,0.041,0.267,-0.255,0.089,0.016,-0.176,-0.151
Wdr55,0.118,-0.608,-0.119,0.096,-0.234,-0.141,0.277,,-0.053,-0.11,0.028,-0.241,-0.285
Wdr59,0.064,0.419,0.283,-0.158,0.509,0.514,0.45,-0.195,-0.057,0.05,0.176,0.266,-0.161
Wdr6,-0.108,,-0.047,0.015,0.037,0.115,0.016,-0.302,0.106,0.046,0.067,0.253,0.286
Wdr60,0.14,0.739,0.086,0.098,0.03,0.396,,0.101,-0.017,0.082,-0.043,0.064,-0.004
Wdr61,0.139,-0.356,-0.069,-0.006,-0.049,0.001,-0.018,-0.048,-0.183,-0.006,-0.138,-0.178,0.053
Wdr7,0.026,0.104,0.276,0.006,0.595,0.123,0.18,0.333,0.175,0.226,0.138,0.349,-0.118
Wdr70,0.229,0.259,0.047,0.071,-0.332,0.01,-0.085,-0.202,-0.064,-0.077,-0.171,-0.141,0.134
Wdr73,-0.107,-0.303,-0.058,0.127,-0.235,-0.026,0.01,0.101,-0.187,0.031,0.168,0.086,0.039
Wdr74,-0.047,0.433,-0.096,0.114,-0.029,0.077,-0.254,-0.038,-0.016,-0.096,-0.003,-0.109,-0.058
Wdr75,-0.018,0.275,0.017,-0.038,0.028,-0.416,-0.025,-0.12,-0.073,0.022,0.129,0.101,-0.428
Wdr77,0.049,0.489,0.069,-0.05,-0.187,0.043,-0.162,-0.469,-0.162,0.08,0.097,0.226,-0.084
Wdr82,-0.218,0.192,0.046,0.093,-0.334,0.117,-0.041,0.472,0.026,0.067,-0.042,0.248,0.034
Wdr83,0.208,0.343,-0.092,-0.032,-0.03,-0.086,-0.316,-0.287,0.001,-0.084,-0.027,-0.078,-0.125
Wdr89,0.582,,-0.205,-0.195,-0.546,0.042,-0.385,0.204,-0.142,-0.073,0.161,-0.237,-0.025
Wdr92,0.5,-0.859,0.0,-0.024,-0.435,-0.187,0.378,,-0.208,0.109,0.06,0.181,-0.356
Wdsub1,0.058,0.14,0.078,0.231,0.113,-0.224,0.641,0.281,-0.054,-0.03,-0.004,0.019,-0.394
Wdtc1,0.16,0.342,0.122,-0.088,-0.515,0.065,0.384,0.437,0.045,0.03,0.061,-0.159,-0.201
Wdyhv1,0.137,-0.29,0.002,-0.029,0.038,0.435,0.044,0.465,-0.035,-0.096,-0.209,-0.016,-0.105
Wee1,0.266,-0.945,-0.023,-0.188,-1.975,-1.755,0.032,,0.131,-0.083,0.211,,
Wfs1,0.142,-0.132,0.377,0.09,-0.201,0.0,0.189,-0.134,-0.031,0.264,-0.113,-0.135,0.253
Whamm,-0.387,-0.188,0.071,0.076,-1.035,-0.166,0.419,0.593,-0.016,0.036,0.006,0.173,-0.227
Wipf2,-0.046,0.112,-0.006,-0.104,-0.543,0.013,0.238,0.076,-0.015,0.002,0.143,0.163,-0.661
Wipi1,0.211,-0.339,-0.215,0.143,0.683,0.002,0.101,0.155,-0.075,0.114,-0.061,-0.278,-0.398
Wipi2,-0.114,0.465,0.077,0.043,0.068,0.318,-0.077,-0.17,-0.002,0.115,0.091,0.148,-0.198
Wiz,0.084,-0.057,0.107,-0.015,-0.104,-0.207,0.269,-0.429,0.07,0.177,0.119,0.155,-0.285
Wls,-0.065,0.364,0.344,0.172,-1.302,0.019,0.098,0.458,0.014,0.07,-0.035,-0.406,-0.154
Wnk1,-0.03,0.171,0.172,-0.019,0.026,0.166,0.417,0.077,0.042,0.202,0.077,0.012,-0.106
Wrap53,0.035,-0.833,-0.102,0.121,0.379,0.265,-0.867,,0.003,0.29,-0.164,-0.053,-0.332
Wrb,-0.073,-0.027,0.096,-0.088,0.083,0.056,,-0.454,0.039,0.066,0.057,0.427,0.014
Wrn,0.094,0.339,0.14,-0.467,-0.437,-0.209,-0.798,-0.102,-0.101,0.199,-0.018,-0.056,
Wrnip1,0.054,-0.262,0.087,0.034,0.295,-0.075,0.133,0.297,0.068,0.146,-0.042,0.227,-0.078
Wsb1,-0.109,-0.278,0.163,-0.01,-0.227,0.084,0.129,-0.307,-0.077,0.167,-0.01,0.114,-0.045
Wsb2,-0.04,0.158,-0.03,0.092,0.157,0.077,0.181,-0.483,0.144,0.046,0.051,0.079,-0.039
Wtap,-0.04,-1.461,-0.017,-0.011,-0.241,0.044,-0.083,0.233,-0.024,-0.048,0.027,0.061,-0.001
Wtip,-0.193,0.978,-0.396,0.323,0.172,-0.151,-0.226,,0.091,0.077,0.043,0.134,
Wwc2,0.576,-0.188,-0.055,-0.045,0.9,-0.152,-0.948,0.21,-0.052,0.136,-0.053,0.024,-0.085
Wwox,0.273,0.415,0.308,-0.02,0.609,-0.54,-1.071,-0.191,0.146,0.026,-0.046,0.032,-0.032
Wwp1,-0.048,-0.094,0.176,-0.094,-0.059,-0.291,0.39,-0.561,0.188,-0.03,0.117,0.121,0.315
Wwp2,-0.151,0.602,0.028,-0.117,0.601,0.47,-0.148,0.5,0.033,0.2,0.063,0.132,-0.212
Xab2,-0.144,0.634,0.085,0.073,-0.235,-0.112,-0.315,-0.535,-0.136,0.428,-0.023,0.029,0.229
Xaf1,0.188,-2.151,-0.188,-0.165,0.371,-0.036,-0.06,0.454,0.062,-0.1,-0.437,-0.211,-0.064
Xbp1,-0.126,-0.2,0.057,0.036,0.194,-0.102,-0.066,0.213,0.048,0.025,-0.036,-0.119,-0.14
Xiap,-0.049,0.206,0.038,-0.045,0.175,-0.223,0.336,-0.072,-0.082,0.041,0.148,0.221,0.134
Xist,-0.122,-1.651,0.307,-0.104,-0.954,-0.245,,,-0.027,0.135,-0.11,0.012,-0.059
Xk,0.171,0.259,0.67,0.057,1.492,-1.738,0.865,,0.085,0.116,0.314,-0.212,
Xkr6,0.157,0.571,0.132,-0.475,0.589,0.191,1.493,0.209,0.086,0.187,0.13,-0.024,-0.09
Xpa,0.015,-0.147,-0.22,-0.105,-0.138,-0.062,0.073,-0.074,0.004,-0.14,-0.185,-0.228,-0.082
Xpc,0.224,-1.316,0.009,-0.029,0.033,0.081,0.637,-0.018,0.217,0.081,0.055,-0.041,-0.203
Xpnpep1,-0.08,-0.345,0.088,-0.073,0.22,-0.08,0.197,0.153,-0.036,0.254,-0.206,-0.113,0.002
Xpnpep3,-1.033,,0.284,-0.006,0.508,-0.127,-0.954,0.038,-0.035,0.087,0.168,0.024,
Xpo1,0.098,-0.066,0.128,-0.063,-0.313,-0.027,0.47,-0.265,0.025,0.186,-0.01,-0.022,0.137
Xpo4,0.225,,0.188,-0.096,-0.155,-0.137,0.471,-0.718,0.147,0.158,0.003,-0.178,-0.059
Xpo5,-0.101,-0.685,0.113,-0.012,-0.549,0.167,0.281,,0.081,0.192,0.117,-0.145,
Xpo6,0.221,-0.197,0.162,-0.0,-0.162,0.121,0.515,-0.432,-0.017,0.298,0.3,0.027,0.011
Xpo7,-0.128,-0.345,0.185,-0.003,-0.509,0.066,0.081,-0.056,-0.005,0.118,-0.009,0.147,0.154
Xpot,-0.12,-0.724,0.153,-0.022,0.074,0.04,0.076,0.409,0.07,0.23,0.11,0.206,0.128
Xpr1,0.196,-0.41,0.1,0.065,0.345,0.133,0.6,0.075,0.289,0.3,0.338,0.296,-0.265
Xrcc1,-0.152,0.121,-0.166,0.089,0.525,-0.005,-0.037,0.301,-0.108,0.062,-0.085,0.092,0.071
Xrcc4,-0.223,-2.029,-0.023,0.063,0.024,0.047,-0.348,-0.005,0.065,-0.008,-0.135,-0.318,-0.282
Xrcc5,-0.04,-0.055,0.118,-0.34,0.111,0.007,0.402,-0.124,0.147,0.121,0.146,-0.446,-0.296
Xrcc6,-0.042,0.518,0.151,0.115,0.109,0.106,-0.774,0.023,0.012,0.016,-0.016,-0.428,-0.14
Xrn1,-0.476,-1.388,0.091,0.049,-0.665,0.236,-0.111,0.334,0.086,0.117,-0.02,0.017,0.035
Xrn2,0.056,-1.606,0.013,-0.052,-0.208,0.025,0.117,-0.314,-0.046,0.066,0.056,-0.158,-0.07
Yaf2,-0.05,-0.482,-0.021,0.035,-0.057,-0.061,0.398,-0.145,0.003,-0.113,0.077,-0.109,-0.091
Yars,-0.232,0.434,0.003,-0.031,-0.133,-0.189,-0.208,-0.66,-0.025,0.127,-0.055,0.115,0.095
Yars2,-0.116,0.015,0.001,-0.144,0.321,-0.325,0.01,,-0.102,-0.006,-0.283,-0.258,-0.475
Ybx1,-0.034,-0.484,-0.283,-0.012,-0.296,-0.105,-0.258,-0.326,-0.005,-0.131,-0.042,-0.315,-0.097
Ydjc,-0.096,-0.024,-0.202,-0.002,0.501,-0.219,0.158,-0.353,-0.005,-0.022,-0.137,-0.24,-0.002
Yeats2,0.44,0.499,0.049,0.173,-0.526,0.032,0.677,0.272,-0.05,0.216,0.025,0.028,-0.159
Yeats4,-0.205,0.19,-0.07,0.022,-0.037,-0.019,0.249,-0.062,0.064,-0.143,-0.046,-0.193,0.12
Yes1,0.067,-0.62,0.035,-0.205,-0.25,-0.166,0.257,0.488,0.057,0.026,0.059,0.022,-0.325
Yif1a,-0.009,-0.195,0.092,-0.027,0.252,-0.087,-0.106,-0.613,-0.138,-0.026,-0.145,-0.258,0.027
Yif1b,0.021,-0.153,0.054,0.027,0.516,0.073,0.248,0.081,-0.025,-0.006,-0.133,-0.137,-0.052
Yipf1,0.13,0.177,0.036,-0.015,0.143,-0.011,0.325,0.19,-0.054,-0.016,-0.087,-0.265,-0.101
Yipf2,-0.087,,0.336,-0.11,-1.031,-0.096,0.082,-0.212,0.035,0.03,-0.03,0.09,0.233
Yipf3,0.15,-0.168,0.179,0.012,0.265,0.063,-0.012,-0.053,-0.067,0.105,-0.177,-0.038,0.074
Yipf4,-0.01,-0.347,0.069,-0.071,-0.008,0.014,0.452,-0.254,-0.088,-0.0,-0.01,0.006,0.064
Yipf5,0.003,0.49,0.089,-0.062,0.063,-0.169,-0.105,-0.017,0.042,0.077,0.048,0.109,-0.214
Yipf6,0.06,0.248,0.2,-0.005,0.107,0.078,0.573,0.503,0.175,0.089,0.293,0.059,0.083
Ykt6,0.124,0.477,-0.075,0.098,0.107,0.104,0.024,0.091,0.077,-0.003,0.012,0.088,-0.024
Ylpm1,0.168,0.476,0.102,0.048,-0.047,0.251,0.553,0.155,0.048,0.122,0.236,0.057,-0.249
Yme1l1,0.102,-0.967,0.095,0.064,-0.037,0.225,0.314,-0.079,-0.019,0.173,0.056,-0.143,0.001
Yod1,0.009,-0.185,0.201,-0.063,-0.01,0.099,0.124,-0.226,0.093,0.065,-0.081,-0.054,-0.232
Ypel2,0.371,-0.008,0.104,0.097,-0.361,0.257,-0.063,0.516,0.207,0.125,0.203,0.222,0.232
Ypel3,-0.043,-0.043,-0.086,-0.078,0.365,-0.026,0.33,0.152,-0.04,-0.069,0.166,0.071,-0.006
Ypel4,-0.048,,0.083,-0.098,-0.03,0.592,-1.077,0.422,-0.029,0.079,0.148,0.296,0.074
Ypel5,0.063,-0.441,-0.035,0.059,-0.304,0.136,0.149,-0.204,0.063,-0.108,-0.061,0.028,-0.027
Yrdc,-0.09,0.309,-0.02,0.045,0.033,-0.02,-0.24,-0.279,0.026,-0.081,-0.017,-0.096,-0.031
Ythdc1,-0.142,0.746,-0.102,0.072,-0.513,-0.133,0.148,-0.015,-0.038,0.02,0.003,-0.094,-0.255
Ythdc2,0.04,-0.118,0.094,0.059,0.184,-0.031,-0.658,-0.098,0.075,0.071,0.049,0.09,-0.188
Ythdf1,-0.019,0.618,0.059,0.096,-0.246,-0.037,-0.162,-0.053,0.035,0.137,0.026,0.162,-0.104
Ythdf2,0.176,-0.35,-0.153,0.049,-0.156,0.052,0.024,-0.2,-0.032,0.061,0.095,0.226,0.041
Ythdf3,-0.131,0.082,0.163,-0.126,-0.3,-0.218,0.353,0.123,0.074,0.118,0.246,0.119,0.275
Ywhab,0.057,-0.025,-0.083,0.048,0.223,0.068,0.296,-0.015,0.042,-0.018,0.057,0.138,0.052
Ywhae,-0.078,0.011,-0.153,-0.005,0.007,-0.028,0.155,-0.167,-0.012,-0.029,-0.051,-0.135,0.059
Ywhag,0.047,0.067,0.162,0.039,0.264,0.114,0.239,0.063,0.052,0.089,0.093,0.213,-0.019
Ywhah,-0.076,0.0,-0.085,-0.049,0.434,0.043,0.25,0.084,-0.03,-0.051,-0.067,-0.218,0.056
Ywhaq,-0.057,0.047,-0.188,-0.038,0.128,-0.05,0.071,-0.041,-0.056,-0.07,-0.113,-0.099,-0.012
Ywhaz,-0.077,-0.127,-0.089,0.014,-0.018,0.067,0.072,0.082,0.042,-0.022,0.074,0.107,-0.033
Yy1,0.064,-0.841,-0.014,-0.002,-0.234,0.048,0.528,0.045,0.117,0.013,-0.019,0.017,0.147
Zadh2,-0.279,0.042,0.035,0.069,-0.713,-0.114,-0.086,-0.547,0.038,0.159,-0.044,0.167,-0.703
Zbed3,-0.681,-3.297,-0.063,0.006,-0.58,-0.442,,,0.056,0.004,0.141,0.115,-0.047
Zbtb1,0.638,0.643,0.147,-0.05,0.348,-0.115,0.98,-0.17,-0.218,0.033,-0.109,-0.162,-0.874
Zbtb10,-0.309,0.28,-0.014,-0.015,-0.212,0.13,0.065,-0.168,-0.008,0.173,-0.009,0.183,-0.042
Zbtb11,-0.049,0.495,0.012,0.195,0.289,-0.427,0.369,-0.022,0.038,0.076,0.129,0.033,0.204
Zbtb17,-0.18,0.793,0.144,0.032,0.005,0.229,-0.004,0.354,-0.206,0.161,-0.207,0.123,-0.548
Zbtb20,0.024,-0.813,-0.216,0.126,-0.3,0.054,0.303,0.067,-0.024,0.178,0.084,0.281,-0.092
Zbtb22,0.046,-0.132,0.003,0.003,0.342,0.444,-0.148,-0.497,0.03,0.069,0.019,-0.004,-0.033
Zbtb24,-0.421,0.122,0.03,0.205,-0.147,0.405,-0.571,-0.337,-0.002,0.051,0.011,-0.168,0.113
Zbtb25,-0.173,-1.723,-0.007,-0.153,-0.119,-0.15,,,-0.19,-0.016,-0.117,0.016,0.099
Zbtb33,0.061,-0.118,0.104,-0.03,-0.154,-0.02,-0.119,,0.206,0.074,-0.143,-0.017,-0.67
Zbtb38,0.076,1.157,0.01,-0.065,-0.188,-0.011,0.416,-0.018,-0.051,0.069,-0.018,0.095,0.061
Zbtb4,0.146,0.011,0.041,0.05,0.153,0.331,0.176,0.088,0.076,0.139,0.211,0.11,-0.033
Zbtb41,-0.049,-0.396,0.143,0.238,-0.081,-0.113,-0.208,-0.84,0.017,0.077,0.055,0.073,0.208
Zbtb43,0.251,-0.254,0.13,-0.072,-0.608,0.217,-0.22,0.447,-0.303,-0.084,0.276,0.241,
Zbtb45,-0.144,-0.184,-0.098,-0.052,0.469,-0.206,-0.916,,0.086,-0.083,0.039,0.098,-0.385
Zbtb46,-0.473,-0.966,-0.04,0.003,-0.296,0.14,0.267,0.628,0.04,-0.064,-0.035,0.542,0.191
Zbtb48,0.013,,0.345,0.349,1.118,0.068,-0.844,0.508,-0.015,0.123,0.366,-0.026,-0.216
Zbtb7a,0.161,0.172,-0.021,0.154,0.151,-0.003,0.617,0.044,0.069,0.074,0.093,0.073,-0.067
Zbtb7c,-0.025,-0.12,-0.052,-0.039,0.401,0.652,0.314,,-0.004,-0.038,-0.15,0.256,-0.084
Zbtb8a,0.783,0.619,-0.156,0.039,0.123,-0.064,,,-0.269,-0.067,-0.07,-0.016,-0.027
Zbtb8os,-0.102,-0.509,-0.13,0.007,-0.488,0.138,-0.211,0.148,0.001,-0.095,-0.227,-0.582,-0.303
Zc3h10,0.39,-0.604,0.062,0.1,0.041,-0.316,-0.264,,-0.135,0.079,-0.203,0.149,-0.206
Zc3h12c,-0.194,-1.68,0.051,,-1.602,0.054,-0.48,,-0.384,0.208,-0.227,0.112,
Zc3h13,-0.135,-0.618,-0.066,-0.08,0.027,-0.032,0.162,-0.005,-0.048,0.073,-0.039,0.059,-0.009
Zc3h14,-0.112,0.32,0.002,0.154,-0.542,-0.222,0.524,-0.241,-0.028,-0.111,0.158,0.092,0.079
Zc3h15,0.079,0.195,-0.094,0.014,0.053,0.036,0.199,0.012,0.055,-0.093,0.075,-0.204,-0.05
Zc3h18,-0.067,-0.014,-0.016,0.001,-0.133,-0.051,-0.171,-0.108,0.076,-0.012,0.069,0.029,-0.327
Zc3h6,-0.146,0.397,0.099,0.097,-0.418,-0.249,-0.468,-0.232,-0.187,0.102,-0.213,0.007,0.043
Zc3h7a,-0.133,0.299,0.106,-0.053,-0.251,0.136,0.253,0.319,0.175,0.274,0.036,0.14,-0.189
Zc3h8,0.035,-1.08,-0.065,-0.16,0.102,-0.287,0.61,0.458,-0.08,0.04,0.127,0.125,0.122
Zc3hc1,-0.122,0.435,-0.133,-0.132,-0.506,0.264,-0.696,-0.928,-0.224,0.113,-0.013,0.024,-0.094
Zc4h2,0.045,-1.351,-0.053,-0.1,-0.421,-0.119,-0.227,,-0.097,0.231,0.037,0.333,0.141
Zcchc10,-0.205,0.326,-0.067,0.013,-0.535,-0.209,-0.864,-0.613,-0.068,-0.087,-0.035,-0.136,0.308
Zcchc12,-1.167,0.062,,-0.051,0.272,0.262,0.431,0.265,0.028,0.117,-0.016,0.339,0.17
Zcchc14,0.221,-1.411,0.109,0.007,-0.583,-0.032,0.403,0.184,0.031,0.177,0.142,0.247,-0.124
Zcchc17,0.058,-0.288,-0.159,-0.02,0.274,-0.046,0.041,-0.001,-0.048,-0.098,-0.104,-0.067,0.034
Zcchc18,-0.042,0.105,-0.094,0.015,0.376,0.061,0.222,0.175,-0.009,0.003,0.02,-0.006,0.048
Zcchc2,0.332,0.824,0.141,0.091,-0.474,0.408,0.244,-0.795,0.089,0.185,0.1,0.057,
Zcchc3,-0.208,0.12,-0.136,-0.021,-0.193,0.143,-0.311,,-0.003,0.093,-0.083,0.103,-0.117
Zcchc4,0.075,,0.26,-0.061,-0.978,0.73,0.203,0.272,0.177,0.126,-0.079,-0.01,0.365
Zcchc7,0.2,-0.185,0.191,-0.136,-0.582,0.162,0.73,-0.016,0.137,0.206,-0.043,0.032,-0.101
Zcchc8,0.715,0.14,0.052,-0.072,-0.598,-0.17,0.09,0.29,-0.03,0.123,0.096,0.106,-0.112
Zcchc9,0.177,-0.735,-0.106,-0.068,-0.537,-0.057,-0.086,0.063,-0.083,-0.017,-0.0,-0.268,0.079
Zcrb1,0.006,0.192,-0.117,-0.048,0.135,-0.01,0.18,0.06,0.021,-0.138,-0.061,-0.231,-0.002
Zcwpw1,0.466,,0.118,-0.017,-1.034,-0.126,-0.411,0.45,-0.01,-0.049,0.136,,
Zdhhc1,0.123,-1.169,0.151,0.055,-0.091,-0.087,0.99,-0.021,-0.068,0.135,0.059,0.166,-0.856
Zdhhc13,0.48,-0.447,0.266,0.219,-0.259,-0.024,-0.325,,0.285,0.241,0.205,0.053,0.032
Zdhhc14,0.106,-0.43,0.101,0.193,0.506,0.168,0.153,-0.409,0.034,0.208,0.119,0.236,-0.469
Zdhhc15,-0.219,-0.856,0.079,-0.093,0.803,0.511,0.479,,-0.04,0.244,0.223,0.308,-1.112
Zdhhc16,0.005,-0.505,0.066,0.07,0.461,0.035,0.274,0.544,0.001,0.198,-0.095,-0.028,0.106
Zdhhc17,-0.108,0.041,0.326,0.103,-0.218,0.08,0.689,0.077,0.074,0.269,0.127,0.259,0.276
Zdhhc18,0.034,,0.197,-0.255,0.484,-0.123,0.155,0.142,-0.008,0.108,0.048,0.223,-0.442
Zdhhc2,0.064,-0.575,0.029,0.041,0.346,0.205,0.189,-0.264,0.061,0.043,0.275,0.107,-0.126
Zdhhc20,0.014,-1.225,0.1,0.023,-0.373,-0.064,0.342,0.293,-0.025,0.172,0.071,0.157,0.013
Zdhhc21,-0.171,-0.211,0.235,-0.012,0.153,-0.025,0.792,-0.092,0.101,0.134,0.139,-0.007,-0.057
Zdhhc22,0.313,-0.444,0.086,0.053,-0.289,0.672,0.809,0.039,0.252,0.203,0.314,,
Zdhhc24,-0.08,0.255,0.284,0.099,-0.422,-0.454,0.148,0.012,0.125,0.136,0.122,0.274,0.41
Zdhhc3,0.15,-0.609,0.125,-0.039,0.034,0.08,0.155,-0.18,-0.056,0.087,0.054,0.183,-0.025
Zdhhc4,-0.052,-0.021,0.144,-0.005,0.27,0.025,0.213,-0.222,0.126,0.02,0.068,-0.148,0.014
Zdhhc5,0.077,0.462,0.204,-0.01,-0.106,0.067,0.429,-0.211,0.162,0.186,0.069,0.103,0.15
Zdhhc6,-0.011,0.218,0.116,-0.112,-0.145,0.082,0.35,-0.124,-0.179,0.142,0.114,0.057,-0.022
Zdhhc7,-0.08,0.342,0.201,0.07,-0.447,-0.047,-0.119,-0.154,0.118,0.274,0.037,0.076,-0.069
Zdhhc8,0.137,0.086,0.181,-0.173,-0.061,0.295,0.473,-0.39,0.043,0.219,0.272,0.294,0.02
Zdhhc9,-0.0,-0.241,0.261,0.071,0.566,-0.001,0.333,-0.437,0.067,0.166,0.055,-0.018,-0.062
Zeb1,-0.174,0.083,0.035,0.03,-0.666,-0.001,0.613,-0.373,0.183,0.141,0.24,0.189,-0.006
Zer1,0.009,0.333,0.142,-0.013,0.331,0.049,0.172,0.279,0.136,0.084,0.213,0.202,0.001
Zfand1,0.093,-0.229,-0.051,-0.128,0.167,0.046,0.084,0.375,-0.067,-0.09,-0.02,-0.078,0.065
Zfand2a,0.197,0.803,0.119,0.053,-0.06,-0.182,-0.311,-0.2,0.01,0.145,0.055,0.367,0.223
Zfand2b,-0.072,-0.259,-0.138,-0.1,0.274,0.184,-0.171,0.117,0.046,-0.086,-0.212,-0.064,-0.06
Zfand3,0.267,-0.218,0.162,0.024,0.136,0.216,0.064,0.184,-0.041,0.073,0.079,0.35,-0.059
Zfand5,0.035,0.052,0.009,-0.079,-0.06,-0.094,0.245,0.177,-0.024,0.0,0.005,0.106,0.097
Zfand6,-0.061,-0.319,-0.049,-0.073,-0.075,-0.071,0.242,-0.195,-0.1,-0.034,-0.053,-0.103,-0.124
Zfc3h1,0.25,-0.556,0.127,0.097,0.161,0.114,0.135,0.177,0.116,0.175,-0.01,0.022,-0.462
Zfhx3,0.095,0.219,-0.196,0.01,-0.719,-0.05,0.959,-0.093,0.004,0.141,0.133,-0.181,-0.018
Zfhx4,0.019,-0.142,-0.335,0.072,0.167,0.018,0.533,-0.406,0.102,0.116,0.003,-0.377,0.194
Zfp1,0.267,0.264,-0.119,-0.065,-0.094,-0.013,0.442,0.614,0.094,-0.074,-0.212,-0.075,0.066
Zfp101,-0.324,-1.682,0.226,0.061,-1.346,0.161,,,-0.051,0.023,0.165,-0.025,-0.197
Zfp105,0.05,-0.08,-0.101,0.083,-0.573,0.194,,,-0.23,-0.129,-0.286,0.122,0.178
Zfp106,-0.001,0.35,0.07,0.003,-0.656,-0.074,-0.342,0.055,0.052,-0.005,0.054,0.005,-0.283
Zfp11,-0.358,0.353,0.051,0.053,-0.947,-0.433,,,-0.22,0.093,0.058,0.116,
Zfp110,0.048,-0.708,0.047,-0.178,-0.044,0.26,-0.43,,0.015,0.195,-0.301,-0.043,-0.017
Zfp12,0.082,-0.127,0.189,-0.102,0.693,-0.169,-0.922,-0.7,0.104,0.221,0.245,0.058,-0.159
Zfp120,-0.215,-1.521,0.021,-0.211,0.553,0.006,-0.063,-0.164,-0.264,0.15,-0.176,0.307,-0.071
Zfp13,0.404,-0.498,-0.038,-0.042,1.034,-0.229,-0.23,,0.02,-0.064,0.036,0.138,-0.426
Zfp142,-0.353,0.302,0.188,0.401,-0.838,-0.382,0.473,-0.791,0.159,0.178,0.046,0.113,
Zfp143,0.275,-0.93,-0.058,-0.066,-0.223,-0.323,-0.039,,-0.273,0.413,0.263,0.117,
Zfp148,0.209,-0.125,-0.014,-0.062,-0.205,-0.022,0.39,-0.154,0.093,0.145,0.009,0.257,0.013
Zfp157,-0.386,0.597,0.058,0.06,-0.316,-0.048,0.216,-0.144,-0.072,0.13,-0.142,-0.033,0.214
Zfp160,0.514,-0.725,0.15,-0.033,-0.28,0.122,-0.681,-0.622,0.046,0.025,0.045,0.081,-0.161
Zfp180,-0.056,,0.016,-0.165,-0.359,-0.089,0.377,-0.813,0.107,0.094,0.097,0.348,-0.814
Zfp182,-0.184,-1.055,0.029,0.066,-0.779,-0.095,,0.165,0.29,0.141,-0.319,0.019,-0.15
Zfp189,-0.915,0.267,0.032,0.013,-0.67,0.383,,,-0.181,-0.078,0.053,0.448,
Zfp2,-0.09,-0.331,0.073,-0.143,-0.253,0.01,0.369,-0.001,0.005,-0.065,0.287,0.213,-0.232
Zfp207,-0.043,-0.071,0.05,0.01,-0.224,0.143,0.311,0.122,-0.072,0.128,-0.024,-0.0,-0.076
Zfp229,-0.298,0.101,0.016,0.054,-0.083,-0.354,,,-0.162,-0.03,0.229,0.041,-0.323
Zfp235,0.81,-0.63,-0.106,-0.135,-0.271,0.43,,-0.057,-0.102,0.072,-0.032,0.044,-0.278
Zfp236,-0.137,-0.876,0.258,0.395,-0.742,0.262,0.714,-0.017,0.145,0.167,0.168,0.192,
Zfp239,0.425,-1.648,0.131,-0.05,-0.448,-0.032,-1.292,,-0.034,-0.107,-0.175,0.169,0.08
Zfp248,-0.351,-0.196,-0.009,-0.14,-0.169,0.07,-0.984,-0.591,0.011,0.065,-0.183,-0.03,0.169
Zfp251,-0.354,0.353,-0.037,0.141,-0.182,-0.177,0.277,-0.131,0.023,0.075,0.154,-0.192,0.264
Zfp26,0.308,-0.943,0.111,0.241,0.078,-0.208,-0.585,0.16,-0.149,0.107,0.082,0.18,-0.053
Zfp260,-0.123,-0.053,0.009,0.15,-0.766,0.115,0.336,-1.174,0.054,0.005,0.065,-0.142,-0.008
Zfp266,-0.078,-0.278,0.119,-0.03,-0.299,-0.146,-0.241,-0.709,-0.047,0.074,0.149,0.07,0.005
Zfp27,-0.104,-0.133,0.067,0.281,0.202,0.37,,,-0.28,0.138,-0.216,0.129,-1.154
Zfp275,0.421,1.004,0.027,0.217,0.131,0.246,0.331,,0.12,0.045,0.169,0.303,0.298
Zfp277,-0.161,0.577,-0.06,-0.005,-0.216,-0.031,0.074,0.187,-0.058,0.067,-0.0,-0.07,-0.132
Zfp28,-0.99,2.348,0.166,-0.038,-0.61,0.307,-0.845,,-0.355,-0.091,-0.071,0.034,-0.364
Zfp280b,0.28,0.27,0.004,0.075,0.757,0.687,-1.27,,0.166,0.115,0.142,0.304,
Zfp280c,-0.358,-1.105,0.129,0.509,-0.192,0.757,-1.298,,-0.049,-0.0,-0.078,-0.089,
Zfp280d,-0.224,-1.232,0.109,-0.049,-0.678,-0.007,0.668,-0.269,-0.02,0.134,0.126,0.051,0.274
Zfp281,0.371,-0.44,0.212,0.134,-0.525,0.144,0.288,-0.25,0.121,0.16,0.027,0.204,0.165
Zfp286,-0.427,0.259,0.089,-0.117,-0.138,-0.163,,,-0.027,0.127,0.15,-0.014,-0.61
Zfp287,0.298,-1.587,0.097,0.039,-0.764,0.15,0.725,0.109,0.161,0.122,0.255,0.028,0.208
Zfp292,-0.158,-0.429,0.045,-0.071,-0.652,-0.176,-0.165,-0.138,-0.018,0.076,0.18,-0.039,0.046
Zfp3,0.435,-0.516,-0.036,0.099,-0.36,-0.405,,,0.079,-0.085,-0.462,0.035,-0.406
Zfp30,-0.121,-1.313,-0.047,-0.064,-0.175,-0.108,-0.463,-0.158,-0.056,-0.158,0.029,-0.094,-0.041
Zfp317,0.198,-0.643,0.039,0.176,-0.947,-0.264,-0.567,0.205,0.192,-0.014,0.243,-0.066,-0.276
Zfp318,0.182,-0.488,0.05,0.163,0.32,0.115,0.585,-0.538,-0.02,0.182,0.193,-0.001,-0.159
Zfp322a,-0.013,0.254,0.057,0.027,0.009,0.262,-0.649,0.124,-0.001,0.035,0.126,0.008,0.098
Zfp326,0.115,-0.464,-0.118,-0.077,-0.599,-0.073,0.072,0.025,-0.061,-0.041,-0.056,-0.128,-0.055
Zfp329,-0.16,-0.203,-0.07,-0.074,-0.247,0.188,0.021,0.028,0.16,0.059,0.022,-0.006,-0.082
Zfp330,-0.009,0.495,-0.241,0.022,-0.283,0.06,0.209,-0.13,-0.09,-0.062,0.076,-0.089,-0.046
Zfp334,-0.284,0.117,0.053,0.067,-0.781,-0.177,0.973,,0.065,-0.086,-0.133,-0.011,-0.479
Zfp335,-0.103,0.367,0.262,0.421,0.703,-0.226,0.406,0.422,0.242,0.069,-0.046,0.024,
Zfp346,-0.081,0.305,0.2,0.166,-0.506,-0.031,-0.271,-0.005,0.084,0.185,0.286,0.187,-0.636
Zfp35,0.342,0.231,0.034,0.185,0.011,0.236,-0.442,,-0.106,-0.048,0.057,0.177,0.201
Zfp354a,-0.007,1.894,0.043,-0.004,0.454,0.473,,,-0.191,-0.039,0.503,0.171,-1.514
Zfp354c,0.085,-0.013,0.078,0.248,-0.437,-0.255,-0.093,-2.269,0.196,0.166,0.043,0.198,0.209
Zfp358,0.053,-0.327,-0.118,-0.048,-0.326,0.08,0.176,,-0.108,-0.056,-0.137,-0.286,0.114
Zfp36,0.336,-0.147,-0.387,-0.43,-3.226,0.028,-0.63,-1.136,-0.281,-0.071,-0.411,,
Zfp362,-0.218,-0.219,-0.025,0.009,-0.075,-0.106,-0.803,,-0.006,0.079,0.025,0.097,-0.159
Zfp365,-0.323,-0.047,0.184,0.143,-0.143,0.452,0.682,0.046,-0.108,0.077,0.039,0.014,0.194
Zfp367,-0.021,1.021,0.109,0.231,-1.216,0.171,0.136,,-0.051,-0.005,-0.302,,
Zfp37,0.215,0.348,0.05,-0.037,-0.729,-0.092,-0.49,,0.246,-0.01,-0.044,0.017,0.126
Zfp384,0.045,-0.385,0.107,,-0.346,-0.462,-0.964,,0.206,0.231,0.153,0.177,
Zfp385a,0.047,-1.007,0.054,-0.163,0.454,-0.732,1.039,0.902,-0.038,-0.034,-0.102,-0.017,0.776
Zfp386,-0.313,0.079,0.004,-0.071,0.093,-0.239,-0.147,0.016,-0.01,-0.117,-0.104,-0.027,0.243
Zfp397,-0.591,0.868,0.116,-0.101,-0.058,-0.254,-0.574,-0.264,0.076,0.081,-0.111,0.231,-0.078
Zfp40,0.328,-0.166,0.065,-0.191,0.073,0.176,0.188,0.267,0.119,0.075,0.216,-0.07,0.446
Zfp410,-0.133,0.147,0.224,0.029,-0.146,-0.326,0.397,0.173,-0.123,0.13,0.02,0.252,-0.1
Zfp414,-0.167,-0.215,-0.065,-0.104,-0.03,-0.11,0.023,-0.227,-0.115,-0.085,0.208,-0.005,0.076
Zfp420,0.429,-1.059,-0.126,0.281,-0.269,0.677,,,0.048,0.006,-0.152,-0.133,0.672
Zfp422,0.353,0.425,-0.044,-0.032,-0.565,-0.007,0.293,-0.467,-0.176,-0.086,-0.037,0.14,-0.208
Zfp423,-0.073,-0.591,0.124,-0.035,0.056,-0.274,0.682,-0.13,-0.032,-0.061,0.01,0.119,0.128
Zfp426,0.406,0.12,-0.044,-0.114,-0.094,0.102,0.393,0.266,-0.027,0.055,0.09,-0.057,-0.094
Zfp428,-0.123,0.193,-0.204,-0.04,-0.103,0.016,-0.354,0.026,-0.005,-0.088,-0.034,0.115,0.132
Zfp444,-0.046,-1.716,0.0,-0.069,0.194,0.192,0.085,-0.352,-0.05,0.01,-0.205,0.056,-0.013
Zfp445,0.048,-0.539,0.2,0.046,-0.198,-0.105,0.432,0.124,0.067,0.204,0.09,-0.139,
Zfp449,-0.522,1.924,0.037,0.38,0.769,0.09,,,-0.361,0.057,0.166,-0.355,0.345
Zfp451,0.038,-0.308,0.081,-0.0,-0.196,0.07,0.436,0.355,0.032,0.087,0.199,0.121,-0.069
Zfp46,0.35,-0.227,-0.016,-0.054,-0.23,0.1,0.264,,-0.091,0.336,0.078,0.031,-0.61
Zfp467,0.404,-0.106,-0.163,-0.09,-0.184,-0.242,0.031,-0.493,0.02,-0.081,-0.137,-0.079,-0.088
Zfp51,-0.352,0.529,-0.129,-0.099,-0.05,-0.328,,,-0.023,-0.177,-0.006,,-0.218
Zfp511,0.207,0.598,-0.092,-0.023,0.213,0.444,0.077,0.37,0.013,-0.089,-0.061,-0.253,-0.145
Zfp512,-0.239,0.818,0.036,0.033,-0.109,-0.18,0.203,0.31,-0.041,0.046,0.051,0.016,-0.054
Zfp518a,-0.026,-1.262,0.049,-0.141,-1.012,0.047,0.666,,0.024,0.076,-0.14,-0.072,
Zfp518b,-0.326,-0.223,0.181,-0.244,0.258,-0.177,-0.218,,0.179,0.106,0.096,0.327,-0.554
Zfp52,0.492,0.469,0.18,0.064,0.329,0.241,-0.063,,0.038,-0.044,-0.459,,
Zfp521,0.173,-0.075,0.089,,0.111,0.108,,,0.087,0.15,-0.386,0.599,0.039
Zfp523,0.021,1.1,0.173,0.049,0.109,0.512,-0.059,0.11,-0.02,0.067,0.18,0.28,0.066
Zfp524,-0.254,-0.43,-0.162,-0.158,0.914,0.07,-0.484,-0.764,0.037,-0.08,0.108,-0.136,0.144
Zfp532,0.043,-1.101,0.11,0.16,0.444,0.049,1.187,-0.373,0.067,0.04,0.055,0.32,-0.179
Zfp536,0.55,-0.857,-0.073,,0.132,,-0.779,,0.079,0.083,-0.135,-0.211,-0.559
Zfp560,-0.017,-0.364,-0.106,0.019,0.153,-0.127,0.084,-0.018,0.006,-0.116,0.129,-0.112,-0.017
Zfp574,-0.073,-2.209,-0.006,-0.107,-0.199,-0.168,-1.111,,-0.144,-0.043,0.012,0.153,-0.764
Zfp575,-0.384,0.82,-0.086,0.021,0.332,-0.21,0.645,,-0.025,-0.13,0.061,0.016,0.029
Zfp580,0.139,-0.007,-0.246,-0.017,0.343,-0.027,-0.304,-0.233,-0.025,-0.045,-0.017,-0.24,0.082
Zfp583,0.257,0.968,-0.122,-0.075,-0.229,0.086,0.679,,-0.048,-0.152,-0.181,-0.017,-0.131
Zfp592,0.002,0.418,0.132,0.027,0.177,-0.422,-0.046,-0.665,-0.132,0.163,0.207,0.179,0.54
Zfp593,-0.123,-0.361,-0.121,0.025,0.378,-0.004,-0.041,-0.392,-0.058,-0.065,-0.125,-0.508,0.059
Zfp597,-0.26,-0.494,-0.015,-0.133,0.008,0.401,0.206,0.009,0.181,0.052,0.233,0.162,
Zfp598,0.02,0.783,0.086,-0.219,-0.45,0.195,0.273,0.029,0.171,0.151,0.002,0.144,0.237
Zfp60,-0.036,1.463,-0.011,0.101,-0.494,0.075,0.316,-0.134,-0.103,-0.039,0.004,-0.003,-0.301
Zfp605,-0.146,0.444,-0.09,-0.129,-0.013,0.083,0.428,,0.128,-0.003,-0.048,-0.3,0.024
Zfp606,0.19,-0.113,0.063,0.037,-0.189,0.04,-0.103,,0.083,0.032,0.091,-0.066,0.736
Zfp608,0.233,-0.24,-0.081,0.001,0.018,0.211,0.605,-0.055,0.001,0.101,0.222,0.098,-0.013
Zfp61,-0.158,-0.046,-0.014,0.03,-0.646,0.17,0.583,,0.078,0.131,0.118,-0.042,-0.157
Zfp612,0.024,-0.75,0.028,-0.119,-0.099,-0.213,0.411,0.499,0.051,0.007,0.042,-0.01,-0.019
Zfp617,-0.015,-1.508,-0.112,0.006,-0.207,-0.061,0.538,-0.298,0.0,-0.014,-0.057,0.141,0.035
Zfp62,0.25,0.498,0.094,-0.081,0.096,-0.024,-0.186,0.174,-0.047,0.096,-0.09,-0.172,0.127
Zfp622,-0.085,-0.438,-0.046,-0.095,0.486,0.043,-0.063,0.022,-0.122,0.064,-0.094,-0.075,0.083
Zfp623,-0.21,0.68,0.048,-0.079,-0.464,0.147,,,-0.023,-0.031,0.194,-0.294,0.057
Zfp637,-0.075,-0.166,-0.156,-0.006,-0.228,0.166,0.052,-0.305,-0.085,-0.099,0.008,-0.131,-0.096
Zfp639,-0.117,0.184,-0.036,-0.107,-0.055,0.001,0.547,0.187,0.015,-0.032,-0.071,-0.268,0.053
Zfp64,-0.168,-0.444,0.124,0.013,0.042,0.134,0.307,0.342,-0.022,0.158,-0.03,0.087,0.146
Zfp644,0.161,0.008,0.011,0.039,-0.345,0.051,0.461,0.004,-0.073,0.041,0.065,0.057,0.013
Zfp651,0.076,-0.753,0.091,0.137,-0.265,-0.116,-0.083,0.335,-0.011,0.149,0.19,0.252,0.066
Zfp654,0.08,0.017,0.154,-0.057,-0.424,0.29,0.683,-0.76,-0.277,0.063,-0.19,0.21,
Zfp655,-0.437,-0.092,0.044,0.014,-0.582,-0.156,0.055,0.182,0.004,0.047,0.069,0.017,0.242
Zfp664,-0.009,-0.058,-0.003,-0.003,-0.53,0.107,0.417,0.015,0.017,-0.04,0.094,0.001,0.07
Zfp667,-0.027,-0.889,-0.205,-0.044,-0.374,0.06,0.615,0.346,-0.124,0.014,-0.074,-0.02,-0.426
Zfp668,-0.055,-0.866,0.178,-0.026,0.066,-0.134,,,0.19,-0.003,0.113,0.141,-0.43
Zfp672,0.247,-0.791,0.08,-0.175,0.736,0.629,-0.104,0.048,-0.06,-0.014,0.077,0.07,-0.104
Zfp677,-0.446,1.47,0.016,0.011,0.863,-0.211,,,-0.292,-0.0,0.191,-0.11,
Zfp68,-0.133,-0.013,0.128,0.015,-0.334,-0.017,0.852,-0.356,-0.111,-0.005,0.046,0.118,-0.174
Zfp687,-0.355,-0.244,0.013,-0.239,-0.296,0.37,-1.142,-0.392,0.003,0.06,0.062,0.07,-0.152
Zfp688,-0.056,-0.066,-0.076,-0.081,-0.329,0.057,-0.912,0.216,-0.064,-0.038,-0.059,0.076,-0.195
Zfp689,0.116,0.58,-0.023,-0.326,-0.39,-0.676,,,-0.178,0.144,-0.031,0.26,0.142
Zfp692,-0.133,1.071,0.153,0.033,-0.508,0.012,-0.589,-0.188,0.023,0.233,-0.186,-0.163,-0.239
Zfp7,-0.104,-0.889,-0.021,0.115,0.34,0.499,,0.57,-0.114,0.145,0.022,,
Zfp706,-0.036,0.129,-0.023,-0.027,-0.031,-0.112,0.1,-0.083,0.031,-0.083,0.057,-0.02,-0.015
Zfp707,0.127,-0.141,-0.092,0.039,0.28,0.045,-1.354,,-0.201,-0.108,0.111,-0.203,-0.092
Zfp711,-0.139,-1.472,0.054,0.086,-1.011,-0.42,,,0.211,0.079,0.375,0.057,-0.03
Zfp715,0.101,-0.497,0.192,-0.011,-0.629,-0.8,-0.527,0.276,-0.007,0.12,0.113,0.084,-0.263
Zfp719,0.175,1.602,0.08,0.376,0.909,-0.045,,,-0.032,0.059,-0.069,0.103,-0.628
Zfp738,-0.685,0.296,0.183,0.076,-0.224,-0.421,0.524,-0.177,-0.287,0.075,0.221,0.058,
Zfp74,-0.338,-1.183,0.121,0.212,-0.508,0.119,-0.661,0.208,-0.046,-0.096,0.247,0.313,0.061
Zfp740,0.077,-0.014,0.232,0.24,-0.582,0.007,0.407,0.088,-0.161,0.129,0.073,0.201,-0.406
Zfp746,0.393,0.896,0.111,0.288,-0.311,-0.35,-0.328,-0.457,0.019,0.048,-0.108,0.115,0.025
Zfp748,0.267,0.235,0.163,0.428,0.088,0.15,,,-0.141,-0.111,0.057,0.108,
Zfp760,-0.123,-0.743,0.026,0.045,-0.746,-0.045,-0.686,-0.214,0.258,0.071,0.225,0.168,-0.216
Zfp763,-0.273,0.3,0.087,-0.105,-0.417,-0.206,,,0.179,0.009,0.051,0.285,0.095
Zfp770,0.094,0.24,0.037,-0.022,-0.1,-0.412,1.074,,0.042,-0.028,0.454,0.153,-1.152
Zfp771,-0.043,-0.053,-0.1,-0.162,0.508,-0.119,-0.268,-0.065,-0.091,-0.07,-0.131,-0.185,-0.046
Zfp772,-0.148,-0.948,0.17,0.068,-0.149,0.986,0.254,,-0.128,0.37,0.286,0.017,-0.827
Zfp784,-0.495,-0.204,-0.114,0.037,-0.641,0.511,,,-0.034,-0.147,0.026,,-0.215
Zfp788,0.193,-0.14,-0.173,0.173,-0.353,0.047,0.761,0.006,-0.044,0.008,-0.03,0.016,-0.013
Zfp799,0.436,-0.541,0.062,0.118,-0.619,0.531,,,-0.025,0.153,0.264,0.103,-0.07
Zfp800,0.225,-0.541,-0.052,0.002,-0.854,0.074,-0.174,-0.091,0.172,0.075,-0.068,0.053,-0.029
Zfp804a,0.146,0.166,0.194,-0.014,0.612,0.043,0.587,0.18,0.037,-0.08,0.022,-0.828,-0.224
Zfp81,-0.175,,0.013,0.203,-0.488,-0.273,0.611,-2.874,-0.106,0.151,0.113,0.179,-0.015
Zfp810,0.439,-0.627,0.193,0.044,0.002,-0.041,,,-0.255,0.237,-0.197,,0.003
Zfp811,0.389,-1.144,0.053,0.13,-0.408,0.036,,-0.035,-0.253,0.002,0.014,0.08,-0.347
Zfp821,-0.001,-0.43,-0.069,0.026,0.26,-0.142,-0.32,-0.114,-0.09,-0.019,0.046,0.159,0.095
Zfp825,-0.07,-1.506,0.167,-0.02,-0.028,-0.035,0.004,,0.185,-0.085,-0.203,-0.068,0.088
Zfp827,0.246,0.154,0.177,0.152,-0.388,0.115,-0.311,-0.228,0.146,0.175,0.323,0.33,-0.126
Zfp830,-0.415,0.361,-0.045,-0.196,-1.006,0.112,0.279,-0.558,-0.386,-0.102,-0.483,-0.171,-0.128
Zfp84,-0.204,0.82,-0.019,,-0.681,0.15,-1.514,,-0.249,0.026,-0.024,0.044,0.342
Zfp846,-0.384,-0.976,0.072,0.015,-0.314,-0.009,-0.38,-0.016,0.092,0.105,0.152,0.161,0.403
Zfp866,0.407,-0.045,0.094,-0.057,-0.429,-0.103,,,0.329,0.154,-0.24,-0.021,0.095
Zfp867,-0.546,1.565,0.233,-0.041,0.102,-0.179,,,0.293,0.057,-0.05,0.058,-0.126
Zfp868,-0.212,-0.572,-0.053,-0.032,-0.539,0.398,0.067,,0.095,0.014,0.082,0.053,0.046
Zfp869,0.265,0.445,0.021,-0.092,-0.393,0.08,-0.263,,0.157,0.167,0.124,,
Zfp87,0.173,0.671,-0.031,-0.013,0.443,-0.114,0.421,,0.024,-0.035,0.04,0.004,-0.511
Zfp871,0.03,0.166,0.173,0.129,-0.065,0.09,0.31,-0.133,0.102,0.206,0.042,-0.135,-0.054
Zfp874a,-0.223,-1.851,0.062,-0.084,0.332,0.199,-0.023,,-0.014,0.064,0.013,-0.134,0.003
Zfp874b,0.488,-0.091,0.115,0.252,0.536,-0.033,-0.441,-0.784,-0.049,0.088,0.244,0.217,
Zfp9,-0.026,0.279,0.051,0.013,-0.121,0.103,0.279,-0.245,0.065,0.02,0.2,-0.131,-0.055
Zfp90,0.273,0.166,-0.014,-0.139,-0.268,-0.133,-0.426,-0.143,-0.03,0.062,-0.356,0.008,-0.87
Zfp91,0.017,-0.17,-0.025,0.081,-0.186,0.016,-0.025,0.242,0.042,-0.067,-0.057,0.078,-0.096
Zfp931,-0.194,0.516,-0.043,0.103,1.081,0.307,-0.666,0.43,-0.049,-0.139,-0.071,-0.276,0.241
Zfp932,-0.205,1.213,0.057,-0.004,0.373,0.266,-0.202,0.414,0.139,-0.153,-0.11,-0.285,0.063
Zfp934,-0.249,0.971,0.097,-0.216,0.305,-0.211,-0.983,,0.261,-0.053,-0.061,,
Zfp938,0.018,-0.665,-0.065,0.112,-0.096,0.171,0.245,0.022,0.147,-0.145,-0.063,-0.186,0.061
Zfp94,-0.523,-2.399,-0.065,-0.124,0.243,1.46,,,0.01,-0.049,0.032,,-0.091
Zfp940,0.206,,-0.011,-0.259,0.153,-0.519,,,0.107,0.16,-0.135,-0.098,0.319
Zfp941,0.256,0.704,0.026,-0.03,-0.082,0.01,0.437,0.185,0.212,-0.021,0.058,-0.07,-0.022
Zfp942,0.302,0.523,0.07,0.113,-0.062,-0.071,-0.339,-0.563,-0.012,-0.001,-0.103,0.163,0.197
Zfp943,-0.085,-0.742,0.065,-0.027,-0.327,-0.293,-0.032,,0.068,0.163,0.058,-0.005,0.172
Zfp944,0.314,-0.398,-0.101,0.08,0.32,0.063,-0.339,0.237,-0.195,-0.084,0.102,-0.088,-0.206
Zfp945,0.002,0.109,0.03,0.114,-0.074,-0.096,-0.713,0.242,0.002,0.072,-0.116,0.013,0.202
Zfp946,0.109,-0.375,0.038,0.029,-0.373,0.185,0.148,0.29,0.099,0.078,-0.082,0.258,-0.409
Zfp948,-0.021,-0.519,0.097,0.106,0.012,-0.078,0.304,0.072,0.137,0.018,0.009,-0.202,-0.215
Zfp949,0.157,-0.278,0.107,0.141,0.114,-0.05,0.131,0.548,0.093,-0.025,0.089,0.131,0.201
Zfp952,-0.192,0.39,0.082,0.084,-0.369,-0.291,0.397,-1.323,-0.103,0.167,0.184,-0.03,-0.505
Zfp954,0.208,-0.238,-0.073,0.11,0.718,-0.464,-0.352,,-0.058,0.041,-0.218,-0.164,-0.025
Zfp955b,0.392,0.327,0.047,0.297,-0.394,-0.291,-0.248,,-0.058,0.011,0.17,,
Zfp956,0.023,0.511,-0.011,0.073,-1.033,0.562,0.126,0.56,-0.229,0.112,-0.029,0.239,0.758
Zfp958,-0.015,0.72,0.058,0.378,-0.898,-0.151,,,-0.293,-0.093,0.015,-0.235,
Zfp959,-0.175,-1.076,0.017,-0.466,-0.773,-0.212,,,-0.42,-0.186,0.026,,-0.304
Zfp961,0.297,0.091,0.129,0.105,-0.797,0.177,,,-0.101,0.041,0.088,0.021,0.178
Zfpl1,-0.058,-0.286,-0.098,-0.059,0.244,-0.236,-0.138,0.415,-0.064,0.02,-0.133,-0.452,0.267
Zfr,0.101,0.006,0.024,0.026,0.219,0.032,0.452,-0.009,0.034,0.049,0.032,0.005,0.008
Zfr2,0.339,-0.304,0.027,0.086,0.62,0.531,0.033,-0.119,-0.076,0.047,0.113,0.066,-0.294
Zfx,0.007,1.275,-0.002,0.184,-0.369,0.402,0.178,0.495,0.234,0.124,-0.172,0.049,-0.194
Zfyve1,-0.319,-1.531,0.15,-0.146,-0.206,-0.294,0.302,-0.235,-0.142,0.166,-0.055,0.309,-1.505
Zfyve16,0.226,-0.601,0.177,-0.041,0.627,0.041,-0.483,0.588,0.067,0.202,0.06,-0.071,-0.044
Zfyve19,-0.049,-0.089,0.127,0.035,0.546,0.473,0.196,-0.159,-0.031,-0.138,-0.136,-0.047,-0.399
Zfyve21,0.3,0.156,-0.018,-0.138,0.417,0.652,-1.111,0.414,0.014,0.008,0.19,-0.213,-0.567
Zfyve27,-0.046,-0.947,0.317,-0.047,0.098,0.217,0.099,-0.169,0.092,0.361,0.176,0.152,0.239
Zfyve28,-0.142,1.454,0.317,0.275,0.755,0.262,0.142,-0.013,0.061,0.161,0.128,0.345,
Zfyve9,0.37,,0.107,-0.148,-0.028,0.23,0.056,0.267,-0.06,0.095,0.051,-0.032,-0.085
Zgpat,-0.285,-0.491,-0.072,0.091,0.351,-0.582,-0.683,-0.406,-0.111,-0.106,0.032,-0.155,-0.04
Zhx1,-0.177,-0.433,0.04,-0.0,-0.162,0.209,0.487,-1.001,0.116,-0.025,0.011,0.091,0.012
Zhx3,0.234,0.416,-0.02,-0.136,0.045,0.261,-0.796,-0.535,0.105,0.252,0.15,0.037,-0.297
Zik1,0.199,-0.284,-0.124,-0.027,-0.769,-0.087,-0.041,,0.047,-0.023,0.072,0.273,-0.636
Zkscan1,-0.029,0.049,0.042,0.033,-0.433,-0.272,0.23,0.375,0.024,0.166,0.009,0.034,-0.091
Zkscan14,0.108,-0.016,-0.083,-0.111,-0.407,0.644,0.71,,-0.344,-0.088,-0.242,0.099,0.081
Zkscan3,0.62,-0.811,0.17,0.01,0.246,-0.059,-0.494,-0.128,-0.002,0.036,-0.153,0.01,-0.069
Zkscan5,-0.215,-1.061,0.103,0.131,-0.321,-0.063,0.163,,-0.092,0.009,0.051,0.347,0.111
Zkscan6,0.028,,0.07,-0.024,-0.852,0.465,-0.799,0.087,-0.129,0.062,-0.076,-0.185,-0.049
Zmat1,-0.475,-1.329,0.023,-0.148,0.347,0.12,0.265,-0.154,-0.049,0.078,0.191,0.071,-0.225
Zmat2,0.133,-0.313,-0.224,-0.027,-0.051,0.047,0.096,0.059,-0.048,-0.113,-0.102,-0.162,0.043
Zmat3,0.265,0.326,0.141,0.081,0.21,-0.014,0.374,0.292,0.046,0.169,0.058,0.124,-0.198
Zmat4,0.336,0.616,0.34,0.095,0.422,0.164,0.748,0.128,0.137,-0.01,0.22,,
Zmat5,-0.058,-0.012,-0.173,0.006,-0.033,0.008,0.179,-0.28,-0.151,-0.14,-0.199,-0.189,0.067
Zmiz1,-0.127,0.473,-0.068,-0.013,-0.132,-0.044,0.254,-0.054,0.074,0.094,0.043,0.156,-0.043
Zmiz2,0.08,-0.19,0.162,-0.084,-0.495,0.28,0.362,-0.159,0.042,0.185,0.166,-0.063,0.077
Zmpste24,0.11,-0.546,0.138,0.115,-0.134,-0.11,0.59,-0.292,0.113,0.189,0.074,0.152,-0.027
Zmym1,-0.292,1.183,0.075,-0.104,0.57,-0.054,0.563,-0.09,0.109,0.006,0.251,0.037,-0.058
Zmym2,0.179,-0.611,0.182,0.081,-0.128,-0.043,0.424,-0.012,0.088,0.12,-0.013,0.066,-0.045
Zmym3,0.021,-0.185,0.012,-0.06,-0.06,-0.067,0.482,-0.048,0.015,0.221,0.11,0.326,0.073
Zmym4,-0.029,-0.057,0.007,0.0,-0.535,-0.087,-0.114,-0.026,0.028,0.017,0.102,0.02,-0.052
Zmym5,-0.278,-0.798,-0.024,-0.023,-0.23,-0.078,0.609,0.022,0.095,0.066,0.167,-0.097,0.016
Zmym6,0.432,0.853,0.258,,0.062,0.188,,0.145,-0.394,-0.028,0.137,-0.257,
Zmynd11,-0.03,-0.804,-0.019,0.042,-0.194,0.256,0.216,0.058,-0.023,0.067,0.094,0.126,-0.018
Zmynd19,-0.167,,-0.048,-0.053,-0.304,-0.21,0.385,-0.624,0.1,-0.161,0.018,0.118,0.141
Zmynd8,0.089,-0.222,0.036,-0.039,-0.19,0.007,0.44,0.102,0.001,0.131,0.064,0.1,0.108
Znfx1,0.078,0.439,0.122,-0.297,0.191,0.128,0.207,-0.673,0.065,0.199,0.385,0.333,0.184
Znhit1,0.021,0.321,-0.165,0.069,-0.016,0.147,-0.033,-0.148,0.001,-0.11,-0.031,-0.163,-0.036
Znhit3,0.031,-0.536,-0.194,0.06,-0.02,0.026,-0.659,-0.563,-0.087,-0.091,0.067,-0.104,0.167
Znhit6,-0.389,-0.915,-0.05,-0.005,-0.205,0.103,0.008,-0.16,-0.124,0.08,-0.137,-0.158,0.019
Znrd1,0.166,-0.544,-0.133,-0.023,0.316,-0.002,,0.341,0.015,-0.086,0.063,-0.04,-0.182
Znrd1as,-0.042,1.132,-0.08,-0.244,0.504,0.152,,,-0.164,-0.251,0.05,-0.441,
Znrf1,-0.183,-0.359,0.127,0.013,0.217,-0.191,0.092,0.202,0.018,0.014,-0.007,0.046,0.099
Znrf2,0.18,0.287,-0.016,-0.007,0.079,-0.027,0.212,-0.517,-0.107,0.019,0.038,0.344,0.49
Zranb1,0.43,0.649,0.024,0.006,-0.11,-0.059,0.205,0.231,0.051,0.049,-0.039,0.119,0.025
Zranb2,-0.059,-0.154,0.019,0.054,-0.221,-0.049,0.544,0.218,0.017,-0.032,0.099,-0.084,0.046
Zrsr1,-0.079,-0.178,-0.08,0.085,-0.547,0.537,0.45,-0.425,0.069,-0.011,-0.08,0.151,-0.073
Zrsr2,-0.053,0.867,-0.158,-0.003,0.305,-0.042,0.281,0.172,0.121,-0.093,0.064,0.007,0.096
Zscan18,0.441,0.542,-0.051,-0.183,-0.457,0.061,-0.559,,-0.11,0.146,-0.204,-0.177,0.071
Zscan21,-0.342,1.763,0.077,-0.119,-0.246,-0.234,0.354,,-0.12,0.114,0.026,0.137,0.038
Zscan22,-0.127,-0.723,-0.088,0.027,-0.143,-0.386,,,0.026,0.02,-0.053,0.061,0.059
Zscan29,-0.292,-0.309,0.356,-0.246,-0.859,0.422,-0.338,-0.075,-0.036,0.156,0.362,0.032,
Zswim1,0.428,0.055,-0.05,-0.03,0.233,0.636,-0.192,,0.057,0.035,-0.021,0.219,0.272
Zswim3,0.29,-1.859,0.206,-0.005,0.502,-0.034,,,-0.227,0.167,0.38,-0.088,
Zswim4,-0.461,0.569,0.161,-0.009,-0.172,0.235,-0.953,,0.041,0.045,-0.014,0.113,
Zswim5,-0.608,-0.049,0.224,0.03,-0.526,-0.445,1.099,,0.255,0.338,-0.282,0.236,
Zswim6,-0.101,0.021,0.096,-0.275,-0.07,-0.24,0.264,,-0.001,,0.104,0.261,-0.132
Zswim7,0.109,-0.26,-0.098,0.097,0.378,-0.179,-0.09,-0.605,0.067,-0.005,-0.143,-0.421,-0.737
Zw10,0.185,2.267,0.108,0.123,-0.266,-0.16,-0.2,0.249,-0.02,0.218,-0.318,0.207,0.154
Zwint,-0.015,-0.342,-0.09,-0.035,0.299,-0.07,0.182,0.059,-0.013,0.024,0.035,0.182,0.112
Zxdb,-0.03,-0.09,0.088,-0.138,-0.308,0.438,0.459,,0.139,0.242,0.356,0.174,
Zyg11b,0.091,0.065,0.154,0.088,0.412,-0.112,0.734,0.219,0.066,0.154,0.18,0.266,-0.093
Zyx,-0.321,0.517,-0.014,-0.139,-0.721,-0.229,-0.477,-0.473,-0.059,0.032,-0.142,0.112,-0.028
Zzef1,-0.108,-0.454,0.183,0.154,0.016,0.165,0.49,0.073,0.115,0.254,0.14,0.012,0.251
Zzz3,0.003,-0.357,-0.061,-0.059,-0.073,-0.113,-0.109,0.392,0.02,0.03,0.126,-0.004,-0.286
0610030E20Rik,,0.164,0.175,-0.022,-0.57,-0.218,-0.841,-0.529,-0.277,0.137,-0.163,0.01,-0.14
1700052K11Rik,,0.004,-0.008,-0.231,0.218,-0.07,,,0.035,-0.111,-0.124,-0.192,0.077
2310015A10Rik,,0.07,-0.059,0.026,-0.115,0.618,-1.382,,-0.035,,0.102,0.396,0.256
2610044O15Rik8,,-0.82,-0.017,0.057,-0.079,0.465,-0.116,,-0.038,-0.042,0.053,0.119,0.131
2810021J22Rik,,0.466,0.119,0.131,-0.391,0.653,,,-0.188,0.103,-0.179,0.081,-0.783
2900026A02Rik,,0.727,0.038,-0.091,0.499,0.242,0.5,-0.054,0.1,0.102,0.037,-0.102,
2900060B14Rik,,-0.504,-0.068,0.028,-1.093,-0.142,-1.724,-0.346,0.152,0.068,-0.035,0.101,0.255
4930570G19Rik,,-1.6,0.026,0.2,-0.525,0.727,,,0.101,-0.069,0.117,0.055,-0.086
5031425E22Rik,,-1.388,0.071,-0.134,-0.446,-0.08,0.161,0.375,0.091,0.084,0.07,-0.03,0.056
A630072M18Rik,,-1.028,-0.249,0.001,-0.625,-0.529,-0.602,,-0.299,0.042,-0.005,0.023,-0.151
Aamdc,,0.107,-0.188,0.018,-0.104,0.288,-0.033,-0.225,-0.034,-0.154,-0.044,-0.295,0.033
Aar2,,0.383,0.233,-0.013,0.301,0.264,-0.033,-0.281,0.113,0.157,0.287,0.231,-0.049
Abat,,1.435,0.126,0.117,0.072,-0.075,0.119,0.021,0.013,0.163,0.174,-0.506,-0.315
Abcd1,,1.843,0.177,-0.036,-0.041,0.306,0.547,-0.409,0.056,0.204,0.273,0.364,-0.32
Abl1,,-0.333,0.115,0.037,-0.125,0.069,0.203,-0.128,-0.097,0.155,0.146,0.112,-0.226
Abracl,,1.176,0.058,-0.018,-0.179,-0.066,-0.482,0.097,-0.157,-0.072,-0.029,-0.177,-0.279
Acads,,-1.134,-0.088,0.009,0.104,-0.125,0.218,0.435,-0.063,0.071,-0.255,-0.317,-0.291
Acot1,,-1.682,-0.263,-0.394,-0.255,-0.043,-0.901,,-0.24,-0.236,0.566,,0.012
Acot11,,-0.259,-0.158,0.186,-0.35,0.477,0.399,-0.472,-0.087,0.261,-0.321,0.323,
Acot2,,-1.105,-0.023,0.108,0.213,-0.105,-1.569,,0.017,0.038,-0.168,0.016,-0.161
Acvr2b,,0.554,0.012,0.236,-0.495,-0.151,-0.814,-0.12,-0.159,0.063,-0.326,0.047,-0.146
Adcy5,,0.45,0.121,-0.023,-0.198,0.462,-0.746,,0.208,0.171,0.226,0.024,-0.628
Adcy6,,-0.43,0.222,0.232,0.015,-0.267,0.547,-0.719,0.096,0.19,0.181,0.315,-0.104
Adprm,,-0.131,0.015,0.104,0.266,-0.229,-0.273,-0.104,0.06,-0.021,-0.137,-0.12,-0.071
Afap1,,0.859,0.102,0.152,0.021,0.088,-0.455,0.218,-0.106,0.135,-0.033,0.12,-0.235
Agap2,,0.642,0.06,-0.208,-0.14,0.305,0.773,,0.046,0.316,0.066,0.429,
Ahdc1,,-0.059,0.037,-0.024,-0.463,0.208,0.643,-0.241,0.062,0.214,0.002,0.256,-0.004
Ahnak,,-0.477,-0.295,-0.016,0.483,0.074,-0.124,-0.471,0.056,0.179,0.065,-0.004,-0.053
Ahr,,0.106,-0.14,-0.059,0.123,-0.184,-0.123,-3.831,-0.084,0.312,0.152,,-0.233
Akip1,,0.626,-0.13,-0.085,-0.359,-0.388,-0.898,,0.005,-0.041,0.085,-0.04,0.156
Aldh1b1,,1.1,0.121,0.089,-0.148,0.451,-1.038,,0.253,0.307,-0.579,,-0.724
Aldh3b1,,0.006,-0.183,,1.125,0.678,-0.798,-0.711,0.274,0.126,0.221,0.155,-0.157
Aldh4a1,,-1.937,0.177,0.33,0.132,-0.322,0.035,0.66,-0.098,-0.019,0.205,,
Alms1,,0.688,0.22,-0.185,-0.533,-0.323,,-0.281,0.028,0.28,-0.042,-0.085,-0.105
Alyref,,0.35,-0.178,0.102,-0.314,-0.067,0.01,-0.171,0.12,-0.092,-0.096,-0.226,-0.179
Ambra1,,-0.807,0.161,0.127,0.525,0.218,0.172,0.303,0.061,0.209,-0.008,0.166,-0.399
Amer1,,0.321,0.0,-0.071,-0.106,-0.064,0.324,0.274,0.103,-0.003,0.063,0.228,-0.003
Amer2,,-1.122,-0.12,0.009,0.066,-0.055,-0.441,-0.024,0.134,0.069,0.023,,0.032
Amer3,,-0.402,0.248,0.012,-0.334,0.078,0.508,,0.108,0.153,-0.175,0.041,0.038
Anapc15,,0.116,-0.049,0.056,-0.624,0.357,-0.131,-0.26,0.029,-0.135,0.033,0.053,-0.015
Angptl2,,-0.347,-0.058,0.36,2.098,-0.638,0.554,,-0.049,0.321,0.167,0.537,-0.716
Ankrd34b,,0.599,-0.052,-0.08,0.579,0.827,,,0.328,0.008,0.088,0.955,0.334
Ankrd44,,-0.231,0.104,-0.057,-0.101,0.187,-0.174,0.173,-0.03,0.282,0.27,0.17,-0.006
Ap5m1,,-0.14,0.178,0.08,-0.332,-0.34,-0.377,-0.196,0.05,0.232,0.087,0.108,
Ap5s1,,0.56,-0.071,0.107,-0.168,-0.211,-0.532,-0.006,0.057,0.045,0.005,0.084,-0.241
Ap5z1,,1.244,0.042,-0.201,-0.562,-0.41,0.142,0.241,-0.159,0.219,-0.313,0.348,0.022
Apaf1,,-1.446,0.193,0.245,-0.048,0.253,-0.713,,0.178,0.291,0.215,0.075,-0.191
Aph1a,,0.685,0.043,-0.066,-0.156,0.206,0.08,-0.045,-0.088,0.042,-0.047,0.043,-0.101
Aph1c,,-1.222,0.238,0.218,0.276,2.297,-0.07,,-0.012,0.022,0.191,0.116,-0.457
Apmap,,-0.468,0.206,-0.048,0.154,-0.053,0.304,-0.431,0.142,0.127,-0.008,0.303,0.23
Apopt1,,0.296,-0.146,-0.063,-0.086,0.016,,0.39,0.062,-0.113,-0.058,-0.183,0.232
Arhgap23,,-0.441,0.02,0.066,-0.323,0.115,0.383,-0.027,-0.028,0.192,0.09,0.117,-0.941
Arhgap31,,0.427,0.204,-0.264,1.538,,-0.637,-0.468,-0.21,0.06,-0.0,0.02,-0.802
Arhgap39,,-0.387,0.026,0.185,0.572,0.032,-0.038,-0.127,-0.048,0.201,0.154,0.227,-0.201
Arhgef28,,-0.063,0.135,-0.019,0.107,0.049,0.848,0.205,-0.059,0.116,0.079,0.143,0.16
Arid3a,,1.195,0.066,-0.034,-0.463,0.144,,0.279,0.005,0.142,0.163,0.135,0.237
Arid3b,,-2.028,0.147,-0.06,-0.629,-0.261,,-0.063,0.065,-0.077,-0.077,0.11,
Arl14ep,,0.07,-0.034,0.021,-0.508,0.356,-0.343,,0.154,-0.011,0.011,-0.046,-0.19
Armcx4,,-0.04,0.008,0.093,-0.59,0.175,0.323,-0.198,-0.09,0.217,0.051,0.235,0.105
Arnt,,0.471,0.145,0.072,0.744,0.186,0.496,-0.616,0.138,0.192,0.152,0.112,-0.198
Asic2,,-0.078,-0.083,0.176,0.73,0.102,0.305,-0.104,0.04,0.306,0.262,-0.099,-0.072
Astn2,,-1.101,0.2,-0.601,1.319,-0.004,0.508,,0.089,0.352,-0.151,-0.276,-1.246
Asxl3,,-0.369,0.001,-0.036,-0.535,0.056,,-0.211,-0.101,-0.164,-0.09,0.108,0.238
Atf5,,-0.038,0.013,0.004,0.169,0.251,-0.078,0.009,-0.128,-0.034,0.093,0.241,0.154
Atg2a,,-0.436,0.072,0.11,-0.285,-0.123,0.073,0.034,0.109,0.161,0.155,0.103,-0.161
Atn1,,-0.39,-0.033,0.022,-0.333,0.147,0.233,-0.134,0.022,0.134,-0.036,0.32,0.134
Atp5g2,,0.241,-0.17,-0.035,-0.368,-0.129,-0.302,-0.201,0.015,-0.124,-0.049,-0.271,-0.078
Atraid,,-0.308,0.004,-0.073,-0.316,-0.154,-0.018,-0.102,-0.163,-0.053,-0.14,-0.237,0.07
Atxn1l,,-0.094,0.034,-0.036,0.597,0.619,0.55,-3.068,-0.032,0.117,-0.03,0.314,-0.08
Axin1,,1.381,0.119,-0.035,-0.534,0.05,0.274,-0.545,-0.002,-0.037,-0.134,0.145,0.507
B3galt2,,-0.751,0.333,-0.198,-0.08,0.659,,-0.615,0.137,0.16,-0.314,-0.698,-0.239
B4galnt4,,0.163,0.171,-0.112,0.271,0.132,0.036,0.231,0.019,0.205,0.14,,-0.612
Babam1,,0.585,-0.07,-0.008,0.153,-0.011,0.297,-0.028,-0.01,-0.07,-0.066,-0.177,0.051
Bach2,,-1.199,0.1,0.011,-0.719,0.128,-1.606,-0.469,0.016,-0.034,0.09,0.329,-0.589
Bahd1,,0.011,0.094,0.089,-0.555,0.299,0.404,-0.015,0.121,0.086,0.084,0.003,-0.446
Bak1,,0.106,0.102,-0.119,-0.324,-0.001,-0.23,,-0.027,0.125,0.021,0.216,-0.056
Bbc3,,-0.769,-0.169,-0.027,-0.187,-0.103,-0.057,0.192,-0.106,-0.039,-0.09,0.009,0.067
Bcl9,,-2.646,0.045,-0.178,-0.615,-0.049,0.031,0.5,0.018,-0.028,0.154,0.011,0.125
Bcl9l,,-0.761,-0.094,0.173,0.086,-0.242,0.681,-0.103,0.114,0.011,0.055,0.154,0.048
Bcor,,1.104,-0.096,0.249,-0.464,-0.247,-0.1,0.592,0.042,0.034,-0.077,-0.019,0.182
Bcorl1,,-1.361,-0.056,0.175,-0.671,-0.199,0.067,,0.388,0.2,0.047,0.148,-0.639
Bend4,,-0.261,-0.026,0.14,-0.189,0.113,,-0.757,0.149,0.039,0.008,0.392,
Bend7,,1.407,-0.03,0.192,-0.252,0.042,1.194,0.122,0.099,0.056,-0.069,-0.022,-0.431
Bloc1s4,,-0.596,-0.079,-0.126,0.177,0.043,0.302,-0.933,-0.043,-0.066,-0.188,-0.068,0.066
Bloc1s5,,0.144,-0.102,-0.141,-0.128,-0.17,-0.408,0.372,-0.015,-0.121,-0.001,-0.463,-0.09
Bloc1s6,,-0.015,-0.002,-0.009,-0.037,0.186,-0.334,-0.547,0.05,-0.11,0.177,-0.048,0.089
Bmf,,1.163,-0.249,-0.344,-1.019,0.115,,,-0.032,0.081,-0.207,-0.19,-0.496
Bmp1,,-1.423,0.231,0.12,-0.309,-0.148,-0.194,-0.231,-0.336,,-0.02,,-0.462
Bmp2k,,-0.416,-0.026,0.307,0.369,-0.236,-0.861,,0.001,0.09,0.151,-0.134,0.062
Brk1,,0.243,-0.131,-0.043,0.145,-0.047,0.127,0.146,-0.025,-0.081,0.018,-0.208,0.043
Brpf3,,-0.615,0.142,-0.012,-0.328,0.104,-0.044,,0.085,0.321,0.161,0.326,
Brsk1,,0.567,0.262,-0.046,0.363,0.124,0.114,-0.023,0.074,0.089,0.071,0.127,-0.078
Brwd3,,0.148,0.04,-0.03,-0.351,0.105,,-0.057,-0.041,0.219,0.058,-0.087,-0.127
C1galt1,,-2.473,0.026,0.055,-0.558,0.1,-0.806,,0.011,0.09,0.01,0.273,-0.492
C2cd3,,-1.488,0.082,0.104,-0.377,-0.164,-1.031,-0.74,0.22,0.212,0.069,0.191,0.049
C2cd4c,,-0.725,0.248,-0.047,0.61,0.229,,-0.629,0.088,0.3,0.195,0.535,0.085
C2cd5,,-0.179,0.124,0.144,-0.243,0.229,0.544,0.195,0.116,0.282,0.26,-0.059,0.087
Caap1,,-0.133,-0.01,-0.055,-0.504,-0.221,0.14,0.576,-0.057,-0.053,0.291,-0.246,-0.054
Cables1,,-0.73,0.122,0.027,1.073,0.115,,,0.24,0.1,-0.105,-0.024,-1.101
Cacfd1,,0.93,0.182,0.014,0.248,-0.06,0.069,-0.14,0.028,0.018,-0.003,0.01,0.028
Cacna1b,,-2.589,0.09,0.082,0.099,0.082,0.547,0.064,0.133,0.31,0.154,0.09,-0.014
Cacna1c,,1.174,0.022,-0.175,-0.657,-0.583,0.008,-0.559,0.23,0.332,0.019,0.312,
Cacna1d,,-0.552,0.32,-0.059,-0.781,-0.438,0.816,0.022,0.196,0.256,-0.021,0.02,
Cacna2d2,,-0.421,-0.124,-0.02,0.155,0.228,0.99,-0.144,0.106,0.255,0.081,0.461,0.074
Cactin,,-0.421,0.095,-0.087,-0.503,0.466,-2.211,-1.507,0.039,0.12,0.114,0.179,-0.048
Cacul1,,-0.393,0.121,-0.003,0.191,0.384,0.199,-0.339,0.134,0.101,0.087,0.161,0.057
Cad,,-0.648,0.228,-0.044,0.063,0.024,-1.041,,0.135,0.066,0.383,-0.188,
Cadm4,,-0.303,0.205,0.07,-0.017,-0.029,-0.076,-0.242,-0.117,0.111,-0.002,0.387,-0.152
Cald1,,-0.634,-0.579,-0.244,-1.09,-0.487,-0.399,-0.203,-0.061,0.048,-0.065,-0.161,-0.319
Caln1,,0.367,,0.367,1.079,0.484,-1.505,0.332,-0.092,,0.256,1.127,-0.005
Camk2a,,-0.844,-0.013,-0.429,0.793,0.134,0.454,0.565,0.076,0.223,0.892,-0.17,-0.094
Camkk2,,-0.97,0.003,0.145,0.305,0.08,0.369,-0.092,0.095,0.172,0.11,0.051,-0.103
Carhsp1,,0.752,-0.028,-0.027,-0.161,-0.005,-0.109,-0.171,-0.064,-0.082,-0.035,-0.201,-0.117
Casp2,,0.449,0.019,-0.04,-0.847,-0.082,,-0.888,-0.057,0.283,-0.076,0.09,-0.169
Casp7,,-1.324,-0.146,-0.041,0.143,0.644,,,-0.138,-0.168,0.106,0.027,0.034
Cbfa2t2,,-0.429,0.083,0.087,0.526,-0.061,0.312,-0.231,-0.005,0.166,0.098,0.338,-0.217
Cbfa2t3,,-1.655,-0.648,-0.603,-0.826,0.289,,,-0.157,0.142,0.075,0.521,-0.035
Cbx3,,1.103,-0.097,-0.055,-0.575,-0.134,0.031,-0.059,0.034,-0.051,0.053,0.081,-0.1
Ccdc120,,-0.581,0.042,-0.07,-0.095,-0.16,,,-0.202,0.232,0.338,0.379,0.48
Ccdc148,,-0.814,0.051,-0.103,0.116,0.131,-1.238,0.337,-0.226,0.148,-0.005,0.03,0.087
Ccdc149,,0.235,0.045,-0.056,0.028,0.892,0.533,0.372,0.057,0.143,0.142,0.191,-0.303
Ccdc157,,-4.004,0.231,-0.026,0.806,-0.448,-0.062,-0.441,0.076,-0.03,0.513,0.068,
Ccdc166,,-0.65,-0.04,-0.118,-0.346,-0.648,,,-0.046,-0.073,0.024,-0.24,0.158
Ccdc167,,-1.227,-0.177,0.086,0.517,0.065,-0.126,0.714,0.01,-0.125,0.053,-0.221,0.237
Ccdc173,,0.364,-0.059,-0.074,0.28,-0.338,,,-0.107,0.035,-0.086,0.251,-0.199
Ccdc174,,0.526,-0.115,0.032,-0.472,-0.026,0.318,-0.374,-0.006,-0.029,0.034,-0.131,0.095
Ccdc71l,,0.806,-0.13,0.365,-0.848,-0.094,0.02,,0.207,-0.027,0.154,0.201,-0.678
Ccnd1,,1.554,-0.18,-0.136,-0.974,-0.216,0.342,-0.047,0.107,0.107,0.19,-0.233,0.183
Ccnyl1,,-0.743,0.05,-0.004,-0.723,-0.063,-0.822,-0.468,0.073,-0.036,-0.168,-0.142,
Ccp110,,0.209,0.187,-0.039,-0.643,-0.005,0.393,0.179,0.069,0.112,0.114,-0.025,-0.258
Ccsap,,0.563,-0.191,0.17,-0.551,0.419,,,-0.072,0.022,0.241,-0.0,0.046
Ccser1,,-1.128,0.227,-0.055,-0.54,-0.074,0.77,-0.353,-0.158,0.135,0.128,-0.036,
Ccser2,,0.128,0.105,0.03,0.47,0.273,0.518,-0.234,-0.001,0.152,0.146,0.252,0.118
Cdan1,,-0.012,0.288,-0.016,-0.767,-0.132,-0.074,0.618,0.357,0.175,0.254,0.195,
Cdip1,,0.122,-0.059,-0.012,-0.088,0.048,0.07,-0.151,-0.008,0.033,0.084,0.168,0.094
Cdk12,,-0.182,0.014,-0.102,-0.589,0.116,0.613,0.16,0.033,0.086,0.021,-0.177,0.175
Cdk13,,0.008,0.034,0.189,-0.28,-0.233,0.839,-0.541,0.047,0.096,0.101,-0.049,-0.045
Cdk5rap2,,0.482,-0.026,0.034,-1.003,-0.068,0.111,0.104,-0.052,0.002,0.004,-0.124,
Cdkl5,,0.93,-0.048,-0.002,-0.021,-0.481,0.269,0.189,0.21,0.182,0.273,0.321,-0.149
Cdpf1,,0.035,-0.074,-0.068,0.163,-0.066,-0.162,0.013,-0.152,-0.116,0.05,0.006,-0.078
Cdyl,,0.352,-0.071,0.206,-0.337,-0.059,,,0.071,0.051,-0.371,0.264,-0.46
Cdyl2,,-0.006,0.084,-0.24,0.801,-0.259,,,0.095,0.091,-0.062,0.139,0.242
Celf5,,-1.476,-0.129,0.095,-0.229,-0.015,0.542,0.367,-0.05,-0.007,0.082,0.07,-0.035
Celsr2,,0.625,0.265,0.096,0.241,0.05,0.593,0.428,-0.001,0.233,0.175,0.216,-0.183
Celsr3,,0.158,0.344,0.017,-0.405,0.011,0.141,0.061,0.182,0.24,0.222,0.294,-0.988
Cep104,,0.343,0.167,0.112,-0.489,-0.132,0.35,-0.149,-0.023,0.087,0.033,0.06,0.178
Cep170b,,-0.443,0.136,0.058,0.371,0.258,0.38,-0.113,0.123,0.247,0.191,0.2,-0.102
Cep19,,-0.202,-0.072,-0.076,-0.232,0.184,0.237,-0.25,-0.077,-0.072,0.045,0.015,-0.035
Cep192,,-1.846,0.262,-0.094,-0.468,-0.29,0.241,-0.101,-0.075,0.25,0.079,,
Cep250,,-0.219,0.141,0.227,0.06,0.364,0.532,0.14,0.02,0.173,0.131,0.02,0.219
Cep44,,-0.476,0.046,-0.215,-0.78,0.037,0.635,-0.134,-0.131,0.106,-0.031,-0.059,0.077
Cep85,,-0.546,0.086,-0.06,-0.832,-0.332,-0.481,-0.228,0.164,0.0,-0.2,-0.082,0.105
Cep89,,-2.693,-0.167,-0.154,-0.3,0.328,-0.228,-0.516,-0.136,0.279,-0.106,0.176,0.091
Cers2,,-0.496,-0.039,-0.077,-0.061,0.115,-0.109,0.326,0.053,0.138,0.02,-0.137,-0.062
Cers4,,0.123,0.06,0.08,0.336,0.099,0.543,-0.016,0.083,0.162,0.17,0.015,-0.11
Cers5,,-0.787,0.159,0.069,0.827,0.24,-0.112,0.301,0.042,0.138,0.101,-0.08,-0.021
Chd7,,-0.438,-0.023,0.141,-0.477,0.017,-0.392,-0.42,-0.049,0.313,0.204,0.038,-0.073
Chp1,,0.077,0.009,-0.002,0.111,0.089,0.097,0.023,0.074,0.06,0.108,0.251,-0.123
Chrna3,,-0.316,,0.026,0.586,0.266,0.351,0.319,0.072,0.28,0.05,0.241,0.013
Chst1,,2.462,-0.308,0.129,0.937,-0.006,0.246,0.134,,,0.474,0.393,0.092
Chtop,,0.063,-0.092,-0.05,-0.351,0.083,-0.039,-0.389,0.024,0.036,0.085,0.202,-0.112
Cited1,,0.149,-0.336,-0.51,-0.361,-0.217,-0.072,-0.146,0.016,-0.265,-0.392,,
Clip2,,0.204,0.036,0.146,0.181,0.351,-0.048,-0.179,0.147,0.181,0.228,0.113,-0.027
Clmp,,-1.494,0.311,0.055,-0.214,0.06,-0.238,-0.08,-0.152,0.034,0.03,-0.359,-0.059
Cluh,,-0.49,0.207,0.05,1.345,-0.187,0.18,0.076,0.098,0.247,0.145,0.242,0.188
Cmc2,,-0.417,-0.087,-0.119,0.688,-0.183,-0.056,0.285,0.033,-0.09,0.017,-0.143,0.117
Cmip,,-0.302,-0.049,0.05,0.279,0.032,0.763,0.194,-0.018,0.048,0.092,-0.024,0.062
Cmss1,,-0.146,-0.005,-0.04,-0.224,0.042,-0.009,0.56,-0.056,-0.078,0.022,0.019,0.023
Cnep1r1,,-0.268,0.001,-0.0,-0.155,0.192,0.199,-0.245,0.047,-0.04,-0.052,-0.068,-0.071
Cnnm3,,0.729,0.1,0.14,-0.315,0.11,0.362,-0.075,0.013,0.155,0.231,0.148,-0.155
Cnot11,,1.262,-0.021,0.133,0.178,0.108,-0.054,0.026,-0.132,-0.004,0.027,-0.031,0.084
Cnppd1,,0.185,0.073,-0.054,-0.027,-0.003,-1.076,0.238,-0.084,0.164,-0.084,0.157,0.083
Cntrob,,0.406,-0.086,-0.112,-0.12,-0.299,0.327,0.243,-0.1,0.207,-0.003,0.127,-0.303
Coa3,,0.015,-0.146,0.033,0.324,0.077,0.088,0.037,-0.033,-0.124,0.028,-0.209,-0.011
Coa4,,-0.505,0.096,0.02,-0.756,0.037,0.374,0.657,-0.15,-0.11,-0.139,-0.338,0.117
Coa5,,-0.493,0.075,0.063,-0.072,-0.108,0.036,-0.049,0.057,-0.022,0.162,0.093,0.156
Coa6,,-0.11,-0.099,-0.049,0.087,0.123,-0.12,0.239,-0.081,-0.125,-0.012,-0.217,-0.064
Col16a1,,-1.243,0.441,0.255,-0.951,-0.413,-0.94,0.392,-0.218,0.19,0.307,,
Col1a2,,0.158,-0.316,-0.254,-1.371,-2.545,-0.83,-0.704,-0.221,-0.578,0.143,,
Col3a1,,0.845,,-0.331,-1.365,-2.092,-1.101,-1.733,-0.135,-0.903,0.105,,-0.209
Col4a1,,-1.178,-0.457,-0.789,0.822,0.829,-0.837,-2.123,-0.233,0.087,0.366,-0.256,-0.034
Col5a3,,-1.376,,0.303,-1.362,-0.381,0.49,0.03,0.284,0.248,0.281,0.216,
Col6a2,,0.179,-0.238,0.026,-1.158,-0.35,-1.126,-0.211,-0.325,,0.422,0.427,0.254
Copg1,,-0.229,0.003,0.059,0.211,0.111,0.175,-0.462,0.025,0.15,0.113,0.096,0.046
Coprs,,0.199,-0.144,0.036,0.189,0.126,-0.174,0.147,0.031,-0.087,0.031,0.002,0.101
Cox14,,-0.336,-0.119,-0.027,0.089,-0.08,-0.046,-0.025,-0.038,-0.124,0.05,-0.142,0.074
Cox20,,0.193,-0.128,-0.016,-0.102,-0.203,0.016,0.063,-0.001,-0.14,0.056,-0.629,-0.009
Cpq,,-0.879,0.049,-0.044,0.301,-0.059,0.104,-0.154,0.338,0.084,0.001,-0.172,0.336
Cpsf4,,-1.088,0.234,0.17,-0.802,-1.004,,0.301,0.018,0.144,-0.029,0.129,0.307
Crebrf,,0.083,-0.008,0.106,-0.209,0.211,0.477,-0.127,0.02,0.057,0.187,0.103,-0.396
Crlf2,,0.788,0.046,0.108,-0.122,-0.472,-0.538,-0.245,-0.126,0.071,0.053,-0.277,-0.04
Cspg5,,0.018,-0.049,0.226,0.728,0.356,0.091,0.046,-0.036,0.084,0.278,,0.216
Csrnp1,,0.563,-0.369,0.078,-0.695,-0.144,-0.438,,0.129,0.159,-0.031,0.175,0.221
Ctc1,,-0.153,0.18,0.049,-0.119,0.039,-0.132,0.27,0.104,0.118,-0.289,0.119,0.088
Ctdp1,,1.483,0.195,-0.119,-0.556,-0.095,-0.173,-0.744,-0.012,0.161,0.061,0.422,-0.966
Ctdsp1,,-1.299,0.073,-0.327,0.151,-0.069,-0.602,,-0.308,0.237,-0.247,0.01,-0.243
Ctdspl,,-0.694,-0.03,-0.024,-0.283,-0.057,0.489,0.169,-0.009,-0.007,0.004,0.39,0.07
Cul9,,-0.341,0.206,0.095,0.396,0.009,0.485,0.006,-0.0,0.274,-0.111,0.208,0.031
Cux2,,-0.902,0.137,0.106,-0.069,0.257,0.585,-0.005,0.016,0.14,0.078,0.067,-0.061
Cystm1,,-1.012,-0.168,0.071,0.605,0.039,0.162,0.164,0.008,-0.097,0.083,-0.153,-0.046
D17H6S53E,,-0.993,0.008,-0.393,-0.077,1.631,-0.866,,0.204,0.079,-0.185,0.289,
D430019H16Rik,,-0.441,0.047,0.135,0.088,0.27,0.361,0.169,0.081,0.218,0.075,-0.031,0.225
D430042O09Rik,,0.308,0.017,0.012,-0.686,-0.526,,0.366,-0.072,0.036,-0.011,-0.156,0.204
D930028M14Rik,,0.402,-0.204,0.011,-0.285,-0.085,-0.828,,-0.051,-0.02,0.177,,0.328
Dagla,,0.468,0.145,0.268,0.365,0.417,-0.325,,-0.106,0.13,0.451,0.263,-0.805
Dclre1a,,-1.799,0.096,-0.339,-0.562,0.182,,0.171,0.287,-0.17,0.349,0.092,0.238
Dcx,,1.703,0.211,0.012,-0.241,0.014,,-0.433,-0.03,,0.139,0.468,-0.069
Ddit4,,-1.358,-0.227,0.135,-0.513,-0.256,-0.118,0.009,-0.073,0.149,0.099,-0.305,-0.214
Ddx51,,1.082,-0.009,0.309,0.302,-0.245,0.34,,-0.196,0.022,-0.112,0.399,0.047
Dennd2a,,-1.871,-0.172,-0.037,-0.006,-0.222,-0.16,-0.204,0.113,,0.242,0.337,-0.376
Dennd4c,,-0.711,0.207,-0.242,-0.212,0.548,0.453,0.346,0.318,0.083,-0.074,0.006,-0.805
Dennd6a,,0.225,0.17,0.03,-0.283,-0.157,0.111,0.068,0.104,-0.052,0.145,-0.099,-0.218
Dennd6b,,0.323,0.317,0.037,0.448,-0.083,0.299,0.083,0.04,0.243,-0.147,0.139,0.073
Desi1,,0.192,0.027,-0.065,0.044,-0.075,0.053,-0.036,0.045,-0.039,-0.041,-0.192,-0.012
Desi2,,-0.579,-0.08,0.227,-0.153,-0.076,0.019,0.289,0.061,0.067,0.084,0.036,-0.13
Dgkg,,-0.117,,-0.206,-0.147,-0.212,0.744,0.052,-0.12,0.089,-0.061,-0.87,0.221
Dhx37,,0.201,0.106,0.366,-0.073,0.172,-0.149,,-0.135,0.391,-0.05,0.061,
Dkk3,,0.345,-0.327,0.08,0.374,0.638,0.458,0.274,0.043,0.265,0.031,0.271,0.236
Dlc1,,-0.662,0.113,-0.042,-0.011,0.303,0.41,-0.071,0.026,0.144,0.1,,0.248
Dlg1,,0.902,-0.136,0.069,0.291,0.208,-0.151,0.306,0.03,0.17,0.265,-0.08,-0.363
Dlg3,,-1.862,0.186,0.266,-0.063,0.974,0.09,-0.205,-0.1,0.01,0.267,0.52,
Dlg4,,-0.124,0.141,0.047,-0.048,0.275,0.505,0.352,0.049,0.138,0.242,0.205,0.026
Dlgap3,,-0.214,0.218,-0.089,0.308,-0.044,0.051,0.106,0.067,0.273,0.199,0.336,-0.146
Dmpk,,-2.126,0.196,,-0.197,0.451,-0.34,-0.507,0.297,-0.099,-0.032,0.07,
Dnaaf2,,-4.44,-0.111,-0.203,-0.247,0.202,,,-0.267,-0.206,0.003,-0.023,0.045
Dnajb5,,0.294,-0.078,0.018,-0.693,0.161,0.111,-0.248,-0.04,0.151,0.137,0.001,-0.576
Dnajc16,,-0.751,0.329,0.144,-0.697,0.596,-0.357,-0.379,0.063,0.134,0.284,0.279,
Dnmbp,,-0.039,-0.113,0.051,1.592,0.568,0.561,0.385,-0.068,0.23,0.133,,
Dnmt3a,,-0.547,0.161,0.098,0.089,0.04,0.889,0.486,0.031,0.239,0.175,0.147,0.017
Dot1l,,0.192,0.106,-0.006,-0.707,-0.395,0.119,0.183,-0.192,0.182,0.08,0.057,0.137
Dpf1,,-0.785,0.048,0.138,-0.471,-0.181,0.016,-0.115,-0.085,0.011,0.017,0.319,0.483
Dpy19l3,,-1.842,0.111,-0.033,0.667,0.386,0.856,,0.25,0.147,-0.023,0.027,
Dscam,,-0.203,0.186,0.156,0.428,0.347,,,-0.037,0.196,0.124,0.548,0.068
Dse,,0.03,-0.088,0.236,-0.136,0.502,0.982,,-0.281,0.204,0.361,-0.206,-0.267
Dtd2,,0.415,-0.002,-0.079,-0.222,-0.21,0.202,0.058,-0.012,-0.119,-0.022,-0.282,-0.127
Dtx2,,0.232,-0.201,-0.067,0.473,-0.547,-0.528,,-0.067,0.263,-0.005,-0.019,-0.846
Dtx3l,,0.362,-0.14,0.062,,-1.411,-0.061,-0.626,0.19,0.008,0.23,0.029,
Dtx4,,-0.61,-0.05,0.124,0.319,0.162,0.107,-0.029,-0.019,-0.052,0.053,0.379,0.176
Dusp18,,0.929,-0.393,0.032,0.127,0.053,-0.568,,-0.071,0.201,-0.09,0.192,-0.388
Dvl2,,-0.331,0.128,-0.083,-0.832,0.241,0.531,0.211,-0.14,0.18,0.086,0.266,0.312
Dynlt1f,,-0.761,-0.119,-0.034,-0.026,-0.27,-0.887,,-0.139,-0.112,-0.079,,-0.047
Dzank1,,-0.086,0.172,-0.055,0.392,0.011,0.281,-0.064,0.084,0.19,0.254,0.22,0.271
E130308A19Rik,,-1.761,0.041,0.169,-0.314,0.249,,-0.016,-0.041,0.175,0.067,0.224,-0.063
E2f3,,0.35,0.094,0.276,0.151,-0.298,0.071,-0.102,0.204,0.114,0.28,,
Ears2,,0.862,-0.013,0.145,-0.212,0.306,,0.308,-0.016,0.185,-0.296,0.084,-0.09
Ece1,,0.386,0.099,0.294,0.81,-0.073,-0.224,-0.644,0.008,0.274,0.257,-0.032,-0.5
Eef2k,,0.475,0.15,-0.042,-0.072,0.081,0.413,0.054,0.06,0.056,-0.063,0.006,-0.146
Efcab14,,-0.545,0.147,0.074,-0.229,-0.015,0.189,0.132,-0.073,0.176,0.09,0.149,-0.158
Efna2,,-1.91,-0.143,0.013,-0.433,-0.289,,,0.001,-0.084,0.198,-0.076,-0.083
Efnb1,,-0.102,0.031,-0.276,-0.59,0.191,-0.156,,-0.259,-0.119,0.172,0.259,0.051
Efr3b,,0.115,0.202,0.026,-0.231,0.084,0.156,-0.106,-0.018,0.292,0.064,0.236,-0.841
Elk1,,1.376,0.124,-0.171,-0.779,-0.11,-0.153,,0.073,-0.001,-0.047,0.234,-0.344
Elk3,,-0.63,-0.404,-0.024,0.278,-0.254,0.003,-0.143,0.237,0.073,0.081,-0.184,-0.083
Ell,,0.029,0.088,-0.278,-0.62,-0.367,0.219,0.069,0.057,0.163,0.125,-0.067,-0.212
Eln,,-2.849,-0.345,0.156,-1.541,-0.954,-1.694,,0.026,,0.194,-0.234,-0.08
Elp5,,0.387,-0.062,-0.056,0.57,-0.074,0.004,-0.131,-0.012,-0.075,0.129,-0.019,0.071
Elp6,,-1.343,0.037,0.07,-0.662,0.098,-0.555,-0.286,0.244,0.028,0.112,0.198,0.122
Emc1,,-0.204,0.319,-0.002,-0.048,-0.231,0.307,-0.154,0.197,0.377,0.219,0.228,0.059
Emc10,,0.257,0.097,0.008,0.567,-0.001,-0.049,0.085,-0.016,0.042,-0.026,-0.177,-0.036
Emc2,,-0.304,-0.146,0.004,0.296,-0.07,0.335,0.151,-0.079,-0.051,-0.047,-0.322,0.072
Emc3,,-0.369,0.183,0.054,0.135,0.092,0.058,0.019,0.068,0.12,-0.047,0.064,-0.113
Emc4,,0.378,0.135,-0.037,0.536,0.059,0.207,-0.201,-0.07,0.021,-0.068,-0.084,-0.042
Emc6,,-0.017,-0.069,0.007,0.505,0.033,0.022,-0.054,0.006,-0.091,-0.062,-0.277,0.014
Emc7,,-0.078,0.058,-0.052,0.309,0.262,0.314,0.391,-0.012,0.0,-0.042,-0.253,0.101
Emc8,,0.139,0.067,0.088,0.024,-0.197,0.03,-0.051,0.011,-0.026,-0.048,0.01,0.095
Emc9,,0.303,-0.03,-0.02,0.67,0.097,0.134,-0.062,0.002,-0.054,-0.032,-0.116,0.206
Eml6,,-2.042,0.18,-0.025,0.015,-0.292,0.872,-0.002,0.001,0.234,-0.043,0.311,-0.054
Endov,,0.607,0.08,0.089,0.157,0.034,-0.078,-0.788,-0.001,0.106,0.071,0.126,-0.524
Engase,,0.173,0.349,-0.178,1.663,-0.008,0.454,,0.073,0.259,-0.127,0.2,
Enkd1,,8.118,-0.078,-0.631,-0.15,-0.136,-0.165,,-0.103,-0.115,-0.552,0.174,-0.084
Entpd2,,0.119,,0.104,-0.863,-1.361,-0.994,-0.441,-0.643,-0.02,0.06,,0.338
Entpd7,,0.736,0.259,-0.151,0.294,-0.262,0.141,0.379,0.003,0.171,-0.014,0.017,
Eogt,,-2.12,0.14,-0.192,-0.379,0.701,-0.077,-0.222,-0.011,0.058,0.154,0.053,
Epg5,,0.182,0.142,-0.026,-0.217,-0.765,0.054,-0.491,0.107,0.184,-0.066,0.339,
Epha10,,1.068,0.094,0.19,0.68,0.572,0.568,0.516,0.171,0.368,0.291,,
Ephb2,,0.445,0.126,0.131,0.306,0.082,-0.27,0.021,0.01,0.205,-0.107,0.259,0.45
Ercc2,,0.587,0.334,-0.219,0.875,-0.55,0.206,0.335,0.026,0.329,0.256,0.217,-0.083
Ercc6l2,,-0.157,0.073,0.128,-0.367,0.183,-1.774,0.447,0.075,0.104,-0.082,0.114,-0.491
Erf,,-0.247,-0.266,-0.141,-0.339,-0.48,-0.126,0.275,0.159,-0.0,-0.103,0.11,-0.499
Ets2,,-0.073,-0.112,-0.004,0.275,-0.043,-0.225,,-0.146,0.274,0.315,-0.216,-0.548
Eva1c,,-0.627,-0.129,0.16,1.113,-0.314,0.138,0.387,0.054,0.068,0.45,0.07,-0.406
Exo5,,0.258,-0.074,0.134,-0.818,0.096,,,-0.258,-0.028,0.017,-0.017,-0.35
Fam104a,,0.176,-0.083,-0.03,0.255,-0.023,0.001,0.15,0.008,-0.129,0.057,-0.208,0.003
Fam111a,,1.76,,0.066,-1.585,-0.395,-0.177,,-0.286,0.063,-1.006,-0.019,-0.792
Fam126a,,-0.072,0.249,-0.036,-0.392,-0.255,0.086,0.116,-0.052,0.292,-0.052,0.37,-0.0
Fam129b,,-0.871,-0.184,0.17,0.634,0.241,,-0.113,-0.013,0.232,-0.046,0.273,-0.054
Fam171a2,,-0.042,0.066,0.088,0.317,0.124,0.621,0.094,0.037,0.265,0.018,0.23,0.065
Fam181b,,-0.537,-0.138,-0.56,0.742,-0.123,-1.734,,-0.408,-0.203,0.33,-0.805,-0.389
Fam207a,,0.29,0.006,-0.053,0.106,-0.024,0.09,-0.908,-0.018,0.024,-0.044,0.048,0.042
Fam210a,,-0.253,0.093,0.033,-0.519,0.296,0.078,-0.215,0.103,0.032,0.046,0.08,0.255
Fam210b,,-0.743,-0.12,0.05,1.28,0.121,-0.094,,-0.05,-0.137,0.214,,-0.903
Fam214a,,-0.52,0.056,-0.202,-0.038,0.175,-0.384,0.48,0.159,0.055,0.185,0.223,0.205
Fam214b,,-0.097,0.165,0.035,0.051,-0.064,0.143,-0.038,0.018,0.181,0.055,-0.373,-0.16
Fam216a,,0.13,-0.114,-0.045,0.284,0.141,0.258,0.213,-0.112,-0.052,-0.019,0.129,0.065
Fam217b,,-1.209,0.176,-0.403,-0.299,0.06,0.704,0.318,0.051,0.067,0.222,0.029,-1.085
Fam219a,,-0.715,0.095,0.12,0.342,0.132,0.244,0.194,0.065,0.054,0.044,0.151,0.065
Fam219b,,-0.102,0.012,0.012,0.432,-0.033,-0.256,-0.677,-0.024,0.022,0.027,0.059,-0.301
Fam220a,,-0.531,0.042,0.091,-0.508,0.254,0.671,0.052,0.122,0.031,-0.073,-0.021,-0.057
Fam222a,,0.918,0.051,-0.013,0.167,0.043,0.352,0.06,-0.119,0.093,0.085,,
Fam222b,,0.052,0.249,0.122,-0.417,0.022,0.171,0.164,0.022,0.124,0.139,0.096,-0.348
Fam227a,,-4.173,0.238,0.251,1.098,-0.481,,0.215,-0.086,0.096,0.548,0.109,
Fam229b,,-0.138,-0.116,0.021,0.475,-0.728,-0.109,-0.195,-0.003,-0.053,0.035,-0.281,-0.336
Fam43a,,-0.507,-0.306,-0.105,-0.291,0.052,0.058,0.505,-0.286,,0.099,0.264,0.008
Fam53b,,0.246,0.217,-0.241,0.781,-0.529,0.195,-0.689,-0.007,0.244,0.152,-0.046,-0.674
Fam71e1,,2.339,-0.019,0.146,0.409,-0.0,0.467,-0.346,-0.041,-0.131,-0.027,-0.08,-0.13
Farp1,,-1.677,0.088,0.163,0.257,-0.498,0.25,-0.206,0.226,0.102,0.177,-0.063,-0.107
Fat1,,1.436,0.018,-0.112,-0.33,1.284,-0.553,,0.313,,0.052,-0.103,-0.233
Faxc,,0.042,0.063,-0.233,-0.422,0.113,1.378,0.295,0.336,0.006,0.04,0.138,-0.25
Fbf1,,0.038,0.197,-0.094,-0.06,0.905,-1.559,0.286,0.166,0.228,0.017,0.366,0.056
Fbl,,-0.199,-0.203,-0.068,-0.457,-0.169,-0.546,-0.049,-0.057,0.022,-0.122,0.151,-0.02
Fbrsl1,,-0.27,0.043,0.15,0.552,0.083,0.201,-0.185,-0.039,0.076,0.056,0.326,-0.067
Fbxl14,,-1.455,0.182,-0.26,-0.049,-0.434,-0.092,,-0.01,0.1,0.072,0.195,
Fbxl18,,-1.64,0.198,0.105,0.493,0.104,0.195,0.284,0.02,0.346,0.234,0.109,-0.242
Fbxl19,,0.115,0.05,-0.093,-0.299,0.415,0.319,0.038,0.089,0.403,-0.133,0.153,-0.759
Fbxl8,,-0.362,0.045,-0.497,0.314,0.926,-1.043,,-0.12,0.013,-0.054,-0.305,
Fbxo10,,1.379,-0.037,0.113,-0.047,0.423,-0.42,,0.1,0.011,-0.07,0.17,0.37
Fbxo41,,0.614,0.13,0.116,0.105,0.265,0.11,-0.075,-0.012,0.169,0.04,0.152,0.36
Fbxo46,,-0.106,0.061,0.034,0.272,0.044,,,0.009,-0.02,-0.418,0.124,0.106
Flna,,0.201,0.19,0.068,-0.492,-0.039,-0.294,0.118,0.116,0.354,0.048,0.045,0.266
Flnb,,-0.931,0.049,0.041,-0.57,0.457,0.301,-0.007,-0.067,0.356,0.156,0.014,
Flrt1,,-1.328,-0.078,0.478,0.822,0.206,0.151,0.159,0.359,0.302,0.482,0.772,-0.293
Fndc3b,,-0.547,0.052,0.21,0.465,0.429,0.009,-0.222,-0.099,0.309,0.407,0.447,0.355
Fnip2,,-1.844,0.086,-0.148,0.283,0.293,-0.359,-0.337,-0.208,0.434,0.207,0.257,
Focad,,0.745,0.326,0.176,0.726,0.0,-0.065,0.547,0.233,0.351,-0.024,-0.139,
Fopnl,,0.64,-0.069,-0.002,0.002,-0.023,,-0.176,0.008,-0.087,0.11,-0.151,-0.004
Fosl2,,-0.657,-0.156,-0.202,-1.892,-1.153,-0.493,-0.588,0.044,0.364,-0.204,0.077,-0.7
Foxk1,,0.169,0.078,0.07,0.438,-0.213,-0.235,-1.056,0.297,0.18,0.24,0.277,-0.197
Foxn2,,-1.158,-0.128,-0.101,-0.808,0.225,0.483,,0.08,0.139,-0.239,-0.167,0.011
Foxo1,,-0.501,-0.461,,0.599,-0.395,-0.627,-0.243,0.047,0.071,-0.195,0.281,-0.16
Fra10ac1,,-0.127,-0.092,0.023,-0.218,0.41,0.295,-0.29,0.012,-0.093,-0.211,-0.053,0.38
Frmd5,,-0.428,0.011,-0.047,-0.33,0.132,0.005,-0.48,0.046,0.187,-0.276,0.218,-0.44
Frrs1l,,0.051,0.088,0.051,0.115,0.418,0.972,-0.677,0.014,0.257,0.18,0.219,0.198
Ftx,,0.587,0.139,0.06,-0.217,-0.092,-0.97,-0.096,0.095,0.328,0.084,0.028,
Fuom,,-0.421,-0.186,-0.092,0.24,-0.134,-0.348,-0.76,-0.121,-0.127,-0.112,-0.331,0.02
Furin,,-0.101,0.194,0.045,-0.06,-0.163,-0.089,-0.021,0.113,0.191,0.064,0.134,-0.493
Fyco1,,0.455,0.042,0.032,-0.291,0.266,-0.476,-0.261,0.127,0.007,-0.191,-0.148,-0.135
Galns,,0.702,0.085,-0.127,-0.721,0.054,-0.883,0.312,-0.122,0.262,-0.024,0.052,0.563
Galnt16,,1.549,0.153,0.168,0.388,0.226,0.03,0.405,0.447,0.308,0.459,,
Galnt7,,0.519,0.112,-0.117,0.241,0.27,0.581,0.331,0.224,0.272,0.021,-0.125,-1.04
Gan,,0.55,0.337,0.163,0.193,0.243,0.623,0.07,0.029,0.193,-0.037,-0.146,-0.461
Gemin2,,-0.629,-0.064,-0.152,-0.281,-0.319,-0.255,,-0.372,0.026,-0.258,-0.222,0.098
Ggact,,0.11,-0.078,-0.038,1.061,0.301,0.139,-0.138,-0.347,-0.078,0.0,0.028,-0.239
Gid4,,0.02,0.168,0.131,-0.546,0.132,0.292,-0.291,-0.165,-0.063,0.14,0.017,-1.336
Gid8,,1.051,-0.146,-0.029,-0.124,0.041,-0.304,-0.164,-0.122,-0.003,-0.042,-0.096,0.028
Gigyf1,,-0.513,0.132,-0.178,-0.184,-0.055,0.673,-0.169,-0.113,0.244,0.159,0.034,0.374
Ginm1,,-0.022,-0.062,-0.106,0.537,0.308,0.468,-0.946,-0.117,0.04,-0.091,-0.239,-0.06
Gm15706,,0.87,-0.024,-0.087,0.776,0.623,-0.208,,-0.112,-0.166,0.234,,-0.587
Gm1976,,0.152,0.107,-0.044,0.341,0.223,-0.695,-0.625,0.119,-0.037,-0.033,-0.016,0.229
Gmeb1,,0.876,0.246,0.056,-0.939,0.059,0.574,-0.105,0.09,0.194,-0.067,0.022,0.305
Gmeb2,,-1.056,0.028,0.065,-0.339,-0.24,0.82,0.135,0.028,0.123,0.113,0.106,
Gmip,,-3.894,-0.06,0.025,0.007,0.179,0.822,0.081,0.121,0.27,0.019,0.044,0.292
Gpatch11,,-1.015,-0.084,0.005,-0.009,-0.019,0.145,0.272,-0.044,-0.067,-0.007,-0.159,0.193
Gpatch2l,,-0.029,0.075,0.037,-0.102,-0.063,0.059,0.487,0.009,0.001,0.053,0.04,-0.144
Gpr61,,0.69,0.18,0.469,0.091,-0.263,-0.877,,0.074,0.032,0.169,0.064,0.015
Grb10,,-0.588,-0.257,0.136,-0.511,-0.337,-0.026,0.075,-0.265,0.074,-0.051,0.63,0.005
Grik4,,-0.176,0.169,-0.155,0.523,0.043,-0.259,-0.675,0.486,0.235,0.563,0.566,0.454
Grin3a,,0.313,-0.069,-0.191,3.014,-0.021,0.482,,-0.046,,-0.175,-0.387,0.258
Gskip,,-0.846,0.079,-0.09,-0.003,0.041,0.101,0.134,0.078,-0.024,0.007,-0.069,-0.512
Gtpbp10,,-2.24,-0.007,-0.288,-0.796,-0.223,,,-0.112,0.012,0.07,0.213,-0.182
Gucd1,,1.087,0.24,0.153,-0.868,-0.069,-0.583,0.632,-0.002,0.186,0.123,0.087,-0.38
Gxylt1,,0.081,0.144,-0.32,-0.403,-0.083,0.519,0.497,-0.12,0.122,-0.004,-0.138,-0.556
Hap1,,1.093,0.006,-0.021,-0.486,-0.037,0.385,-0.14,0.066,0.082,0.04,-0.026,0.207
Hdac7,,0.567,0.095,-0.065,-0.288,0.605,0.356,0.248,0.061,0.066,0.154,0.08,-0.296
Heatr5a,,-0.26,0.427,0.182,0.649,0.372,0.479,0.158,0.123,0.14,0.116,0.233,
Hebp1,,1.169,-0.343,-0.004,0.828,0.069,0.182,-0.42,0.029,-0.038,0.005,-0.249,0.331
Hecw2,,-1.507,0.156,0.113,-1.076,0.112,0.221,-0.005,0.25,0.2,0.03,-0.068,0.241
Hey2,,-2.422,-0.2,-0.044,0.974,0.086,-0.026,0.357,-0.293,0.022,0.734,-0.448,
Hic2,,-0.924,0.188,-0.044,-0.506,-0.062,,0.188,0.158,0.06,-0.053,0.199,
Hid1,,-0.807,0.182,-0.115,-0.432,0.115,0.173,0.042,0.068,0.198,0.036,0.129,-0.143
Hilpda,,1.206,-0.03,0.053,0.038,-0.053,-0.878,,0.142,0.0,-0.109,0.084,-0.098
Hipk2,,-3.898,-0.036,0.003,-0.809,-0.121,0.696,-0.005,0.09,0.139,0.007,-0.176,0.094
Hirip3,,0.524,-0.011,0.029,-1.106,-0.396,0.028,-0.404,-0.318,0.165,-0.039,0.081,0.086
Hmgb2,,-2.376,-0.337,-0.203,-2.242,-1.217,-0.07,-1.183,-0.199,-0.163,-0.67,0.043,-0.089
Hmgcs1,,0.112,-0.087,0.102,0.08,0.151,0.319,-0.097,0.116,0.185,0.065,0.134,0.046
Hps1,,-0.203,0.085,-0.685,0.193,0.185,0.494,0.099,0.082,0.122,-0.497,,-0.574
Hps6,,1.583,0.147,0.131,0.811,-0.068,-0.691,,-0.18,0.263,0.177,0.058,0.408
Hrh3,,0.176,0.161,-0.239,0.079,0.222,0.268,0.031,-0.101,0.258,0.648,,
Hspa1a,,-0.47,0.105,0.163,0.347,0.002,-0.563,-0.009,-0.263,0.086,0.006,,-0.019
Hypk,,0.136,-0.14,0.013,0.236,0.067,-0.282,-0.007,-0.005,-0.11,0.032,-0.235,-0.004
Idnk,,-0.641,-0.102,-0.1,0.295,0.122,-0.043,0.199,0.028,-0.085,0.072,-0.23,-0.183
Iffo2,,1.248,0.169,-0.292,-0.037,-0.466,-0.037,,0.112,0.167,0.102,0.255,
Ifitm10,,-0.352,0.077,0.011,1.165,0.095,-0.051,0.089,0.17,0.009,0.226,-0.455,-2.163
Ift43,,-0.285,-0.066,-0.13,-0.247,-0.58,0.011,-0.131,-0.182,-0.091,-0.492,-0.283,-0.227
Igf2r,,0.659,0.208,0.107,-0.039,0.157,0.602,0.068,0.131,0.311,0.086,0.255,0.264
Igfbp5,,1.169,-0.278,-0.179,0.267,0.625,-0.914,,-0.211,0.057,0.04,1.183,-0.19
Igfbp7,,-0.76,-1.29,-0.7,-0.192,-1.238,-0.752,-0.776,-0.3,0.052,-0.171,-0.869,-1.097
Iglon5,,0.821,0.308,0.171,0.397,0.466,0.805,-0.209,-0.057,0.297,0.109,0.188,-0.8
Ikzf4,,1.895,0.004,0.29,-0.316,-0.001,0.927,0.508,0.027,0.194,-0.337,-0.018,-0.288
Il17d,,0.068,-0.116,0.034,-0.077,0.259,-1.186,,0.13,0.017,-0.065,0.154,
Il4ra,,0.307,,-0.06,0.095,-0.253,0.059,0.579,0.165,0.301,0.248,0.045,-0.001
Ing5,,-0.199,-0.009,-0.039,-0.469,0.615,-0.908,-0.333,-0.039,-0.019,0.086,0.129,
Inip,,-2.309,-0.004,0.01,-0.698,-0.117,0.117,-0.18,0.042,-0.111,0.133,-0.205,-0.21
Inppl1,,-1.549,0.161,-0.083,-0.018,0.385,-0.077,-0.066,-0.025,0.135,0.303,0.135,-0.61
Ints1,,0.326,0.268,0.094,0.284,0.185,0.106,-0.148,0.002,0.289,0.066,-0.007,-0.008
Invs,,-1.791,0.238,0.31,-0.563,-0.063,,-0.256,-0.097,0.215,0.099,0.126,-0.602
Iqce,,-0.127,0.364,0.074,0.058,0.536,0.347,-0.299,0.237,0.14,-0.057,-0.167,-0.24
Irf2bpl,,-0.024,-0.194,0.049,0.293,0.195,0.303,0.066,0.03,0.083,0.123,0.341,-0.073
Irs1,,-0.703,0.241,-0.188,-0.952,-0.142,,,-0.034,-0.145,0.486,0.301,0.077
Ist1,,-0.23,0.006,-0.015,-0.429,-0.098,0.37,0.112,-0.045,0.084,0.001,-0.101,0.052
Itga2b,,-0.319,-0.182,-0.024,2.001,0.87,-0.374,-0.366,-0.106,-0.131,-0.015,-0.033,-0.155
Itih5,,-4.463,-0.281,0.086,-0.179,1.288,-0.374,-0.234,-0.217,-0.082,0.127,0.272,
Itpripl1,,0.73,-0.223,-0.088,-0.296,0.22,0.464,,0.065,0.498,0.131,,-0.256
Itpripl2,,-0.061,-0.433,0.142,0.241,-0.14,0.095,0.028,0.176,0.241,0.262,0.277,-0.127
Jph1,,0.232,0.17,0.015,0.167,-0.487,,-1.257,-0.09,-0.089,-0.11,-0.17,0.423
Kank2,,-0.209,-0.024,-0.165,-0.079,-0.242,-0.629,,0.396,0.002,-0.12,-0.118,
Kansl1,,-0.348,0.153,0.057,-0.53,-0.262,0.015,0.172,0.002,0.094,0.037,0.117,-0.135
Kansl1l,,-0.217,0.219,-0.147,-0.585,-0.538,0.111,-0.142,0.404,0.124,-0.004,0.082,-0.419
Kansl2,,-0.471,0.084,-0.102,-0.162,-0.318,0.224,-0.301,-0.011,0.082,0.027,0.147,-0.078
Kansl3,,0.03,0.119,-0.042,-0.507,-0.129,0.423,0.474,0.06,0.152,0.009,0.131,0.053
Kat6a,,-0.739,-0.01,0.075,-0.766,0.013,-0.041,-0.116,-0.116,0.027,-0.092,0.124,0.104
Kat6b,,0.272,0.081,0.088,-0.673,-0.393,0.742,-0.135,0.121,0.083,-0.146,0.074,0.084
Kat7,,-0.048,-0.05,0.023,-0.046,0.212,0.002,0.01,-0.023,-0.016,0.137,-0.067,-0.303
Kat8,,0.099,-0.068,-0.168,-0.038,0.325,-0.948,-0.675,-0.299,-0.003,-0.178,0.055,-0.089
Katnbl1,,0.632,0.055,0.024,-0.121,-0.083,-0.108,0.382,-0.023,-0.01,0.006,0.17,-0.086
Kbtbd11,,0.49,-0.187,0.122,1.092,-0.269,0.3,-0.386,0.218,0.031,0.186,-0.094,-1.474
Kcnc3,,0.542,0.758,-0.028,0.003,0.318,1.063,0.118,0.183,0.16,-0.03,0.137,0.136
Kcnd2,,-1.861,0.146,0.112,0.004,0.11,0.672,-0.028,-0.012,0.201,0.094,-0.55,-0.233
Kcnk3,,0.27,-0.166,-0.519,-1.469,-0.203,-0.076,-0.007,0.206,0.146,-0.206,0.246,0.101
Kcnq1ot1,,-0.667,0.275,0.019,-0.232,0.139,0.77,0.094,0.087,0.243,0.11,-0.079,0.009
Kcnq5,,2.445,0.186,-0.027,0.612,0.12,0.666,0.49,0.048,0.031,-0.032,-0.659,-0.794
Kctd11,,-0.331,,0.001,-0.408,1.335,0.197,,-0.102,-0.142,-0.143,0.192,-1.336
Kctd12,,-1.138,-0.472,0.113,0.712,0.215,-0.213,-0.301,-0.002,0.081,-0.522,-0.523,-0.171
Kdm1b,,-1.496,0.096,-0.01,-0.127,0.57,0.109,0.628,0.003,0.067,-0.406,0.089,0.158
Kdm2b,,-0.159,0.089,-0.039,-0.328,0.057,0.357,0.249,-0.032,0.114,0.041,0.161,-0.052
Kdm6b,,-0.175,0.017,0.023,-0.373,-0.152,-0.357,0.064,-0.073,0.125,0.149,0.243,0.085
Khnyn,,0.698,0.301,0.212,-0.063,-0.121,-0.117,-0.527,0.066,0.085,-0.015,0.054,-0.123
Khsrp,,1.072,-0.012,0.006,-0.674,0.021,-0.144,0.456,0.046,0.071,0.139,0.196,
Kif1c,,-2.897,-0.04,-0.647,1.587,-1.557,-0.243,-0.382,0.097,0.074,0.142,0.028,
Kif26b,,0.76,0.137,0.046,-0.209,0.084,0.828,-0.129,0.052,0.305,0.146,-0.258,-2.044
Kifc3,,0.525,0.266,0.07,0.299,0.318,-0.438,,0.545,0.125,0.528,-0.089,0.097
Klf16,,0.965,-0.038,0.108,0.074,0.189,0.085,,0.214,0.268,-0.191,0.228,-0.743
Klhl18,,-0.883,0.135,-0.015,-0.115,-0.013,0.075,-0.327,0.101,0.239,-0.098,0.243,-0.882
Kndc1,,0.964,0.544,0.114,0.277,-0.115,0.965,-0.157,0.05,0.248,-0.054,0.548,-0.575
Krba1,,0.256,0.176,-0.023,-0.238,-0.097,0.934,-0.322,0.077,0.348,0.032,0.153,0.074
Kxd1,,-0.01,-0.17,-0.074,-0.296,-0.176,0.156,-0.066,-0.002,-0.083,0.011,-0.167,0.037
L2hgdh,,1.085,0.133,-0.144,-0.143,0.066,-0.377,,-0.188,0.181,0.13,0.131,
Lamtor1,,-0.352,-0.051,0.066,-0.01,-0.111,-0.009,0.127,0.004,-0.093,-0.033,-0.135,-0.01
Lamtor4,,-0.312,-0.154,-0.04,0.397,-0.003,-0.16,-0.08,-0.066,-0.123,-0.017,-0.42,0.023
Lamtor5,,-0.06,-0.11,0.002,0.292,-0.088,0.077,-0.022,-0.015,-0.109,-0.016,-0.324,0.009
Lca5,,-0.666,0.134,0.129,-0.697,-0.406,,0.235,-0.525,0.163,-0.019,0.033,
Lcor,,0.053,0.088,0.014,-0.929,0.288,0.317,0.293,-0.084,0.229,0.207,-0.019,-0.49
Lcorl,,-1.797,0.064,-0.071,-0.535,0.321,-0.278,0.784,-0.235,-0.062,0.246,-0.184,-0.029
Ldlrad4,,1.056,0.004,0.275,1.362,0.159,0.255,0.043,0.101,0.19,0.878,0.519,0.583
Lgalsl,,0.295,-0.094,0.056,0.154,-0.02,0.501,-0.457,0.102,-0.18,0.087,-0.008,0.113
Lima1,,0.023,0.036,0.204,-0.226,0.309,0.047,-1.073,-0.092,0.058,0.054,-0.034,-0.167
Limch1,,-2.17,0.076,-0.086,-0.349,0.28,-0.353,0.256,0.047,-0.127,0.002,0.405,0.063
Limd1,,0.091,0.179,-0.284,-0.73,-0.328,-0.862,0.484,-0.039,0.11,-0.1,0.242,-0.149
Lipe,,2.036,0.025,-0.11,0.185,-0.208,-0.768,-0.169,-0.134,0.128,0.081,0.335,-0.738
Lix1l,,-2.593,-0.12,-0.054,-0.369,0.129,0.083,,0.07,0.036,-0.022,-0.06,-0.257
Lmnb1,,-0.169,-0.194,0.019,-1.269,-0.392,-0.169,,-0.08,-0.096,-0.333,,-0.076
Lmnb2,,1.018,0.084,-0.211,-0.64,-0.27,0.544,0.315,0.091,0.081,0.008,0.378,0.341
Lrba,,-0.222,0.155,-0.069,-0.411,0.393,0.677,-0.197,0.023,0.073,0.064,0.09,0.46
Lrfn3,,0.298,0.352,0.235,0.753,0.087,0.821,,0.031,0.138,0.229,0.229,-0.707
Lrfn4,,0.115,0.2,0.033,-0.014,-0.284,0.055,0.165,0.134,0.101,-0.154,-0.099,-0.195
Lrif1,,-0.209,0.052,0.216,-0.356,-0.079,-0.423,-0.287,0.032,-0.033,-0.04,-0.069,0.004
Lrp1,,2.049,0.227,-0.177,-0.671,0.027,-0.218,-0.076,0.012,0.127,0.206,0.217,0.269
Lrrc3,,-0.296,,0.14,0.008,0.118,0.158,0.211,0.144,0.296,0.085,-0.409,-0.37
Lrrc4b,,0.194,0.318,0.133,-0.116,0.243,0.022,0.585,0.103,0.23,0.163,0.287,0.179
Lrrc73,,0.037,-0.131,0.011,0.759,-0.144,-0.078,-0.323,-0.091,-0.111,-0.062,-0.066,0.225
Lsm11,,-0.535,-0.056,-0.05,1.163,-0.126,0.048,-0.53,0.037,0.064,0.085,0.258,0.158
Lsm14b,,0.853,0.012,0.102,-0.407,0.062,-0.191,-0.166,0.135,0.141,0.098,0.136,-0.205
Lurap1l,,-0.579,-0.096,-0.059,0.135,-0.562,0.046,,-0.17,-0.12,-0.001,,-0.057
Lyrm9,,-0.257,0.038,0.013,-0.335,0.065,0.105,-0.021,0.057,0.001,0.071,-0.091,-0.023
Lzts2,,1.039,-0.159,-0.173,-0.091,-0.086,-0.128,0.395,-0.0,0.127,0.173,0.013,-0.03
Maff,,0.307,-0.406,-0.191,0.595,-0.02,-0.516,,-0.089,-0.154,-0.226,-0.169,-0.467
Malsu1,,0.303,-0.084,-0.053,-0.034,0.007,-0.059,0.144,0.024,-0.141,-0.055,-0.171,0.064
Maml1,,0.843,-0.04,0.134,-0.451,-0.718,-1.094,,-0.154,0.131,-0.043,-0.054,
Maml3,,1.932,0.099,-0.053,-0.361,0.0,-0.392,0.213,0.031,-0.019,0.102,0.158,-0.252
Man2a1,,-0.544,0.151,0.187,0.893,0.41,0.652,0.139,0.129,0.274,0.221,0.034,-0.663
Map1a,,0.12,0.089,0.091,0.67,0.218,0.477,-0.067,0.106,0.168,0.161,0.134,0.152
Map1b,,0.09,0.092,0.044,0.371,0.141,0.539,-0.127,0.049,0.189,-0.02,-0.005,-0.17
Map1s,,0.095,-0.062,0.132,0.122,-0.377,0.017,-0.08,0.037,0.078,0.096,0.265,-0.078
Map2,,0.204,0.182,0.058,-0.119,0.155,0.42,0.059,0.054,0.219,0.09,0.098,0.139
Map3k10,,-1.371,0.199,0.114,0.206,0.047,0.501,-0.19,0.082,0.096,0.205,-0.108,0.005
Map3k11,,0.229,-0.07,-0.204,0.318,0.586,-0.392,,-0.034,0.196,-0.014,0.178,-0.238
Map3k13,,-1.007,0.144,0.289,-0.475,-0.133,1.301,-0.056,0.256,0.197,0.022,,
Map3k6,,0.239,-0.121,0.321,1.02,0.108,-0.069,,-0.008,-0.01,0.195,-0.089,-0.325
Map4,,0.264,-0.019,-0.007,0.241,-0.035,0.438,-0.058,0.068,-0.039,0.112,0.096,0.102
Map6,,0.438,0.095,0.067,0.482,0.285,0.338,0.128,0.075,0.19,0.047,0.144,0.087
Map7,,0.522,0.005,-0.29,-0.307,-0.168,0.579,0.138,0.156,0.132,0.188,-0.221,-0.483
Map7d1,,0.204,-0.082,-0.016,0.378,0.122,-0.04,-0.022,0.032,0.07,-0.06,-0.061,-0.002
Map7d2,,0.397,-0.029,0.041,0.447,0.009,0.664,0.061,0.113,-0.088,0.102,-0.115,0.025
Map9,,-0.381,-0.039,-0.121,0.079,0.078,0.386,0.363,-0.027,0.05,0.105,0.168,0.131
Mapkbp1,,0.805,0.21,0.168,-0.442,-0.201,-0.516,0.242,0.018,0.157,-0.243,0.416,
Marf1,,0.221,0.086,0.05,-0.089,-0.063,0.069,-0.084,-0.063,0.168,0.046,0.152,-0.296
Marveld1,,-0.749,0.201,-0.02,1.015,0.435,-0.52,,0.167,0.019,0.082,0.077,-0.964
Mb21d2,,-1.019,-0.089,-0.106,-0.355,-0.465,0.205,,0.009,0.363,-0.008,0.341,-0.427
Mcm2,,1.669,0.15,-0.045,-1.93,-0.643,,,-0.135,0.181,-0.016,0.18,-0.544
Mcu,,-0.28,-0.009,0.101,0.266,-0.474,0.523,-0.093,-0.053,0.097,0.057,-0.132,-0.162
Mdc1,,-1.243,-0.097,-0.02,-1.043,-0.23,0.279,0.201,0.16,0.008,0.105,0.183,
Mdm1,,-2.004,0.1,-0.265,-0.513,-0.384,,,0.179,-0.109,0.254,-0.247,-0.696
Med12,,0.139,0.242,0.119,-0.049,-0.431,,0.233,-0.055,0.129,-0.118,0.116,-0.238
Med13l,,-0.074,0.097,0.004,-0.311,-0.248,0.087,0.153,0.071,0.085,0.123,0.324,-0.358
Med26,,0.465,0.021,-0.441,-0.212,0.045,0.26,,0.36,0.191,0.267,0.201,
Medag,,0.311,,0.455,-0.783,0.477,-0.392,-0.487,0.165,0.017,0.028,-0.005,
Metrn,,1.165,-0.187,-0.172,-0.598,-1.401,-0.986,,-0.316,-0.383,0.396,0.164,0.201
Mettl23,,0.615,-0.073,-0.103,0.086,-0.089,0.202,0.37,-0.02,-0.054,0.04,-0.177,0.113
Mettl25,,0.136,0.06,0.217,0.321,-0.201,,,-0.001,0.15,-0.086,-0.078,0.056
Mex3b,,0.093,0.085,-0.066,-0.53,-0.006,-0.449,0.264,-0.144,-0.074,0.012,-0.032,-0.122
Mex3d,,-0.722,-0.073,0.115,-0.286,-0.068,-0.487,-0.348,0.1,0.031,0.075,-0.187,0.182
Mgme1,,-1.385,-0.174,-0.113,0.404,-0.595,0.872,,-0.13,-0.051,-0.212,0.249,-0.571
Micu1,,-0.882,0.015,0.033,-0.116,-0.098,0.085,-0.099,0.001,0.0,-0.089,0.042,-0.08
Midn,,-0.07,-0.025,0.0,-0.274,0.088,-0.016,0.025,0.019,0.211,0.111,0.094,-0.06
Mien1,,-0.313,-0.217,-0.009,0.258,0.119,-0.115,-0.043,-0.009,-0.122,0.034,-0.246,-0.006
Mis18a,,-1.244,-0.258,-0.162,-1.082,-0.448,,,0.024,0.053,-0.172,-0.27,-0.051
Mknk2,,-1.404,0.173,0.002,-0.773,0.11,-0.259,-0.072,-0.021,0.056,-0.051,0.128,0.294
Mllt1,,-0.077,0.038,0.123,0.095,-0.023,0.108,-0.949,-0.162,0.143,-0.139,0.148,0.212
Mllt6,,-0.859,0.214,0.233,-0.237,0.109,0.254,-0.238,0.004,0.204,0.112,0.273,0.392
Mnt,,1.018,-0.009,-0.136,0.279,-0.033,0.1,-0.024,-0.088,0.105,-0.022,0.114,0.018
Mpc1,,-0.278,-0.075,0.056,0.318,0.064,0.284,-0.291,-0.074,-0.122,-0.061,-0.516,0.012
Mpc2,,0.284,-0.073,-0.045,0.118,0.042,-0.045,0.071,-0.06,-0.095,-0.043,-0.398,0.003
Mplkip,,0.992,-0.108,-0.03,-0.575,-0.01,0.276,-0.48,-0.223,-0.124,-0.104,0.024,-0.127
Mpst,,1.922,-0.119,-0.074,-0.944,0.017,-0.135,-0.283,-0.036,-0.043,0.001,-0.384,0.026
Mpz,,-0.537,-0.197,-0.862,0.239,-0.932,-0.835,-0.997,-0.677,-0.312,0.396,,
Mroh1,,-0.079,0.297,0.276,0.476,-0.061,0.155,0.043,-0.005,0.257,-0.031,-0.016,0.274
Msantd2,,1.132,0.191,-0.001,-0.285,0.197,-0.444,-0.861,0.141,0.218,-0.095,0.18,0.042
Msantd3,,0.336,-0.102,-0.11,0.636,-0.074,-0.615,,0.007,0.0,-0.09,0.16,-0.136
Msantd4,,0.04,-0.031,0.13,0.105,0.001,0.345,-0.146,0.05,0.018,0.168,0.184,0.227
Msrb1,,-0.026,-0.121,0.021,0.27,0.203,-0.337,-0.062,0.074,-0.109,-0.047,-0.12,-0.057
Mtfr1l,,-0.362,-0.062,-0.053,0.255,0.067,0.257,-0.022,-0.018,-0.024,0.085,-0.26,-0.036
Mthfr,,1.397,0.196,0.034,-0.036,0.203,0.171,-0.049,0.016,0.031,0.143,0.172,
Mtmr10,,-0.216,0.021,0.056,-0.761,-0.03,-0.853,0.1,0.104,0.294,0.016,0.147,
Mvb12a,,0.679,-0.12,0.003,-0.467,-0.084,-0.103,0.17,0.003,-0.12,-0.108,-0.1,0.127
Mvb12b,,0.517,0.159,0.127,0.291,-0.053,0.164,0.398,0.098,0.143,0.046,0.307,0.002
Mxd1,,-0.368,0.077,-0.166,-0.835,0.537,-0.082,0.011,0.136,0.093,-0.242,0.273,
Mxra8,,-0.203,0.075,-0.141,-1.48,-0.439,-0.921,-0.599,-0.274,-0.441,-0.192,-0.166,-0.116
Myl6b,,-0.984,-0.131,-0.083,0.216,0.283,-0.699,0.284,0.026,-0.23,-0.064,,-0.195
Mylip,,1.543,0.033,-0.835,-0.375,-0.432,-0.565,,0.209,0.062,0.358,-0.469,
Myo1c,,-0.36,-0.095,0.053,0.31,0.25,-0.245,0.362,-0.019,0.155,0.152,0.125,0.028
Myo7a,,-2.643,0.147,0.309,0.801,0.107,-0.036,-1.951,-0.027,0.211,-0.139,-0.193,
Myo9b,,0.382,0.258,0.198,-0.561,0.341,-0.22,-0.587,0.025,0.2,0.419,0.161,
Myrip,,0.112,0.172,-0.011,1.177,-0.189,-0.073,-0.137,0.11,0.206,0.144,0.647,0.027
Naa60,,-0.089,-0.016,-0.031,0.331,0.4,-0.813,-0.629,0.03,0.045,-0.011,0.439,-0.204
Nabp1,,-0.805,0.188,-0.012,-0.128,-0.814,-0.081,,0.055,0.231,0.243,-0.011,
Nabp2,,0.096,-0.158,0.016,0.08,-0.027,-0.169,-0.177,-0.023,-0.075,0.001,-0.428,-0.089
Naf1,,-0.3,-0.106,-0.093,-0.539,0.174,-0.118,-0.552,0.047,0.063,-0.101,-0.071,-0.102
Nanos3,,-0.794,-0.147,-0.016,0.575,0.296,,,-0.075,-0.12,0.009,-0.189,0.093
Nav2,,-0.66,0.062,0.073,-0.314,-0.667,0.009,-0.148,0.073,,0.021,-0.2,-1.354
Nav3,,-2.341,0.064,0.14,-0.012,-0.029,0.029,-0.031,-0.031,0.136,-0.08,-0.231,0.138
Ncan,,0.899,0.103,0.003,-0.329,-0.031,-0.089,,0.104,0.311,0.323,0.304,-0.487
Ncapd2,,0.227,0.366,-0.022,-0.781,-0.565,,-0.21,0.082,0.281,0.042,0.069,0.375
Nck2,,-0.612,-0.019,-0.147,0.01,-0.41,-0.021,,0.025,0.349,0.4,-0.153,
Nckap5l,,-0.33,0.17,0.287,0.485,0.111,-0.083,,-0.036,0.138,0.039,0.177,
Ndst2,,0.039,0.016,0.154,-0.017,1.182,-0.287,,0.093,0.102,-0.19,0.222,
Ndufaf5,,0.237,0.03,0.106,0.802,0.077,0.118,-0.089,-0.239,0.003,-0.136,-0.142,0.15
Ndufaf6,,-1.097,-0.097,-0.08,0.196,-0.209,0.092,-0.03,-0.028,-0.121,-0.158,-0.206,0.369
Ndufaf7,,-0.465,-0.048,0.017,0.459,-0.119,0.137,0.678,0.06,0.021,0.036,-0.124,-0.127
Neat1,,-0.472,-0.21,-0.394,-0.593,-0.074,0.406,-0.167,0.136,0.278,-0.021,0.182,0.386
Nelfa,,1.495,0.018,-0.015,-0.516,0.22,0.732,0.1,-0.25,0.003,-0.125,0.229,0.255
Nelfb,,0.409,0.039,0.008,-0.111,-0.011,0.131,0.179,0.013,0.097,-0.031,0.053,0.184
Nelfcd,,-0.42,-0.017,-0.075,-0.197,-0.144,-0.115,-0.005,-0.098,0.103,-0.262,-0.002,0.156
Nelfe,,-0.405,-0.114,-0.162,-0.377,0.051,0.02,0.091,0.015,-0.066,0.048,-0.131,-0.282
Nfatc2ip,,2.387,0.062,-0.077,-0.488,0.223,,,-0.312,-0.144,0.208,0.116,0.088
Nfya,,-0.204,-0.06,0.209,-0.06,0.169,0.273,,-0.005,0.287,0.271,0.246,-0.681
Nhsl2,,0.494,0.151,-0.108,-0.47,0.193,-0.785,,-0.034,0.066,0.416,0.621,0.277
Nid1,,1.044,-0.269,-0.248,0.016,0.613,-0.481,,-0.143,-0.129,-0.024,,-0.189
Nin,,1.347,0.37,0.117,-0.698,-0.058,0.244,-0.45,-0.03,0.08,0.159,-0.028,-0.65
Nkd1,,-0.472,,-0.115,-0.333,0.172,-0.845,,0.033,-0.004,0.101,-0.504,-1.646
Nlrx1,,-0.202,-0.247,-0.12,0.033,0.426,0.091,0.108,0.235,0.169,0.632,-0.015,-0.353
Nmrk1,,0.173,0.009,0.102,2.162,-0.468,-1.218,-1.112,0.003,-0.041,-0.099,-0.033,-0.599
Nop9,,0.486,0.127,-0.014,-0.509,0.043,0.424,,0.165,-0.075,-0.027,-0.164,0.196
Nova1,,-0.12,0.178,0.097,-0.088,0.418,-1.002,,0.429,0.213,0.415,0.588,0.36
Nova2,,-0.576,0.161,0.088,-0.087,-0.134,0.528,-0.556,-0.014,0.137,0.01,0.195,0.264
Npas4,,-0.438,-0.114,-0.005,-2.117,-1.03,,0.44,-0.289,0.045,-0.222,-0.085,-0.266
Nr4a2,,-0.822,-0.81,-0.139,-2.685,-0.616,-0.363,0.677,-0.238,-0.138,-0.032,0.231,0.202
Nr6a1,,-1.248,0.229,0.138,1.01,0.264,-1.183,-0.25,0.064,0.347,0.366,0.219,
Nrde2,,-2.306,0.14,-0.025,-0.5,0.02,-0.11,-0.079,0.01,0.084,-0.05,-0.104,-0.616
Nrep,,-1.24,0.052,0.065,-0.204,0.078,0.221,-0.146,-0.111,0.008,0.053,0.028,-0.103
Nrp2,,-1.627,-0.324,0.015,-0.613,0.034,0.158,-0.308,-0.197,0.129,0.1,0.851,0.328
Nrxn2,,0.263,0.094,0.037,0.013,0.053,0.462,-0.17,0.06,0.157,0.114,0.269,0.151
Nsmf,,0.989,0.147,-0.037,0.041,-0.317,0.212,-0.046,0.016,0.098,0.055,0.287,-0.254
Ntmt1,,0.501,-0.077,-0.005,0.045,0.038,-0.003,0.292,-0.048,-0.076,-0.11,-0.135,0.135
Nuak1,,0.524,-0.013,0.075,0.48,0.246,0.215,0.005,0.094,0.197,0.015,0.249,-0.41
Nup188,,-1.301,0.149,0.346,0.097,0.244,-0.574,0.922,-0.124,0.022,0.002,0.095,-0.331
Nup210,,-0.527,0.32,-0.443,-0.209,-0.589,,-0.387,0.225,0.551,-0.563,0.33,
Nxpe3,,-0.21,0.365,-0.084,0.682,-0.119,0.036,0.322,0.039,0.206,-0.072,0.177,-0.039
Nyap1,,0.228,0.099,0.027,0.265,0.149,0.356,-0.015,-0.018,0.189,0.156,0.159,0.261
Nyap2,,-2.658,0.111,0.11,-0.006,-0.083,0.74,0.157,0.097,0.125,0.153,0.074,-0.209
Nynrin,,1.793,0.164,0.12,0.018,0.0,0.99,0.145,0.119,0.117,0.131,0.366,-1.487
Oard1,,0.207,-0.126,-0.028,-0.148,-0.258,-0.063,0.169,-0.057,-0.124,0.001,-0.128,0.146
Oaz2,,0.17,0.058,-0.045,-0.088,0.051,0.077,0.174,-0.043,0.027,-0.005,0.297,-0.038
Obsl1,,-0.295,-0.249,-0.058,0.074,0.563,-0.788,0.424,-0.056,0.021,0.171,0.316,-0.449
Ocel1,,0.17,-0.064,-0.056,0.781,0.049,-0.222,-0.327,0.005,-0.079,0.064,-0.22,-0.191
Ogfod3,,0.416,-0.103,-0.014,0.064,0.167,-0.104,0.405,-0.056,-0.016,-0.074,-0.237,0.174
Orai2,,-0.395,0.347,0.143,0.4,0.323,0.043,,-0.01,0.191,0.073,0.172,-0.182
Otud1,,1.442,0.021,,-0.617,-0.495,-0.357,,-0.26,0.116,-0.242,-0.117,-0.83
Oxld1,,0.84,-0.184,-0.101,0.21,0.071,0.074,,-0.05,-0.087,-0.05,-0.185,0.012
Pabpc4,,-0.872,0.049,-0.03,-0.081,0.194,-0.244,-2.787,0.038,0.196,0.035,-0.089,-0.087
Pald1,,0.718,-0.054,0.194,0.528,0.933,-0.484,,0.06,0.257,-0.238,0.077,-0.207
Paox,,-2.771,0.059,0.009,0.721,0.021,0.005,,-0.043,0.211,-0.174,-0.192,-0.213
Pard3,,-0.063,0.007,-0.087,-0.312,0.185,0.501,0.01,-0.011,0.118,0.086,-0.035,-0.869
Pard6g,,-2.393,-0.135,0.153,-0.558,-0.288,,,0.156,-0.147,0.107,0.044,-0.387
Paxbp1,,0.278,0.287,0.011,-0.83,-0.279,0.54,-0.3,-0.142,0.05,0.305,-0.071,-0.368
Pbdc1,,0.687,-0.01,-0.047,0.146,0.115,0.116,0.165,-0.197,-0.043,0.003,-0.141,-0.102
Pbxip1,,-1.671,-0.032,,0.537,,-0.139,0.0,-0.585,-0.147,0.121,-0.107,-0.04
Pcdhb14,,1.453,0.263,0.128,1.541,-0.015,0.131,0.17,0.097,0.259,-0.071,0.14,
Pced1a,,-0.218,0.08,-0.054,0.558,0.967,-0.092,,-0.371,-0.102,0.665,0.072,
Pced1b,,0.66,0.018,0.047,0.333,-0.343,-0.632,,-0.145,0.068,0.183,0.415,0.14
Pcnt,,0.583,0.063,-0.285,-0.791,-0.018,-0.039,-0.275,0.254,0.086,-0.073,0.019,-1.418
Pdcd11,,-1.108,0.113,0.098,-0.49,-0.107,-0.705,0.226,-0.125,0.055,0.108,-0.253,0.222
Pde10a,,0.481,0.046,-0.134,-0.342,-0.414,0.642,0.149,0.098,0.147,-0.042,-0.066,-0.076
Pde4a,,0.549,0.084,0.043,0.943,1.126,,-0.054,0.033,0.009,0.145,-0.477,0.707
Pde8b,,-0.851,-0.407,-0.043,-0.552,-0.243,0.949,,0.311,-0.157,0.401,0.398,
Pdzd2,,-1.221,-0.068,-0.531,0.072,-1.189,-0.572,-0.94,-0.429,-0.054,-0.091,0.076,-0.124
Pdzd4,,-0.495,0.014,0.052,-0.217,0.25,0.442,0.546,0.085,0.14,0.081,0.176,0.164
Per3,,-0.401,-0.091,0.032,-0.119,0.127,0.497,-0.052,-0.133,0.123,0.306,0.317,-0.48
Pet100,,0.366,-0.023,-0.086,0.114,0.171,-0.524,0.101,-0.035,-0.017,-0.032,-0.273,-0.001
Pex2,,1.373,0.065,-0.081,-0.036,-0.467,0.221,0.041,-0.086,-0.067,-0.187,-0.137,0.126
Pex26,,-0.481,0.202,-0.1,0.682,-0.177,-0.26,,-0.292,-0.0,-0.11,0.117,
Pfas,,-0.713,0.106,-0.008,0.463,-0.511,-1.364,,0.011,0.032,-0.079,0.337,0.122
Phc1,,-2.549,-0.09,0.1,-0.243,0.007,-0.801,0.296,-0.07,0.077,0.083,0.17,0.07
Phf2,,-0.474,0.064,-0.055,0.142,-0.15,-0.077,0.303,-0.028,0.256,-0.005,0.189,-0.261
Phf21a,,0.238,0.146,-0.072,-0.633,0.04,0.122,-0.171,-0.042,0.092,0.095,0.187,0.236
Phlda1,,-0.23,-0.242,-0.264,0.484,-0.432,-0.319,-0.045,-0.378,-0.232,-0.338,-0.301,-0.4
Phldb1,,-2.073,0.061,0.187,0.12,0.115,0.015,0.219,0.024,0.186,0.203,-0.063,0.407
Phlpp1,,0.735,0.119,-0.11,0.335,-0.296,0.335,-0.709,-0.195,0.207,0.116,0.201,
Phox2a,,1.666,,0.028,0.328,0.083,0.17,0.095,-0.012,-0.083,-0.184,0.221,-0.008
Pi4k2b,,0.188,0.059,0.111,0.81,0.061,-0.352,-0.022,-0.285,-0.05,0.287,-0.088,-0.29
Pianp,,-0.627,0.093,0.043,-0.125,-0.055,0.498,-0.55,-0.001,0.099,0.097,0.304,0.235
Pign,,-1.123,0.256,-0.503,-0.099,0.347,0.239,-3.514,-0.177,0.188,-0.03,-0.103,
Pigo,,-2.372,0.284,0.488,0.46,0.201,0.343,,-0.098,0.354,-0.429,0.129,-0.271
Pik3c2b,,1.238,0.22,-0.072,-0.607,0.505,0.948,-0.291,-0.45,0.268,0.092,0.407,
Pim1,,0.875,-0.089,0.037,-0.859,-0.43,-0.394,0.377,-0.061,0.159,-0.166,0.033,-0.316
Pip4k2b,,-0.202,0.176,0.055,-0.19,0.026,0.502,0.093,0.061,0.214,0.15,0.196,0.322
Pithd1,,-0.296,-0.118,0.033,0.144,0.17,0.127,-0.473,0.091,-0.08,0.073,0.152,0.015
Pitpnm3,,-0.243,0.059,0.159,2.254,1.156,-0.837,0.079,0.228,0.22,0.707,0.121,
Pkd2,,-1.029,0.149,-0.154,-0.44,0.241,-1.119,0.126,-0.041,0.208,0.118,-0.024,0.183
Pkm,,-0.103,0.035,-0.031,0.026,-0.014,-0.039,-0.183,0.018,0.082,-0.07,0.09,0.042
Pknox1,,0.596,-0.055,-0.075,-0.345,0.278,-0.152,-0.044,0.029,0.081,-0.063,0.063,-0.167
Plce1,,1.553,-0.109,-0.159,-0.692,-0.007,-0.606,-1.057,0.189,-0.027,-0.256,0.386,0.229
Plekhg5,,0.415,-0.066,0.045,0.033,-0.204,0.696,,0.073,0.221,0.176,0.167,-0.315
Plekhh3,,0.721,0.126,-0.082,-0.556,0.235,0.521,-0.57,-0.067,0.232,0.034,0.305,-0.358
Plgrkt,,0.453,0.079,-0.024,-0.288,-0.143,-0.219,-0.087,-0.075,-0.018,-0.113,-0.23,-0.076
Plin3,,-0.822,-0.306,-0.328,-0.852,0.069,-0.828,0.038,-0.51,0.007,0.371,,-0.372
Plxna3,,0.709,0.167,0.066,-0.138,0.026,0.286,0.467,0.093,0.26,0.101,0.126,-0.096
Plxnb1,,2.569,-0.125,0.234,0.703,0.034,-0.757,,-0.07,-0.243,-0.012,-0.01,-0.117
Plxnb2,,0.865,0.012,0.048,0.25,-0.054,-0.095,0.126,0.063,0.312,-0.109,0.388,-0.358
Pml,,-1.008,-0.029,0.339,-0.533,-0.239,-0.026,,-0.13,0.151,0.032,0.191,-0.31
Pofut1,,-0.593,0.076,-0.217,-0.21,0.024,0.446,0.242,0.097,0.332,-0.051,0.131,-0.07
Pold1,,-1.878,0.032,-0.014,-1.112,-0.338,-0.903,,0.163,0.173,-0.131,,-0.28
Polr2m,,-0.227,0.009,0.025,0.012,-0.157,0.221,0.158,0.011,-0.046,0.151,0.071,-0.085
Pou2f1,,-0.659,0.095,0.029,-0.54,-0.221,-0.371,0.289,-0.068,0.156,-0.04,0.107,0.046
Ppard,,-0.185,0.074,-0.122,-0.001,0.38,-0.358,1.539,-0.061,0.244,-0.212,-0.072,
Ppfibp1,,0.079,-0.375,-0.185,0.993,-0.157,-0.094,-0.087,-0.236,0.17,0.072,0.209,-0.331
Ppp1r16b,,0.616,0.115,-0.004,0.059,0.352,0.271,0.091,0.255,0.057,0.219,0.455,0.84
Ppp1r18,,0.205,,-0.077,0.025,-0.465,-0.872,-0.731,0.117,0.006,0.189,-0.113,-0.357
Ppp1r21,,-1.053,-0.015,0.004,0.297,0.101,0.264,0.221,0.092,-0.005,0.103,0.067,-0.219
Ppp1r26,,-0.358,0.113,0.023,-0.712,-0.464,,,0.018,0.243,0.01,0.289,-1.203
Ppp1r35,,-0.676,-0.13,-0.097,0.169,-0.38,-0.283,-0.897,-0.016,-0.081,-0.129,-0.069,0.065
Ppp1r37,,-2.22,0.131,-0.014,0.05,-0.099,-0.046,-0.253,0.033,0.182,0.048,0.084,-0.062
Pradc1,,0.959,-0.153,-0.01,-0.123,0.315,-0.327,0.704,0.061,-0.086,0.07,-0.077,-0.183
Prdm15,,1.565,0.186,0.178,-0.37,0.673,,-0.146,-0.103,0.176,0.033,0.146,
Prex1,,5.734,0.157,0.09,0.039,0.599,0.028,0.53,0.125,0.001,-0.122,,
Prex2,,-0.32,-0.599,-0.44,0.321,-0.541,-0.336,-1.906,-0.409,-0.101,0.131,0.601,
Proser1,,0.349,0.101,0.032,-0.231,-0.324,-0.056,0.223,0.087,0.051,-0.038,-0.063,-0.107
Prr12,,-0.158,0.022,0.18,-0.064,0.068,0.373,-0.573,0.092,0.118,0.044,0.149,-0.299
Prr14l,,-0.721,0.169,-0.078,-0.506,-0.017,0.466,-0.172,0.191,0.213,0.034,0.169,-0.195
Prr15,,-0.466,-0.001,-0.14,1.31,0.769,-0.257,-0.552,0.312,-0.019,0.17,,
Prrc2a,,-0.865,0.076,0.087,-0.151,0.227,0.043,-0.285,-0.04,0.227,-0.021,0.092,-0.185
Psd,,1.84,0.018,0.055,0.688,0.127,0.349,0.13,0.062,0.045,0.261,0.146,0.265
Pskh1,,0.711,0.227,-0.085,-0.13,-0.314,0.447,0.493,0.059,0.202,0.052,0.118,-0.109
Ptbp1,,1.424,-0.124,-0.017,-0.673,-0.363,-0.425,0.259,0.01,0.191,-0.097,0.066,-0.271
Ptbp3,,0.312,-0.098,-0.035,0.006,-0.206,0.18,-0.022,0.035,0.096,-0.056,-0.11,-0.148
Ptpn21,,0.319,-0.06,0.238,-0.16,1.408,0.235,0.138,-0.247,-0.013,0.068,0.118,
Ptpn5,,-0.545,0.147,-0.031,1.429,0.381,0.492,0.061,0.056,0.165,-0.104,0.596,0.06
Ptprj,,-1.034,-0.097,-0.018,-0.134,-0.214,-0.112,,0.183,0.435,0.355,0.622,0.294
Ptprz1,,0.221,-0.371,0.338,-2.105,0.131,-0.209,-0.62,-0.402,-0.149,0.367,-0.881,-0.521
Ptrhd1,,-0.281,-0.118,-0.044,0.145,0.066,-0.434,-0.57,-0.013,-0.077,-0.008,-0.2,0.083
Pxdn,,0.174,-0.254,0.043,-0.07,0.395,-0.064,0.176,0.176,0.304,0.07,0.091,0.058
R3hcc1l,,-0.382,0.001,-0.256,-0.124,0.418,0.272,-0.716,-0.112,0.032,0.222,0.073,0.219
R3hdm4,,0.272,0.052,-0.027,0.079,-0.014,-0.024,-0.098,0.021,0.1,-0.008,-0.18,-0.082
Rabl6,,0.044,0.042,-0.066,-0.121,0.081,0.048,-0.036,0.118,0.056,0.067,-0.092,0.046
Rad51d,,-0.793,-0.055,-0.27,0.039,0.074,0.252,0.621,-0.059,0.062,-0.073,0.171,0.275
Rad54l2,,0.765,0.104,0.089,-0.306,-0.053,-0.633,-0.175,0.214,0.229,0.104,0.255,0.132
Rad9a,,-0.525,0.243,0.176,-0.194,-0.356,-0.113,,0.096,-0.064,0.005,0.131,-0.846
Rap2b,,-0.104,-0.157,0.018,0.059,-0.216,-0.024,-0.142,0.102,-0.019,-0.101,-0.234,-0.326
Rara,,2.178,-0.102,-0.391,-0.548,0.085,-0.533,,-0.087,-0.254,-0.29,-0.149,-0.162
Rarg,,-1.01,0.168,-0.37,,,-0.773,-0.516,0.292,-0.028,0.466,-0.011,-0.314
Rasa3,,-3.439,-0.211,0.272,0.533,-0.876,-0.336,0.227,-0.095,0.008,0.196,0.068,-0.001
Rasl11b,,2.776,-0.083,-0.314,0.696,-0.164,0.118,0.706,,0.041,0.333,0.231,-0.383
Rbm12b2,,0.509,0.149,-0.791,0.513,-0.347,-0.792,-0.685,0.074,0.332,-0.196,0.392,
Rbm15,,0.974,-0.08,-0.126,-0.166,0.169,-0.229,-0.251,-0.029,0.039,-0.075,-0.103,-0.491
Rbm19,,1.971,-0.039,-0.011,-0.156,0.062,-0.279,,0.118,0.165,0.115,0.123,
Rbm45,,-0.049,-0.008,0.142,-0.101,0.386,-1.224,-0.024,-0.012,0.024,0.176,0.174,-0.084
Rbm48,,-0.049,-0.026,0.143,-0.335,-0.066,-1.095,0.261,-0.063,-0.038,0.004,-0.066,0.048
Rbp1,,-0.345,-0.416,-0.529,-0.931,-0.71,-0.65,,-0.076,-0.234,-0.033,-0.564,-0.109
Recql5,,-0.132,0.337,-0.259,-0.851,-0.11,-0.436,-0.368,-0.122,0.031,0.21,0.119,
Relb,,6.644,-0.148,0.339,1.074,0.385,-0.335,-0.43,-0.256,-0.082,-0.566,-0.114,-0.527
Rftn1,,0.232,,0.125,0.437,0.148,-0.191,0.089,0.002,0.108,-0.089,-0.441,-0.173
Rfwd3,,-0.174,0.14,0.191,-0.126,-0.29,-1.131,-1.199,0.046,0.048,0.199,0.026,-0.268
Rfx1,,0.541,0.167,0.393,-0.161,-0.028,0.334,0.217,0.03,0.389,0.079,0.066,-0.758
Rfx3,,-0.596,0.039,-0.044,-1.029,0.112,-0.29,0.513,0.252,0.215,-0.069,0.473,0.11
Rgcc,,-0.134,-0.327,-0.359,1.174,0.644,-0.287,0.352,-0.353,-0.068,0.545,-0.202,0.115
Rhbdd1,,-1.465,0.311,-0.081,0.324,0.544,0.177,,-0.06,0.119,0.186,0.176,
Rhno1,,1.11,-0.026,0.141,-0.459,-0.135,-0.146,0.019,-0.035,-0.031,0.11,-0.168,-0.015
Rhobtb1,,-0.228,0.074,-0.458,0.427,0.423,,,-0.025,0.413,-0.095,0.265,0.225
Rimklb,,-1.224,-0.2,-0.096,-0.278,0.194,,,-0.192,0.061,0.152,0.479,-0.134
Rmdn1,,0.328,0.062,-0.157,0.086,0.565,-0.369,-0.02,-0.124,-0.11,-0.127,-0.303,-0.101
Rmdn3,,-0.3,0.058,0.177,0.092,-0.179,0.104,0.122,-0.011,0.1,0.044,-0.011,-0.05
Rnf150,,0.189,0.152,0.201,0.054,0.157,0.322,0.205,-0.048,0.187,-0.163,0.485,-0.043
Rnf165,,1.266,0.09,0.114,0.165,-0.04,0.731,-0.222,0.023,0.173,0.087,-0.021,-0.419
Rnf169,,0.504,-0.008,-0.336,-0.039,-0.279,-1.739,-1.031,-0.038,0.147,0.096,0.02,
Rnpepl1,,-0.249,0.119,0.089,0.141,0.045,-1.191,0.423,0.095,0.128,-0.053,-0.056,-0.307
Rpap1,,-0.648,-0.022,0.127,-0.201,0.25,0.235,-0.555,0.171,0.125,-0.228,0.036,-0.038
Rpia,,0.142,0.073,0.09,-0.655,-0.109,0.725,-0.624,-0.124,0.033,-0.041,0.318,-0.336
Rpp25l,,0.285,-0.196,-0.124,-0.112,0.219,-0.076,-0.045,-0.002,-0.072,-0.219,-0.28,-0.101
Rps3a1,,0.018,-0.23,-0.035,-0.181,-0.059,-0.296,-0.327,-0.033,-0.144,-0.054,-0.416,-0.032
Rps6ka5,,1.273,-0.032,-0.106,-1.3,-0.546,-0.214,0.394,-0.064,-0.015,-0.282,-0.035,
Rrp12,,0.02,0.132,0.209,0.65,0.546,0.166,-2.604,0.168,0.192,0.167,0.145,0.019
Rsad1,,0.213,0.111,0.107,-0.154,-0.038,-0.411,,-0.006,0.204,-0.081,0.11,-0.899
Rtca,,-0.206,-0.058,-0.001,0.064,0.007,0.176,0.21,-0.005,-0.027,-0.004,0.238,0.093
Rxra,,-0.255,0.117,0.067,-0.241,-1.193,-0.719,,0.128,0.075,0.031,0.513,
Sall2,,0.82,0.173,0.11,-0.798,-0.124,-0.675,,-0.017,0.143,0.249,0.279,-0.196
Samd4,,1.291,-0.04,0.087,0.387,0.102,0.374,0.12,0.092,0.151,0.193,-0.014,0.247
Sash1,,-0.203,-0.32,0.279,1.296,-0.389,-0.379,0.08,-0.231,-0.03,-0.111,-0.349,-0.697
Saysd1,,0.324,-0.053,-0.064,-0.045,0.127,-0.31,0.505,-0.139,-0.06,0.056,-0.294,-0.127
Scn3a,,-0.953,-0.044,0.018,-0.019,0.085,0.789,0.129,0.131,0.186,0.022,-0.009,0.107
Scrib,,0.668,0.008,0.196,-0.105,0.028,-0.443,0.086,0.066,0.211,-0.253,-0.167,0.343
Scrt1,,0.278,0.441,0.061,-0.621,0.272,,,0.05,0.026,-0.07,-0.015,-0.165
Sde2,,0.092,-0.237,0.163,-0.214,0.134,0.193,-0.229,-0.096,0.021,-0.06,-0.108,0.039
Sec24d,,-1.757,0.061,0.257,0.209,0.324,-0.079,-0.035,0.126,0.141,0.121,0.011,-0.544
Sema4a,,-0.009,0.111,0.177,0.626,-0.458,0.044,0.323,0.341,0.232,-0.272,-0.086,
Sema4b,,-0.321,-0.069,-0.017,-0.515,0.091,0.267,0.129,0.007,0.111,0.088,0.285,-0.302
Sema4g,,-1.137,0.127,0.115,-0.062,0.22,0.192,-0.077,0.05,0.128,0.094,0.146,-0.124
Sema6c,,0.667,0.052,0.202,-0.33,-0.009,0.132,0.61,0.17,0.3,-0.116,-0.045,-0.107
Senp1,,0.107,0.08,-0.106,-0.264,0.059,0.47,0.146,0.282,0.031,0.054,0.22,-0.139
Serpinh1,,1.827,-0.357,-0.524,-0.364,-1.312,-1.189,-0.738,-0.352,-0.246,0.157,0.006,-0.457
Setbp1,,-0.153,0.143,0.125,-0.551,-0.201,,0.031,-0.328,0.263,0.38,0.66,0.085
Setd1a,,-0.401,0.136,0.096,-0.264,0.33,-0.193,0.591,0.153,0.061,0.047,0.177,-0.294
Setd1b,,0.06,-0.017,0.115,0.043,0.094,0.548,0.259,0.015,0.104,0.036,0.221,-0.007
Sez6l,,2.468,-0.05,-0.183,0.78,1.165,0.661,0.252,0.18,0.341,0.36,0.814,0.352
Sfxn5,,0.511,0.263,-0.034,-0.092,0.211,0.16,-0.169,-0.003,0.011,0.298,-0.001,
Sh2b3,,1.085,0.054,0.066,-0.493,0.634,-0.069,,0.195,0.18,0.016,0.015,-0.466
Sh3d19,,1.648,-0.256,-0.057,-0.032,-0.351,0.072,-0.65,-0.004,0.029,0.447,0.009,-0.388
Sh3pxd2a,,-0.772,0.048,0.143,-0.252,-0.125,0.302,-0.141,-0.068,0.234,0.139,0.139,-0.441
Sh3rf1,,1.423,-0.032,0.27,-1.038,-0.408,,,-0.012,-0.079,-0.228,-0.19,0.199
Shb,,0.265,0.074,-0.086,-0.086,-0.061,-0.156,0.217,0.094,0.05,0.159,0.582,-0.167
Shkbp1,,0.99,0.303,0.124,0.173,0.131,-0.298,-0.265,-0.236,0.111,-0.186,-0.006,-0.448
Sik1,,1.521,-0.522,-0.251,-0.18,-0.15,-0.047,,0.307,-0.054,-0.14,0.371,
Sik3,,-1.413,0.218,0.104,0.033,-0.12,-0.415,0.697,0.013,0.102,0.298,0.183,-0.047
Simc1,,0.016,0.07,-0.069,-0.593,-0.65,-0.026,,-0.17,0.209,0.107,-0.825,-1.179
Sipa1,,-0.39,-0.055,0.088,0.261,0.245,-0.594,-0.516,0.073,0.11,0.25,0.194,-0.423
Sipa1l2,,0.544,0.159,-0.05,0.335,0.369,-0.118,0.052,0.341,0.351,0.471,0.075,-0.116
Sipa1l3,,-1.043,0.182,-0.162,-0.68,-0.32,-0.899,-0.285,-0.136,0.212,0.019,0.281,0.42
Ska2,,-1.779,0.058,0.032,-0.789,-0.22,-1.878,,0.015,-0.097,-0.174,0.321,0.013
Skida1,,-2.597,0.041,0.213,0.056,-0.062,,,-0.365,-0.198,-0.032,0.087,-0.425
Slc12a9,,0.101,0.344,0.254,-0.3,0.346,0.154,-0.53,-0.093,0.269,-0.008,0.141,-0.262
Slc18b1,,-0.837,0.311,0.175,-0.062,0.331,0.366,,0.085,0.193,-0.291,-0.122,-0.167
Slc22a15,,1.056,-0.099,-0.128,-0.244,0.01,0.578,-0.384,-0.011,0.109,-0.025,-0.057,-0.733
Slc25a51,,-0.004,0.168,0.107,-0.041,0.111,0.344,-0.035,0.061,0.125,0.054,0.297,0.007
Slc25a53,,0.235,0.184,-0.215,-0.52,-0.115,-0.723,0.362,-0.109,-0.025,0.015,0.309,-0.19
Slc29a3,,0.506,0.393,0.291,-0.06,0.666,0.245,-0.757,0.024,0.244,0.007,0.207,
Slc2a13,,0.107,0.148,0.129,1.709,0.187,0.507,0.526,0.059,0.253,0.442,-0.26,0.335
Slc30a1,,-0.238,-0.062,0.067,0.073,0.578,-0.483,,-0.025,0.349,-0.004,0.368,
Slc30a7,,-0.992,0.061,0.048,0.598,0.411,-0.769,0.411,0.019,0.234,-0.065,0.086,0.127
Slc35e2,,-0.227,0.196,0.072,0.095,0.197,0.601,-0.952,-0.262,0.115,0.197,0.301,
Slc35f6,,0.286,0.353,0.01,-0.055,0.346,0.008,0.264,-0.022,0.076,0.01,0.152,-0.664
Slc35g2,,-0.057,0.042,-0.026,0.753,-0.296,0.612,0.001,-0.006,0.042,-0.215,0.338,0.27
Slc39a1,,0.22,-0.095,-0.151,-0.516,-0.391,-0.494,-0.267,-0.177,0.044,-0.108,0.01,-0.468
Slc39a14,,0.826,0.339,-0.032,0.297,0.224,-0.133,-2.061,0.161,0.17,0.149,0.507,
Slc41a1,,-1.608,-0.045,-0.191,-0.37,0.376,-0.246,,-0.076,0.047,-0.02,0.404,
Slc4a10,,-1.555,0.269,0.063,0.12,0.126,-0.166,-0.028,0.233,0.231,0.717,-0.087,
Slc52a2,,-0.375,0.162,0.178,-0.04,0.188,0.368,,0.022,0.072,0.026,-0.054,0.134
Slc6a8,,0.049,0.233,-0.157,-0.467,0.229,-0.066,0.257,-0.032,0.183,0.168,0.223,-0.047
Slc6a9,,-1.985,0.119,0.634,1.683,0.739,-0.973,,0.007,0.272,-0.216,0.136,-0.764
Slc8a1,,-0.842,0.127,-0.01,0.518,0.187,0.358,0.232,0.111,0.303,0.167,0.223,
Slc8a2,,-1.339,-0.292,0.049,-0.131,-0.222,,,0.124,0.256,0.254,0.235,-0.619
Slc9b2,,-3.281,,0.031,0.833,-0.199,0.572,-0.431,0.126,0.125,-0.174,-0.594,
Slirp,,-0.258,-0.153,-0.029,0.061,0.07,-0.09,0.056,-0.05,-0.161,-0.016,-0.308,0.017
Slit2,,-0.192,-0.168,0.177,-1.069,-0.207,-0.421,0.583,0.159,0.373,0.155,-0.276,-0.231
Smad7,,0.405,-0.159,-0.524,0.157,-0.553,0.092,0.073,-0.022,0.08,0.106,-0.144,-0.251
Smg8,,1.041,0.099,-0.076,-0.031,-0.522,0.37,,-0.207,0.161,0.028,0.056,-0.404
Smg9,,0.312,0.058,-0.203,0.23,0.142,-0.14,-0.69,-0.126,0.25,-0.003,0.143,-0.052
Smim11,,0.167,-0.119,-0.155,-0.386,-0.129,-0.155,0.088,-0.057,-0.156,-0.287,-0.428,-0.158
Smim12,,0.246,-0.029,-0.101,0.172,0.014,-0.021,-0.181,0.021,-0.058,0.022,-0.075,-0.136
Smim13,,0.597,0.091,0.088,0.213,0.102,0.497,0.186,0.088,-0.016,0.088,0.008,0.532
Smim14,,-0.523,-0.114,-0.044,-0.032,0.007,0.28,0.12,0.011,-0.051,-0.006,-0.095,-0.027
Smim15,,0.235,-0.062,0.026,0.369,-0.134,0.301,-0.316,-0.028,-0.092,-0.043,0.143,-0.282
Smim18,,-0.908,-0.089,0.061,0.555,0.168,,,0.036,-0.02,-0.202,-0.503,0.146
Smim4,,-0.005,-0.137,0.085,0.378,-0.083,-0.216,-0.012,0.004,-0.097,-0.078,-0.412,0.032
Smim7,,-0.205,-0.017,-0.038,-0.141,0.031,-0.193,0.016,0.007,-0.048,0.05,-0.06,0.132
Smim8,,-0.838,-0.16,-0.016,0.022,-0.04,0.182,-0.134,-0.156,-0.161,0.082,-0.194,0.189
Snta1,,0.059,0.025,-0.19,-0.891,-0.287,-0.245,-0.789,0.026,0.129,-0.181,0.008,-0.048
Snx30,,-0.845,0.011,0.061,0.19,0.239,0.767,-0.188,-0.043,0.147,-0.109,0.221,0.155
Snx8,,-0.455,0.1,-0.069,-0.022,-0.093,-0.141,-0.13,-0.035,0.16,-0.024,0.301,0.159
Socs7,,-0.627,0.072,0.053,-0.253,0.13,0.427,0.24,0.166,0.261,0.194,0.321,-0.538
Soga3,,-0.13,-0.067,0.033,-0.049,0.054,0.612,-0.104,-0.017,0.079,0.084,-0.009,-0.135
Sorcs1,,-0.668,0.172,-0.631,-0.774,-0.333,-0.187,-0.503,-0.132,0.167,0.4,0.812,-0.015
Sowahc,,-0.334,-0.019,0.11,-0.183,0.065,-0.207,,-0.077,0.084,0.272,0.103,-0.35
Sox12,,-0.311,0.168,0.016,-0.036,0.072,0.304,-0.1,0.05,-0.012,0.235,0.242,-0.189
Sp1,,0.115,0.135,0.082,-0.15,-0.338,-0.158,0.142,-0.193,0.321,0.047,0.194,
Sp2,,0.568,-0.024,-0.006,-0.355,-0.041,-0.347,,-0.194,0.033,0.111,0.057,0.06
Speg,,0.253,0.2,0.11,-0.299,-0.226,0.095,0.161,0.021,0.169,0.301,-0.038,0.421
Spen,,-0.105,-0.081,0.016,-0.527,0.014,0.48,0.079,-0.001,0.222,0.146,0.052,-0.088
Spg11,,0.346,0.244,0.226,0.018,-0.286,-0.678,-0.087,0.153,0.172,-0.045,-0.108,
Sppl2a,,-0.737,0.205,0.082,-0.597,0.137,0.26,-0.442,0.103,0.197,0.316,0.166,0.284
Sppl2b,,0.547,0.43,0.058,0.864,-0.091,0.42,0.219,0.185,0.22,0.111,-0.058,-0.301
Spry1,,1.333,-0.435,-0.014,0.429,0.423,-0.47,,0.068,0.194,0.249,-0.267,-0.501
Spryd7,,-0.087,-0.082,0.098,0.431,0.023,0.44,0.133,-0.055,-0.028,0.193,-0.057,-0.156
Sptan1,,0.075,0.191,0.09,0.105,0.097,0.235,-0.093,0.058,0.287,0.096,-0.041,-0.017
Sptb,,-0.067,0.072,-0.085,-0.727,-0.101,,,-0.513,0.259,-0.107,0.54,0.315
Sptbn1,,0.32,0.048,0.039,0.456,0.199,0.385,-0.026,0.085,0.239,0.098,0.069,0.057
Sptbn2,,0.251,0.183,-0.0,0.197,0.035,0.086,0.095,0.117,0.275,-0.051,0.158,-0.374
Sptbn4,,-0.635,0.295,0.083,0.746,0.118,-0.18,0.079,0.41,0.276,0.306,0.254,
Sptssa,,0.415,-0.146,-0.058,-0.062,-0.082,0.142,-0.191,0.028,-0.109,-0.058,-0.168,0.091
Srcin1,,-1.092,0.031,-0.025,0.377,0.217,0.574,0.006,-0.001,0.234,0.186,0.266,0.032
Srf,,-0.257,-0.116,,-0.142,-1.137,-0.608,-0.22,,0.144,-0.706,0.271,-1.213
Ssh3,,-0.14,0.296,-0.034,-0.323,-0.152,0.697,-0.209,0.227,0.178,-0.011,,-0.549
Sspn,,-2.652,-0.351,-0.037,-0.178,0.437,0.667,,-0.145,0.309,-0.449,0.033,-0.258
St3gal3,,0.366,0.301,-0.045,-0.113,0.023,-0.12,0.037,0.011,0.211,-0.073,0.313,0.457
Stard13,,-1.621,-0.413,,-1.291,-0.255,-0.19,-0.306,0.275,0.226,0.122,-0.332,
Stat5a,,-1.327,-0.278,0.11,1.069,0.639,-0.081,,-0.261,0.528,-0.032,0.364,-1.03
Stk32c,,1.331,-0.003,-0.017,0.877,0.229,0.035,0.417,0.009,0.046,-0.16,0.065,0.12
Strip1,,0.421,0.198,0.062,-0.233,0.361,-0.025,0.08,0.103,0.32,-0.018,0.297,-0.104
Suco,,1.124,0.123,0.067,-0.046,-0.02,0.418,-0.051,0.026,0.071,0.153,-0.044,0.041
Sun2,,-0.79,0.396,0.223,-0.335,-0.023,-1.325,0.299,0.024,0.167,-0.238,0.095,-0.005
Supt16,,0.231,0.012,0.012,-0.327,-0.113,0.118,-0.27,-0.12,0.044,-0.162,0.049,-0.158
Supt20,,1.533,0.06,0.041,-0.115,0.037,0.705,0.396,0.071,0.117,0.029,-0.067,0.146
Supt3,,-0.208,-0.018,-0.011,0.317,-0.336,0.049,-0.116,0.026,0.056,-0.047,0.125,0.076
Supt4a,,0.383,-0.168,-0.092,0.151,-0.025,0.135,-0.06,-0.03,-0.073,-0.092,-0.224,-0.1
Supt5,,0.054,-0.001,-0.045,-0.2,-0.087,-0.114,-0.056,-0.014,0.065,-0.02,-0.008,-0.077
Supt6,,0.787,0.007,-0.063,-0.174,-0.008,0.084,-0.081,0.13,0.136,0.068,0.048,-0.488
Susd5,,-0.21,,0.113,1.772,0.245,0.638,0.014,0.278,0.188,0.056,0.089,-0.164
Swsap1,,-0.594,0.079,-0.062,-0.342,-0.013,0.499,,0.119,-0.099,0.078,0.195,-0.078
Swt1,,-1.519,-0.026,-0.175,-0.188,-0.178,0.158,0.018,-0.067,0.048,0.054,-0.072,0.153
Syne2,,0.277,-0.099,-0.167,-0.769,-0.159,0.345,0.038,-0.073,0.136,0.115,0.419,0.169
Synpo,,-2.274,-0.071,0.208,0.665,-1.242,-0.052,,0.151,0.246,0.077,0.307,
Syt16,,0.05,-0.324,-0.022,0.432,-0.028,0.515,0.359,-0.057,0.151,0.009,-0.103,-0.128
Syt7,,0.189,0.194,-0.047,-0.036,0.201,0.491,-0.093,0.048,0.192,0.104,-0.117,0.159
Szrd1,,1.649,0.121,-0.147,-0.504,-0.02,-0.185,-0.435,0.146,0.115,-0.008,0.204,-0.229
Szt2,,1.404,0.306,0.378,-0.083,0.089,-0.025,0.397,-0.008,0.258,-0.144,-0.024,
Tab1,,-0.055,0.077,-0.032,0.382,-0.059,0.027,-0.482,-0.035,0.147,0.149,0.162,0.144
Taf8,,-0.128,0.042,0.11,0.37,0.35,-0.439,,-0.043,0.227,-0.184,0.286,-0.248
Tamm41,,-0.469,-0.12,-0.032,-0.143,-0.262,-0.784,,-0.161,-0.098,-0.01,0.037,-0.088
Tango2,,0.059,0.067,-0.031,0.515,-0.113,-0.099,0.177,0.08,0.023,0.112,-0.13,0.067
Tango6,,-1.599,0.087,-0.097,0.243,-0.229,,-0.228,-0.088,0.232,0.419,-0.064,
Tatdn2,,0.045,-0.001,0.061,-0.078,0.347,-1.228,0.425,-0.088,0.003,0.083,0.27,-0.057
Tbc1d10a,,-1.938,-0.128,-0.183,-0.572,-0.853,-0.428,-0.428,-0.388,-0.05,0.677,0.149,-0.118
Tbc1d24,,-1.682,0.099,-0.036,-0.336,0.471,0.555,0.16,-0.062,0.259,0.04,0.139,0.06
Tbkbp1,,-0.042,0.34,-0.062,0.484,0.149,-0.189,0.338,0.033,0.217,0.048,-0.013,0.171
Tcaim,,-1.729,-0.059,-0.418,-0.351,0.031,0.1,-0.231,0.342,-0.049,0.117,0.038,0.27
Tceanc2,,0.185,0.069,0.083,0.025,0.157,-0.837,-0.106,-0.027,-0.033,0.005,-0.074,0.143
Tcf3,,-0.668,0.068,-0.059,-0.274,-0.215,0.429,-0.39,0.003,0.164,0.025,0.171,-0.302
Tcf7l2,,-0.503,-0.614,-0.335,-2.457,-1.434,0.147,,-0.245,-0.109,-0.178,0.266,-0.008
Tead1,,0.448,-0.173,0.072,-0.63,-0.096,0.16,0.074,-0.116,0.116,0.043,0.248,-0.138
Tefm,,-0.263,-0.001,-0.125,-0.27,0.126,,,-0.22,-0.139,-0.247,-0.269,0.061
Telo2,,0.342,0.067,-0.09,-0.218,-0.102,-0.587,0.309,0.025,0.165,0.024,0.002,-0.059
Ten1,,0.603,-0.236,-0.06,0.025,-0.176,-0.006,-0.21,-0.061,-0.1,0.003,-0.236,0.041
Tenm1,,0.043,0.017,-0.071,1.748,0.791,0.975,-0.657,0.275,0.362,0.418,,
Tenm2,,-0.278,-0.007,0.077,1.367,0.277,0.504,0.328,0.082,0.103,0.432,,0.725
Tenm3,,-0.345,0.094,-0.036,-0.69,-0.104,0.406,0.268,0.178,0.11,0.169,-0.287,0.141
Tenm4,,-0.406,0.169,0.051,0.378,0.194,0.345,-0.051,0.118,0.376,0.41,,
Tet1,,-1.555,0.063,0.068,0.28,-0.118,,0.281,-0.012,0.202,0.252,0.087,0.133
Tet2,,-0.469,0.132,0.03,0.215,0.016,0.563,-0.274,-0.104,0.238,-0.009,0.255,-0.292
Tet3,,-1.006,0.027,0.057,-0.344,-0.055,0.454,0.096,-0.021,0.185,-0.057,0.081,-0.005
Tex30,,-0.342,-0.13,0.027,-0.444,-0.251,-0.155,,-0.007,-0.146,-0.195,-0.117,-0.054
Tfap4,,-2.007,-0.024,-0.019,-0.915,0.372,,,0.027,-0.038,0.088,0.335,-0.4
Tgfbr3,,0.429,-0.093,-0.049,1.432,-0.723,-0.421,-0.237,-0.072,0.111,0.276,0.307,
Thada,,1.616,0.066,-0.004,-0.009,-0.429,0.3,,-0.088,0.083,0.229,0.31,
Thap2,,-0.851,-0.095,-0.101,-0.014,-0.159,0.518,0.304,0.086,-0.059,-0.04,-0.025,0.232
Them6,,-1.094,0.246,0.254,1.952,1.133,0.427,-0.318,0.157,0.027,0.072,0.247,0.154
Timm10b,,-0.013,-0.089,-0.033,0.348,0.204,-0.163,-0.845,-0.043,-0.112,-0.009,-0.403,-0.064
Timm21,,2.043,-0.094,-0.037,-0.689,-0.178,0.329,,-0.11,-0.074,-0.177,-0.183,-0.181
Timmdc1,,0.282,0.002,0.14,-0.336,0.419,-0.424,0.024,-0.093,-0.049,-0.124,-0.01,-0.028
Tjp1,,-0.929,0.121,-0.164,-0.553,-0.257,-0.194,-0.051,0.061,0.015,-0.144,0.221,0.005
Tma16,,-0.203,-0.085,0.08,-0.165,-0.183,0.033,0.118,0.048,-0.128,0.069,0.109,-0.172
Tma7,,-0.092,-0.06,0.005,0.044,0.031,-0.105,0.086,0.05,-0.118,0.059,-0.17,0.055
Tmcc3,,0.661,-0.341,-0.026,0.778,0.063,0.509,-0.058,0.005,0.115,0.292,0.288,-0.145
Tmem121,,0.426,0.009,0.051,0.144,-0.004,-0.091,-0.275,0.095,-0.026,-0.011,0.079,-0.187
Tmem132a,,-0.066,0.146,-0.076,-0.553,0.126,-0.087,-0.786,-0.149,0.163,0.033,0.175,-0.129
Tmem132c,,-1.798,1.032,0.095,0.164,-0.213,0.751,-0.423,-0.277,0.27,0.42,0.893,0.24
Tmem143,,-1.39,0.171,0.406,-0.255,0.972,-0.935,-0.602,0.05,0.072,0.178,0.198,0.107
Tmem201,,-0.098,0.122,0.017,-0.428,0.318,0.425,0.313,0.06,0.251,0.174,0.178,-0.096
Tmem230,,-0.764,0.025,-0.032,-0.218,0.034,0.229,-0.081,-0.022,-0.072,-0.034,0.038,0.112
Tmem234,,-0.3,-0.037,0.004,0.073,-0.019,0.131,-0.168,-0.027,-0.093,-0.011,-0.053,-0.035
Tmem237,,0.165,0.09,-0.049,-0.184,-0.046,0.47,0.008,-0.119,0.049,0.099,-0.054,-0.098
Tmem238,,0.004,0.043,0.105,0.179,0.142,-0.709,,0.193,-0.027,0.022,0.081,0.167
Tmem242,,0.183,-0.103,-0.034,0.124,-0.105,-0.159,-0.175,0.054,-0.123,0.055,-0.237,-0.06
Tmem243,,-0.281,0.022,0.01,-0.207,0.407,-0.188,-0.106,-0.129,0.025,-0.117,0.021,-0.188
Tmem245,,1.248,0.129,0.012,-0.033,0.202,0.496,-0.104,0.058,0.303,0.037,0.186,0.02
Tmem246,,0.461,0.171,-0.049,0.591,-0.095,,-0.2,0.083,0.081,-0.07,-0.065,0.098
Tmem248,,-0.435,0.175,-0.037,-0.009,0.214,0.282,-0.132,-0.044,0.139,0.063,0.194,0.115
Tmem251,,0.295,-0.09,0.012,0.43,-0.017,-0.325,0.312,0.05,-0.108,-0.004,0.074,-0.409
Tmem255a,,0.509,0.467,-0.039,0.71,0.519,0.532,,0.025,0.147,0.74,0.61,0.45
Tmem256,,-0.447,-0.186,-0.033,0.272,0.059,-0.279,-0.125,-0.016,-0.138,0.07,-0.443,0.055
Tmem258,,-0.057,0.022,0.009,-0.117,-0.075,-0.311,-0.344,-0.045,-0.129,-0.118,-0.436,-0.068
Tmem259,,0.492,0.304,0.059,0.25,0.154,0.146,0.008,0.13,0.417,0.13,0.132,0.139
Tmem39b,,0.536,0.2,-0.063,0.278,-0.307,-0.35,0.79,-0.174,0.283,-0.125,0.047,-0.482
Tmtc2,,0.247,0.146,0.28,0.571,0.401,0.197,-0.749,0.449,0.337,0.009,0.126,-0.25
Tnrc18,,0.08,-0.063,-0.144,-0.301,0.258,0.929,0.03,-0.134,0.178,0.232,0.163,-0.052
Tns3,,-1.78,-0.116,-0.289,,,-0.56,-0.702,-0.213,0.05,-0.282,0.576,0.256
Tpcn1,,-0.446,0.407,0.075,0.504,1.144,-0.981,0.194,0.01,0.253,0.129,-0.305,-0.0
Tpgs1,,-0.231,-0.11,-0.009,0.277,0.042,-0.005,-0.527,-0.108,-0.032,-0.106,-0.043,0.027
Tpgs2,,0.17,0.064,-0.045,0.184,0.153,0.275,-0.166,-0.015,-0.044,0.017,0.054,0.052
Tprn,,-0.147,-0.057,0.137,0.539,-0.668,0.382,,-0.228,0.133,0.303,,-1.756
Traf6,,-0.153,0.168,0.065,-0.751,-0.374,0.397,,-0.285,-0.02,0.205,0.402,
Trappc11,,-0.172,0.094,0.19,-0.247,-0.099,0.197,-0.105,0.106,0.0,0.102,0.224,-0.229
Trappc12,,-0.494,0.135,-0.207,-0.222,-0.21,0.247,0.394,-0.04,0.196,0.094,0.281,-0.126
Trappc13,,-0.124,0.056,0.111,-0.418,0.068,0.244,0.005,-0.166,-0.023,0.069,0.022,-0.294
Tril,,-0.247,,0.029,0.256,-0.059,0.661,-0.173,-0.007,0.299,0.112,0.512,-0.106
Trim45,,-0.296,0.007,-0.263,0.429,-0.269,0.267,,0.076,-0.116,0.072,-0.027,
Trim56,,0.746,-0.31,-0.253,0.735,0.162,0.103,0.264,0.217,0.269,0.023,0.264,-0.192
Trim59,,-0.575,0.12,-0.289,-0.522,-0.385,,,-0.273,0.132,0.003,-0.278,-0.495
Triobp,,-0.168,-0.031,-0.102,-0.523,-0.237,-0.127,,0.043,-0.087,-0.259,-0.185,-0.198
Triqk,,-1.542,-0.049,-0.06,0.223,-0.507,0.256,,-0.297,-0.054,0.198,-0.257,-0.149
Trmt10a,,-0.987,-0.003,0.167,0.153,-0.46,0.419,0.505,0.011,-0.102,-0.107,-0.051,-0.185
Trmt10b,,-0.447,-0.102,-0.046,-0.023,-0.07,0.175,0.664,0.078,0.006,0.062,0.065,0.132
Trmt10c,,0.104,0.016,0.078,-0.118,-0.159,0.203,-0.056,0.069,-0.127,-0.055,0.061,0.097
Trmt1l,,-0.499,0.167,0.04,-0.157,0.04,0.269,-0.05,0.026,-0.02,0.096,-0.034,0.1
Trmt61a,,-0.235,-0.03,0.07,0.215,0.552,-1.882,,-0.069,0.05,0.03,0.222,-0.623
Trpm2,,0.226,0.449,-0.275,1.539,0.664,-0.096,0.323,0.142,0.204,-0.02,-0.428,-0.437
Trpm3,,-2.696,-0.22,0.493,2.521,1.425,-0.233,,-0.017,0.108,0.283,-0.016,-1.296
Trpm4,,0.02,0.214,0.115,1.056,-0.076,-0.78,0.276,0.204,0.007,0.3,0.128,0.441
Trps1,,0.175,0.103,0.163,-0.445,0.122,0.037,0.026,0.002,-0.076,-0.477,-0.453,0.164
Tsacc,,0.707,-0.126,0.212,-0.103,-0.845,-0.51,,-0.006,-0.162,-0.335,-0.421,0.247
Tshz1,,-0.211,-0.018,-0.125,-0.715,-0.318,-0.817,-0.2,0.091,0.075,0.046,0.247,-0.326
Tsnax,,0.263,0.021,-0.042,-0.162,0.048,0.157,-0.163,0.003,0.033,-0.06,0.081,-0.093
Tspan18,,0.36,-0.312,0.057,-0.106,-0.073,0.136,0.27,-0.116,0.048,0.036,-0.002,0.254
Tspan9,,-0.752,0.462,0.185,0.65,-0.439,0.114,,-0.194,0.199,0.099,0.498,0.133
Tsr3,,1.058,-0.032,0.053,0.073,0.208,0.079,-0.493,-0.035,-0.023,-0.021,-0.418,0.117
Tstd3,,-0.27,-0.079,-0.018,0.285,-0.184,0.449,0.019,-0.042,-0.1,-0.016,-0.21,-1.159
Ttbk1,,-0.755,0.317,0.077,0.084,-0.229,0.046,-0.362,0.153,0.159,0.143,0.14,
Ttc28,,-0.065,0.115,-0.016,-0.597,-0.12,0.334,0.018,0.119,-0.033,0.103,0.162,0.2
Ttc38,,0.766,0.058,0.157,-0.04,0.357,0.215,0.142,0.166,0.039,0.191,0.505,
Ttf2,,1.607,0.245,0.006,-0.72,-0.283,-0.015,,0.149,-0.162,-0.116,-0.621,
Tti2,,-0.798,0.124,-0.16,-0.232,0.209,-0.068,,-0.037,0.244,-0.33,0.042,-0.253
Ttyh3,,-0.486,0.176,0.168,-0.347,-0.003,0.421,0.214,-0.055,0.317,0.179,0.141,-0.055
Tusc1,,-0.557,-0.024,-0.091,0.159,-0.043,0.271,,0.117,-0.089,0.09,0.054,0.015
Tvp23a,,-0.564,0.254,0.052,0.243,-0.155,-0.02,0.05,0.193,0.16,0.066,0.129,-0.619
Tvp23b,,-1.665,0.025,0.095,0.276,-0.114,0.534,-0.632,-0.025,-0.042,-0.236,-0.044,0.122
Tyw5,,-0.083,0.04,0.092,-0.02,0.299,0.39,0.468,-0.079,-0.107,-0.121,-0.238,0.036
U2surp,,-0.025,0.006,-0.007,-0.146,-0.04,0.348,0.173,-0.013,0.004,0.069,-0.061,0.062
Uaca,,-0.673,-0.351,-0.061,0.181,0.155,-0.559,-0.984,0.02,-0.159,0.099,0.357,0.259
Ubald1,,0.575,-0.136,-0.015,-0.462,-0.01,-0.434,0.478,-0.018,0.033,-0.082,0.217,-0.034
Ube2d2a,,0.115,-0.029,-0.027,0.259,0.054,0.251,0.046,-0.069,-0.017,0.001,0.034,-0.07
Ufl1,,0.784,0.083,-0.04,-0.017,-0.213,0.702,0.605,0.316,0.105,0.112,0.013,0.087
Uhrf1bp1,,-1.197,0.177,-0.108,0.516,-0.034,-0.298,-0.172,-0.028,0.093,-0.185,0.253,-0.132
Unc13b,,-1.841,0.19,0.202,-0.347,0.064,0.591,-0.067,0.053,0.3,0.041,0.092,-0.046
Unc5a,,-0.121,0.379,0.194,-0.138,0.953,0.268,-0.209,0.081,0.28,0.18,0.551,0.364
Unc79,,-2.347,0.231,0.124,-0.49,-0.526,0.948,0.241,0.07,0.295,-0.015,0.097,0.148
Unk,,0.78,0.036,0.05,-0.605,-0.257,-0.038,0.201,0.111,0.129,0.132,0.174,-0.326
Urb1,,0.368,0.183,0.21,-0.326,0.015,-0.1,-0.433,0.051,0.262,0.005,0.302,
Uri1,,-1.748,0.057,0.041,-0.27,-0.057,0.678,-0.038,-0.081,-0.022,-0.025,0.119,0.113
Usb1,,1.529,-0.009,-0.128,-0.101,0.411,,,0.201,-0.033,-0.047,-0.021,-0.827
Usp24,,1.986,0.165,0.122,-0.459,0.222,-0.23,-0.089,-0.006,0.379,0.034,-0.04,-1.092
Usp29,,0.396,0.011,-0.12,-0.125,0.017,0.706,0.251,0.058,0.056,0.147,0.067,0.156
Usp49,,2.18,0.219,0.057,-0.015,0.826,,-0.609,0.187,0.212,0.117,0.352,
Utp20,,0.033,0.23,-0.178,-0.316,0.408,0.406,-0.069,-0.28,0.208,0.135,0.212,
Uvssa,,0.11,0.027,0.005,-0.588,0.192,,0.113,0.016,0.189,0.028,-0.072,0.004
Vars2,,-0.411,0.323,0.316,-0.341,-0.129,0.336,-0.213,-0.014,0.146,0.312,0.074,-0.224
Vasn,,0.695,0.195,0.022,0.659,-0.661,-0.593,,-0.301,0.101,0.005,0.165,-0.217
Vcan,,-0.533,0.06,-0.028,2.339,0.202,0.04,,,0.288,1.265,-0.385,-0.934
Vipas39,,-0.419,0.103,0.021,0.177,-0.338,0.266,0.234,0.06,0.054,-0.018,0.282,0.047
Vps37b,,-0.837,-0.052,0.014,-0.549,-0.414,-0.188,-0.335,0.061,-0.032,-0.27,-0.086,-0.11
Vps37d,,-0.226,-0.092,0.058,-0.331,0.045,0.188,-0.461,0.065,0.027,0.088,0.04,-0.013
Vps51,,-0.109,-0.128,0.03,-0.153,0.406,0.17,,0.022,-0.134,0.138,-0.193,-0.405
Vps9d1,,-0.18,0.202,-0.186,0.116,0.327,0.221,0.131,0.089,0.047,-0.086,-0.038,0.047
Vwa7,,0.203,0.547,-0.535,1.771,,-0.006,0.522,0.196,0.506,0.314,0.355,
Vwa8,,0.277,0.191,0.072,-0.126,0.467,-0.949,-0.421,0.018,0.139,0.175,0.311,-0.497
Wbp1l,,0.619,0.019,-0.078,-0.042,0.375,0.255,0.277,0.004,0.265,0.186,0.161,-0.361
Wdhd1,,-2.041,-0.135,-0.186,-0.72,-0.139,-1.376,-0.403,-0.301,0.227,0.001,0.044,-0.078
Wdr45b,,0.051,0.085,0.045,-0.418,0.115,0.201,-0.012,-0.05,-0.054,-0.029,-0.142,0.075
Wdr81,,0.267,0.167,0.19,1.253,0.994,0.369,-0.344,0.183,0.419,-0.034,0.054,
Wdr91,,0.488,-0.024,-0.158,0.755,0.274,0.468,0.003,-0.221,0.135,-0.145,0.045,0.182
Wnk2,,-0.018,0.216,-0.062,0.303,0.005,0.221,-0.074,-0.012,0.1,0.226,0.088,0.046
Wnk3,,0.523,0.131,-0.166,-0.107,0.168,-0.07,-0.283,0.189,0.112,0.122,0.124,-1.045
Wscd2,,0.421,0.26,-0.067,-0.176,0.336,0.525,0.238,0.102,0.213,-0.117,-0.313,0.357
Wwtr1,,-1.905,-0.517,-0.38,-0.224,-0.733,-0.648,,-0.466,0.189,0.483,-0.555,-0.096
Xkr4,,-1.9,0.103,-0.396,0.002,0.051,1.052,-0.244,-0.042,0.35,0.311,0.23,
Xylt2,,2.729,0.353,-0.243,0.362,-0.279,-0.69,,-0.009,0.269,-0.214,-0.152,-0.292
Ybey,,-2.577,-0.138,-0.026,-0.326,0.386,,,-0.059,0.032,0.184,-0.3,-0.61
Zbtb14,,1.031,0.179,0.028,0.156,-0.274,0.625,,0.035,0.178,0.079,0.203,0.367
Zbtb18,,0.353,0.268,-0.049,-0.165,0.463,0.345,0.452,0.115,0.148,0.02,0.287,-0.572
Zbtb2,,0.876,-0.073,-0.062,-0.313,-0.297,0.296,,-0.093,0.149,-0.005,0.252,-0.034
Zbtb21,,-0.948,-0.043,-0.124,-0.392,-0.266,-0.353,0.574,0.072,0.042,-0.169,0.106,-0.068
Zbtb26,,-0.595,0.067,0.192,-0.123,0.125,,0.629,0.185,0.175,0.132,0.202,
Zbtb40,,-1.202,0.041,0.233,0.47,0.096,,-0.913,-0.144,-0.014,-0.189,0.028,
Zbtb44,,-0.078,-0.005,0.036,-0.077,0.019,0.497,-0.127,0.223,0.098,0.045,0.332,-0.154
Zbtb5,,-0.409,0.142,0.263,-0.259,-0.301,,,0.093,0.006,0.017,0.016,-0.059
Zbtb6,,-1.44,0.119,-0.048,0.079,0.162,-0.907,,-0.006,0.042,-0.106,0.005,-0.71
Zc2hc1a,,-0.227,-0.0,0.005,0.513,0.139,0.643,0.061,-0.025,-0.032,-0.05,-0.122,0.089
Zc3h3,,0.163,0.097,-0.132,0.107,-0.214,0.083,-0.41,0.066,0.33,0.042,0.342,0.306
Zc3h4,,0.921,0.048,0.027,-0.375,0.263,0.157,-0.52,0.133,0.196,0.18,0.024,0.491
Zc3h7b,,-0.57,0.126,-0.025,-0.094,0.101,-0.005,-0.174,0.073,0.218,0.086,0.29,0.09
Zdbf2,,1.197,-0.22,0.138,-0.896,-0.132,0.416,0.796,0.038,-0.113,0.196,0.45,-0.408
Zeb2,,0.224,-0.125,-0.27,-0.622,-1.04,-0.541,-0.742,-0.347,0.064,0.045,0.099,-0.052
Zfhx2,,-0.16,0.034,0.145,-0.024,0.077,0.025,-0.069,0.076,0.038,0.064,-0.032,0.213
Zfp112,,-1.866,0.159,0.248,-0.774,0.095,,0.255,-0.1,0.135,0.196,-0.152,-1.078
Zfp113,,-0.599,0.051,-0.002,-0.905,-0.192,,-0.809,-0.175,0.011,0.17,-0.124,-0.462
Zfp131,,0.472,-0.064,-0.048,-0.506,-0.094,0.143,-0.221,-0.02,-0.072,0.008,-0.071,-0.094
Zfp212,,0.664,-0.021,0.083,-0.493,0.005,-1.498,,-0.225,0.04,0.036,-0.037,-0.155
Zfp213,,-2.749,0.143,-0.038,-0.199,0.357,,,-0.023,0.185,0.097,-0.383,-0.072
Zfp219,,0.254,0.093,0.167,-0.852,-0.114,-0.272,-0.43,0.002,0.029,0.072,0.271,-0.254
Zfp263,,0.156,0.095,0.077,-0.82,0.127,0.322,0.113,-0.115,-0.02,-0.05,-0.044,-0.055
Zfp276,,0.953,0.128,-0.153,-0.365,0.467,-0.791,0.884,-0.097,0.154,-0.092,0.142,
Zfp282,,-1.033,0.169,-0.129,0.593,0.279,-0.496,0.261,0.024,0.262,0.139,0.13,0.022
Zfp316,,0.401,0.006,-0.053,-0.601,-0.903,0.231,-0.426,0.275,0.049,-0.037,0.119,-0.364
Zfp319,,-0.964,0.101,-0.077,0.075,0.081,0.105,,-0.03,0.217,-0.185,0.23,-0.71
Zfp36l1,,-1.294,-0.53,-0.274,0.255,-1.591,-0.443,-1.186,-0.332,-0.311,0.32,,
Zfp383,,0.223,0.093,-0.19,-0.241,-0.125,,,-0.187,-0.05,0.23,0.434,-0.943
Zfp395,,-0.495,-0.168,0.171,-0.721,-0.072,-0.092,0.168,-0.289,0.193,0.069,0.102,0.001
Zfp398,,0.983,0.228,0.088,0.088,-0.074,0.903,-0.942,-0.012,0.173,-0.027,0.096,-0.224
Zfp407,,-1.32,0.131,0.08,0.119,-0.005,-0.621,0.069,0.065,0.148,0.021,0.009,
Zfp41,,0.345,0.063,0.066,-1.144,0.157,,,-0.051,0.013,0.049,0.268,-0.43
Zfp446,,-1.055,0.292,-0.253,-0.341,0.524,,-0.253,-0.04,0.181,0.042,-0.138,
Zfp462,,-0.232,0.093,-0.012,-0.22,0.024,-0.116,-0.015,0.166,0.221,0.074,-0.007,-0.329
Zfp503,,0.521,-0.307,0.176,-0.926,-0.296,-0.158,,0.075,0.178,0.056,0.845,-0.835
Zfp507,,0.288,0.154,0.098,-0.453,0.237,0.445,-0.057,-0.055,0.306,0.07,0.163,-0.631
Zfp513,,-0.639,-0.043,-0.055,-0.66,0.029,-0.783,,0.029,0.049,0.03,0.152,-0.022
Zfp516,,-0.198,0.131,-0.168,-0.369,-0.166,-0.967,0.359,0.419,0.115,0.133,0.15,-0.425
Zfp553,,1.705,-0.027,-0.019,-0.405,-0.22,-1.823,0.424,0.037,-0.035,-0.013,0.08,-0.009
Zfp579,,0.015,-0.07,0.07,-0.143,-0.084,-0.035,0.388,0.045,-0.042,-0.089,-0.104,-0.427
Zfp609,,-0.407,0.055,0.002,-0.078,-0.081,0.769,-0.966,-0.245,0.121,-0.344,0.181,0.258
Zfp618,,-2.113,0.128,-0.005,-0.681,-0.108,-0.508,0.061,-0.074,0.222,0.046,0.175,0.049
Zfp628,,-1.742,0.146,0.148,-0.303,-0.633,0.092,,0.06,0.12,0.226,0.104,-0.053
Zfp629,,3.023,0.186,-0.084,-0.36,0.26,,-1.052,0.071,0.185,0.221,0.198,-0.325
Zfp653,,-1.004,0.16,-0.097,-0.444,-0.147,-0.13,0.488,0.16,-0.065,-0.027,0.19,-0.107
Zfp697,,0.94,0.066,-0.149,-1.168,-0.059,,,-0.104,0.035,-0.093,-0.178,-0.45
Zfp703,,0.009,-0.099,-0.151,0.0,-0.963,-0.485,,0.144,-0.055,0.348,0.608,
Zfp704,,-0.983,-0.038,0.059,-0.611,0.034,-0.486,-0.306,-0.048,0.095,0.077,-0.011,0.022
Zfp710,,-0.354,-0.031,-0.124,0.535,-0.156,-0.252,,-0.015,0.202,-0.03,0.154,-0.023
Zfp747,,-0.016,0.005,0.052,0.159,0.096,,,0.038,0.149,-0.051,0.288,-0.262
Zfp764,,-1.0,0.19,0.338,0.158,-0.776,,,0.363,0.052,-0.442,0.053,0.467
Zfp768,,0.462,0.159,-0.062,-0.646,0.101,,,0.28,-0.064,0.051,0.316,-0.197
Zfp775,,-0.244,-0.199,-0.052,-0.072,-0.311,-1.376,,-0.107,-0.017,-0.042,-0.004,0.02
Zfp777,,0.054,-0.02,-0.512,0.151,-0.489,0.444,0.12,-0.027,0.142,-0.021,0.274,-0.226
Zfp780b,,-0.391,0.093,0.077,0.139,0.049,-0.971,-0.258,0.212,0.129,0.14,0.138,-0.345
Zfp787,,-0.773,-0.073,-0.016,-0.369,-0.024,-0.438,-0.172,0.04,-0.095,-0.059,-0.158,0.05
Zfp865,,-0.118,0.106,-0.084,0.216,0.113,0.253,-0.209,-0.09,0.2,-0.006,-0.03,0.039
Zfyve26,,-0.339,0.209,-0.115,-0.405,-0.473,0.705,-0.022,0.133,0.259,0.312,-0.039,
Zkscan8,,-0.223,0.152,0.042,-0.757,-0.471,-0.012,,0.203,0.113,0.108,0.093,-0.175
Znhit2,,0.866,-0.039,-0.072,0.487,-0.147,-0.166,-0.342,0.057,-0.088,-0.137,-0.218,0.131
Znrf3,,0.791,0.111,-0.209,-0.208,0.209,,,0.24,0.264,-0.005,0.241,0.184
Zscan26,,0.666,0.01,-0.01,-0.165,0.203,0.665,-0.284,-0.107,0.005,0.101,0.035,-0.251
Zswim8,,-0.195,0.167,0.073,-0.496,0.287,0.123,-0.411,0.053,0.344,0.115,0.203,0.222
Zxdc,,0.357,0.095,0.204,0.907,-0.261,-0.438,0.357,0.042,-0.011,-0.031,0.11,0.017
Rgs20,,,-0.171,-0.267,-0.705,0.944,0.846,0.249,-0.359,-0.058,-0.528,,0.68
Crispld1,,,0.077,0.175,0.965,0.052,0.639,-0.165,0.339,0.03,-0.07,-0.173,0.429
Sdhaf4,,,-0.112,-0.038,0.243,-0.078,0.373,-0.135,-0.033,-0.126,0.127,-0.099,0.157
Adgrb3,,,0.032,0.12,-0.105,0.049,0.323,0.323,0.126,0.276,0.143,0.044,-0.125
Sema4c,,,-0.174,-0.015,0.856,-0.353,-0.843,-0.522,-0.087,0.147,-0.196,-0.006,0.241
Gpr45,,,-0.02,0.099,0.278,-0.279,0.402,0.028,0.212,-0.044,0.09,-0.034,-0.029
Gm20342,,,-0.038,0.091,-0.657,0.059,-1.279,0.056,0.024,0.36,0.072,-0.322,0.057
Sag,,,0.418,-0.005,0.709,-0.104,-0.146,-0.01,0.206,-0.063,-0.189,0.034,0.179
Ramp1,,,-0.306,-0.202,0.832,0.496,0.283,-0.065,-0.006,-0.345,0.473,-0.223,0.292
Mterf4,,,-0.06,0.158,0.204,0.09,-0.226,-0.302,-0.077,-0.066,-0.283,-0.17,0.361
Cntnap5a,,,-0.059,0.033,0.707,0.633,0.486,0.181,0.09,0.297,-0.364,-0.629,-0.165
Nifk,,,-0.111,-0.007,-0.182,-0.249,-0.103,-0.175,-0.02,-0.065,0.154,-0.038,-0.162
Epb41l5,,,-0.052,0.059,-0.766,-0.112,0.501,0.193,-0.025,0.046,-0.133,-0.429,-0.149
Gm10138,,,-0.12,-0.087,0.856,0.048,-0.855,,-0.042,0.067,-0.003,-0.01,-0.727
Cacna1e,,,-0.193,0.521,0.213,0.332,,0.458,0.023,0.344,0.177,0.435,0.111
BC034090,,,0.143,0.257,-0.429,0.649,0.553,-0.06,0.224,0.282,0.085,0.47,-0.57
Gm2000,,,-0.053,-0.08,-0.229,0.06,-0.636,0.161,-0.068,-0.223,-0.137,0.432,0.136
Brinp2,,,0.055,0.335,2.169,1.411,0.341,0.285,-0.115,0.328,0.973,,0.173
Tnr,,,0.416,0.443,1.367,-0.05,0.456,-0.643,0.334,0.415,0.239,-0.515,
Zbtb37,,,0.175,-0.176,-0.321,0.299,1.091,0.44,0.038,0.305,-0.122,0.066,-0.137
Ccdc181,,,-0.056,-0.035,0.49,-0.323,0.222,-0.421,0.078,0.01,-0.1,-0.098,0.108
Ackr1,,,0.461,0.154,0.045,0.178,0.438,-0.184,0.041,0.359,0.396,0.363,-0.75
B230369F24Rik,,,-0.166,0.014,-0.22,-0.204,0.153,0.269,-0.037,0.032,0.219,-0.156,
Itpkb,,,-0.286,-0.839,1.537,0.038,-0.497,,0.111,0.139,0.279,0.295,-0.295
Marc2,,,-0.137,-0.067,0.183,-0.053,,0.143,-0.136,-0.069,-0.13,-0.422,-0.054
D730003I15Rik,,,-0.2,-0.121,-0.02,0.346,-0.343,-0.035,-0.161,-0.08,0.053,-0.377,0.139
Pfkfb3,,,0.368,-0.242,-0.257,-0.41,-0.053,0.09,0.133,0.225,-0.488,,0.041
Hacd1,,,0.06,0.053,0.318,0.041,0.008,-0.184,0.024,-0.081,-0.076,-0.297,-0.07
Dph7,,,0.012,-0.063,-0.263,-0.256,0.061,,-0.137,-0.067,-0.193,0.26,0.273
Vav2,,,0.202,0.231,0.36,0.266,0.636,0.163,-0.056,0.177,-0.131,-0.111,-1.503
Zdhhc12,,,0.151,-0.098,0.548,0.154,0.144,0.431,0.056,0.076,-0.157,-0.123,-0.194
Ass1,,,-0.16,-0.132,-0.025,-0.386,-0.206,-0.201,-0.0,-0.007,-0.337,0.198,-0.177
Fibcd1,,,0.285,-0.035,0.282,1.511,-0.157,,-0.032,0.022,0.322,-0.568,-0.782
Plpp7,,,0.175,0.135,-0.079,0.216,0.192,0.394,0.05,0.052,-0.023,0.11,0.127
Ralgps1,,,0.146,0.108,-0.251,0.14,0.332,0.121,0.051,0.174,0.057,0.088,-0.111
Cntrl,,,0.276,0.084,-0.66,0.546,0.079,-0.161,0.214,0.448,-0.035,0.043,
Ggta1,,,-0.934,0.059,0.644,0.224,0.065,0.258,0.326,0.24,-0.163,-0.236,
Cers6,,,-0.005,0.014,-0.492,-0.03,-0.903,-0.879,0.019,0.39,0.118,0.14,0.065
Sp3os,,,-0.046,-0.076,-0.033,-0.372,-0.339,0.338,-0.022,-0.13,0.283,0.009,-0.066
Dph6,,,-0.043,0.043,-0.015,0.323,0.511,0.516,-0.152,-0.072,-0.011,-0.192,-0.305
Pak6,,,-0.262,-0.023,-0.805,0.018,-0.112,0.212,0.102,0.133,0.197,-0.128,0.545
Ltk,,,0.119,-0.246,1.661,0.094,0.423,-0.028,0.308,0.317,-0.021,-0.574,-0.361
Stard9,,,0.103,0.029,-0.625,-0.04,-0.103,0.214,-0.397,0.468,0.079,-0.031,-0.53
Eif3j1,,,-0.059,-0.005,0.215,-0.047,-0.41,0.239,-0.014,-0.074,-0.064,-0.216,-0.067
Usp50,,,-0.011,0.024,0.695,0.051,-0.573,0.044,0.142,-0.14,-0.052,-0.436,-0.108
Slx4ip,,,0.159,-0.037,-0.383,-0.038,0.249,0.542,0.082,0.16,-0.161,0.088,-0.106
Pcsk2os1,,,0.084,-0.053,-0.119,0.001,0.774,-0.045,0.145,0.011,0.169,-0.335,-0.283
Kiz,,,0.015,0.072,-0.51,-0.281,0.45,-0.131,-0.13,-0.056,-0.238,-0.102,0.166
Zfp442,,,-0.241,0.128,-0.306,-0.113,,-0.238,-0.195,0.056,-0.116,0.068,-0.71
Fam110a,,,0.073,-0.242,0.181,-0.344,-0.833,,-0.354,0.22,0.604,-0.356,0.039
Nol4l,,,0.0,0.3,0.04,0.281,0.666,-0.344,-0.01,0.077,0.073,0.187,-0.418
Uqcc1,,,0.127,-0.021,0.083,-0.39,-0.081,-0.207,-0.069,0.117,0.067,0.025,0.216
Epb41l1,,,0.193,0.203,0.204,0.388,0.345,0.053,0.047,0.199,0.191,0.083,-0.066
Soga1,,,-0.199,0.348,-0.28,0.354,-0.0,-0.066,-0.139,0.171,-0.035,0.24,-1.524
Actr5,,,0.023,0.03,0.169,-0.245,-1.605,-0.536,0.248,0.21,0.077,-0.178,-0.188
Oser1,,,-0.134,-0.091,-0.374,-0.03,-0.058,0.334,-0.001,-0.01,0.027,0.115,-0.053
2900093K20Rik,,,0.065,-0.056,0.36,0.182,-0.143,0.07,-0.05,-0.068,0.167,-0.031,0.274
Rims4,,,0.107,0.148,0.33,0.145,0.249,-0.077,0.172,0.109,0.012,-0.191,-0.284
Trp53rka,,,-0.149,-0.02,0.247,-0.15,0.485,,0.121,0.058,-0.187,-0.092,-0.209
Trp53rkb,,,0.032,-0.121,0.037,0.058,-0.577,,0.037,-0.108,-0.024,-0.087,0.057
Mocs3,,,-0.116,-0.08,0.21,-0.308,-0.063,,-0.082,-0.031,-0.243,-0.011,0.41
Nfatc2,,,-0.229,0.096,1.588,2.386,0.317,0.591,0.317,0.152,0.889,-0.252,
Gm4631,,,0.254,0.928,0.718,-0.37,-1.413,0.389,0.063,0.18,0.037,,-0.109
Gm6710,,,-0.134,-0.037,0.354,-0.012,-0.143,-0.063,-0.0,-0.045,0.036,-0.142,-0.177
Gm14305,,,-0.029,-0.054,0.269,-0.156,-0.137,-0.185,-0.03,-0.119,-0.009,,0.021
Gm14296,,,0.125,-0.045,-0.049,-0.316,0.164,0.197,0.076,0.161,0.094,-0.133,-0.157
Gm14418,,,-0.132,0.225,0.001,-0.575,0.44,0.305,0.036,-0.07,-0.037,,-1.422
Mtg2,,,-0.039,-0.107,-0.185,-0.318,-0.199,-0.361,0.021,0.021,0.028,-0.02,-0.056
Mrgbp,,,0.109,0.215,0.053,-0.036,-0.045,-0.637,-0.067,-0.113,-0.437,0.039,-0.247
Zfp512b,,,0.135,0.094,-0.353,-0.01,0.774,-0.016,0.029,0.243,0.17,0.204,0.208
Gm8797,,,-0.204,-0.112,0.003,-0.002,-0.302,0.132,0.013,-0.131,-0.199,-0.4,0.008
Gm2464,,,-0.431,-0.106,2.122,2.194,0.154,,-0.231,-0.173,0.357,-0.362,0.287
Abhd18,,,-0.001,0.071,0.371,-0.238,0.541,0.056,0.072,-0.014,-0.057,0.184,0.089
Jade1,,,-0.045,0.026,-1.049,-0.201,0.388,0.275,0.116,0.05,0.015,0.073,-0.443
Noct,,,0.009,-0.017,-0.203,-0.282,-0.163,0.837,0.107,0.22,0.099,0.194,-0.014
Glmp,,,0.071,0.042,0.332,0.521,-0.245,-0.546,0.106,0.156,-0.097,-0.04,0.058
Thbs3,,,-0.097,0.066,-1.378,-0.046,-0.243,-0.214,-0.128,0.297,0.682,0.034,-0.543
Rorc,,,-0.19,-0.113,-3.038,-3.809,-0.138,0.099,0.024,0.062,-0.431,-0.043,0.439
Riiad1,,,0.191,-0.066,0.036,-0.053,0.265,0.2,-0.069,-0.093,-0.102,-0.42,-0.089
Stxbp3,,,0.109,0.065,-0.372,0.534,-0.716,-0.066,-0.058,0.015,-0.213,-0.306,-0.094
Trmt13,,,0.024,0.087,-0.482,-0.415,-0.24,-0.503,-0.074,0.112,-0.27,0.018,-0.129
Plppr4,,,-0.057,0.109,0.308,0.089,0.473,0.257,0.013,0.252,0.018,0.301,0.154
Plppr5,,,-0.067,-0.078,0.219,0.046,0.209,-0.164,0.002,0.223,0.038,0.055,-0.094
Mttp,,,0.043,-0.024,-0.746,-0.275,0.737,-0.153,0.082,0.158,0.022,-0.147,-0.599
Adgrl2,,,-0.228,-0.24,-0.719,-0.24,0.139,-0.051,0.278,0.05,-0.001,-0.113,0.0
St6galnac3,,,0.164,0.085,0.223,-0.121,,-0.279,0.324,0.26,-0.061,0.016,-0.925
Erich3,,,0.138,0.353,-0.481,-0.211,-0.096,,0.171,0.299,0.747,0.291,-0.465
Gm11808,,,-0.13,-0.027,0.035,0.074,-0.926,-0.363,-0.051,-0.154,0.031,0.011,-0.09
Tox,,,-0.101,-0.053,0.253,0.317,0.398,-0.898,-0.011,-0.329,0.03,1.025,0.192
Pnisr,,,0.057,-0.046,-0.278,-0.13,0.459,-0.206,-0.006,0.143,-0.044,-0.016,-0.0
Phf24,,,0.271,0.168,0.422,0.321,0.4,-0.039,0.002,0.107,0.073,-0.077,0.147
Trmo,,,-0.036,0.512,-0.678,0.402,-0.28,,-0.087,-0.174,-0.597,-0.186,0.016
Epb41l4b,,,0.227,0.241,-0.486,0.673,0.436,-0.163,0.012,-0.074,0.145,0.255,0.098
Rgs3,,,-0.158,0.065,0.313,0.065,-0.137,-0.084,0.005,0.058,0.027,0.105,-0.088
Brinp1,,,0.053,-0.22,0.288,-0.034,-0.178,0.079,-0.072,0.048,0.202,0.483,-0.412
Plpp3,,,-0.279,-0.342,-0.527,0.835,-0.878,-0.419,-0.628,-0.148,0.587,-0.275,-0.789
Ndc1,,,0.273,0.156,-0.341,-0.198,0.092,,-0.077,0.245,0.116,0.193,-0.308
Coa7,,,-0.095,0.035,-0.115,-0.223,-0.321,0.824,-0.218,0.005,-0.082,-0.105,-0.398
Svbp,,,-0.031,0.019,-0.16,-0.046,-0.315,-0.461,0.096,-0.09,0.012,-0.263,0.024
Kcnq4,,,0.673,0.057,0.307,0.521,-0.506,0.075,,0.074,-0.083,-0.378,-0.35
Ago3,,,0.142,0.067,0.083,0.393,0.181,-0.122,0.08,0.192,0.127,0.096,-0.212
Ago1,,,0.039,0.146,0.018,-0.158,-0.373,-0.547,-0.021,0.196,0.057,0.408,-0.362
Ago4,,,0.06,0.189,0.023,0.006,,0.401,-0.153,0.336,-0.231,-0.089,0.063
Azin2,,,-0.018,0.043,0.266,-0.105,0.665,0.191,0.102,0.062,0.054,-0.111,-0.186
S100pbp,,,-0.053,-0.025,0.179,0.148,0.434,0.151,-0.048,0.097,0.112,0.249,0.151
Adgrb2,,,0.291,-0.045,0.542,-0.127,0.103,0.201,0.094,0.356,0.121,0.391,-0.01
Epb41,,,0.293,0.178,-0.674,-0.355,0.323,0.18,-0.038,0.156,0.075,0.024,0.009
Rsrp1,,,0.138,0.038,-0.249,-0.045,0.297,-0.281,-0.0,0.131,0.043,-0.022,0.039
Crocc,,,0.407,-0.265,-0.013,-0.149,0.415,0.016,-0.036,0.152,0.408,0.516,
Nphp4,,,0.188,0.157,-0.242,0.01,-0.372,0.289,0.304,0.311,-0.12,0.232,
Smim1,,,-0.204,0.071,0.267,0.166,-0.015,-0.252,0.141,-0.094,0.112,-0.012,0.069
Wrap73,,,0.028,0.173,0.174,-0.091,-0.014,0.077,-0.118,0.099,0.069,-0.055,-0.066
Faap20,,,-0.059,-0.048,0.449,-0.172,0.242,-0.112,-0.046,0.044,0.092,-0.022,0.039
Tmem240,,,0.084,0.034,0.635,-0.185,0.339,,0.072,0.034,0.033,0.026,0.378
Cptp,,,0.183,0.192,0.171,0.149,0.043,-0.156,0.048,0.07,-0.026,0.11,-0.105
Noc2l,,,0.114,0.05,-0.3,-0.407,-0.246,0.049,-0.038,0.2,0.116,0.061,-0.092
Gsap,,,0.036,-0.093,-0.737,-0.895,-0.336,-0.205,-0.09,0.158,0.044,0.271,
Kmt2e,,,0.005,0.066,-0.32,-0.07,0.324,-0.093,0.022,0.061,-0.047,0.037,-0.172
2700038G22Rik,,,-0.103,-0.046,-0.027,-0.294,-0.271,,0.044,-0.17,-0.328,0.105,-0.137
Kmt2c,,,0.095,-0.162,-0.393,-0.122,0.503,-0.061,0.089,0.185,0.142,0.126,-0.08
Tyms,,,0.14,-0.005,-1.251,-0.524,-0.531,-0.299,-0.509,0.079,-0.587,-0.285,-0.473
Drc1,,,-0.408,-0.154,1.341,0.383,-0.045,0.521,-0.027,0.006,0.12,0.038,-0.204
2210406O10Rik,,,0.089,0.021,-0.597,0.015,-0.717,-0.023,0.072,-0.022,0.222,-0.183,
Man2b2,,,0.031,-0.332,-0.044,0.465,0.521,,0.168,0.343,0.025,0.189,-0.098
Smim20,,,-0.09,0.041,0.124,0.008,0.152,0.025,0.049,-0.107,-0.081,-0.028,0.024
Nwd2,,,-0.057,-0.047,-0.238,0.055,0.678,,0.032,0.112,-0.612,0.84,0.275
N4bp2,,,-0.028,0.009,-0.517,-0.049,0.485,-0.01,-0.121,0.212,0.147,0.052,-0.216
Gm7467,,,-0.238,0.086,-0.074,0.383,,-0.181,-0.07,-0.014,-0.158,-0.031,-0.134
Adgrl3,,,0.059,0.068,0.272,0.03,-0.241,0.202,0.022,0.214,0.071,0.144,0.149
Hnrnpdl,,,-0.045,0.028,-0.592,-0.1,0.166,0.275,-0.118,-0.071,-0.094,0.035,0.05
Gm42517,,,-0.055,-0.113,0.563,-0.42,-0.689,-0.174,0.064,-0.023,0.119,0.143,
Gm10419,,,0.129,-0.007,2.45,0.593,-0.074,0.187,0.123,-0.035,0.176,0.122,-0.413
Gm13830,,,0.055,0.175,-0.084,0.47,,0.259,0.138,-0.047,-0.232,-0.25,0.082
Msi1,,,-0.016,0.02,-0.926,0.056,0.185,-0.119,0.065,0.118,0.035,0.355,-0.219
Ksr2,,,0.207,0.246,-0.718,-0.581,1.552,0.33,0.037,0.182,0.238,-0.079,0.361
Rita1,,,-0.123,0.03,0.322,0.162,-0.664,0.057,0.007,-0.03,0.151,-0.075,0.085
Tctn1,,,0.282,0.088,-0.01,-0.125,-0.155,0.117,0.008,0.153,0.188,0.206,-1.102
AI480526,,,0.172,0.161,-0.504,-0.078,0.395,0.247,-0.109,0.045,-0.159,-0.011,-0.571
Rimbp2,,,0.137,0.171,0.528,0.288,0.481,0.068,0.219,0.239,0.482,-0.435,-0.385
Vkorc1l1,,,0.234,0.026,0.429,0.034,0.521,-0.082,0.061,0.179,0.042,0.271,0.104
Ift22,,,-0.189,0.018,0.464,0.029,0.106,-0.636,-0.047,0.0,0.041,-0.02,-0.051
Tfr2,,,-0.243,-0.105,0.458,0.809,0.002,,-0.131,0.008,0.062,-0.146,-0.399
Pcolce,,,-0.204,-0.538,-1.31,-0.671,-0.884,,-0.009,0.024,-0.507,-0.643,-0.703
6330418K02Rik,,,0.056,-0.016,-1.079,-0.008,-0.15,,-0.011,-0.055,0.386,-0.403,-0.38
Brat1,,,0.136,-0.296,0.955,-0.097,0.13,-0.023,0.199,0.258,0.5,0.015,-0.21
Rasl11a,,,-0.441,-0.42,0.108,0.185,-0.454,,-0.15,-0.002,-0.223,0.405,-0.081
B3glct,,,-0.012,-0.091,-0.779,0.619,0.217,0.414,-0.246,-0.001,0.07,-0.529,-0.455
Gm43597,,,0.21,-0.308,1.328,-0.85,-0.677,0.183,-0.636,0.402,0.245,0.089,
Vps50,,,0.203,-0.0,-0.207,0.286,0.18,-0.308,0.07,0.151,-0.172,0.074,0.186
Sdhaf3,,,-0.049,-0.096,0.34,-0.248,-0.845,0.041,0.073,-0.107,-0.005,-0.008,0.588
Umad1,,,0.021,-0.059,-0.007,-0.142,0.243,0.018,-0.015,0.062,0.11,0.341,0.191
Lsm8,,,-0.142,0.011,-0.123,-0.082,0.087,-0.087,0.008,-0.114,-0.033,-0.216,-0.128
Cep41,,,-0.028,0.094,0.517,-1.042,-1.236,,0.003,-0.088,-0.445,-0.193,-0.72
Lncpint,,,0.21,-0.739,-1.012,-0.519,-0.068,0.151,-0.137,0.195,-0.046,0.127,
Mkln1os,,,0.007,-0.022,0.094,0.163,,0.747,0.007,-0.181,0.045,-0.31,-1.115
Zc3hav1,,,-0.421,0.061,0.792,-0.268,-0.075,-0.469,0.035,0.184,0.18,0.135,0.018
Kdm7a,,,0.178,-0.057,-0.74,0.098,0.114,-0.154,0.138,0.207,0.081,-0.034,-0.286
Tmem178b,,,0.183,0.033,0.345,0.151,0.726,0.085,0.18,0.315,0.078,0.129,0.465
Ephb6,,,0.036,0.033,0.567,-0.346,0.201,-0.585,-0.021,0.352,0.13,-0.099,-0.414
Tcaf1,,,0.099,-0.009,-0.081,0.029,0.506,-0.178,0.051,0.122,0.124,0.35,0.049
Igf2bp3,,,0.042,0.14,-0.916,0.084,,0.35,-0.023,0.193,-0.339,-0.135,0.098
Mturn,,,-0.018,0.133,0.259,0.267,0.65,-0.408,0.0,0.008,0.036,0.152,0.138
Adcyap1r1,,,-0.145,0.066,-0.147,0.299,0.425,0.362,0.081,0.357,0.027,-0.336,-0.313
Grid2,,,0.17,0.025,0.631,1.03,1.268,0.173,-0.238,0.172,0.095,0.472,0.02
Mob1a,,,0.052,0.078,-0.756,0.119,-0.485,-0.033,-0.048,0.144,0.112,0.185,0.128
Zfp638,,,0.011,0.085,-0.289,-0.051,0.697,0.242,0.002,0.125,0.03,-0.055,-0.05
Hmces,,,-0.166,0.106,-0.07,-0.112,-0.681,-0.349,-0.017,-0.124,-0.239,0.005,0.034
Rbsn,,,0.056,-0.106,-0.184,0.244,-0.449,0.168,0.145,0.021,0.15,0.125,0.478
Suclg2,,,-0.007,-0.212,-0.245,0.794,-1.103,,0.196,0.104,-0.057,0.067,-0.014
Rybp,,,0.05,0.284,-0.074,-0.134,0.092,-0.008,-0.084,0.111,-0.096,0.223,0.247
Plxnd1,,,-0.329,-0.119,1.183,0.336,-0.08,0.179,0.061,0.419,-0.131,0.025,-0.414
P3h3,,,0.469,0.101,-0.654,-0.29,-0.111,0.259,0.315,0.43,-0.298,-0.489,0.665
Gpr162,,,0.138,-0.032,0.336,-0.0,0.887,0.388,0.092,0.225,-0.051,-0.004,0.209
Tigar,,,0.085,0.072,0.1,-0.103,-0.011,0.37,-0.007,0.038,0.064,0.475,-0.911
Ybx3,,,-0.111,0.022,-0.012,-0.088,-0.628,-0.134,0.045,-0.086,-0.003,-0.349,0.354
Smim10l1,,,-0.126,-0.059,0.161,-0.062,0.469,-0.22,-0.027,-0.139,-0.005,-0.137,-0.035
Borcs5,,,-0.06,0.125,-0.158,-0.174,-0.448,0.088,-0.107,-0.026,-0.056,0.035,-0.197
Fam234b,,,0.402,0.151,-0.214,0.539,0.389,0.429,0.138,0.185,0.114,0.217,0.291
Pde3a,,,-0.081,-0.042,-0.509,-0.309,0.729,0.034,0.076,0.164,0.231,-0.257,-0.007
Klhl42,,,0.191,0.136,0.597,0.174,0.193,-1.272,0.022,0.135,0.368,0.279,0.285
Cacng7,,,0.275,-0.163,0.177,0.082,0.625,-0.3,0.176,-0.041,0.094,0.088,-0.059
Shisa7,,,0.133,0.057,0.083,0.046,0.083,-0.134,0.101,0.017,-0.125,0.042,-0.63
Clcn4,,,0.201,0.025,-0.176,0.031,0.462,-0.011,-0.023,0.214,-0.008,0.107,0.009
Dhx34,,,0.25,-0.078,-0.513,-0.704,0.612,,0.057,0.274,0.063,-0.075,-1.119
Inafm1,,,-0.036,-0.029,0.005,0.222,0.202,-0.044,-0.044,-0.06,0.115,-0.135,0.018
Arhgap35,,,0.208,0.009,-0.157,-0.103,0.494,0.199,-0.04,0.127,0.035,0.286,-0.268
Gng8,,,-0.363,-0.051,2.283,0.229,-0.074,,0.262,0.071,-0.711,-0.839,-0.613
Mark4,,,0.227,0.07,0.191,0.162,0.035,-0.281,0.087,0.134,0.068,0.153,0.0
Pou2f2,,,-0.323,0.069,-0.866,-0.082,-0.009,-0.163,-0.004,0.057,0.204,0.555,0.279
Tgfb1,,,-0.026,-0.021,0.392,0.139,-0.192,-0.167,-0.094,-0.052,-0.315,-0.81,-1.191
Lrfn1,,,0.159,0.134,0.017,0.178,0.67,0.627,0.071,0.323,0.118,0.17,-0.239
Pak4,,,-0.093,-0.233,-1.328,-0.518,0.204,,0.101,-0.154,-0.201,-0.303,0.029
Spred3,,,0.087,0.159,1.178,0.105,0.303,0.294,0.328,0.19,0.24,-0.039,-0.526
Kmt2b,,,0.111,-0.117,0.049,-0.019,-0.247,-0.319,-0.101,0.091,0.253,0.048,-0.243
Faap24,,,-0.12,-0.113,-0.201,0.072,0.251,,0.275,-0.065,-0.33,-0.177,0.047
Gm37494,,,0.126,-0.074,-0.272,0.006,,0.452,-0.025,0.222,-0.002,-0.035,0.054
Ctu1,,,0.117,-0.059,-0.541,-0.041,0.013,,-0.097,0.093,0.029,0.441,-1.085
Lmtk3,,,0.407,0.192,0.069,0.115,0.135,0.167,-0.149,0.298,0.224,0.115,-0.319
Gm38393,,,0.156,-0.082,0.069,0.371,-1.327,-0.072,-0.211,0.411,0.191,0.11,
Lins1,,,0.12,-0.059,0.8,0.528,0.135,,-0.08,-0.04,0.333,0.189,0.164
Arpin,,,-0.183,0.097,-0.504,-0.179,-0.164,,-0.077,-0.157,-0.029,-0.072,-0.023
Saxo2,,,0.007,-0.018,0.088,-0.459,-1.151,,0.009,-0.117,0.049,-0.056,0.1
Gm16638,,,0.201,-0.053,0.307,0.074,0.409,0.535,0.054,0.024,0.325,-0.215,0.163
Abhd17c,,,0.101,-0.184,-0.14,0.095,-0.29,,-0.027,0.188,0.191,0.263,-0.179
Emsy,,,0.134,0.028,-0.456,-0.158,0.438,-0.181,0.071,0.103,0.076,0.107,-0.301
Tpbgl,,,0.255,-0.295,0.214,-1.257,-0.047,1.337,0.1,0.337,-0.107,0.106,0.106
Gm10605,,,0.001,-0.249,-0.239,-0.154,-0.137,0.284,0.068,-0.082,-0.055,0.036,0.237
Xndc1,,,0.082,0.028,-0.613,0.024,-1.274,-0.355,-0.219,0.077,-0.349,0.212,0.159
Plekha7,,,0.051,0.069,-0.414,-0.482,-0.204,-0.099,0.31,,-0.071,-0.174,0.334
Xylt1,,,0.133,0.02,-0.761,0.005,-1.046,,-0.339,0.316,0.248,0.618,0.312
Knop1,,,0.005,-0.038,-0.308,-0.064,0.251,0.358,0.053,-0.055,0.005,-0.23,0.184
Sgf29,,,-0.091,0.099,0.115,0.01,-0.921,-0.44,-0.065,-0.066,-0.225,-0.222,-0.098
Sept1,,,0.214,0.209,-0.35,0.206,,-0.066,-0.293,0.167,0.079,-0.081,0.127
Srcap,,,0.076,0.232,-0.239,-0.036,1.155,-0.15,-0.016,0.144,-0.069,-0.155,-0.166
Zfp646,,,-0.097,-0.07,-0.546,-0.123,-0.277,0.479,-0.072,0.043,0.083,0.155,-0.087
Pycard,,,-0.062,-0.069,-1.347,0.053,0.363,0.502,-0.097,,-0.198,-0.295,-0.285
Chst15,,,0.264,-0.063,0.782,0.426,-0.316,-0.579,-0.028,0.413,0.09,-0.476,-0.93
Ctbp2,,,0.101,-0.117,-0.659,0.036,0.086,-0.28,0.054,0.131,-0.597,0.154,-0.203
Edrf1,,,0.092,0.198,-0.601,0.182,-0.688,0.043,0.107,0.211,0.353,-0.067,
Adgra1,,,0.065,-0.143,-0.119,-0.098,-0.52,0.456,0.083,0.108,0.066,-0.468,-1.405
Hras,,,-0.169,-0.021,0.554,-0.051,-0.025,0.069,0.03,-0.1,-0.002,-0.11,0.07
Shank2,,,0.49,-0.034,0.34,0.236,0.617,0.311,0.025,0.252,0.013,0.496,0.042
Stxbp2,,,0.411,0.131,0.339,0.016,0.174,-0.292,-0.469,0.119,-0.252,-0.416,0.06
Fcor,,,-0.071,0.012,1.278,0.632,-0.12,0.116,-0.162,0.031,0.202,-0.452,-0.097
Col4a2,,,-0.568,-0.576,0.77,-0.716,-0.976,-1.692,-0.103,0.148,0.261,0.019,0.315
Champ1,,,0.12,-0.153,0.514,0.382,0.094,,-0.06,0.229,0.005,0.42,-0.042
Tdrp,,,0.059,-0.119,0.293,-0.873,0.104,-0.651,0.002,-0.025,0.23,0.229,
Dlgap2,,,0.329,-0.142,-0.761,-0.147,,0.281,-0.028,0.088,-0.038,0.236,-0.091
Arhgef10,,,-0.036,0.214,0.51,0.273,0.362,0.033,-0.249,0.033,0.453,0.156,
Smim19,,,-0.038,-0.04,0.209,0.057,0.129,0.108,-0.01,-0.073,-0.11,-0.109,0.09
Gpat4,,,0.22,0.04,-0.06,0.021,-0.155,-0.08,0.027,0.171,0.057,0.184,-0.144
Plpp5,,,-0.013,-0.012,0.757,-0.017,0.175,-0.285,-0.031,0.077,0.107,-0.022,-0.078
Gm17484,,,0.025,-0.049,0.441,0.038,-0.349,,-0.017,-0.121,0.316,-0.404,-0.135
Pomk,,,0.232,-0.133,0.449,-0.003,-0.25,,0.144,0.036,0.368,0.182,0.023
Saraf,,,0.156,-0.052,0.493,0.047,0.244,0.3,0.013,0.142,0.088,0.229,0.116
Micu3,,,-0.022,-0.163,0.118,-0.033,0.512,0.034,0.071,-0.037,0.09,0.065,-0.153
Cfap97,,,-0.046,-0.06,0.133,0.005,0.149,0.198,0.001,0.032,0.131,-0.046,-0.035
Msmo1,,,-0.035,0.073,0.156,0.098,0.282,-0.063,0.085,0.148,-0.015,-0.074,0.125
Npy1r,,,-0.341,-0.288,1.269,0.281,-0.258,0.187,0.322,0.236,-0.056,-0.586,
Yjefn3,,,-0.035,-0.091,0.853,0.163,0.032,0.51,-0.2,0.091,-0.085,-0.063,-0.398
Borcs8,,,-0.11,-0.017,0.519,0.244,-0.016,0.27,-0.059,-0.099,-0.008,-0.207,-0.359
Colgalt1,,,0.089,0.249,-0.073,-0.133,0.101,-0.287,0.078,0.095,-0.07,0.07,0.061
Tom1,,,-0.012,0.182,0.931,0.057,-0.426,-0.483,0.101,0.171,0.061,-0.02,-0.272
Adgrl1,,,0.246,0.156,-0.138,0.028,0.6,-0.086,0.027,0.287,0.096,-0.045,-0.096
Gm26532,,,-0.237,-0.125,1.717,-0.143,-0.277,0.369,0.029,0.09,0.104,-0.049,-0.333
Wdr83os,,,-0.057,-0.003,-0.068,0.026,0.329,0.02,-0.05,-0.069,-0.016,-0.247,-0.053
Adgrg1,,,0.242,-0.192,-1.103,0.148,-0.215,-0.353,-0.105,0.301,0.301,,-1.03
Cfap20,,,-0.135,-0.069,0.145,0.185,0.115,0.388,-0.036,-0.065,0.007,0.007,0.084
Gm5914,,,-0.302,-0.066,0.023,-0.126,-0.285,-0.741,-0.163,-0.091,0.081,-0.262,0.034
Dus2,,,-0.039,-0.114,0.206,0.252,-0.696,0.384,-0.095,0.034,-0.086,-0.212,0.057
Taf1c,,,0.309,0.141,0.414,0.318,-0.485,0.138,0.292,0.101,0.327,0.165,0.505
Cep126,,,0.107,0.054,0.238,0.229,0.188,0.341,0.299,0.045,-0.02,-0.269,0.005
Cntn5,,,-0.031,-0.364,-0.799,-0.518,0.852,-0.169,0.095,0.16,0.057,-0.622,-1.366
Cep295,,,0.006,-0.127,-0.186,-0.112,-0.723,0.267,0.09,0.016,-0.029,-0.081,0.097
Tyk2,,,0.354,-0.203,-1.051,0.96,0.544,0.313,0.261,0.102,0.46,0.197,
Dock6,,,-0.129,-0.101,0.097,0.533,-1.022,0.16,-0.066,-0.124,0.123,-0.393,-0.15
Plppr2,,,0.079,0.072,0.135,0.022,-0.078,0.435,0.186,0.219,0.258,0.199,0.119
Kmt2a,,,0.049,-0.072,-0.42,0.06,0.926,-0.077,0.018,0.135,0.065,0.096,0.167
Gm16536,,,0.029,-0.008,-0.331,-0.364,0.197,-0.479,-0.159,0.103,-0.025,0.136,-1.073
Zpr1,,,-0.088,0.015,0.272,-0.073,-0.035,0.302,0.001,0.076,-0.018,-0.17,-0.154
Rpl10-ps3,,,-0.273,0.027,-0.3,-0.32,-0.531,,-0.009,-0.211,0.03,-0.041,0.086
Peak1,,,0.042,-0.287,-0.081,-0.009,-1.245,0.17,0.045,0.084,0.146,0.068,
Islr2,,,0.405,0.095,0.491,0.419,0.568,0.026,0.24,0.511,0.603,-0.272,0.181
Celf6,,,-0.036,0.036,0.511,0.12,0.504,0.117,0.055,0.053,0.177,0.058,0.165
Tle3,,,-0.067,0.227,-0.319,0.658,-1.021,,-0.357,0.131,0.133,0.755,0.455
Hacd3,,,0.114,0.007,-0.0,-0.13,0.555,0.055,-0.071,0.143,0.098,0.384,0.11
Ccpg1os,,,-0.111,0.046,-0.467,0.008,0.55,,-0.283,-0.211,-0.199,-0.344,0.122
Filip1,,,-0.222,0.105,-0.282,0.337,0.342,0.348,0.065,0.118,-0.391,0.158,-0.119
Cep162,,,-0.101,0.03,-0.332,0.175,,-0.464,0.106,-0.066,-0.05,0.063,-0.252
Mthfsl,,,-0.126,-0.107,0.241,0.214,-0.279,-0.645,-0.083,-0.067,0.095,-0.225,0.013
Plscr1,,,-0.58,0.152,0.283,-0.067,0.215,0.011,0.009,0.078,-0.045,-0.108,-0.128
Plscr4,,,-0.265,-0.081,0.795,-0.831,0.642,0.204,0.003,0.051,0.018,0.039,-0.32
Gk5,,,0.012,0.061,-0.435,0.287,0.246,0.565,-0.272,0.264,-0.067,0.212,
Amt,,,-0.176,0.116,-0.282,0.028,-0.373,0.209,0.282,0.084,-0.047,,-0.993
Nradd,,,-0.306,0.125,-0.124,-0.033,-0.012,-0.22,-0.154,-0.01,-0.24,-0.093,0.046
Rps27rt,,,-0.14,-0.094,-0.098,-0.259,-0.723,0.456,-0.051,-0.236,0.085,-0.512,-0.101
Gm26614,,,0.172,0.169,0.379,0.29,-0.691,,0.089,-0.073,0.137,-0.098,-0.166
Pomgnt2,,,0.193,-0.008,1.035,-0.042,0.598,-0.039,-0.015,0.263,0.066,0.279,0.3
Epm2a,,,0.074,-0.02,-0.296,-0.1,-0.52,,-0.229,0.118,0.143,0.263,0.148
Arfgef3,,,0.052,0.135,0.17,0.141,0.473,0.094,0.106,0.188,0.181,0.098,-0.116
Epb41l2,,,-0.339,-0.206,0.041,0.475,-0.069,-0.753,-0.119,0.036,0.064,0.397,-0.218
Lama4,,,-0.366,-0.414,0.893,-0.453,-1.013,-0.48,-0.353,0.322,-0.193,-0.791,-1.651
Smpd2,,,-0.251,0.285,-0.356,0.107,0.29,,-0.231,0.132,0.149,-0.166,-0.187
Armc2,,,-0.059,0.148,0.106,0.16,-0.058,0.091,-0.006,-0.129,0.27,-0.015,-0.821
Foxo3,,,0.089,0.098,-0.193,-0.288,0.057,0.36,0.027,0.217,0.173,0.483,0.129
Scml4,,,-0.349,-0.164,0.662,0.27,-0.084,0.403,0.305,0.189,0.035,0.63,-0.286
Tbc1d32,,,0.124,0.025,-0.63,-0.289,-1.161,-0.517,0.165,0.117,0.206,-0.184,
Unc5b,,,-0.064,0.07,0.57,0.432,-0.171,-0.291,0.168,0.409,-0.04,0.059,-0.623
Kif1bp,,,0.03,-0.064,0.12,0.071,,0.436,-0.023,0.09,0.046,0.099,-0.064
Lrrc75b,,,0.131,0.09,0.415,0.061,0.248,-0.34,0.134,0.253,0.026,0.247,-0.297
Slc1a6,,,-0.145,0.284,1.311,1.017,-1.136,,-0.284,0.028,-0.189,-0.182,-0.218
Plpp2,,,0.111,-0.036,0.472,0.086,0.335,-0.139,0.004,0.012,-0.143,0.043,0.22
Plppr3,,,0.229,-0.037,0.007,0.093,0.418,0.368,-0.02,0.05,-0.014,0.087,-0.044
Cbarp,,,0.075,-0.01,0.54,0.049,0.51,0.196,0.015,0.136,0.146,0.189,0.042
Abhd17a,,,-0.014,0.037,0.279,-0.103,-0.216,-0.118,0.026,-0.018,-0.035,-0.165,-0.127
Mfsd12,,,0.209,0.019,0.678,-0.157,-0.144,-0.228,-0.042,0.29,-0.18,0.095,-0.804
Tle2,,,0.053,-0.2,0.664,0.428,-0.27,-0.273,0.089,0.272,0.041,-0.19,-0.336
Tdg,,,0.024,0.056,-0.061,-0.058,-0.106,0.031,0.07,0.042,-0.025,-0.045,-0.193
Tmem263,,,-0.1,0.05,-0.279,-0.223,0.482,-0.228,-0.024,0.013,-0.019,0.065,0.013
Mterf2,,,-0.107,0.097,0.152,0.11,0.098,-1.338,0.119,-0.079,-0.342,-0.304,-0.125
Rtcb,,,-0.123,0.014,-0.002,-0.004,-0.21,-0.272,-0.072,-0.014,-0.023,-0.054,-0.065
Cep83,,,0.172,-0.203,-0.246,-0.167,-0.58,0.059,0.031,0.052,0.026,0.07,-0.454
March9,,,0.116,-0.19,0.343,0.088,,-0.221,0.189,0.056,-0.151,0.245,0.252
Pym1,,,-0.159,0.124,-0.236,0.267,-0.95,,-0.048,-0.023,-0.061,0.111,-0.315
Rab1a,,,0.039,0.019,0.237,-0.027,0.205,-0.11,-0.02,0.014,0.074,0.137,0.017
Cfap36,,,-0.161,-0.111,-0.101,-0.045,0.369,-0.264,0.002,-0.056,-0.131,-0.14,0.063
Slit3,,,-0.454,-0.098,-0.439,0.195,0.672,0.22,0.09,0.147,-0.101,0.49,-0.129
Phykpl,,,0.084,-0.244,-0.756,0.581,,0.091,-0.114,0.077,-0.035,-0.129,-0.585
Gm12216,,,-0.14,-0.311,1.016,0.824,-0.647,0.106,-0.003,0.297,0.317,0.155,-0.098
Galnt10,,,0.457,0.145,0.49,0.22,0.072,,-0.299,0.434,0.358,1.001,-0.294
Gm12258,,,0.088,-0.061,0.296,0.144,,-0.856,0.19,0.107,0.104,-0.04,-0.256
Zkscan17,,,0.029,0.008,0.08,0.238,-1.31,,0.254,-0.035,0.211,0.131,-0.396
Mief2,,,0.078,0.393,-0.347,0.352,-0.169,,-0.037,0.281,-0.168,-0.214,-0.186
A530017D24Rik,,,0.318,-0.08,0.293,-0.167,-0.569,-0.271,0.179,0.13,-0.48,0.092,
Lrrc75a,,,-0.091,0.195,0.345,-0.064,-1.885,,0.089,0.023,0.048,0.267,0.241
Gas7,,,-0.234,-0.18,-1.88,,-0.36,-0.064,-0.239,-0.071,-0.236,0.424,0.182
Borcs6,,,-0.035,-0.057,0.282,0.076,0.14,0.24,0.061,-0.03,0.018,-0.046,-0.04
Ncbp3,,,0.06,0.131,-0.026,0.088,0.327,-0.013,0.117,0.13,0.029,0.093,0.059
Rph3al,,,-0.126,0.015,0.267,0.005,-0.138,0.303,-0.083,0.006,0.289,-0.046,0.065
Nsrp1,,,-0.129,-0.158,-0.395,-0.159,0.265,0.353,0.005,-0.072,0.103,-0.259,0.111
Traf4,,,0.219,-0.113,-0.173,-0.18,0.155,,0.024,-0.162,-0.07,-0.231,-0.359
Ksr1,,,0.294,-0.11,0.146,-0.135,0.041,-0.17,0.133,0.266,0.055,0.172,
Pigw,,,0.241,-0.057,-0.755,0.552,0.026,,0.047,0.054,-0.639,0.335,-0.13
Brip1os,,,0.221,0.138,-0.042,0.04,-0.876,,0.209,0.09,0.067,-0.192,-0.513
Nxph3,,,0.243,-0.094,0.825,0.818,-0.328,-0.629,-0.129,0.078,-0.286,-0.486,-0.064
Zfp652,,,0.159,0.06,-0.589,-0.039,-0.36,0.255,-0.136,0.026,-0.221,0.091,0.066
P3h4,,,-0.104,-0.053,-0.07,0.49,-1.026,,-0.117,0.048,-0.055,-0.233,-0.262
Nt5c3b,,,-0.15,-0.103,0.047,0.011,0.087,-0.305,-0.144,-0.043,0.009,-0.13,0.024
1700023F06Rik,,,-0.086,-0.094,1.096,0.108,,-0.703,-0.012,-0.186,0.14,-0.127,0.139
Plekhm1,,,0.183,0.146,0.642,0.535,-0.169,0.3,0.051,0.219,0.22,0.286,
Taco1os,,,-0.126,0.145,-0.071,0.014,-0.95,,-0.149,-0.124,0.021,-0.312,0.009
Ern1,,,-0.032,0.31,1.033,-0.258,0.313,0.068,0.311,0.245,0.05,0.024,
Cacng4,,,-0.135,0.02,-0.497,0.08,0.683,0.276,0.1,0.062,-0.146,0.535,-0.505
Fads6,,,0.365,-0.038,2.045,0.678,-0.675,0.243,0.203,0.079,0.407,-0.324,
Tmem94,,,0.431,-0.107,-0.166,0.434,0.257,0.116,-0.038,0.074,-0.112,-0.053,-0.532
Ubald2,,,-0.145,-0.05,-0.286,-0.094,-0.096,0.079,-0.061,-0.02,-0.033,0.181,-0.216
Mgat5b,,,0.304,0.003,-1.237,-0.168,,-0.466,-0.049,0.146,0.033,-0.23,0.101
Snhg20,,,0.072,-0.033,0.213,-0.092,-0.058,0.13,0.133,0.089,0.094,-0.077,0.064
Sept9,,,0.059,-0.032,-1.585,0.072,,-0.624,0.139,0.201,-0.105,-0.357,-0.415
Cep131,,,0.141,0.038,-0.576,0.164,-0.183,1.07,-0.11,0.364,0.162,-0.035,0.336
Faap100,,,-0.086,0.048,-0.278,-0.076,-0.009,-0.064,-0.028,0.271,0.0,-0.029,-0.23
Rab10os,,,0.019,0.031,-0.591,0.175,-0.321,0.044,-0.008,-0.059,0.136,0.008,-0.09
Adcy3,,,0.181,-0.109,-0.369,0.738,0.68,0.236,0.006,0.252,-0.006,0.436,-0.241
Sf3b6,,,-0.18,-0.049,-0.052,-0.052,0.141,-0.204,-0.062,-0.128,-0.058,-0.165,-0.052
Ldah,,,0.073,-0.009,-0.028,0.061,0.263,-0.29,-0.001,0.081,-0.144,0.173,0.06
Fam49a,,,0.051,0.14,-0.184,0.015,,-0.793,-0.018,0.053,0.173,0.496,-0.003
Mycn,,,-0.135,0.117,-0.102,-0.061,0.266,,-0.06,0.284,0.193,0.351,-0.08
Vcpkmt,,,-0.059,0.197,-0.207,0.197,0.197,0.318,-0.014,-0.067,-0.039,0.056,0.077
Frmd6,,,-0.324,0.074,-0.131,0.214,-0.139,-0.309,-0.447,0.046,0.229,-0.189,
Susd6,,,0.173,0.252,0.603,-0.312,-0.038,0.513,0.006,0.108,0.332,0.165,-0.693
Dnal1,,,-0.007,-0.052,-0.026,0.272,0.496,0.539,0.12,0.126,0.034,0.166,-0.413
Arel1,,,0.29,0.115,0.447,0.214,0.155,0.162,0.059,0.239,0.22,0.195,-0.907
Cipc,,,-0.001,-0.082,-0.362,0.109,-0.146,-0.39,-0.092,0.089,-0.087,0.328,0.01
Ifi27,,,-0.113,0.08,0.869,0.092,0.084,0.097,-0.124,0.01,0.059,-0.284,-0.034
B830012L14Rik,,,0.236,0.122,-0.297,0.094,1.158,0.093,-0.006,0.57,0.257,0.15,-0.269
Wdr20,,,0.127,0.143,0.172,-0.093,-0.216,0.128,0.016,0.263,-0.195,-0.03,-0.325
Mok,,,-0.185,0.13,1.363,-0.416,-0.97,,0.06,-0.136,0.168,0.275,-0.168
Itgb8,,,-0.266,0.008,-1.798,-0.686,-0.096,-1.308,,-0.151,0.091,-0.451,-0.406
Yae1d1,,,0.044,-0.038,-0.338,-0.145,0.425,-0.184,-0.017,-0.043,-0.14,-0.154,-0.07
Ripk1,,,-0.196,-0.476,-0.833,0.263,-0.225,0.001,0.147,0.049,-0.113,0.002,
Mcur1,,,-0.128,0.028,-0.22,-0.675,-0.929,0.185,-0.152,-0.048,0.086,-0.345,-0.376
Fam8a1,,,0.252,-0.014,0.134,0.414,0.53,0.11,0.044,0.178,0.147,0.192,-0.171
Card19,,,0.039,-0.111,0.341,0.178,-0.125,-0.001,0.003,-0.055,-0.147,-0.097,-0.076
Prr7,,,-0.081,-0.129,0.114,0.101,-0.044,-0.147,-0.005,0.046,0.045,-0.15,0.041
Ptch1,,,0.034,-0.043,-0.194,-0.129,0.358,-0.096,-0.082,0.066,-0.185,0.037,-0.278
Zfp369,,,0.121,-0.073,-1.429,0.005,0.913,0.369,-0.216,0.113,0.111,0.092,-0.756
Mterf3,,,-0.009,0.064,-0.181,0.074,0.267,-0.558,-0.193,-0.018,0.069,-0.027,-0.039
Zfp65,,,0.141,-0.083,-0.695,0.321,-0.593,,0.014,0.115,-0.378,-0.02,-0.705
Ice1,,,0.002,0.049,-0.122,0.126,0.763,-0.016,-0.047,0.016,-0.024,0.168,0.057
Slf1,,,0.1,0.035,0.025,0.497,0.808,0.236,0.084,0.035,-0.189,0.029,-0.433
Ak6,,,-0.157,-0.128,0.009,0.103,-0.442,-0.594,0.007,-0.072,-0.085,-0.186,0.065
Plpp1,,,0.224,-0.027,0.716,0.104,0.31,0.194,-0.037,0.093,-0.214,-0.295,-0.066
Itga1,,,-0.363,0.038,1.792,0.295,0.621,0.173,-0.264,0.263,1.201,-0.4,
Nim1k,,,0.061,-0.153,-0.112,-0.107,0.388,-0.032,-0.01,0.05,0.074,-0.196,-0.62
Wapl,,,0.026,0.228,-0.3,-0.091,0.427,0.024,0.134,0.063,-0.175,0.02,-0.034
Cnih1,,,0.143,0.024,-0.051,-0.117,0.167,-0.225,-0.011,0.014,-0.069,-0.028,-0.016
Gch1,,,-0.716,0.02,0.445,0.06,0.138,-0.166,0.083,0.033,0.267,-0.342,0.284
Tmem260,,,0.308,-0.008,-0.74,-0.109,-0.323,0.485,-0.11,0.167,-0.205,0.202,
Gm26782,,,0.105,0.062,-0.511,-0.055,0.508,0.271,0.05,0.025,0.048,-0.232,-0.098
Rpgrip1,,,0.058,-0.078,-0.285,-0.602,0.455,-0.038,-0.212,-0.041,-0.149,-0.406,-0.038
Mrpl57,,,-0.158,0.023,0.356,0.021,-0.113,0.155,-0.026,-0.122,0.031,-0.25,0.019
Micu2,,,0.028,0.05,-0.251,0.109,0.582,-0.251,-0.1,0.029,-0.051,0.009,-0.197
Mir124a-1hg,,,0.438,0.021,-0.17,0.255,0.019,0.247,0.008,0.202,0.051,-0.08,0.811
Ccar2,,,0.164,0.029,-0.666,0.113,0.47,0.469,-0.107,0.254,0.072,0.309,-0.224
Dmtn,,,0.115,0.066,0.304,0.339,0.218,0.29,-0.034,0.052,0.107,0.085,0.34
Gpalpp1,,,-0.068,-0.085,-0.282,0.201,-0.203,0.176,-0.07,-0.011,0.105,0.077,-0.091
Gm10076,,,-0.107,-0.018,0.046,0.007,-0.755,-0.126,0.004,-0.106,0.021,-0.502,0.029
Nadk2,,,-0.066,0.143,-0.027,-1.21,-0.456,-0.529,-0.042,-0.171,0.0,0.234,-0.076
Skp2,,,0.111,0.137,-0.799,-0.562,,0.29,0.171,0.156,-0.258,0.066,-0.951
Cdh6,,,-0.058,0.272,0.976,-0.196,0.749,0.133,0.228,0.37,0.36,-0.119,-0.35
Otulin,,,-0.161,0.067,-0.145,-0.05,0.064,-0.062,0.091,-0.118,-0.186,-0.082,-0.116
Ago2,,,0.059,0.088,0.115,-0.001,0.288,0.128,0.04,0.172,0.094,0.189,-0.077
Adgrb1,,,0.381,0.007,-0.457,0.099,0.019,-0.11,-0.019,0.258,0.148,-0.084,-0.036
Ly6e,,,-0.16,-0.722,0.172,-0.412,-0.553,-2.812,-0.086,0.113,-0.112,0.924,-0.014
Hgh1,,,0.153,0.04,-0.324,0.421,-0.904,,0.161,0.237,-0.104,0.087,-0.432
Elfn2,,,0.171,-0.099,-0.258,0.518,-0.072,-0.06,-0.119,0.323,0.067,-0.031,
Dnal4,,,-0.069,-0.056,-0.367,-0.358,0.184,-0.771,-0.066,-0.031,-0.101,-0.059,0.037
Mief1,,,0.087,0.055,-0.182,0.294,0.378,-0.245,0.156,0.051,0.057,0.118,0.401
Smdt1,,,-0.144,-0.024,0.196,0.043,0.044,0.03,0.02,-0.132,-0.012,-0.131,-0.02
C730034F03Rik,,,0.012,-0.114,0.778,-0.026,,-0.033,0.006,0.158,-0.168,-0.368,-0.774
2610037D02Rik,,,0.203,0.018,-0.785,-0.349,,-0.369,-0.121,0.149,0.005,-0.023,-0.234
Ccdc184,,,0.004,-0.01,0.831,0.054,0.475,0.431,-0.045,0.005,0.01,-0.1,0.018
Ddx23,,,-0.078,-0.006,-0.587,-0.057,0.734,0.288,-0.015,-0.012,-0.116,0.131,-0.725
Kmt2d,,,0.13,0.13,-0.758,0.189,0.331,0.132,0.233,0.322,0.049,0.229,-0.183
Lmbr1l,,,0.071,-0.238,-0.058,-0.069,-0.011,0.125,-0.135,0.262,0.041,0.18,-0.043
Atg101,,,-0.115,0.042,0.171,0.108,-0.296,-0.355,-0.181,0.014,-0.175,-0.042,-0.109
Atf7,,,0.068,-0.289,-0.364,-0.079,0.712,-0.358,-0.01,0.018,-0.027,0.09,-0.12
Pde1b,,,-0.077,0.018,0.529,-0.13,0.58,0.435,-0.145,0.078,0.123,,0.384
Eef2kmt,,,-0.098,-0.234,1.514,-0.551,-0.846,,0.227,-0.157,-0.245,-0.276,-0.174
Ypel1,,,0.06,0.021,0.04,-0.066,-0.159,0.451,0.004,0.078,-0.112,0.224,-0.048
Rubcn,,,0.203,0.116,0.022,0.387,0.269,-0.037,0.129,0.138,0.004,0.043,-0.002
Hacd2,,,0.054,-0.127,-0.145,0.219,0.122,-0.128,0.18,0.009,0.157,-0.063,-0.258
Ccdc191,,,0.087,-0.185,-1.209,0.98,,0.12,-0.38,-0.085,-0.112,-0.207,0.162
Usf3,,,0.111,-0.419,0.159,0.252,-1.153,-0.77,0.022,0.189,0.199,0.221,
Dubr,,,0.124,-0.007,0.231,0.199,0.764,-1.083,0.079,0.144,0.177,0.074,-0.096
Zbtb11os1,,,-0.191,-0.047,0.9,0.673,0.022,,-0.039,-0.055,0.04,-0.333,-0.268
B230307C23Rik,,,0.015,0.147,-0.645,0.568,0.042,0.188,-0.02,0.096,-0.088,-0.011,
Dynlt1c,,,-0.138,0.154,-1.559,0.262,0.089,,-0.22,0.352,-0.176,0.092,0.089
Ermard,,,0.286,-0.011,-0.824,-0.009,-0.482,-1.051,0.042,0.203,0.212,0.052,-0.243
Spaca6,,,0.075,0.186,-0.033,0.004,0.093,0.101,-0.048,0.238,0.238,-0.048,0.499
Rab26os,,,-0.282,-0.002,-0.128,-0.251,-0.634,,-0.069,-0.183,0.205,0.088,-0.056
Pkd1,,,0.406,0.009,-0.769,0.167,0.175,0.072,0.015,0.302,0.059,0.183,0.326
Capn15,,,0.185,0.119,-0.305,-0.142,0.186,0.379,0.194,0.047,-0.025,0.038,
Fam234a,,,0.233,-0.004,-0.235,0.683,0.244,0.006,0.025,0.2,0.033,0.202,-0.474
Uqcc2,,,-0.189,-0.021,0.171,-0.092,-0.006,-0.149,0.008,-0.131,-0.002,-0.237,0.124
Gm26724,,,0.003,0.1,-0.928,0.097,0.379,0.195,0.151,0.31,-0.279,0.146,0.055
Cmtr1,,,0.262,0.105,-0.122,0.2,-0.097,0.267,0.016,0.169,0.09,0.155,-0.832
Adamts10,,,0.081,0.226,0.173,-0.144,0.364,-0.146,0.112,0.411,0.138,0.156,-0.34
Kank3,,,-0.318,0.031,0.727,-0.187,-0.204,-0.235,-0.165,0.123,0.037,-0.173,-0.064
BC051226,,,-0.056,-0.073,0.299,0.143,-0.087,,-0.077,-0.011,-0.045,0.147,-0.069
Pfdn6,,,-0.23,-0.049,0.031,-0.012,-0.118,0.029,-0.102,-0.091,-0.111,-0.088,0.019
Prrt1,,,0.104,-0.166,0.134,-0.124,-1.369,0.837,-0.036,0.03,-0.142,0.081,0.15
Dxo,,,0.058,-0.021,-0.512,-0.013,-0.323,-2.721,-0.23,-0.101,-0.163,-0.058,0.038
Gm26917,,,0.144,-0.036,0.494,-0.068,,0.061,0.031,0.247,0.034,-0.157,-0.049
Gm42418,,,0.14,0.01,-0.24,-0.128,,-0.1,-0.008,0.076,-0.016,0.319,0.161
AY036118,,,0.113,0.062,-0.797,-0.509,,-0.002,0.034,-0.153,-0.187,0.065,-0.012
B230354K17Rik,,,0.063,-0.061,-0.511,0.141,0.474,0.362,-0.123,0.079,0.106,0.169,0.021
Mydgf,,,0.08,-0.048,-0.126,-0.088,0.081,0.258,-0.066,0.007,-0.063,-0.21,0.06
Fer,,,0.022,-0.005,0.32,-0.036,-0.769,-0.754,0.012,0.057,-0.09,-0.132,0.254
Mtcl1,,,0.114,-0.07,0.268,0.314,0.568,0.195,0.095,0.274,0.179,0.108,-0.124
Epb41l3,,,0.156,0.044,0.008,-0.043,0.425,-0.071,0.151,0.144,-0.071,0.19,-0.14
Strn,,,0.124,-0.091,-0.157,-0.357,0.653,-0.197,-0.083,0.033,0.066,0.096,0.047
Cebpzos,,,-0.123,-0.086,0.659,0.093,0.008,0.049,-0.06,-0.126,0.076,-0.281,0.17
Hnrnpll,,,-0.017,0.045,-0.392,0.015,-0.134,0.05,0.004,0.251,-0.02,0.05,-0.144
Zfp36l2,,,-0.232,-0.343,-1.043,-0.101,-0.534,-0.378,-0.238,-0.089,-0.244,0.407,-0.486
Greb1l,,,0.075,-0.064,-0.009,0.505,-0.627,-0.374,0.038,0.246,0.094,0.059,
Zfp24,,,-0.06,-0.042,-0.317,-0.073,0.303,-0.16,-0.094,-0.005,0.197,-0.045,-0.381
Epb41l4aos,,,-0.075,0.046,-0.275,0.075,-0.05,0.947,-0.142,-0.164,-0.129,-0.205,0.214
Epb41l4a,,,0.104,0.263,0.701,0.192,0.398,0.265,-0.002,0.076,0.298,0.13,0.311
Nrg2,,,0.187,0.219,0.093,0.109,1.205,0.344,0.087,0.084,0.016,-0.023,
Pcdhb7,,,0.2,-0.262,0.113,-0.133,1.051,,0.012,0.207,-0.031,0.139,-0.125
Diaph1,,,0.074,-0.012,-0.464,0.131,-0.132,-0.162,0.011,0.093,0.048,0.017,-0.247
Pcdh1,,,0.031,0.054,-0.399,0.409,0.432,0.072,-0.022,0.44,0.054,0.095,-0.019
Gm16286,,,-0.068,-0.002,0.204,0.038,0.026,0.084,-0.012,0.004,0.02,-0.247,0.025
Cyb5a,,,-0.225,0.06,0.441,0.012,-0.089,-0.09,-0.033,-0.053,0.0,-0.271,-0.05
B4gat1,,,0.18,-0.009,0.444,-0.03,,0.26,0.08,0.084,-0.047,0.024,0.176
Uqcc3,,,-0.03,-0.036,0.349,0.071,-0.22,0.097,-0.009,-0.122,0.029,-0.291,0.084
Tkfc,,,-0.036,-0.006,0.105,0.228,-0.782,,-0.075,0.288,-0.029,-0.128,0.12
Carnmt1,,,0.09,-0.186,-0.648,0.681,0.211,0.178,0.027,-0.022,-0.08,-0.052,-0.63
Abhd17b,,,0.032,0.05,-0.136,0.04,0.3,0.804,0.068,0.015,0.106,0.29,-0.016
Pum3,,,-0.049,-0.038,-0.357,-0.085,0.048,-0.534,-0.069,-0.078,-0.028,-0.139,0.071
Plpp6,,,0.213,0.055,-0.063,-0.1,0.159,,-0.087,0.106,0.064,0.18,0.245
Ric1,,,0.062,-0.206,-0.168,0.266,0.617,0.135,0.047,0.162,-0.256,-0.061,-0.28
Npm3,,,-0.296,-0.138,-0.415,0.049,-0.18,,-0.144,-0.057,-0.249,-0.093,-0.323
Sufu,,,0.093,-0.305,-0.731,0.75,0.099,-0.106,-0.253,0.276,0.033,0.043,
Borcs7,,,-0.082,0.004,0.225,0.066,0.217,0.024,-0.001,-0.14,0.109,-0.087,-0.071
Ina,,,0.02,0.06,-0.06,0.068,0.529,-0.12,0.104,0.031,0.203,0.327,0.16
Ccdc186,,,-0.046,-0.019,-0.024,0.016,0.374,0.172,0.042,-0.038,0.118,-0.073,0.038
Shtn1,,,0.079,0.07,0.017,0.057,-0.512,0.259,0.154,0.114,0.01,0.049,0.168
Fam204a,,,-0.175,0.04,-0.753,-0.169,0.247,-0.059,-0.033,-0.186,-0.12,-0.216,-0.076
Zfp950,,,-0.024,0.121,0.185,-0.079,0.633,-0.141,-0.047,0.023,0.077,-0.015,-0.164
Rp2,,,0.108,0.21,-0.487,-0.481,-1.375,,0.305,0.101,0.16,0.065,0.091
Smim10l2a,,,-0.016,0.112,0.613,0.21,0.1,0.18,0.111,0.026,0.313,0.027,0.057
Bgn,,,-0.25,-0.691,-1.194,0.879,-0.915,-1.104,-0.196,-0.34,0.121,0.091,-0.656
Ubl4a,,,-0.077,0.026,-0.036,-0.267,-0.018,-0.113,0.024,-0.0,0.121,0.12,-0.019
Cmc4,,,-0.105,-0.113,-0.656,0.226,0.292,-0.653,-0.108,-0.097,0.203,-0.095,0.124
Gk,,,0.157,-0.087,-0.091,0.463,0.255,-2.946,0.051,0.155,0.104,-0.304,
Klhl15,,,0.057,-0.047,-0.477,-0.453,-0.89,,0.066,0.122,0.106,0.303,-0.54
Hmgn5,,,-0.648,-0.222,-1.318,-0.837,-1.616,,0.166,0.112,-0.131,-0.531,-0.068
Cldn34c1,,,0.057,0.15,-0.45,-0.205,1.132,,-0.137,-0.089,0.077,-0.066,0.075
Diaph2,,,0.119,0.306,1.089,0.541,0.264,0.403,0.064,0.094,0.109,-0.233,0.356
Ammecr1,,,-0.042,0.024,0.464,-0.074,0.687,-0.389,-0.291,0.069,0.482,0.028,0.359
Kantr,,,-0.063,0.086,-0.249,-0.502,0.116,-1.087,-0.075,-0.052,0.16,0.025,-0.616
Gpr173,,,-0.043,0.032,0.467,-0.097,-0.204,-0.649,-0.088,0.147,0.111,0.253,-0.631
Nhs,,,0.178,0.002,-0.227,-0.172,1.143,-0.112,-0.027,0.086,0.144,-0.101,-0.399
Mid1,,,0.036,0.136,0.025,-0.406,,0.318,0.031,0.133,-0.126,0.093,-0.205
mt-Nd1,,,0.114,0.1,-0.081,0.046,-0.257,-0.084,0.086,0.068,0.115,0.044,0.065
mt-Nd2,,,0.101,0.104,-0.169,0.027,-0.489,-0.085,0.054,0.065,0.096,0.07,0.092
mt-Co1,,,0.159,0.117,-0.072,0.087,-0.131,-0.082,0.092,0.074,0.111,-0.007,0.045
mt-Co2,,,0.153,0.098,-0.207,0.064,-0.89,-0.034,0.088,0.107,0.108,-0.002,0.028
mt-Atp8,,,0.285,0.113,-0.335,-0.159,-0.696,-0.284,-0.058,0.084,0.066,-0.006,0.004
mt-Atp6,,,0.137,0.104,-0.182,0.05,-0.811,-0.078,0.089,0.101,0.101,0.006,0.058
mt-Co3,,,0.145,0.118,-0.153,0.056,-0.836,0.013,0.082,0.096,0.059,0.022,0.041
mt-Nd3,,,0.151,0.114,-0.217,-0.03,-0.726,-0.07,0.085,0.037,0.079,0.035,-0.002
mt-Nd4l,,,0.303,0.06,-0.34,-0.13,-0.387,0.046,0.059,0.076,0.171,-0.004,0.058
mt-Nd4,,,0.174,0.113,-0.039,0.059,-0.456,-0.014,0.082,0.07,0.105,0.0,0.091
mt-Nd5,,,0.152,0.089,-0.316,-0.038,-0.231,-0.035,0.066,0.0,0.133,-0.036,0.132
mt-Nd6,,,-0.083,-0.058,-0.81,-0.1,-0.301,0.169,0.064,-0.083,0.142,-0.059,0.433
mt-Cytb,,,0.113,0.116,-0.072,0.088,-0.417,-0.053,0.083,0.118,0.084,0.017,0.056
Myl1,,,,-0.123,1.77,0.202,0.444,-0.458,0.048,-0.067,0.221,-0.475,-0.266
Fam163a,,,,0.013,0.436,0.115,0.264,-0.276,0.163,0.187,0.099,0.433,-0.171
Dbh,,,,0.031,0.243,0.105,0.08,0.093,0.142,0.07,0.616,-0.36,-1.089
Kcnn3,,,,0.003,0.162,0.414,1.182,0.013,0.241,0.301,0.349,0.031,-0.212
Emilin1,,,,0.042,-0.711,-0.087,0.315,-0.074,0.105,0.376,-0.193,-0.071,-0.283
Slc10a4,,,,0.099,0.635,0.226,0.664,-0.057,0.009,0.183,0.113,0.634,0.141
Dtx1,,,,-0.104,-0.379,0.063,0.165,-0.098,0.142,0.052,0.009,0.1,-0.038
BC028471,,,,-0.194,0.727,0.793,0.224,-0.285,0.026,-0.049,0.193,0.068,-0.048
Npy,,,,0.344,0.735,0.154,0.366,0.226,0.05,0.139,0.453,-0.516,-1.038
Aqp1,,,,-0.448,1.136,-0.329,-0.345,-1.121,0.164,0.086,0.982,0.715,-0.064
Timp4,,,,0.163,0.076,0.132,0.952,0.054,0.052,0.106,-0.059,0.02,-0.059
Gm9844,,,,0.02,-0.116,0.059,-0.505,-0.4,-0.106,-0.046,0.064,-0.039,0.327
Tmem255b,,,,-0.404,-0.049,-0.141,0.791,0.31,0.03,0.059,0.306,-0.109,-0.248
Hand2,,,,-0.009,-0.013,-0.097,0.258,0.147,0.071,0.044,-0.118,-0.093,-0.005
Chrnb4,,,,0.101,0.658,0.093,0.494,0.284,-0.015,0.236,0.123,0.135,0.006
Doc2b,,,,0.162,0.479,0.276,0.248,-0.327,0.06,0.225,0.299,0.146,0.21
Slc16a3,,,,0.055,0.882,0.305,-0.272,-0.001,0.02,0.105,-0.003,0.085,0.359
Ngb,,,,0.15,0.249,-0.001,0.124,0.164,-0.107,-0.156,1.291,-0.554,0.076
Kif26a,,,,0.023,-0.484,0.074,0.538,-0.021,0.116,0.121,0.099,-0.036,-0.238
Il3ra,,,,0.033,-0.594,-0.143,-0.842,0.101,-0.024,-0.06,-0.081,0.2,0.242
Smpd5,,,,0.061,0.331,0.324,-0.684,0.369,0.032,0.148,-0.093,0.028,-0.29
1500009C09Rik,,,,-0.21,0.614,-0.589,0.072,-0.196,-0.38,-0.069,0.105,-0.074,-1.049
Lst1,,,,-0.129,0.729,-0.219,-0.537,0.551,-0.063,-0.098,0.059,-0.562,-0.714
Chrm1,,,,0.214,0.647,0.173,0.375,-0.426,0.173,0.177,0.002,0.132,0.192
Adra2a,,,,-0.017,0.509,0.573,0.423,-0.085,0.504,0.614,0.378,-0.643,0.129
Slc7a3,,,,0.031,0.264,0.613,0.37,0.698,-0.073,0.475,0.005,0.425,0.829
