,median_log2fc,ci_lo,ci_hi,top30_support,n_datasets,n_positive,n_deposits,neuron_over_glia_log2
Oprl1,8.656,8.436,9.466,1.0,13,13,8,2.057
Tmem255a,0.509,0.147,0.61,0.8322,11,10,6,0.638
Epha10,0.442,0.19,0.598,0.6039,10,10,6,1.745
Islr2,0.405,0.095,0.511,0.3737,11,10,6,1.4
Adra2a,0.401,-0.017,0.509,0.4524,10,7,5,0.236
Mdga1,0.4,0.095,0.653,0.4527,13,12,8,1.275
Slc7a3,0.398,0.031,0.613,0.4767,10,9,5,1.41
Efcab1,0.381,-0.018,0.506,0.2974,11,7,6,1.685
Grm7,0.379,0.095,0.534,0.4205,13,12,8,1.841
Ank1,0.379,0.177,0.476,0.434,10,9,7,0.958
Tnr,0.375,-0.05,0.443,0.3902,10,7,6,1.445
Slc19a2,0.372,0.326,0.435,0.4524,10,8,6,0.06
Bche,0.362,0.006,0.662,0.4323,11,9,6,-1.074
Sez6l,0.356,0.216,0.797,0.4744,12,10,7,1.586
Caln1,0.35,-0.005,0.723,0.2466,10,7,5,2.839
Galnt16,0.348,0.168,0.447,0.2567,10,10,6,-1.041
Ntng1,0.347,-0.052,0.565,0.2401,13,9,8,0.391
Kirrel3,0.343,-0.095,0.651,0.3392,10,7,6,1.433
Gria1,0.335,0.015,0.528,0.3213,11,9,6,1.675
Vwa7,0.335,0.154,0.522,0.3122,10,8,7,1.421
Lrp1b,0.334,0.09,0.767,0.3529,11,10,6,1.462
Ankrd34b,0.331,0.008,0.599,0.2964,10,8,5,2.298
Brinp2,0.331,0.173,0.973,0.1959,10,9,6,1.666
Trim16,0.328,0.006,0.439,0.1968,11,9,7,0.419
Tmem132e,0.319,0.027,0.575,0.2768,11,9,7,1.231
Tenm1,0.318,0.017,0.791,0.2418,10,8,6,1.154
Nfatc2,0.317,0.096,1.089,0.3125,10,8,6,-2.759
Slc12a7,0.317,-0.205,0.374,0.0929,12,9,8,-0.317
Asah2,0.312,-0.265,0.681,0.1649,10,7,6,-0.787
Tmem63c,0.305,0.187,0.438,0.1806,13,11,8,1.552
Abca3,0.303,0.095,0.367,0.03,13,10,8,0.614
Eif5a2,0.298,-0.0,0.508,0.1103,13,9,8,1.103
Pcdh7,0.297,0.197,0.505,0.1159,13,12,8,-0.149
Abcg1,0.295,0.195,0.378,0.0997,12,11,8,0.236
Taf1c,0.292,0.138,0.327,0.0024,11,10,6,-0.15
Mgat4c,0.291,-0.015,0.38,0.0262,12,9,8,1.88
Lrrtm4,0.291,-0.057,0.452,0.0986,12,9,7,0.366
Galnt10,0.289,0.072,0.457,0.236,10,8,5,-1.903
Tyk2,0.287,0.055,0.46,0.0827,10,8,6,-0.423
Cds1,0.284,0.17,0.504,0.1503,12,12,8,1.617
Dclre1c,0.282,0.006,0.543,0.171,10,8,7,-0.793
Etv1,0.28,-0.151,0.367,0.0525,13,7,8,0.064
Tmc3,0.28,0.117,0.628,0.0598,12,9,7,1.781
Slitrk3,0.279,0.089,0.646,0.2853,11,9,6,1.345
Plxna1,0.277,0.036,0.418,0.1904,12,11,8,-0.379
Tenm2,0.277,0.077,0.504,0.0907,11,9,7,0.701
Gaa,0.276,0.131,0.301,0.0001,13,12,8,0.673
Sez6,0.274,0.123,0.342,0.0194,13,13,8,1.742
Cacna1e,0.273,0.111,0.435,0.1301,10,9,5,1.315
Faim2,0.272,0.173,0.392,0.0243,13,13,8,2.233
Tmem117,0.272,0.103,0.395,0.0785,13,12,8,1.099
Gdpd5,0.271,0.178,0.289,0.0018,13,11,8,0.089
Dkk3,0.268,0.061,0.36,0.0,12,11,7,0.438
Kifc3,0.266,0.07,0.525,0.0553,11,9,6,-0.456
Ldlrad4,0.265,0.13,0.73,0.2618,12,12,7,-0.772
Vps18,0.264,0.021,0.395,0.0215,13,11,8,0.307
Slc36a1,0.264,0.14,0.437,0.0148,13,11,8,1.667
Diaph2,0.264,0.094,0.403,0.0095,11,10,6,-0.681
Epb41l4a,0.263,0.104,0.311,0.0,11,10,6,0.699
Dagla,0.263,-0.106,0.417,0.0087,11,8,6,-0.834
Lmln,0.262,-0.432,0.396,0.0125,12,8,8,0.127
Kcnt1,0.261,0.033,0.4,0.042,13,11,8,1.108
Jmjd4,0.26,0.057,0.92,0.0774,11,11,7,0.764
Sulf2,0.26,0.164,0.542,0.2076,13,11,8,-1.919
Lrrc55,0.259,-0.108,0.497,0.2723,12,9,8,0.982
Fndc3b,0.259,-0.045,0.418,0.0347,12,9,7,-1.637
Eme2,0.258,0.002,0.466,0.1921,10,8,6,0.207
Slc38a10,0.258,0.05,0.266,0.0,13,11,8,-0.004
Lingo2,0.258,0.124,0.424,0.0167,13,13,8,1.639
Paqr9,0.256,-0.046,0.473,0.0366,12,9,8,1.958
Maneal,0.255,-0.007,0.35,0.0115,12,9,8,1.08
Sptbn4,0.254,0.079,0.306,0.003,11,9,7,1.491
Flrt1,0.254,-0.067,0.48,0.1631,12,9,7,0.757
Pcdhb19,0.253,-0.209,0.368,0.1127,10,7,6,0.053
Robo1,0.252,-0.165,0.415,0.081,12,7,8,0.467
Zfp335,0.252,-0.046,0.414,0.0682,12,9,8,-0.08
Shank2,0.252,0.025,0.49,0.0417,11,10,6,0.876
Acvr1b,0.252,0.039,0.333,0.0,12,10,7,1.086
Ulk3,0.25,0.042,0.533,0.2276,13,11,8,0.127
Dync1i1,0.249,0.112,0.337,0.0117,13,11,8,1.972
Sipa1l2,0.247,0.001,0.369,0.0653,12,9,7,-1.058
Cadm3,0.247,0.132,0.293,0.0,13,12,8,1.37
Tmem135,0.247,0.163,0.462,0.0143,13,13,8,0.4
Fam189a2,0.247,0.152,0.399,0.0048,12,12,8,0.827
Usp45,0.246,-0.075,0.283,0.0,13,9,8,-0.019
Cacna2d3,0.246,0.032,0.409,0.0134,11,9,7,1.627
Sgpp2,0.246,0.151,0.32,0.0014,13,12,8,1.926
Slc9a1,0.245,-0.122,0.301,0.0,13,9,8,-0.021
Susd2,0.245,0.149,0.404,0.0295,13,11,8,1.568
Slc45a1,0.244,0.079,0.268,0.0,13,11,8,1.878
Slc29a3,0.244,0.007,0.393,0.0094,11,9,7,-0.317
Fgf14,0.244,0.042,0.505,0.1069,13,11,8,1.865
Atp2b4,0.244,0.057,0.362,0.0206,13,11,8,0.826
Iglon5,0.243,0.026,0.466,0.0081,12,9,7,1.32
Slc15a4,0.243,0.057,0.368,0.0017,13,11,8,-0.029
Pnmal1,0.241,0.113,0.352,0.0018,12,11,7,1.973
Chrna3,0.241,0.026,0.319,0.0,11,10,6,1.737
Kcnh1,0.24,0.068,0.343,0.0035,12,10,7,1.855
Ttc39b,0.24,0.04,0.333,0.0,13,10,8,1.202
Pou6f1,0.238,0.11,0.288,0.0,13,11,8,0.682
Plxna2,0.238,-0.006,0.286,0.0005,13,8,8,-0.179
Spns2,0.237,-0.161,0.358,0.0606,13,9,8,0.536
Parp4,0.237,-0.021,0.267,0.0,13,8,8,0.0
Ppp1r16b,0.237,0.075,0.404,0.0173,12,11,7,0.873
Ablim2,0.237,0.05,0.291,0.0004,13,10,8,1.58
Ercc2,0.237,-0.03,0.334,0.0084,12,9,7,-0.027
Plcxd2,0.237,0.141,0.474,0.064,12,10,8,1.618
A4galt,0.236,0.031,0.366,0.0113,12,9,7,0.636
Ddr1,0.235,0.174,0.399,0.0004,13,12,8,0.042
1700066M21Rik,0.235,0.021,0.492,0.0067,11,9,7,-0.047
Pygl,0.234,-0.437,0.324,0.007,11,8,7,-0.516
Gda,0.234,-0.093,0.417,0.0447,11,7,8,1.179
Abcc4,0.233,-0.109,0.407,0.0155,11,8,7,0.979
Focad,0.233,-0.024,0.547,0.0559,11,8,7,-0.033
Spsb1,0.233,0.035,0.531,0.0432,12,10,8,0.151
Galnt7,0.232,-0.048,0.302,0.0,12,9,7,-0.344
Spry4,0.232,0.166,0.343,0.001,12,10,8,-0.095
Col5a3,0.232,-0.666,0.284,0.0003,10,7,6,-3.095
Donson,0.232,-0.117,0.416,0.0181,13,9,8,-0.262
Zfp275,0.232,0.126,0.317,0.0001,12,12,7,-0.001
Nrcam,0.232,0.171,0.377,0.0126,13,11,8,0.791
Tapbp,0.232,-0.052,0.261,0.0,13,9,8,-0.823
Tab3,0.231,0.094,0.383,0.0045,12,10,8,0.448
Unc5a,0.231,-0.02,0.371,0.0224,12,9,7,1.593
Cntn2,0.23,0.08,0.319,0.0024,12,10,8,1.599
Cntn3,0.23,-0.015,0.377,0.0146,13,9,8,1.352
Cntnap1,0.229,0.189,0.437,0.0245,10,9,6,0.618
Rnf152,0.229,-0.201,0.571,0.0227,12,8,7,0.439
Lrfn3,0.229,0.087,0.352,0.0065,11,10,6,0.932
Gabbr2,0.229,0.179,0.47,0.0347,12,11,8,2.018
Cdh6,0.228,-0.119,0.37,0.0179,11,7,6,0.122
Abca2,0.228,-0.028,0.348,0.0046,13,9,8,0.594
Mapk4,0.228,-0.024,0.351,0.0014,11,7,7,1.125
Eri2,0.227,-0.085,0.366,0.0123,11,7,6,-0.714
Pgm2l1,0.227,0.172,0.341,0.0018,13,12,8,2.044
Porcn,0.226,0.019,0.279,0.0,13,10,8,0.463
Traf3ip2,0.226,0.057,0.506,0.0334,10,8,6,-0.495
Tmem229b,0.226,0.091,0.36,0.0019,13,13,8,1.944
Wscd2,0.225,-0.092,0.347,0.0002,12,8,7,1.816
Ccdc126,0.225,-0.133,0.455,0.0547,12,8,7,-0.395
Snph,0.225,0.11,0.266,0.0,13,11,8,1.84
Smcr8,0.225,0.099,0.303,0.0001,11,9,7,0.126
Med12l,0.225,0.154,0.545,0.0282,12,11,8,0.551
BC034090,0.224,-0.06,0.47,0.0182,11,8,6,0.173
Scn1a,0.224,-0.001,0.408,0.1022,11,8,7,1.583
Gpr158,0.224,-0.018,0.366,0.0,12,8,8,1.994
Celsr2,0.224,0.073,0.347,0.001,12,10,7,-0.165
Fads6,0.223,-0.038,0.462,0.0405,10,7,6,-1.62
Man1b1,0.223,0.062,0.307,0.0,13,11,8,-0.279
Amigo1,0.223,0.151,0.366,0.0054,13,10,8,0.719
Tmtc2,0.222,0.067,0.369,0.0173,12,10,7,-1.421
Vgf,0.221,-0.089,0.32,0.0002,13,8,8,1.757
Otud7a,0.221,0.096,0.403,0.0224,11,9,8,1.799
Pik3c2b,0.22,-0.291,0.505,0.0591,11,7,7,-0.332
Zmat4,0.22,0.128,0.422,0.0165,11,10,7,1.893
Clstn1,0.22,0.119,0.238,0.0,13,11,8,0.534
Slc2a13,0.22,0.118,0.474,0.0509,12,11,7,0.549
Rimbp2,0.219,0.068,0.481,0.0111,11,9,6,1.937
D430041D05Rik,0.219,0.039,0.236,0.001,11,9,7,1.402
Plekhm1,0.219,0.146,0.41,0.0003,10,9,6,0.029
Nr6a1,0.219,-0.25,0.347,0.0002,11,8,7,-0.767
Doc2b,0.218,0.135,0.276,0.0,10,9,5,1.854
Vps8,0.218,0.084,0.247,0.0,13,11,8,0.309
Itga1,0.218,-0.264,0.732,0.0919,10,7,6,-2.33
Syt2,0.218,0.1,0.337,0.0121,13,11,8,2.116
Pramef8,0.218,0.011,0.312,0.0,11,9,6,-0.295
Mbtps2,0.217,0.039,0.332,0.0087,13,11,8,-0.029
Adam19,0.217,0.036,0.333,0.0001,13,11,8,0.456
Caprin2,0.217,0.141,0.3,0.0009,13,10,8,0.154
Fam234b,0.217,0.138,0.402,0.0505,11,10,6,1.197
Chrm2,0.216,-0.014,0.486,0.0316,12,9,7,1.787
Nptxr,0.216,0.137,0.327,0.0001,12,11,7,1.388
Slc35f3,0.215,-0.073,0.536,0.0846,11,8,7,1.76
Tonsl,0.214,0.016,0.322,0.0002,11,9,6,0.018
Itga3,0.214,0.136,0.332,0.0003,13,10,8,1.0
Uhmk1,0.214,0.175,0.278,0.0,13,11,8,0.937
Lrrk2,0.213,0.068,0.516,0.1256,12,10,8,-0.603
Nova1,0.213,-0.088,0.418,0.16,11,8,6,0.404
Rassf5,0.213,0.183,0.331,0.0002,13,11,8,0.826
Cpeb1,0.213,0.066,0.334,0.0012,13,11,8,1.241
Zfyve28,0.212,0.094,0.345,0.0005,12,10,8,0.152
Atp2b3,0.212,-0.058,0.55,0.0401,13,9,8,1.876
March4,0.212,-0.104,0.399,0.0017,11,8,6,2.27
Lrig2,0.211,-0.071,0.259,0.0,13,9,8,0.233
Lemd3,0.211,-0.193,0.236,0.0,13,9,8,0.087
Lmtk2,0.211,0.101,0.396,0.0105,12,11,8,0.697
Slc2a3,0.211,0.082,0.252,0.0,13,12,8,1.617
Fcho1,0.211,-0.053,0.287,0.0,13,9,8,1.395
Rab27a,0.21,-0.175,0.469,0.0519,13,9,8,1.133
Camk2b,0.21,0.114,0.331,0.0006,13,12,8,1.501
Tiam2,0.21,0.007,0.355,0.0309,10,8,7,-0.382
Sv2a,0.21,0.085,0.229,0.0,13,11,8,2.052
Pigs,0.209,-0.019,0.359,0.0014,13,9,8,0.072
Dpy19l1,0.209,-0.225,0.245,0.0,12,8,8,-1.129
Rhobtb2,0.209,0.075,0.359,0.0078,13,10,8,0.821
Zbtb18,0.208,-0.014,0.349,0.0004,12,9,7,0.539
Kctd9,0.207,0.023,0.28,0.0,12,9,8,-0.572
Ksr2,0.207,-0.079,0.33,0.0005,11,8,6,1.645
Mcam,0.207,0.14,0.375,0.0113,13,13,8,0.247
Tmc7,0.207,-0.05,0.252,0.0,12,9,8,0.205
Supv3l1,0.207,-0.019,0.304,0.0,12,9,7,-0.041
Tmem200a,0.206,0.082,0.362,0.0129,12,11,7,1.272
Grik1,0.206,-0.013,0.576,0.1388,10,7,5,1.55
Jakmip3,0.206,0.139,0.256,0.0007,12,12,8,1.465
Prkca,0.206,-0.044,0.33,0.0006,13,8,8,0.832
Smarcal1,0.205,0.038,0.332,0.0,13,11,8,0.037
Cdk8,0.205,0.099,0.358,0.0096,13,11,8,-0.176
Aatk,0.205,0.01,0.341,0.0016,13,11,8,-0.755
Nkain2,0.204,-0.483,0.393,0.0101,12,7,7,-2.37
B3galt1,0.204,0.097,0.302,0.0,13,11,8,1.868
Pcgf2,0.204,-0.167,0.314,0.0003,13,8,8,-0.199
Gpr89,0.204,0.025,0.335,0.0,13,10,8,0.124
Slc5a6,0.204,0.054,0.458,0.0229,13,11,8,0.575
Pqlc3,0.203,-0.373,0.368,0.0125,12,7,8,-0.769
Slc25a32,0.203,0.028,0.275,0.0019,12,9,8,-0.252
Fpgs,0.203,-0.145,0.277,0.0013,13,7,8,-0.337
Cog1,0.203,-0.009,0.28,0.0,13,9,8,0.279
Zdhhc22,0.203,0.039,0.314,0.0063,11,9,7,1.994
Ypel2,0.203,0.097,0.232,0.0,13,10,8,0.324
Kcnn3,0.202,0.013,0.349,0.0036,10,9,5,0.607
Hexim2,0.202,-0.181,0.355,0.0033,11,7,6,0.622
Pcdhb20,0.202,-0.006,0.779,0.2812,12,8,7,0.31
Grik4,0.202,-0.165,0.505,0.2053,12,8,7,0.98
Them6,0.202,0.049,0.34,0.0047,12,10,7,1.265
Tmem132c,0.202,-0.245,0.586,0.0773,12,8,7,1.691
Sppl2b,0.202,0.0,0.43,0.0208,12,9,7,-1.416
Cdc42bpb,0.201,0.085,0.233,0.0,13,12,8,0.258
Rab3b,0.201,0.078,0.323,0.0001,13,12,8,1.59
Cds2,0.201,0.067,0.24,0.0,13,10,8,1.139
Ablim1,0.201,0.146,0.319,0.0,13,13,8,0.604
Nlgn1,0.201,-0.075,0.383,0.0042,12,9,7,0.3
Dgcr2,0.201,0.072,0.251,0.0,13,13,8,0.019
Pigo,0.201,-0.271,0.354,0.0282,11,7,6,-0.016
Stard5,0.2,0.058,0.459,0.0814,13,10,8,-0.884
Caskin1,0.2,0.116,0.275,0.0,13,11,8,1.233
Usp49,0.2,0.057,0.519,0.0226,10,8,6,-0.704
Sppl3,0.2,0.122,0.261,0.0,13,12,8,0.208
Lgals3bp,0.199,-0.079,0.288,0.0,13,8,8,-0.676
B4galt6,0.199,0.093,0.319,0.0,13,11,8,1.098
Abcd4,0.199,0.033,0.213,0.0,13,10,8,-0.634
Tmem150c,0.199,-0.126,0.47,0.0583,13,8,8,1.388
Itga6,0.199,-0.048,0.426,0.0926,13,8,8,-1.196
Kctd16,0.198,-0.139,0.338,0.0088,10,7,6,1.768
Kcnma1,0.198,0.153,0.308,0.0,13,13,8,1.918
Laptm4b,0.198,0.023,0.347,0.0013,13,10,8,-1.34
Acly,0.198,0.102,0.212,0.0,13,13,8,0.961
Myo9b,0.198,-0.22,0.341,0.0,11,8,7,-1.622
Tmem8,0.197,-0.168,0.301,0.0015,11,8,7,1.311
Sgms1,0.197,-0.117,0.387,0.0061,13,8,8,-1.678
Kcnn2,0.197,0.087,0.374,0.0255,13,11,8,0.933
Znrf3,0.197,-0.012,0.241,0.0,10,7,5,-1.298
Med26,0.196,0.021,0.276,0.0024,10,8,6,-0.523
Mrap2,0.196,0.066,0.308,0.0006,13,10,8,1.111
Slc9a5,0.196,0.004,0.335,0.0048,11,9,7,0.231
Polr3a,0.196,0.071,0.619,0.0659,12,10,8,0.12
Rgs11,0.196,0.074,0.291,0.0,13,10,8,1.216
Pan2,0.196,0.158,0.297,0.0025,13,10,8,-0.746
Xpr1,0.196,0.075,0.3,0.0002,13,11,8,0.29
Clec16a,0.196,0.092,0.287,0.0,12,10,8,0.111
Arel1,0.195,0.115,0.239,0.0,11,10,6,0.99
Lgi2,0.195,0.027,0.692,0.1664,11,9,7,0.639
C2cd4c,0.195,-0.047,0.3,0.0009,11,8,6,1.54
Rarb,0.194,0.047,0.852,0.1475,11,9,7,-1.624
Dgke,0.194,-0.022,0.282,0.0,13,9,8,0.926
Aar2,0.194,-0.023,0.276,0.0,12,8,7,0.429
Gtf3c1,0.194,-0.126,0.225,0.0,13,9,8,0.177
Gpr176,0.194,-0.074,0.337,0.0013,12,7,8,1.857
Sertad4,0.194,-0.199,0.262,0.0007,13,7,8,0.214
Epb41l1,0.193,0.053,0.204,0.0,11,10,6,1.703
Pfkfb2,0.193,-0.242,0.351,0.0192,10,6,6,-0.184
Pomgnt2,0.193,-0.015,0.3,0.0008,11,7,6,1.047
Lrrc8c,0.192,0.033,0.385,0.0223,13,11,8,0.712
Unkl,0.192,-0.023,0.35,0.0015,12,8,7,0.35
Manea,0.192,0.062,0.305,0.0012,12,10,7,-0.704
Nefh,0.192,0.059,0.243,0.0,13,10,8,1.859
Slc31a1,0.192,0.027,0.381,0.0006,13,10,8,0.379
Pla2g15,0.192,-0.087,0.253,0.0003,13,9,8,-0.5
Mcf2l,0.191,0.103,0.265,0.0,13,13,8,1.181
Scube1,0.191,-0.053,0.612,0.1743,13,9,8,0.844
Klhl42,0.191,0.135,0.285,0.0,11,10,6,0.596
Tmem64,0.191,-0.075,0.245,0.0,13,9,8,-0.056
Plcl1,0.191,0.101,0.45,0.0791,13,11,8,0.934
Chst1,0.19,0.092,0.591,0.1161,10,8,6,1.239
Npy,0.19,0.05,0.366,0.0255,10,8,5,1.982
Abcd1,0.19,-0.038,0.335,0.0,12,8,7,0.322
Spred3,0.19,0.087,0.303,0.0,11,9,6,0.479
Trim56,0.19,-0.084,0.267,0.0002,12,9,7,-0.795
Map3k3,0.19,0.051,0.594,0.0861,12,10,8,-0.325
Sema4d,0.19,0.13,0.299,0.0,13,11,8,0.568
Wdr81,0.19,0.054,0.419,0.0446,11,9,7,-0.032
Cnnm1,0.189,0.005,0.45,0.0374,12,9,8,1.91
Ttbk2,0.189,0.007,0.256,0.0,13,10,8,1.504
Scml4,0.189,-0.164,0.403,0.0109,11,7,6,1.394
Prrt3,0.189,-0.169,0.427,0.0097,11,7,7,1.682
Traf3,0.189,0.114,0.395,0.0224,13,11,8,0.259
Cd276,0.189,0.025,0.525,0.084,12,9,7,-0.136
Slc18a2,0.189,0.067,0.473,0.0226,12,10,7,1.241
Dock5,0.188,-0.125,0.313,0.0013,10,7,7,-2.105
Cabp1,0.188,-0.001,0.244,0.0,13,9,8,1.614
Dgkd,0.188,0.024,0.224,0.0,13,10,8,0.362
Ptprr,0.188,0.036,0.251,0.0,13,10,8,1.877
Prepl,0.188,0.07,0.564,0.1721,13,11,8,0.718
B3gnt8,0.188,-0.245,0.281,0.0023,12,8,7,-0.628
Hinfp,0.187,0.019,0.351,0.0332,10,8,6,-0.252
Lrrc4b,0.187,0.103,0.287,0.0,12,11,7,0.391
Engase,0.187,-0.008,0.349,0.0017,10,7,6,-0.224
Ppm1f,0.187,0.12,0.245,0.0,13,11,8,0.276
Slc8a1,0.187,0.111,0.303,0.0,11,9,7,1.723
Osbpl5,0.187,-0.103,0.274,0.0,13,9,8,0.383
Men1,0.186,0.039,0.258,0.0,13,11,8,-0.276
Atp8b2,0.186,-0.055,0.401,0.0248,11,8,8,0.187
Kbtbd7,0.186,-0.109,0.263,0.0,12,7,7,0.289
Agap2,0.186,0.046,0.429,0.0366,10,8,6,0.956
Casz1,0.185,-0.096,0.223,0.009,13,9,8,1.939
Cdkl5,0.185,-0.035,0.271,0.0,12,7,7,0.572
Arhgef10,0.185,0.033,0.362,0.001,10,8,6,-2.925
Tmem184b,0.185,0.011,0.293,0.0,13,10,8,-0.181
Zfp629,0.185,-0.325,0.221,0.0006,11,7,6,0.249
Rimkla,0.185,0.072,0.313,0.0004,13,13,8,1.831
Clcn2,0.185,-0.136,0.295,0.001,12,7,7,-0.238
A230057D06Rik,0.185,-0.315,0.319,0.0,11,7,7,1.506
Nr1d2,0.185,0.05,0.236,0.0,13,10,8,-0.619
2510039O18Rik,0.185,0.068,0.292,0.0,13,11,8,0.057
Rnft2,0.185,0.05,0.369,0.0262,13,11,8,1.637
Plod2,0.185,0.042,0.253,0.0,13,10,8,-0.182
Flrt2,0.185,-0.132,0.423,0.0135,11,8,7,-0.318
Sec22c,0.184,-0.265,0.236,0.0,13,7,8,0.439
Perp,0.184,-0.027,0.814,0.2183,11,8,7,-0.305
Znfx1,0.184,0.078,0.207,0.0,13,11,8,-0.3
Camsap3,0.184,0.077,0.258,0.0003,13,10,8,1.589
Dcaf5,0.184,0.011,0.274,0.0,13,10,8,0.757
Slc6a17,0.184,0.156,0.355,0.0259,13,11,8,1.956
Slc36a4,0.184,0.008,0.264,0.0,13,10,8,0.501
Ccdc39,0.183,0.037,0.297,0.0,12,11,7,-0.121
Mmp15,0.183,-0.069,0.283,0.0,13,9,8,-0.47
Prickle2,0.183,0.007,0.422,0.0248,13,10,8,0.355
Nfxl1,0.183,-0.045,0.33,0.008,13,9,8,-0.919
Astn1,0.183,0.028,0.247,0.0,13,10,8,1.969
Syngr1,0.183,0.088,0.262,0.0,13,12,8,0.31
Bbs1,0.183,-0.084,0.326,0.0,11,8,7,0.447
Ficd,0.183,0.02,0.242,0.0008,12,10,7,-0.037
Kif3c,0.183,0.119,0.215,0.0,13,10,8,1.378
Dhcr24,0.183,0.095,0.235,0.0001,13,12,8,0.833
Mfsd9,0.183,-0.156,0.46,0.0987,10,8,6,1.342
Myh14,0.183,-0.01,0.208,0.0,13,9,8,0.102
Lgi3,0.182,-0.098,0.566,0.177,10,6,6,1.077
Creld1,0.182,0.023,0.235,0.0,13,10,8,0.631
Arhgap26,0.182,0.117,0.248,0.0,13,11,8,1.203
Sv2c,0.182,0.113,0.276,0.0026,13,11,8,1.32
Igf2r,0.182,0.097,0.288,0.0001,12,11,7,-0.362
Heatr5a,0.182,0.123,0.427,0.0264,11,10,7,-0.576
Tenm4,0.181,0.051,0.376,0.0224,10,8,6,1.642
Gas6,0.181,-0.013,0.389,0.0176,13,9,8,-0.519
Dnmbp,0.181,-0.039,0.561,0.0828,10,7,6,-1.188
Dzank1,0.181,-0.022,0.263,0.0,12,9,7,1.75
Deptor,0.181,0.015,0.351,0.0038,12,10,8,-1.899
Endod1,0.181,0.072,0.271,0.0005,13,11,8,0.105
Kndc1,0.181,-0.084,0.546,0.1006,12,8,7,1.148
Chpf2,0.181,0.032,0.26,0.005,13,11,8,-0.225
Adcy3,0.181,-0.109,0.436,0.0135,11,7,6,0.36
Stim2,0.18,-0.031,0.322,0.0,13,9,8,-0.98
Tmem178b,0.18,0.085,0.345,0.0011,11,11,6,1.969
Adam22,0.18,0.001,0.251,0.0,13,10,8,0.951
Synj1,0.18,0.085,0.21,0.0,13,10,8,0.932
Slc7a1,0.18,0.032,0.22,0.0,13,11,8,1.189
Mtor,0.179,0.107,0.269,0.0,13,11,8,0.602
Mtcl1,0.179,0.095,0.274,0.0,11,9,6,1.243
Dnajc6,0.179,0.053,0.247,0.0,13,11,8,1.86
Gclc,0.179,0.112,0.332,0.0,13,11,8,0.207
Sirpa,0.179,0.064,0.267,0.0,13,11,8,-1.026
Atp6ap1,0.178,0.024,0.208,0.0,13,11,8,0.479
Gan,0.178,-0.004,0.29,0.0,12,9,7,0.8
Llgl1,0.178,-0.06,0.287,0.0003,13,7,8,-1.523
Trim36,0.178,0.082,0.271,0.0,13,11,8,1.846
Zbtb14,0.178,0.035,0.367,0.0028,11,10,6,-0.29
G6pc3,0.178,0.055,0.206,0.0,13,10,8,0.436
Rph3a,0.178,-0.013,0.433,0.0237,12,8,8,1.779
Parp12,0.178,-0.0,0.313,0.0,13,9,8,-0.805
Polr1a,0.178,0.068,0.231,0.003,13,11,8,-0.082
Ackr1,0.178,0.041,0.396,0.0972,11,9,6,1.825
Prpf8,0.178,0.107,0.237,0.0,13,11,8,-0.183
Apaf1,0.178,-0.191,0.245,0.0,11,7,6,-0.996
Nup155,0.177,-0.11,0.274,0.0,13,9,8,0.012
Lemd2,0.177,0.081,0.205,0.0,13,11,8,-0.302
Rhbdd1,0.177,-0.06,0.311,0.0,10,7,6,-0.454
Vav2,0.177,-0.111,0.266,0.0,11,7,6,0.156
Phtf1,0.177,0.07,0.3,0.0,13,13,8,0.13
Slc7a8,0.177,0.052,0.378,0.0007,13,11,8,1.22
Wdr59,0.176,-0.057,0.419,0.0023,13,9,8,0.733
Lgi1,0.176,-0.043,0.373,0.0078,13,9,8,-0.629
Slco5a1,0.176,-0.191,0.786,0.104,10,7,6,1.386
Atp7a,0.176,0.085,0.391,0.0393,12,10,8,0.569
Map4k2,0.176,0.034,0.195,0.0,12,10,7,-0.319
Ttc17,0.176,-0.029,0.223,0.0,13,9,8,-0.17
Galnt13,0.176,-0.064,0.363,0.0126,13,9,8,1.73
Adcy1,0.175,0.069,0.592,0.0625,13,10,8,1.544
Rps6ka2,0.175,0.013,0.278,0.0004,13,10,8,0.69
Dclk3,0.175,-0.061,0.243,0.0,11,7,6,0.745
Cdan1,0.175,-0.074,0.288,0.002,11,6,7,-0.533
Palld,0.175,-0.18,0.29,0.0001,12,8,8,-1.429
Atxn1,0.175,0.096,0.352,0.0056,13,12,8,0.162
Csf1,0.175,-0.312,0.453,0.0593,12,8,8,-1.5
Chrm1,0.175,0.087,0.274,0.0,10,9,5,1.882
Ryr2,0.175,0.08,0.328,0.0047,12,12,8,1.794
Wdr7,0.175,0.104,0.276,0.0,13,12,8,0.992
Hdac4,0.175,0.043,0.234,0.0,13,10,8,-0.752
Slc35e3,0.174,0.058,0.266,0.0,13,11,8,0.188
Ikzf2,0.174,0.028,0.271,0.0,12,9,7,-0.9
Map2k7,0.174,0.102,0.285,0.0,13,11,8,0.126
Svop,0.174,0.005,0.267,0.0,13,10,8,1.957
Aldh5a1,0.174,-0.082,0.375,0.0007,11,8,7,0.797
Mast1,0.174,0.127,0.313,0.0,13,12,8,1.908
Nceh1,0.174,0.057,0.339,0.0,13,10,8,0.37
Tex2,0.174,0.031,0.218,0.0,13,11,8,0.519
Hmgcll1,0.174,0.068,0.254,0.0,13,10,8,1.696
Ccpg1,0.174,0.038,0.273,0.0,13,11,8,-0.241
Klhl20,0.174,0.039,0.246,0.0,13,11,8,0.31
Scrn1,0.174,0.061,0.252,0.0,13,13,8,1.096
Tmem145,0.174,0.063,0.289,0.0,13,10,8,1.82
Rnf145,0.173,-0.008,0.239,0.0,13,9,8,0.258
Nrxn3,0.173,-0.032,0.247,0.0012,13,9,8,1.994
Trpm2,0.173,-0.186,0.386,0.008,12,7,7,1.44
Ankrd27,0.173,-0.005,0.254,0.0,13,9,8,0.039
Reps2,0.173,0.031,0.332,0.0,12,10,8,0.727
Myo18a,0.173,0.071,0.207,0.0,13,11,8,-0.345
Tmem47,0.173,0.013,0.335,0.0015,13,11,8,-0.359
BC017158,0.173,-0.088,0.349,0.0,12,7,7,-0.104
Wbp1l,0.173,-0.037,0.271,0.0,12,9,7,-0.691
Smad9,0.172,-0.006,0.248,0.0,13,9,8,1.939
Tbc1d16,0.172,0.043,0.225,0.0,13,10,8,0.711
Ache,0.172,0.063,0.26,0.0,13,11,8,2.084
Fkbp11,0.172,-0.21,0.73,0.0702,13,8,8,-1.138
Socs5,0.172,0.144,0.243,0.0,13,12,8,0.139
Nphp4,0.172,-0.12,0.289,0.0001,10,7,6,0.81
Grid2,0.172,0.025,0.631,0.0952,11,10,6,-1.296
Tmem18,0.172,0.1,0.345,0.0021,12,11,7,-0.236
Ufsp1,0.172,0.069,0.247,0.0,13,12,8,1.617
Cyb561,0.172,0.112,0.275,0.0005,12,12,8,1.599
Slc41a2,0.172,0.099,0.32,0.0002,13,12,8,1.412
Rnf150,0.172,0.006,0.203,0.0,12,9,7,1.087
Cyp4x1,0.171,0.091,0.465,0.0109,12,11,7,2.163
Slc9a8,0.171,0.046,0.236,0.0006,13,11,8,-0.076
Cnnm2,0.171,0.039,0.252,0.0,13,10,8,0.202
Dscam,0.171,0.068,0.347,0.0003,10,8,5,2.02
Tgfbrap1,0.171,0.081,0.32,0.0,13,10,8,-0.065
Xk,0.171,0.057,0.67,0.0587,11,9,7,1.647
Tmem164,0.171,0.08,0.297,0.0003,13,12,8,0.696
Prpf40b,0.171,0.065,0.253,0.0,13,11,8,0.459
Pcdh9,0.17,-0.062,0.219,0.0,13,9,8,0.165
Slc9a6,0.17,0.068,0.241,0.0,13,10,8,0.839
St3gal2,0.17,-0.008,0.246,0.0001,13,9,8,-0.127
Slc39a14,0.17,-0.032,0.339,0.0036,11,8,7,-0.666
Tbcd,0.17,0.073,0.224,0.0,13,11,8,0.65
Casp9,0.17,0.057,0.282,0.002,13,11,8,0.142
C77080,0.17,-0.018,0.362,0.0001,12,9,8,0.212
Nfya,0.169,-0.06,0.271,0.0,11,6,6,-0.813
Man2a1,0.169,0.082,0.342,0.001,12,10,7,0.442
Polg,0.168,-0.058,0.333,0.0003,13,9,8,-0.902
Hrh3,0.168,0.031,0.258,0.0004,10,8,6,1.455
Edem1,0.168,-0.052,0.294,0.0,13,8,8,-1.003
Atp13a2,0.168,0.077,0.352,0.0054,13,11,8,1.211
Chsy1,0.168,0.062,0.28,0.0011,11,9,7,-1.441
Cdc42bpa,0.168,0.088,0.206,0.0,13,10,8,0.261
Nfkbie,0.168,-0.116,0.689,0.026,10,7,6,-0.429
Zfp236,0.168,-0.137,0.262,0.0008,12,8,8,-0.389
Nckipsd,0.168,-0.009,0.275,0.001,13,8,8,0.46
Syp,0.167,0.15,0.297,0.0,13,13,8,2.091
Stxbp1,0.167,0.05,0.189,0.0,13,11,8,1.875
Angptl2,0.167,-0.347,0.537,0.0746,11,6,6,-3.729
Usp35,0.167,-0.065,0.237,0.0,12,8,8,1.117
Ssh1,0.167,0.062,0.282,0.0,12,10,7,-0.307
Atg9a,0.167,0.01,0.248,0.0,12,10,7,0.481
Spock2,0.167,0.043,0.218,0.0,13,11,8,1.643
Pkd1,0.167,0.015,0.302,0.0,11,10,6,-0.361
Slc7a14,0.167,0.094,0.271,0.0,13,12,8,1.953
Aars2,0.167,0.019,0.392,0.011,13,10,8,0.334
Rrp12,0.166,0.076,0.201,0.0,12,11,7,0.609
Ttc38,0.166,0.058,0.357,0.0028,11,10,7,-0.776
Trpm4,0.166,0.007,0.3,0.0001,12,10,7,0.477
Zfp280b,0.166,0.075,0.304,0.002,11,10,7,0.537
Tmem91,0.166,-0.295,0.349,0.0187,10,6,6,1.561
Tecpr1,0.165,0.086,0.238,0.0,13,12,8,0.129
Acaca,0.165,0.126,0.221,0.0,13,11,8,0.271
Exog,0.165,-0.146,0.222,0.0,13,8,8,0.796
Susd6,0.165,-0.038,0.332,0.0007,11,8,6,-1.045
Ngfr,0.165,-0.027,0.344,0.0003,13,8,8,0.479
Tbc1d14,0.165,-0.089,0.192,0.0,13,9,8,0.222
Med24,0.165,0.006,0.246,0.0,13,10,8,0.349
Tnk2,0.165,-0.064,0.267,0.0,13,9,8,0.263
Fem1a,0.164,0.071,0.21,0.0,13,12,8,0.428
Cep170b,0.164,-0.022,0.252,0.0,12,9,7,1.398
Apba1,0.164,0.035,0.181,0.0,13,10,8,1.592
Kcnh2,0.164,-0.136,0.263,0.0,13,8,8,0.039
Scamp1,0.164,-0.042,0.244,0.0,13,8,8,1.225
Mgat3,0.164,0.069,0.266,0.0072,13,10,8,0.126
Adora1,0.163,-0.4,0.41,0.0515,10,6,7,0.827
Dgkh,0.163,-0.037,0.446,0.023,12,9,8,0.621
Gm16638,0.163,0.024,0.325,0.0,11,9,6,0.419
Kdm4a,0.163,-0.09,0.209,0.0,13,9,8,-0.249
Qsox2,0.163,0.048,0.317,0.0,13,10,8,-0.264
Pstpip1,0.163,-0.048,0.691,0.1786,12,8,8,0.54
Tnfrsf21,0.163,-0.007,0.204,0.0,13,9,8,0.208
Shank1,0.163,0.093,0.249,0.0,13,11,8,1.369
Ambra1,0.163,-0.008,0.214,0.0,12,9,7,0.068
Ss18l1,0.163,0.072,0.245,0.0,13,10,8,1.052
Hgsnat,0.162,0.041,0.222,0.0,13,11,8,-0.652
Aqp11,0.162,-0.124,0.472,0.0251,12,7,7,0.849
Fam227a,0.162,-0.186,0.381,0.0051,10,7,6,0.043
Dnajc10,0.162,0.14,0.185,0.0,13,12,8,-0.401
Slc10a4,0.162,0.075,0.634,0.0797,10,9,5,1.789
Ndrg4,0.162,0.143,0.219,0.0,13,12,8,1.848
Cast,0.162,0.028,0.217,0.0,12,10,8,-1.03
Atp6v0a2,0.162,0.015,0.201,0.0,13,10,8,-1.524
Atf7ip,0.162,0.016,0.211,0.0,13,10,8,-0.756
Sgsm1,0.162,-0.025,0.282,0.0,13,9,8,1.934
Lrrc24,0.162,0.041,0.268,0.0,13,11,8,1.287
Apc2,0.162,0.018,0.242,0.0,13,10,8,1.251
Cluh,0.162,0.05,0.224,0.0,12,10,7,0.474
Bbs2,0.162,-0.046,0.444,0.0263,13,9,8,-0.24
Lrrn2,0.162,-0.01,0.29,0.0001,13,9,8,0.297
Kdm5a,0.161,-0.053,0.253,0.0,13,8,8,-0.799
Prdm15,0.161,-0.103,0.424,0.01,10,7,6,-0.23
Rcan3,0.161,0.123,0.307,0.0,13,13,8,1.259
Tapt1,0.161,0.009,0.253,0.0,13,10,8,-0.155
Pgbd5,0.161,-0.07,0.264,0.0,12,9,8,1.968
Rgmb,0.161,0.111,0.273,0.0,13,12,8,0.183
Rbl2,0.161,-0.011,0.352,0.0046,12,8,8,-0.758
Usp20,0.16,0.042,0.29,0.0,13,12,8,1.264
Efnb2,0.16,-0.305,0.233,0.0,11,8,7,0.186
Trak2,0.16,0.131,0.221,0.0,13,11,8,-0.249
Pcgf6,0.16,0.058,0.235,0.0,13,12,8,0.61
Arrb1,0.16,-0.12,0.217,0.0,13,9,8,0.065
Kctd7,0.16,0.033,0.269,0.0,12,10,7,0.557
Arnt2,0.16,-0.059,0.427,0.0175,12,8,7,0.129
Cntn1,0.16,-0.074,0.247,0.0016,13,9,8,1.471
Tbl2,0.16,-0.202,0.247,0.0038,11,7,7,-0.679
Kif1a,0.16,0.095,0.276,0.0,13,13,8,1.194
Sdc3,0.16,0.07,0.303,0.0,13,11,8,0.5
Micall1,0.16,0.04,0.246,0.0,13,11,8,-0.138
Rgp1,0.159,0.049,0.194,0.0002,13,11,8,0.181
Ippk,0.159,0.081,0.449,0.0303,13,12,8,-0.237
Slitrk1,0.159,-0.093,0.287,0.0,13,8,8,-0.131
Kcnq3,0.159,0.046,0.235,0.0038,13,10,8,1.683
Pitpnm3,0.159,0.059,0.707,0.0657,11,9,7,0.775
Lrfn1,0.159,0.071,0.323,0.0047,11,10,6,1.665
Chst11,0.158,0.015,0.321,0.0001,12,9,7,1.199
Rab27b,0.158,0.073,0.322,0.0022,13,11,8,1.963
Vwc2l,0.158,-0.007,0.66,0.0887,10,7,6,2.055
Miip,0.158,-0.052,0.273,0.0,13,8,8,-1.035
Nyap1,0.158,0.063,0.245,0.0,12,10,7,1.977
Mllt6,0.158,-0.116,0.244,0.0,12,9,7,-0.134
Shc2,0.158,0.015,0.207,0.0,13,10,8,1.824
Pex5l,0.158,0.074,0.236,0.0,13,10,8,-0.645
Dnm1,0.158,0.084,0.215,0.0001,13,11,8,1.618
Ablim3,0.157,0.042,0.426,0.0167,13,11,8,1.635
Cul2,0.157,0.078,0.228,0.0,13,11,8,0.723
Suox,0.157,0.014,0.286,0.0,12,9,7,0.295
Slc41a3,0.157,0.028,0.3,0.0,12,9,8,0.279
Xkr6,0.157,0.086,0.209,0.0027,13,10,8,0.901
Git1,0.157,0.023,0.19,0.0,13,10,8,-0.339
Eif2ak3,0.157,-0.023,0.198,0.0,12,9,8,-0.533
Mapkbp1,0.157,-0.243,0.242,0.0003,11,7,7,-0.418
Lmf1,0.156,-0.093,0.244,0.0,13,8,8,-0.448
Smpd4,0.156,-0.068,0.241,0.0,13,9,8,-0.223
Psd3,0.156,0.126,0.18,0.0001,13,11,8,-0.169
Atp6v0a1,0.156,0.093,0.192,0.0,13,12,8,1.331
Ntrk3,0.156,0.003,0.275,0.0006,13,10,8,0.147
Necab1,0.156,0.039,0.318,0.0002,13,10,8,1.375
Kcnb1,0.156,-0.035,0.194,0.0,13,9,8,1.835
Ern1,0.156,0.018,0.311,0.0056,10,8,6,-0.293
Klhl22,0.156,-0.029,0.204,0.0,13,8,8,0.366
Efr3a,0.156,0.037,0.253,0.0019,13,11,8,0.666
Plekha6,0.156,-0.017,0.288,0.0,13,9,8,1.718
Clcn5,0.155,0.053,0.419,0.0242,13,11,8,-0.113
Ero1lb,0.155,0.059,0.212,0.0,10,9,6,0.627
Icmt,0.155,0.034,0.365,0.023,13,10,8,0.55
Pacs2,0.155,0.046,0.236,0.0,13,10,8,0.179
6030458C11Rik,0.155,0.057,0.244,0.0,13,11,8,0.035
Sgsm2,0.155,0.045,0.218,0.0,13,11,8,0.53
Plppr4,0.154,0.018,0.301,0.0,11,10,6,2.072
Erich3,0.154,-0.211,0.299,0.0073,10,6,5,1.83
Dvl2,0.154,-0.14,0.253,0.0,12,8,7,-1.475
Slc2a8,0.154,0.007,0.231,0.0005,13,10,8,-0.357
Slc25a42,0.154,0.002,0.265,0.0001,11,9,7,-0.484
Atp1a3,0.154,0.131,0.297,0.0069,13,11,8,2.058
Pclo,0.154,0.074,0.187,0.0,13,10,8,1.958
Hdx,0.154,-0.057,0.194,0.0028,11,8,7,0.64
Def8,0.154,-0.002,0.19,0.0,13,9,8,0.929
Gns,0.154,0.071,0.199,0.0,13,12,8,-0.39
Mfn1,0.154,0.016,0.248,0.0,13,11,8,-0.024
Frmpd4,0.154,0.041,0.31,0.0034,11,9,7,1.553
Ttyh3,0.154,-0.055,0.196,0.0,12,7,7,0.2
Spred1,0.154,0.028,0.212,0.0012,13,11,8,-1.041
Dock4,0.154,-0.211,0.224,0.0,12,7,8,-0.001
Sfi1,0.154,-0.129,0.218,0.0008,13,9,8,-0.321
Zbtb26,0.154,0.001,0.192,0.0001,10,8,6,-0.213
Zyg11b,0.154,0.066,0.219,0.0,13,11,8,1.165
Fam57a,0.154,0.032,0.235,0.0011,11,9,6,0.479
Hyou1,0.154,-0.049,0.232,0.0,12,8,8,-0.102
Hsd17b4,0.154,0.066,0.216,0.0,13,11,8,-1.431
Cd99l2,0.154,0.043,0.255,0.0,13,11,8,0.468
Klf8,0.154,-0.081,0.362,0.0029,11,7,7,1.024
2410131K14Rik,0.153,-0.037,0.313,0.0,12,8,7,1.016
Chl1,0.153,-0.112,0.231,0.0,13,8,8,0.353
Pnpt1,0.153,0.019,0.182,0.0,13,10,8,-0.226
Dysf,0.153,-0.042,0.296,0.0008,12,8,8,0.469
Madd,0.153,0.125,0.187,0.0,13,12,8,1.735
Mtmr9,0.153,0.067,0.228,0.0,13,10,8,0.942
Nmnat2,0.152,0.098,0.257,0.0,13,12,8,1.438
Ilvbl,0.152,0.011,0.302,0.0,13,10,8,-0.493
Hk1,0.152,0.092,0.204,0.0,13,13,8,1.376
Fbxl18,0.152,0.062,0.259,0.0,12,10,7,0.325
Zfp827,0.152,-0.126,0.177,0.0,13,9,8,1.279
Hcn3,0.152,0.066,0.239,0.0,13,11,8,1.716
Ppp6r1,0.152,0.082,0.253,0.0,13,11,8,0.099
Sh3bgr,0.152,-0.207,0.711,0.115,12,8,8,0.472
Elovl4,0.152,0.043,0.373,0.0011,13,12,8,1.75
Rapgef2,0.152,0.039,0.25,0.0,13,11,8,-0.266
Chml,0.152,-0.078,0.284,0.0,12,9,8,0.96
Slc35d1,0.151,-0.257,0.286,0.0,12,9,8,-0.973
Akap1,0.151,-0.018,0.248,0.0003,13,9,8,0.242
Tbk1,0.151,-0.025,0.191,0.0,13,9,8,0.009
Nhsl2,0.151,-0.108,0.416,0.0136,11,7,6,0.095
Atp8a1,0.151,0.049,0.211,0.0,13,11,8,0.3
Fndc5,0.151,-0.11,0.378,0.0047,13,9,8,-0.227
Ssr1,0.151,0.012,0.224,0.0,13,10,8,-0.968
Zdhhc15,0.151,-0.219,0.393,0.0011,12,7,7,0.343
Sppl2a,0.151,-0.18,0.232,0.0,12,9,7,-0.599
Zcchc4,0.151,-0.035,0.266,0.0,12,8,7,-0.111
Fst,0.151,-0.572,0.328,0.0025,12,7,7,0.546
Ptprf,0.151,0.041,0.164,0.0,13,11,8,-0.196
Ctnnd2,0.151,0.103,0.295,0.0,13,11,8,0.127
Fam171b,0.151,0.019,0.275,0.0,13,12,8,1.621
Sorl1,0.151,-0.133,0.317,0.0,13,8,8,1.068
Abcc1,0.151,-0.003,0.274,0.0,13,9,8,0.812
Ep300,0.151,0.069,0.239,0.0,13,10,8,-0.545
Jag2,0.151,0.096,0.418,0.017,12,12,8,0.847
Atrnl1,0.151,0.037,0.342,0.0,13,10,8,0.876
Mvb12b,0.151,0.072,0.299,0.0,12,11,7,-0.109
Pex5,0.151,-0.003,0.395,0.0069,13,9,8,0.031
Bcl2l1,0.15,0.026,0.213,0.0,13,11,8,0.325
Lpcat2,0.15,-0.056,0.387,0.0133,10,7,7,-2.932
Lins1,0.15,-0.04,0.346,0.0001,10,7,5,0.099
Naa25,0.15,-0.051,0.249,0.0,13,8,8,0.913
Dolpp1,0.15,-0.022,0.215,0.0,13,8,8,0.403
Slc35e1,0.15,-0.009,0.212,0.0,13,9,8,0.123
Rccd1,0.15,-0.176,0.388,0.0388,10,7,6,-1.416
Ube3b,0.15,0.046,0.35,0.0136,13,10,8,0.098
Megf8,0.15,0.035,0.299,0.0047,13,10,8,0.541
Osbpl6,0.149,-0.065,0.175,0.0,13,9,8,1.031
Map3k9,0.149,0.052,0.31,0.0001,11,11,7,1.737
Celsr3,0.149,0.011,0.231,0.0,12,10,7,1.752
Faf2,0.149,0.065,0.21,0.0,13,11,8,-0.1
Dgkq,0.149,0.01,0.343,0.0003,12,9,7,0.501
Rhobtb1,0.149,-0.095,0.413,0.0194,10,6,5,-0.092
Arnt,0.149,0.092,0.331,0.0006,12,10,7,-1.021
Sgpp1,0.149,0.101,0.238,0.0,13,11,8,0.05
Agap3,0.149,0.101,0.166,0.0,13,13,8,0.803
Lrrn3,0.149,-0.064,0.195,0.0,13,7,8,0.13
Gabbr1,0.149,0.046,0.203,0.0,13,12,8,1.184
Adcy9,0.148,0.069,0.388,0.0172,12,11,8,0.489
Irgq,0.148,0.049,0.228,0.0,13,10,8,1.372
Tm9sf1,0.148,-0.137,0.278,0.0,11,8,6,-1.479
Socs7,0.148,-0.253,0.257,0.0,12,9,7,0.282
Mfsd10,0.148,0.044,0.215,0.0,13,10,8,-0.718
Daglb,0.148,-0.162,0.376,0.0093,13,8,8,0.192
Kcnc3,0.148,0.06,0.43,0.0197,12,10,7,1.499
Cdipt,0.148,0.069,0.182,0.0,13,13,8,0.81
Rnf103,0.148,0.058,0.16,0.0,13,10,8,0.151
Snx14,0.148,0.031,0.264,0.0,13,11,8,0.254
Dnajc18,0.148,0.091,0.235,0.0,13,12,8,0.341
Efhc2,0.148,0.042,0.484,0.025,11,9,7,1.702
Nol9,0.148,-0.078,0.306,0.0,12,8,7,-0.151
Tmem201,0.148,-0.096,0.282,0.0,12,9,7,0.308
S100pbp,0.148,-0.025,0.179,0.0,11,8,6,0.679
Nr2c1,0.148,-0.176,0.256,0.0,12,7,7,-0.358
Slc22a17,0.148,0.037,0.17,0.0,13,10,8,0.339
Trim68,0.148,0.013,0.383,0.0022,12,10,7,0.527
Gls2,0.147,-0.108,0.424,0.0297,11,7,7,1.382
Fam8a1,0.147,0.044,0.252,0.0,11,9,6,0.513
Tti1,0.147,-0.317,0.226,0.002,11,7,6,0.399
Ttc7b,0.147,0.081,0.383,0.0012,13,13,8,0.97
Phf24,0.147,0.002,0.321,0.0,11,9,6,1.935
B230312C02Rik,0.147,-0.072,0.39,0.0256,11,6,7,1.255
Lrp12,0.147,0.051,0.236,0.0,13,10,8,0.937
Frrs1l,0.147,0.051,0.257,0.0001,12,11,7,1.758
Limk2,0.147,0.061,0.216,0.0,13,10,8,0.879
Tbc1d30,0.147,0.023,0.239,0.0,12,10,8,1.943
Lpcat4,0.147,-0.061,0.337,0.0,13,8,8,1.327
Hps6,0.147,-0.068,0.408,0.0084,11,8,6,0.376
Dhx57,0.147,0.119,0.256,0.0,13,12,8,0.861
Adpgk,0.147,-0.007,0.304,0.0,13,9,8,-0.617
Sema6d,0.147,0.005,0.179,0.0,13,10,8,-0.046
Dner,0.146,0.024,0.287,0.0,13,11,8,2.018
Slc8a3,0.146,0.022,0.311,0.0,12,9,8,1.73
Htr3b,0.146,0.009,0.519,0.0127,12,9,7,1.2
Vat1l,0.146,0.091,0.284,0.0018,13,12,8,1.962
Slc12a6,0.146,0.037,0.181,0.0,13,10,8,0.391
Wdfy2,0.146,0.103,0.262,0.0012,11,10,7,-0.747
Herc3,0.146,0.083,0.217,0.0,13,10,8,1.731
Tmcc2,0.146,0.033,0.232,0.0,13,10,8,1.393
Abcb9,0.146,0.036,0.29,0.005,13,11,8,0.89
D130043K22Rik,0.146,-0.125,0.424,0.0003,12,9,8,2.136
Clip2,0.146,0.004,0.204,0.0,12,9,7,0.186
Alas1,0.145,-0.081,0.26,0.0,13,7,8,-0.116
Plbd2,0.145,0.033,0.24,0.0,13,13,8,-0.529
Zc3h4,0.145,0.026,0.263,0.0002,12,10,7,-0.54
Clcn6,0.145,0.071,0.25,0.0,12,10,7,0.366
Sprn,0.145,0.007,0.161,0.0,13,10,8,2.152
Epb41l4b,0.145,-0.074,0.255,0.0,11,8,6,-1.274
Nuak1,0.145,0.01,0.249,0.0,12,10,7,-0.196
Kcnk10,0.145,-0.037,0.262,0.0,13,8,8,1.748
Samd5,0.145,-0.046,0.411,0.0073,12,9,8,-1.813
Sbf2,0.145,0.01,0.21,0.0,13,10,8,-0.221
Nrip3,0.145,-0.052,0.269,0.0065,13,8,8,1.838
Dock9,0.144,-0.084,0.361,0.0039,12,8,8,-1.541
Abcg4,0.144,0.1,0.251,0.0,13,12,8,1.295
Trim23,0.144,0.067,0.22,0.0,13,11,8,0.385
Wdr44,0.144,0.022,0.338,0.0115,13,10,8,0.318
Fam78b,0.144,0.017,0.324,0.0055,13,10,8,0.531
Clasp1,0.144,0.026,0.185,0.0,13,11,8,0.539
Zcchc12,0.144,0.006,0.268,0.0,12,9,7,1.984
Ggta1,0.144,-0.163,0.275,0.0,10,7,6,-1.027
Entpd3,0.144,-0.013,0.358,0.0108,13,9,8,1.615
Pigb,0.144,0.087,0.289,0.0004,13,11,8,0.261
Rasgrf2,0.144,0.004,0.382,0.0448,13,10,8,1.602
Ank,0.144,0.076,0.254,0.0,13,12,8,0.109
Zfp281,0.144,0.027,0.204,0.0,13,10,8,-0.863
Cnksr2,0.144,0.068,0.194,0.0,12,11,8,0.837
Erc1,0.144,0.086,0.218,0.0,13,13,8,0.715
Zfp598,0.144,0.02,0.195,0.0,13,11,8,-0.273
Csdc2,0.144,-0.007,0.304,0.0,13,9,8,0.448
Mthfr,0.143,0.016,0.196,0.0001,11,9,7,-0.576
Orai2,0.143,-0.01,0.323,0.0,11,8,6,0.963
Map1a,0.143,0.098,0.193,0.0,12,11,7,0.833
A330102I10Rik,0.143,-0.166,0.26,0.0,13,7,8,2.329
Ccdc149,0.143,0.028,0.304,0.0004,12,10,7,0.866
Adam23,0.143,0.097,0.378,0.0061,13,13,8,-0.701
Rai1,0.143,0.074,0.169,0.0,13,12,8,0.292
Nqo1,0.143,-0.465,0.251,0.0007,10,8,6,-0.682
Pi4ka,0.142,0.03,0.216,0.0,13,10,8,0.48
Spata13,0.142,-0.063,0.373,0.0135,12,9,8,-0.716
Tmem259,0.142,0.13,0.277,0.0007,12,12,7,0.046
Kif3b,0.142,0.04,0.204,0.0,13,11,8,0.634
Zer1,0.142,0.049,0.213,0.0,13,12,8,0.511
Acp2,0.142,0.018,0.204,0.0,13,10,8,0.25
Ocrl,0.142,0.066,0.189,0.0,13,11,8,0.99
Idua,0.142,-0.472,0.271,0.0001,10,7,7,-0.132
Ssh2,0.142,0.095,0.202,0.0,13,13,8,0.27
Frmd4b,0.142,-0.099,0.224,0.0,13,8,8,0.391
Trim25,0.142,-0.039,0.203,0.0,13,9,8,0.155
Saraf,0.142,0.047,0.244,0.0,11,10,6,0.397
Utp14b,0.142,-0.027,0.258,0.0,11,8,7,-0.754
Ipo11,0.142,0.117,0.329,0.0,13,11,8,-0.051
Arid3a,0.142,0.005,0.237,0.0002,11,9,6,0.473
B630019K06Rik,0.142,-0.003,0.197,0.0,13,9,8,1.794
Nat8l,0.142,0.003,0.358,0.0104,13,10,8,0.57
Entpd7,0.141,-0.014,0.294,0.0,11,8,7,-0.402
Nfib,0.141,-0.074,0.354,0.0,13,8,8,-1.983
Zmym6,0.141,-0.056,0.288,0.0037,10,7,7,-0.228
Carf,0.141,-0.054,0.264,0.0,12,8,7,0.123
Rnf123,0.141,-0.131,0.257,0.0006,13,8,8,0.451
Zmat3,0.141,0.058,0.265,0.0,13,11,8,1.393
Mgat5,0.141,-0.002,0.323,0.003,12,9,7,0.994
Sec61a2,0.141,0.086,0.182,0.0,13,12,8,0.506
Mfn2,0.141,0.031,0.188,0.0,13,11,8,0.973
Cpt1a,0.141,0.007,0.209,0.0,13,10,8,0.297
Cep131,0.141,-0.11,0.336,0.0042,11,7,6,0.076
Arsa,0.141,-0.035,0.331,0.0004,13,9,8,-0.049
Faah,0.141,0.04,0.224,0.0,13,10,8,0.74
Usp31,0.141,0.085,0.208,0.0,13,12,8,0.95
Bsdc1,0.141,0.023,0.207,0.0,13,11,8,-0.177
Pacsin2,0.141,0.041,0.268,0.0,13,11,8,-0.816
Tmem106a,0.141,-0.12,0.375,0.017,13,9,8,-0.095
Slc43a2,0.141,-0.103,0.235,0.0,13,8,8,0.009
Cep250,0.141,0.04,0.227,0.0,12,11,7,-0.317
Tnks,0.14,0.075,0.196,0.0,13,11,8,0.692
Slc1a4,0.14,0.058,0.259,0.0,13,11,8,0.397
Kcnc4,0.14,0.07,0.256,0.0007,13,11,8,2.238
Pcdhb14,0.14,0.097,0.263,0.0139,11,9,7,0.245
Cdh2,0.14,0.112,0.227,0.0,13,11,8,-0.163
Creg2,0.14,0.006,0.232,0.0004,13,10,8,1.98
B4galt5,0.14,0.013,0.311,0.0004,13,11,8,1.1
Mfsd6,0.14,0.082,0.241,0.0,13,11,8,1.665
B4galnt4,0.14,0.019,0.205,0.0,11,9,7,1.902
Gse1,0.14,0.001,0.232,0.0,13,10,8,1.225
Elmo2,0.14,0.036,0.213,0.0,13,11,8,0.102
Zzef1,0.14,0.016,0.183,0.0,13,11,8,0.368
Rnf112,0.14,0.088,0.292,0.0,13,10,8,1.253
Slc25a36,0.14,0.059,0.225,0.0,13,11,8,-0.172
Lonp2,0.14,-0.035,0.205,0.0,13,9,8,0.073
Abl2,0.14,0.031,0.201,0.0044,13,10,8,0.394
Clgn,0.14,0.077,0.255,0.0,13,10,8,1.969
Usp32,0.14,0.051,0.209,0.0,13,13,8,0.442
Hpcal4,0.14,0.064,0.185,0.0,13,10,8,1.775
Herc6,0.139,-0.138,0.493,0.0823,10,7,7,-1.611
Adcy6,0.139,-0.186,0.227,0.0,12,8,7,-0.259
Gna12,0.139,0.038,0.231,0.0,12,11,7,0.024
Cldn12,0.139,-0.233,0.24,0.0002,11,7,7,-0.386
Tcf20,0.139,-0.051,0.176,0.0,13,9,8,0.165
Dlg4,0.139,0.026,0.258,0.0,12,10,7,1.162
Slc26a11,0.139,-0.815,0.232,0.0022,10,6,7,-0.912
Cobl,0.139,0.091,0.209,0.0,13,11,8,0.681
Ogfod1,0.139,0.103,0.187,0.0003,12,12,8,0.571
Zxdb,0.139,-0.09,0.356,0.0002,11,7,7,-0.107
Slc4a8,0.139,0.113,0.197,0.0,13,11,8,1.643
Fam163a,0.139,-0.004,0.298,0.0007,10,8,5,1.794
Cplx2,0.139,0.029,0.163,0.0,13,10,8,0.898
Tub,0.139,0.054,0.185,0.0,13,11,8,2.08
Ndrg3,0.138,0.094,0.192,0.0,13,12,8,0.81
Trim2,0.138,0.037,0.187,0.0,13,12,8,0.119
Mlxip,0.138,-0.342,0.327,0.0015,13,8,8,-0.363
Adamts10,0.138,-0.144,0.226,0.0,11,8,6,-0.753
Psd,0.138,0.058,0.307,0.0002,12,12,7,1.865
Gpr162,0.138,-0.004,0.336,0.0002,11,7,6,1.944
Pik3cb,0.138,0.019,0.279,0.0,12,10,8,0.861
Slc16a6,0.138,-0.032,0.496,0.1415,10,7,6,-0.033
Grin1,0.138,0.013,0.248,0.0,13,10,8,1.632
Abcb7,0.138,-0.326,0.196,0.0,12,7,7,0.211
Mark2,0.138,0.071,0.17,0.0,13,11,8,-0.019
Slc16a1,0.138,-0.014,0.274,0.0,13,9,8,-0.529
Ppfia3,0.138,-0.046,0.211,0.0,13,9,8,1.45
Ctnna2,0.138,-0.008,0.283,0.0,13,9,8,1.752
Htt,0.138,0.093,0.257,0.0,13,12,8,0.232
Dbn1,0.138,-0.02,0.154,0.0,13,9,8,0.414
Arfip1,0.138,-0.05,0.175,0.0,13,8,8,-1.805
Rasd2,0.138,-0.041,0.27,0.0009,12,8,7,1.865
Spef1,0.138,0.075,0.306,0.0,12,10,7,-0.086
Ankrd52,0.138,-0.083,0.493,0.0241,12,8,8,0.088
Otud5,0.138,-0.017,0.201,0.0,13,8,8,-0.344
Kcnab2,0.137,0.035,0.188,0.0,13,10,8,1.769
Gabrg2,0.137,-0.017,0.24,0.0113,13,9,8,1.909
Ccser2,0.137,0.067,0.262,0.0,12,10,7,-0.351
Aacs,0.137,0.056,0.304,0.0001,13,12,8,0.518
Slc38a9,0.137,0.047,0.21,0.0,13,11,8,-0.122
Zdhhc8,0.137,0.02,0.272,0.0,13,10,8,0.019
Fbxl17,0.137,0.066,0.183,0.0,13,12,8,0.435
Ppfibp2,0.137,0.016,0.327,0.0011,13,10,8,0.886
Mical3,0.137,0.032,0.29,0.0,13,13,8,0.013
Gk5,0.137,-0.067,0.264,0.0001,10,7,6,-0.702
Ppm1l,0.137,0.001,0.255,0.0,13,10,8,0.402
Map6,0.136,0.081,0.311,0.0,12,12,7,1.778
Zfp142,0.136,-0.367,0.295,0.001,12,8,8,-0.021
Cbarp,0.136,0.042,0.196,0.0001,11,10,6,1.702
Ubash3b,0.136,0.057,0.323,0.0001,13,12,8,1.68
Pde7a,0.136,-0.066,0.17,0.0,13,8,8,0.097
Dag1,0.136,-0.069,0.221,0.0,13,7,8,-2.238
Mogs,0.136,-0.185,0.223,0.0,12,7,8,-0.272
Psap,0.136,0.093,0.316,0.0001,13,12,8,-0.12
Zc3h7a,0.136,-0.053,0.253,0.0,13,9,8,-0.555
Samd4,0.136,0.087,0.311,0.0,12,10,7,-0.438
Gm43597,0.136,-0.636,0.245,0.0027,10,6,6,0.802
Parm1,0.136,-0.036,0.246,0.0,13,8,8,1.261
Rap1gap2,0.136,0.052,0.274,0.0,13,11,8,1.862
Tmem170b,0.136,0.001,0.249,0.0,13,10,8,0.585
Enpp5,0.136,0.081,0.267,0.0,13,12,8,0.317
Mink1,0.135,0.022,0.161,0.0,13,10,8,0.129
Flii,0.135,0.074,0.176,0.0,13,12,8,0.125
Fam199x,0.135,-0.089,0.198,0.0015,13,9,8,0.395
Usf3,0.135,-0.419,0.199,0.0,10,7,6,-0.546
Eif4g1,0.135,0.087,0.222,0.0,13,13,8,0.257
Myo1b,0.135,-0.372,0.274,0.0,13,7,8,-0.374
Slc35a4,0.135,0.019,0.215,0.0,13,10,8,-0.864
Lipa,0.135,-0.03,0.28,0.0,13,8,8,-1.003
Cdk5r2,0.135,0.039,0.17,0.0,13,11,8,1.873
Utp20,0.135,-0.178,0.23,0.0,11,7,7,-0.383
Cadm2,0.135,0.069,0.462,0.0401,13,11,8,0.677
Arfgef3,0.135,0.094,0.181,0.0,11,10,6,2.15
Tmem104,0.135,-0.104,0.274,0.0047,11,8,7,0.332
Hnmt,0.135,0.013,0.84,0.2835,11,10,7,0.53
Plppr2,0.135,0.072,0.219,0.0,11,10,6,1.557
Lmtk3,0.135,0.069,0.224,0.0,11,9,6,1.365
Arhgap22,0.135,-0.099,0.317,0.0,13,8,8,1.344
Speg,0.135,-0.038,0.253,0.0,12,9,7,-0.041
Mef2d,0.135,0.042,0.223,0.0,12,10,7,-0.061
Zfp512b,0.135,-0.01,0.208,0.0,11,8,6,0.561
Pld5,0.135,0.028,0.47,0.046,13,10,8,2.115
Anks1,0.135,0.072,0.349,0.0,13,11,8,-0.157
Fam168b,0.135,0.049,0.166,0.0,13,11,8,0.49
Zfp282,0.134,-0.056,0.262,0.0,12,9,7,0.178
Dnajc16,0.134,-0.379,0.284,0.0,11,7,7,0.124
Ddx31,0.134,0.084,0.157,0.0,12,10,8,0.168
Arfgap2,0.134,0.01,0.176,0.0,13,10,8,-0.733
Mtmr4,0.134,0.081,0.164,0.0,13,10,8,0.937
Magee1,0.134,-0.019,0.245,0.0,13,9,8,1.466
Plxnc1,0.134,0.071,0.349,0.011,13,11,8,1.371
Vps13d,0.134,0.038,0.268,0.0,13,11,8,0.01
Dact3,0.134,-0.018,0.17,0.0,13,9,8,0.32
Camk2g,0.134,0.028,0.177,0.0,13,10,8,0.583
C2cd5,0.134,-0.031,0.244,0.0,12,9,7,0.892
Extl3,0.134,0.025,0.16,0.0,13,10,8,-0.23
Apmap,0.134,-0.05,0.218,0.0,12,7,7,-0.195
Med15,0.134,0.002,0.183,0.0,13,10,8,-0.225
Scaf1,0.134,-0.001,0.208,0.0,12,9,7,0.1
Slc30a9,0.134,0.069,0.2,0.0,13,12,8,0.672
Kpna6,0.134,0.029,0.178,0.0,13,10,8,0.378
Gnal,0.134,-0.008,0.297,0.0018,12,9,8,2.075
Gbf1,0.133,0.03,0.225,0.0,13,10,8,0.133
D5Ertd579e,0.133,0.057,0.193,0.0,13,11,8,0.239
Scamp5,0.133,0.101,0.215,0.0,13,11,8,0.505
E2f3,0.133,0.025,0.276,0.0,10,8,6,-0.025
March6,0.133,0.033,0.254,0.0,11,10,6,0.864
Mturn,0.133,0.0,0.259,0.0,11,9,6,1.313
Rps6ka3,0.133,-0.148,0.212,0.0,13,8,8,-0.9
Abca7,0.133,0.069,0.239,0.0043,13,11,8,1.173
Tspan9,0.133,-0.194,0.462,0.0254,11,8,6,-0.536
Rapgef5,0.133,-0.006,0.191,0.0002,10,7,6,-0.258
Scyl1,0.133,0.028,0.223,0.0,13,10,8,-0.188
Ppp3cc,0.132,0.069,0.312,0.0,13,12,8,0.27
Pikfyve,0.132,0.108,0.219,0.0,13,12,8,-0.131
Snhg11,0.132,0.076,0.182,0.0,13,13,8,1.477
Slc22a23,0.132,-0.303,0.319,0.003,10,6,6,-2.009
Kmt2d,0.132,0.049,0.233,0.0,11,9,6,-0.314
Zfp592,0.132,-0.046,0.179,0.0,13,9,8,-0.181
Cdc14b,0.132,0.059,0.205,0.0,13,10,8,0.218
Unc13a,0.132,0.059,0.314,0.0,13,12,8,1.693
Gbp7,0.132,-0.337,0.52,0.018,12,7,8,-2.295
Alg8,0.132,-0.026,0.483,0.0209,10,7,6,-1.111
Efna5,0.132,0.025,0.238,0.0,13,10,8,1.273
Ric3,0.132,0.057,0.241,0.0,13,10,8,1.827
Gpr137,0.132,0.058,0.313,0.0,13,11,8,0.413
Tle3,0.132,-0.319,0.455,0.0469,10,6,5,-2.217
Polr3e,0.132,0.04,0.198,0.0007,13,11,8,-0.235
Hcn2,0.131,-0.089,0.218,0.0,13,9,8,0.507
Nfe2l1,0.131,0.089,0.154,0.0,13,11,8,0.374
Scn2b,0.131,-0.059,0.267,0.0,13,9,8,1.84
Dpy19l4,0.131,-0.161,0.2,0.0004,13,9,8,-0.154
Mtm1,0.131,-0.015,0.169,0.0,13,9,8,-0.093
Pitpnm2,0.131,-0.028,0.196,0.0,13,9,8,1.121
Phactr2,0.131,0.109,0.159,0.0,13,11,8,0.014
Minpp1,0.131,-0.075,0.204,0.0,13,8,8,0.308
Depdc5,0.131,-0.012,0.192,0.0,13,9,8,0.243
Ncoa2,0.131,0.077,0.189,0.0,13,12,8,-0.008
Itfg1,0.131,0.025,0.194,0.0,13,11,8,0.359
Lrrc75b,0.131,0.026,0.248,0.0,11,9,6,1.083
Elovl5,0.131,0.039,0.241,0.0008,13,12,8,-0.239
Clstn2,0.131,-0.283,0.328,0.0001,11,7,7,1.06
Syt7,0.131,-0.041,0.193,0.0,12,8,7,1.626
Prkaa1,0.131,-0.04,0.158,0.0,13,9,8,0.732
Ppm1e,0.131,-0.295,0.191,0.0,12,7,7,1.862
Appbp2,0.13,0.031,0.212,0.0,13,12,8,-0.2
Brat1,0.13,-0.097,0.258,0.0002,11,7,6,0.246
Prune2,0.13,0.082,0.237,0.002,13,12,8,1.563
C2cd2l,0.13,0.072,0.226,0.0,13,11,8,1.298
Lpgat1,0.13,0.044,0.175,0.0,13,13,8,1.051
Lrp11,0.13,0.02,0.226,0.0,13,11,8,2.04
Tmem179,0.13,0.061,0.215,0.0,13,11,8,1.897
Aco1,0.13,0.003,0.188,0.0,13,10,8,-0.978
Maob,0.13,-0.09,0.337,0.0,11,8,6,1.387
Enpp4,0.13,0.066,0.218,0.0001,13,11,8,0.172
Chrnb4,0.129,0.093,0.315,0.0012,10,9,5,1.943
Hspa12a,0.129,0.007,0.192,0.0,12,10,8,-0.043
Inpp5j,0.129,0.011,0.241,0.0015,13,10,8,1.926
Zfp748,0.129,0.026,0.235,0.0004,10,8,6,-0.199
Reep1,0.129,0.067,0.237,0.0,13,11,8,1.842
Zdhhc13,0.129,-0.175,0.254,0.0,12,8,7,0.426
Edc4,0.129,-0.133,0.325,0.0018,13,8,8,-0.163
Drp2,0.129,-0.229,0.374,0.0048,11,7,8,-0.353
Rabgap1l,0.129,0.044,0.209,0.0,13,11,8,1.065
Trpc1,0.129,0.085,0.195,0.0,13,11,8,0.408
Dpy19l3,0.129,-0.023,0.389,0.0125,10,7,6,-0.104
Tecpr2,0.129,-0.121,0.158,0.0,13,9,8,0.771
Tmem151b,0.129,0.067,0.197,0.0016,13,11,8,2.091
P4htm,0.129,0.015,0.21,0.0,13,10,8,0.802
Cpsf4,0.129,-0.802,0.234,0.0,11,7,6,-0.684
Pnpla6,0.129,0.032,0.309,0.0054,13,12,8,0.49
Wdr11,0.129,0.076,0.216,0.0,13,10,8,0.292
Tmem151a,0.129,0.039,0.232,0.0,13,12,8,1.883
Uxs1,0.129,-0.018,0.212,0.0,13,9,8,-0.087
Kcna2,0.129,-0.097,0.271,0.0,12,8,8,-2.565
Nat10,0.129,-0.193,0.371,0.0068,13,9,8,-0.112
Slc38a6,0.128,-0.145,0.311,0.0013,11,7,7,-0.297
Tmtc3,0.128,-0.182,0.214,0.0,13,9,8,-0.87
Vstm2l,0.128,0.042,0.247,0.0001,13,12,8,2.171
Sarm1,0.128,-0.001,0.2,0.0,13,9,8,1.947
Fam193b,0.128,-0.084,0.289,0.0008,13,8,8,-0.127
Ephb2,0.128,0.015,0.306,0.0001,12,10,7,-0.899
Mtmr2,0.128,-0.093,0.212,0.0,13,9,8,-0.488
Msrb2,0.128,-0.052,0.21,0.0,12,8,8,0.759
Kpna1,0.128,0.019,0.18,0.0,13,10,8,0.49
Npr2,0.128,-0.094,0.26,0.0,13,9,8,0.185
Slc7a7,0.128,-0.046,0.596,0.0373,12,8,7,-0.112
Kdm4c,0.128,0.011,0.201,0.0,13,10,8,-0.192
Emc1,0.128,-0.101,0.273,0.0,12,7,7,0.125
Olfml2b,0.128,-0.121,0.385,0.0146,12,6,7,-2.841
Glrb,0.128,0.033,0.245,0.0,13,12,8,1.35
Slc24a2,0.128,-0.194,0.293,0.0005,12,7,8,1.098
9530059O14Rik,0.128,0.096,0.187,0.0,13,11,8,1.691
Zfp276,0.128,-0.153,0.467,0.0206,11,6,7,-1.318
Fnbp1,0.128,0.042,0.15,0.0,13,11,8,0.239
Bap1,0.128,-0.025,0.217,0.0,13,9,8,0.497
Stx3,0.128,-0.076,0.18,0.0,13,9,8,0.595
Tspan8,0.128,0.014,0.398,0.0269,12,9,8,0.734
2610507B11Rik,0.127,-0.032,0.153,0.0,13,9,8,0.07
Edem3,0.127,-0.347,0.254,0.0,13,7,8,-0.029
Pkn1,0.127,0.032,0.172,0.0,13,11,8,-0.39
Ap2b1,0.127,0.04,0.168,0.0,13,10,8,0.827
Pacs1,0.127,0.056,0.153,0.0,13,10,8,0.105
Ankib1,0.127,0.034,0.198,0.0,13,11,8,0.198
Lactb2,0.127,-0.022,0.228,0.0,13,9,8,-0.591
Tbl1xr1,0.127,0.003,0.278,0.0,13,10,8,-0.17
Mmp24,0.127,-0.006,0.256,0.0,13,9,8,2.021
Cyp4f13,0.127,-0.035,0.267,0.0,13,8,8,-1.515
Plpp7,0.127,0.05,0.192,0.0,11,9,6,0.622
Ctxn2,0.127,0.006,0.555,0.1002,11,9,7,2.257
Ctif,0.127,-0.014,0.227,0.0,13,9,8,1.182
Clstn3,0.127,-0.026,0.31,0.0013,13,9,8,1.566
Atl3,0.127,0.042,0.24,0.0,13,10,8,-0.259
Erap1,0.127,-0.072,0.511,0.0254,11,8,7,-0.956
Clip4,0.127,0.059,0.354,0.0053,13,11,8,0.738
Dffa,0.127,-0.062,0.202,0.0,13,9,8,1.198
Csrnp3,0.127,0.058,0.178,0.0,13,12,8,1.998
Stx1b,0.127,-0.044,0.191,0.0,12,8,7,1.777
Prrc2b,0.127,0.073,0.157,0.0,13,11,8,0.653
Snx25,0.126,0.065,0.179,0.0,13,11,8,1.191
Asphd1,0.126,-0.027,0.309,0.0,12,7,7,1.718
Fam169a,0.126,0.043,0.275,0.0,13,10,8,1.911
Panx2,0.126,0.059,0.283,0.0005,13,11,8,1.878
Add2,0.126,0.07,0.155,0.0,13,11,8,1.914
Sun1,0.126,0.077,0.226,0.0,13,10,8,-0.531
Ankrd13c,0.126,0.076,0.2,0.0,13,11,8,0.174
Zfp507,0.126,-0.056,0.263,0.0,12,8,7,-0.259
Sfmbt1,0.126,-0.03,0.248,0.0,13,9,8,-0.086
Cabin1,0.126,-0.178,0.193,0.0,13,7,8,-0.416
Aldh3b1,0.126,-0.183,0.274,0.0034,11,7,7,-1.109
Ttc13,0.126,-0.049,0.26,0.0,13,9,8,0.397
Nipal3,0.126,-0.011,0.234,0.0,13,9,8,1.436
Tars2,0.126,0.048,0.142,0.0,13,11,8,0.536
Ranbp17,0.126,-0.294,0.402,0.0217,12,7,8,0.032
Acox1,0.126,0.08,0.164,0.0,13,12,8,0.029
Fut11,0.125,0.055,0.211,0.0,13,11,8,-0.252
Enc1,0.125,-0.044,0.186,0.0,11,7,7,0.394
Rasgef1b,0.125,-0.237,0.286,0.0,10,6,6,0.47
Ext2,0.125,-0.028,0.221,0.0,13,9,8,-1.117
Ptpn23,0.125,0.068,0.174,0.0,13,10,8,0.088
Nynrin,0.125,0.018,0.265,0.0044,12,11,7,0.365
Cnnm3,0.125,-0.031,0.231,0.0,12,9,7,-0.1
Phlpp2,0.125,-0.109,0.249,0.0,13,8,8,0.155
Zdhhc24,0.125,0.012,0.255,0.0,13,10,8,0.35
Ulk1,0.125,-0.03,0.273,0.0,13,9,8,0.541
Tmem138,0.125,0.068,0.191,0.0,11,10,6,-0.201
Hsf1,0.125,-0.026,0.212,0.0,13,9,8,-0.32
Rab40c,0.125,-0.034,0.312,0.0009,13,9,8,0.099
Pus10,0.125,-0.092,0.33,0.0088,12,7,8,-0.23
Acsf3,0.125,0.074,0.248,0.0,13,11,8,0.501
Rbsn,0.125,-0.106,0.168,0.0,11,8,6,0.012
Pitpnm1,0.124,0.075,0.272,0.0,13,11,8,1.084
Exd2,0.124,0.06,0.215,0.0,13,11,8,-0.061
Foxk1,0.124,-0.205,0.269,0.0,12,8,7,-0.153
Ncaph2,0.124,-0.038,0.151,0.0,13,9,8,-0.025
Zfx,0.124,-0.002,0.234,0.0,13,9,8,-0.94
Dubr,0.124,-0.007,0.199,0.0,11,8,6,0.419
Dpp9,0.124,0.065,0.17,0.0,13,12,8,0.193
Nckap5l,0.124,-0.036,0.177,0.0,10,7,6,-0.121
Gcc1,0.124,-0.047,0.249,0.0,11,8,7,-1.013
Dip2c,0.124,0.019,0.137,0.0,13,10,8,0.614
Tmem184c,0.123,0.039,0.184,0.0,13,11,8,0.455
Zw10,0.123,-0.16,0.207,0.0,13,8,8,-0.234
Slc7a4,0.123,-0.093,0.284,0.0,13,8,8,1.678
Os9,0.123,0.035,0.156,0.0,13,11,8,-0.477
Rfx1,0.123,-0.028,0.361,0.0222,12,9,7,-0.56
Stom,0.123,0.0,0.436,0.012,13,10,8,0.037
Arntl,0.123,-0.008,0.225,0.0027,13,9,8,-0.225
Uhrf1bp1l,0.123,0.009,0.224,0.0015,13,10,8,0.144
Hemk1,0.123,-0.005,0.375,0.0192,13,9,8,0.396
Hectd1,0.123,0.084,0.202,0.0,13,11,8,0.086
Gm10419,0.123,-0.035,0.187,0.0005,11,7,6,1.468
Thsd7a,0.123,0.027,0.248,0.0,13,10,8,1.183
Bmpr2,0.123,0.036,0.203,0.0,13,11,8,0.474
Uggt1,0.123,0.115,0.275,0.0001,13,10,8,0.036
Nudcd1,0.123,0.031,0.139,0.0,13,10,8,-0.032
Fbxo41,0.123,0.072,0.256,0.0,12,10,7,1.99
Grik2,0.123,-0.175,0.427,0.0122,12,8,8,-1.147
C2cd2,0.123,0.019,0.279,0.0,13,11,8,0.221
Meis1,0.123,0.084,0.294,0.0,13,13,8,1.103
Ptprs,0.123,0.057,0.241,0.0,13,11,8,0.234
Tbc1d9b,0.123,0.019,0.201,0.0,13,11,8,0.212
Pla2g6,0.123,-0.087,0.362,0.0022,13,7,8,0.799
Slc24a3,0.123,-0.032,0.52,0.0579,10,6,6,-0.494
Dnmt3a,0.123,0.035,0.207,0.0001,12,11,7,0.287
Pip4k2b,0.122,0.026,0.205,0.0,12,10,7,0.74
Gm4631,0.122,-0.109,0.391,0.0361,10,7,6,0.187
Amigo2,0.122,-0.055,0.243,0.0,12,8,7,0.349
Scn7a,0.122,-0.111,0.281,0.0027,13,9,8,-2.915
Akap6,0.122,0.084,0.191,0.0,13,12,8,1.772
Ampd2,0.122,-0.078,0.241,0.0,13,9,8,0.293
Slc25a25,0.122,0.036,0.195,0.0,13,11,8,0.242
Asxl2,0.122,-0.031,0.226,0.0,13,9,8,-0.646
B830012L14Rik,0.122,-0.006,0.257,0.0068,11,8,6,1.116
Ylpm1,0.122,0.048,0.236,0.0,13,11,8,0.169
Snx19,0.122,0.037,0.161,0.0,13,11,8,0.313
Mul1,0.122,-0.029,0.192,0.0,13,9,8,0.324
Ubr3,0.122,0.0,0.191,0.0,13,10,8,0.473
Uba6,0.122,0.01,0.153,0.0,13,10,8,0.729
Atm,0.122,0.047,0.175,0.0,13,10,8,0.146
Zfp287,0.122,0.039,0.208,0.0,13,11,8,0.55
Dclk1,0.122,0.097,0.191,0.0,13,11,8,1.068
Dmxl2,0.122,0.03,0.232,0.0,13,11,8,1.29
Fads3,0.122,0.05,0.404,0.0178,13,11,8,-0.072
Parp11,0.122,-0.142,0.168,0.0,13,9,8,0.563
Kcnb2,0.122,-0.123,0.204,0.0,13,9,8,2.333
Zfp52,0.122,-0.044,0.329,0.0032,10,7,6,-0.182
Fam102b,0.122,-0.014,0.352,0.0,13,9,8,1.449
Rtn4ip1,0.122,-0.089,0.274,0.0,13,8,8,0.957
Rnf157,0.121,-0.023,0.259,0.0,13,9,8,1.412
Pogz,0.121,0.01,0.268,0.0,13,10,8,-0.395
Adgrb2,0.121,-0.01,0.356,0.0011,11,8,6,1.04
Slmap,0.121,0.051,0.242,0.0,13,10,8,-1.013
Slc12a9,0.121,-0.177,0.262,0.0,12,7,7,-0.29
Ipo4,0.121,0.016,0.205,0.0,13,10,8,0.668
Ctnnal1,0.121,-0.068,0.298,0.0005,13,8,8,-3.828
Gm20300,0.121,0.062,0.214,0.0,11,9,7,0.66
Pstk,0.121,-0.024,0.233,0.0,13,8,8,-0.085
Vps11,0.121,-0.039,0.213,0.0,13,8,8,0.031
Syt11,0.121,0.054,0.156,0.0,13,12,8,1.252
Zcchc2,0.121,0.073,0.326,0.0,12,10,8,-0.044
Fam131a,0.121,-0.024,0.227,0.0,13,8,8,1.319
Tspan12,0.121,-0.283,0.28,0.0002,12,8,7,-0.672
Adcy5,0.121,-0.198,0.226,0.0,11,7,6,0.043
B4galt2,0.121,0.055,0.156,0.0,13,10,8,0.499
Angel1,0.121,-0.069,0.319,0.0007,10,6,6,0.488
Tmem38a,0.12,0.093,0.198,0.0,13,10,8,0.781
Aph1b,0.12,0.037,0.204,0.0,13,11,8,0.14
Ap3b1,0.12,-0.047,0.171,0.0,13,9,8,-0.441
1810055G02Rik,0.12,0.0,0.256,0.0,12,9,7,-0.916
Nhlrc1,0.12,-0.091,0.352,0.0072,12,7,7,0.094
Gls,0.12,0.018,0.156,0.0,13,11,8,0.257
Sirt7,0.12,0.018,0.206,0.0,13,11,8,-0.484
Slc38a7,0.12,0.082,0.276,0.0,13,12,8,0.395
Wasf3,0.12,-0.017,0.195,0.0,12,9,7,1.767
Adgrb3,0.12,0.032,0.276,0.0,11,9,6,0.223
Usp37,0.12,-0.207,0.18,0.0,13,7,8,-0.756
Larp4b,0.12,-0.019,0.175,0.0,13,9,8,0.228
Mapk8ip3,0.12,0.064,0.159,0.0,13,11,8,1.042
Tmem181a,0.12,0.009,0.181,0.0,13,11,8,0.39
Mapk8ip2,0.12,0.034,0.2,0.0,13,11,8,1.804
Dnal1,0.12,-0.026,0.272,0.0006,11,7,6,0.005
Bcl2l2,0.12,0.064,0.175,0.0,13,13,8,0.491
Syngr3,0.12,0.045,0.177,0.0,13,13,8,2.229
Slc4a10,0.12,-0.087,0.233,0.0001,11,7,7,1.338
BC005561,0.12,0.032,0.142,0.0,12,10,7,-0.77
Etv5,0.12,-0.009,0.259,0.0,13,9,8,0.2
Hecw1,0.12,0.012,0.17,0.0,13,11,8,2.195
Cdk14,0.12,0.044,0.438,0.0686,13,10,8,0.592
Reep5,0.12,0.02,0.194,0.0,13,11,8,0.909
Tanc2,0.12,0.04,0.161,0.0,13,11,8,1.024
Ophn1,0.12,0.002,0.391,0.029,13,10,8,-0.6
Dlg1,0.119,-0.108,0.278,0.0,12,8,7,-1.053
Itpripl2,0.119,-0.094,0.241,0.0,12,8,7,-0.311
Zdhhc14,0.119,0.034,0.193,0.0,13,10,8,1.005
Aars,0.119,0.053,0.164,0.0,13,11,8,0.402
Scn8a,0.119,0.027,0.145,0.0003,13,10,8,0.731
Esyt2,0.119,-0.064,0.203,0.0,13,9,8,-0.41
Itsn2,0.119,-0.131,0.211,0.0,13,8,8,-0.117
Eno2,0.119,-0.013,0.189,0.0,13,9,8,1.764
Nudt17,0.119,-0.022,0.305,0.0,13,9,8,1.464
Rapgef1,0.119,0.079,0.169,0.0,13,10,8,0.165
Map2,0.119,0.059,0.193,0.0,12,11,7,1.503
Elac1,0.119,-0.027,0.147,0.0,11,7,7,0.347
Slc30a4,0.119,-0.085,0.197,0.0,13,8,8,0.32
Diras1,0.119,0.023,0.186,0.0,13,11,8,1.801
Pcyox1,0.119,0.04,0.184,0.0,13,12,8,0.013
Phlpp1,0.119,-0.195,0.335,0.0,11,7,7,-1.156
Fam160a2,0.119,-0.033,0.18,0.0,13,8,8,0.151
Zswim8,0.119,-0.071,0.222,0.0,12,9,7,0.065
Sc5d,0.119,0.055,0.164,0.0,13,10,8,-0.048
Zfp40,0.119,0.065,0.216,0.0,13,10,8,0.651
Slc6a9,0.119,-0.764,0.634,0.051,11,7,6,-0.401
Pias4,0.118,0.02,0.214,0.0,13,10,8,-0.376
Coil,0.118,0.01,0.284,0.0,13,10,8,0.615
9330182L06Rik,0.118,0.025,0.214,0.0,12,10,7,1.615
Alg11,0.118,-0.176,0.214,0.0,13,9,8,0.43
Dcaf10,0.118,-0.031,0.21,0.0,13,9,8,-0.041
Spopl,0.118,0.023,0.188,0.0,13,10,8,-0.035
Elmo1,0.118,0.07,0.303,0.0,13,10,8,0.818
Snd1,0.118,-0.014,0.189,0.0,13,9,8,0.135
Fam120b,0.118,0.081,0.205,0.0,13,11,8,0.533
Sbf1,0.118,0.065,0.223,0.0,13,11,8,0.276
Plekha8,0.118,-0.069,0.221,0.0,11,7,7,-0.409
Dcaf7,0.118,0.005,0.151,0.0,13,10,8,0.499
Prkcb,0.118,-0.007,0.331,0.011,13,9,8,1.365
Alg3,0.118,0.06,0.194,0.0,13,11,8,0.367
Akap13,0.118,0.048,0.212,0.0,13,11,8,-0.126
Phldb1,0.118,0.02,0.195,0.0,12,10,7,-1.214
Ero1l,0.118,0.02,0.207,0.0,12,10,7,0.266
Ptpn21,0.118,-0.06,0.238,0.0001,11,7,7,-1.708
Cdc23,0.118,-0.055,0.18,0.0,12,8,7,-0.3
Trim67,0.118,0.056,0.186,0.0002,13,11,8,2.049
Cyth1,0.118,-0.084,0.167,0.0,13,8,8,0.192
Hsph1,0.118,-0.016,0.13,0.0,13,9,8,0.807
Rasl11b,0.118,-0.164,0.696,0.0542,11,7,7,-2.148
Lrrc3,0.118,-0.296,0.158,0.0,11,8,6,1.389
Grina,0.118,0.019,0.126,0.0,13,12,8,1.264
Ythdf3,0.118,-0.126,0.163,0.0,13,9,8,-0.196
Tmem25,0.118,0.043,0.171,0.0,13,10,8,0.871
Serpini1,0.118,-0.084,0.207,0.0043,13,9,8,1.65
Gm10516,0.117,-0.052,0.511,0.0134,11,8,7,1.136
Lpcat3,0.117,-0.061,0.291,0.0,13,9,8,-1.092
Scd2,0.117,0.109,0.146,0.0,13,12,8,-0.272
Lpin1,0.117,-0.021,0.16,0.0,13,9,8,0.559
Zfp35,0.117,-0.019,0.218,0.0,12,9,7,0.226
Entpd5,0.117,-0.152,0.344,0.0031,13,8,8,0.415
Nacc1,0.117,-0.032,0.13,0.0,13,9,8,-0.245
Exoc8,0.117,0.024,0.224,0.0,12,11,7,0.218
Celf6,0.117,0.053,0.177,0.0,11,10,6,2.06
Scaf8,0.117,0.073,0.176,0.0,13,11,8,-0.098
Pdgfa,0.117,0.071,0.181,0.0,13,11,8,-1.096
Sel1l,0.117,0.042,0.186,0.0,13,11,8,-0.453
Wnk3,0.117,-0.136,0.168,0.0,12,7,7,1.551
Slc1a1,0.117,0.04,0.168,0.0006,10,8,6,0.41
Agbl4,0.117,-0.24,0.602,0.1742,10,6,6,1.587
Ldlr,0.117,-0.023,0.317,0.003,13,9,8,-0.875
Dync1h1,0.117,0.07,0.305,0.0016,13,12,8,0.856
Mier3,0.117,-0.036,0.253,0.0016,13,9,8,-1.09
Npc1,0.117,-0.101,0.209,0.0,13,9,8,-1.541
Gemin5,0.117,-0.246,0.268,0.0,12,7,8,0.137
Samd8,0.116,0.008,0.224,0.0,13,11,8,0.022
Hdac9,0.116,-0.072,0.193,0.0022,13,8,8,0.577
Rubcn,0.116,0.004,0.203,0.0,11,9,6,0.229
Katnal1,0.116,0.018,0.177,0.0,13,11,8,1.021
Elp2,0.116,-0.005,0.14,0.0,13,8,8,0.622
Dhx8,0.116,-0.059,0.286,0.0,13,8,8,-0.382
Usp33,0.116,-0.032,0.225,0.0,13,9,8,0.46
Mapk14,0.116,-0.049,0.209,0.0,13,7,8,-0.303
Gys1,0.116,0.035,0.221,0.0,13,10,8,0.652
Atg2b,0.116,-0.216,0.24,0.0,13,8,8,0.315
Lhfpl4,0.116,0.059,0.342,0.0031,13,10,8,1.724
Lmbrd2,0.116,0.054,0.248,0.0,13,11,8,1.104
Lman2,0.116,-0.024,0.2,0.0,13,9,8,-1.488
Syt1,0.116,0.09,0.213,0.0003,13,12,8,2.336
Med12,0.116,-0.118,0.139,0.0,11,6,6,-0.86
Zfc3h1,0.116,0.022,0.161,0.0,13,10,8,-0.246
Gne,0.116,0.035,0.204,0.0,12,10,7,-0.333
Kdm2a,0.116,-0.038,0.159,0.0,13,9,8,-0.247
Aph1c,0.116,-0.07,0.238,0.0004,11,7,6,-0.337
Cpeb4,0.116,0.031,0.157,0.0,13,11,8,0.788
Vps26b,0.116,0.07,0.277,0.0,13,11,8,0.807
Dmtn,0.115,0.066,0.304,0.0,11,10,6,1.998
Prkar2a,0.115,0.021,0.141,0.0,13,12,8,1.006
Rrn3,0.115,-0.044,0.192,0.0,13,8,8,0.556
Eya1,0.115,-0.008,0.297,0.0,12,9,8,1.424
Nrg1,0.115,0.029,0.203,0.0009,13,10,8,1.667
Nt5dc3,0.115,0.042,0.13,0.0,13,11,8,1.194
Plec,0.115,0.072,0.144,0.0,13,12,8,0.184
Capn1,0.115,-0.026,0.188,0.0,13,9,8,0.435
Pfkp,0.115,0.03,0.216,0.0,13,10,8,1.442
Fbxo16,0.115,-0.097,0.186,0.0,12,8,7,0.599
Lars2,0.115,-0.126,0.188,0.0,13,8,8,-1.007
Fstl5,0.115,-0.046,0.254,0.0001,12,8,7,1.445
Arhgef40,0.115,-0.043,0.198,0.0,13,8,8,-1.225
Slc35e2,0.115,-0.227,0.197,0.0,11,8,7,-0.274
Vps33b,0.115,0.053,0.269,0.0006,13,10,8,0.3
Taz,0.115,-0.051,0.233,0.0,13,9,8,-0.218
Zfp318,0.115,-0.02,0.182,0.0,13,8,8,0.394
Dido1,0.115,0.027,0.181,0.0,13,10,8,-0.273
Bbs10,0.115,-0.075,0.839,0.0283,10,6,6,0.471
Synpo,0.114,-0.582,0.246,0.0,10,6,6,-1.413
Slc25a22,0.114,-0.02,0.161,0.0,13,9,8,1.351
Purg,0.114,-0.0,0.184,0.0,13,9,8,0.354
Picalm,0.114,0.029,0.19,0.0,13,11,8,-0.359
Fbxl4,0.114,-0.037,0.274,0.001,13,8,8,-0.42
Wdr19,0.114,-0.09,0.178,0.0,11,6,7,-0.073
Tom1l2,0.114,0.049,0.145,0.0,13,10,8,0.575
Far1,0.114,0.042,0.144,0.0,13,10,8,0.056
Setd7,0.114,-0.169,0.183,0.0,13,9,8,-0.072
Ube4a,0.114,-0.05,0.229,0.0,13,7,8,0.53
Cdk16,0.114,0.064,0.199,0.0,13,11,8,0.608
Oxsr1,0.114,0.059,0.236,0.0,13,12,8,0.039
Hook1,0.114,-0.167,0.208,0.0,12,7,7,1.871
Tmtc1,0.114,0.029,0.415,0.038,12,10,8,1.235
Sugp2,0.114,0.061,0.254,0.0,13,11,8,0.735
Cic,0.114,0.049,0.154,0.0,13,10,8,0.009
Zfp949,0.114,0.089,0.141,0.0,13,10,8,0.289
Fig4,0.114,0.049,0.22,0.0,13,10,8,0.158
Pgap3,0.114,-0.201,0.287,0.002,11,6,7,0.323
Slc37a1,0.113,0.072,0.18,0.0,12,10,8,1.136
Aak1,0.113,0.047,0.168,0.0,13,11,8,0.138
Camsap2,0.113,0.046,0.141,0.0,13,10,8,0.791
Bace1,0.113,0.006,0.184,0.0,13,11,8,0.494
Kif1b,0.113,0.09,0.252,0.0,13,11,8,0.903
Gm26614,0.113,-0.098,0.213,0.0,10,6,5,1.782
Cav2,0.113,-0.103,0.359,0.0002,12,7,7,-0.866
Plxna3,0.113,0.026,0.273,0.0,12,10,7,0.667
Dcun1d4,0.113,0.024,0.192,0.0,13,10,8,0.793
Susd5,0.113,0.014,0.278,0.0037,11,9,6,1.394
Urgcp,0.113,0.059,0.145,0.0,13,10,8,0.35
Atp2b2,0.113,-0.006,0.168,0.0,13,9,8,1.969
Acss2,0.113,0.049,0.173,0.0,13,10,8,0.143
Med17,0.113,-0.261,0.239,0.0,13,8,8,-0.824
Usp36,0.113,-0.138,0.34,0.0047,13,9,8,-0.357
Ndor1,0.113,-0.098,0.189,0.0,12,9,7,0.072
Hmgcr,0.113,0.036,0.154,0.0,13,11,8,0.291
Cyp46a1,0.113,-0.264,0.303,0.0001,12,7,8,1.49
Hecw2,0.113,-0.068,0.21,0.0,12,8,7,0.34
Ccar2,0.113,-0.107,0.309,0.0002,11,8,6,0.137
Mctp1,0.113,-0.033,0.522,0.0245,11,8,7,1.008
Prep,0.113,-0.004,0.133,0.0,13,9,8,0.341
Pdzd4,0.113,0.014,0.213,0.0001,12,10,7,1.353
Oplah,0.112,-0.038,0.221,0.0,13,8,8,0.611
Gfra2,0.112,-0.095,0.213,0.0002,12,8,7,-0.079
Tyw3,0.112,-0.05,0.385,0.0851,11,7,6,0.076
Ppp2r1b,0.112,0.019,0.172,0.0,12,9,7,0.014
Prmt3,0.112,-0.218,0.15,0.0,13,8,8,-0.011
Tef,0.112,0.032,0.212,0.0,13,10,8,-0.243
Stox2,0.112,0.046,0.179,0.0,13,11,8,0.367
Camsap1,0.112,-0.015,0.167,0.0,13,9,8,0.916
Exoc4,0.112,0.03,0.175,0.0,13,10,8,0.017
Zfp956,0.112,-0.011,0.511,0.0486,13,9,8,0.435
B4galt1,0.112,-0.165,0.264,0.0,13,7,8,-1.798
Lmf2,0.112,-0.134,0.156,0.0,13,8,8,-1.223
Mon1b,0.112,-0.041,0.281,0.0077,11,7,7,0.04
Atp1b1,0.112,0.019,0.344,0.0001,13,11,8,1.967
Dennd6b,0.111,0.037,0.311,0.0,12,10,7,1.062
Tut1,0.111,-0.026,0.185,0.0001,12,9,7,-0.174
Glg1,0.111,0.013,0.17,0.0,13,12,8,-0.179
Mgrn1,0.111,0.081,0.208,0.0,13,12,8,-0.397
Phyhipl,0.111,-0.024,0.196,0.0,13,8,8,1.981
Arhgef28,0.111,0.015,0.151,0.0,12,9,7,1.328
Ldhd,0.111,-0.227,0.25,0.0,12,8,8,0.435
Rnf121,0.111,-0.005,0.195,0.0,12,9,7,-0.585
Kifc2,0.111,-0.058,0.254,0.0,13,9,8,1.077
Myrip,0.111,-0.042,0.189,0.0015,12,8,7,1.701
Kcnmb4,0.111,-0.002,0.287,0.0,13,9,8,-0.976
Dpp6,0.111,0.035,0.175,0.0,13,11,8,1.96
Rras2,0.111,0.036,0.152,0.0,13,12,8,0.47
Smim10l2a,0.111,0.027,0.21,0.0,11,10,6,1.878
Prmt6,0.111,0.028,0.168,0.0,12,11,7,0.015
D430019H16Rik,0.111,0.047,0.222,0.0,12,10,7,1.497
Larp6,0.111,-0.049,0.176,0.0,12,9,7,1.187
Mdga2,0.111,-0.04,0.207,0.0,13,9,8,1.012
Ptprn2,0.111,-0.049,0.185,0.0,13,9,8,2.016
Dolk,0.111,-0.139,0.192,0.0,13,7,8,-0.185
Taf5l,0.111,-0.164,0.234,0.0,12,9,7,0.057
Lrrc3b,0.111,0.056,0.257,0.002,11,9,7,2.121
Sema4a,0.111,-0.086,0.323,0.0016,11,7,7,-0.797
Cacul1,0.111,0.027,0.176,0.0,12,9,7,0.533
Pomt2,0.111,-0.233,0.21,0.0,12,8,8,-0.522
Tmx2,0.111,0.006,0.213,0.0,13,11,8,0.909
Fbf1,0.111,-0.021,0.257,0.0,12,9,7,-0.14
Cntnap2,0.11,-0.053,0.245,0.0,13,7,8,2.026
Rc3h2,0.11,-0.054,0.213,0.0,13,9,8,0.215
Dpp3,0.11,0.058,0.296,0.0,13,12,8,0.608
Zbtb4,0.11,0.05,0.153,0.0,13,12,8,0.261
Unc80,0.11,0.02,0.195,0.0,13,10,8,1.512
Vamp1,0.11,-0.087,0.187,0.0,13,9,8,1.594
Zmpste24,0.11,-0.11,0.138,0.0,13,8,8,-0.322
Tcp11l1,0.11,-0.018,0.233,0.0,13,8,8,0.747
Mtus1,0.11,-0.042,0.133,0.0,13,9,8,0.955
Unc79,0.11,-0.49,0.236,0.0001,12,8,7,1.602
D630045J12Rik,0.11,0.016,0.223,0.0,13,10,8,0.129
Pip5k1c,0.11,0.079,0.137,0.0,13,11,8,0.83
Sall2,0.11,-0.196,0.249,0.0,11,6,6,0.252
Fam118b,0.11,-0.122,0.181,0.0,11,8,6,-0.458
Pigk,0.11,0.009,0.176,0.0,13,10,8,0.251
Cpsf1,0.11,-0.044,0.256,0.0,13,9,8,-0.04
Lrch1,0.11,-0.284,0.285,0.0,11,6,7,-1.337
Canx,0.11,0.059,0.201,0.0,13,11,8,0.091
Zfp523,0.109,0.049,0.18,0.0,13,11,8,0.005
Chst2,0.109,-0.319,0.418,0.0094,11,6,7,0.276
Fam222b,0.109,0.022,0.152,0.0,12,10,7,0.503
Olfm1,0.109,0.029,0.13,0.0,13,11,8,1.717
Tmem51,0.109,0.067,0.394,0.0072,11,9,7,0.162
Ppp4r4,0.109,-0.097,0.227,0.0052,11,7,7,0.554
Nus1,0.109,0.052,0.152,0.0,13,12,8,0.366
Coro2a,0.109,0.026,0.149,0.0,13,10,8,1.779
Nup133,0.109,-0.148,0.183,0.0,13,9,8,-0.208
Ndst1,0.109,-0.07,0.197,0.0,13,9,8,-0.399
Tmem67,0.109,-0.057,0.466,0.0178,12,7,7,-0.316
Cbl,0.109,0.042,0.137,0.0,13,11,8,0.144
Ascc1,0.109,-0.055,0.192,0.0,13,7,8,0.481
B4galt7,0.109,-0.159,0.207,0.0,11,6,6,0.119
Lss,0.109,-0.011,0.153,0.0,13,9,8,0.425
Ralgps2,0.109,0.004,0.155,0.0,13,10,8,0.763
Zcchc14,0.109,-0.032,0.184,0.0,13,9,8,0.322
Pccb,0.109,0.044,0.198,0.0,13,10,8,-0.039
Trappc8,0.109,-0.053,0.198,0.0,13,8,8,0.231
Iqsec1,0.109,-0.006,0.281,0.0,12,9,8,-0.169
Arl15,0.109,-0.055,0.239,0.0,12,7,8,-0.206
Snx7,0.109,-0.062,0.314,0.0007,13,7,8,0.1
Kctd20,0.109,0.005,0.134,0.0,13,10,8,0.519
Ncoa3,0.109,-0.027,0.209,0.0,13,9,8,-0.338
Slc6a8,0.109,-0.057,0.226,0.0,12,7,7,-1.168
Nckap1,0.109,0.061,0.189,0.0,13,10,8,0.74
Kcnd1,0.109,-0.097,0.384,0.0408,11,8,7,0.823
Tmem86a,0.109,0.041,0.131,0.0,13,10,8,-1.036
Pde4b,0.109,-0.031,0.245,0.0,13,9,8,0.127
Lrrc4c,0.109,-0.535,0.574,0.0437,11,8,7,-1.236
Plekhh1,0.109,0.024,0.52,0.0431,12,9,8,1.094
Rims4,0.109,-0.077,0.172,0.0,11,8,6,1.98
Trrap,0.109,0.06,0.179,0.0,13,11,8,-0.129
Srcin1,0.109,0.002,0.25,0.0,12,9,7,1.279
Ppip5k1,0.108,0.021,0.153,0.0,13,12,8,0.718
Alg10b,0.108,0.027,0.173,0.0,10,8,6,0.33
Nrxn1,0.108,0.061,0.152,0.0,13,10,8,1.918
Arhgef3,0.108,0.032,0.264,0.0,13,10,8,0.031
Ctdnep1,0.108,-0.019,0.214,0.0,13,9,8,-0.155
Lats1,0.108,0.042,0.175,0.0,13,11,8,-0.218
Exoc6b,0.108,0.021,0.155,0.0,13,10,8,0.182
Klf16,0.108,-0.038,0.228,0.0,11,8,6,0.274
Tnik,0.108,-0.217,0.174,0.0,13,9,8,0.565
Atxn7l3,0.108,0.056,0.243,0.0,13,10,8,0.466
Fam126b,0.108,0.012,0.159,0.0,13,10,8,0.115
Tlcd1,0.108,-0.001,0.469,0.0155,11,8,7,-2.283
Prex1,0.108,0.028,0.53,0.0522,10,9,6,-1.596
Cep78,0.108,0.055,0.228,0.0,12,10,7,-0.34
Tbccd1,0.108,-0.014,0.275,0.0,13,9,8,-0.176
Ankrd6,0.108,0.014,0.289,0.0,13,10,8,1.357
Spg7,0.108,-0.049,0.151,0.0,13,9,8,0.061
Syt5,0.108,0.001,0.229,0.0,12,10,7,2.243
Dhdds,0.108,-0.027,0.153,0.0,13,9,8,0.537
Bri3bp,0.108,-0.023,0.132,0.0,13,9,8,0.31
5330417C22Rik,0.108,-0.156,0.262,0.0015,12,8,7,1.841
Chst12,0.108,0.008,0.209,0.0,13,10,8,-0.23
Ralgps1,0.108,0.051,0.146,0.0,11,9,6,0.727
Fastk,0.108,0.015,0.239,0.0,13,10,8,0.274
Cbx6,0.108,0.061,0.195,0.0,13,13,8,0.775
Yipf6,0.107,0.078,0.248,0.0,13,12,8,-0.534
Abcb6,0.107,-0.118,0.336,0.0012,12,8,7,0.191
Slc45a4,0.107,-0.04,0.235,0.0,12,7,8,0.047
Smarcd2,0.107,-0.062,0.182,0.0,13,8,8,-0.506
Trappc9,0.107,0.005,0.189,0.0,13,10,8,0.448
Fam214a,0.107,-0.12,0.195,0.0,12,8,7,-0.032
Slc11a2,0.107,-0.003,0.213,0.0,13,8,8,-0.009
Fam219a,0.107,0.059,0.172,0.0,12,11,7,0.631
Atmin,0.107,0.003,0.21,0.0,13,10,8,0.88
Champ1,0.107,-0.042,0.382,0.001,10,7,5,0.288
Eif2s3y,0.107,-0.019,0.159,0.0,13,8,8,-0.525
Ttc14,0.107,-0.007,0.149,0.0,13,9,8,-0.462
Cep126,0.107,0.005,0.238,0.0,11,9,6,0.803
Anapc2,0.107,0.001,0.151,0.0,13,10,8,0.219
Dcun1d2,0.107,0.015,0.124,0.0,13,11,8,0.281
Gtf2h1,0.107,-0.019,0.171,0.0,13,9,8,-0.542
Hmgcs1,0.107,0.055,0.151,0.0,12,10,7,0.198
Serpinf1,0.107,-0.064,0.178,0.0,13,8,8,-0.776
Sema3c,0.107,-0.107,0.428,0.1314,13,8,8,-2.975
Wdr47,0.107,0.049,0.127,0.0,13,10,8,1.073
Unc5c,0.107,-0.107,0.254,0.0,13,7,8,1.963
Lonrf1,0.107,-0.054,0.132,0.0,13,9,8,0.044
Iffo2,0.107,-0.095,0.179,0.0003,10,6,6,-0.976
Tmem131,0.106,-0.058,0.195,0.0,13,8,8,-0.273
Clcn3,0.106,0.039,0.14,0.0,13,11,8,0.514
Slc39a13,0.106,-0.044,0.159,0.0,13,8,8,-0.502
Pacsin1,0.106,0.052,0.207,0.0,13,10,8,1.89
Usp21,0.106,-0.125,0.178,0.0,13,9,8,-0.524
Rab15,0.106,0.002,0.21,0.0,13,10,8,2.065
Vwa8,0.106,-0.273,0.234,0.0,12,8,7,0.171
Tns1,0.106,-0.131,0.303,0.0,13,7,8,-1.224
Tmem130,0.106,0.008,0.182,0.0,13,10,8,1.925
Nup93,0.106,-0.077,0.305,0.0,13,9,8,0.006
Pom121,0.106,-0.213,0.179,0.0,13,8,8,0.239
Rrbp1,0.106,-0.027,0.168,0.0,13,9,8,-1.828
Homer1,0.106,-0.018,0.186,0.0,13,9,8,-0.344
Slc20a1,0.106,-0.032,0.205,0.0,13,9,8,0.211
Car11,0.106,-0.016,0.226,0.0,13,9,8,0.61
Sptbn2,0.106,0.017,0.19,0.0,12,9,7,1.662
Gm12216,0.106,-0.14,0.317,0.0047,11,6,6,-3.251
Dnajc27,0.106,-0.043,0.265,0.0,13,7,8,1.0
Il10rb,0.106,-0.089,0.139,0.0,13,9,8,-1.417
Fmn1,0.106,0.003,0.242,0.0,12,9,8,1.65
Pvt1,0.106,-0.03,0.135,0.0,13,7,8,1.987
Zfp764,0.106,-0.442,0.338,0.0306,10,7,5,-0.14
Sap130,0.106,-0.082,0.169,0.0,12,8,7,-0.394
Rrnad1,0.106,-0.115,0.175,0.0,13,9,8,-0.375
Srebf1,0.106,-0.13,0.207,0.0024,13,7,8,-1.857
Foxk2,0.106,0.043,0.2,0.0,13,11,8,0.695
Lrch3,0.106,-0.085,0.188,0.0,13,8,8,-1.378
Rap2c,0.106,-0.005,0.187,0.0,13,8,8,-0.483
Tpbgl,0.106,-0.107,0.255,0.0001,11,7,6,1.037
Mapre2,0.105,0.059,0.153,0.0,13,12,8,-0.225
Cmtr1,0.105,-0.097,0.2,0.0,11,8,6,0.395
Ap2a1,0.105,0.041,0.203,0.0,13,11,8,0.689
Camk2a,0.105,-0.132,0.51,0.0523,12,7,7,1.277
Crtc2,0.105,-0.043,0.226,0.0,13,8,8,-0.622
Lrp8,0.105,-0.019,0.253,0.0,13,9,8,1.658
Mbd6,0.105,0.036,0.331,0.0007,13,10,8,-0.3
Sec61a1,0.105,0.041,0.189,0.0,13,11,8,-0.646
Sbno1,0.105,-0.018,0.121,0.0,13,8,8,-0.003
Atxn2l,0.105,-0.035,0.165,0.0,13,8,8,-0.122
Chm,0.105,-0.147,0.16,0.0,13,9,8,0.148
Clasrp,0.105,0.017,0.148,0.0,13,10,8,-0.518
Gucd1,0.105,-0.224,0.213,0.0008,12,7,7,-0.334
Mlst8,0.105,0.035,0.202,0.0,13,10,8,0.194
Tfcp2,0.105,-0.143,0.127,0.0,13,8,8,0.005
Agpat3,0.105,0.003,0.247,0.0,13,10,8,-0.359
Filip1,0.105,-0.222,0.337,0.0,11,7,6,0.509
Miat,0.105,0.076,0.23,0.0008,13,12,8,1.369
Dcaf17,0.105,0.064,0.154,0.0,13,11,8,-0.462
Aldh1b1,0.105,-0.579,0.307,0.0004,10,6,6,1.559
Sema4g,0.105,-0.07,0.137,0.0,12,8,7,0.936
Chst10,0.104,-0.012,0.251,0.0,13,9,8,1.67
Ubr4,0.104,0.072,0.162,0.0,13,11,8,0.454
Fam135a,0.104,-0.014,0.193,0.0,13,9,8,-0.355
Pdxk,0.104,0.061,0.128,0.0,13,11,8,0.251
Eif4g3,0.104,0.011,0.137,0.0,13,10,8,0.214
Kri1,0.104,-0.208,0.191,0.0,12,8,7,-0.002
Snx30,0.104,-0.076,0.206,0.0,12,8,7,0.574
Rhot2,0.104,-0.02,0.196,0.0,13,9,8,0.358
Fam110b,0.104,-0.041,0.259,0.0,13,8,8,0.822
Ndc1,0.104,-0.198,0.193,0.0,10,6,5,-0.166
Ap1b1,0.104,0.067,0.14,0.0,13,11,8,0.625
Mafg,0.104,0.05,0.12,0.0,13,11,8,0.582
Nbas,0.104,0.046,0.316,0.0008,13,10,8,0.612
Lrrc49,0.104,0.008,0.259,0.0,13,10,8,1.194
Ccng2,0.104,-0.143,0.122,0.0,13,8,8,-0.605
Vkorc1l1,0.104,0.034,0.271,0.0,11,10,6,0.457
Crtac1,0.104,-0.169,0.14,0.0,13,7,8,1.224
Morc2a,0.104,0.007,0.204,0.0,13,10,8,0.022
Mpp2,0.104,0.032,0.195,0.0,13,10,8,1.093
Ptpn5,0.104,0.013,0.436,0.0089,12,9,7,1.987
Rad54l2,0.104,-0.114,0.222,0.0,12,8,7,0.116
Mrgpre,0.104,-0.042,0.243,0.0003,13,9,8,0.922
H2-DMa,0.104,-0.051,0.236,0.0,13,8,8,-0.096
Crtc3,0.104,-0.029,0.116,0.0,13,8,8,-0.529
Usp30,0.104,-0.219,0.151,0.0,13,7,8,0.409
Nrxn2,0.104,0.045,0.21,0.0,12,11,7,2.191
4932438A13Rik,0.104,0.018,0.185,0.0,13,10,8,0.365
Ghr,0.104,-0.306,0.754,0.2495,10,5,6,-3.108
Acsl4,0.104,0.02,0.224,0.0,13,10,8,1.156
Nol8,0.104,0.016,0.309,0.0,13,10,8,0.314
Sec23a,0.104,-0.0,0.133,0.0,13,9,8,0.663
Smyd5,0.103,-0.006,0.135,0.0,13,9,8,0.701
Neurl1a,0.103,-0.026,0.143,0.0,13,9,8,1.387
Exoc2,0.103,-0.028,0.148,0.0,13,9,8,0.653
Vac14,0.103,0.03,0.257,0.0,13,11,8,0.103
Bsn,0.103,0.025,0.216,0.0,13,10,8,1.871
Nf1,0.103,0.038,0.184,0.0,13,11,8,-0.319
Pcdhb17,0.103,-0.383,0.231,0.0,13,7,8,-0.013
Senp3,0.103,0.012,0.162,0.0,13,10,8,-0.057
Sept1,0.103,-0.107,0.206,0.0,10,6,5,-0.532
Kif5a,0.103,0.075,0.183,0.0,13,11,8,1.8
Guf1,0.103,0.054,0.122,0.0,13,11,8,-0.312
Tfrc,0.103,0.034,0.212,0.0036,13,10,8,1.306
Pds5a,0.103,-0.044,0.184,0.0,13,8,8,-0.329
Atp8a2,0.103,0.003,0.215,0.0,13,10,8,1.9
Lrrc20,0.103,-0.072,0.27,0.0,11,8,7,0.918
Serpinb9,0.103,-0.036,0.537,0.045,13,9,8,-0.007
Pigu,0.103,-0.006,0.267,0.0,13,9,8,0.162
Ncan,0.103,-0.089,0.311,0.0001,11,7,6,0.598
Rictor,0.103,0.012,0.138,0.0,13,10,8,-0.358
Trim9,0.103,0.031,0.247,0.0,13,11,8,1.768
Zfp799,0.103,-0.07,0.264,0.0003,11,7,6,-0.197
Atp2c1,0.103,-0.006,0.268,0.0,13,8,8,0.5
Abhd13,0.103,-0.011,0.191,0.0,12,8,7,-0.537
Acsl1,0.103,0.018,0.113,0.0,13,10,8,0.53
Gnaz,0.103,0.074,0.145,0.0,13,12,8,1.826
Ski,0.103,-0.003,0.151,0.0,13,9,8,-0.621
Cnnm4,0.103,0.039,0.177,0.0006,13,10,8,0.504
Epha5,0.103,0.058,0.383,0.0087,13,11,8,1.319
Zdhhc5,0.103,0.067,0.186,0.0,13,10,8,0.167
Fbxo31,0.103,-0.014,0.185,0.0,13,8,8,0.968
Zdhhc17,0.103,0.074,0.269,0.0,13,11,8,0.733
Ltbr,0.103,-0.053,0.16,0.0,13,7,8,-0.887
Tmem41b,0.103,0.009,0.144,0.0,13,10,8,-0.652
Nyap2,0.103,-0.083,0.139,0.0,12,8,7,1.925
Ergic1,0.103,0.038,0.189,0.0,13,12,8,0.3
Slc25a40,0.103,-0.161,0.212,0.0002,12,8,7,-0.241
Tmem87b,0.102,0.039,0.273,0.0,13,11,8,0.287
Rrm2b,0.102,0.0,0.204,0.0,13,10,8,0.806
Gatad2b,0.102,0.054,0.194,0.0,13,11,8,-0.259
Epm2aip1,0.102,-0.076,0.182,0.0,13,8,8,0.798
Ppargc1b,0.102,-0.105,0.206,0.0,11,6,7,0.686
Dennd1b,0.102,-0.081,0.207,0.0014,13,8,8,-0.412
Sez6l2,0.102,0.06,0.247,0.0,13,13,8,1.669
Adarb1,0.102,-0.032,0.267,0.0,13,7,8,0.935
March9,0.102,-0.151,0.245,0.0,10,7,5,1.284
Csrnp2,0.102,0.064,0.261,0.0,12,11,7,0.73
Nfasc,0.102,-0.012,0.253,0.0,13,9,8,1.618
Tenm3,0.102,-0.195,0.174,0.0,12,7,7,-1.742
Prkcz,0.102,0.029,0.118,0.0,13,11,8,1.714
Sec16a,0.102,0.025,0.17,0.0,13,10,8,-0.429
Hspa4l,0.102,0.082,0.123,0.0,13,11,8,0.629
Zfp869,0.102,-0.092,0.194,0.0,10,7,6,-0.308
Zfp874b,0.102,-0.07,0.252,0.0,12,7,8,0.246
Ehd3,0.102,-0.025,0.128,0.0,13,8,8,0.807
Ostm1,0.102,-0.148,0.255,0.0,13,7,8,0.219
Chic1,0.102,0.076,0.286,0.0007,13,12,8,0.266
Tpcn1,0.102,-0.153,0.33,0.003,12,8,7,-1.552
Mid2,0.102,-0.07,0.157,0.0,12,8,8,-0.871
Rgl1,0.102,-0.352,0.251,0.0007,13,7,8,-2.54
Macf1,0.102,-0.001,0.153,0.0,13,9,8,0.38
Fmn2,0.102,-0.022,0.172,0.0,13,9,8,1.355
Lrrtm1,0.102,-0.256,0.374,0.0212,13,9,8,-2.543
Pdcd6ip,0.102,0.047,0.171,0.0,13,11,8,-0.254
Brsk1,0.102,0.024,0.245,0.0,12,9,7,1.742
Dbpht2,0.102,-0.307,0.391,0.0161,11,7,7,1.134
Lrp10,0.102,-0.008,0.188,0.0,13,8,8,-1.005
Map3k12,0.101,0.049,0.199,0.0,12,11,7,0.979
Surf4,0.101,-0.002,0.2,0.0,13,9,8,-0.582
Rpn1,0.101,0.033,0.216,0.0,13,13,8,-0.319
Cyp2u1,0.101,-0.102,0.187,0.0,11,7,6,0.598
Nek8,0.101,0.013,0.295,0.0042,12,9,8,-1.366
Nsf,0.101,0.034,0.182,0.0,13,13,8,0.849
Schip1,0.101,-0.058,0.343,0.0006,11,6,6,-0.534
Strn4,0.101,0.03,0.145,0.0,13,10,8,-0.472
Pnma2,0.101,0.057,0.243,0.0,13,10,8,1.966
Acap2,0.101,0.019,0.229,0.0,13,10,8,-0.632
Tln2,0.101,0.054,0.157,0.0,13,10,8,0.873
Pxk,0.101,-0.052,0.201,0.0,13,9,8,0.096
Atp9a,0.101,0.043,0.195,0.0,13,11,8,1.303
Arhgap44,0.101,0.024,0.24,0.0,13,10,8,1.59
Dstyk,0.101,-0.079,0.156,0.0,13,7,8,0.08
Pfkm,0.101,0.019,0.191,0.0,13,11,8,1.2
Ppp1r9b,0.101,-0.008,0.238,0.0,13,9,8,0.161
Osbpl8,0.101,-0.067,0.132,0.0,13,8,8,0.603
P3h3,0.101,-0.298,0.43,0.0575,11,6,6,-2.074
Nrg2,0.101,0.055,0.219,0.0015,10,9,6,1.173
Gm26724,0.1,0.003,0.195,0.0,11,9,6,-0.822
Pde1b,0.1,-0.077,0.435,0.0414,10,7,6,1.483
Larp1b,0.1,-0.037,0.19,0.0,13,9,8,-0.253
Lmo1,0.1,-0.041,0.281,0.0,11,8,7,0.788
Resp18,0.1,-0.058,0.337,0.0,13,8,8,2.411
Clvs1,0.1,-0.128,0.239,0.0,12,8,7,1.771
Poglut1,0.1,-0.001,0.132,0.0,13,9,8,0.155
Gpc6,0.1,-0.492,0.283,0.0,11,6,6,-1.04
Kidins220,0.1,0.031,0.185,0.0,13,11,8,1.118
Amfr,0.1,0.04,0.185,0.0,13,10,8,0.019
Hs1bp3,0.1,-0.008,0.238,0.0,13,9,8,0.026
Ints1,0.1,-0.003,0.276,0.0,12,9,7,0.254
Rab11fip3,0.1,-0.143,0.233,0.0,13,9,8,0.315
Rnf24,0.1,0.038,0.17,0.0,13,11,8,-0.027
Ppp1r13b,0.1,-0.072,0.122,0.0,13,7,8,0.027
Ppp2r2c,0.1,-0.002,0.145,0.0,13,9,8,2.011
Ggcx,0.1,-0.313,0.266,0.0028,10,7,6,-1.957
Elovl6,0.1,-0.008,0.131,0.0,13,8,8,0.03
Tram1l1,0.1,0.013,0.151,0.0,13,10,8,1.407
2900026A02Rik,0.1,-0.054,0.499,0.0077,11,8,7,-0.797
Ngb,0.1,-0.107,0.186,0.002,10,6,5,1.745
Gng4,0.1,-0.041,0.26,0.0,12,8,7,1.722
Etv6,0.1,-0.146,0.27,0.0,12,7,8,-0.43
Supt7l,0.1,-0.331,0.215,0.0,12,7,7,-0.454
Kdsr,0.1,0.004,0.206,0.0,13,11,8,0.092
Ankrd17,0.1,0.028,0.227,0.0,13,12,8,0.124
Rapgef4,0.1,-0.029,0.303,0.0037,13,9,8,0.691
Fbxo10,0.1,-0.047,0.37,0.001,11,7,6,0.39
Dlc1,0.1,-0.042,0.248,0.0,11,7,7,-0.561
Atp1b3,0.1,-0.055,0.147,0.0,13,8,8,0.074
Sgms2,0.1,0.022,0.245,0.0,12,9,8,0.264
Rtn4,0.1,-0.006,0.129,0.0,13,9,8,0.955
Pxmp4,0.1,-0.056,0.41,0.0024,13,8,8,-0.52
Lingo1,0.099,-0.053,0.173,0.0,13,9,8,1.483
Mroh1,0.099,-0.031,0.275,0.0,12,7,7,1.011
Sacm1l,0.099,-0.02,0.183,0.0,13,9,8,0.549
Rassf3,0.099,-0.484,0.175,0.0001,10,6,6,-1.612
Nbea,0.099,0.01,0.173,0.0,13,10,8,0.815
Rnf31,0.099,-0.107,0.167,0.0,13,8,8,-0.461
Agfg2,0.099,-0.019,0.367,0.0043,13,9,8,-0.287
Ranbp3,0.099,-0.042,0.167,0.0,13,8,8,-0.276
Nlk,0.099,-0.036,0.136,0.0,13,8,8,0.729
Arf3,0.099,0.002,0.194,0.0,13,10,8,1.067
Man2b2,0.099,-0.044,0.343,0.0017,10,7,5,-1.158
Pank4,0.099,-0.025,0.17,0.0,13,8,8,0.019
Hip1r,0.099,-0.006,0.13,0.0,13,9,8,0.754
Dclk2,0.099,-0.001,0.137,0.0,13,9,8,0.433
Zfyve27,0.099,-0.046,0.217,0.0,13,9,8,0.441
Sncb,0.099,0.035,0.302,0.0013,13,10,8,2.145
Klhl26,0.099,0.047,0.142,0.0,13,11,8,0.369
Zfp521,0.099,0.039,0.15,0.0003,10,8,6,-1.121
Inha,0.099,-0.157,0.224,0.0,13,8,8,1.218
Edrf1,0.099,-0.247,0.198,0.0,10,7,6,-0.247
Naga,0.099,-0.048,0.161,0.0,13,7,8,-1.417
Mfsd1,0.098,0.031,0.307,0.0001,13,10,8,-0.748
Syvn1,0.098,-0.068,0.327,0.0007,13,9,8,0.021
Vcpip1,0.098,-0.06,0.182,0.0,13,9,8,0.047
Tmem50b,0.098,0.036,0.176,0.0,13,11,8,1.201
L2hgdh,0.098,-0.144,0.156,0.0002,10,6,6,-0.052
Tdrd7,0.098,0.01,0.152,0.0,13,10,8,-0.196
Rap1gap,0.098,0.054,0.267,0.0,13,10,8,-0.426
Itpripl1,0.098,-0.223,0.464,0.0432,10,6,6,-1.188
Agps,0.098,-0.005,0.166,0.0,13,9,8,0.444
Slc39a9,0.098,-0.038,0.27,0.0,13,9,8,-0.076
Hacd3,0.098,-0.0,0.143,0.0,11,8,6,0.68
Bcl2l13,0.098,-0.042,0.162,0.0,13,9,8,0.21
Foxo3,0.098,0.027,0.217,0.0,11,9,6,0.392
Fbxo21,0.098,-0.024,0.216,0.0,13,8,8,0.878
Phkb,0.098,-0.036,0.193,0.0,13,8,8,-0.431
Ncoa6,0.098,0.051,0.201,0.0,13,10,8,-0.169
Tubgcp5,0.098,-0.106,0.191,0.0,13,7,8,-0.107
Plod3,0.098,-0.007,0.164,0.0,13,9,8,-0.996
Alg9,0.098,0.016,0.254,0.0,13,10,8,0.316
Lrpprc,0.098,0.018,0.188,0.0,13,11,8,0.89
Bcr,0.098,0.047,0.206,0.0,13,12,8,0.498
Tbkbp1,0.098,-0.027,0.278,0.0,12,8,7,0.633
Golga1,0.098,-0.05,0.166,0.0,13,8,8,-0.102
B3galnt1,0.098,-0.016,0.199,0.0,13,8,8,0.891
Mcph1,0.098,-0.07,0.287,0.0002,12,7,8,0.434
Sh2d3c,0.098,-0.048,0.201,0.0,12,8,7,-0.225
Helz,0.097,-0.022,0.119,0.0,13,9,8,0.067
Dhx36,0.097,0.016,0.101,0.0,13,11,8,0.156
Kcnh7,0.097,0.053,0.216,0.0152,13,10,8,2.11
Scd1,0.097,-0.126,0.196,0.0,13,9,8,-1.373
Tubgcp6,0.097,0.047,0.272,0.0001,12,10,8,0.473
Dgat2,0.097,-0.154,0.219,0.0,12,7,7,0.173
Gas2l1,0.097,-0.009,0.173,0.0,13,9,8,-0.038
Gnptab,0.097,-0.103,0.133,0.0,13,9,8,0.519
Rab11fip4,0.097,0.062,0.242,0.0,12,10,7,1.763
Cyfip2,0.097,0.035,0.193,0.0,13,10,8,1.909
Dhdh,0.097,-0.052,0.249,0.0,12,9,7,0.077
Pak3,0.097,0.001,0.214,0.0014,13,10,8,1.956
Fam216a,0.097,-0.048,0.177,0.0,12,7,7,0.698
Smim13,0.097,0.088,0.355,0.01,12,11,7,1.409
Huwe1,0.097,-0.017,0.115,0.0,13,9,8,0.26
Heatr5b,0.097,0.041,0.329,0.0005,12,10,8,0.221
Tmem74,0.097,-0.098,0.227,0.0027,11,7,7,2.002
Umps,0.097,-0.057,0.137,0.0,13,8,8,-0.356
Gramd1b,0.097,-0.125,0.268,0.0,13,9,8,-0.044
Fitm2,0.097,-0.131,0.253,0.0009,13,8,8,1.144
Kif16b,0.097,-0.088,0.631,0.088,12,8,8,-0.35
Ralgapb,0.097,0.016,0.256,0.0,13,11,8,0.402
Atp2a2,0.097,0.051,0.227,0.0,13,10,8,0.276
Pcgf3,0.097,-0.012,0.155,0.0,13,8,8,0.42
Epdr1,0.096,0.049,0.263,0.0,13,11,8,-0.024
Smyd3,0.096,-0.028,0.237,0.0,13,9,8,0.933
Rp2,0.096,-0.481,0.16,0.0,10,7,5,-1.003
D10Wsu102e,0.096,0.001,0.174,0.0,13,11,8,0.474
Tmem189,0.096,0.03,0.155,0.0,13,10,8,0.316
Gm12258,0.096,-0.061,0.147,0.0,10,6,5,0.783
Sacs,0.096,-0.048,0.203,0.0,13,9,8,1.065
Fasn,0.096,-0.095,0.151,0.0,13,9,8,0.056
Itgb1,0.096,0.003,0.187,0.0,13,10,8,-0.572
Slc44a2,0.096,-0.001,0.297,0.0,13,9,8,-0.341
Clasp2,0.096,0.032,0.184,0.0,13,10,8,0.534
Dclre1a,0.096,-0.339,0.238,0.0,11,7,6,-0.709
Coro2b,0.096,-0.003,0.229,0.0,13,9,8,0.536
Ufl1,0.096,-0.002,0.461,0.0217,12,9,7,-0.362
Arid1a,0.096,0.045,0.184,0.0,13,11,8,-0.162
Nlgn2,0.096,0.037,0.187,0.0,13,10,8,0.342
Trim37,0.096,0.003,0.197,0.0,13,10,8,1.122
Trak1,0.096,-0.013,0.114,0.0,13,9,8,0.331
Ago3,0.096,0.067,0.181,0.0,11,9,6,-0.215
1700048O20Rik,0.096,-0.071,0.423,0.0241,10,6,6,0.579
Etl4,0.096,-0.101,0.536,0.0498,13,9,8,-0.077
Ank2,0.096,0.064,0.147,0.0,13,11,8,1.71
Apbb2,0.095,-0.004,0.118,0.0,13,9,8,-0.129
Zbtb48,0.095,-0.02,0.358,0.0419,12,8,7,-0.281
Il4ra,0.095,-0.001,0.301,0.0,11,8,6,-0.199
Stau2,0.095,0.048,0.163,0.0,13,11,8,1.349
Prpsap2,0.095,0.021,0.165,0.0,13,10,8,0.282
Ret,0.095,-0.036,0.446,0.0419,13,9,8,1.088
Snap91,0.095,-0.017,0.117,0.0,13,9,8,1.972
Ncor2,0.095,0.016,0.18,0.0,13,11,8,-0.004
Sephs1,0.095,-0.016,0.116,0.0,12,9,7,-0.421
Sec63,0.095,-0.021,0.138,0.0,13,9,8,-0.508
Agfg1,0.095,-0.027,0.146,0.0,13,9,8,0.162
Insig1,0.095,0.046,0.13,0.0,13,10,8,-0.51
Zfp112,0.095,-0.774,0.196,0.0,11,6,6,0.287
Chd5,0.095,0.083,0.139,0.0,13,12,8,2.01
Lig4,0.095,-0.223,0.255,0.0,12,8,7,0.54
Hivep3,0.095,0.008,0.27,0.0,13,11,8,1.266
Pcmtd2,0.095,0.007,0.154,0.0,13,10,8,-0.281
Ciao1,0.095,-0.003,0.225,0.0,13,9,8,0.313
Jph4,0.095,0.054,0.131,0.0,13,12,8,2.38
Farp1,0.095,-0.156,0.202,0.0,12,7,7,-0.08
Sbk1,0.095,-0.072,0.175,0.0,13,9,8,1.368
Sfxn3,0.095,0.078,0.154,0.0,13,11,8,0.697
Eml2,0.095,0.001,0.132,0.0,13,10,8,1.124
Acap3,0.095,0.028,0.178,0.0,13,11,8,0.901
Igsf21,0.095,-0.101,0.23,0.0002,11,7,6,2.109
Pdhx,0.095,-0.014,0.114,0.0,13,9,8,0.124
Mfsd3,0.095,-0.271,0.216,0.0001,12,7,7,0.137
Afap1,0.095,-0.07,0.144,0.0,12,8,7,0.169
Ago2,0.094,0.04,0.172,0.0,11,9,6,0.675
Lrrc40,0.094,0.012,0.208,0.0,12,9,7,0.05
Ckap5,0.094,0.031,0.122,0.0,13,11,8,0.078
Naglu,0.094,-0.002,0.386,0.0256,12,9,7,-0.997
Prps2,0.094,-0.041,0.288,0.0056,13,9,8,0.333
Ksr1,0.094,-0.11,0.172,0.0,10,7,6,-0.963
Fech,0.094,-0.061,0.172,0.0,13,9,8,-0.705
Zfp62,0.094,-0.081,0.127,0.0,13,7,8,-0.119
Ltk,0.094,-0.246,0.317,0.0004,11,6,6,1.244
Helq,0.094,-0.07,0.182,0.0004,10,7,7,0.044
Scap,0.094,-0.012,0.293,0.0,13,9,8,0.099
Abat,0.094,-0.031,0.145,0.0,12,9,7,0.733
Apc,0.094,0.01,0.147,0.0,13,10,8,0.712
Cacna2d2,0.094,-0.072,0.255,0.0001,12,8,7,1.957
Lasp1,0.094,-0.025,0.11,0.0,13,9,8,-0.889
Mib2,0.094,0.015,0.195,0.0,13,10,8,0.112
Fam155a,0.094,-0.068,0.266,0.0,13,9,8,2.049
Arhgef12,0.094,0.058,0.17,0.0,13,12,8,-0.717
Abr,0.094,0.05,0.268,0.0,13,12,8,1.033
Wdr26,0.094,0.05,0.151,0.0,13,10,8,-0.011
Apeh,0.094,-0.102,0.172,0.0,13,7,8,0.364
Chd9,0.094,0.007,0.153,0.0,13,10,8,0.072
Ptcd3,0.094,0.026,0.209,0.0004,13,10,8,-0.004
Brpf3,0.094,-0.17,0.203,0.0,10,6,6,-0.545
Taok1,0.094,0.049,0.162,0.0,13,10,8,-0.115
Arhgef18,0.094,0.064,0.166,0.0,13,12,8,0.257
Sos1,0.094,-0.041,0.225,0.0,13,8,8,0.604
Eef1a2,0.094,-0.066,0.105,0.0,13,8,8,2.157
Kbtbd2,0.094,-0.014,0.198,0.0,13,8,8,0.192
Dot1l,0.093,-0.138,0.159,0.0,12,8,7,-0.589
Bicd2,0.093,0.041,0.208,0.0,13,11,8,-0.142
Stat1,0.093,-0.064,0.188,0.0001,13,8,8,-1.381
Agl,0.093,-0.052,0.172,0.0,13,9,8,0.042
Taf4b,0.093,-0.159,0.237,0.0029,11,8,7,0.244
Abcc5,0.093,-0.081,0.162,0.0,13,8,8,0.607
Gpr107,0.093,0.018,0.183,0.0,13,10,8,-0.364
Sptan1,0.093,0.021,0.17,0.0,12,9,7,0.727
Nif3l1,0.093,0.024,0.165,0.0,12,10,7,0.393
Diras2,0.093,-0.327,0.205,0.0,11,6,7,1.69
Sik2,0.093,-0.296,0.177,0.0,12,7,7,-0.791
Kctd3,0.093,-0.064,0.125,0.0,13,7,8,0.293
Rnf19b,0.093,-0.005,0.149,0.0,13,8,8,0.914
Accs,0.093,-0.33,0.239,0.0,12,7,7,0.007
Tmem245,0.093,0.016,0.252,0.0,12,10,7,-0.331
Inpp5f,0.093,0.007,0.196,0.0,13,11,8,1.485
L1cam,0.093,0.059,0.164,0.0,13,11,8,0.719
Nup214,0.093,-0.058,0.2,0.0,13,8,8,-0.076
Stxbp4,0.093,-0.308,0.29,0.0,13,8,8,-0.602
Plpp1,0.093,-0.066,0.224,0.0,11,6,6,0.564
Lynx1,0.093,-0.429,0.278,0.0007,11,6,8,0.411
Lrp3,0.093,-0.061,0.171,0.0,13,9,8,0.817
Mfsd5,0.093,-0.062,0.278,0.0,13,9,8,0.172
Wdr3,0.093,-0.021,0.297,0.0008,13,9,8,-0.099
Fbxo42,0.093,-0.004,0.154,0.0,13,9,8,0.284
Mfhas1,0.093,0.017,0.173,0.0,13,12,8,0.728
Cept1,0.093,-0.066,0.252,0.0,13,7,8,-0.165
Phf21a,0.093,-0.057,0.167,0.0,12,8,7,-0.63
Dgkz,0.093,0.056,0.191,0.0,13,12,8,0.499
Usp34,0.093,0.039,0.125,0.0,13,11,8,0.442
Nlgn3,0.093,-0.006,0.265,0.0,13,9,8,-0.141
Slc39a11,0.093,-0.156,0.349,0.0204,12,8,7,0.204
Nol6,0.093,-0.015,0.283,0.0001,13,9,8,0.433
Cdr2l,0.093,-0.048,0.156,0.0005,13,8,8,0.346
Sos2,0.093,0.051,0.208,0.0,13,10,8,-0.185
Cntln,0.093,-0.05,0.168,0.0,13,9,8,-0.871
Ubfd1,0.093,0.042,0.23,0.0,13,10,8,0.503
Nup62,0.093,-0.126,0.131,0.0,13,7,8,-0.04
Dhx30,0.093,-0.038,0.184,0.0,13,8,8,0.136
Ube2ql1,0.093,0.037,0.137,0.0002,11,10,7,1.588
Spaca6,0.093,-0.033,0.238,0.0,11,8,6,-0.822
5330434G04Rik,0.093,0.003,0.138,0.0,13,11,8,1.675
Rpgrip1l,0.092,0.063,0.188,0.0,12,10,8,0.659
Nol10,0.092,0.014,0.141,0.0,13,10,8,0.128
Cacng2,0.092,0.025,0.226,0.0001,11,9,7,2.245
Rdh11,0.092,-0.028,0.156,0.0,13,9,8,0.486
2810021J22Rik,0.092,-0.188,0.284,0.0004,10,6,5,-0.179
Spats2,0.092,-0.003,0.134,0.0,13,9,8,0.386
Dlg2,0.092,0.009,0.17,0.0002,13,10,8,1.9
Stk39,0.092,0.004,0.152,0.0,13,10,8,1.271
Ip6k1,0.092,0.007,0.118,0.0,13,10,8,0.259
Vezt,0.092,0.043,0.193,0.0,13,10,8,0.795
B230217O12Rik,0.092,-0.033,0.27,0.0,12,8,8,2.03
Mamld1,0.092,-0.414,0.213,0.0,11,7,7,-0.508
Pdlim5,0.092,-0.331,0.154,0.0,13,7,8,-0.473
Begain,0.092,-0.002,0.242,0.0038,13,9,8,0.993
Flna,0.092,0.003,0.201,0.0,12,9,7,-2.999
St7,0.092,-0.035,0.244,0.0,13,9,8,0.193
Fpgt,0.092,-0.018,0.396,0.0122,12,9,7,0.278
Zfp369,0.092,-0.216,0.121,0.0002,11,7,6,-0.09
Rnf149,0.092,0.061,0.354,0.0,13,10,8,0.078
Msantd2,0.092,-0.19,0.197,0.0,12,7,7,-0.381
Trio,0.092,0.011,0.171,0.0,13,10,8,-0.082
Zfp628,0.092,-0.303,0.146,0.0,11,7,6,-0.279
Sema6c,0.092,-0.076,0.251,0.0009,12,7,7,0.734
Uso1,0.092,0.03,0.118,0.0,13,10,8,0.136
Uspl1,0.092,-0.012,0.174,0.0,13,9,8,0.166
Trim32,0.092,0.027,0.152,0.0,13,11,8,0.776
Usp47,0.092,0.03,0.131,0.0,13,10,8,-0.018
Cygb,0.092,0.006,0.156,0.0,13,11,8,0.115
Enox1,0.092,-0.004,0.184,0.0,13,9,8,1.562
Sptbn1,0.092,0.052,0.28,0.0,12,11,7,0.138
Ogdh,0.092,0.077,0.099,0.0,13,13,8,0.402
Tubd1,0.092,-0.081,0.27,0.0008,10,7,6,-0.251
Rev1,0.092,0.058,0.149,0.0,13,11,8,-0.02
Kpna3,0.092,0.033,0.216,0.0,13,11,8,0.585
Sorbs1,0.091,-0.101,0.116,0.0,13,9,8,-2.464
Usp25,0.091,0.035,0.218,0.0,13,10,8,-1.488
Snx13,0.091,0.027,0.272,0.0,13,10,8,-0.031
Leprotl1,0.091,0.066,0.147,0.0,13,11,8,0.329
Cers4,0.091,0.037,0.166,0.0,12,10,7,0.707
Cspg5,0.091,0.018,0.278,0.0,11,9,7,0.142
Slain1,0.091,-0.177,0.254,0.0002,11,6,6,0.26
Strip1,0.091,-0.022,0.32,0.0,12,8,7,0.402
Ccp110,0.091,-0.039,0.183,0.0,12,7,7,0.595
Rnf168,0.091,-0.047,0.141,0.0,13,9,8,-0.062
Cda,0.091,-0.048,0.184,0.0,12,7,8,1.633
Inpp4a,0.091,0.01,0.176,0.0,13,10,8,1.064
Alg6,0.091,0.022,0.215,0.0,12,9,7,-0.774
Tmem9,0.091,-0.059,0.146,0.0,13,7,8,0.079
Kif13a,0.091,0.001,0.165,0.0,13,10,8,-0.425
Kcnq1ot1,0.091,-0.079,0.207,0.0,12,9,7,0.103
Zfp961,0.091,0.021,0.177,0.0,11,9,6,-0.466
Map2k4,0.091,-0.009,0.218,0.0,13,9,8,0.955
Klhdc10,0.091,-0.003,0.186,0.0,13,9,8,0.516
Polr3f,0.091,0.024,0.231,0.0,13,10,8,-0.252
Polr2b,0.091,-0.004,0.134,0.0,13,9,8,0.001
Fam171a2,0.091,0.051,0.247,0.0,12,11,7,0.893
Ubac2,0.091,-0.068,0.141,0.0,13,9,8,-0.495
Sec24d,0.091,-0.057,0.175,0.0,12,8,7,-0.764
Cables2,0.09,0.039,0.247,0.0015,13,11,8,0.496
Dlg3,0.09,-0.1,0.267,0.0015,11,7,7,-0.033
Capn5,0.09,-0.04,0.175,0.0,13,9,8,0.759
Mfsd11,0.09,0.039,0.262,0.0,13,10,8,-0.026
Bdh1,0.09,0.023,0.252,0.0,13,10,8,0.948
Man1a2,0.09,-0.021,0.175,0.0,13,9,8,-0.32
Ddi2,0.09,-0.041,0.207,0.0,12,8,7,0.247
Pcnx,0.09,-0.061,0.188,0.0,13,9,8,0.1
Hcfc1,0.09,-0.003,0.197,0.0,13,9,8,0.218
Arhgef9,0.09,-0.034,0.283,0.0,13,9,8,0.361
Socs4,0.09,0.024,0.124,0.0,13,10,8,-0.37
Paqr8,0.09,-0.271,0.27,0.0,13,8,8,0.928
Zcchc8,0.09,-0.072,0.123,0.0,13,8,8,-1.038
Atcay,0.09,0.063,0.284,0.0001,13,11,8,2.045
Ece2,0.09,0.004,0.292,0.0001,13,11,8,1.798
Dyrk1a,0.09,-0.047,0.123,0.0,13,9,8,-0.063
Sgsh,0.09,-0.581,0.343,0.0126,11,7,7,-0.736
Sgcb,0.09,-0.056,0.258,0.0,13,7,8,-0.152
Zfp871,0.09,-0.054,0.166,0.0,13,9,8,-0.366
Nhlrc2,0.09,-0.182,0.191,0.0,12,9,7,-1.248
Opa1,0.09,0.016,0.119,0.0,13,10,8,0.822
Nfatc3,0.09,-0.065,0.191,0.0,12,7,8,-1.145
Fzr1,0.09,0.0,0.201,0.0,13,10,8,0.167
Slc25a44,0.09,0.018,0.154,0.0,13,10,8,0.493
Stam,0.09,-0.064,0.178,0.0,13,9,8,0.349
Acvr2a,0.09,-0.06,0.301,0.0046,13,8,8,-0.225
Atxn7l2,0.09,-0.158,0.253,0.0,12,7,7,-0.284
Wdr91,0.09,-0.084,0.371,0.0004,12,8,7,-0.341
Actn1,0.09,-0.012,0.211,0.0,13,9,8,0.268
Ogt,0.09,0.009,0.155,0.0,13,10,8,-0.257
Nap1l3,0.09,-0.056,0.17,0.0,13,9,8,1.634
Cacna1b,0.09,0.064,0.143,0.0,12,10,7,1.986
Ppp1r3f,0.09,-0.049,0.285,0.0,11,8,6,0.836
Gmcl1,0.09,-0.004,0.181,0.0,13,9,8,0.629
Frs3,0.09,-0.02,0.361,0.0006,13,9,8,1.57
Pomk,0.09,-0.049,0.232,0.0,10,7,5,-0.031
Slc7a6,0.09,-0.005,0.237,0.0,13,9,8,0.533
Afg3l2,0.09,-0.04,0.197,0.0,13,8,8,0.362
Nek7,0.09,0.025,0.136,0.0,13,10,8,-0.182
Hivep1,0.09,0.015,0.147,0.0,13,10,8,-0.098
Sdsl,0.09,-0.138,0.304,0.0043,12,7,8,1.221
Cntnap5a,0.09,-0.165,0.486,0.0049,11,7,6,1.793
Zc3h3,0.09,-0.045,0.235,0.0,12,9,7,-0.633
Vps16,0.09,-0.129,0.126,0.0,13,8,8,0.145
Vps54,0.09,-0.103,0.185,0.0,13,7,8,-0.478
Wars,0.09,-0.049,0.155,0.0,13,8,8,0.036
Reep2,0.09,-0.014,0.194,0.0,13,9,8,1.852
Cul4a,0.09,0.011,0.158,0.0,13,10,8,-0.065
Pim2,0.09,0.003,0.201,0.0,13,10,8,1.39
Slit3,0.09,-0.129,0.22,0.0009,11,6,6,0.875
Zfp449,0.09,-0.355,0.38,0.0194,11,8,6,-0.218
Ipo7,0.089,0.027,0.156,0.0,13,11,8,0.154
Taf1,0.089,-0.066,0.161,0.0,13,8,8,-0.137
Atp11b,0.089,0.041,0.161,0.0,13,10,8,-0.268
Sept11,0.089,-0.062,0.174,0.0,11,7,6,-0.441
Mpp5,0.089,-0.0,0.177,0.0,13,9,8,-0.782
Wdfy1,0.089,-0.12,0.157,0.0,13,7,8,-0.556
Dnase1l1,0.089,-0.14,0.527,0.0213,10,6,6,-2.116
Iqsec3,0.089,0.02,0.199,0.0,13,10,8,1.934
Cachd1,0.089,-0.189,0.159,0.0012,12,7,8,-0.309
Wdr54,0.089,-0.151,0.267,0.0,13,9,8,0.942
Kmt2c,0.089,-0.122,0.142,0.0,11,6,6,-0.347
Nme7,0.089,0.066,0.229,0.0,13,10,8,-0.142
Arfgef1,0.089,-0.073,0.139,0.0,13,8,8,0.662
Szt2,0.089,-0.025,0.378,0.0175,11,6,7,-0.146
Tmem248,0.089,-0.04,0.185,0.0,12,7,7,0.213
Dusp7,0.089,0.005,0.182,0.0,11,9,7,-0.946
Tmem143,0.089,-0.429,0.188,0.0012,12,8,7,0.315
St8sia3,0.089,-0.057,0.223,0.0,13,9,8,1.974
Map3k10,0.089,-0.051,0.202,0.0,12,9,7,0.409
Cln3,0.089,-0.059,0.221,0.0,13,8,8,-1.036
Osbpl10,0.089,-0.153,0.291,0.0,12,7,8,1.739
Dynlt1c,0.089,-0.176,0.175,0.0,10,6,5,-0.349
Tmcc3,0.089,-0.042,0.401,0.0024,12,8,7,0.845
Napb,0.089,0.021,0.213,0.0,13,11,8,1.961
Uros,0.089,-0.082,0.249,0.0,13,7,8,0.897
Banp,0.089,-0.024,0.127,0.0,13,9,8,-0.274
Kcnj12,0.089,-0.109,0.195,0.0,13,8,8,1.556
Pygb,0.089,-0.029,0.15,0.0,13,9,8,0.767
Slc25a12,0.089,-0.043,0.129,0.0,13,8,8,1.175
Tbc1d9,0.089,0.009,0.15,0.0,13,10,8,1.897
Gm38393,0.089,-0.082,0.263,0.0014,10,6,6,2.139
Rftn1,0.089,-0.173,0.148,0.0,11,7,6,0.686
Usp13,0.089,-0.01,0.234,0.0,13,9,8,1.386
Frmd4a,0.089,0.008,0.148,0.0,13,10,8,0.338
Lsamp,0.089,-0.153,0.149,0.0,13,8,8,0.694
Kcnq2,0.089,0.041,0.192,0.0,13,10,8,1.834
Gtf3c5,0.089,0.056,0.289,0.0001,13,10,8,-0.155
Prkaca,0.089,0.02,0.117,0.0,13,11,8,1.225
Myo1c,0.089,-0.057,0.202,0.0,12,8,7,-1.327
Dnajc11,0.089,0.069,0.123,0.0,13,11,8,0.09
Prkdc,0.089,-0.034,0.231,0.0,12,8,8,-0.187
Ywhag,0.089,0.052,0.162,0.0,13,12,8,1.618
N4bp1,0.089,-0.021,0.182,0.0,13,9,8,0.066
Rab9b,0.089,-0.084,0.209,0.0,12,8,7,1.489
Rnf26,0.088,-0.091,0.39,0.0056,12,7,7,-0.752
Rad50,0.088,-0.002,0.291,0.0065,13,9,8,-0.508
Agtrap,0.088,-0.148,0.275,0.0089,10,7,7,-3.125
Lmnb2,0.088,-0.101,0.359,0.0015,12,9,7,-0.854
Spink10,0.088,-0.095,0.35,0.0007,11,8,7,1.3
Dnmt1,0.088,-0.06,0.139,0.0,13,8,8,-0.327
Dnajc5,0.088,0.039,0.128,0.0,13,11,8,1.001
Mad1l1,0.088,-0.118,0.231,0.0,12,8,7,-0.533
Ykt6,0.088,0.012,0.104,0.0,13,10,8,0.425
Prkci,0.088,0.023,0.117,0.0,13,11,8,0.282
Sec24a,0.088,-0.149,0.136,0.0,13,7,8,-0.695
Nphp3,0.088,-0.33,0.215,0.0,11,8,7,-1.747
Rrp1b,0.088,-0.1,0.131,0.0007,13,8,8,-0.347
Ggt7,0.088,0.029,0.296,0.0,13,10,8,1.68
Herc1,0.088,0.023,0.198,0.0,13,10,8,0.935
Tarsl2,0.088,0.003,0.136,0.0,13,10,8,1.183
Tbc1d19,0.088,-0.02,0.222,0.0,13,8,8,0.152
Skp2,0.088,-0.562,0.156,0.0,10,6,5,-0.957
Npat,0.088,-0.053,0.223,0.0036,13,9,8,-0.391
Zfp398,0.088,-0.05,0.2,0.0027,12,7,7,-0.052
Rnf165,0.088,-0.031,0.169,0.0011,12,8,7,1.238
Fbxw11,0.088,-0.119,0.168,0.0,13,8,8,0.152
Fkrp,0.088,-0.059,0.203,0.0,13,9,8,0.452
Serinc5,0.088,0.01,0.124,0.0,13,10,8,-1.373
Rbm19,0.088,-0.039,0.123,0.0011,10,6,6,-0.082
Tctn1,0.088,-0.125,0.188,0.0,11,7,6,-0.574
App,0.088,0.072,0.213,0.0,13,11,8,0.126
Tbc1d8,0.088,-0.027,0.175,0.0,13,8,8,0.821
Syn2,0.088,0.06,0.223,0.0,13,10,8,2.318
Ncbp3,0.088,0.029,0.13,0.0,11,9,6,0.006
Spata7,0.088,0.044,0.193,0.0004,13,10,8,0.932
Phrf1,0.088,-0.009,0.15,0.0,13,9,8,-0.278
Pkp4,0.088,-0.021,0.32,0.0008,13,9,8,-0.146
Pskh1,0.088,-0.109,0.337,0.0021,12,8,7,0.083
Zdbf2,0.088,-0.176,0.433,0.0297,12,7,7,0.537
Cacng7,0.088,-0.059,0.177,0.0,11,7,6,1.491
Slc37a3,0.088,0.006,0.323,0.0019,13,10,8,0.015
Cdyl2,0.088,-0.088,0.163,0.0001,10,6,5,0.631
Tspan5,0.088,-0.08,0.168,0.0,13,8,8,-0.119
Glyr1,0.088,-0.056,0.132,0.0,13,9,8,0.14
Mark4,0.087,0.035,0.162,0.0,11,10,6,0.691
Atl1,0.087,0.037,0.237,0.0,13,11,8,1.6
Cramp1l,0.087,0.045,0.196,0.0,13,10,8,-0.128
Myadm,0.087,-0.001,0.263,0.0,13,9,8,0.741
Apex2,0.087,-0.015,0.249,0.0005,12,9,7,-0.095
Tet1,0.087,-0.012,0.252,0.0,11,8,6,0.006
Cpeb2,0.087,-0.087,0.168,0.0,13,8,8,0.733
Camkk2,0.087,-0.044,0.159,0.0,12,9,7,0.727
Tspan3,0.087,-0.028,0.219,0.0,13,9,8,-0.773
Sgip1,0.087,0.046,0.227,0.0,13,13,8,1.988
Memo1,0.087,-0.07,0.285,0.0,13,9,8,0.122
Pls3,0.087,0.034,0.193,0.0,13,12,8,0.138
Sec23b,0.087,-0.051,0.118,0.0,13,8,8,0.004
Phka1,0.087,0.016,0.192,0.0,12,9,8,0.041
Hdac7,0.087,-0.065,0.356,0.0001,12,9,7,-1.041
Mief1,0.087,0.051,0.294,0.0,11,9,6,0.354
Cab39,0.087,-0.065,0.167,0.0,13,8,8,0.688
Braf,0.087,0.044,0.142,0.0,13,11,8,0.487
Ppp1r12c,0.087,0.019,0.128,0.0,13,10,8,-0.191
Akap11,0.087,0.039,0.17,0.0,13,11,8,0.86
Fam20c,0.087,0.038,0.134,0.0,13,11,8,0.438
Trafd1,0.087,-0.024,0.159,0.0,13,8,8,0.251
Mtmr12,0.087,-0.083,0.198,0.0,12,7,8,-0.933
Aplf,0.087,-0.31,0.23,0.0013,10,6,6,-0.514
Zfp64,0.087,-0.022,0.146,0.0,13,9,8,-0.019
Scn3b,0.086,-0.01,0.199,0.0,13,9,8,1.475
Hsd17b12,0.086,0.068,0.176,0.0,13,11,8,0.108
St6galnac4,0.086,-0.047,0.204,0.0,13,8,8,0.024
Pik3cd,0.086,-0.006,0.228,0.0,13,9,8,1.379
Ddx17,0.086,-0.015,0.124,0.0,13,9,8,-0.093
Srgap3,0.086,-0.005,0.151,0.0,13,9,8,0.957
Prkacb,0.086,0.02,0.221,0.0,13,11,8,1.186
Prcc,0.086,-0.038,0.184,0.0,13,9,8,0.242
Tlk1,0.086,0.027,0.138,0.0,13,11,8,0.378
Pdp1,0.086,-0.098,0.165,0.0,13,8,8,1.091
Prkx,0.086,-0.122,0.138,0.0,13,7,8,-0.281
Mblac2,0.086,0.008,0.246,0.0,13,12,8,1.292
Cnih2,0.086,0.002,0.143,0.0,13,10,8,2.406
Twsg1,0.086,-0.264,0.19,0.0,13,8,8,-1.011
Dhx33,0.086,-0.175,0.221,0.0009,12,7,8,-0.546
Ift80,0.086,-0.054,0.133,0.0,13,9,8,-0.359
Utp6,0.086,-0.031,0.116,0.0,12,9,7,0.29
Msl1,0.086,0.045,0.11,0.0,13,10,8,0.114
Fuca2,0.086,0.021,0.143,0.0003,13,11,8,0.878
Ankfy1,0.086,-0.022,0.185,0.0,13,9,8,0.08
Rnf38,0.086,-0.007,0.146,0.0,13,9,8,0.048
Tacc2,0.086,0.058,0.203,0.0,13,12,8,0.218
Lonrf2,0.086,-0.035,0.155,0.0,13,9,8,1.819
Pdk2,0.086,0.015,0.123,0.0,13,11,8,-0.461
Odf2,0.086,-0.065,0.169,0.0,13,9,8,0.117
Fnip2,0.086,-0.337,0.283,0.0001,11,6,7,-0.532
Skiv2l,0.086,-0.031,0.157,0.0,13,9,8,-0.032
Ncdn,0.086,-0.015,0.141,0.0,13,9,8,1.158
Cpd,0.086,0.024,0.194,0.0,13,10,8,-0.851
Ttll7,0.086,0.012,0.221,0.0,13,11,8,2.056
Nudt12,0.086,-0.119,0.152,0.0,10,8,6,0.458
Cpsf3,0.086,-0.032,0.144,0.0,13,8,8,-0.663
Dlgap3,0.086,-0.067,0.246,0.0,12,8,7,1.999
Dbh,0.086,0.031,0.161,0.0001,10,8,5,1.327
Cers5,0.085,-0.051,0.2,0.0,12,8,7,-0.337
Slc35b4,0.085,-0.047,0.205,0.0,13,8,8,0.094
Fryl,0.085,0.009,0.231,0.0,13,10,8,-0.361
Ganab,0.085,-0.002,0.23,0.0,13,9,8,-0.225
Rassf8,0.085,-0.116,0.247,0.0,12,7,7,-1.516
Tyro3,0.085,-0.174,0.385,0.0691,13,8,8,-0.027
Ids,0.085,0.059,0.126,0.0,13,10,8,1.118
Eftud2,0.085,-0.016,0.132,0.0,13,9,8,-0.304
Rasl10b,0.085,-0.037,0.103,0.0,13,9,8,1.656
Rap1gds1,0.085,0.065,0.095,0.0,13,12,8,0.766
Scn9a,0.085,0.026,0.165,0.0,13,10,8,1.602
Msmo1,0.085,-0.035,0.148,0.0,11,7,6,-0.543
Bahd1,0.085,-0.006,0.108,0.0,12,9,7,0.38
Agk,0.085,-0.015,0.123,0.0,13,9,8,0.258
Tpra1,0.085,-0.031,0.289,0.0,13,9,8,-0.556
Zfp780b,0.085,-0.302,0.138,0.0,12,8,7,0.129
Pld3,0.085,-0.003,0.143,0.0,13,9,8,0.69
Ddx55,0.085,-0.037,0.116,0.0,13,8,8,0.307
Ric8b,0.085,-0.003,0.169,0.0,13,9,8,0.464
Btbd10,0.085,-0.057,0.209,0.0,13,8,8,0.304
Me1,0.085,-0.055,0.138,0.0,13,9,8,0.109
Scfd2,0.085,-0.087,0.153,0.0,12,8,7,0.514
Man1c1,0.085,-0.35,0.385,0.0037,13,8,8,0.228
Cyld,0.085,-0.021,0.122,0.0,13,9,8,0.092
Cyp2s1,0.085,-0.419,0.241,0.002,11,7,7,0.585
Vat1,0.085,-0.002,0.132,0.0,13,9,8,1.408
Cuedc1,0.085,-0.012,0.131,0.0,13,9,8,0.107
Nav1,0.085,0.035,0.165,0.0,13,11,8,1.274
Hps1,0.085,-0.497,0.185,0.0,11,7,7,-0.725
Slc18b1,0.085,-0.167,0.311,0.0,11,6,6,0.167
Siae,0.085,-0.238,0.234,0.0,12,7,8,-0.68
Cbfa2t2,0.085,-0.139,0.239,0.0,12,7,7,-0.23
Ttc19,0.085,0.056,0.13,0.0,13,12,8,0.032
Plpp6,0.085,-0.063,0.18,0.0,10,7,5,0.369
Arhgap12,0.085,-0.022,0.135,0.0,13,8,8,0.16
Setbp1,0.085,-0.201,0.263,0.0003,11,7,6,-2.031
Decr2,0.084,0.001,0.122,0.0,13,10,8,0.449
Ddhd2,0.084,-0.008,0.125,0.0,13,9,8,0.436
Pde4a,0.084,0.009,0.707,0.1227,11,9,6,0.359
Aff4,0.084,0.0,0.155,0.0,13,10,8,0.143
Crocc,0.084,-0.066,0.408,0.1003,10,6,6,-0.259
Rhbdd3,0.084,-0.111,0.179,0.0,13,9,8,0.35
Wdr60,0.084,0.013,0.14,0.0,12,9,7,-0.847
Lbr,0.084,-0.264,0.104,0.0003,13,8,8,-1.882
Ptpn9,0.084,0.039,0.172,0.0,13,10,8,0.583
Dzip3,0.084,0.037,0.104,0.0,13,10,8,0.925
Srpr,0.084,-0.013,0.123,0.0,13,9,8,-0.578
Anapc1,0.084,-0.007,0.195,0.0,13,9,8,-0.422
Prpf18,0.084,0.02,0.131,0.0,13,10,8,0.361
Hps4,0.084,-0.055,0.228,0.0057,13,8,8,0.337
Lrrc8b,0.084,-0.091,0.295,0.0,12,8,7,-0.177
Ptpdc1,0.084,-0.008,0.115,0.0,13,8,8,0.349
Gfod1,0.084,-0.133,0.267,0.0,12,8,8,1.602
Kcnip4,0.084,-0.067,0.335,0.0087,12,9,8,1.86
Ttbk1,0.084,-0.229,0.153,0.0,11,8,7,2.007
Nek6,0.084,-0.366,0.189,0.0,12,8,8,-3.17
Necap1,0.084,-0.014,0.151,0.0,13,8,8,1.392
Sipa1l1,0.084,-0.157,0.144,0.0,13,9,8,-1.353
Deaf1,0.084,0.033,0.266,0.0,13,11,8,0.896
Zfp346,0.084,-0.081,0.187,0.0,13,7,8,0.443
Kcnq5,0.084,-0.029,0.551,0.0502,12,8,7,1.173
Armc7,0.084,-0.826,0.207,0.0,11,6,6,-0.203
Ears2,0.084,-0.09,0.306,0.0,11,6,6,-0.219
Crkl,0.084,0.068,0.132,0.0,11,9,7,-0.017
Gria2,0.084,0.001,0.27,0.001,13,10,8,1.732
Nufip2,0.084,0.035,0.197,0.0,13,10,8,-0.375
Slc25a51,0.084,0.002,0.146,0.0,12,9,7,0.33
Arhgap21,0.084,0.036,0.15,0.0,13,12,8,0.396
Naaa,0.084,-0.084,0.2,0.0,13,9,8,-2.296
Chd6,0.083,0.036,0.14,0.0,13,11,8,-0.388
Nrbp2,0.083,0.003,0.101,0.0,13,10,8,-0.093
Aldh4a1,0.083,-0.144,0.205,0.0011,10,6,6,0.013
D230025D16Rik,0.083,-0.102,0.145,0.0,12,8,7,-0.077
Ipo9,0.083,-0.054,0.185,0.0,13,8,8,-0.023
Myo1d,0.083,0.05,0.328,0.0,11,9,8,-0.348
Cep170,0.083,0.032,0.152,0.0,13,10,8,0.5
Syt3,0.083,-0.045,0.35,0.0137,13,8,8,1.824
mt-Cytb,0.083,-0.053,0.113,0.0,11,8,6,-0.105
Gmfb,0.083,-0.015,0.121,0.0,13,9,8,0.51
Limk1,0.083,-0.022,0.19,0.0,13,9,8,0.674
Lpin2,0.083,0.024,0.121,0.0,13,10,8,0.244
Aplp2,0.083,0.034,0.149,0.0,13,11,8,0.053
Capn15,0.083,-0.052,0.186,0.0,10,7,6,-0.294
Tardbp,0.083,-0.055,0.128,0.0,13,9,8,-0.128
Dhx37,0.083,-0.073,0.236,0.0087,10,6,6,-0.025
Dmxl1,0.083,-0.065,0.214,0.0005,13,8,8,-0.464
Fam189b,0.083,0.033,0.237,0.0,13,12,8,1.531
Map3k13,0.083,-0.227,0.256,0.0015,10,6,6,1.309
Rbfox3,0.083,-0.053,0.232,0.0063,11,8,7,1.212
2610301B20Rik,0.083,-0.075,0.122,0.0,13,7,8,-0.492
Slitrk5,0.083,-0.184,0.327,0.0096,13,7,8,0.238
Pcx,0.083,-0.154,0.303,0.0078,11,7,7,-0.375
Crebl2,0.083,-0.016,0.19,0.0,11,7,7,-0.081
Panx1,0.083,0.029,0.159,0.0,13,12,8,1.148
Tro,0.083,0.037,0.128,0.0,13,11,8,1.71
Pms2,0.083,-0.015,0.236,0.0,13,8,8,0.166
Phox2a,0.083,-0.012,0.221,0.0006,11,7,6,2.092
Mboat7,0.083,-0.016,0.201,0.0,13,9,8,-0.059
Tbc1d23,0.083,0.012,0.125,0.0,13,11,8,-0.561
Pcyox1l,0.083,-0.036,0.165,0.0,13,8,8,0.216
Pirt,0.083,0.003,0.21,0.0,13,10,8,2.369
Mapk7,0.083,0.03,0.199,0.0,13,11,8,-0.271
Ankrd42,0.083,-0.043,0.283,0.0012,10,8,6,0.469
Ctsa,0.083,-0.08,0.234,0.0,13,8,8,-0.968
Gba2,0.082,-0.115,0.324,0.0,13,7,8,0.302
Map4,0.082,-0.027,0.177,0.0,12,7,7,0.696
5031439G07Rik,0.082,0.007,0.12,0.0,13,11,8,0.752
Ssx2ip,0.082,-0.033,0.214,0.0,13,8,8,0.813
Zfp26,0.082,-0.149,0.16,0.0,13,8,8,-0.266
Slc27a3,0.082,-0.092,0.231,0.0031,11,8,6,0.374
B4gat1,0.082,-0.009,0.18,0.0,10,7,5,0.047
Pcsk1,0.082,0.036,0.257,0.0,13,10,8,2.05
Uty,0.082,-0.051,0.199,0.0,13,7,8,-0.107
Agpat4,0.082,0.038,0.167,0.0,13,12,8,1.136
Habp4,0.082,-0.009,0.135,0.0,13,8,8,0.748
Ankrd29,0.082,-0.006,0.387,0.0007,13,9,8,1.59
Ptpn11,0.082,0.054,0.131,0.0,13,11,8,0.037
Dtna,0.082,-0.014,0.148,0.0,13,9,8,0.793
Lonp1,0.082,-0.128,0.107,0.0,13,8,8,-0.045
Osbpl2,0.082,-0.083,0.12,0.0,13,9,8,0.27
Sp1,0.082,-0.158,0.142,0.0,11,7,7,-1.629
Ube3c,0.082,-0.117,0.124,0.0,13,9,8,0.523
Ubl3,0.082,0.033,0.157,0.0,13,11,8,-0.01
Cntrl,0.082,-0.035,0.331,0.0089,10,7,6,-1.534
Mbnl1,0.082,-0.157,0.17,0.0,13,9,8,-0.562
Kat6b,0.082,-0.146,0.105,0.0,12,8,7,-0.53
Ddx6,0.082,0.001,0.134,0.0,13,10,8,0.107
Megf9,0.082,-0.162,0.149,0.0,13,9,8,-1.776
Efcab14,0.082,-0.158,0.148,0.0,12,7,7,-0.35
Slx4ip,0.082,-0.106,0.16,0.0,11,6,6,0.347
Sema4f,0.082,0.02,0.202,0.0,13,10,8,1.857
Pam,0.082,-0.044,0.138,0.0,13,7,8,0.156
Rptor,0.082,-0.089,0.241,0.0,13,8,8,0.249
Nrf1,0.082,-0.209,0.155,0.0,13,8,8,-1.077
Ubn2,0.082,-0.032,0.137,0.0,13,8,8,-0.19
Sybu,0.082,0.035,0.338,0.0011,13,11,8,1.273
Ccdc6,0.082,-0.026,0.23,0.0,13,9,8,0.573
Fbxo34,0.082,-0.07,0.102,0.0002,13,8,8,0.547
Pnmal2,0.082,-0.029,0.192,0.0,13,8,8,0.936
Pik3r4,0.082,-0.03,0.237,0.0,13,9,8,-0.152
Synm,0.082,-0.11,0.152,0.0,13,8,8,0.855
Gprasp2,0.082,-0.048,0.122,0.0,13,8,8,1.282
Napepld,0.082,-0.086,0.328,0.0155,12,7,8,-0.99
Slc35b3,0.081,-0.025,0.117,0.0,13,8,8,-0.552
Dync2h1,0.081,0.003,0.233,0.0,13,10,8,0.273
Ei24,0.081,0.049,0.242,0.0,13,11,8,-0.146
Rbm15b,0.081,0.025,0.119,0.0,13,10,8,0.284
Tgfb3,0.081,-0.39,0.192,0.0,12,7,8,-1.319
Kdm7a,0.081,-0.154,0.138,0.0,11,6,6,-0.667
Lrrc8a,0.081,0.019,0.193,0.0,13,10,8,0.414
Ptprn,0.081,0.024,0.182,0.0,13,10,8,1.652
Dlg5,0.081,0.003,0.179,0.0,13,10,8,0.223
Hps3,0.081,-0.106,0.146,0.0,13,8,8,-0.009
Impad1,0.081,-0.23,0.155,0.0,12,7,7,0.207
Alg1,0.081,-0.072,0.2,0.0,13,8,8,-0.185
Hcfc2,0.081,-0.15,0.191,0.0,13,8,8,-0.215
Senp5,0.081,-0.05,0.112,0.0,13,9,8,0.574
Tmod2,0.081,-0.011,0.124,0.0,13,9,8,0.179
Hey1,0.081,-0.055,0.373,0.0072,13,8,8,-0.585
Plekhm3,0.081,0.03,0.169,0.0,13,10,8,1.311
Zswim3,0.081,-0.088,0.29,0.0,10,5,6,0.754
Scg2,0.081,-0.079,0.225,0.0,13,8,8,1.999
Magi1,0.081,0.034,0.203,0.0,13,10,8,0.659
Kdm5d,0.081,0.005,0.203,0.0021,12,9,8,-0.34
Atf6b,0.081,0.066,0.243,0.0,13,11,8,-0.136
Tbc1d13,0.081,0.047,0.133,0.0,13,11,8,0.449
Eif4enif1,0.081,-0.058,0.163,0.0,13,8,8,-0.007
Xpo5,0.081,-0.145,0.167,0.0,11,6,7,0.233
Pxdn,0.081,-0.01,0.176,0.0,12,9,7,-1.626
Vti1a,0.081,-0.022,0.133,0.0,13,8,8,0.058
Ints2,0.081,-0.079,0.199,0.0,13,7,8,-0.399
Tollip,0.081,-0.089,0.197,0.0,13,8,8,0.406
Gpt2,0.081,0.028,0.177,0.0,13,10,8,-2.217
Elovl7,0.081,0.003,0.187,0.0,13,10,8,1.589
Arhgap24,0.081,-0.112,0.153,0.0,11,6,7,-1.804
Aco2,0.081,-0.142,0.128,0.0,13,8,8,0.475
Nfic,0.081,0.02,0.131,0.0,13,10,8,-0.145
Tmem246,0.081,-0.07,0.171,0.0,11,6,6,1.106
Golga7b,0.081,0.041,0.183,0.0,13,11,8,1.853
Clvs2,0.081,-0.078,0.244,0.0,13,7,8,1.944
Tmem238,0.081,0.004,0.167,0.0,11,9,6,0.349
Glcci1,0.081,-0.053,0.1,0.0,10,8,6,-0.519
2700081O15Rik,0.081,-0.097,0.166,0.0,13,9,8,-0.045
Abcb10,0.08,-0.005,0.207,0.0,13,9,8,0.577
Onecut2,0.08,-0.214,0.388,0.0174,10,6,6,2.158
Sipa1,0.08,-0.407,0.245,0.0,12,7,7,-2.568
Tshz3,0.08,-0.056,0.209,0.0,13,8,8,-0.577
Etnk1,0.08,-0.0,0.201,0.0,13,9,8,0.641
Rgs4,0.08,0.004,0.09,0.0,13,10,8,1.397
Chrna5,0.08,-0.119,0.328,0.0006,13,9,8,1.488
Uggt2,0.08,-0.001,0.16,0.0,13,9,8,0.331
Lsm14b,0.08,-0.179,0.136,0.0,12,8,7,0.535
Cd55,0.08,0.022,0.173,0.0,13,10,8,0.486
Esyt1,0.08,0.007,0.286,0.0,13,10,8,0.692
Myo5a,0.08,-0.009,0.217,0.0,13,8,8,1.551
Cry2,0.08,0.015,0.159,0.0,13,10,8,0.034
Gprasp1,0.08,0.034,0.132,0.0,13,12,8,1.41
Npepps,0.08,0.009,0.126,0.0,13,10,8,0.395
Rab3gap2,0.08,0.06,0.181,0.0,13,11,8,0.513
Mmaa,0.08,-0.17,0.153,0.0,13,7,8,0.098
B430010I23Rik,0.08,-0.042,0.12,0.0,10,7,6,-0.094
Rab33b,0.08,-0.03,0.189,0.0,13,9,8,-0.134
Zc3h7b,0.08,-0.059,0.126,0.0,12,7,7,0.161
Plekhh3,0.08,-0.22,0.27,0.0,12,7,7,-0.775
Ppp1r21,0.08,-0.015,0.162,0.0,12,8,7,0.394
Peg3,0.08,0.035,0.164,0.0,13,11,8,0.222
Cyb5b,0.08,0.06,0.148,0.0,13,13,8,0.386
Pcyt1b,0.08,0.034,0.153,0.0,13,12,8,0.781
Zfp719,0.08,-0.045,0.376,0.0098,11,7,6,-0.383
Arl4c,0.08,-0.009,0.103,0.0,13,9,8,1.013
Rc3h1,0.08,0.025,0.182,0.0,13,11,8,0.452
Mvk,0.08,-0.02,0.107,0.0,13,8,8,0.538
Unk,0.08,-0.257,0.153,0.0,12,8,7,-0.785
Trip11,0.08,0.026,0.183,0.0,13,10,8,-0.359
Trim44,0.08,-0.058,0.125,0.0,13,8,8,0.307
Aaas,0.08,-0.164,0.212,0.0,12,8,7,-0.343
Psen1,0.08,-0.011,0.127,0.0,13,9,8,-0.12
1700025G04Rik,0.08,0.025,0.148,0.0,13,10,8,0.029
Rnf44,0.08,0.046,0.192,0.0,13,10,8,0.057
Dtx4,0.08,-0.039,0.176,0.0,12,7,7,-0.699
Alg2,0.08,-0.017,0.215,0.0,13,8,8,1.659
Lyrm1,0.08,0.012,0.2,0.0,12,10,7,0.72
Ankrd28,0.079,-0.19,0.104,0.0,12,8,8,-0.855
Aldh6a1,0.079,-0.109,0.175,0.0,13,9,8,-1.151
9330159F19Rik,0.079,0.054,0.178,0.0,13,10,8,1.282
Slc4a2,0.079,-0.181,0.173,0.0,13,8,8,-0.724
B230354K17Rik,0.079,-0.061,0.169,0.0,11,8,6,0.289
Evi5l,0.079,-0.003,0.17,0.0,12,9,7,0.551
Tbc1d24,0.079,-0.062,0.259,0.0,12,8,7,1.038
Rin2,0.079,-0.252,0.159,0.0,13,8,8,-1.843
Trmu,0.079,-0.086,0.222,0.0,13,9,8,-0.171
Chpf,0.079,-0.004,0.19,0.0,13,9,8,-0.691
Snx32,0.079,0.039,0.129,0.0,13,11,8,1.273
Derl1,0.079,0.014,0.143,0.0,13,10,8,-0.717
Tmem109,0.079,-0.053,0.213,0.0,13,9,8,-1.185
Qrsl1,0.079,-0.012,0.108,0.0,13,9,8,0.366
Timp2,0.079,-0.018,0.127,0.0,13,9,8,-0.936
Bicd1,0.079,-0.005,0.141,0.0,13,9,8,0.406
Dicer1,0.079,0.025,0.167,0.0,13,10,8,0.536
Gga3,0.079,-0.007,0.152,0.0,13,9,8,0.595
Plcxd3,0.079,-0.022,0.144,0.0,13,9,8,2.391
Zfand3,0.079,0.024,0.184,0.0,13,10,8,0.059
Map9,0.079,-0.033,0.15,0.0,12,8,7,1.727
Tnks2,0.079,-0.077,0.112,0.0,13,9,8,-0.5
Ccnt1,0.079,-0.011,0.106,0.0,13,9,8,-0.394
Asb7,0.079,-0.07,0.172,0.0,13,8,8,-0.109
Pigt,0.079,0.047,0.205,0.0,12,11,7,-0.668
Mlycd,0.079,-0.025,0.115,0.0,13,8,8,0.163
Iars2,0.079,0.003,0.187,0.0,13,10,8,-0.041
Fbxl20,0.079,-0.247,0.16,0.0,13,7,8,0.01
Fbll1,0.079,-0.109,0.163,0.0,13,8,8,2.069
Dhcr7,0.079,0.045,0.227,0.0,13,11,8,0.188
Mapre3,0.079,0.047,0.225,0.0,13,11,8,1.445
Fam193a,0.079,-0.075,0.198,0.0,13,8,8,-0.266
Sart3,0.079,-0.127,0.188,0.0,13,7,8,-0.498
Ahcyl1,0.079,0.027,0.124,0.0,13,11,8,0.086
Dapk1,0.079,-0.062,0.147,0.0,13,9,8,0.671
Inpp5b,0.079,-0.166,0.241,0.0,13,8,8,-0.314
Agbl5,0.079,-0.282,0.158,0.0,10,6,5,0.015
Pgap1,0.079,-0.028,0.177,0.0,13,8,8,0.136
St6galnac6,0.079,0.027,0.138,0.0,13,11,8,0.291
6330409D20Rik,0.079,-0.153,0.336,0.0005,10,6,6,2.058
Disp2,0.079,0.062,0.203,0.0,13,10,8,1.998
2210408I21Rik,0.078,-0.044,0.2,0.0,12,9,7,0.089
Csrnp1,0.078,-0.369,0.175,0.0,11,6,6,-2.832
Smarca1,0.078,0.035,0.205,0.0,13,10,8,1.2
Man2c1,0.078,-0.093,0.142,0.0,13,7,8,-0.042
Aldh3a2,0.078,-0.005,0.145,0.0,13,9,8,0.013
Ttpal,0.078,-0.131,0.178,0.0,13,8,8,0.408
Sidt2,0.078,-0.215,0.171,0.0,13,8,8,-0.493
Stx16,0.078,-0.133,0.17,0.0,13,8,8,-0.761
Arhgef4,0.078,-0.088,0.187,0.0,13,7,8,1.345
Ipo5,0.078,0.03,0.121,0.0,13,12,8,0.402
Ep400,0.078,0.007,0.179,0.0,13,10,8,-0.658
Pcdhac2,0.078,-0.095,0.195,0.0003,11,6,6,1.076
Adap1,0.078,-0.044,0.22,0.0,13,9,8,1.302
Setd1a,0.078,-0.264,0.165,0.0,12,8,7,-0.148
Zdhhc18,0.078,-0.065,0.197,0.0,12,8,7,0.657
Fkbp5,0.078,-0.118,0.133,0.0,13,8,8,0.528
Zfp354c,0.078,-0.093,0.196,0.0,13,8,8,-0.337
Atp13a3,0.078,-0.176,0.203,0.0,13,7,8,-0.375
Eefsec,0.078,-0.107,0.153,0.0,13,7,8,-0.187
Asxl1,0.078,-0.063,0.123,0.0,13,9,8,-0.195
Mob1a,0.078,-0.048,0.128,0.0,11,7,6,-1.799
Med13l,0.078,-0.248,0.123,0.0,12,8,7,-0.82
2810006K23Rik,0.078,-0.026,0.211,0.0,13,9,8,-0.777
Arfgef2,0.078,0.055,0.159,0.0,13,11,8,0.541
Sec24b,0.078,-0.028,0.146,0.0,13,9,8,-0.087
Lrrtm3,0.078,-0.011,0.378,0.0178,11,8,6,0.394
Zfp946,0.078,-0.082,0.148,0.0,13,9,8,0.961
Pigm,0.078,-0.086,0.211,0.0,13,8,8,-0.187
Fgd4,0.078,0.005,0.128,0.0,13,10,8,0.07
Mon2,0.078,0.002,0.287,0.0,13,10,8,-0.127
Homez,0.078,-0.086,0.173,0.0006,11,8,6,-0.006
Fbxl16,0.078,0.015,0.129,0.0,13,10,8,1.573
Raph1,0.078,0.046,0.196,0.0,13,10,8,0.621
Ehd2,0.078,-0.397,0.14,0.0,13,8,8,-1.901
Kdm1b,0.078,-0.127,0.134,0.0012,12,8,7,0.084
Tnrc6a,0.078,-0.05,0.097,0.0,13,8,8,-0.164
Ubr5,0.077,0.036,0.277,0.0,13,10,8,0.46
Adam15,0.077,-0.084,0.232,0.0,13,9,8,-0.049
Stx1a,0.077,0.033,0.147,0.0,13,10,8,1.633
Ap3m2,0.077,0.051,0.235,0.0,13,11,8,0.507
Naa15,0.077,-0.035,0.151,0.0,13,9,8,-0.012
Setd1b,0.077,0.026,0.168,0.0,12,10,7,-0.152
Marveld1,0.077,-0.52,0.201,0.0001,11,7,6,-1.609
Zfp740,0.077,-0.014,0.201,0.0,13,9,8,-0.972
Kbtbd11,0.077,-0.228,0.259,0.0,12,7,7,-0.006
Atp11a,0.077,0.013,0.206,0.0,13,11,8,0.173
Cttnbp2,0.077,0.01,0.228,0.0,13,10,8,-0.176
Crispld1,0.077,-0.07,0.429,0.0212,11,8,6,0.873
Mga,0.077,-0.053,0.197,0.0,13,7,8,-0.183
Rab6b,0.077,0.058,0.118,0.0,13,11,8,1.884
Anxa7,0.077,0.042,0.145,0.0,13,11,8,0.223
Mmab,0.077,-0.039,0.168,0.0,13,7,8,0.273
Msantd4,0.077,0.009,0.176,0.0,12,10,7,0.688
Dst,0.077,-0.008,0.182,0.0,13,9,8,-0.086
Lrp1,0.077,-0.126,0.227,0.0001,12,8,7,-2.439
Mtmr6,0.077,0.019,0.186,0.0,13,11,8,0.938
Fam168a,0.077,0.02,0.201,0.0,13,10,8,0.204
Rtn3,0.077,0.054,0.21,0.0,13,11,8,1.169
Wdfy3,0.077,-0.033,0.195,0.0,13,9,8,0.505
Zmiz2,0.077,-0.084,0.166,0.0,13,8,8,0.32
Cacna1a,0.077,-0.072,0.194,0.0,13,9,8,1.273
Tm9sf4,0.077,0.03,0.144,0.0,13,11,8,-0.171
Sec31a,0.077,0.029,0.115,0.0,13,10,8,-0.426
Map2k5,0.077,-0.005,0.122,0.0,13,9,8,0.013
Wtip,0.077,-0.193,0.172,0.0,11,7,7,-1.076
Wsb2,0.077,-0.03,0.144,0.0,13,9,8,1.018
Wnk1,0.077,0.012,0.171,0.0,13,10,8,-0.576
Dnm1l,0.077,0.012,0.136,0.0,13,10,8,1.217
Pald1,0.077,-0.207,0.528,0.016,11,7,6,-0.989
Tmem161b,0.077,-0.144,0.162,0.0,13,7,8,-0.167
Ypel4,0.077,-0.039,0.222,0.0,12,7,7,1.755
Gk,0.077,-0.091,0.18,0.0,10,6,6,0.007
Syne2,0.077,-0.129,0.223,0.0,12,7,7,-1.909
Got2,0.077,0.022,0.105,0.0,13,13,8,1.246
Snn,0.077,0.021,0.193,0.0,13,10,8,0.604
Ano10,0.077,-0.022,0.165,0.0,13,8,8,0.423
Arfgap3,0.077,-0.042,0.221,0.0,13,8,8,-0.423
Xylt1,0.077,-0.371,0.312,0.0003,10,7,5,-2.11
Copg1,0.077,0.014,0.132,0.0,12,10,7,0.595
Gcnt2,0.077,-0.042,0.173,0.0,13,8,8,0.34
Gga2,0.076,0.048,0.168,0.0,13,11,8,0.646
Itsn1,0.076,0.013,0.162,0.0,13,11,8,-0.636
Nr2c2,0.076,0.059,0.153,0.0,13,12,8,-0.157
Ghitm,0.076,0.059,0.1,0.0,13,10,8,0.474
Sugp1,0.076,-0.047,0.141,0.0,13,9,8,0.115
Cmtm4,0.076,-0.087,0.196,0.0,13,8,8,0.113
Cnot1,0.076,-0.035,0.096,0.0,13,9,8,-0.072
Nek4,0.076,0.012,0.229,0.0,12,10,8,-0.798
Hexb,0.076,0.016,0.153,0.0,13,10,8,-0.859
Pot1a,0.076,-0.035,0.186,0.0,13,9,8,-0.406
Tmem56,0.076,-0.011,0.23,0.0,12,8,7,0.373
Ppp1r16a,0.076,0.03,0.133,0.0,13,11,8,0.05
Atxn2,0.076,0.016,0.15,0.0,13,11,8,0.105
Dgka,0.076,-0.083,0.224,0.0,13,8,8,0.05
Xpot,0.076,0.04,0.153,0.0,13,10,8,0.179
Dixdc1,0.076,-0.034,0.217,0.0001,13,9,8,1.365
Zbtb11,0.076,0.012,0.204,0.0,13,10,8,0.135
Gm14296,0.076,-0.133,0.161,0.0,11,6,6,0.387
Ddhd1,0.076,0.01,0.241,0.0,13,10,8,-0.41
Pde4dip,0.076,0.025,0.141,0.0,13,10,8,1.138
Zdhhc12,0.076,-0.123,0.154,0.0,11,7,6,0.861
Fam171a1,0.076,0.023,0.176,0.0,13,10,8,0.537
Arl6ip5,0.076,-0.025,0.122,0.0,13,8,8,0.352
Kifap3,0.076,0.012,0.143,0.0,13,11,8,1.352
Zfp384,0.076,-0.385,0.177,0.0,10,6,7,-0.511
Ikzf5,0.076,-0.008,0.122,0.0,13,9,8,-0.598
Krba1,0.076,-0.06,0.216,0.0001,12,8,7,0.171
Zfp768,0.076,-0.064,0.28,0.0,10,6,5,-0.461
Zfp651,0.076,-0.083,0.149,0.0,13,8,8,-1.041
Ccdc93,0.076,-0.189,0.171,0.0,13,8,8,-0.303
Atp6v1a,0.076,0.009,0.166,0.0,13,10,8,1.147
Fbxo32,0.076,-0.467,0.169,0.0,10,6,7,-1.995
Pitpnc1,0.076,0.023,0.211,0.0,13,10,8,1.034
Asph,0.076,0.008,0.236,0.0,13,10,8,-0.595
Rbm14,0.076,-0.039,0.284,0.0,13,9,8,-0.344
Ctbs,0.076,-0.284,0.246,0.0032,11,7,7,-2.256
Cpped1,0.076,-0.018,0.196,0.0,13,9,8,-0.106
Arih1,0.076,-0.023,0.124,0.0,13,9,8,-0.193
Armc5,0.076,-0.11,0.373,0.0018,12,7,7,-0.346
Kctd10,0.076,0.007,0.155,0.0,12,10,7,0.116
Uevld,0.076,0.031,0.18,0.0001,11,9,7,0.015
Osbpl1a,0.076,-0.039,0.146,0.0,13,9,8,-0.035
Optn,0.076,-0.071,0.094,0.0,13,7,8,0.091
Polr3c,0.075,-0.094,0.101,0.0,13,8,8,0.233
Lrsam1,0.075,-0.018,0.149,0.0,13,9,8,0.855
Cadps,0.075,0.051,0.192,0.0,13,11,8,1.978
Dpp7,0.075,-0.034,0.249,0.0,13,9,8,-0.803
Inpp5a,0.075,-0.051,0.181,0.0,11,8,7,0.026
Usp7,0.075,-0.018,0.153,0.0,13,9,8,0.047
Tmem63b,0.075,0.032,0.18,0.0,13,13,8,0.514
Aldh7a1,0.075,-0.093,0.126,0.0,13,8,8,-1.303
Actr2,0.075,0.029,0.115,0.0,13,10,8,0.35
Trp53bp1,0.075,-0.011,0.207,0.0,13,9,8,0.862
Nup85,0.075,-0.18,0.186,0.0,13,7,8,-0.378
Galc,0.075,-0.054,0.139,0.0,11,7,7,-0.222
Lbh,0.075,-0.009,0.186,0.0,13,9,8,-0.478
Zfp319,0.075,-0.185,0.105,0.0,11,6,6,-0.119
Ddb1,0.075,0.03,0.137,0.0,13,11,8,0.125
Pkia,0.075,-0.017,0.128,0.0,13,9,8,0.97
Csnk1g1,0.075,-0.003,0.107,0.0,13,8,8,0.31
Nalcn,0.075,0.044,0.161,0.0,13,11,8,1.668
Ermp1,0.075,-0.183,0.192,0.0001,13,9,8,0.145
Cdc16,0.075,-0.059,0.21,0.0,13,7,8,-0.224
Taf1a,0.075,-0.277,0.18,0.0023,11,6,6,-0.697
Trim39,0.075,-0.048,0.127,0.0,13,7,8,0.075
Ado,0.075,-0.247,0.1,0.0,12,8,7,-0.637
Fbxo25,0.075,0.021,0.126,0.0,13,10,8,0.651
Usp4,0.075,-0.053,0.121,0.0,13,8,8,-0.057
Rai2,0.075,-0.05,0.172,0.0014,11,8,6,0.773
Endov,0.075,-0.039,0.118,0.0,12,8,7,-0.031
Itpkb,0.075,-0.295,0.279,0.0013,10,6,5,-1.793
Scarb1,0.075,-0.027,0.316,0.001,13,9,8,-2.176
Smurf1,0.075,0.009,0.187,0.0,13,10,8,0.033
Thada,0.075,-0.011,0.3,0.001,10,6,6,0.049
Ttc21b,0.075,-0.122,0.265,0.0018,12,8,8,0.215
Chp1,0.075,0.016,0.103,0.0,12,10,7,0.785
Ttll5,0.075,-0.003,0.311,0.0001,13,9,8,0.464
Gle1,0.075,-0.021,0.173,0.0,13,9,8,-0.042
Asap1,0.075,0.02,0.36,0.0,13,12,8,0.703
Ap1g1,0.075,0.051,0.129,0.0,13,10,8,0.229
Rfx3,0.075,-0.18,0.252,0.0011,12,7,7,-0.368
Erlin1,0.075,0.04,0.124,0.0,13,11,8,-0.524
Ipo8,0.075,0.03,0.148,0.0,13,12,8,0.393
Slc44a1,0.075,-0.045,0.165,0.0,13,9,8,-1.417
Hsd17b7,0.075,0.011,0.115,0.0,13,11,8,0.532
Sdad1,0.075,0.001,0.138,0.0,13,10,8,0.403
Nfatc2ip,0.075,-0.144,0.208,0.0021,10,6,5,-0.598
Ireb2,0.075,-0.003,0.207,0.0,13,8,8,0.162
Epb41,0.075,-0.038,0.18,0.0,11,8,6,-0.544
Jakmip1,0.075,-0.031,0.151,0.0,13,9,8,2.006
Ptrh1,0.074,-0.15,0.197,0.0,12,7,8,0.379
Ltn1,0.074,-0.025,0.149,0.0,13,9,8,0.041
Mgat4a,0.074,-0.181,0.265,0.0,13,7,8,0.67
Fsd1l,0.074,0.003,0.123,0.0,13,10,8,1.189
Zbtb7a,0.074,0.044,0.154,0.0,13,10,8,-0.299
mt-Co1,0.074,-0.072,0.111,0.0,11,7,6,-0.005
Herc2,0.074,-0.001,0.21,0.0,13,9,8,0.805
Arhgef11,0.074,-0.035,0.137,0.0,13,8,8,0.268
Ercc4,0.074,-0.035,0.271,0.004,13,9,8,-0.023
Gmeb1,0.074,-0.022,0.275,0.0001,12,9,7,-0.096
Gpr61,0.074,0.015,0.18,0.0031,11,9,6,1.973
Rtn2,0.074,-0.011,0.188,0.0,13,9,8,1.96
Irf2bpl,0.074,0.003,0.244,0.0,12,9,7,-0.165
Ap3s2,0.074,0.032,0.158,0.0,13,10,8,0.714
Arhgef7,0.074,-0.002,0.258,0.0028,13,9,8,-0.091
Ubqln1,0.074,0.026,0.164,0.0,13,10,8,0.457
Gal,0.074,-0.236,0.313,0.0,12,6,7,1.856
Efr3b,0.074,-0.062,0.179,0.0,12,8,7,0.686
Trim11,0.074,-0.038,0.115,0.0,13,9,8,-0.346
Pik3r3,0.074,-0.122,0.097,0.0,13,7,8,0.616
Serinc1,0.074,0.027,0.235,0.0,13,10,8,0.964
Rbm12b2,0.074,-0.685,0.392,0.0035,11,6,7,-0.312
Adck5,0.074,-0.058,0.142,0.0,13,8,8,0.406
Camta2,0.074,0.001,0.132,0.0,13,10,8,0.679
Vps50,0.074,-0.172,0.186,0.0,11,7,6,-0.041
Cep104,0.074,-0.077,0.173,0.0,12,8,7,0.204
Ccdc88a,0.074,0.022,0.117,0.0,13,10,8,0.57
Ercc6l2,0.074,-0.262,0.121,0.0,12,7,7,-0.536
Cpeb3,0.073,-0.172,0.156,0.0,13,8,8,0.894
Usp9x,0.073,0.024,0.147,0.0,13,11,8,0.592
2310022A10Rik,0.073,-0.064,0.32,0.0,12,7,7,0.167
Gtf2a1,0.073,-0.151,0.161,0.0,13,8,8,0.199
Ubap2,0.073,0.039,0.104,0.0,13,12,8,0.441
Slc16a2,0.073,-0.008,0.198,0.0,12,9,7,0.275
Slc25a14,0.073,-0.072,0.104,0.0,13,8,8,0.77
Rhbdd2,0.073,0.014,0.194,0.0,13,12,8,0.987
Rlim,0.073,-0.045,0.133,0.0,13,8,8,-0.71
Tspan17,0.073,-0.014,0.195,0.0,13,8,8,1.463
Slc30a7,0.073,-0.065,0.322,0.0001,12,9,7,-0.886
Ttc37,0.073,-0.079,0.153,0.0,12,8,8,0.195
Nrg3,0.073,-0.185,0.26,0.0,13,8,8,2.081
Spata1,0.073,-0.29,0.315,0.0078,11,7,7,-0.31
Atg2a,0.073,-0.161,0.11,0.0,12,8,7,-0.103
Fam53b,0.073,-0.385,0.23,0.0,12,6,7,-1.253
Cux2,0.073,-0.061,0.14,0.0,12,8,7,1.283
Slc2a6,0.073,-0.028,0.211,0.0,13,9,8,1.481
Nptn,0.073,0.019,0.116,0.0,13,11,8,0.541
Mast2,0.073,0.022,0.127,0.0,13,11,8,0.383
Nol4l,0.073,-0.01,0.281,0.0,11,8,6,0.396
Fbxo28,0.073,0.004,0.123,0.0,13,10,8,0.376
Fbxl2,0.073,0.018,0.168,0.0,13,10,8,1.578
Dhx38,0.073,-0.117,0.218,0.0001,13,7,8,-0.711
Dennd1a,0.073,-0.038,0.155,0.0,13,8,8,-0.203
Plekhg5,0.073,-0.066,0.221,0.0,11,8,6,-1.104
Wdr4,0.073,-0.03,0.184,0.0,13,8,8,0.474
Tbp,0.073,-0.221,0.172,0.0,13,8,8,-0.325
Nadk,0.073,-0.041,0.115,0.0,13,9,8,-0.632
Gzf1,0.073,-0.029,0.101,0.0,13,9,8,-0.136
Ccdc106,0.073,-0.011,0.213,0.0,13,8,8,1.872
Mmp16,0.073,-0.086,0.165,0.0,13,7,8,0.893
Tcta,0.073,-0.002,0.2,0.0,13,8,8,0.771
Clip1,0.072,0.044,0.171,0.0,13,11,8,0.041
Mab21l1,0.072,0.03,0.126,0.0,13,12,8,1.424
Gnao1,0.072,0.052,0.117,0.0,13,13,8,1.976
Tyw1,0.072,-0.204,0.19,0.0,13,8,8,-0.211
Glud1,0.072,0.046,0.171,0.0,13,11,8,0.156
Baz2a,0.072,-0.067,0.153,0.0,13,8,8,0.036
Slc25a46,0.072,0.042,0.109,0.0,13,11,8,0.835
Fam222a,0.072,0.043,0.198,0.0001,10,8,6,0.179
Btbd2,0.072,-0.008,0.186,0.0,13,9,8,0.56
Mdn1,0.072,-0.011,0.205,0.005,13,9,8,0.254
Golga2,0.072,0.006,0.126,0.0,13,11,8,0.148
Slc52a2,0.072,-0.04,0.178,0.0,11,8,6,0.088
Fkbp14,0.072,-0.077,0.298,0.0,12,8,8,-1.122
Chgb,0.072,-0.036,0.113,0.0,13,8,8,1.701
Paqr4,0.072,-0.083,0.14,0.0,13,7,8,-0.942
Otud7b,0.072,-0.03,0.152,0.0,13,7,8,-1.075
Insig2,0.072,-0.079,0.096,0.0,13,9,8,0.551
Armcx4,0.072,-0.065,0.196,0.0,12,8,7,0.73
Safb2,0.072,-0.002,0.107,0.0,13,9,8,-0.654
Atp6v1b2,0.072,0.042,0.092,0.0,13,10,8,1.29
Krt222,0.072,-0.083,0.19,0.0,13,8,8,1.86
Tceal6,0.072,-0.149,0.345,0.0,11,6,6,2.188
Ankrd46,0.072,0.018,0.169,0.0,13,10,8,0.731
Cdkl2,0.072,0.038,0.205,0.0,13,13,8,1.779
Myo9a,0.072,0.052,0.121,0.0,13,11,8,0.535
Creb3l2,0.072,-0.056,0.203,0.0,12,7,7,-1.776
Tmf1,0.072,-0.076,0.146,0.0,13,7,8,-0.133
Pogk,0.072,-0.092,0.147,0.0,13,8,8,0.096
Hipk3,0.072,0.027,0.112,0.0,13,11,8,-0.248
Snhg20,0.072,-0.058,0.13,0.0,11,7,6,0.011
Aktip,0.072,-0.002,0.176,0.0,13,9,8,0.438
Fam20b,0.072,-0.019,0.154,0.0,13,9,8,-0.169
Med11,0.072,-0.099,0.161,0.0001,13,7,8,0.384
Dedd2,0.072,-0.089,0.165,0.0,13,8,8,0.543
Pi4k2a,0.072,0.049,0.096,0.0,13,11,8,0.46
Pdia5,0.072,0.039,0.25,0.0002,10,8,7,-1.675
Lgalsl,0.072,-0.057,0.134,0.0,12,7,7,-0.2
Tgoln1,0.072,0.039,0.187,0.0,13,10,8,0.274
Copa,0.071,0.029,0.117,0.0,13,10,8,-0.279
Cog2,0.071,-0.075,0.11,0.0,13,8,8,-0.761
Gla,0.071,-0.089,0.207,0.0001,11,7,7,-0.428
Abcd3,0.071,0.002,0.219,0.0,13,10,8,-0.421
Dcaf8,0.071,0.022,0.129,0.0,13,10,8,-0.393
Dcun1d3,0.071,-0.037,0.143,0.0,13,8,8,-0.092
Srgap2,0.071,-0.103,0.172,0.0,12,8,8,-1.239
Tmem43,0.071,-0.124,0.163,0.0,13,8,8,-1.002
Mbtps1,0.071,-0.047,0.218,0.0,13,9,8,-1.03
Adgrl3,0.071,0.03,0.202,0.0,11,10,6,0.1
BC005537,0.071,0.029,0.152,0.0,13,10,8,0.217
2900097C17Rik,0.071,-0.002,0.172,0.0,10,7,6,0.666
Sccpdh,0.071,0.005,0.168,0.0,13,10,8,0.459
Slc27a4,0.071,0.024,0.209,0.0,13,10,8,1.023
Prkab2,0.071,-0.042,0.098,0.0,13,9,8,0.235
Abhd18,0.071,-0.014,0.184,0.0,11,7,6,0.642
Brap,0.071,0.047,0.126,0.0,13,10,8,-0.25
Pqlc1,0.071,-0.117,0.131,0.0,12,7,7,-0.247
Psme3,0.071,-0.048,0.126,0.0,13,9,8,0.489
Nrsn1,0.071,-0.052,0.138,0.0,13,8,8,2.189
Klc1,0.071,0.031,0.099,0.0,13,10,8,1.498
Trappc5,0.071,-0.067,0.084,0.0,13,9,8,0.258
Pdpk1,0.071,-0.044,0.112,0.0,13,9,8,0.849
Asic2,0.071,-0.083,0.284,0.0,12,7,7,1.688
Lgals8,0.071,-0.053,0.142,0.0,13,9,8,0.475
Fcho2,0.071,-0.028,0.238,0.0,13,9,8,-0.78
Atp6ap2,0.071,0.03,0.151,0.0,13,11,8,0.724
Cep290,0.071,-0.153,0.137,0.0,13,7,8,-0.166
Emsy,0.071,-0.181,0.107,0.0,11,7,6,-0.584
Tagap1,0.071,-0.209,0.142,0.0,13,8,8,0.489
Stat2,0.071,-0.01,0.165,0.0,13,9,8,-0.315
Nudt13,0.071,-0.105,0.231,0.0,13,8,8,-0.783
Atf2,0.071,-0.07,0.083,0.0,13,8,8,0.341
Ogfrl1,0.071,-0.008,0.198,0.0,13,9,8,1.124
Acer3,0.071,-0.171,0.202,0.0,13,8,8,-0.14
Nln,0.071,0.024,0.097,0.0,13,11,8,0.723
Tbc1d5,0.07,-0.037,0.187,0.0,12,8,8,-0.418
Fam57b,0.07,0.033,0.161,0.0,12,10,7,2.58
Senp1,0.07,-0.038,0.183,0.0,12,9,7,-0.659
Nacad,0.07,-0.085,0.155,0.0,13,8,8,1.633
Osbp,0.07,-0.086,0.118,0.0,13,9,8,0.081
Atp1a1,0.07,0.011,0.234,0.0,13,10,8,0.864
Magee2,0.07,-0.399,0.367,0.0501,10,6,6,1.205
Naa35,0.07,-0.022,0.1,0.0,13,9,8,0.074
Wiz,0.07,-0.104,0.119,0.0,13,7,8,0.111
Zfp451,0.07,-0.0,0.121,0.0,13,9,8,0.565
Parvb,0.07,-0.046,0.29,0.0013,13,9,8,1.259
Cptp,0.07,-0.026,0.171,0.0,11,8,6,0.767
Cd200,0.07,-0.004,0.109,0.0,13,9,8,-0.052
Grik5,0.07,0.009,0.15,0.0,13,10,8,0.578
Rngtt,0.07,-0.008,0.112,0.0,13,9,8,0.18
Mapkap1,0.07,0.012,0.106,0.0,13,10,8,-0.319
Gpcpd1,0.07,-0.029,0.145,0.0,13,9,8,-1.132
Fkbp1b,0.07,-0.065,0.179,0.0,13,8,8,2.381
Pcsk1n,0.07,0.036,0.112,0.0,13,12,8,2.148
Ckmt1,0.07,0.012,0.162,0.0017,13,10,8,1.995
Faf1,0.07,-0.046,0.162,0.0,13,8,8,0.602
Pcmtd1,0.07,0.023,0.156,0.0,13,11,8,0.019
Ptpn12,0.07,-0.038,0.104,0.0,13,9,8,-0.528
Ptpn4,0.07,0.009,0.148,0.0,13,10,8,0.385
March8,0.07,0.049,0.14,0.0,11,9,6,0.539
Stat6,0.07,-0.063,0.121,0.0,13,8,8,-1.011
Grsf1,0.07,0.011,0.111,0.0,13,10,8,0.764
Pten,0.07,-0.021,0.091,0.0,13,8,8,0.038
Uvrag,0.07,-0.081,0.118,0.0,13,8,8,-0.301
Pomgnt1,0.07,-0.025,0.104,0.0,13,9,8,0.186
Elmod1,0.07,-0.329,0.295,0.0021,11,6,7,1.53
Emb,0.07,-0.07,0.258,0.0,13,9,8,1.572
Lcor,0.07,-0.051,0.259,0.0,12,8,7,-0.116
Crebrf,0.07,-0.067,0.159,0.0,12,8,7,-0.579
Slc16a3,0.07,-0.001,0.305,0.0001,10,7,5,1.488
Shtn1,0.07,0.017,0.154,0.0,11,10,6,0.815
mt-Nd4,0.07,-0.014,0.105,0.0,11,8,6,-0.012
Siah2,0.07,-0.02,0.246,0.0,13,9,8,-0.165
Ncs1,0.07,0.014,0.153,0.0,13,10,8,1.75
Colgalt1,0.07,-0.073,0.095,0.0,11,7,6,-0.751
Gyg,0.07,-0.023,0.169,0.0,13,8,8,0.86
Setd2,0.069,-0.018,0.161,0.0,13,9,8,-0.293
Pde3b,0.069,-0.226,0.236,0.0,11,7,7,-0.144
Smim1,0.069,-0.094,0.141,0.0,11,6,6,0.455
Pik3r2,0.069,0.015,0.104,0.0,13,10,8,-0.342
Zxdc,0.069,-0.031,0.281,0.0,12,8,7,-0.3
Map7,0.069,-0.256,0.172,0.0,12,7,7,0.95
Acad11,0.069,-0.016,0.163,0.0013,12,9,8,-0.064
Morn4,0.069,-0.006,0.134,0.0,13,9,8,1.522
Cacnb3,0.069,0.016,0.127,0.0,13,10,8,1.886
Acsl6,0.069,0.015,0.235,0.0002,13,10,8,1.751
Lrba,0.069,-0.133,0.274,0.0017,12,8,7,-0.173
Map1b,0.069,-0.013,0.165,0.0,12,8,7,1.684
Prps1,0.069,-0.055,0.148,0.0,13,8,8,0.677
Nvl,0.069,-0.046,0.115,0.0,13,9,8,-0.11
Amph,0.069,0.012,0.122,0.0,13,11,8,0.923
Dlgap4,0.069,0.022,0.209,0.0,13,10,8,0.361
Arhgap5,0.069,-0.098,0.234,0.0,13,9,8,-1.129
Mre11a,0.069,-0.089,0.127,0.0,11,8,7,-0.655
Ctc1,0.069,-0.125,0.119,0.0,12,8,7,-0.263
Cyb5d2,0.069,-0.015,0.109,0.0,13,8,8,0.18
Gm13830,0.069,-0.084,0.175,0.0,10,6,5,0.083
Lpcat1,0.069,-0.019,0.233,0.0,12,8,7,-0.019
Parva,0.069,0.006,0.244,0.0,13,10,8,1.285
Rell2,0.069,0.051,0.204,0.0,12,12,7,2.316
Prkaa2,0.069,-0.035,0.138,0.0,13,7,8,1.476
Lrrc75a,0.069,-0.064,0.241,0.0,10,7,5,-0.199
Fbxl19,0.069,-0.131,0.278,0.0002,12,8,7,0.568
Ncapd2,0.069,-0.21,0.281,0.0007,11,7,6,-1.429
Eva1c,0.069,-0.222,0.274,0.0005,12,8,7,0.176
Mgat4b,0.068,-0.015,0.184,0.0,13,9,8,0.842
Paqr7,0.068,-0.053,0.186,0.0,13,8,8,0.44
Tbc1d10b,0.068,0.014,0.107,0.0,13,10,8,0.755
Atp6v0c,0.068,-0.04,0.15,0.0,11,6,7,1.026
Pced1b,0.068,-0.145,0.333,0.0,11,8,6,0.497
Pianp,0.068,-0.09,0.167,0.0,12,7,7,1.458
Wipi2,0.068,-0.077,0.115,0.0,13,8,8,0.248
Spry1,0.068,-0.435,0.423,0.0003,11,6,6,-1.673
Nampt,0.068,-0.037,0.137,0.0,13,8,8,0.462
Rnf14,0.068,0.032,0.087,0.0,13,11,8,1.107
Nutf2,0.068,-0.069,0.147,0.0,11,7,6,0.089
Sik3,0.068,-0.12,0.218,0.0,12,8,7,-0.261
Ctxn1,0.068,-0.058,0.167,0.0,12,8,7,1.959
Mical2,0.068,-0.216,0.137,0.0,12,7,8,-1.083
Dock11,0.068,-0.039,0.194,0.0,13,9,8,0.729
Gnai3,0.068,-0.063,0.091,0.0,13,7,8,-0.185
Abcd2,0.068,-0.109,0.398,0.0152,12,8,7,-0.446
Vps9d1,0.068,-0.062,0.167,0.0,12,8,7,0.316
Nudt6,0.068,-0.272,0.389,0.0046,10,6,6,-0.164
Arhgap32,0.068,-0.019,0.199,0.0015,13,8,8,-0.683
Samd4b,0.068,-0.113,0.121,0.0,13,9,8,-0.649
Avl9,0.068,-0.077,0.216,0.0,13,7,8,0.055
Neo1,0.068,-0.101,0.118,0.0,13,8,8,0.299
Prmt7,0.068,0.016,0.085,0.0,13,10,8,0.56
Ina,0.068,0.02,0.203,0.0,11,9,6,2.292
Kif26b,0.068,-0.17,0.226,0.0016,12,8,7,1.378
Cenpc1,0.068,0.017,0.114,0.0,13,10,8,-0.052
Dpysl5,0.068,-0.007,0.145,0.0,13,9,8,1.46
Zfp7,0.068,-0.104,0.34,0.0058,10,6,6,0.397
Wrnip1,0.068,-0.042,0.146,0.0,13,9,8,0.386
Lin54,0.068,-0.128,0.207,0.0001,12,9,7,-0.38
Trdmt1,0.068,0.001,0.33,0.0,11,9,6,-0.83
Tmem59l,0.068,-0.015,0.24,0.0,13,9,8,2.126
Tm6sf1,0.068,-0.099,0.169,0.0,13,7,8,0.559
Skap2,0.068,-0.039,0.441,0.0157,13,7,8,-0.549
Wnk2,0.067,-0.015,0.219,0.0,12,8,7,0.85
Dnajb4,0.067,0.009,0.172,0.0,13,10,8,-0.391
Kif3a,0.067,-0.025,0.163,0.0,13,9,8,0.622
Abca5,0.067,-0.06,0.215,0.0,13,7,8,0.499
Slco3a1,0.067,-0.125,0.244,0.0,13,8,8,-0.062
Mia3,0.067,-0.001,0.152,0.0,13,9,8,0.219
Zfp738,0.067,-0.255,0.221,0.0,12,7,8,0.141
Arhgdig,0.067,-0.036,0.16,0.0,13,9,8,2.104
Nefm,0.067,-0.171,0.092,0.0,12,8,8,1.694
Dym,0.067,-0.017,0.197,0.0,13,9,8,0.261
Bcap29,0.067,-0.006,0.211,0.0,13,9,8,0.956
Tufm,0.067,-0.121,0.105,0.0,13,8,8,0.28
Cant1,0.067,0.013,0.241,0.0,13,12,8,-0.564
Elavl2,0.067,0.043,0.094,0.0,13,10,8,2.128
Ctr9,0.067,-0.013,0.119,0.0,13,9,8,0.002
Dpysl2,0.067,0.022,0.108,0.0,13,11,8,1.312
Zfp27,0.067,-0.216,0.202,0.0,11,6,6,0.093
Dock3,0.067,-0.03,0.196,0.0,13,8,8,1.863
Asphd2,0.067,-0.015,0.1,0.0,13,9,8,1.826
Ahcyl2,0.067,-0.007,0.117,0.0,13,9,8,0.848
Hs6st1,0.067,-0.026,0.205,0.0,13,9,8,0.63
Evl,0.067,0.02,0.094,0.0,13,12,8,1.441
Arl2bp,0.067,0.013,0.154,0.0,13,10,8,0.016
Nomo1,0.067,-0.023,0.206,0.0,13,8,8,0.757
Rnpepl1,0.067,-0.152,0.124,0.0,12,7,7,-1.215
Grk6,0.067,-0.024,0.135,0.0,13,9,8,0.288
Ephx1,0.067,-0.113,0.167,0.0,12,7,8,0.052
Rpusd3,0.067,-0.115,0.493,0.0729,11,7,7,0.243
Mapk1ip1l,0.067,-0.204,0.149,0.0,13,9,8,-0.052
Fdft1,0.067,-0.016,0.116,0.0,13,8,8,0.839
Ergic2,0.067,0.034,0.133,0.0,13,10,8,0.069
Akap7,0.067,0.02,0.325,0.0003,13,10,8,0.944
Stt3a,0.067,0.016,0.171,0.0,13,11,8,-1.057
Coro1c,0.067,-0.039,0.132,0.0,13,8,8,0.428
Ampd3,0.067,0.012,0.139,0.0,12,10,8,0.432
Clptm1,0.067,0.017,0.162,0.0,13,11,8,-0.057
Mllt1,0.066,-0.108,0.133,0.0,12,7,7,0.123
Wdr25,0.066,-0.093,0.317,0.0005,10,6,7,0.293
Zmym2,0.066,-0.043,0.12,0.0,13,7,8,0.305
Adcyap1r1,0.066,-0.147,0.357,0.0038,11,7,6,1.134
Ndst2,0.066,-0.048,0.154,0.0008,10,7,6,-1.005
Adat1,0.066,-0.068,0.207,0.0016,12,6,7,0.089
Tada2b,0.066,-0.103,0.303,0.0,11,7,7,0.054
Rgs7bp,0.066,0.021,0.233,0.0,13,10,8,1.4
Jmy,0.066,-0.134,0.151,0.0,13,8,8,-0.548
Aagab,0.066,-0.152,0.094,0.0,13,8,8,0.011
Plekhb2,0.066,0.013,0.157,0.0,13,11,8,1.523
Zbtb37,0.066,-0.137,0.305,0.0004,11,7,6,-0.588
Trmt1,0.066,-0.011,0.134,0.0,13,8,8,0.529
Hspa5,0.066,-0.095,0.09,0.0,13,7,8,-1.064
Fbrsl1,0.066,-0.055,0.176,0.0,12,8,7,0.043
Rsph9,0.066,-0.169,0.175,0.0,12,7,7,0.408
Zdhhc16,0.066,0.001,0.198,0.0,13,10,8,0.09
Supt20,0.066,0.033,0.271,0.001,12,10,7,-0.539
Iqce,0.066,-0.147,0.292,0.0001,12,7,7,-0.095
Fbxw5,0.066,-0.039,0.168,0.0,13,8,8,0.195
Prkar1a,0.066,-0.007,0.119,0.0,13,9,8,0.26
Scarb2,0.066,0.019,0.212,0.0,13,10,8,-0.608
Tppp,0.066,0.046,0.18,0.0,13,10,8,1.446
Arhgap33,0.066,-0.26,0.111,0.0,13,8,8,0.812
Fbxo45,0.066,0.038,0.091,0.0,13,10,8,0.908
Rcor3,0.066,-0.048,0.131,0.0,13,9,8,-0.068
Klc2,0.066,0.013,0.108,0.0,13,10,8,1.687
Baz1b,0.066,0.024,0.144,0.0,13,11,8,-0.479
Kcnq4,0.065,-0.35,0.307,0.0123,10,6,6,-0.396
Armc9,0.065,-0.116,0.157,0.0,13,9,8,0.201
Osbp2,0.065,-0.144,0.224,0.0006,13,7,8,1.885
Ttl,0.065,-0.082,0.091,0.0,13,9,8,1.236
Ttll11,0.065,-0.046,0.174,0.0,12,9,8,1.512
Asb1,0.065,0.014,0.199,0.0,13,10,8,1.275
Rgs19,0.065,-0.029,0.111,0.0,13,8,8,0.686
Ranbp6,0.065,-0.053,0.203,0.0,13,9,8,1.047
Mynn,0.065,-0.118,0.109,0.0,13,8,8,-0.531
Dcp2,0.065,-0.022,0.192,0.0,13,9,8,-0.05
mt-Nd2,0.065,-0.085,0.096,0.0,11,8,6,0.116
Usp14,0.065,-0.034,0.096,0.0,13,9,8,1.071
Nup205,0.065,-0.067,0.243,0.0,11,7,7,-0.361
Ctsb,0.065,-0.048,0.099,0.0,13,9,8,0.144
Bop1,0.065,-0.118,0.116,0.0,13,8,8,0.639
Ube2o,0.065,0.053,0.13,0.0,13,11,8,1.336
Extl2,0.065,-0.015,0.367,0.0028,13,9,8,0.176
Gramd4,0.065,-0.006,0.151,0.0,13,9,8,-0.342
Dlst,0.065,-0.002,0.158,0.0,13,9,8,0.353
Npy1r,0.065,-0.288,0.281,0.0005,10,5,6,0.661
Stk38l,0.065,-0.137,0.24,0.0,13,8,8,0.374
Gpd2,0.065,-0.059,0.196,0.0,13,8,8,0.168
Atrn,0.065,0.0,0.213,0.0,13,10,8,-0.006
Rora,0.065,-0.205,0.157,0.0,12,8,7,-0.932
Flad1,0.065,-0.148,0.152,0.0,13,8,8,0.391
Tpp2,0.065,-0.013,0.12,0.0,13,9,8,0.235
Nprl3,0.065,-0.085,0.21,0.0,13,8,8,0.224
Ipo13,0.065,-0.107,0.237,0.0,13,8,8,0.154
Gmeb2,0.065,-0.24,0.123,0.0,11,8,7,-0.198
Arih2,0.065,-0.025,0.23,0.0,13,8,8,-0.255
Atp6v1h,0.065,0.008,0.077,0.0,13,10,8,1.019
Uba1,0.065,0.007,0.103,0.0,13,10,8,0.6
Fmnl1,0.065,-0.095,0.186,0.0,13,7,8,0.495
Stim1,0.065,-0.078,0.186,0.0,12,8,8,-0.527
Trappc10,0.065,-0.022,0.198,0.0,13,8,8,0.431
Zfp407,0.065,-0.005,0.119,0.0,11,8,7,-0.338
Rps6kl1,0.065,-0.086,0.214,0.0,13,7,8,1.805
Ankzf1,0.065,-0.129,0.133,0.0,13,7,8,0.126
Ankrd13d,0.065,0.0,0.191,0.0,13,10,8,1.372
Leng8,0.065,-0.024,0.183,0.0,13,7,8,-0.457
Trabd,0.065,-0.003,0.221,0.0,13,9,8,0.233
Gapvd1,0.065,0.047,0.133,0.0,13,11,8,0.2
mt-Nd1,0.065,-0.081,0.1,0.0,11,8,6,0.075
2900093K20Rik,0.065,-0.056,0.182,0.0,11,6,6,0.798
Timp4,0.065,0.009,0.132,0.0012,10,8,5,0.55
Smpd3,0.064,-0.015,0.132,0.0,13,9,8,1.706
Tm9sf3,0.064,-0.069,0.125,0.0,13,7,8,-0.544
Mprip,0.064,0.029,0.118,0.0,13,11,8,-0.29
Ino80c,0.064,-0.06,0.233,0.0,13,8,8,0.317
Impdh1,0.064,-0.003,0.106,0.0,13,9,8,0.915
Gpr75,0.064,-0.265,0.264,0.0,11,6,7,1.619
Cog5,0.064,-0.025,0.148,0.0,13,9,8,-0.119
Lmbrd1,0.064,-0.05,0.137,0.0,13,9,8,-0.112
Dynlt1a,0.064,-0.114,0.144,0.0,11,6,7,0.829
Lig3,0.064,-0.218,0.138,0.0,13,8,8,-0.342
Specc1l,0.064,-0.031,0.164,0.0,13,8,8,-0.263
Satb1,0.064,-0.0,0.13,0.0,13,9,8,0.716
Cables1,0.064,-0.351,0.17,0.0003,10,6,5,0.324
Akap8l,0.064,0.012,0.18,0.0,13,10,8,-0.378
Mapk1,0.064,-0.006,0.113,0.0,13,9,8,0.602
Atg4c,0.064,-0.274,0.144,0.0,13,7,8,0.057
Tnrc6b,0.064,-0.03,0.146,0.0,13,9,8,-0.303
Zrsr2,0.064,-0.042,0.172,0.0,13,8,8,0.334
Gosr1,0.064,-0.007,0.079,0.0,13,9,8,-0.026
Pafah2,0.064,-0.053,0.235,0.0,12,8,8,0.103
mt-Co2,0.064,-0.034,0.107,0.0,11,7,6,-0.079
Tigar,0.064,-0.011,0.1,0.0,11,7,6,1.439
Hgh1,0.064,-0.324,0.162,0.0,10,6,5,0.172
Rbms1,0.064,-0.014,0.121,0.0,13,9,8,0.145
Rangap1,0.064,0.02,0.106,0.0,13,10,8,0.843
Acsl3,0.064,0.031,0.124,0.0,13,11,8,0.279
Tmem169,0.064,-0.011,0.143,0.0,13,9,8,2.2
Zmynd8,0.064,0.001,0.102,0.0,13,10,8,0.261
Usp8,0.064,-0.019,0.117,0.0,13,9,8,0.0
Mier2,0.064,-0.031,0.321,0.0009,13,9,8,0.376
Mtx3,0.064,-0.175,0.268,0.0,13,7,8,0.355
Pigc,0.064,-0.213,0.348,0.0007,13,8,8,-0.417
Itm2c,0.064,-0.024,0.213,0.0,13,9,8,-0.809
Spin1,0.064,-0.012,0.157,0.0,13,9,8,0.572
Cpsf2,0.064,-0.005,0.152,0.0,13,9,8,0.439
Hexdc,0.064,-0.01,0.141,0.0,13,9,8,0.503
Arl8b,0.064,0.013,0.137,0.0,13,10,8,0.462
Rnf11,0.064,0.007,0.106,0.0,13,10,8,0.801
Myt1l,0.064,0.011,0.159,0.0,13,10,8,2.202
Pdcl,0.063,-0.009,0.085,0.0,13,8,8,0.17
Mast3,0.063,-0.239,0.183,0.0,13,9,8,0.102
Gmip,0.063,0.007,0.224,0.0,12,10,7,0.245
Bcas3,0.063,-0.11,0.096,0.0,13,7,8,0.282
Tmed8,0.063,-0.064,0.237,0.0006,13,7,8,0.407
Pcsk7,0.063,-0.1,0.142,0.0,13,8,8,-0.096
Nfat5,0.063,-0.099,0.142,0.0,13,8,8,-0.273
Maoa,0.063,-0.011,0.151,0.0,13,9,8,1.171
Usp29,0.063,0.014,0.203,0.0,12,10,7,1.313
Ttc3,0.063,-0.012,0.106,0.0,13,8,8,1.442
Ncam2,0.063,0.007,0.205,0.0,13,10,8,1.303
Dip2b,0.063,-0.02,0.149,0.0,13,8,8,-1.127
Gucy1a2,0.063,0.009,0.227,0.0007,11,9,7,-0.151
Lancl3,0.063,-0.118,0.295,0.0136,13,8,8,2.234
Gpd1l,0.063,-0.001,0.193,0.0,13,9,8,0.642
Mapk10,0.063,0.021,0.103,0.0,13,10,8,1.985
Ap3d1,0.063,0.01,0.14,0.0,13,10,8,0.471
Hdac6,0.063,-0.036,0.119,0.0,13,8,8,0.566
Gtpbp1,0.063,-0.171,0.18,0.0,12,7,7,-0.358
Dcaf12l1,0.063,-0.094,0.205,0.0,12,7,7,1.739
Adar,0.063,-0.047,0.177,0.0,13,8,8,0.784
Shisa4,0.063,-0.017,0.098,0.0,13,8,8,-0.071
Pak1,0.063,-0.024,0.141,0.0,13,9,8,1.832
Rbm43,0.063,-0.228,0.13,0.0,13,9,8,0.339
Cul9,0.063,0.003,0.241,0.0,12,9,7,0.543
Tmem150a,0.063,0.005,0.16,0.0,12,9,7,-0.973
Prss36,0.063,-0.127,0.303,0.0,12,6,7,0.844
5031425E22Rik,0.063,-0.107,0.088,0.0,12,7,7,-0.481
Gnpat,0.063,-0.316,0.102,0.0,13,7,8,-0.108
Ttll12,0.063,-0.038,0.253,0.0,13,8,8,0.405
Tnip1,0.063,-0.019,0.092,0.0,13,7,8,0.186
Csk,0.063,-0.04,0.113,0.0,13,8,8,0.649
Igf2bp3,0.063,-0.181,0.14,0.0,10,6,5,-0.367
Tbc1d17,0.063,-0.01,0.094,0.0,13,8,8,-0.336
Epn2,0.063,0.024,0.105,0.0,13,10,8,0.402
Wwp2,0.063,-0.117,0.47,0.0168,13,9,8,-0.093
Hdac11,0.063,-0.038,0.13,0.0,13,8,8,1.26
Txndc11,0.063,-0.047,0.15,0.0,13,8,8,-0.612
Tango2,0.063,-0.065,0.096,0.0,12,8,7,0.926
Btbd9,0.063,-0.073,0.178,0.0,13,9,8,0.221
Pcdhb7,0.063,-0.125,0.2,0.0006,10,6,5,0.513
Sigmar1,0.063,-0.034,0.202,0.0,13,9,8,0.544
Enah,0.063,0.015,0.25,0.0,13,10,8,1.374
Vps35,0.063,0.034,0.099,0.0,13,11,8,0.467
Ctnnd1,0.062,-0.077,0.112,0.0,13,8,8,-0.731
Lrrc58,0.062,-0.015,0.177,0.0,13,8,8,0.456
Ppp3ca,0.062,-0.09,0.098,0.0,13,7,8,0.265
Tecr,0.062,0.007,0.089,0.0,13,10,8,0.681
Shb,0.062,-0.086,0.188,0.0,12,7,7,0.451
Taok2,0.062,-0.057,0.11,0.0,13,9,8,-0.462
Tmem33,0.062,-0.029,0.192,0.0,13,7,8,-0.563
Foxj2,0.062,-0.142,0.145,0.0,13,8,8,-0.19
Stxbp5l,0.062,-0.119,0.104,0.0,13,8,8,1.876
Xrcc1,0.062,-0.085,0.092,0.0,13,7,8,-0.443
Srp14,0.062,-0.041,0.094,0.0,13,7,8,0.511
Gtf3c4,0.062,-0.099,0.12,0.0,13,7,8,0.229
Nlrx1,0.062,-0.161,0.202,0.0001,12,7,7,0.073
Arfgap1,0.062,-0.032,0.153,0.0,13,8,8,-0.489
Fem1c,0.062,-0.135,0.109,0.0,13,7,8,-0.221
Mtmr3,0.062,-0.064,0.175,0.0,13,7,8,0.053
Phf14,0.062,0.036,0.107,0.0,13,11,8,-0.067
Akap17b,0.062,-0.047,0.222,0.0,13,8,8,1.497
Avil,0.062,-0.09,0.085,0.0,13,8,8,1.563
Camta1,0.062,0.013,0.144,0.0,13,11,8,1.232
Ppp1r15b,0.062,0.005,0.214,0.0,13,11,8,-0.839
Vmac,0.062,-0.123,0.15,0.0,12,8,7,-0.508
Smpd1,0.062,-0.038,0.14,0.0,13,9,8,0.474
Thap1,0.062,-0.071,0.13,0.0,13,7,8,-0.346
Utp15,0.062,-0.156,0.109,0.0,13,8,8,0.156
Rabgap1,0.062,0.052,0.153,0.0,13,10,8,0.343
Fam210a,0.062,-0.091,0.098,0.0,12,9,7,0.341
Klhl28,0.062,-0.166,0.207,0.0,13,8,8,0.641
Agap1,0.062,0.013,0.131,0.0,13,10,8,0.414
Tuba4a,0.062,-0.073,0.145,0.0,13,8,8,1.367
Cacng4,0.062,-0.146,0.276,0.0017,11,7,6,1.214
Rbm42,0.062,-0.089,0.132,0.0,12,7,7,-0.014
Lrrc28,0.061,-0.038,0.178,0.0,13,9,8,0.143
Ttc28,0.061,-0.065,0.14,0.0,12,7,7,-0.564
Chn1,0.061,0.014,0.118,0.0,13,11,8,1.581
Mirg,0.061,-0.049,0.201,0.0,13,8,8,0.629
Usp38,0.061,-0.276,0.198,0.0,12,7,8,-0.016
Dpagt1,0.061,-0.009,0.208,0.0,13,9,8,0.046
Eif2s3x,0.061,-0.003,0.118,0.0,13,9,8,0.443
Bean1,0.061,-0.036,0.127,0.0,13,8,8,1.761
Zdhhc2,0.061,0.029,0.189,0.0,13,10,8,0.353
Hira,0.061,-0.006,0.113,0.0,13,9,8,0.323
Wdtc1,0.061,-0.088,0.16,0.0,13,9,8,0.5
Tpmt,0.061,-0.154,0.212,0.0,12,8,8,-0.308
Strbp,0.061,-0.032,0.078,0.0,13,8,8,1.516
Clptm1l,0.061,-0.055,0.228,0.0,13,8,8,-0.146
Syne1,0.061,-0.018,0.226,0.0005,13,9,8,0.373
Nudt11,0.061,0.007,0.115,0.0,13,10,8,1.601
Hnrnpul1,0.061,0.016,0.106,0.0,12,10,7,-0.743
Gmpr2,0.061,-0.019,0.149,0.0,13,9,8,-0.046
Preb,0.061,-0.038,0.13,0.0,13,8,8,-0.029
Casc4,0.061,0.015,0.095,0.0,12,10,7,0.311
Tnrc6c,0.061,-0.073,0.189,0.0,13,8,8,-0.033
Mtmr1,0.061,-0.035,0.279,0.0016,13,9,8,0.106
Ick,0.061,-0.017,0.14,0.0,12,8,7,-0.174
Brox,0.061,-0.008,0.102,0.0,13,8,8,0.584
Mapk12,0.061,0.032,0.111,0.0,13,11,8,0.844
Ehbp1,0.061,-0.02,0.158,0.0,13,9,8,-0.844
Stk11,0.061,-0.033,0.103,0.0,13,8,8,-0.189
Emc3,0.061,-0.047,0.106,0.0,12,9,7,-0.446
Gpx3,0.061,-0.23,0.395,0.0224,12,7,7,0.399
Msi2,0.061,0.009,0.13,0.0,13,10,8,-0.235
1110002L01Rik,0.061,-0.156,0.134,0.0,11,7,6,1.101
Tubg2,0.061,-0.056,0.116,0.0,13,7,8,2.014
Zfp74,0.061,-0.338,0.208,0.0,13,7,8,-0.028
Calr,0.061,-0.007,0.089,0.0,13,9,8,-0.62
Vps13c,0.061,-0.098,0.184,0.0,12,7,8,0.807
Gatad2a,0.061,-0.087,0.087,0.0,13,9,8,0.038
Vars,0.061,-0.091,0.267,0.0,13,7,8,-0.057
Gtf2ird1,0.061,-0.057,0.215,0.0,13,9,8,0.094
Slk,0.061,-0.011,0.157,0.0,13,9,8,-0.105
Samd10,0.06,-0.016,0.139,0.0,13,8,8,1.569
Dis3l,0.06,-0.215,0.14,0.0,13,8,8,0.031
Btd,0.06,-0.191,0.241,0.0,11,6,6,-1.379
Gfm2,0.06,-0.031,0.222,0.0,13,8,8,0.037
Ppp1r8,0.06,-0.204,0.118,0.0,13,8,8,-0.085
Pdia4,0.06,-0.027,0.157,0.0,13,8,8,-1.594
Cdk20,0.06,-0.187,0.15,0.0,12,8,7,-0.364
Dhrs13,0.06,-0.003,0.142,0.0,12,9,7,1.125
Phc3,0.06,-0.094,0.192,0.0,13,9,8,-0.386
Abcb1a,0.06,-0.374,0.402,0.0106,12,6,8,0.283
Mapk6,0.06,-0.118,0.137,0.0,13,9,8,0.068
Mapk8ip1,0.06,0.023,0.153,0.0,13,11,8,1.062
Nmt2,0.06,-0.005,0.138,0.0,13,9,8,0.441
Fkbp15,0.06,-0.121,0.131,0.0,13,8,8,-0.17
Kmt2a,0.06,-0.072,0.135,0.0002,11,8,6,0.002
Cltc,0.06,0.027,0.126,0.0,13,13,8,0.51
Cthrc1,0.06,-0.201,0.267,0.0,11,6,6,-2.9
4930402H24Rik,0.06,-0.006,0.215,0.0,13,9,8,0.06
4930503L19Rik,0.06,-0.236,0.157,0.0,11,6,7,-0.448
Ftx,0.06,-0.096,0.139,0.0,11,7,7,0.033
Nacc2,0.06,-0.27,0.325,0.0001,13,7,8,-0.548
Ldah,0.06,-0.028,0.081,0.0,11,6,6,0.227
Gch1,0.06,-0.166,0.267,0.0,11,8,6,1.73
Sec23ip,0.06,-0.148,0.216,0.0003,13,8,8,-0.123
Zfyve16,0.06,-0.044,0.202,0.0002,13,8,8,-0.344
Parp6,0.06,0.015,0.186,0.0,13,10,8,1.56
Tex10,0.06,-0.027,0.144,0.0,13,8,8,-0.171
Ascc3,0.06,-0.047,0.125,0.0,13,9,8,-0.322
Csnk1d,0.06,-0.007,0.118,0.0,13,8,8,-0.123
Ifi30,0.06,-0.106,0.282,0.0016,11,7,6,-0.694
Ccny,0.06,0.021,0.096,0.0,13,10,8,-0.53
Stxbp2,0.06,-0.292,0.174,0.0,11,7,6,-0.559
Gpr27,0.06,-0.014,0.185,0.0,12,9,7,0.933
Armcx2,0.06,0.012,0.139,0.0,13,10,8,0.49
Sptlc2,0.06,-0.026,0.194,0.0,13,8,8,-0.505
Dgkb,0.06,-0.079,0.279,0.0,13,9,8,1.639
Stk38,0.06,-0.027,0.131,0.0,13,9,8,-0.568
Prrc2c,0.06,-0.05,0.072,0.0,13,9,8,-0.399
Cdc42se2,0.06,-0.108,0.153,0.0,13,8,8,-0.02
Nsmaf,0.06,-0.012,0.157,0.0,13,8,8,-0.648
Klhl7,0.06,0.039,0.134,0.0,13,11,8,0.507
Insr,0.06,-0.127,0.168,0.0,13,9,8,0.059
Bivm,0.06,-0.165,0.182,0.0,12,7,7,0.476
Daam1,0.059,-0.043,0.16,0.0,13,9,8,0.827
1110008P14Rik,0.059,-0.034,0.107,0.0,13,8,8,1.63
Gfpt1,0.059,-0.044,0.107,0.0,13,9,8,-0.788
Galnt1,0.059,0.015,0.166,0.0,13,10,8,-0.531
Cotl1,0.059,-0.19,0.188,0.0,12,7,7,-1.796
Dnm3,0.059,-0.022,0.153,0.0,13,9,8,1.083
Nup188,0.059,-0.228,0.197,0.0002,12,8,7,-0.369
Samhd1,0.059,0.002,0.093,0.0,13,10,8,-0.463
Srrm3,0.059,0.018,0.173,0.0,13,10,8,1.767
Txndc16,0.059,-0.212,0.165,0.0,13,8,8,-0.882
Unc5b,0.059,-0.171,0.409,0.009,11,6,6,0.433
Sqle,0.059,0.038,0.235,0.0,13,11,8,0.181
C2cd3,0.059,-0.559,0.148,0.0,12,7,7,-0.435
Ldlrad3,0.059,-0.071,0.457,0.0254,13,8,8,-0.726
Rab36,0.059,0.019,0.142,0.0,12,10,7,0.244
Ap3b2,0.059,0.02,0.111,0.0,13,10,8,1.81
Lmbr1,0.059,-0.036,0.187,0.0,13,9,8,0.409
Pptc7,0.059,-0.13,0.209,0.0,13,7,8,0.125
Bbs7,0.059,-0.018,0.162,0.0,13,9,8,0.266
Ncald,0.059,-0.017,0.139,0.0,13,9,8,1.394
Nelfa,0.059,-0.07,0.242,0.0011,12,8,7,-0.398
Ccdc74a,0.059,-0.126,0.289,0.0005,13,8,8,-0.006
Ppm1k,0.059,-0.254,0.183,0.0,13,8,8,0.064
Chuk,0.059,-0.095,0.171,0.0,13,9,8,-0.247
Msh3,0.059,-0.259,0.168,0.0,13,8,8,-0.139
Fry,0.059,0.015,0.232,0.0,13,11,8,1.286
Parp8,0.059,-0.056,0.16,0.0,13,9,8,0.823
Tvp23a,0.059,-0.155,0.177,0.0,12,8,7,1.269
Unc13b,0.059,-0.057,0.196,0.0,12,8,7,0.239
Ppp3r1,0.059,-0.016,0.092,0.0,13,9,8,0.848
Mta3,0.059,-0.039,0.192,0.0,13,9,8,-0.201
Fbxo11,0.059,0.013,0.169,0.0,13,10,8,-0.104
Alcam,0.059,-0.048,0.201,0.0,13,8,8,0.682
Cs,0.059,-0.006,0.085,0.0,13,9,8,0.81
Ifi27,0.059,-0.113,0.092,0.0,11,7,6,-0.182
Fam131b,0.059,-0.057,0.073,0.0,13,8,8,1.703
Slc39a6,0.059,-0.005,0.142,0.0,13,9,8,0.844
Pik3ca,0.058,-0.003,0.117,0.0,13,9,8,0.513
Kitl,0.058,-0.104,0.172,0.0022,12,7,7,-0.521
Thap4,0.058,-0.093,0.132,0.0008,13,8,8,-0.045
B3gnt2,0.058,-0.052,0.141,0.0,11,6,7,0.029
Fam98a,0.058,-0.001,0.219,0.0,13,9,8,0.25
Mettl25,0.058,-0.078,0.15,0.0,10,6,5,-0.517
Dnajb14,0.058,-0.093,0.105,0.0,13,9,8,0.661
Ralgapa2,0.058,-0.101,0.278,0.0017,13,8,8,0.629
Gab2,0.058,-0.047,0.125,0.0,13,8,8,0.771
Glmp,0.058,-0.097,0.156,0.0,11,7,6,-1.467
Pid1,0.058,-0.011,0.344,0.0049,13,8,8,-1.054
Irf2bp2,0.058,-0.011,0.103,0.0,13,9,8,-0.145
Scamp3,0.058,-0.038,0.116,0.0,13,9,8,0.224
Ccnt2,0.058,-0.089,0.105,0.0,13,8,8,-0.4
Krit1,0.058,-0.057,0.11,0.0,13,9,8,-0.157
Rbbp5,0.058,-0.007,0.23,0.0,13,9,8,0.129
Map1s,0.058,-0.07,0.109,0.0,12,8,7,0.322
Kif1bp,0.058,-0.023,0.099,0.0,10,7,5,0.453
Nefl,0.058,0.0,0.102,0.0,12,9,8,2.011
Nek1,0.058,-0.044,0.146,0.0,13,7,8,0.22
Zfp12,0.058,-0.159,0.189,0.0,13,7,8,0.37
mt-Atp6,0.058,-0.078,0.101,0.0,11,8,6,-0.191
P4ha1,0.058,-0.152,0.128,0.0,13,9,8,-2.034
mt-Nd4l,0.058,-0.13,0.076,0.0,11,7,6,-0.025
Cwc22,0.058,-0.368,0.208,0.0,13,7,8,-0.663
Sept3,0.058,-0.055,0.099,0.0,11,8,6,2.266
Pdk1,0.058,-0.056,0.153,0.0,13,7,8,0.146
Tulp4,0.058,-0.012,0.122,0.0,13,8,8,0.558
Maz,0.058,-0.058,0.109,0.0,13,8,8,0.205
Mrps27,0.058,-0.043,0.243,0.0007,13,9,8,0.578
Mms19,0.058,-0.11,0.145,0.0,13,7,8,0.024
Mtss1,0.058,-0.036,0.15,0.0,13,7,8,0.555
Fam117b,0.058,-0.024,0.126,0.0,13,9,8,0.899
Rab5b,0.058,0.03,0.16,0.0,13,11,8,0.53
Tspan13,0.058,-0.068,0.118,0.0,13,8,8,1.161
Blcap,0.058,0.018,0.084,0.0,13,10,8,0.74
Wdsub1,0.058,-0.03,0.14,0.0,13,8,8,-0.181
Mest,0.057,-0.08,0.219,0.0007,13,8,8,-1.632
Erc2,0.057,-0.072,0.21,0.0,13,8,8,1.984
Tor2a,0.057,-0.082,0.164,0.0,11,8,6,-1.707
Kansl3,0.057,-0.016,0.142,0.0,12,9,7,-0.24
Zfp445,0.057,-0.139,0.162,0.0,12,8,8,-0.096
Slc30a6,0.057,-0.23,0.122,0.0,13,8,8,-0.412
Tmem231,0.057,-0.201,0.149,0.0,12,7,7,0.429
Slc38a1,0.057,0.007,0.214,0.0,13,10,8,1.572
Pcbp3,0.057,0.043,0.122,0.0,13,11,8,1.815
Ebf4,0.057,-0.047,0.182,0.0,12,7,7,0.434
Jrkl,0.057,-0.047,0.088,0.0,13,9,8,-0.272
Coasy,0.057,-0.002,0.223,0.0,13,9,8,0.196
Tom1,0.057,-0.272,0.171,0.0,11,6,6,0.327
Wdr17,0.057,-0.124,0.165,0.0001,11,6,7,1.458
Tead1,0.057,-0.127,0.138,0.0,12,7,7,-1.075
Pbx1,0.057,0.006,0.184,0.0,13,10,8,0.003
Cdkl3,0.057,-0.088,0.082,0.0,13,8,8,0.487
Ubxn2b,0.057,-0.049,0.227,0.0,13,9,8,-0.012
Pank3,0.057,-0.008,0.136,0.0,13,9,8,0.48
Dynlt3,0.057,-0.025,0.163,0.0,13,9,8,0.774
Asl,0.057,-0.09,0.194,0.0,13,8,8,0.831
Lrrc14,0.057,-0.105,0.112,0.0,13,8,8,0.226
Csgalnact2,0.057,-0.15,0.166,0.0,13,7,8,-0.769
Kif5c,0.057,0.004,0.094,0.0,13,10,8,1.926
Tmod3,0.057,-0.15,0.131,0.0,13,8,8,-0.328
Ppm1a,0.057,0.007,0.081,0.0,13,10,8,0.673
Zdhhc6,0.057,-0.112,0.116,0.0,13,7,8,-0.206
Ptdss1,0.057,0.009,0.143,0.0,13,10,8,0.29
Ube4b,0.057,-0.022,0.176,0.0,13,9,8,1.01
St8sia1,0.057,-0.095,0.286,0.0016,13,9,8,1.729
Fmnl2,0.057,-0.183,0.09,0.0,13,8,8,-0.453
Chd8,0.057,0.018,0.081,0.0,13,11,8,0.002
Zfp867,0.057,-0.126,0.233,0.0002,11,6,6,-0.224
Fbxo38,0.057,-0.048,0.133,0.0,13,9,8,-0.089
Arid2,0.057,-0.136,0.111,0.0,13,9,8,-0.467
Zfp932,0.057,-0.153,0.266,0.0,13,7,8,-0.063
Vipas39,0.057,-0.018,0.206,0.0,12,9,7,0.264
Trit1,0.057,-0.701,0.185,0.0,12,7,7,-0.333
Edc3,0.057,-0.012,0.099,0.0,13,8,8,0.395
Cog4,0.057,-0.084,0.087,0.0,13,8,8,0.134
Frmpd1,0.056,-0.108,0.262,0.0,12,8,8,1.818
Prkag2,0.056,-0.021,0.166,0.0,13,8,8,1.33
Rab1b,0.056,-0.009,0.084,0.0,13,9,8,0.144
Fxyd7,0.056,-0.055,0.203,0.0,13,7,8,2.407
Setd3,0.056,0.005,0.088,0.0,13,11,8,0.646
Gm20342,0.056,-0.322,0.072,0.0,11,7,6,-0.767
Cand1,0.056,0.033,0.158,0.0,13,10,8,0.525
Eif3b,0.056,-0.009,0.067,0.0,13,9,8,0.183
Zfp503,0.056,-0.307,0.178,0.0023,11,6,6,-1.805
Rab21,0.056,-0.103,0.131,0.0,13,7,8,0.209
Riok3,0.056,0.008,0.108,0.0,13,10,8,0.498
Zswim1,0.056,-0.026,0.253,0.0,12,8,7,0.63
Pgpep1,0.056,-0.011,0.184,0.0,13,9,8,0.325
Zfp41,0.056,-0.183,0.157,0.0,10,7,5,-0.01
Dvl1,0.056,-0.006,0.174,0.0,13,9,8,0.231
Ddx47,0.056,-0.05,0.077,0.0,13,7,8,-0.401
Rusc2,0.056,-0.012,0.146,0.0,13,9,8,1.122
Cops7a,0.056,-0.061,0.152,0.0,13,7,8,0.13
Fam217b,0.056,-0.352,0.199,0.0,12,8,7,1.404
Cacnb1,0.056,-0.09,0.229,0.0,12,6,7,1.343
Yme1l1,0.056,-0.037,0.102,0.0,13,8,8,-0.041
Vcpkmt,0.056,-0.059,0.197,0.0,11,6,6,0.154
Mgat2,0.056,-0.003,0.141,0.0,13,8,8,-0.461
Cstf2t,0.056,-0.019,0.138,0.0,12,9,7,-0.32
mt-Co3,0.056,0.013,0.096,0.0,11,9,6,-0.111
Prr12,0.056,-0.128,0.133,0.0,12,8,7,0.152
Acad9,0.056,-0.089,0.114,0.0,13,8,8,-0.119
Abhd3,0.056,-0.113,0.38,0.0001,11,8,7,-2.009
Adnp2,0.056,-0.072,0.163,0.0,13,9,8,0.031
AW554918,0.055,-0.279,0.17,0.0,12,8,7,-0.24
Wac,0.055,0.004,0.074,0.0,13,10,8,-0.322
Sort1,0.055,0.004,0.125,0.0,13,10,8,-0.578
Upf1,0.055,-0.455,0.11,0.0,13,7,8,-0.105
Cstf2,0.055,-0.06,0.095,0.0,13,8,8,0.34
Pafah1b1,0.055,0.035,0.071,0.0,13,10,8,1.025
Lrrfip1,0.055,0.019,0.116,0.0,13,10,8,-0.01
Rbm33,0.055,-0.095,0.08,0.0,13,7,8,-0.258
Slc6a15,0.055,0.017,0.129,0.0,13,11,8,1.516
Eef2k,0.055,-0.053,0.115,0.0,12,8,7,0.489
Stk11ip,0.055,-0.051,0.134,0.0,13,8,8,0.537
Ciz1,0.055,0.027,0.163,0.0,13,10,8,-0.269
Traf7,0.055,0.012,0.148,0.0001,13,10,8,-0.954
Zdhhc1,0.055,-0.087,0.135,0.0,13,7,8,-0.448
Ddost,0.055,-0.056,0.102,0.0,13,7,8,-0.698
Akt1,0.055,-0.003,0.097,0.0,13,9,8,0.214
Fbrs,0.055,-0.06,0.167,0.0,13,8,8,-0.215
Usp5,0.055,-0.076,0.097,0.0,13,9,8,0.781
Hid1,0.055,-0.143,0.155,0.0,12,8,7,1.49
Zfp426,0.055,-0.057,0.12,0.0,13,7,8,0.433
Utrn,0.055,-0.056,0.092,0.0,13,8,8,-1.459
Ppp2r3a,0.055,-0.059,0.111,0.0,13,9,8,-0.915
Mgat1,0.055,-0.002,0.122,0.0,13,9,8,-0.866
Plxnb2,0.055,-0.075,0.281,0.0,12,8,7,-1.712
Dalrd3,0.055,-0.029,0.101,0.0,13,9,8,-0.047
Exoc5,0.055,-0.043,0.146,0.0,13,8,8,0.344
Kpna2,0.055,-0.167,0.121,0.0,12,7,7,-0.274
Pias1,0.055,-0.121,0.126,0.0,13,7,8,-0.636
Zfand2a,0.055,-0.06,0.197,0.0,13,9,8,1.025
Trim33,0.055,-0.114,0.076,0.0,13,9,8,-0.137
Bid,0.055,-0.056,0.214,0.0005,13,7,8,1.082
Lztfl1,0.055,0.01,0.099,0.0,13,10,8,-0.299
Man2b1,0.055,-0.061,0.169,0.0,13,8,8,-1.893
Zkscan17,0.055,-0.158,0.211,0.0,10,7,5,-0.892
Rfxank,0.055,-0.043,0.316,0.0059,11,7,7,-1.908
Tnrc18,0.055,-0.099,0.218,0.0001,12,7,7,-1.414
Olfm2,0.055,-0.037,0.175,0.0,11,7,7,1.857
Ankrd50,0.055,-0.045,0.223,0.0,13,8,8,-1.241
Zdhhc9,0.055,-0.018,0.166,0.0,13,7,8,0.693
Stk32c,0.055,0.003,0.323,0.0019,12,9,7,1.476
Stxbp5,0.055,-0.097,0.232,0.0005,13,9,8,0.857
Zfp532,0.055,0.04,0.16,0.0,13,10,8,0.143
St3gal5,0.054,-0.03,0.239,0.0,13,8,8,-0.135
Zdhhc3,0.054,-0.039,0.125,0.0,13,8,8,-0.002
Suco,0.054,-0.032,0.153,0.0,12,8,7,-0.265
Ube2g1,0.054,-0.015,0.08,0.0,13,9,8,-0.079
Phf3,0.054,-0.042,0.081,0.0,13,7,8,-0.397
Pcdh1,0.054,-0.019,0.409,0.0145,11,8,6,0.131
Rragc,0.054,0.027,0.131,0.0,13,11,8,0.002
Pde9a,0.054,-0.235,0.407,0.0157,11,6,6,1.054
Igf1r,0.054,0.017,0.099,0.0,13,10,8,-0.18
Map3k2,0.054,-0.021,0.146,0.0,13,9,8,0.373
Kars,0.054,-0.036,0.077,0.0,13,8,8,0.197
Spata5,0.054,-0.093,0.098,0.0,12,7,7,-0.221
Pank2,0.054,-0.069,0.103,0.0,13,7,8,-0.383
Ppp6r2,0.054,-0.083,0.227,0.0,12,8,8,0.668
Glt1d1,0.054,0.008,0.187,0.0,10,8,6,1.852
Fam13b,0.054,0.036,0.169,0.0,13,10,8,0.311
Dus3l,0.054,-0.149,0.122,0.0,13,7,8,0.329
Ikbkb,0.054,-0.007,0.117,0.0,13,9,8,-0.407
Rragd,0.054,-0.03,0.21,0.0,13,7,8,1.676
Scn3a,0.054,-0.014,0.13,0.0,12,8,7,1.991
Cyp51,0.054,0.022,0.139,0.0,13,11,8,-0.096
Tmem216,0.054,-0.154,0.088,0.0,12,7,7,-0.576
Azin2,0.054,-0.105,0.191,0.0,11,7,6,1.122
Hsdl1,0.054,-0.006,0.308,0.0,13,9,8,0.601
Zfyve9,0.054,-0.046,0.169,0.0,12,7,7,0.336
Atad1,0.054,-0.012,0.115,0.0,13,9,8,0.334
Dab2ip,0.054,-0.017,0.11,0.0,13,9,8,0.613
Socs6,0.054,-0.023,0.151,0.0,13,9,8,-0.137
Chd3,0.054,-0.022,0.162,0.0,13,9,8,0.809
Eif2ak1,0.054,-0.033,0.187,0.0,13,9,8,0.257
Thap7,0.054,-0.077,0.158,0.0,13,8,8,0.176
Zbtb20,0.054,-0.092,0.126,0.0,13,8,8,-0.858
Clcn7,0.054,-0.126,0.246,0.0064,13,8,8,0.019
Zfp711,0.054,-0.42,0.086,0.0,11,6,6,0.855
Epg5,0.054,-0.217,0.182,0.0,11,6,7,0.404
Sh2b3,0.054,-0.069,0.195,0.0028,11,8,6,-0.515
Tmem168,0.054,-0.104,0.201,0.0,13,7,8,-0.829
Metap1,0.054,0.02,0.177,0.0,13,10,8,0.465
Crtc1,0.054,-0.052,0.165,0.0,13,9,8,0.242
Mllt10,0.053,-0.035,0.083,0.0,13,7,8,-0.409
Golt1b,0.053,-0.121,0.099,0.0,13,9,8,-0.58
Sfswap,0.053,0.014,0.16,0.0,13,11,8,-0.704
Brip1os,0.053,-0.223,0.138,0.0,10,6,5,-1.039
Meg3,0.053,-0.014,0.139,0.0,13,9,8,1.201
Pithd1,0.053,-0.099,0.136,0.0,12,8,7,0.338
Shkbp1,0.053,-0.251,0.173,0.0,12,6,7,-0.264
Ehd4,0.053,0.032,0.157,0.0,13,10,8,-0.364
Mdm4,0.053,-0.075,0.124,0.0,13,7,8,-0.291
Tmem240,0.053,0.033,0.339,0.0,10,9,5,1.036
Prkar1b,0.053,0.032,0.12,0.0,13,12,8,1.881
Poc5,0.053,0.004,0.117,0.0,13,10,8,0.245
Galns,0.053,-0.125,0.307,0.002,12,7,7,0.256
Pgrmc2,0.053,-0.011,0.119,0.0,13,9,8,0.206
Foxj3,0.053,-0.054,0.086,0.0,13,8,8,0.104
Ndufaf5,0.053,-0.113,0.15,0.0,12,8,7,1.146
Spred2,0.053,-0.01,0.137,0.0,13,9,8,0.537
Ammecr1l,0.053,-0.044,0.098,0.0,13,8,8,-0.219
Larp1,0.053,-0.041,0.146,0.0,13,7,8,0.654
BC004004,0.053,-0.018,0.071,0.0,13,9,8,-0.086
Qpctl,0.053,-0.109,0.163,0.0,13,8,8,-0.287
Eea1,0.053,0.011,0.079,0.0,13,12,8,0.21
Magi2,0.053,-0.05,0.235,0.0,13,8,8,0.248
Rnf170,0.053,-0.058,0.185,0.0,13,8,8,0.008
Mtpn,0.053,-0.053,0.108,0.0,13,8,8,0.333
Wbp2,0.053,-0.038,0.125,0.0,13,9,8,0.776
Rbfox2,0.053,0.027,0.117,0.0,13,12,8,1.406
Wdr35,0.053,-0.118,0.18,0.0,13,8,8,-0.08
Brd4,0.053,-0.006,0.122,0.0,13,9,8,-0.164
Sh3gl2,0.053,0.022,0.152,0.0,13,11,8,2.009
Ap3m1,0.053,-0.064,0.089,0.0,13,7,8,-0.118
Eya3,0.053,-0.008,0.24,0.0,12,9,8,0.165
Fem1b,0.053,0.006,0.142,0.0,13,10,8,0.919
Ttc30b,0.053,-0.15,0.448,0.0114,12,7,7,-0.216
Dis3l2,0.053,-0.033,0.131,0.0,13,9,8,-0.078
Abl1,0.053,-0.128,0.131,0.0,12,7,7,-0.951
Tbc1d22a,0.053,-0.154,0.149,0.0,13,7,8,0.23
Atp6v0e2,0.053,0.024,0.184,0.0,13,11,8,1.292
Tmem136,0.053,0.029,0.194,0.0001,11,10,6,0.475
Faxc,0.053,-0.114,0.217,0.0001,12,9,7,1.426
Tpgs2,0.053,-0.03,0.162,0.0,12,8,7,1.242
Arl6ip1,0.053,0.006,0.074,0.0,13,10,8,0.283
Ece1,0.053,-0.148,0.284,0.0,12,7,7,-1.935
Rufy2,0.053,0.031,0.113,0.0,13,11,8,1.236
Lancl2,0.053,-0.105,0.086,0.0,13,8,8,1.191
Elp6,0.053,-0.421,0.117,0.0,12,8,7,0.399
Stk24,0.052,-0.034,0.146,0.0,13,7,8,-0.479
Gopc,0.052,-0.083,0.125,0.0,13,9,8,0.585
Sirt4,0.052,-0.085,0.102,0.0001,12,7,7,-0.643
Aven,0.052,-0.03,0.186,0.0,13,7,8,0.286
Tmem41a,0.052,0.0,0.137,0.0,13,10,8,1.628
Abi2,0.052,0.027,0.092,0.0,13,10,8,0.581
Rbm26,0.052,-0.01,0.114,0.0005,13,9,8,-0.537
Pcca,0.052,-0.094,0.144,0.0,13,8,8,-0.219
Ano6,0.052,0.012,0.167,0.0,13,12,8,0.298
Tubb4a,0.052,-0.047,0.062,0.0,13,9,8,1.844
Zfp367,0.052,-0.051,0.171,0.0003,10,5,6,-1.17
Rev3l,0.052,-0.097,0.069,0.0,13,8,8,0.032
Tmem186,0.052,-0.151,0.266,0.0,13,8,8,0.315
Mettl2,0.052,-0.142,0.088,0.0,13,8,8,0.379
Celf4,0.052,-0.043,0.127,0.0,13,9,8,2.165
Arxes1,0.052,-0.104,0.223,0.0,13,8,8,1.404
Tab1,0.052,-0.045,0.148,0.0,12,7,7,-0.396
Phf1,0.052,-0.105,0.124,0.0,13,9,8,0.249
Bcan,0.052,-0.464,0.201,0.0016,13,7,8,-0.54
Ywhab,0.052,-0.015,0.068,0.0,13,9,8,0.92
Otub1,0.052,-0.017,0.135,0.0,13,9,8,0.577
Lancl1,0.052,-0.007,0.208,0.0,13,8,8,0.713
Bach1,0.052,-0.009,0.203,0.0,13,9,8,-2.222
Dram2,0.052,-0.018,0.124,0.0,13,9,8,0.058
Nrp1,0.052,-0.361,0.132,0.0014,13,7,8,0.281
Flt3l,0.052,-0.16,0.251,0.0,11,6,7,-0.404
Slc25a1,0.052,-0.066,0.132,0.0,13,8,8,1.33
Gmppb,0.052,-0.088,0.222,0.0,13,8,8,-0.541
Zfp11,0.052,-0.358,0.093,0.0,10,6,6,-0.022
Tspyl1,0.052,-0.013,0.115,0.0,13,8,8,0.981
Hsp90b1,0.052,-0.014,0.1,0.0,13,8,8,-0.728
Tm7sf2,0.052,-0.017,0.171,0.0,13,9,8,0.213
Fam53c,0.052,-0.156,0.084,0.0,13,8,8,0.414
Dnajc14,0.052,0.032,0.173,0.0,13,10,8,0.029
Dcxr,0.051,-0.2,0.157,0.0,11,6,7,-1.518
Actr1a,0.051,0.026,0.118,0.0,13,12,8,0.824
Lrrc8d,0.051,-0.076,0.156,0.0,13,7,8,-0.432
Vps41,0.051,-0.023,0.1,0.0,13,8,8,0.462
Mir124a-1hg,0.051,0.008,0.255,0.0045,11,9,6,1.453
Slc29a4,0.051,-0.111,0.108,0.0002,13,8,8,1.924
Ahcy,0.051,-0.169,0.213,0.0,10,6,6,-0.065
Rad51d,0.051,-0.066,0.211,0.0,12,7,7,-0.117
Stard7,0.051,-0.034,0.1,0.0,13,8,8,0.245
Pcyt2,0.051,-0.025,0.116,0.0,13,9,8,-0.294
Map3k7,0.051,-0.029,0.177,0.0,13,8,8,-0.232
Mapkapk5,0.051,-0.122,0.137,0.0,11,6,7,0.062
Sync,0.051,-0.099,0.399,0.0064,10,6,7,1.152
Usp46,0.051,-0.183,0.115,0.0,13,7,8,-0.117
Nanos1,0.051,-0.208,0.259,0.0006,12,7,7,1.513
Xkr4,0.051,-0.244,0.311,0.0003,11,7,7,0.937
Tsr1,0.051,-0.119,0.098,0.0,13,8,8,0.589
Ptgr1,0.051,-0.198,0.193,0.0,12,6,8,-1.994
Rspry1,0.051,0.005,0.111,0.0,13,10,8,-0.043
Map7d2,0.051,-0.01,0.255,0.0,12,9,7,1.732
Srp9,0.051,-0.03,0.082,0.0,13,8,8,-0.226
Scai,0.051,-0.001,0.273,0.0,13,9,8,0.297
Bcl9l,0.051,-0.098,0.134,0.0,12,8,7,-0.715
Amz2,0.051,-0.006,0.167,0.0,13,8,8,0.016
Zfp763,0.051,-0.206,0.179,0.0,11,7,6,-0.031
Ncoa1,0.051,-0.058,0.107,0.0,13,7,8,-0.308
Scpep1,0.051,-0.296,0.146,0.0,13,8,8,-0.663
Bend6,0.051,-0.003,0.248,0.0,13,9,8,2.199
Birc2,0.051,-0.019,0.097,0.0,13,9,8,-0.482
Ide,0.051,0.015,0.132,0.0,13,10,8,0.24
Rab11fip5,0.051,-0.026,0.177,0.0,13,7,8,0.709
Evi5,0.051,0.009,0.107,0.0,13,10,8,0.016
St6galnac3,0.051,-0.121,0.223,0.0,10,6,5,0.307
Tcaf1,0.051,-0.009,0.124,0.0,11,8,6,0.958
Urb1,0.051,-0.1,0.262,0.0,11,8,7,-0.333
Ldb1,0.051,-0.067,0.084,0.0,13,8,8,-0.346
Tmem120b,0.051,-0.095,0.132,0.0,13,8,8,0.508
Rmdn3,0.051,-0.05,0.102,0.0,12,7,7,0.07
Kcnk1,0.051,-0.068,0.429,0.0164,12,7,8,0.526
Smug1,0.051,-0.126,0.189,0.0,13,7,8,0.119
Slc38a2,0.05,-0.036,0.123,0.0,13,9,8,-0.846
Smap1,0.05,-0.054,0.227,0.0,13,7,8,0.193
Smpdl3a,0.05,-0.018,0.2,0.0,13,8,8,-1.017
Abhd17b,0.05,0.015,0.29,0.0,11,9,6,-0.271
Nt5c2,0.05,-0.085,0.064,0.0,13,9,8,0.63
Rybp,0.05,-0.084,0.223,0.0,11,6,6,0.411
Fbxw8,0.05,-0.072,0.145,0.0,13,8,8,0.242
E2f6,0.05,-0.04,0.121,0.0,13,9,8,0.206
Gpsm1,0.05,-0.131,0.099,0.0,13,7,8,0.166
Cnot10,0.05,0.005,0.123,0.0,13,10,8,-0.312
Papss1,0.05,-0.005,0.088,0.0,13,9,8,-0.552
Fam120a,0.05,0.015,0.181,0.0,13,10,8,-0.526
Ap5m1,0.05,-0.332,0.108,0.0,11,6,7,-0.132
Casc3,0.05,-0.082,0.165,0.0,13,7,8,0.492
Tcof1,0.05,-0.071,0.199,0.0,13,8,8,-0.345
Eml1,0.05,-0.065,0.205,0.0,13,7,8,0.439
Srebf2,0.05,-0.01,0.076,0.0,13,9,8,0.322
Slc35a2,0.05,-0.042,0.125,0.0,13,8,8,-0.744
Cc2d1b,0.05,-0.121,0.154,0.0,13,7,8,-0.169
Rgs10,0.05,-0.073,0.196,0.0,13,8,8,0.902
Usp6nl,0.05,-0.068,0.088,0.0,13,7,8,-0.314
Mta1,0.05,-0.049,0.102,0.0,13,7,8,-0.028
Spag9,0.05,-0.012,0.08,0.0,13,9,8,0.18
Tmx4,0.05,-0.0,0.066,0.0,13,9,8,0.945
Spice1,0.05,-0.061,0.155,0.0,13,8,8,-0.751
Cenpt,0.05,-0.124,0.219,0.0,12,8,7,-0.088
Vcan,0.05,-0.385,0.619,0.0245,10,6,6,-2.202
Qpct,0.05,-0.111,0.141,0.0,12,7,7,-0.684
Klhl9,0.05,-0.046,0.138,0.0,13,8,8,0.224
Rab3c,0.05,0.018,0.141,0.0,13,11,8,1.862
Rabac1,0.05,-0.012,0.087,0.0,13,9,8,0.639
Eif2ak4,0.05,-0.117,0.164,0.0,13,7,8,0.174
Mtrf1,0.05,-0.043,0.144,0.0,11,8,7,0.252
Pofut1,0.05,-0.14,0.186,0.0,12,7,7,-0.947
Myh10,0.05,-0.061,0.244,0.0,13,7,8,0.306
Plppr3,0.05,-0.02,0.229,0.0,11,7,6,1.369
Cul4b,0.05,-0.064,0.091,0.0,13,8,8,0.148
Ythdc2,0.049,-0.098,0.075,0.0,13,8,8,-0.105
Kcnd2,0.049,-0.13,0.146,0.0,12,7,7,1.912
Kdm2b,0.049,-0.052,0.138,0.0,12,7,7,0.279
Smg1,0.049,-0.009,0.175,0.0,13,9,8,-0.032
Rilpl2,0.049,-0.104,0.264,0.0,13,7,8,-1.476
Nudt10,0.049,-0.048,0.085,0.0,13,7,8,1.659
Chst8,0.049,-0.192,0.202,0.0011,13,7,8,1.473
Greb1l,0.049,-0.066,0.16,0.0,10,6,6,0.988
Kif26a,0.049,-0.108,0.116,0.0,10,6,5,0.938
Npdc1,0.049,-0.009,0.099,0.0,13,8,8,0.566
Ppat,0.049,-0.01,0.133,0.0,13,8,8,0.502
Ddx3y,0.049,0.007,0.112,0.0,13,10,8,-0.635
Gpr85,0.049,-0.043,0.148,0.0015,13,9,8,1.895
Igsf8,0.049,-0.013,0.241,0.0,13,9,8,-0.023
Htatip2,0.049,-0.086,0.128,0.0,13,7,8,0.691
Bend7,0.049,-0.069,0.158,0.0056,12,7,7,0.534
Cd2bp2,0.049,-0.094,0.121,0.0,13,8,8,0.178
Rab3d,0.049,0.008,0.195,0.0,13,10,8,0.695
Yeats2,0.049,0.025,0.272,0.0015,13,10,8,-0.116
Zranb1,0.049,0.006,0.205,0.0,13,10,8,-0.01
Toe1,0.049,0.012,0.162,0.0,12,10,7,-0.261
Tomm34,0.049,-0.094,0.13,0.0,13,9,8,0.698
Ankrd44,0.049,-0.079,0.187,0.0,12,6,7,-1.081
Rnmt,0.049,-0.073,0.134,0.0,13,8,8,0.521
Stk25,0.049,0.029,0.089,0.0,13,12,8,0.332
Stard3,0.049,-0.19,0.147,0.0,13,8,8,-1.766
Timm23,0.049,-0.059,0.096,0.0,11,6,7,0.094
Bckdha,0.049,-0.158,0.192,0.0,13,7,8,-0.534
Wdr46,0.049,-0.125,0.103,0.0004,13,8,8,-0.117
Noc2l,0.049,-0.246,0.114,0.0,11,6,6,-0.251
Spcs3,0.049,-0.114,0.17,0.0,12,7,7,-1.256
Srek1,0.049,-0.024,0.101,0.0,13,8,8,-0.452
Sept8,0.049,-0.063,0.131,0.0,11,8,6,-0.822
Pde2a,0.049,-0.06,0.196,0.0,12,8,7,0.747
Ppp2r5c,0.049,0.039,0.19,0.0,13,11,8,0.724
Nova2,0.049,-0.11,0.178,0.0,12,7,7,1.252
Rxra,0.049,-0.344,0.117,0.0,10,6,6,-1.722
Slc39a10,0.049,-0.009,0.083,0.0,13,9,8,-0.074
Snrk,0.049,-0.046,0.108,0.0,13,8,8,0.796
Ppp1r12a,0.049,0.006,0.108,0.0,13,10,8,-0.855
Dennd6a,0.049,-0.157,0.128,0.0,12,7,7,-0.746
D3Ertd751e,0.049,-0.612,0.101,0.0,10,6,6,-0.794
Cmip,0.049,-0.021,0.143,0.0,12,8,7,1.172
3110040N11Rik,0.048,-0.104,0.084,0.0,13,8,8,0.561
6430548M08Rik,0.048,-0.065,0.163,0.0,13,9,8,1.205
Tep1,0.048,-0.368,0.165,0.0,12,7,8,-0.432
Osbpl7,0.048,-0.104,0.274,0.0,12,6,8,-0.493
Rcor1,0.048,-0.145,0.201,0.0,13,8,8,-0.289
Tmem129,0.048,-0.399,0.135,0.0,12,7,7,0.046
Tmem191c,0.048,-0.037,0.166,0.0,13,8,8,0.58
Eif4e3,0.048,-0.054,0.133,0.0,13,8,8,0.189
Tmem30a,0.048,-0.009,0.11,0.0,13,9,8,0.378
Clip3,0.048,0.0,0.17,0.0,13,10,8,1.07
Vps13a,0.048,0.004,0.114,0.0,13,10,8,-0.149
Hip1,0.048,-0.019,0.217,0.0,13,8,8,-0.171
Oasl2,0.048,0.005,0.155,0.0,13,10,8,1.291
March7,0.048,-0.024,0.074,0.0,11,8,6,-0.099
Rcbtb1,0.048,-0.121,0.122,0.0,13,7,8,0.268
Rnf40,0.048,-0.104,0.134,0.0,13,8,8,-0.14
Lypla2,0.048,-0.02,0.072,0.0,13,9,8,0.57
Lman2l,0.048,-0.026,0.107,0.0,13,9,8,-0.077
Ercc6,0.048,-0.095,0.158,0.0,12,7,8,-0.052
Zfp672,0.048,-0.104,0.08,0.0,13,7,8,0.029
Marf1,0.048,-0.074,0.119,0.0,12,7,7,-0.069
Trnp1,0.048,-0.045,0.159,0.0,13,8,8,1.968
Nras,0.048,0.015,0.063,0.0,13,11,8,0.092
Trpv2,0.048,0.017,0.181,0.0,13,11,8,1.25
Dync1li2,0.048,-0.006,0.101,0.0,13,9,8,0.602
Zfp940,0.048,-0.178,0.16,0.0,10,5,5,0.978
Nsmf,0.048,-0.042,0.179,0.0,12,8,7,-0.01
Degs1,0.048,-0.031,0.148,0.0,13,9,8,-0.305
Pygo2,0.048,-0.052,0.109,0.0,13,8,8,-0.175
Sco1,0.048,-0.249,0.248,0.0,12,8,7,0.114
Ptpn3,0.048,-0.075,0.087,0.0,13,8,8,0.158
Med13,0.048,-0.198,0.195,0.0,13,8,8,-0.682
Wdr13,0.048,0.014,0.148,0.0,13,10,8,0.56
Ifnar1,0.048,-0.036,0.114,0.0,13,8,8,-1.088
Srprb,0.048,-0.029,0.064,0.0,13,8,8,-0.314
Gm26782,0.048,-0.098,0.105,0.0,11,7,6,1.088
Sema4b,0.048,-0.302,0.12,0.0,12,7,7,0.025
Tmem161a,0.048,-0.035,0.125,0.0,13,8,8,0.044
Brinp1,0.048,-0.178,0.202,0.0,11,6,6,1.624
Nploc4,0.048,-0.014,0.123,0.0,13,9,8,0.461
Mgll,0.048,-0.103,0.225,0.0013,13,9,8,0.29
Mad2l1,0.048,-0.117,0.225,0.0012,10,7,6,-1.759
2310015A10Rik,0.048,-0.059,0.256,0.0011,10,6,5,-0.068
Cyth3,0.048,-0.085,0.071,0.0,13,9,8,0.706
BC028471,0.047,-0.049,0.398,0.0086,10,6,5,2.218
Elmod2,0.047,-0.045,0.196,0.0,13,8,8,-0.059
Kctd18,0.047,-0.154,0.159,0.0,13,8,8,-0.114
2010315B03Rik,0.047,-0.054,0.128,0.0,13,7,8,-0.658
Ppp1r9a,0.047,-0.075,0.142,0.0,13,8,8,-0.66
Slc29a1,0.047,-0.073,0.145,0.0,13,8,8,-0.611
Wdr36,0.047,-0.117,0.147,0.0,13,7,8,0.331
Tab2,0.047,-0.013,0.144,0.0,13,8,8,-0.673
Dpp10,0.047,-0.072,0.487,0.1706,10,6,6,1.978
Csnk1g3,0.047,-0.003,0.104,0.0,13,9,8,0.574
Gng2,0.047,0.012,0.108,0.0,13,10,8,1.361
Ankrd10,0.047,0.023,0.092,0.0,13,10,8,-0.259
Zfr2,0.047,-0.076,0.113,0.0,13,9,8,1.029
B4galnt1,0.047,-0.059,0.138,0.0,13,7,8,1.647
Cpsf6,0.047,-0.008,0.115,0.0,13,9,8,-0.151
Cep350,0.047,-0.013,0.127,0.0,13,8,8,-0.355
Pkd2,0.047,-0.297,0.167,0.0,12,6,7,-1.73
Tsc1,0.047,-0.04,0.145,0.0,13,8,8,0.24
Rhot1,0.047,0.031,0.166,0.0,13,11,8,-0.046
Gabpb1,0.047,-0.046,0.129,0.0,13,8,8,0.008
Trappc11,0.047,-0.172,0.148,0.0,12,7,7,0.422
Bin1,0.047,-0.043,0.096,0.0,13,7,8,0.437
Ercc3,0.047,-0.025,0.146,0.0,12,7,7,0.229
Atp2b1,0.047,0.016,0.067,0.0,13,11,8,0.423
Tomm70a,0.047,-0.075,0.075,0.0,13,9,8,1.007
Calcoco1,0.047,-0.099,0.132,0.0,13,8,8,-0.135
Mapk9,0.047,0.015,0.16,0.0,13,10,8,0.725
Btrc,0.047,-0.176,0.11,0.0003,13,9,8,0.121
Ddx51,0.047,-0.112,0.34,0.0015,11,7,6,-0.156
Smpd5,0.047,-0.093,0.324,0.0,10,7,5,1.238
Sp4,0.047,-0.127,0.105,0.0,12,7,7,-0.09
Scrib,0.047,-0.136,0.211,0.0,12,8,7,-0.845
Nsdhl,0.047,0.019,0.064,0.0,13,10,8,0.209
Slc4a3,0.047,-0.054,0.16,0.0,13,7,8,0.949
Ric1,0.047,-0.206,0.162,0.0,11,6,6,-0.604
Trip12,0.047,-0.062,0.108,0.0,13,7,8,-0.012
Mtr,0.047,-0.574,0.192,0.0,12,6,8,-0.457
Bcorl1,0.047,-0.639,0.175,0.0,11,6,6,-0.54
Dync1li1,0.047,0.007,0.077,0.0,13,10,8,1.14
Wrb,0.047,-0.05,0.075,0.0,12,8,7,0.985
Coa5,0.046,-0.072,0.084,0.0,12,7,7,0.449
Abcb8,0.046,-0.048,0.23,0.0,13,8,8,0.15
Ica1l,0.046,-0.083,0.126,0.0,13,7,8,2.175
Twf1,0.046,-0.126,0.138,0.0,13,8,8,-0.678
Abca8b,0.046,-0.094,0.121,0.0,13,8,8,-2.246
Shq1,0.046,-0.287,0.294,0.0,12,7,7,0.403
Acbd4,0.046,-0.119,0.192,0.0,13,9,8,-0.171
Tmem17,0.046,0.014,0.229,0.0,13,11,8,0.01
Zfp365,0.046,-0.047,0.184,0.0,13,9,8,1.723
Tmcc1,0.046,0.022,0.139,0.0,13,10,8,0.074
Jph3,0.046,-0.008,0.203,0.0,13,9,8,2.172
Gm1976,0.046,-0.04,0.223,0.0,12,6,7,1.228
Gdap1l1,0.046,-0.019,0.07,0.0,13,9,8,2.001
Snrnp70,0.046,-0.025,0.128,0.0,13,8,8,-0.497
Galnt11,0.046,-0.026,0.14,0.0,13,7,8,0.314
Acadsb,0.046,-0.089,0.113,0.0,13,7,8,-0.236
Ptbp2,0.046,0.002,0.086,0.0,13,10,8,0.813
Cpt1c,0.046,-0.02,0.203,0.0,13,8,8,0.435
Fnip1,0.046,0.015,0.147,0.0,13,11,8,-0.684
Dhx9,0.046,0.008,0.082,0.0,13,10,8,0.027
Txndc5,0.046,-0.0,0.168,0.0,13,9,8,-1.715
Hdlbp,0.046,0.003,0.105,0.0,13,10,8,-0.265
Arhgap17,0.046,-0.042,0.15,0.0,13,8,8,-0.848
Tcf25,0.046,0.007,0.061,0.0,13,11,8,0.829
Tigd2,0.046,-0.072,0.173,0.0,13,9,8,-0.17
Shisa7,0.046,-0.125,0.083,0.0,11,8,6,1.548
Iqcg,0.046,-0.039,0.2,0.0,10,6,6,0.034
Rnf214,0.046,0.003,0.169,0.0,13,10,8,0.701
Nbeal1,0.046,-0.046,0.133,0.0,13,9,8,-0.193
Ncam1,0.046,-0.024,0.124,0.0,13,9,8,0.868
Atxn10,0.046,-0.013,0.09,0.0,13,8,8,0.808
Wdr82,0.046,-0.041,0.117,0.0,13,9,8,0.097
Fundc1,0.046,0.003,0.131,0.0,13,10,8,-0.448
H13,0.046,-0.023,0.168,0.0,13,9,8,0.15
Sfxn4,0.046,-0.115,0.221,0.0,12,9,7,0.235
Gnai1,0.046,-0.059,0.169,0.0,13,8,8,0.274
Srd5a1,0.046,-0.033,0.383,0.0125,11,7,7,-0.268
Ptpra,0.046,-0.021,0.104,0.0,13,8,8,-0.134
Cox15,0.046,-0.048,0.162,0.0,12,7,7,0.615
Tex261,0.046,-0.003,0.072,0.0,13,9,8,-0.42
Gtpbp2,0.046,-0.083,0.189,0.0,13,7,8,-0.011
Als2,0.046,-0.108,0.167,0.0,11,7,7,-0.452
2410002F23Rik,0.046,-0.004,0.054,0.0,13,8,8,0.083
Khsrp,0.046,-0.012,0.196,0.0004,11,8,7,-0.795
Nucb1,0.046,-0.051,0.097,0.0,13,8,8,-1.04
Nelfb,0.046,-0.011,0.155,0.0,12,9,7,-0.167
Fbxw9,0.046,-0.017,0.118,0.0,13,9,8,0.644
Rnf10,0.046,-0.028,0.069,0.0,13,9,8,-0.002
4931406P16Rik,0.046,-0.052,0.14,0.0,12,7,7,-1.384
Cul3,0.046,-0.05,0.111,0.0,13,9,8,0.126
Usp12,0.046,0.011,0.103,0.0,13,10,8,0.663
Mob1b,0.046,-0.054,0.173,0.0,13,7,8,-0.239
Sh3bp5l,0.045,-0.071,0.117,0.0,13,8,8,0.52
Hipk1,0.045,-0.012,0.161,0.0,13,9,8,-0.552
Cc2d1a,0.045,-0.119,0.193,0.0,13,8,8,0.46
Rabl6,0.045,-0.051,0.062,0.0,12,8,7,0.123
Eml5,0.045,-0.043,0.124,0.0,13,9,8,1.358
Cln8,0.045,-0.091,0.103,0.0,13,8,8,0.191
Cmbl,0.045,-0.086,0.181,0.0,13,8,8,1.599
Dnajc9,0.045,-0.17,0.138,0.0,13,7,8,-1.28
Vegfa,0.045,-0.093,0.137,0.0,12,7,8,-0.599
Cyhr1,0.045,-0.011,0.148,0.0,13,9,8,0.174
Chrnb2,0.045,-0.03,0.243,0.0,13,8,8,2.084
Rnf114,0.045,0.006,0.104,0.0,13,10,8,-0.085
Pex7,0.045,-0.055,0.084,0.0,13,8,8,-0.095
Capn10,0.045,-0.038,0.173,0.0,13,8,8,0.816
Katnb1,0.045,-0.108,0.22,0.0,13,8,8,0.323
Itch,0.045,-0.162,0.112,0.0,13,7,8,-0.869
Irs2,0.045,-0.068,0.193,0.0,13,8,8,-0.11
Syt4,0.045,0.005,0.126,0.0,13,10,8,1.901
Sypl,0.045,-0.023,0.108,0.0,13,9,8,-1.519
Rnf217,0.045,-0.141,0.158,0.0,13,8,8,0.574
Rnf8,0.045,-0.072,0.112,0.0,13,9,8,0.676
Cherp,0.045,-0.049,0.176,0.0,13,8,8,-0.279
Bcam,0.045,0.021,0.283,0.0,13,10,8,0.1
Tmem60,0.045,-0.034,0.077,0.0,13,9,8,0.242
Fam174b,0.045,-0.128,0.142,0.0,13,7,8,1.011
Sptlc1,0.045,0.021,0.274,0.001,13,10,8,-0.833
Idh1,0.045,0.01,0.076,0.0,13,10,8,0.694
Atg16l2,0.045,-0.151,0.161,0.0,13,7,8,-0.212
Fgf1,0.045,-0.024,0.202,0.0,13,7,8,1.062
Lias,0.045,-0.107,0.124,0.0,13,8,8,0.294
Zhx3,0.045,-0.136,0.234,0.0,13,8,8,0.146
Zfp747,0.045,-0.016,0.149,0.0,10,7,5,0.181
Ift88,0.045,-0.079,0.115,0.0,13,9,8,0.522
Tmem167b,0.045,-0.061,0.202,0.0,13,8,8,-0.114
Shf,0.044,-0.106,0.216,0.0,13,8,8,1.717
Ctps2,0.044,-0.055,0.117,0.0,13,8,8,0.391
Phactr3,0.044,-0.004,0.097,0.0,13,9,8,2.198
Fktn,0.044,-0.168,0.152,0.0,13,8,8,0.298
Epb41l3,0.044,-0.071,0.156,0.0,11,7,6,0.703
Fto,0.044,-0.007,0.104,0.0,13,9,8,0.217
Lrfn4,0.044,-0.127,0.124,0.0,12,7,7,0.259
Tnpo1,0.044,-0.001,0.175,0.0,13,9,8,0.239
Casd1,0.044,-0.038,0.134,0.0,13,8,8,0.287
Gnl3l,0.044,-0.001,0.184,0.0,13,8,8,1.58
Vps39,0.044,-0.077,0.087,0.0,13,9,8,0.477
Fbxo3,0.044,-0.028,0.089,0.0,13,7,8,0.115
Taf6,0.044,-0.146,0.099,0.0001,13,7,8,-0.031
Rnf141,0.044,-0.122,0.24,0.0,12,7,7,-0.044
Sms,0.044,-0.07,0.082,0.0,13,9,8,1.631
Cit,0.044,-0.11,0.209,0.0,13,7,8,0.593
Usp22,0.044,-0.019,0.143,0.0,13,9,8,0.977
Rfx7,0.044,-0.121,0.156,0.0,13,7,8,-0.086
Tmem87a,0.044,-0.114,0.242,0.0016,13,8,8,-0.653
Dennd4c,0.044,-0.227,0.332,0.0024,12,7,7,-1.21
Tfdp1,0.044,-0.069,0.106,0.0,11,7,7,-0.232
Cad,0.044,-0.291,0.135,0.0,10,6,6,-0.642
Apip,0.044,-0.184,0.102,0.0,13,7,8,-0.229
Cd164,0.044,-0.12,0.108,0.0,13,7,8,-1.147
Irf3,0.044,-0.127,0.14,0.0,13,8,8,-1.198
Mbtd1,0.044,-0.043,0.118,0.0,13,9,8,-0.811
Srp54a,0.044,-0.044,0.093,0.0,10,8,6,-0.04
Mt3,0.044,-0.107,0.25,0.0,13,7,8,1.898
Tmem123,0.044,-0.326,0.142,0.0,12,6,7,-3.335
Golph3l,0.044,-0.19,0.125,0.0,12,7,7,-0.334
Pink1,0.044,-0.019,0.106,0.0,13,9,8,0.261
Nwd2,0.044,-0.092,0.367,0.0157,10,6,5,2.003
Ehd1,0.044,-0.027,0.166,0.0,13,8,8,-0.104
Heatr1,0.044,-0.267,0.249,0.0,11,6,7,-0.236
Rpn2,0.044,-0.096,0.144,0.0,13,7,8,-0.734
Ifitm10,0.044,-0.202,0.132,0.0,12,8,7,2.127
Pigz,0.044,-0.128,0.169,0.0027,10,6,6,0.496
Tmed5,0.044,-0.007,0.181,0.0,13,8,8,-1.137
Tmem214,0.044,-0.04,0.212,0.0,13,8,8,-0.501
Ppp2r2a,0.044,-0.004,0.127,0.0,13,9,8,-0.212
Rft1,0.043,-0.073,0.11,0.0,12,8,7,-0.789
Usp3,0.043,0.011,0.137,0.0,13,11,8,-0.541
Ddx19a,0.043,-0.254,0.099,0.0,13,8,8,-0.672
Klhl23,0.043,-0.098,0.16,0.0,12,6,7,0.246
Ckap4,0.043,-0.082,0.06,0.0,13,7,8,-0.302
Slc22a5,0.043,-0.17,0.161,0.0,12,7,7,-0.016
Slc23a2,0.043,-0.018,0.198,0.0,13,9,8,0.12
Gdi1,0.043,-0.013,0.067,0.0,13,8,8,1.261
Fam76a,0.043,-0.03,0.115,0.0,13,8,8,-0.814
Pja2,0.043,-0.04,0.148,0.0,13,9,8,0.635
Eps15,0.043,-0.072,0.159,0.0,13,9,8,-0.124
Mycbp2,0.043,0.023,0.133,0.0,13,11,8,0.843
Hscb,0.043,-0.152,0.408,0.0376,13,7,8,0.043
Ell,0.043,-0.245,0.106,0.0,12,7,7,-0.626
Wdr77,0.043,-0.162,0.08,0.0,13,7,8,0.41
Jakmip2,0.043,-0.021,0.063,0.0,13,9,8,1.843
Ccng1,0.043,-0.053,0.194,0.0,13,8,8,-0.136
Peak1,0.043,-0.122,0.084,0.0,10,6,6,-1.497
Ptpre,0.043,-0.09,0.313,0.0,13,8,8,-0.832
Rundc3a,0.043,-0.019,0.118,0.0,13,9,8,1.957
Ube2g2,0.043,-0.028,0.16,0.0,13,9,8,0.335
Pygo1,0.043,-0.154,0.148,0.0,11,6,6,0.028
B3galnt2,0.043,-0.2,0.204,0.0,11,6,7,-0.972
Arhgap23,0.043,-0.323,0.116,0.0,12,7,7,0.312
R3hdm2,0.043,-0.019,0.101,0.0,13,9,8,0.114
Lnpep,0.043,-0.095,0.091,0.0,13,8,8,0.363
Tpp1,0.043,-0.09,0.153,0.0,13,8,8,-2.066
Gnb1,0.043,-0.013,0.051,0.0,13,9,8,0.844
Cask,0.043,-0.364,0.156,0.0,12,6,8,0.05
Tnfrsf1a,0.043,-0.41,0.111,0.0001,10,6,7,-2.38
Ints10,0.043,-0.051,0.082,0.0,13,8,8,-0.055
Slc35f6,0.043,-0.007,0.275,0.0,12,9,7,-0.505
Fus,0.043,-0.1,0.125,0.0,13,8,8,-0.865
Trp53inp2,0.043,0.005,0.189,0.0,13,10,8,0.46
Otud6b,0.043,-0.045,0.1,0.0,13,9,8,0.14
Zfp354a,0.043,-0.039,0.473,0.0472,11,6,6,0.306
Kdm5c,0.043,-0.116,0.14,0.0,13,7,8,-0.199
Tmem19,0.043,0.009,0.156,0.0,13,10,8,-0.18
Ino80,0.043,-0.171,0.169,0.0,13,7,8,-0.548
Plpp2,0.043,-0.036,0.22,0.0,11,8,6,0.331
Sumf1,0.043,-0.017,0.252,0.0,13,8,8,-0.605
Zfp804a,0.043,-0.014,0.18,0.0,13,9,8,2.22
Nop9,0.043,-0.075,0.196,0.0,11,6,6,-0.273
Tmem53,0.043,-0.327,0.169,0.0,13,7,8,-0.262
Fxr2,0.043,-0.073,0.125,0.0,13,8,8,0.427
Pura,0.043,0.01,0.06,0.0,13,10,8,0.402
Dusp8,0.043,-0.046,0.109,0.0,13,7,8,1.228
Btbd7,0.042,-0.25,0.079,0.0,13,7,8,-0.792
Rlf,0.042,-0.014,0.16,0.0,13,9,8,-0.506
Rgs7,0.042,-0.041,0.094,0.0,13,9,8,1.954
Arxes2,0.042,-0.01,0.096,0.0,13,9,8,1.334
Mtfp1,0.042,-0.105,0.203,0.0,12,6,7,0.659
2610001J05Rik,0.042,-0.024,0.149,0.0,13,9,8,-0.182
Iars,0.042,-0.132,0.089,0.0,13,7,8,0.727
Bmpr1a,0.042,-0.02,0.081,0.0,13,9,8,-0.649
Csnk2a2,0.042,-0.003,0.095,0.0,13,8,8,0.149
Inpp5e,0.042,-0.034,0.184,0.0,13,8,8,0.12
Taf8,0.042,-0.184,0.286,0.0,11,6,6,-0.956
Ap1m1,0.042,-0.059,0.076,0.0,13,7,8,0.44
Zfp772,0.042,-0.149,0.286,0.0002,12,7,7,0.506
Trim46,0.042,-0.023,0.253,0.0,13,7,8,1.683
Pdha1,0.042,-0.011,0.098,0.0,13,9,8,0.356
Ankrd45,0.042,-0.103,0.123,0.0002,13,8,8,1.881
Guk1,0.042,-0.053,0.063,0.0,13,9,8,1.264
Ncstn,0.042,-0.108,0.157,0.0,13,7,8,-0.751
Ube2h,0.042,-0.009,0.067,0.0,13,8,8,0.064
Copg2,0.042,-0.02,0.149,0.0,12,8,7,0.383
Ago4,0.042,-0.089,0.189,0.0,10,7,5,0.183
Zkscan8,0.042,-0.223,0.113,0.0,11,6,6,-0.559
Tspan18,0.042,-0.09,0.195,0.0,12,7,7,-1.112
Syt17,0.042,-0.068,0.191,0.0,11,6,6,1.823
Eaf1,0.042,-0.05,0.244,0.0,13,8,8,0.326
Tspan7,0.042,-0.009,0.191,0.0,13,8,8,0.514
Syn1,0.042,0.03,0.149,0.0,13,12,8,2.173
Tbc1d25,0.042,-0.186,0.177,0.0,12,6,7,0.938
Zmynd11,0.042,-0.023,0.094,0.0,13,7,8,-0.17
Naa30,0.042,-0.15,0.17,0.0,13,8,8,0.504
Erlin2,0.042,-0.125,0.174,0.0,13,7,8,-0.266
Tmem175,0.042,-0.051,0.16,0.0,13,7,8,0.176
Lsm11,0.042,-0.091,0.158,0.0,12,7,7,1.174
Por,0.042,-0.102,0.132,0.0,13,7,8,-0.197
Pik3c3,0.042,-0.107,0.195,0.0,13,7,8,0.219
Ppcs,0.042,-0.009,0.086,0.0,13,9,8,0.346
Cap1,0.042,-0.047,0.064,0.0,13,8,8,-0.336
Capn2,0.042,0.011,0.13,0.0,13,11,8,-0.07
Yipf5,0.042,-0.062,0.077,0.0,13,8,8,-0.681
Vps13b,0.042,-0.082,0.16,0.0,13,8,8,0.138
3110082I17Rik,0.041,-0.067,0.163,0.0,11,7,7,-1.172
Tmem62,0.041,-0.025,0.105,0.0,13,9,8,0.306
Mon1a,0.041,-0.029,0.245,0.0,13,8,8,0.766
Vps53,0.041,0.018,0.109,0.0,13,10,8,0.641
Amer3,0.041,-0.175,0.153,0.0,11,8,6,2.098
Maea,0.041,-0.011,0.097,0.0,13,9,8,0.509
Ythdf2,0.041,-0.153,0.061,0.0,13,8,8,-0.01
A830018L16Rik,0.041,-0.011,0.099,0.0,13,8,8,1.993
Cyb5r4,0.041,-0.009,0.087,0.0,13,8,8,0.442
Adk,0.041,-0.001,0.167,0.0,13,9,8,0.16
Golga4,0.041,-0.065,0.07,0.0,13,8,8,-0.4
Gga1,0.041,-0.086,0.144,0.0,13,9,8,0.195
Agpat1,0.041,-0.013,0.14,0.0,13,9,8,0.321
Lclat1,0.041,-0.179,0.244,0.0,13,8,8,0.45
Klhl24,0.041,-0.084,0.093,0.0,13,7,8,0.08
Mapk8,0.041,-0.104,0.115,0.0,13,8,8,0.589
Bms1,0.041,-0.116,0.169,0.0,13,8,8,-0.831
Tmem203,0.041,-0.021,0.175,0.0,13,8,8,-0.878
Spast,0.041,-0.179,0.08,0.0,13,8,8,0.423
Snapc3,0.041,-0.017,0.062,0.0,13,9,8,0.192
Frs2,0.041,-0.218,0.115,0.0,13,8,8,0.002
AW549877,0.041,-0.015,0.079,0.0,13,9,8,0.243
Trip4,0.041,-0.052,0.138,0.0,13,9,8,0.161
Wdr6,0.041,-0.016,0.11,0.0,12,9,7,1.262
Tle2,0.041,-0.27,0.272,0.0,11,6,6,0.31
Ankrd13b,0.041,-0.036,0.121,0.0,13,9,8,0.852
Hspb8,0.041,-0.07,0.125,0.0,13,8,8,1.7
Pgd,0.041,-0.035,0.111,0.0,13,8,8,-0.066
Htr3a,0.041,-0.035,0.319,0.0009,13,8,8,1.612
Fam160b1,0.041,-0.049,0.148,0.0,13,8,8,0.04
Srrt,0.041,-0.217,0.095,0.0,13,9,8,-0.23
E130308A19Rik,0.041,-0.063,0.175,0.0,11,6,6,-0.485
Hs3st5,0.041,-0.098,0.175,0.0,13,7,8,1.904
Flnb,0.041,-0.067,0.301,0.0001,11,7,7,-1.761
Xiap,0.041,-0.049,0.175,0.0,13,8,8,-0.149
B2m,0.041,-0.079,0.114,0.0,13,8,8,-2.307
Magt1,0.041,-0.064,0.135,0.0,13,7,8,-1.09
Zswim4,0.041,-0.172,0.161,0.0,11,6,7,-0.18
Caly,0.041,-0.098,0.156,0.0,13,7,8,2.232
Keap1,0.041,-0.067,0.07,0.0,13,9,8,0.336
Klhl2,0.041,0.012,0.099,0.0,13,10,8,0.363
Gm2a,0.041,-0.054,0.167,0.0,13,8,8,-2.146
Mmd,0.041,-0.03,0.187,0.0,13,8,8,1.416
C1galt1c1,0.041,-0.144,0.137,0.0,13,8,8,-0.066
Sh3bgrl2,0.041,-0.308,0.158,0.0,12,8,8,1.383
Tfip11,0.04,-0.146,0.118,0.0,13,7,8,0.181
Ubqln4,0.04,-0.04,0.223,0.0,13,9,8,0.123
Dusp15,0.04,-0.064,0.437,0.0164,12,8,8,1.151
Rasa1,0.04,-0.048,0.108,0.0,13,7,8,-0.146
Neurl4,0.04,-0.044,0.248,0.0,13,9,8,0.729
1110059E24Rik,0.04,-0.074,0.185,0.0,13,8,8,-0.128
Slc4a1ap,0.04,-0.117,0.141,0.0,13,7,8,0.351
Jup,0.04,-0.084,0.119,0.0,13,8,8,0.46
Shprh,0.04,-0.205,0.144,0.0,13,8,8,-0.117
AU041133,0.04,-0.021,0.121,0.0,12,8,7,-0.204
Ppfia4,0.04,-0.049,0.187,0.0,13,8,8,1.001
Tspyl4,0.04,-0.002,0.098,0.0,13,9,8,1.976
Syt9,0.04,-0.035,0.198,0.0,13,8,8,1.889
Sec24c,0.04,-0.095,0.244,0.0,13,7,8,-0.147
Oscp1,0.04,-0.089,0.171,0.0,13,8,8,-0.021
Polr3b,0.04,-0.356,0.067,0.0,13,7,8,0.389
4930453N24Rik,0.04,-0.015,0.089,0.0,13,8,8,-0.269
Gcdh,0.04,-0.245,0.088,0.0,13,7,8,-0.086
Mthfd1l,0.04,-0.196,0.178,0.0001,13,7,8,0.469
Igfbp5,0.04,-0.211,0.625,0.0418,11,6,6,-2.483
4930570G19Rik,0.04,-0.25,0.127,0.0002,10,6,5,-0.415
Lysmd4,0.04,0.016,0.207,0.0,13,10,8,1.142
Senp7,0.04,-0.109,0.07,0.0,13,8,8,0.002
Nfrkb,0.04,-0.121,0.099,0.0,13,8,8,-0.022
Ift122,0.04,-0.02,0.132,0.0,13,8,8,-0.389
Tial1,0.04,-0.001,0.066,0.0,13,9,8,-0.005
Fam102a,0.04,-0.23,0.246,0.0,12,6,8,-2.951
Cdip1,0.04,-0.035,0.089,0.0,12,7,7,0.138
Igsf3,0.04,-0.047,0.144,0.0,13,9,8,-0.112
Zc3h8,0.04,-0.08,0.125,0.0,13,8,8,0.057
Cd47,0.04,-0.038,0.136,0.0,13,9,8,0.675
Zfp770,0.04,-0.064,0.24,0.0003,12,7,7,0.358
Zfp654,0.04,-0.234,0.182,0.0,12,7,8,-0.231
Nsfl1c,0.04,-0.092,0.064,0.0,13,8,8,0.295
Hook2,0.04,-0.235,0.282,0.0,12,6,8,0.113
Ccdc91,0.04,-0.055,0.19,0.0,13,7,8,0.49
Atic,0.04,-0.003,0.226,0.0,13,9,8,0.519
Plekhm2,0.04,-0.048,0.097,0.0,13,8,8,0.032
Mios,0.04,-0.118,0.13,0.0,13,9,8,-0.742
Mypop,0.04,-0.009,0.149,0.0,13,8,8,0.896
Ccdc148,0.04,-0.164,0.123,0.0,12,7,7,0.339
Zfp644,0.039,0.008,0.057,0.0,13,11,8,-0.303
Sec14l1,0.039,-0.037,0.091,0.0,13,8,8,-0.692
Zfp606,0.039,-0.089,0.087,0.0003,12,8,7,-0.181
Hmg20a,0.039,-0.04,0.095,0.0,13,8,8,-0.261
Rmnd5a,0.039,-0.181,0.123,0.0,13,7,8,-0.369
Slc35c1,0.039,-0.09,0.154,0.0002,12,8,7,0.27
Unc45a,0.039,-0.114,0.13,0.0,13,7,8,0.455
Cep68,0.039,-0.132,0.095,0.0,12,7,7,-0.046
Colq,0.039,-0.51,0.277,0.0001,11,6,8,1.378
Dusp11,0.039,-0.038,0.045,0.0,13,8,8,-0.467
H2-M3,0.039,-0.061,0.3,0.0026,13,8,8,-0.124
Mars2,0.039,-0.162,0.218,0.0,12,8,8,-0.169
Fbxo46,0.039,-0.036,0.106,0.0,10,7,5,-0.441
Arhgef10l,0.039,-0.161,0.169,0.0,13,8,8,-0.44
Ntpcr,0.039,-0.1,0.115,0.0,13,8,8,0.233
Mtrr,0.039,-0.158,0.191,0.0,12,7,7,0.007
Alg5,0.039,-0.11,0.081,0.0,13,7,8,-0.475
Tmem69,0.039,-0.392,0.243,0.0,12,7,7,0.459
Idh3b,0.039,-0.038,0.08,0.0,13,7,8,0.439
Trub2,0.039,-0.036,0.142,0.0,13,7,8,0.017
Ppp1r12b,0.039,-0.111,0.128,0.0,13,8,8,0.356
Narf,0.039,0.005,0.133,0.0,13,10,8,0.482
Fxyd6,0.039,-0.002,0.125,0.0,13,9,8,1.807
Samm50,0.039,-0.064,0.101,0.0,13,7,8,0.138
Bcat2,0.039,-0.059,0.199,0.0,13,9,8,0.277
Rasa2,0.039,-0.039,0.092,0.0,13,8,8,-0.553
Phc2,0.039,-0.103,0.097,0.0,13,8,8,-0.278
Pwwp2b,0.039,-0.265,0.156,0.0,13,7,8,1.165
Gabrb3,0.039,-0.025,0.089,0.0,13,8,8,2.005
Rab6a,0.039,-0.0,0.081,0.0,13,9,8,1.054
Ank3,0.039,-0.006,0.07,0.0,13,9,8,0.467
Palmd,0.039,-0.116,0.139,0.0034,13,8,8,1.019
Cox10,0.039,-0.053,0.141,0.0,13,8,8,0.618
Srsf12,0.039,-0.046,0.145,0.0,12,7,7,1.82
Anks3,0.039,-0.021,0.116,0.0,13,8,8,-0.417
Oaz2,0.039,-0.041,0.124,0.0,12,7,7,0.651
Rps6ka6,0.039,-0.037,0.284,0.0006,12,8,7,1.351
Eif2d,0.038,-0.027,0.171,0.0,13,8,8,-0.3
Plppr5,0.038,-0.078,0.209,0.0,11,7,6,2.042
Znrf2,0.038,-0.016,0.212,0.0,13,8,8,0.549
Sesn3,0.038,-0.044,0.096,0.0,13,9,8,-1.504
Trmt10c,0.038,-0.118,0.087,0.0,12,7,7,-0.081
Tprn,0.038,-0.228,0.303,0.0,10,5,6,-0.075
Rsrp1,0.038,-0.045,0.131,0.0,11,6,6,-0.472
Brpf1,0.038,-0.149,0.121,0.0,13,7,8,-0.727
Gde1,0.038,0.017,0.141,0.0,13,10,8,0.863
Arhgef17,0.038,-0.12,0.174,0.0,13,8,8,-0.081
Arrb2,0.038,-0.078,0.075,0.0,13,8,8,-0.019
Klhl13,0.038,-0.149,0.18,0.0,12,6,7,-0.648
Eprs,0.038,-0.003,0.206,0.0,13,9,8,-0.089
Mib1,0.038,-0.11,0.216,0.0,13,8,8,-0.075
Mtmr11,0.038,-0.128,0.335,0.0,12,6,8,0.034
Agtpbp1,0.038,0.001,0.068,0.0,13,10,8,1.295
Slc25a16,0.038,-0.06,0.163,0.0,13,8,8,0.326
Phc1,0.038,-0.166,0.091,0.0,12,7,7,-0.14
Scrt1,0.038,-0.07,0.272,0.0005,10,6,5,1.739
B4galt4,0.038,-0.338,0.183,0.0,12,6,7,-0.871
Crk,0.038,-0.049,0.119,0.0,13,7,8,-0.157
Ralbp1,0.038,0.022,0.103,0.0,13,12,8,0.59
S1pr3,0.038,-0.03,0.113,0.0,10,7,6,-3.32
E4f1,0.038,-0.154,0.241,0.0,13,8,8,-0.568
Izumo4,0.038,-0.177,0.268,0.0,13,8,8,0.188
Dctn1,0.038,0.013,0.102,0.0,13,10,8,1.016
Wdpcp,0.038,-0.08,0.209,0.0,12,6,7,-0.291
Arglu1,0.038,0.009,0.058,0.0,13,11,8,-0.297
Sufu,0.038,-0.253,0.159,0.0001,10,6,6,-0.947
Paxip1,0.038,-0.125,0.18,0.0,13,8,8,-0.072
Dennd4a,0.038,-0.136,0.161,0.0,13,7,8,-0.304
Aplp1,0.038,0.008,0.192,0.0,13,12,8,1.799
Parp1,0.038,-0.172,0.1,0.0,13,8,8,0.329
Rusc1,0.038,0.022,0.151,0.0,13,10,8,1.478
Trim26,0.038,-0.05,0.17,0.0,13,8,8,-0.283
Senp2,0.038,-0.057,0.08,0.0,13,8,8,-0.225
Smg6,0.037,-0.069,0.095,0.0,13,7,8,-0.483
Mto1,0.037,-0.102,0.095,0.0,13,9,8,0.109
Top3b,0.037,-0.1,0.145,0.0,13,8,8,-0.364
4931428F04Rik,0.037,-0.003,0.102,0.0,13,9,8,1.446
Slc6a6,0.037,-0.094,0.296,0.0,13,7,8,0.123
Zmym1,0.037,-0.058,0.251,0.0027,13,8,8,0.306
Tcn2,0.037,-0.163,0.112,0.0,12,7,7,-2.851
Orc5,0.037,-0.258,0.18,0.0001,13,7,8,-0.114
Hbs1l,0.037,-0.038,0.069,0.0,13,9,8,0.324
Luc7l,0.037,-0.043,0.053,0.0,13,9,8,0.461
Pigw,0.037,-0.306,0.241,0.0,10,6,5,0.476
Map4k4,0.037,-0.073,0.072,0.0,13,7,8,-0.558
Ntrk2,0.037,-0.146,0.245,0.0001,11,6,7,-1.56
Esrra,0.037,-0.028,0.111,0.0,13,9,8,-0.906
Ppp2r1a,0.037,-0.003,0.103,0.0,13,9,8,0.92
Vsnl1,0.037,-0.048,0.219,0.0113,13,7,8,1.964
Rab30,0.037,-0.029,0.133,0.0,13,9,8,0.484
Nxpe3,0.037,-0.078,0.264,0.0,12,7,7,0.958
Ap1s2,0.037,-0.013,0.164,0.0,13,9,8,1.129
Ighmbp2,0.037,-0.238,0.207,0.0,11,7,6,0.031
Cd2ap,0.037,-0.004,0.107,0.0,13,9,8,-0.491
Zdhhc7,0.037,-0.08,0.118,0.0,13,7,8,0.242
Larp4,0.037,0.011,0.069,0.0,13,10,8,0.455
Prpf40a,0.037,-0.11,0.105,0.0,13,8,8,-0.876
Isl1,0.037,0.002,0.204,0.0011,10,8,7,1.939
Celf1,0.037,-0.002,0.169,0.0,13,9,8,-0.324
Pbx3,0.037,-0.186,0.13,0.0004,12,7,8,-0.373
Pgrmc1,0.037,-0.017,0.094,0.0,13,7,8,0.239
Pum1,0.037,-0.015,0.143,0.0,13,8,8,-0.233
Nat14,0.037,-0.061,0.24,0.0,13,8,8,1.614
Ptk2,0.037,-0.016,0.081,0.0,13,9,8,-1.182
Foxp1,0.037,-0.036,0.073,0.0,13,8,8,-0.786
Cdc37l1,0.037,-0.045,0.103,0.0,13,7,8,-0.374
Plod1,0.037,-0.082,0.517,0.0145,12,6,8,-3.2
Socs2,0.037,-0.126,0.162,0.0,13,8,8,0.443
Rfng,0.037,-0.042,0.134,0.0,13,8,8,0.588
Cln6,0.037,-0.084,0.271,0.0,12,6,7,-0.569
Snip1,0.036,-0.093,0.083,0.0,12,8,7,-0.365
Fam220a,0.036,-0.073,0.107,0.0,12,7,7,-0.025
Arrdc3,0.036,-0.053,0.101,0.0,13,8,8,-0.765
Numbl,0.036,0.017,0.125,0.0,13,10,8,0.703
Nup153,0.036,-0.187,0.154,0.0,13,8,8,-0.361
Nxn,0.036,-0.132,0.127,0.0023,13,7,8,0.204
Ctbp2,0.036,-0.28,0.101,0.0,11,6,6,-1.054
Fbxo33,0.036,-0.056,0.117,0.0,13,8,8,-0.518
Nsun4,0.036,-0.164,0.116,0.0,13,8,8,0.024
Rnf139,0.036,-0.238,0.202,0.0,13,8,8,-0.45
Pik3ip1,0.036,-0.014,0.188,0.0,13,8,8,0.498
Enho,0.036,-0.083,0.074,0.0,13,8,8,1.033
Tdp2,0.036,-0.226,0.108,0.0,13,7,8,-0.838
Zfhx2,0.036,-0.028,0.077,0.0,12,8,7,1.749
Ino80d,0.036,-0.097,0.127,0.0,13,7,8,-0.539
Tm9sf2,0.036,-0.021,0.119,0.0002,13,8,8,-0.675
Rab3a,0.036,-0.064,0.077,0.0,13,8,8,2.119
Amy1,0.036,-0.126,0.217,0.0,11,7,7,0.47
Atpaf1,0.036,-0.138,0.101,0.0,13,7,8,0.163
Ubr1,0.036,-0.068,0.116,0.0,13,8,8,0.105
Zc3h15,0.036,-0.05,0.075,0.0,13,9,8,0.712
Glt8d1,0.036,-0.1,0.12,0.0,13,8,8,-1.552
Slain2,0.036,-0.006,0.149,0.0,13,8,8,-0.28
Kat2b,0.036,-0.116,0.19,0.0,13,8,8,-1.079
Fam118a,0.036,-0.109,0.141,0.0,13,8,8,-0.33
Dcaf15,0.036,-0.061,0.209,0.0,13,9,8,0.333
Sft2d2,0.036,-0.239,0.191,0.0,12,7,7,-2.033
Tuba1b,0.036,-0.063,0.063,0.0,13,9,8,0.705
Dhx32,0.036,-0.079,0.107,0.0,13,9,8,0.45
Mat2b,0.036,-0.024,0.082,0.0,13,8,8,-0.281
Trim8,0.036,-0.001,0.123,0.0,13,8,8,-0.551
Tfdp2,0.036,-0.074,0.046,0.0,13,8,8,-0.658
Il6st,0.036,-0.081,0.148,0.0,13,8,8,-1.304
Igsf10,0.036,-0.568,0.293,0.0144,10,6,6,-2.249
Gabpa,0.036,-0.375,0.105,0.0001,13,7,8,-1.322
Tmed7,0.036,-0.094,0.095,0.0,13,7,8,-0.756
Gabarapl1,0.036,-0.014,0.074,0.0,13,8,8,1.198
Myo6,0.036,-0.144,0.171,0.0,13,8,8,-1.972
Coro7,0.036,-0.058,0.106,0.0,13,8,8,0.422
Pibf1,0.036,-0.128,0.092,0.0,13,7,8,-0.296
Pick1,0.036,-0.06,0.1,0.0,13,9,8,0.571
Atp9b,0.036,-0.026,0.135,0.0,13,8,8,-0.06
Rundc3b,0.036,-0.105,0.195,0.0,13,8,8,1.735
Nkiras1,0.036,-0.01,0.123,0.0,13,9,8,1.268
Cflar,0.036,-0.187,0.111,0.0,13,8,8,-0.91
Lrrc41,0.036,-0.033,0.08,0.0,13,9,8,-0.006
Armc6,0.036,-0.089,0.198,0.0,13,7,8,1.084
Dnajc13,0.036,-0.033,0.194,0.0,13,9,8,0.069
Dnaja3,0.035,-0.09,0.143,0.0,13,8,8,0.27
Phip,0.035,-0.102,0.138,0.0,13,8,8,-0.517
Xrn1,0.035,-0.111,0.091,0.0,13,8,8,-0.328
Lysmd1,0.035,-0.139,0.095,0.0,13,8,8,0.782
Armc8,0.035,-0.039,0.122,0.0,13,9,8,0.468
Rif1,0.035,-0.275,0.138,0.0,13,7,8,-1.229
Tmx3,0.035,-0.135,0.188,0.0,13,8,8,-0.304
Zfp322a,0.035,0.008,0.124,0.0,13,10,8,0.38
Eral1,0.035,-0.1,0.181,0.0,12,7,7,0.187
Gtf2e1,0.035,-0.257,0.183,0.0,12,7,7,0.29
Golgb1,0.035,-0.04,0.06,0.0,13,8,8,-0.232
Ahi1,0.035,-0.008,0.231,0.0,13,8,8,1.467
Zeb1,0.035,-0.006,0.183,0.0,13,8,8,-0.508
Srxn1,0.035,-0.104,0.108,0.0,13,8,8,1.157
Bag2,0.035,-0.059,0.101,0.0,13,7,8,0.258
Ubr2,0.035,-0.087,0.121,0.0,13,9,8,-0.181
Cnppd1,0.035,-0.069,0.161,0.0,12,6,7,-0.245
Limd2,0.035,-0.23,0.121,0.0,13,7,8,0.036
Cdk5r1,0.035,-0.089,0.163,0.0,13,9,8,1.895
Msi1,0.035,-0.119,0.118,0.0,11,7,6,0.181
Crmp1,0.035,0.003,0.186,0.0,13,10,8,2.077
Lrpap1,0.035,-0.008,0.115,0.0,13,9,8,0.158
Nedd4,0.035,-0.011,0.075,0.0,13,9,8,-0.327
Dpysl3,0.035,-0.049,0.157,0.0,13,8,8,1.545
Tubg1,0.035,-0.139,0.069,0.0,13,8,8,0.365
Zc3hav1,0.035,-0.268,0.18,0.0,11,7,6,-0.415
Arhgap35,0.035,-0.103,0.208,0.0,11,7,6,0.413
Cnr1,0.035,-0.335,0.238,0.0,12,7,7,1.937
Haghl,0.035,-0.11,0.157,0.0012,13,8,8,-0.02
Ica1,0.035,-0.133,0.071,0.0,13,7,8,1.468
Kpna4,0.035,0.018,0.096,0.0,13,10,8,-0.175
Add1,0.035,-0.014,0.062,0.0,13,9,8,0.003
Golga7,0.035,-0.011,0.07,0.0,13,8,8,-0.281
Slf1,0.035,0.025,0.236,0.0003,11,9,6,-0.041
Ppcdc,0.035,-0.071,0.386,0.0089,13,7,8,-0.279
Slc5a5,0.035,0.013,0.298,0.007,11,9,7,1.547
Gmppa,0.035,0.001,0.117,0.0,13,10,8,-0.333
mt-Nd3,0.035,-0.07,0.085,0.0,11,6,6,0.041
Coprs,0.034,-0.071,0.137,0.0,12,9,7,1.305
Plaa,0.034,-0.023,0.151,0.0,13,9,8,0.479
Ptar1,0.034,-0.132,0.162,0.0,10,6,6,-0.498
Pip4k2a,0.034,-0.064,0.161,0.0,13,7,8,-0.207
Got1,0.034,0.016,0.076,0.0,13,10,8,1.205
Lrch2,0.034,-0.119,0.113,0.0,12,7,7,0.77
Cdv3,0.034,-0.04,0.086,0.0,13,7,8,0.478
F8a,0.034,-0.085,0.11,0.0,13,9,8,0.92
Dad1,0.034,0.002,0.107,0.0,13,10,8,-0.155
Nisch,0.034,0.015,0.084,0.0,13,10,8,0.226
Ip6k2,0.034,-0.123,0.081,0.0,13,8,8,0.178
P2rx2,0.034,-0.174,0.306,0.0052,12,8,7,1.673
Ccsap,0.034,-0.072,0.241,0.0,10,6,5,0.802
Setx,0.034,-0.115,0.164,0.0,13,9,8,0.136
Dnm2,0.034,-0.125,0.132,0.0,13,7,8,-0.703
Bag3,0.034,-0.049,0.096,0.0,13,8,8,0.613
Rere,0.034,-0.031,0.107,0.0,13,8,8,0.37
Arvcf,0.034,-0.059,0.114,0.0,12,7,7,0.333
Parn,0.034,-0.053,0.153,0.0,13,7,8,-0.488
Sav1,0.034,-0.004,0.21,0.0,13,9,8,-1.212
Cd3eap,0.034,-0.119,0.213,0.0,13,7,8,0.179
Pex6,0.034,-0.058,0.132,0.0,13,8,8,-0.043
Abhd10,0.034,-0.082,0.118,0.0,13,7,8,0.596
Pgm3,0.034,-0.099,0.16,0.0,12,7,7,-0.394
Thnsl2,0.034,-0.082,0.258,0.0,12,8,7,-0.429
Fzd3,0.034,-0.123,0.172,0.0,13,8,8,-0.362
Surf2,0.034,-0.063,0.05,0.0,13,7,8,0.508
Arcn1,0.034,-0.015,0.094,0.0,13,9,8,-0.32
Dpp8,0.034,-0.346,0.069,0.0,13,7,8,-0.537
Micu3,0.034,-0.037,0.09,0.0,11,6,6,1.686
Eps15l1,0.034,-0.169,0.157,0.0,13,8,8,-0.181
Mettl21a,0.034,-0.147,0.169,0.0,12,7,7,-0.942
Mettl16,0.034,-0.031,0.063,0.0,13,9,8,0.138
Sdr39u1,0.034,-0.057,0.053,0.0,13,8,8,1.627
Kif5b,0.034,-0.021,0.084,0.0,13,8,8,-0.295
Rtn1,0.034,-0.05,0.162,0.0,13,8,8,2.299
Trmt10b,0.034,-0.063,0.105,0.0,12,7,7,0.744
Birc6,0.034,-0.069,0.141,0.0,13,8,8,0.155
Stk35,0.034,-0.233,0.14,0.0,12,7,8,0.009
Adprh,0.034,-0.017,0.129,0.0,13,8,8,0.191
Cbx8,0.034,-0.004,0.17,0.0001,11,8,6,-0.161
Abhd17c,0.034,-0.179,0.188,0.0,10,5,5,-0.074
Numb,0.034,-0.032,0.101,0.0,13,8,8,-1.608
Zfp512,0.033,-0.054,0.051,0.0,13,8,8,0.41
Adipor1,0.033,-0.003,0.041,0.0,13,9,8,0.308
Gpr19,0.033,-0.114,0.124,0.0,13,8,8,0.39
Sox12,0.033,-0.1,0.202,0.0,12,7,7,0.259
Stt3b,0.033,-0.079,0.132,0.0,13,8,8,-0.804
Sult4a1,0.033,-0.02,0.076,0.0,13,9,8,2.045
Sar1a,0.033,-0.009,0.125,0.0,13,7,8,-0.841
Fam234a,0.033,-0.004,0.233,0.0,11,8,6,-1.078
Tagln3,0.033,-0.068,0.117,0.0,13,7,8,2.18
Fam49a,0.033,-0.065,0.14,0.0,10,6,5,0.009
Prpsap1,0.033,-0.007,0.079,0.0,13,9,8,-0.256
Psmd2,0.033,-0.016,0.126,0.0,13,8,8,0.377
Tnpo2,0.033,-0.114,0.162,0.0,13,9,8,0.934
Slc35c2,0.033,0.002,0.147,0.0,13,10,8,0.319
Nkrf,0.033,-0.025,0.179,0.0,13,8,8,1.378
Ranbp2,0.033,-0.108,0.07,0.0,13,7,8,-0.468
Cnot8,0.033,-0.085,0.102,0.0,13,8,8,-0.25
Vamp2,0.033,0.004,0.063,0.0,13,10,8,1.563
Asb8,0.033,-0.024,0.134,0.0,13,9,8,0.443
Nedd4l,0.033,-0.004,0.127,0.0,13,9,8,0.384
Zkscan1,0.033,-0.029,0.049,0.0,13,9,8,-0.41
Tmem106b,0.033,-0.032,0.112,0.0,13,8,8,-0.821
Xpc,0.033,-0.029,0.081,0.0,13,8,8,0.131
Csde1,0.033,0.015,0.091,0.0,13,11,8,0.212
Mid1,0.033,-0.126,0.133,0.0,10,7,5,-1.027
Luc7l2,0.033,-0.046,0.075,0.0,13,9,8,-0.559
Gtf2i,0.033,-0.049,0.086,0.0,13,9,8,-0.204
Ppp6r3,0.033,-0.095,0.198,0.0,13,8,8,-0.497
Ppp2r5e,0.033,-0.04,0.135,0.0,13,7,8,0.032
Cacna2d1,0.033,-0.042,0.137,0.0,13,8,8,1.213
Maged1,0.033,0.006,0.141,0.0,13,10,8,0.239
Tada1,0.033,-0.169,0.053,0.0,13,7,8,0.064
Rnf4,0.033,0.023,0.056,0.0,13,10,8,-0.329
Stx2,0.033,-0.001,0.142,0.0,13,9,8,0.651
Trmt1l,0.033,-0.042,0.098,0.0,12,7,7,-0.295
Nphp1,0.033,-0.084,0.06,0.0,11,7,6,-1.381
Ephb6,0.033,-0.346,0.201,0.0,11,6,6,-0.962
Gm26917,0.033,-0.049,0.144,0.0,10,6,5,-0.896
Strn,0.033,-0.157,0.096,0.0,11,6,6,-0.143
Vhl,0.033,-0.109,0.086,0.0,12,7,7,-0.236
Ehmt1,0.033,-0.149,0.09,0.0,13,7,8,-0.358
Vps37d,0.033,-0.159,0.061,0.0,12,7,7,0.946
Zbtb17,0.032,-0.18,0.161,0.0,13,8,8,-0.241
Slc30a1,0.032,-0.062,0.349,0.0057,10,5,6,-0.867
Txndc12,0.032,-0.127,0.053,0.0,13,7,8,-2.28
Bloc1s3,0.032,-0.518,0.231,0.0,12,7,7,0.696
Ttc9,0.032,-0.045,0.143,0.0,13,9,8,0.978
Zcchc7,0.032,-0.101,0.191,0.0,13,7,8,-0.206
Smarca2,0.032,-0.034,0.112,0.0,13,7,8,0.097
Abhd12,0.032,-0.025,0.189,0.0,13,8,8,0.214
Acbd5,0.032,-0.056,0.054,0.0,13,8,8,0.347
Tmem209,0.032,-0.095,0.203,0.0,13,7,8,-0.568
Jmjd1c,0.032,-0.18,0.188,0.0,13,7,8,-0.942
Tmem8b,0.032,-0.068,0.232,0.0,13,8,8,0.785
Mycbp,0.032,-0.035,0.054,0.0,13,8,8,0.246
Rnf220,0.032,-0.042,0.075,0.0,13,8,8,0.301
Spock3,0.032,-0.043,0.086,0.0,13,9,8,1.766
Rsf1,0.032,-0.01,0.098,0.0,13,8,8,-0.048
Sap30l,0.032,-0.061,0.067,0.0,13,8,8,0.416
Ahctf1,0.032,-0.107,0.171,0.0,13,8,8,-0.654
Phf8,0.032,-0.148,0.165,0.0,13,8,8,-0.053
Gnaq,0.032,-0.052,0.055,0.0,13,7,8,0.601
E130307A14Rik,0.032,-0.119,0.238,0.0003,11,7,7,-0.391
Zfr,0.032,0.008,0.049,0.0,13,12,8,0.484
Ifngr1,0.032,-0.031,0.182,0.0,13,9,8,-2.477
B3gat3,0.032,0.003,0.08,0.0,13,10,8,0.619
Mob3a,0.032,-0.123,0.144,0.0,13,8,8,0.502
Cul1,0.032,-0.082,0.07,0.0,13,8,8,0.087
Zscan21,0.032,-0.183,0.137,0.0,12,7,7,-0.297
Rhou,0.032,-0.107,0.133,0.0,11,6,7,0.696
Max,0.032,0.018,0.168,0.0,13,10,8,-0.126
Smc5,0.032,-0.123,0.182,0.0,13,7,8,-0.641
Ppip5k2,0.032,-0.029,0.172,0.0,13,8,8,0.069
St7l,0.032,-0.003,0.083,0.0,13,9,8,-0.072
Cplx1,0.032,-0.021,0.172,0.0,13,8,8,2.207
Oas1c,0.032,-0.067,0.182,0.0,13,8,8,1.365
Dusp18,0.032,-0.388,0.192,0.0,11,6,6,-0.828
Wdr48,0.032,-0.121,0.074,0.0,13,7,8,0.167
Copb1,0.032,-0.049,0.072,0.0,13,8,8,-0.464
Ap5z1,0.032,-0.313,0.23,0.0,12,7,7,0.163
Kdm4b,0.032,-0.183,0.096,0.0,13,7,8,0.173
Ptprd,0.031,-0.061,0.107,0.0,12,7,7,0.84
Taf3,0.031,-0.089,0.053,0.0,13,7,8,-0.616
Igtp,0.031,-0.141,0.076,0.0005,11,6,8,-1.493
Dtnb,0.031,-0.04,0.099,0.0,13,9,8,0.738
Seh1l,0.031,-0.036,0.123,0.0,13,8,8,-0.447
Ftsj1,0.031,-0.024,0.224,0.0,13,8,8,-0.318
Dtx1,0.031,-0.098,0.1,0.0,10,6,5,1.695
1110051M20Rik,0.031,0.004,0.06,0.0,13,10,8,0.612
Lgmn,0.031,-0.008,0.197,0.0,13,9,8,-0.23
AI597479,0.031,-0.069,0.1,0.0,13,8,8,0.216
Prrg3,0.031,-0.326,0.137,0.0,13,7,8,-0.373
Th,0.031,-0.315,0.275,0.0034,12,7,7,1.627
Ccdc92,0.031,0.025,0.171,0.0,13,10,8,1.963
Abce1,0.031,-0.056,0.1,0.0,13,8,8,0.294
Slx1b,0.031,-0.077,0.155,0.0,13,8,8,-0.326
Mlec,0.031,-0.06,0.151,0.0,13,8,8,-0.498
Vcp,0.031,-0.066,0.107,0.0,13,8,8,0.415
Gm13483,0.031,-0.116,0.113,0.0007,10,5,6,0.653
Omg,0.031,-0.047,0.374,0.006,13,8,8,1.527
Ssr3,0.031,-0.095,0.055,0.0,13,7,8,-1.078
Rabl2,0.031,-0.078,0.248,0.0,13,7,8,-0.148
Gsk3b,0.031,0.0,0.076,0.0,13,10,8,1.114
Ssbp3,0.031,-0.019,0.108,0.0,13,8,8,0.637
Stbd1,0.031,-0.139,0.16,0.0,11,6,7,-0.332
Nars2,0.031,-0.144,0.162,0.0,12,7,7,0.277
Trps1,0.031,-0.26,0.143,0.0,12,8,7,-1.804
Sphk2,0.031,-0.07,0.12,0.0,13,7,8,0.096
Zfp597,0.031,-0.074,0.194,0.0,12,8,8,0.556
Mfsd8,0.031,-0.173,0.215,0.0,12,7,7,-0.812
Ankrd49,0.031,-0.127,0.131,0.0,11,6,7,-0.881
Mccc2,0.031,-0.11,0.136,0.0,13,9,8,0.001
Exoc3,0.031,-0.045,0.146,0.0,13,8,8,0.402
Ccdc167,0.031,-0.173,0.161,0.0003,12,7,7,0.702
Psen2,0.031,-0.031,0.146,0.0001,13,8,8,0.52
Plxna4,0.031,-0.06,0.095,0.0,13,8,8,1.906
Amer1,0.031,-0.034,0.251,0.0,12,7,7,-0.002
Ctnnb1,0.031,-0.087,0.07,0.0,13,7,8,-0.847
Smyd4,0.031,-0.093,0.156,0.0008,13,8,8,-0.279
Gtf3c3,0.031,-0.06,0.169,0.0,13,7,8,0.435
Ttc5,0.031,-0.035,0.071,0.0,13,7,8,-0.047
Stoml1,0.031,-0.0,0.124,0.0,13,9,8,0.739
Tia1,0.03,-0.058,0.145,0.0,13,8,8,-0.218
Zkscan5,0.03,-0.154,0.121,0.0,12,7,7,0.169
Vars2,0.03,-0.224,0.314,0.0032,12,6,7,0.016
Cox18,0.03,-0.106,0.177,0.0,13,7,8,0.461
Snhg9,0.03,-0.029,0.093,0.0,11,7,6,-0.117
Zswim5,0.03,-0.445,0.255,0.0002,11,6,7,1.03
Eif4g2,0.03,-0.026,0.075,0.0,13,8,8,0.28
Ly6h,0.03,-0.126,0.155,0.0,11,7,6,2.17
Immt,0.03,-0.018,0.095,0.0,13,9,8,0.412
Rita1,0.03,-0.075,0.151,0.0,11,7,6,1.082
Ccnd1,0.03,-0.198,0.187,0.0,12,6,7,-0.056
Afg3l1,0.03,-0.04,0.079,0.0,13,8,8,-0.173
Klf13,0.03,-0.08,0.105,0.0,13,8,8,-0.361
Gon4l,0.03,-0.077,0.091,0.0,13,8,8,-0.199
Rad18,0.03,-0.237,0.164,0.0,12,6,7,-0.749
Mbd1,0.03,-0.011,0.101,0.0,13,9,8,-0.391
Camk1d,0.03,-0.095,0.238,0.0,13,7,8,0.808
Ak3,0.03,-0.07,0.109,0.0,13,8,8,-0.27
Tmx1,0.03,-0.058,0.157,0.0,13,9,8,0.324
Flot2,0.03,-0.014,0.065,0.0,13,8,8,1.235
Tdrp,0.03,-0.324,0.229,0.0,10,6,6,0.743
Bzw1,0.03,-0.061,0.048,0.0,13,7,8,-0.043
Jak1,0.03,-0.06,0.106,0.0,13,8,8,0.163
Hdac3,0.03,-0.029,0.121,0.0,13,9,8,0.152
St3gal3,0.03,-0.059,0.307,0.0,12,8,7,0.078
Rufy3,0.03,-0.017,0.091,0.0,13,8,8,1.902
Crebbp,0.03,-0.109,0.139,0.0,13,7,8,-0.475
Tox,0.03,-0.101,0.317,0.0004,11,6,6,0.052
Trmt61a,0.03,-0.235,0.215,0.0,11,6,6,-0.167
Nbr1,0.03,-0.095,0.134,0.0,13,8,8,-0.273
Ppp1r10,0.03,-0.108,0.095,0.0,13,7,8,-1.265
Appl1,0.03,-0.069,0.045,0.0,13,7,8,0.163
Prrt1,0.03,-0.142,0.134,0.0,11,6,6,0.081
Dse,0.03,-0.206,0.361,0.0021,11,6,6,-1.235
Zfp868,0.03,-0.133,0.075,0.0,12,7,7,-0.051
Shoc2,0.03,-0.003,0.128,0.0,13,9,8,0.813
Pex11b,0.03,-0.027,0.372,0.0,13,7,8,0.279
Pgs1,0.029,-0.056,0.074,0.0,13,9,8,0.693
Tpk1,0.029,-0.414,0.175,0.0,10,5,6,-0.054
Phf20,0.029,-0.037,0.09,0.0,13,8,8,0.276
Rab2b,0.029,-0.002,0.06,0.0,13,9,8,0.538
B230307C23Rik,0.029,-0.036,0.147,0.0,10,6,6,-0.341
Parp2,0.029,-0.12,0.171,0.0,13,8,8,-0.183
Gsk3a,0.029,-0.003,0.077,0.0,13,8,8,0.454
Cd24a,0.029,-0.144,0.081,0.0,13,7,8,1.673
Cacnb4,0.029,-0.138,0.179,0.0,13,7,8,1.505
Ctsd,0.029,0.009,0.128,0.0,13,11,8,-0.601
Emc7,0.029,-0.047,0.286,0.0,12,7,7,-0.407
Maged2,0.029,-0.047,0.062,0.0,13,9,8,-0.407
Zbtb43,0.029,-0.254,0.246,0.0,12,6,8,-0.636
Ankrd11,0.029,-0.051,0.107,0.0,13,9,8,-0.182
Mapt,0.029,-0.005,0.096,0.0,13,8,8,1.842
Brdt,0.029,-0.058,0.148,0.0,13,8,8,0.386
Tril,0.029,-0.106,0.299,0.004,11,6,6,0.113
Mecp2,0.029,-0.137,0.092,0.0,13,8,8,0.193
Kalrn,0.029,-0.141,0.107,0.0,13,8,8,1.177
Nudt3,0.029,-0.056,0.111,0.0,13,7,8,0.446
Prpf19,0.029,-0.061,0.077,0.0,13,8,8,-0.085
Arhgap39,0.029,-0.087,0.193,0.0,12,7,7,-0.854
Rnf208,0.029,-0.011,0.113,0.0,13,9,8,1.848
Rnf32,0.029,-0.049,0.187,0.0,12,8,7,1.522
Arhgdia,0.029,-0.002,0.12,0.0,13,9,8,0.491
Jkamp,0.029,-0.047,0.108,0.0,13,7,8,0.546
Olfml3,0.029,-0.177,0.162,0.0008,10,6,7,-4.566
Tmod1,0.029,-0.084,0.163,0.0,13,9,8,1.675
Lyst,0.029,-0.024,0.208,0.0,13,8,8,0.723
Zfp410,0.029,-0.123,0.173,0.0,13,8,8,-0.312
Lima1,0.029,-0.129,0.058,0.0,12,7,7,-3.585
Gdap1,0.029,0.014,0.089,0.0,13,11,8,2.129
Cyp20a1,0.029,-0.075,0.093,0.0,12,7,7,-0.68
Fam13c,0.029,-0.056,0.228,0.0001,12,7,7,0.866
Slc35a1,0.029,-0.117,0.063,0.0,13,7,8,-0.309
Rb1cc1,0.029,0.015,0.09,0.0,13,10,8,0.453
Fam149a,0.029,-0.108,0.335,0.0048,13,7,8,0.651
Bcdin3d,0.029,-0.241,0.112,0.0,13,7,8,0.322
Pcnp,0.029,-0.034,0.089,0.0,13,8,8,-0.16
Atxn3,0.029,-0.076,0.109,0.0,13,9,8,0.002
Zfp955b,0.029,-0.248,0.297,0.0001,10,6,6,-0.12
Dld,0.029,-0.015,0.134,0.0,13,8,8,0.016
Sesn1,0.029,-0.118,0.197,0.0,13,8,8,-1.046
Snx24,0.029,-0.015,0.21,0.0,13,8,8,-1.376
Elf2,0.029,-0.091,0.113,0.0,13,7,8,-1.026
Pitrm1,0.029,-0.159,0.188,0.0001,13,9,8,-0.778
Dusp10,0.029,-0.075,0.1,0.0,11,6,7,-0.751
Taf2,0.029,-0.101,0.133,0.0,13,7,8,0.022
Prr3,0.029,-0.078,0.071,0.0002,13,7,8,0.73
Gpr22,0.029,-0.07,0.136,0.0,13,8,8,2.274
Mvd,0.029,-0.068,0.085,0.0,13,7,8,0.726
Vwa5a,0.029,-0.121,0.151,0.0,13,7,8,-0.326
Tubb4b,0.029,-0.133,0.104,0.0,13,7,8,0.383
Ttc39a,0.028,-0.268,0.264,0.0,11,7,7,1.42
Hmbox1,0.028,-0.042,0.155,0.0,13,8,8,0.351
Rgs17,0.028,-0.008,0.256,0.0,13,8,8,2.458
Ring1,0.028,-0.035,0.109,0.0,13,8,8,-0.562
Mycn,0.028,-0.08,0.266,0.0,10,5,5,0.578
Alg13,0.028,-0.084,0.098,0.0,12,6,7,-0.576
Tomm40l,0.028,-0.052,0.116,0.0,13,7,8,0.471
Nrd1,0.028,-0.149,0.059,0.0,13,8,8,0.053
Arl13b,0.028,-0.158,0.112,0.0011,13,7,8,-0.96
Ncoa4,0.028,-0.078,0.107,0.0,12,7,8,-0.181
Lhfpl5,0.028,-0.077,0.091,0.0,13,7,8,2.231
Prnp,0.028,0.002,0.11,0.0,13,10,8,-0.999
Strn3,0.028,-0.081,0.087,0.0,13,9,8,-0.382
Jam3,0.028,-0.049,0.074,0.0,13,7,8,-2.58
Nom1,0.028,-0.076,0.074,0.0,13,7,8,-0.297
Rab4a,0.028,-0.054,0.083,0.0,13,7,8,1.143
Zfp263,0.028,-0.052,0.127,0.0,12,6,7,-0.504
Mapk11,0.028,-0.03,0.132,0.0,13,8,8,1.513
Ammecr1,0.028,-0.074,0.464,0.0147,11,7,6,-0.474
Slc25a17,0.028,-0.034,0.165,0.0,13,9,8,0.249
Cyfip1,0.028,-0.088,0.088,0.0,13,9,8,-2.397
Gpr45,0.028,-0.034,0.212,0.0,11,6,6,2.313
Map4k3,0.028,-0.108,0.121,0.0,13,7,8,-0.307
Serp2,0.028,-0.112,0.113,0.0,13,8,8,2.195
Rbm4,0.028,-0.063,0.084,0.0003,11,8,6,-0.053
Rbbp9,0.028,-0.097,0.159,0.0,13,7,8,-1.1
Mri1,0.028,-0.034,0.218,0.0008,13,8,8,-0.319
Fam160b2,0.028,-0.046,0.141,0.0,13,8,8,-0.044
Mtap,0.028,-0.123,0.086,0.0,12,7,7,-1.122
Qrich1,0.028,-0.052,0.073,0.0,13,8,8,-0.123
Arl8a,0.028,0.017,0.139,0.0,13,10,8,1.078
Akirin2,0.028,-0.05,0.05,0.0,13,8,8,0.604
Samd12,0.028,-0.064,0.082,0.0,12,7,8,1.616
Chd2,0.028,-0.104,0.135,0.0,13,8,8,-0.731
Mettl4,0.028,-0.065,0.146,0.0,10,6,6,-0.178
Prdx3,0.028,-0.091,0.131,0.0,13,7,8,0.511
Prmt5,0.028,-0.082,0.093,0.0,13,8,8,0.223
Adgrl1,0.028,-0.086,0.246,0.0,11,7,6,1.367
Wrap73,0.028,-0.066,0.099,0.0,11,6,6,-0.202
Cmas,0.028,0.002,0.185,0.0,13,11,8,1.32
Herpud2,0.028,-0.008,0.096,0.0,13,8,8,-1.151
Nsd1,0.028,-0.055,0.072,0.0,13,9,8,-0.118
Tmem126b,0.028,-0.106,0.071,0.0,13,8,8,0.421
Smg8,0.028,-0.207,0.161,0.0,11,6,6,0.341
Smg9,0.028,-0.133,0.187,0.0,12,6,7,-0.136
Azi2,0.028,-0.01,0.12,0.0,13,9,8,0.398
Lysmd3,0.028,-0.067,0.081,0.0,13,8,8,-0.794
Lman1,0.028,-0.071,0.16,0.0,13,8,8,-1.168
Rgs3,0.027,-0.088,0.065,0.0,11,7,6,1.132
Supt6,0.027,-0.072,0.107,0.0,12,7,7,0.232
Clu,0.027,-0.012,0.343,0.0061,13,9,8,0.588
Trappc12,0.027,-0.21,0.221,0.0,12,6,7,0.322
Tmem14c,0.027,-0.096,0.108,0.0,13,7,8,-0.21
Alkbh8,0.027,-0.101,0.103,0.0,13,8,8,0.377
Srgap1,0.027,-0.002,0.124,0.0,13,9,8,0.27
Trpm7,0.027,-0.075,0.114,0.0,13,7,8,-0.891
Upp2,0.027,-0.082,0.08,0.0,12,7,7,0.909
Smg5,0.027,-0.045,0.223,0.0,13,7,8,-0.189
Timm22,0.027,-0.044,0.085,0.0,13,8,8,0.336
Iscu,0.027,-0.04,0.155,0.0,13,7,8,0.202
Gpat4,0.027,-0.08,0.171,0.0,11,7,6,-0.061
Nup107,0.027,-0.293,0.169,0.0,12,7,7,0.059
Dars,0.027,-0.026,0.089,0.0,13,9,8,-0.738
0610009B22Rik,0.027,-0.093,0.109,0.0,13,7,8,0.374
Zbtb44,0.027,-0.077,0.176,0.0,12,7,7,-0.146
Slc44a5,0.027,-0.247,0.11,0.0,12,7,8,1.568
Ddx19b,0.027,-0.499,0.157,0.0,13,7,8,0.468
Uvssa,0.027,0.004,0.113,0.0,11,9,6,-0.828
Atad3a,0.027,-0.033,0.094,0.0,13,7,8,-0.028
Impa1,0.027,-0.015,0.138,0.0,13,9,8,0.207
Fam214b,0.027,-0.081,0.11,0.0,12,7,7,-0.023
Trim3,0.027,-0.111,0.077,0.0,13,7,8,0.927
Aup1,0.027,-0.108,0.123,0.0,13,7,8,-0.206
Xpo6,0.027,-0.017,0.221,0.0,13,8,8,0.013
Desi2,0.027,-0.13,0.076,0.0,12,7,7,-1.175
Epm2a,0.027,-0.229,0.143,0.0,10,5,5,0.698
Brd3,0.027,-0.102,0.096,0.0,13,7,8,-0.227
Azin1,0.027,0.01,0.104,0.0,13,10,8,0.029
Hmgxb4,0.027,-0.096,0.099,0.0,13,8,8,-0.485
Rbfox1,0.027,-0.055,0.154,0.0,13,7,8,2.268
Caprin1,0.027,-0.047,0.116,0.0,13,8,8,0.413
Plcb3,0.027,-0.069,0.288,0.0,13,7,8,-0.506
Fam172a,0.027,-0.079,0.123,0.0,13,8,8,-0.646
Gmps,0.027,-0.135,0.047,0.0,13,8,8,0.486
Cnot11,0.027,-0.026,0.121,0.0,12,7,7,0.087
Sertad2,0.027,-0.094,0.148,0.0,13,8,8,-1.202
Mtch2,0.027,-0.025,0.045,0.0,13,8,8,0.195
Rnf115,0.027,-0.018,0.136,0.0,13,8,8,0.566
Med23,0.027,-0.044,0.328,0.0011,13,7,8,-0.058
Usp19,0.027,-0.082,0.123,0.0,13,9,8,-0.136
Mff,0.027,-0.021,0.034,0.0,13,8,8,0.296
Cdk12,0.027,-0.139,0.138,0.0,12,8,7,-0.598
Mtmr7,0.027,-0.115,0.143,0.0,13,8,8,1.881
Pcdh10,0.026,-0.082,0.123,0.0001,13,8,8,-0.145
Srsf6,0.026,-0.058,0.073,0.0,13,8,8,-0.411
Kat2a,0.026,-0.03,0.095,0.0,13,7,8,0.513
Ythdf1,0.026,-0.053,0.096,0.0,13,7,8,0.199
Mcoln1,0.026,-0.113,0.112,0.0,13,7,8,0.275
Cdkal1,0.026,-0.2,0.191,0.0,13,8,8,-1.133
Lims1,0.026,-0.012,0.136,0.0,13,9,8,-0.365
Txnrd3,0.026,-0.09,0.075,0.0,11,6,7,-0.284
Nin,0.026,-0.254,0.202,0.0,12,6,7,-1.183
Pdzd8,0.026,-0.024,0.104,0.0,13,8,8,0.268
Dcaf12,0.026,-0.041,0.082,0.0,13,7,8,0.236
Cbr4,0.026,-0.079,0.144,0.0,12,7,7,-0.168
Lcmt1,0.026,-0.034,0.106,0.0,13,7,8,0.684
Zfp941,0.026,-0.022,0.212,0.0,13,8,8,1.924
Wwox,0.026,-0.046,0.273,0.0,13,7,8,-0.57
Cops7b,0.026,-0.04,0.224,0.0,13,9,8,0.532
Pcm1,0.026,-0.042,0.061,0.0,13,9,8,-0.286
Zfp652,0.026,-0.221,0.091,0.0,11,6,6,-0.827
Aftph,0.026,-0.035,0.144,0.0,13,7,8,0.089
Calm3,0.026,-0.009,0.094,0.0,13,8,8,0.226
Eno1,0.026,-0.068,0.092,0.0,12,7,7,0.723
Jade1,0.026,-0.201,0.116,0.0,11,7,6,-0.586
Slc48a1,0.026,-0.002,0.085,0.0,13,9,8,0.557
Kansl1,0.026,-0.262,0.117,0.0,12,8,7,-0.238
Cep83,0.026,-0.246,0.059,0.0,11,6,6,-0.449
Btbd1,0.026,-0.026,0.041,0.0,13,9,8,-0.207
Map2k1,0.026,-0.056,0.114,0.0,13,8,8,0.58
Chmp7,0.026,-0.023,0.095,0.0,13,7,8,0.457
Aldh9a1,0.026,-0.065,0.135,0.0,13,8,8,-0.58
Ttc9b,0.026,-0.033,0.136,0.0,13,7,8,2.105
Hectd3,0.026,-0.086,0.049,0.0,13,8,8,0.597
Arid1b,0.026,-0.072,0.132,0.0,13,7,8,0.127
Yes1,0.026,-0.205,0.059,0.0,13,8,8,-0.94
Slc37a4,0.026,-0.076,0.271,0.0,13,8,8,-0.122
Gclm,0.026,-0.004,0.14,0.0,13,9,8,0.446
Snapc4,0.026,-0.116,0.263,0.0109,12,7,8,0.103
Snx4,0.026,-0.032,0.078,0.0,13,9,8,-0.31
Ube2q1,0.026,-0.007,0.176,0.0,13,8,8,0.316
Mcat,0.026,-0.294,0.083,0.0,13,9,8,0.222
Clint1,0.026,0.003,0.127,0.0,13,10,8,0.169
Urod,0.026,-0.156,0.054,0.0,13,7,8,0.291
Tbc1d4,0.026,-0.191,0.504,0.063,12,7,8,-0.415
Tlk2,0.026,-0.03,0.106,0.0,13,7,8,0.017
Elac2,0.026,-0.091,0.236,0.0,12,7,7,0.278
Klf7,0.026,-0.017,0.088,0.0,13,7,8,0.977
Snx18,0.026,-0.063,0.093,0.0,13,8,8,-0.384
Mthfsd,0.026,-0.048,0.095,0.0,13,8,8,-0.091
Tubgcp2,0.026,-0.075,0.191,0.0,13,7,8,-0.216
Rbms3,0.026,-0.036,0.114,0.0,13,7,8,1.115
Lrrcc1,0.026,-0.114,0.109,0.0,13,8,8,-0.091
Gca,0.025,-0.015,0.117,0.0,11,8,7,-0.932
4933434E20Rik,0.025,-0.047,0.049,0.0,13,8,8,0.203
Cpq,0.025,-0.107,0.203,0.0001,12,7,7,-1.247
Cep70,0.025,-0.178,0.183,0.0,13,7,8,0.474
Uqcc1,0.025,-0.081,0.117,0.0,11,6,6,0.575
Anapc5,0.025,-0.007,0.066,0.0,13,9,8,0.23
Spire2,0.025,-0.031,0.116,0.0,13,7,8,0.286
Smad7,0.025,-0.251,0.106,0.0,12,6,7,-0.342
Mrs2,0.025,-0.356,0.072,0.0,12,7,8,0.816
Pgm1,0.025,-0.095,0.247,0.0,10,6,6,0.611
Snap25,0.025,-0.028,0.052,0.0,13,7,8,2.411
Il17d,0.025,-0.077,0.13,0.0,10,6,6,-0.646
Osbpl9,0.025,-0.083,0.099,0.0,13,8,8,0.0
Slc5a3,0.025,-0.049,0.129,0.0,13,7,8,0.541
Myef2,0.025,-0.054,0.06,0.0,13,8,8,0.402
Fbxo7,0.025,-0.066,0.185,0.0,13,7,8,-3.031
Exoc6,0.025,-0.001,0.169,0.0,13,9,8,0.201
Arfip2,0.025,-0.104,0.048,0.0,13,7,8,0.213
Syncrip,0.025,-0.122,0.121,0.0,13,7,8,-0.59
Zfp160,0.025,-0.28,0.081,0.0,13,7,8,-0.501
Ttll1,0.025,-0.003,0.102,0.0,13,9,8,1.214
Ccdc136,0.025,-0.005,0.061,0.0,13,9,8,1.565
Plxnd1,0.025,-0.131,0.336,0.0017,11,6,6,-1.364
Cwc25,0.025,-0.127,0.121,0.0,13,7,8,-0.431
Fntb,0.025,-0.081,0.163,0.0,13,8,8,0.034
Agpat5,0.025,-0.014,0.074,0.0,13,8,8,0.102
Gale,0.025,-0.132,0.25,0.0,13,7,8,0.838
Sept4,0.025,-0.181,0.074,0.0,11,6,6,-1.416
G3bp2,0.025,-0.008,0.065,0.0,13,9,8,0.786
Wdr41,0.025,-0.103,0.151,0.0,13,7,8,0.66
Lrrc47,0.025,-0.385,0.099,0.0,13,7,8,0.346
Clcn4,0.025,-0.011,0.201,0.0,11,7,6,0.294
Ash1l,0.025,-0.051,0.139,0.0,13,8,8,-0.568
Purb,0.025,-0.028,0.076,0.0,13,8,8,-0.332
Gna13,0.025,-0.05,0.198,0.0,13,7,8,0.169
BC024978,0.025,-0.227,0.201,0.0012,10,6,6,-0.233
Zfp746,0.025,-0.311,0.115,0.0,13,8,8,-0.397
Klhl32,0.025,-0.423,0.297,0.0,13,7,8,1.404
Cdc7,0.025,-0.101,0.219,0.0016,12,7,7,-0.655
Tubgcp4,0.025,-0.122,0.145,0.0,12,7,7,-0.252
Tubgcp3,0.025,-0.212,0.163,0.0,13,8,8,-0.148
Phf6,0.025,-0.019,0.151,0.0,13,9,8,0.065
Rad23b,0.025,-0.046,0.097,0.0,13,8,8,0.216
Pusl1,0.025,-0.127,0.123,0.0,13,7,8,0.295
Vamp7,0.025,-0.039,0.067,0.0,11,6,6,0.642
2210016L21Rik,0.025,-0.05,0.114,0.0,13,8,8,1.085
Tram1,0.025,-0.052,0.06,0.0,13,8,8,-1.422
Slc31a2,0.024,-0.044,0.222,0.0,13,7,8,-1.659
Sobp,0.024,-0.046,0.154,0.0,13,7,8,1.273
Mob2,0.024,-0.03,0.093,0.0,13,9,8,-0.319
Cdc73,0.024,-0.048,0.103,0.0,13,8,8,-0.293
Cep164,0.024,-0.071,0.104,0.0,13,7,8,0.19
Wapl,0.024,-0.091,0.134,0.0,11,7,6,-0.822
Asnsd1,0.024,-0.036,0.116,0.0,13,7,8,0.241
Elavl3,0.024,-0.042,0.04,0.0,13,8,8,2.05
Sft2d3,0.024,-0.018,0.083,0.0,13,9,8,-0.498
Parg,0.024,-0.107,0.114,0.0,13,8,8,0.267
Rab3gap1,0.024,-0.053,0.167,0.0,13,7,8,0.163
Xpnpep3,0.024,-0.127,0.168,0.0,11,6,7,-0.175
Col4a3bp,0.024,-0.186,0.109,0.0,12,7,7,0.39
Sass6,0.024,-0.482,0.375,0.0257,12,7,7,0.007
Smim20,0.024,-0.081,0.049,0.0,11,7,6,0.39
Bcs1l,0.024,-0.026,0.259,0.0,13,9,8,0.176
Paf1,0.024,-0.013,0.112,0.0,13,8,8,-0.398
Fbxo22,0.024,-0.06,0.163,0.0,13,8,8,0.272
Bbs9,0.024,-0.102,0.179,0.0,13,8,8,0.416
Mccc1,0.024,-0.212,0.149,0.0,13,8,8,-0.214
Trp53inp1,0.024,-0.305,0.132,0.0,12,7,7,-1.312
Mtf2,0.024,-0.091,0.09,0.0,13,8,8,-0.009
Camk4,0.024,-0.096,0.071,0.0,13,8,8,1.895
Ccndbp1,0.024,-0.058,0.113,0.0,13,7,8,0.443
Nrp2,0.024,-0.324,0.144,0.0,12,7,7,-0.36
Mkrn2,0.024,-0.043,0.061,0.0,13,7,8,0.313
Vps25,0.024,-0.384,0.364,0.0,11,6,7,0.175
Ubxn2a,0.024,-0.054,0.099,0.0,13,7,8,0.587
Actr1b,0.024,-0.183,0.092,0.0,13,7,8,0.786
Scyl2,0.024,-0.096,0.141,0.0,13,7,8,0.489
Polk,0.024,-0.072,0.295,0.0,13,9,8,-0.164
Btaf1,0.024,-0.17,0.233,0.0,12,6,8,-0.576
Srsf1,0.024,-0.013,0.096,0.0,13,9,8,-0.29
Ppfia1,0.024,-0.118,0.185,0.0,13,8,8,-0.595
Gm2464,0.024,-0.234,1.138,0.0293,10,5,5,2.531
Ppp2r5b,0.024,0.003,0.167,0.0,13,10,8,1.516
Tprgl,0.024,-0.057,0.099,0.0,13,8,8,0.351
Tatdn2,0.024,-0.067,0.176,0.0,12,7,7,0.036
Nufip1,0.024,-0.126,0.072,0.0,13,7,8,-0.057
Ankrd55,0.024,-0.094,0.135,0.0,11,7,7,1.826
Rprd2,0.024,-0.022,0.139,0.0,13,8,8,-0.029
Stambp,0.024,-0.05,0.098,0.0,13,7,8,0.324
Axin1,0.024,-0.086,0.21,0.001,12,6,7,-0.464
Tmem208,0.024,-0.005,0.072,0.0,13,8,8,0.182
Xndc1,0.024,-0.355,0.082,0.0,11,6,6,-0.554
Ptp4a2,0.024,-0.031,0.089,0.0,13,8,8,-0.36
Ckb,0.024,-0.112,0.053,0.0,13,8,8,-0.387
Limch1,0.024,-0.238,0.166,0.0,12,7,7,-2.304
Uba3,0.024,-0.084,0.134,0.0,13,7,8,0.439
Zwint,0.024,-0.035,0.112,0.0,13,7,8,1.536
Sgtb,0.023,-0.082,0.171,0.0,13,7,8,1.276
Zmat1,0.023,-0.154,0.12,0.0,13,7,8,-0.772
Dus1l,0.023,-0.019,0.188,0.0,13,9,8,0.027
Tax1bp1,0.023,-0.051,0.075,0.0,13,8,8,-0.125
Zfp251,0.023,-0.177,0.154,0.0,13,7,8,0.626
Sh2b1,0.023,-0.211,0.105,0.0,13,7,8,-0.172
Zfp189,0.023,-0.329,0.267,0.0,10,6,6,-0.144
Gpatch4,0.023,-0.1,0.05,0.0,13,7,8,1.007
Ifngr2,0.023,-0.045,0.2,0.0,13,8,8,0.514
Sel1l3,0.023,-0.269,0.34,0.0,13,7,8,1.822
Cdc25b,0.023,-0.112,0.343,0.0005,11,6,6,-0.58
Ppa2,0.023,-0.06,0.104,0.0,13,8,8,0.557
Tspan33,0.023,-0.16,0.264,0.0,11,6,6,0.867
Bend4,0.023,-0.189,0.14,0.0,10,6,6,0.469
Kctd2,0.023,-0.096,0.122,0.0,13,7,8,0.256
Tmem38b,0.023,-0.111,0.173,0.0,11,6,7,-0.898
Angel2,0.023,-0.056,0.191,0.0,13,7,8,-0.648
Macrod2,0.023,0.003,0.224,0.0,13,10,8,0.858
Bsg,0.023,-0.047,0.06,0.0,13,8,8,-0.29
Dvl3,0.023,-0.055,0.078,0.0,13,9,8,-0.078
Ctsl,0.023,-0.06,0.051,0.0,13,7,8,-0.857
Pgam5,0.023,-0.073,0.1,0.0,13,8,8,0.593
Cdk10,0.023,-0.057,0.126,0.0,13,7,8,0.133
Uck2,0.023,-0.014,0.094,0.0,13,7,8,0.755
Zdhhc20,0.023,-0.025,0.157,0.0,13,9,8,-0.634
Ppil4,0.023,-0.058,0.065,0.0,13,8,8,-0.569
Ensa,0.023,-0.011,0.152,0.0,13,9,8,0.363
Actr5,0.023,-0.245,0.169,0.0,11,6,6,-0.868
Rpp38,0.023,-0.144,0.18,0.0,11,6,6,-0.219
Rprd1a,0.023,-0.06,0.163,0.0,13,8,8,0.068
Med25,0.023,-0.047,0.058,0.0,13,8,8,-0.127
Ewsr1,0.023,-0.017,0.052,0.0,13,8,8,-0.475
Apba2,0.023,-0.033,0.12,0.0,13,7,8,2.011
Gtpbp6,0.023,-0.022,0.046,0.0,12,8,7,0.922
Pmpca,0.023,-0.094,0.065,0.0,13,7,8,0.306
Cacfd1,0.023,-0.003,0.158,0.0,12,9,7,0.864
Msn,0.023,-0.077,0.101,0.0,13,8,8,0.243
Cep63,0.023,-0.067,0.237,0.0,13,7,8,-0.408
Pnpla8,0.023,-0.086,0.078,0.0,13,9,8,0.268
Tet2,0.023,-0.189,0.227,0.0,12,7,7,-0.934
Gpatch2l,0.023,-0.063,0.056,0.0,12,8,7,0.019
Cnst,0.023,-0.047,0.107,0.0,13,7,8,1.288
Rmnd5b,0.023,-0.043,0.119,0.0,13,7,8,0.218
Slc39a3,0.023,-0.02,0.134,0.0,13,9,8,0.464
Slc35f5,0.023,-0.132,0.186,0.0,13,8,8,-0.542
AU022252,0.023,-0.226,0.155,0.0,13,7,8,0.131
Cystm1,0.023,-0.125,0.123,0.0,12,7,7,2.004
2310061I04Rik,0.023,-0.04,0.061,0.0,13,8,8,1.272
Hap1,0.023,-0.032,0.144,0.0,12,7,7,1.633
Letm1,0.022,-0.18,0.112,0.0,13,7,8,0.408
Pdss1,0.022,-0.085,0.172,0.0,10,6,5,0.489
Fuz,0.022,-0.038,0.212,0.0,12,6,7,-0.756
Slc35g2,0.022,-0.057,0.304,0.0005,12,7,7,1.265
Mlf2,0.022,-0.053,0.053,0.0,13,8,8,0.443
Vasn,0.022,-0.301,0.195,0.0014,11,7,6,-1.603
Ebpl,0.022,-0.096,0.132,0.0,13,7,8,0.514
Phf12,0.022,-0.365,0.073,0.0,13,7,8,-0.532
Idi1,0.022,-0.04,0.107,0.0,12,8,7,0.06
Cnot6l,0.022,-0.141,0.167,0.0,13,7,8,-0.711
Kdm6a,0.022,-0.02,0.235,0.0,13,8,8,-0.281
Kif21a,0.022,-0.028,0.202,0.0,13,7,8,0.261
Nop14,0.022,-0.062,0.176,0.0,13,7,8,0.254
Ext1,0.022,-0.13,0.105,0.0,13,7,8,-1.112
1700037C18Rik,0.022,-0.188,0.087,0.0,12,7,7,0.098
Wasf1,0.022,-0.067,0.193,0.0,13,8,8,1.224
Gas2,0.022,-0.261,0.082,0.0,10,5,6,-0.625
Medag,0.022,-0.392,0.311,0.0129,10,6,6,-0.042
Fam114a2,0.022,-0.022,0.047,0.0,13,8,8,0.198
Elavl4,0.022,-0.033,0.056,0.0,13,8,8,2.141
Oxa1l,0.022,-0.051,0.103,0.0,13,8,8,-0.535
Tfg,0.022,-0.029,0.169,0.0,13,8,8,0.153
Ccar1,0.022,-0.019,0.044,0.0,13,9,8,-0.265
Dtx3,0.022,0.006,0.074,0.0,13,10,8,-0.221
Grb14,0.022,-0.187,0.24,0.0,13,8,8,-1.508
Ovca2,0.022,-0.533,0.061,0.0,10,5,6,0.403
Vasp,0.022,-0.168,0.089,0.0,13,7,8,-0.208
Gtpbp8,0.022,-0.06,0.127,0.0,13,8,8,0.492
Abhd14b,0.022,-0.004,0.119,0.0,13,8,8,0.043
Ehmt2,0.022,-0.068,0.104,0.0,13,7,8,-0.098
Scaf11,0.022,-0.098,0.06,0.0,13,7,8,-0.578
Nprl2,0.022,-0.146,0.13,0.0,13,8,8,0.514
Magi3,0.022,-0.03,0.277,0.0006,13,8,8,-0.419
Foxn3,0.022,-0.084,0.165,0.0,13,9,8,-0.067
Plscr3,0.022,-0.018,0.112,0.0,12,7,7,0.206
Bet1,0.022,-0.017,0.076,0.0,13,8,8,-1.174
Sec22a,0.022,-0.017,0.125,0.0,13,9,8,-0.369
Ppp3cb,0.022,0.004,0.105,0.0,13,10,8,1.047
Farsb,0.022,-0.067,0.066,0.0,13,8,8,0.638
Dennd5a,0.022,-0.104,0.071,0.0,13,7,8,-0.424
Atn1,0.022,-0.085,0.141,0.0,12,7,7,0.176
Traf6,0.022,-0.285,0.205,0.0003,10,5,6,-0.628
Nr3c1,0.022,-0.044,0.095,0.0,13,8,8,-2.704
Usf2,0.022,-0.071,0.081,0.0,13,7,8,-0.608
Pnck,0.022,-0.074,0.216,0.0,13,7,8,1.528
1600014C10Rik,0.021,-0.069,0.103,0.0,13,7,8,1.055
Dusp22,0.021,-0.017,0.197,0.0,13,9,8,0.901
Oxnad1,0.021,-0.056,0.085,0.0,13,8,8,-0.154
Atp6v0b,0.021,-0.002,0.083,0.0,13,9,8,0.875
Pisd,0.021,-0.105,0.153,0.0,13,7,8,-0.663
Tbc1d22b,0.021,-0.125,0.215,0.0,13,9,8,0.909
Mrpl3,0.021,-0.061,0.03,0.0,13,7,8,-0.129
Las1l,0.021,-0.074,0.076,0.0,13,8,8,-0.344
Cdc42se1,0.021,-0.11,0.109,0.0,13,8,8,-1.556
Mtmr10,0.021,-0.216,0.104,0.0,11,7,7,-1.508
Ccne1,0.021,-0.109,0.116,0.0,13,7,8,0.386
Fam49b,0.021,-0.029,0.111,0.0,12,6,7,0.405
Exoc1,0.021,-0.098,0.14,0.0,13,7,8,0.481
Rnf111,0.021,-0.116,0.077,0.0,13,8,8,-0.218
Gria4,0.021,-0.102,0.146,0.0,13,9,8,0.983
Cdk13,0.021,-0.141,0.099,0.0,12,7,7,-0.487
Usp15,0.021,-0.016,0.047,0.0,13,9,8,0.701
Plcd1,0.021,-0.156,0.158,0.0,13,8,8,-0.322
Yif1b,0.021,-0.052,0.073,0.0,13,7,8,0.388
Rnf181,0.021,-0.027,0.15,0.0,13,7,8,0.404
Hgs,0.021,-0.032,0.197,0.0,12,6,7,0.235
Tinf2,0.021,-0.161,0.063,0.0003,10,6,6,-0.808
Dhx29,0.021,-0.115,0.136,0.0,13,7,8,0.24
Rgl2,0.021,-0.089,0.086,0.0,13,9,8,-0.407
Ints4,0.021,-0.165,0.108,0.0,13,7,8,-0.251
Dctn6,0.021,-0.021,0.091,0.0,13,7,8,0.496
Myc,0.021,-0.12,0.094,0.0,12,7,7,0.234
Cxxc5,0.021,-0.149,0.138,0.0,13,9,8,0.297
Cbfb,0.021,-0.091,0.094,0.0,13,7,8,0.057
Nudcd3,0.021,-0.064,0.096,0.0,13,8,8,0.213
Ppox,0.021,-0.083,0.163,0.0,12,7,7,-0.924
Gspt1,0.021,-0.052,0.087,0.0,13,7,8,-0.525
Aprt,0.021,-0.08,0.097,0.0,13,7,8,0.893
Brms1l,0.021,-0.037,0.095,0.0,13,8,8,0.235
Spns1,0.021,-0.06,0.141,0.0,13,7,8,0.109
Polr1b,0.021,-0.206,0.28,0.0,11,6,7,-0.186
Tspan15,0.021,-0.083,0.272,0.0025,12,6,8,-2.826
Anxa6,0.021,-0.052,0.153,0.0,13,7,8,-0.281
E2f5,0.021,-0.102,0.128,0.0,13,7,8,-0.802
Ndufa9,0.021,-0.065,0.084,0.0,13,8,8,0.291
Coa3,0.021,-0.079,0.057,0.0,12,7,7,0.539
Inpp1,0.021,-0.031,0.044,0.0,13,8,8,0.069
Umad1,0.021,-0.015,0.191,0.0,11,7,6,0.231
Fyttd1,0.021,-0.064,0.117,0.0,13,7,8,0.323
Ypel1,0.021,-0.066,0.078,0.0,11,7,6,1.288
Slc35b2,0.02,-0.085,0.093,0.0002,13,7,8,-1.673
Zfp9,0.02,-0.055,0.103,0.0,13,8,8,0.371
Cttn,0.02,-0.098,0.084,0.0,13,7,8,0.0
Actr3b,0.02,-0.006,0.072,0.0,13,9,8,1.819
Tor1b,0.02,-0.06,0.083,0.0,13,9,8,-0.576
Sars2,0.02,-0.161,0.132,0.0,13,7,8,0.158
Kdm6b,0.02,-0.167,0.105,0.0,12,7,7,-0.89
Khnyn,0.02,-0.119,0.149,0.0,12,6,7,-0.068
Srrm2,0.02,-0.006,0.075,0.0,13,9,8,-0.304
Zdhhc4,0.02,-0.021,0.126,0.0,13,8,8,-0.202
Zcchc18,0.02,-0.006,0.105,0.0,13,9,8,1.725
Ap2a2,0.02,0.006,0.036,0.0,13,10,8,0.69
Morc3,0.02,-0.092,0.085,0.0,13,9,8,-0.333
Cox19,0.02,-0.071,0.109,0.0,13,8,8,0.941
Ccdc71l,0.02,-0.13,0.207,0.0002,11,6,6,-0.425
Ak1,0.02,-0.006,0.068,0.0,13,8,8,1.274
Cacna1d,0.02,-0.438,0.256,0.0001,11,6,7,0.879
Ipmk,0.02,-0.2,0.078,0.0,13,7,8,0.218
Txnrd1,0.02,-0.035,0.07,0.0,13,7,8,0.714
Cwc27,0.02,-0.09,0.063,0.0,13,7,8,-0.208
Ube2j1,0.02,-0.057,0.052,0.0,13,7,8,0.664
Cerk,0.02,-0.08,0.176,0.0,13,9,8,0.469
Nipa2,0.02,-0.069,0.112,0.0,13,7,8,-0.21
Comtd1,0.02,-0.076,0.104,0.0,13,7,8,0.986
Ahdc1,0.02,-0.042,0.211,0.0,12,7,7,-0.216
Arhgef25,0.02,-0.08,0.062,0.0,13,7,8,-0.94
Nucb2,0.02,-0.163,0.221,0.0,13,8,8,-0.237
Ube3a,0.02,-0.056,0.054,0.0,13,7,8,0.662
Ap4e1,0.02,-0.224,0.204,0.0,12,6,8,-0.047
Snca,0.02,-0.061,0.144,0.0,13,7,8,1.76
Dusp3,0.02,-0.065,0.051,0.0,13,8,8,0.596
4833439L19Rik,0.02,-0.012,0.055,0.0,13,8,8,0.321
Gng12,0.02,-0.084,0.059,0.0,13,8,8,-0.605
Sh3gl1,0.02,-0.133,0.113,0.0,13,7,8,-1.597
Zfp618,0.02,-0.308,0.094,0.0,12,6,7,0.259
Tle4,0.02,-0.017,0.081,0.0,13,8,8,0.647
9530082P21Rik,0.02,-0.087,0.138,0.0,11,7,8,0.027
Gm16286,0.02,-0.012,0.038,0.0,11,7,6,0.39
Cenpb,0.02,-0.035,0.08,0.0,13,7,8,-0.606
Bscl2,0.019,-0.066,0.107,0.0,13,8,8,0.576
Spryd3,0.019,-0.061,0.137,0.0,13,8,8,1.33
Zfp575,0.019,-0.108,0.332,0.0008,12,7,7,1.147
S100a10,0.019,-0.02,0.077,0.0,13,7,8,0.962
Stag1,0.019,-0.158,0.05,0.0,13,7,8,-0.824
Dynll2,0.019,-0.021,0.079,0.0,13,7,8,1.149
Pi4k2b,0.019,-0.187,0.173,0.0,12,6,7,-1.154
Wls,0.019,-0.065,0.172,0.0001,13,8,8,-2.929
Zfhx4,0.019,-0.142,0.116,0.0,13,9,8,0.14
Tpd52,0.019,-0.041,0.097,0.0,13,7,8,0.517
Srrm4,0.019,-0.071,0.063,0.0,13,7,8,1.926
Kdelr1,0.019,-0.055,0.112,0.0,13,7,8,-0.637
Esco1,0.019,-0.015,0.049,0.0,13,7,8,-0.338
Fchsd1,0.019,-0.178,0.081,0.0,13,8,8,0.619
Vopp1,0.019,-0.096,0.122,0.0,13,8,8,0.613
Dtx3l,0.019,-0.298,0.19,0.0,10,6,7,-1.007
Adam10,0.019,-0.11,0.139,0.0,13,7,8,-1.324
Shisa5,0.019,0.015,0.081,0.0,13,10,8,-0.103
Coq6,0.019,-0.182,0.072,0.0,13,7,8,0.222
Terf2,0.019,-0.129,0.159,0.0009,13,7,8,-0.089
Nos1ap,0.019,-0.169,0.211,0.0,12,7,7,0.187
Matr3,0.019,-0.019,0.095,0.0,13,8,8,0.364
Csnk1a1,0.019,-0.039,0.029,0.0,13,8,8,-0.247
Htra2,0.019,-0.031,0.063,0.0,12,8,7,-0.212
Bad,0.019,-0.024,0.163,0.0,13,8,8,0.332
Ndufaf7,0.019,-0.122,0.099,0.0,12,7,7,0.385
Cacna1c,0.019,-0.559,0.312,0.0,11,7,7,0.406
Tmeff2,0.019,-0.051,0.088,0.0,13,7,8,1.589
Fam13a,0.019,-0.044,0.268,0.0016,13,7,8,0.269
Drosha,0.019,-0.045,0.122,0.0,13,9,8,0.389
Gpn1,0.019,-0.117,0.07,0.0,13,7,8,0.304
Map4k5,0.019,-0.113,0.099,0.0,13,7,8,-0.86
Pcbp4,0.019,-0.017,0.046,0.0,13,8,8,0.017
Eid2,0.019,-0.058,0.145,0.0,13,7,8,1.249
Mrpl57,0.019,-0.122,0.031,0.0,11,6,6,0.655
Ddx24,0.019,-0.027,0.04,0.0,13,7,8,0.475
Snx10,0.019,-0.024,0.106,0.0,13,8,8,1.159
Tug1,0.019,-0.124,0.158,0.0002,11,6,7,0.202
Ubr7,0.019,-0.103,0.082,0.0,13,7,8,-0.095
Nubp2,0.019,-0.069,0.069,0.0,13,7,8,0.384
Ube2z,0.019,-0.026,0.115,0.0,13,8,8,0.527
Copb2,0.019,-0.04,0.098,0.0,13,7,8,-0.319
Crat,0.019,-0.1,0.118,0.0,13,7,8,-0.003
Rab1a,0.019,-0.02,0.137,0.0,11,8,6,0.117
Ehbp1l1,0.018,-0.045,0.312,0.0001,12,7,8,-0.148
Slc25a10,0.018,-0.158,0.219,0.0007,13,7,8,-1.096
Egln1,0.018,-0.076,0.023,0.0,13,8,8,-0.464
Tma7,0.018,-0.098,0.053,0.0,12,7,7,0.751
U2af2,0.018,-0.025,0.055,0.0,13,8,8,-0.284
Chga,0.018,-0.05,0.288,0.0,13,8,8,1.51
Fis1,0.018,-0.033,0.068,0.0,13,7,8,0.184
Emc8,0.018,-0.048,0.077,0.0,12,8,7,-0.557
Pck2,0.018,-0.017,0.132,0.0,13,8,8,0.14
Pcdhb9,0.018,-0.101,0.345,0.0157,11,7,6,0.826
Ghdc,0.018,-0.14,0.158,0.0,13,7,8,0.409
AI837181,0.018,-0.051,0.105,0.0,13,7,8,0.258
Gfm1,0.018,-0.101,0.156,0.0,13,7,8,0.099
Pcsk2,0.018,-0.055,0.169,0.0,13,7,8,1.967
Snx27,0.018,-0.053,0.126,0.0,13,7,8,0.368
Snx12,0.018,-0.032,0.088,0.0,13,7,8,0.492
Usp42,0.018,-0.119,0.139,0.0005,13,7,8,-0.244
Phkg2,0.018,-0.091,0.102,0.0,12,6,7,0.411
Tusc3,0.018,-0.035,0.086,0.0,12,7,7,0.668
Fam89a,0.018,-0.309,0.226,0.0001,12,8,7,1.683
Repin1,0.018,-0.218,0.14,0.0002,13,7,8,-0.327
Asb3,0.018,-0.108,0.063,0.0,13,7,8,0.012
Nup50,0.018,-0.051,0.051,0.0,13,8,8,0.035
Ppme1,0.018,-0.031,0.097,0.0,13,9,8,0.935
Hdhd2,0.018,-0.068,0.144,0.0,13,7,8,-0.062
Plscr4,0.018,-0.265,0.204,0.0024,11,7,6,-0.109
Rab10,0.018,-0.06,0.045,0.0,13,7,8,0.137
Zfp938,0.018,-0.096,0.112,0.0,13,7,8,0.78
Pcyt1a,0.018,-0.045,0.141,0.0,13,7,8,-0.333
Nrep,0.018,-0.129,0.065,0.0,12,7,7,0.318
Zfp608,0.018,-0.013,0.211,0.0,13,9,8,-0.585
Itpa,0.018,-0.021,0.117,0.0,13,8,8,0.268
Cpsf7,0.018,-0.043,0.09,0.0,13,7,8,-0.326
Mbd5,0.018,-0.235,0.115,0.0,13,7,8,0.368
Rnase4,0.018,-0.143,0.143,0.0001,11,6,6,-0.527
Gid4,0.018,-0.228,0.136,0.0,12,7,7,-0.385
Ctbp1,0.018,-0.017,0.073,0.0,13,9,8,0.233
Spg11,0.018,-0.108,0.226,0.0,11,6,7,-0.069
Pak6,0.018,-0.128,0.197,0.0,11,6,6,1.907
Ankrd9,0.018,-0.086,0.031,0.0,13,7,8,-0.03
Ubp1,0.018,-0.188,0.108,0.0,13,7,8,-0.387
Prkg2,0.018,-0.193,0.272,0.0,11,6,7,1.866
Ago1,0.018,-0.362,0.146,0.0,11,6,6,-0.576
Stradb,0.018,-0.262,0.134,0.0,13,7,8,0.311
Prkcsh,0.018,-0.064,0.175,0.0,13,7,8,-0.45
Prpf4b,0.018,-0.129,0.075,0.0,13,7,8,-0.567
Borcs6,0.018,-0.04,0.14,0.0,11,6,6,0.412
Wdr37,0.018,-0.099,0.126,0.0,13,7,8,0.834
Susd4,0.018,-0.176,0.246,0.0,12,6,8,1.693
Prmt2,0.018,-0.128,0.029,0.0,13,7,8,1.076
Znrf1,0.018,-0.007,0.099,0.0,13,9,8,0.706
Golga3,0.018,-0.044,0.203,0.0,13,8,8,0.139
Atg4b,0.018,-0.073,0.144,0.0,13,7,8,0.466
Qser1,0.018,-0.084,0.145,0.0,13,8,8,-1.098
Hspbap1,0.018,-0.317,0.147,0.0,13,7,8,0.016
Rcan2,0.018,-0.04,0.114,0.0,13,7,8,1.525
Ap4b1,0.018,-0.16,0.194,0.0,12,6,7,0.185
Cbll1,0.018,-0.104,0.107,0.0,13,7,8,0.143
Gpatch8,0.018,-0.18,0.065,0.0,13,8,8,-0.251
Dok6,0.018,-0.147,0.191,0.0,10,6,6,0.996
Taok3,0.018,-0.025,0.086,0.0,13,8,8,0.404
Fip1l1,0.017,-0.06,0.052,0.0,13,8,8,-0.051
Yy1,0.017,-0.014,0.064,0.0,13,8,8,-0.453
Zbtb41,0.017,-0.113,0.077,0.0,13,7,8,0.323
Epc1,0.017,-0.069,0.124,0.0,13,7,8,-0.346
Zfp777,0.017,-0.226,0.146,0.0,12,6,7,-0.055
Wdr45b,0.017,-0.052,0.08,0.0,12,6,7,-0.425
Acadvl,0.017,-0.019,0.047,0.0,13,8,8,-0.005
Sirt1,0.017,-0.246,0.163,0.0,13,7,8,-1.025
Nfx1,0.017,-0.055,0.057,0.0,13,7,8,-0.088
H2-T22,0.017,-0.075,0.115,0.0,11,6,7,-2.144
Tor1aip2,0.017,-0.055,0.06,0.0,13,8,8,0.075
Chid1,0.017,-0.057,0.064,0.0,13,7,8,-0.069
Suv39h1,0.017,-0.113,0.055,0.0,12,6,7,0.38
Nek9,0.017,-0.023,0.145,0.0,13,7,8,-0.185
Ints8,0.017,-0.091,0.101,0.0,13,8,8,-0.0
Psme4,0.017,-0.042,0.162,0.0,13,8,8,0.025
Cnpy3,0.017,-0.021,0.135,0.0,13,8,8,-0.777
Rbbp7,0.017,-0.019,0.066,0.0,13,9,8,-0.118
Tmem127,0.017,-0.104,0.104,0.0,13,8,8,0.14
Ankrd40,0.017,-0.13,0.089,0.0,13,7,8,0.183
Cblb,0.017,-0.11,0.102,0.0,13,7,8,0.28
Irf1,0.017,-0.378,0.11,0.0005,13,7,8,-3.252
Neu1,0.017,-0.059,0.121,0.0,13,8,8,-0.035
Ncoa5,0.017,-0.063,0.121,0.0,13,8,8,0.104
Ndfip2,0.017,-0.012,0.142,0.0,13,8,8,-0.116
Mfap3,0.017,-0.052,0.235,0.0,13,7,8,-0.339
Wdr33,0.017,-0.129,0.055,0.0,13,7,8,-0.397
Csnk1e,0.017,-0.05,0.056,0.0,13,8,8,1.009
Cc2d2a,0.017,-0.229,0.147,0.0013,13,7,8,-0.589
R3hcc1l,0.017,-0.19,0.222,0.0,12,7,7,-0.326
Zranb2,0.017,-0.059,0.054,0.0,13,7,8,0.305
Hebp1,0.017,-0.249,0.331,0.0009,12,7,7,-0.199
Zfp655,0.017,-0.092,0.055,0.0,13,9,8,0.009
Ilf3,0.017,-0.043,0.093,0.0,13,7,8,0.167
Serpinb6a,0.017,-0.055,0.047,0.0,13,8,8,0.645
Senp6,0.017,0.003,0.068,0.0,13,10,8,-0.062
Sh3gl3,0.017,-0.168,0.169,0.0,12,7,7,1.811
Pbrm1,0.017,-0.116,0.06,0.0,13,7,8,-0.176
Ube2d2a,0.017,-0.028,0.115,0.0,12,7,7,0.129
Snx11,0.017,-0.009,0.07,0.0,13,8,8,0.444
Ccnh,0.017,-0.008,0.08,0.0,13,8,8,-0.03
Smap2,0.017,-0.025,0.052,0.0,13,8,8,0.754
Abi1,0.017,-0.053,0.049,0.0,13,8,8,-0.202
Galt,0.017,-0.139,0.158,0.0,13,7,8,0.456
Gm5617,0.017,-0.193,0.169,0.0,12,6,7,-0.903
Slc2a1,0.016,-0.304,0.123,0.0,12,7,8,-0.895
Ccdc186,0.016,-0.038,0.118,0.0,11,6,6,0.136
Cryl1,0.016,-0.075,0.277,0.0,12,7,7,-0.577
Actr3,0.016,-0.037,0.036,0.0,13,7,8,0.043
Lamp2,0.016,-0.153,0.072,0.0,13,7,8,-1.167
Slc19a1,0.016,-0.113,0.275,0.0007,12,6,7,-0.275
D130017N08Rik,0.016,-0.09,0.091,0.0,13,8,8,1.425
Dph2,0.016,-0.168,0.22,0.0,13,7,8,0.35
Mapk3,0.016,-0.05,0.07,0.0,13,7,8,0.975
Lrrn1,0.016,-0.124,0.168,0.0,11,6,6,0.209
Eif2b5,0.016,-0.105,0.081,0.0,13,7,8,0.512
Ivd,0.016,-0.079,0.129,0.0,13,7,8,-0.324
Scoc,0.016,-0.048,0.144,0.0,13,8,8,1.411
Wdr20,0.016,-0.195,0.143,0.0,11,6,6,-0.828
Pmepa1,0.016,-0.091,0.227,0.0,13,8,8,-2.59
Zfp865,0.016,-0.087,0.157,0.0,12,6,7,-0.685
Ezh1,0.016,-0.136,0.124,0.0,13,8,8,-0.004
Rit2,0.016,-0.025,0.242,0.0,13,8,8,1.976
Il13ra1,0.016,-0.27,0.144,0.0005,11,6,6,0.237
Efemp2,0.016,-0.333,0.199,0.0,12,7,7,-3.367
Ice1,0.016,-0.024,0.126,0.0,11,7,6,0.057
Pomt1,0.016,-0.085,0.219,0.0,12,8,8,-0.734
Ikzf4,0.016,-0.156,0.399,0.0137,12,7,7,0.641
Atg13,0.016,-0.098,0.129,0.0,13,7,8,0.312
Srsf10,0.016,-0.046,0.034,0.0,13,8,8,-0.653
Tfb2m,0.016,-0.05,0.07,0.0,13,7,8,0.061
Maml3,0.016,-0.153,0.13,0.0001,12,7,7,0.614
Bbs4,0.016,-0.087,0.143,0.0,13,7,8,0.954
Fbxw7,0.016,-0.257,0.058,0.0,13,7,8,0.356
Xrcc6,0.016,-0.042,0.109,0.0,13,8,8,-0.264
Ubtd1,0.016,-0.082,0.081,0.0,13,8,8,0.332
Bckdk,0.016,-0.005,0.094,0.0,13,9,8,-0.663
Tspan31,0.016,-0.045,0.076,0.0,13,7,8,-0.133
Gpc1,0.016,-0.187,0.143,0.0,13,7,8,0.032
Ptdss2,0.016,-0.045,0.101,0.0,13,8,8,-0.018
Cops5,0.016,-0.068,0.127,0.0,13,7,8,0.619
Lztr1,0.016,-0.064,0.098,0.0,13,8,8,0.335
Isca1,0.016,-0.203,0.058,0.0,13,7,8,-0.166
Mthfd1,0.016,-0.114,0.135,0.0,13,8,8,-0.119
D2hgdh,0.016,-0.419,0.374,0.0154,13,8,8,-0.095
Add3,0.016,-0.019,0.212,0.0,13,8,8,-1.495
Tsr3,0.016,-0.035,0.117,0.0,12,6,7,0.527
Gng3,0.016,-0.112,0.075,0.0,13,7,8,2.308
Ube2e2,0.015,-0.044,0.103,0.0,13,8,8,1.033
Tusc1,0.015,-0.089,0.117,0.0,11,6,6,0.803
Ubc,0.015,-0.116,0.075,0.0,13,7,8,-0.381
Fam207a,0.015,-0.034,0.069,0.0,12,7,7,0.146
Rnasek,0.015,-0.057,0.078,0.0,10,5,6,1.042
P4hb,0.015,-0.095,0.111,0.0,13,8,8,-1.245
Cxxc4,0.015,-0.033,0.193,0.0,13,8,8,2.047
Plk4,0.015,-0.249,0.176,0.0,12,6,8,-1.418
Impact,0.015,-0.132,0.119,0.0,13,8,8,0.718
Spen,0.015,-0.088,0.113,0.0,12,7,7,-0.194
Actr8,0.015,-0.032,0.094,0.0,13,7,8,0.244
Tceanc2,0.015,-0.054,0.113,0.0,12,7,7,0.169
Lrrc45,0.015,-0.101,0.116,0.0,13,7,8,-0.222
Ndufa4,0.015,-0.023,0.08,0.0,13,7,8,0.871
Zmym3,0.015,-0.06,0.11,0.0,13,8,8,0.458
Ankrd26,0.015,-0.061,0.18,0.0004,13,7,8,-0.081
Zfp846,0.015,-0.314,0.105,0.0,13,7,8,0.423
Diablo,0.015,-0.036,0.088,0.0,13,7,8,1.203
Txn1,0.015,-0.103,0.059,0.0,13,7,8,0.577
Uba2,0.015,-0.09,0.069,0.0,13,7,8,-0.02
Gtf2f1,0.015,-0.137,0.056,0.0,13,7,8,-0.166
C530008M17Rik,0.015,-0.115,0.151,0.0,12,7,7,1.205
5730455P16Rik,0.015,-0.004,0.083,0.0,13,9,8,0.86
Psmd1,0.015,-0.009,0.059,0.0,13,9,8,0.595
Tm2d3,0.015,-0.025,0.048,0.0,13,7,8,0.15
Tmbim4,0.015,-0.01,0.052,0.0,13,8,8,0.051
Ptp4a3,0.015,-0.062,0.106,0.0,13,8,8,-0.169
Hars2,0.015,-0.097,0.162,0.0,13,8,8,-0.179
Josd1,0.015,-0.104,0.142,0.0,13,7,8,0.293
Spint2,0.015,-0.166,0.188,0.0,11,6,6,0.791
Vps33a,0.015,-0.048,0.097,0.0,13,8,8,0.359
Zfp219,0.015,-0.263,0.13,0.0,12,7,7,-1.547
Ccnl2,0.015,-0.106,0.043,0.0,13,7,8,-0.832
Tubb2a,0.015,-0.104,0.068,0.0,13,7,8,1.641
R3hdm1,0.015,-0.117,0.031,0.0,13,7,8,0.121
Ubxn7,0.015,-0.18,0.22,0.0,13,7,8,0.155
Pag1,0.015,-0.366,0.158,0.0001,11,7,7,-0.941
Adnp,0.015,-0.298,0.076,0.0,11,6,7,0.167
Luzp1,0.015,-0.07,0.143,0.0,13,9,8,-0.96
Rexo4,0.014,-0.063,0.033,0.0,13,7,8,-0.159
Qars,0.014,-0.078,0.103,0.0,13,7,8,0.048
Atg10,0.014,-0.081,0.113,0.0,13,7,8,0.47
Fez2,0.014,-0.048,0.079,0.0,13,9,8,-0.092
Usp24,0.014,-0.159,0.222,0.0002,12,6,7,-0.289
Sike1,0.014,-0.085,0.06,0.0,13,7,8,-0.309
Napg,0.014,-0.022,0.116,0.0,13,8,8,0.948
Ywhaz,0.014,-0.033,0.072,0.0,13,7,8,0.824
Gtf3c2,0.014,-0.109,0.097,0.0,13,7,8,-0.385
Mysm1,0.014,-0.086,0.059,0.0,13,8,8,-0.7
Ppfia2,0.014,-0.157,0.057,0.0,13,7,8,1.724
Fubp3,0.014,-0.227,0.11,0.0,13,7,8,-1.299
Ppp1r26,0.014,-0.464,0.126,0.0,10,6,5,0.287
Rbm6,0.014,-0.02,0.043,0.0,13,8,8,-0.167
Tbrg4,0.014,-0.232,0.18,0.0,13,7,8,0.364
Fam161b,0.014,-0.294,0.18,0.0,13,7,8,0.825
Zfp87,0.014,-0.035,0.308,0.0,12,7,7,-0.174
Pabpn1,0.014,-0.07,0.123,0.0,13,7,8,-0.141
Sdha,0.014,-0.049,0.074,0.0,13,8,8,0.005
Gmpr,0.014,-0.115,0.126,0.0,13,7,8,1.521
Tprkb,0.014,-0.107,0.057,0.0,13,7,8,0.267
Bcl9,0.014,-0.113,0.085,0.0,12,7,7,-0.628
AI854703,0.014,-0.213,0.123,0.0,12,6,7,1.523
6330403K07Rik,0.014,-0.039,0.202,0.0,13,8,8,1.785
Cers6,0.014,-0.492,0.118,0.0,11,6,6,0.542
Arf5,0.014,-0.03,0.095,0.0,13,8,8,-0.162
Plekha3,0.014,-0.248,0.144,0.0,13,7,8,0.101
Unc119b,0.014,-0.103,0.121,0.0,13,7,8,-0.903
Csnk2a1,0.014,-0.033,0.029,0.0,13,7,8,0.268
Otub2,0.014,-0.084,0.11,0.0,12,7,7,1.083
Pemt,0.014,-0.138,0.161,0.0,12,7,7,1.206
Brwd1,0.014,-0.07,0.145,0.0,13,8,8,-0.303
Dpf1,0.014,-0.181,0.093,0.0,12,7,7,1.556
Mapk1ip1,0.014,-0.132,0.079,0.0,13,7,8,0.428
Ppp1cb,0.014,-0.031,0.121,0.0,13,7,8,-0.096
Zfyve21,0.014,-0.138,0.3,0.0,13,8,8,-2.623
Cttnbp2nl,0.014,-0.175,0.171,0.0,13,7,8,-1.915
Atxn7l3b,0.014,-0.056,0.042,0.0,13,7,8,0.339
Atp5j,0.014,-0.064,0.074,0.0,13,7,8,0.297
Ankrd13a,0.014,-0.208,0.1,0.0,13,7,8,-0.238
Ggnbp2,0.014,-0.012,0.086,0.0,13,9,8,0.122
Ercc8,0.014,-0.229,0.047,0.0,13,7,8,0.599
Tnpo3,0.014,-0.129,0.133,0.0,13,7,8,0.096
Sept5,0.014,-0.031,0.283,0.0,11,7,6,1.131
Secisbp2l,0.014,-0.049,0.065,0.0,13,9,8,-1.174
Plk3,0.014,-0.01,0.13,0.0,13,8,8,0.37
Plcb4,0.014,-0.059,0.111,0.0,13,7,8,1.155
Rims2,0.014,-0.088,0.144,0.0,13,8,8,1.744
Mboat2,0.014,-0.107,0.13,0.0,13,8,8,-2.162
Hook3,0.014,-0.136,0.09,0.0,13,7,8,-0.638
Fbxl3,0.013,-0.089,0.083,0.0,13,7,8,-0.437
B4galt3,0.013,-0.171,0.071,0.0,13,8,8,0.064
Smarcc2,0.013,-0.053,0.066,0.0,13,7,8,0.218
Zfp945,0.013,-0.074,0.109,0.0,13,9,8,0.015
Dcx,0.013,-0.069,0.24,0.0059,10,6,5,2.155
Rad21,0.013,-0.202,0.032,0.0,13,7,8,-0.551
Brf1,0.013,-0.067,0.068,0.0,13,8,8,-0.485
Txn2,0.013,-0.04,0.078,0.0,13,7,8,0.396
Cntfr,0.013,-0.106,0.116,0.0,13,7,8,0.034
Mettl14,0.013,-0.068,0.093,0.0,13,7,8,-0.027
Cep57l1,0.013,-0.101,0.123,0.0,13,7,8,-0.585
Acsl5,0.013,-0.168,0.164,0.0,13,7,8,0.623
Numa1,0.013,-0.134,0.094,0.0,13,8,8,-0.684
Gramd1a,0.013,-0.018,0.08,0.0,13,8,8,0.4
Polr1e,0.013,-0.085,0.167,0.0,13,7,8,0.715
Cyb5r1,0.013,-0.018,0.211,0.0,13,8,8,1.041
Luc7l3,0.013,-0.036,0.096,0.0,13,7,8,-0.066
Csnk1g2,0.013,0.009,0.103,0.0,13,11,8,0.171
Plcg1,0.013,-0.111,0.147,0.0,12,6,7,0.096
Nfkb1,0.013,-0.06,0.153,0.0,13,8,8,-1.862
Prpf39,0.013,-0.189,0.118,0.0,13,8,8,-0.388
1810013L24Rik,0.013,-0.146,0.051,0.0,13,9,8,0.185
Rac3,0.013,-0.06,0.128,0.0,13,7,8,1.8
Ogfod2,0.013,-0.044,0.073,0.0,13,7,8,0.448
Oma1,0.013,-0.109,0.243,0.0,12,6,7,-0.963
Patz1,0.013,-0.103,0.08,0.0,12,6,7,-0.633
Dpm2,0.013,-0.035,0.104,0.0,13,8,8,0.481
Eif3c,0.013,-0.02,0.044,0.0,13,7,8,0.15
Id4,0.013,-0.22,0.959,0.1532,12,6,7,-0.387
E2f4,0.013,-0.132,0.147,0.0,13,7,8,-0.752
Rcc2,0.013,-0.044,0.193,0.0,13,8,8,-0.732
C330007P06Rik,0.013,-0.038,0.068,0.0,13,7,8,-0.465
Zfp511,0.013,-0.089,0.213,0.0,13,7,8,0.14
Trp53i13,0.013,-0.126,0.09,0.0,12,6,7,-1.734
Klhl21,0.013,-0.106,0.183,0.0,13,7,8,-0.001
Lrrc61,0.013,-0.442,0.101,0.0,12,6,7,0.568
Plk2,0.013,-0.159,0.203,0.0,13,8,8,-0.806
Cep120,0.013,-0.027,0.135,0.0,13,9,8,0.964
Trappc13,0.013,-0.145,0.069,0.0,12,7,7,0.252
Fbxo8,0.013,-0.104,0.181,0.0,13,7,8,-0.546
Ccdc47,0.013,-0.089,0.161,0.0,13,7,8,-0.209
Telo2,0.013,-0.096,0.116,0.0,12,7,7,0.026
Hmgxb3,0.013,-0.224,0.135,0.0,13,7,8,0.004
Tmeff1,0.013,-0.008,0.089,0.0,13,8,8,1.619
Elavl1,0.013,-0.037,0.063,0.0,13,8,8,-0.771
Ftsj3,0.013,-0.073,0.073,0.0,13,7,8,0.007
Gak,0.013,-0.022,0.113,0.0,13,9,8,0.233
Sdcbp,0.013,-0.04,0.061,0.0,13,7,8,-0.513
Rab11a,0.012,-0.032,0.051,0.0,13,7,8,0.454
Ift74,0.012,-0.131,0.064,0.0,13,7,8,-0.032
Fam45a,0.012,-0.061,0.12,0.0,12,7,7,-0.187
D430042O09Rik,0.012,-0.156,0.204,0.0,11,6,6,-0.868
1700086O06Rik,0.012,-0.103,0.133,0.0,13,7,8,0.548
Rsph1,0.012,-0.187,0.209,0.0001,10,5,6,1.004
Acin1,0.012,-0.038,0.065,0.0,13,8,8,-0.088
Cd151,0.012,-0.04,0.053,0.0,13,7,8,-0.064
Palm,0.012,-0.075,0.063,0.0,13,8,8,1.374
Ssbp2,0.012,-0.125,0.081,0.0,13,7,8,-1.289
Tsnax,0.012,-0.076,0.064,0.0,12,7,7,0.275
Atl2,0.012,-0.115,0.148,0.0,13,7,8,0.229
Kctd17,0.012,-0.072,0.04,0.0,12,7,8,0.143
Nup88,0.012,-0.089,0.093,0.0,13,8,8,0.475
Brd2,0.012,-0.047,0.08,0.0,13,8,8,-0.212
Sh3yl1,0.012,-0.124,0.077,0.0,13,7,8,1.058
Mpp1,0.012,-0.022,0.063,0.0,13,7,8,0.303
Thra,0.012,0.0,0.125,0.0,13,10,8,0.905
BC003965,0.012,-0.051,0.084,0.0,13,7,8,-0.061
Paip2b,0.012,-0.164,0.114,0.0,13,7,8,0.16
Arl5a,0.012,-0.0,0.065,0.0,13,9,8,-0.146
Pigq,0.012,-0.016,0.126,0.0,13,8,8,0.154
Klc4,0.012,-0.26,0.137,0.0,13,7,8,-0.022
Wdr45,0.012,-0.037,0.068,0.0,13,7,8,-0.086
Wdr1,0.012,-0.093,0.107,0.0,13,7,8,-0.193
Alkbh5,0.012,-0.023,0.064,0.0,13,7,8,-0.549
Nrsn2,0.012,-0.041,0.14,0.0003,13,7,8,2.579
Furin,0.012,-0.095,0.123,0.0,12,6,7,-0.416
Psmd5,0.012,-0.016,0.079,0.0,13,9,8,0.309
Rnf219,0.012,-0.071,0.074,0.0,11,7,6,0.002
Dhodh,0.012,-0.08,0.108,0.0,12,6,7,0.034
Fcor,0.012,-0.12,0.202,0.0004,11,6,6,1.592
Etv3,0.012,-0.172,0.127,0.0,13,7,8,-0.705
Araf,0.012,-0.049,0.058,0.0,13,7,8,1.008
Stx8,0.012,-0.1,0.227,0.0,13,7,8,0.056
Stk4,0.012,-0.072,0.172,0.0,13,7,8,-0.339
Nucks1,0.012,-0.058,0.07,0.0,13,7,8,0.085
Yipf3,0.012,-0.053,0.105,0.0,13,7,8,-0.276
Rnf5,0.012,-0.02,0.052,0.0,13,9,8,0.385
0610010F05Rik,0.012,-0.059,0.069,0.0,13,8,8,1.187
Acp1,0.012,-0.127,0.092,0.0,13,7,8,0.329
AW551984,0.012,-0.031,0.067,0.0,12,6,7,1.965
Ralgds,0.012,-0.014,0.106,0.0,13,7,8,0.9
Rars,0.012,-0.129,0.068,0.0,13,7,8,0.118
Map2k3,0.012,-0.269,0.109,0.0,13,8,8,-1.063
Nars,0.012,-0.044,0.047,0.0,13,7,8,0.591
Ankhd1,0.012,-0.091,0.165,0.0,13,7,8,-0.731
Vps36,0.012,-0.065,0.076,0.0,13,7,8,0.26
Srp72,0.012,-0.055,0.048,0.0,13,7,8,0.223
Tesk1,0.012,-0.005,0.091,0.0,13,7,8,0.214
Gnl1,0.012,-0.197,0.05,0.0,13,7,8,-0.044
Zfp948,0.012,-0.078,0.097,0.0,13,8,8,-0.051
Atxn7,0.012,-0.592,0.164,0.0,13,7,8,-0.833
Fah,0.012,-0.274,0.117,0.0,13,7,8,-0.046
Smad5,0.012,-0.154,0.122,0.0,13,7,8,-0.864
Gdi2,0.011,-0.03,0.039,0.0,13,8,8,0.268
Vti1b,0.011,-0.108,0.153,0.0,13,9,8,1.023
Zhx1,0.011,-0.162,0.091,0.0,13,7,8,-0.404
Tctn3,0.011,-0.293,0.321,0.0005,11,6,6,-0.787
Atrx,0.011,-0.032,0.032,0.0,13,7,8,-0.475
Tmem42,0.011,-0.139,0.185,0.0,13,7,8,0.474
Dync1i2,0.011,-0.021,0.054,0.0,13,8,8,0.546
Tra2a,0.011,-0.057,0.099,0.0,13,7,8,-0.722
Mrpl37,0.011,-0.028,0.046,0.0,13,8,8,0.271
Aqp1,0.011,-0.345,0.715,0.0947,10,5,5,-1.919
Pspc1,0.011,-0.04,0.104,0.0,13,7,8,-0.09
Tet3,0.011,-0.057,0.089,0.0,12,6,7,-0.147
Setd5,0.011,-0.036,0.048,0.0,13,8,8,-0.632
Clk3,0.011,-0.044,0.158,0.0,13,7,8,-0.124
Wdr24,0.011,-0.163,0.181,0.0,13,7,8,0.383
Atf5,0.011,-0.036,0.161,0.0,12,8,7,0.205
Ddx54,0.011,-0.074,0.055,0.0,13,7,8,0.198
Pfas,0.011,-0.511,0.122,0.0,11,6,6,-0.426
Rpusd1,0.011,-0.081,0.111,0.0,13,7,8,0.644
C1galt1,0.011,-0.558,0.09,0.0,11,7,6,-1.099
Rcor2,0.011,-0.285,0.217,0.0,12,6,8,0.819
Pus7,0.011,-0.14,0.065,0.0,13,8,8,-0.068
Hspa4,0.011,-0.014,0.023,0.0,13,7,8,0.417
Rbbp6,0.011,-0.084,0.054,0.0,13,8,8,-0.525
Ikbkg,0.011,-0.195,0.182,0.0,12,6,7,0.318
Med14,0.011,-0.256,0.125,0.0,13,7,8,0.238
Fastkd1,0.011,-0.237,0.087,0.0,11,8,7,0.698
Trim27,0.011,-0.091,0.034,0.0,13,7,8,0.039
Gnpda1,0.011,-0.157,0.14,0.0,13,7,8,-1.018
Setd6,0.011,-0.034,0.076,0.0,13,8,8,0.648
Erp44,0.011,-0.073,0.037,0.0,13,7,8,-1.14
Mxd1,0.011,-0.242,0.136,0.0,11,6,7,-1.056
Diaph1,0.011,-0.162,0.074,0.0,11,6,6,-0.277
Polr2m,0.011,-0.074,0.111,0.0,12,8,7,0.241
Zbtb24,0.011,-0.168,0.113,0.0,13,7,8,-0.614
Myt1,0.011,-0.191,0.071,0.0,13,7,8,1.604
Glb1,0.011,-0.012,0.195,0.0,13,9,8,-0.322
Slc35a3,0.011,-0.085,0.303,0.0012,13,7,8,-0.065
Phf20l1,0.011,-0.046,0.096,0.0,13,8,8,-0.608
Phb,0.011,-0.032,0.053,0.0,13,7,8,0.149
Zfp638,0.011,-0.051,0.125,0.0,11,7,6,-0.369
Abhd16a,0.011,-0.022,0.16,0.0,13,7,8,0.158
Ecd,0.011,-0.062,0.095,0.0,13,7,8,0.004
Zbtb5,0.011,-0.259,0.093,0.0,10,6,5,0.288
Topbp1,0.011,-0.208,0.129,0.0,12,7,8,-1.101
Pggt1b,0.011,-0.216,0.053,0.0,12,6,7,-0.375
Prrc2a,0.011,-0.168,0.09,0.0,12,6,7,-0.238
Mmgt1,0.011,-0.129,0.128,0.0,12,7,7,0.294
Sfxn5,0.011,-0.034,0.263,0.0,11,6,7,-0.638
Snap29,0.01,-0.069,0.107,0.0,13,8,8,0.522
Golim4,0.01,-0.15,0.026,0.0,13,8,8,-0.851
L3mbtl2,0.01,-0.088,0.159,0.0,13,7,8,0.457
Itm2b,0.01,-0.034,0.049,0.0,13,7,8,-0.952
Prr14,0.01,-0.08,0.153,0.0,13,7,8,-0.803
Fbxw17,0.01,-0.11,0.079,0.0,13,7,8,0.109
Iqsec2,0.01,-0.158,0.064,0.0,13,8,8,0.571
Hadhb,0.01,-0.035,0.087,0.0,13,8,8,-0.324
Psmc5,0.01,-0.075,0.132,0.0,13,7,8,0.635
Wdr43,0.01,-0.066,0.033,0.0,13,7,8,-0.349
Dnajb5,0.01,-0.163,0.149,0.0,12,7,7,0.272
Trap1,0.01,-0.062,0.114,0.0,13,9,8,-0.148
Abcf1,0.01,-0.09,0.064,0.0,13,7,8,0.034
Cdk17,0.01,-0.046,0.066,0.0,13,9,8,-0.066
Cyb561d1,0.01,-0.159,0.258,0.0001,13,7,8,0.573
Rilpl1,0.01,-0.102,0.177,0.0,13,7,8,-0.177
Oxct1,0.01,-0.019,0.058,0.0,13,8,8,1.025
Blzf1,0.01,-0.049,0.09,0.0009,13,7,8,-0.298
Ash2l,0.01,-0.02,0.097,0.0,13,7,8,-0.023
Jagn1,0.01,-0.125,0.129,0.0,13,7,8,0.425
Hdac5,0.01,-0.073,0.123,0.0,13,9,8,0.44
Wdr73,0.01,-0.107,0.086,0.0,13,7,8,0.294
Rufy1,0.01,-0.124,0.058,0.0,13,9,8,-0.233
Midn,0.01,-0.06,0.091,0.0,12,7,7,-0.194
Nrn1,0.01,-0.491,0.184,0.0,11,6,8,-0.416
Basp1,0.01,-0.071,0.06,0.0,13,7,8,2.088
Mettl23,0.01,-0.081,0.157,0.0,12,6,7,-0.657
Morn2,0.01,-0.074,0.131,0.0,13,8,8,0.775
Pus1,0.01,-0.134,0.244,0.0,13,7,8,0.128
Snx2,0.01,-0.088,0.059,0.0,13,8,8,-0.521
Fth1,0.01,-0.112,0.06,0.0,13,7,8,-0.386
Mmachc,0.01,-0.291,0.149,0.0,12,7,7,0.698
Mau2,0.01,-0.023,0.066,0.0,13,7,8,-0.184
Pex16,0.01,-0.069,0.194,0.0,13,7,8,0.349
Txlna,0.01,-0.087,0.09,0.0,13,7,8,-0.519
Ccdc184,0.01,-0.01,0.431,0.0011,11,8,6,1.807
Rabep2,0.01,-0.091,0.135,0.0,13,7,8,-1.005
Sun2,0.01,-0.286,0.195,0.0,12,6,7,-0.973
Nme6,0.01,-0.156,0.065,0.0,13,7,8,0.783
Fnbp4,0.01,-0.132,0.143,0.0,13,7,8,-0.598
Ppp2ca,0.01,-0.057,0.022,0.0,13,7,8,0.376
Ppm1g,0.01,-0.046,0.037,0.0,13,7,8,0.242
Zbtb38,0.01,-0.018,0.076,0.0,13,7,8,0.176
Letmd1,0.01,-0.117,0.121,0.0,13,7,8,0.561
Cse1l,0.01,-0.027,0.133,0.0,13,8,8,0.058
Dctn4,0.01,-0.023,0.06,0.0,13,8,8,0.291
Slu7,0.01,-0.102,0.06,0.0,13,7,8,-0.258
2810001G20Rik,0.009,-0.103,0.067,0.0,13,7,8,0.121
Msl3l2,0.009,-0.114,0.275,0.0,12,6,7,0.283
Plscr1,0.009,-0.108,0.152,0.0,11,6,6,-0.071
Gsr,0.009,-0.018,0.059,0.0,13,8,8,0.393
Pex12,0.009,-0.171,0.129,0.0,12,6,7,-0.037
Hacd2,0.009,-0.128,0.157,0.0,11,6,6,-0.931
Zfand5,0.009,-0.024,0.097,0.0,13,9,8,0.236
Cyp4f16,0.009,-0.199,0.195,0.0,13,7,8,-0.162
Tmbim6,0.009,-0.07,0.065,0.0,13,7,8,-1.644
Ube2l3,0.009,-0.041,0.038,0.0,13,7,8,0.132
Ruvbl2,0.009,-0.086,0.046,0.0,13,7,8,-0.359
Rps6kb1,0.009,-0.089,0.083,0.0,13,8,8,-0.274
Rrm1,0.009,-0.209,0.084,0.0,12,7,7,-0.913
Trim62,0.009,-0.117,0.148,0.0,12,6,7,0.254
Rnf126,0.009,-0.056,0.154,0.0,13,8,8,0.404
Stard3nl,0.009,-0.06,0.137,0.0,13,7,8,0.329
C1d,0.009,-0.063,0.027,0.0,13,8,8,0.764
Mrps24,0.009,-0.124,0.035,0.0,13,7,8,0.121
Pank1,0.009,-0.06,0.105,0.0,13,7,8,0.538
Micu2,0.009,-0.197,0.05,0.0,11,6,6,-0.534
Sod1,0.009,-0.03,0.052,0.0,13,7,8,0.676
Gps1,0.009,-0.051,0.059,0.0,13,8,8,0.335
Elp3,0.009,-0.13,0.153,0.0,13,7,8,0.624
Elp4,0.009,-0.175,0.175,0.0,13,7,8,-0.172
Noct,0.009,-0.163,0.194,0.0,11,6,6,1.044
Clpb,0.009,-0.061,0.109,0.0,13,7,8,0.287
Pias3,0.009,-0.055,0.144,0.0,13,7,8,-0.81
Rexo1,0.009,-0.062,0.079,0.0,13,7,8,-0.377
Prr14l,0.009,-0.195,0.18,0.0,12,6,7,-0.087
Jmjd7,0.009,-0.148,0.336,0.0004,11,6,7,0.129
Rock1,0.009,-0.025,0.146,0.0,13,8,8,-1.696
Pkn2,0.009,-0.119,0.098,0.0,13,7,8,-1.258
Amer2,0.009,-0.12,0.066,0.0,11,6,7,1.933
Irf2,0.009,-0.153,0.088,0.0,13,7,8,-0.934
Rasal2,0.009,-0.061,0.099,0.0,13,7,8,-0.702
Pdcd7,0.009,-0.136,0.097,0.0,13,7,8,0.118
Pdia3,0.009,-0.037,0.154,0.0,13,7,8,-0.609
1190005I06Rik,0.009,-0.117,0.303,0.0002,11,7,6,-0.535
Atp5g1,0.009,-0.093,0.069,0.0,13,8,8,0.994
Aqr,0.009,-0.041,0.123,0.0,13,8,8,0.12
Sdf2,0.009,-0.054,0.067,0.0,13,7,8,0.141
Hpcal1,0.009,-0.105,0.041,0.0,13,7,8,1.431
Zfp148,0.009,-0.062,0.145,0.0,13,7,8,-0.46
Nsun2,0.009,-0.015,0.052,0.0,13,8,8,0.058
Fbxo9,0.009,-0.069,0.067,0.0,13,7,8,1.217
Spata2,0.009,-0.152,0.062,0.0,13,7,8,-0.174
Sec62,0.009,-0.021,0.038,0.0,13,7,8,-0.115
Pced1a,0.009,-0.102,0.558,0.0556,10,5,6,-0.142
Tmem183a,0.009,-0.069,0.042,0.0,13,8,8,0.779
Cstf1,0.009,-0.165,0.112,0.0,12,6,7,-0.152
Ppp1r37,0.009,-0.08,0.067,0.0,12,6,7,0.313
Fkbp4,0.009,-0.035,0.028,0.0,13,7,8,0.531
Hirip3,0.009,-0.357,0.086,0.0,12,6,7,-1.214
Fam43a,0.008,-0.291,0.099,0.0,11,6,6,-0.146
Uap1,0.008,-0.068,0.043,0.0,13,7,8,0.194
Cebpzos,0.008,-0.123,0.093,0.0,11,6,6,0.38
Mdc1,0.008,-0.23,0.183,0.0,11,6,7,-0.594
Rbm27,0.008,-0.1,0.078,0.0,13,8,8,-0.444
Cpe,0.008,-0.015,0.094,0.0,13,8,8,0.61
Dars2,0.008,-0.186,0.221,0.0001,12,6,7,0.04
Hic2,0.008,-0.279,0.188,0.0,10,5,6,-0.268
Ecsit,0.008,-0.067,0.033,0.0,13,8,8,0.495
Epn1,0.008,-0.019,0.064,0.0,13,7,8,0.165
Cyb561d2,0.008,-0.154,0.091,0.0,13,7,8,0.352
Dnaja1,0.008,-0.079,0.05,0.0,13,7,8,0.329
Exosc10,0.008,-0.106,0.064,0.0,13,7,8,-0.209
Rprm,0.008,-0.156,0.018,0.0,13,7,8,2.263
Robo2,0.008,-0.249,0.349,0.0052,11,6,6,0.273
Hibch,0.008,-0.054,0.032,0.0,13,7,8,0.085
Zfp61,0.008,-0.102,0.124,0.0,12,6,7,-0.193
Esf1,0.008,-0.064,0.114,0.0,13,8,8,-0.048
Acox3,0.008,-0.163,0.108,0.0,13,7,8,-0.345
Zfp811,0.008,-0.347,0.066,0.0,12,7,7,-0.176
Smim18,0.008,-0.202,0.146,0.0,10,5,5,2.064
Rnd2,0.008,-0.15,0.083,0.0,12,7,7,0.068
Nol11,0.008,-0.053,0.083,0.0,13,7,8,-0.006
Fastkd3,0.008,-0.159,0.079,0.0009,11,6,7,-0.068
Tmed10,0.008,-0.014,0.065,0.0,13,7,8,-0.981
Ube2e1,0.008,-0.036,0.083,0.0,12,6,7,0.608
Stac,0.008,-0.125,0.121,0.0015,11,7,7,1.648
Rpusd4,0.008,-0.116,0.132,0.0008,12,7,7,-0.268
Adprhl2,0.008,-0.206,0.141,0.0,11,6,6,-0.652
Bub3,0.008,-0.121,0.061,0.0,13,7,8,0.086
Tyw5,0.008,-0.095,0.195,0.0,12,6,7,0.31
Dpm3,0.008,-0.197,0.048,0.0,13,7,8,-0.818
Sgpl1,0.008,-0.082,0.091,0.0,13,7,8,-0.599
Med20,0.008,-0.308,0.12,0.0,13,7,8,-0.166
Hacd1,0.008,-0.081,0.053,0.0,11,6,6,0.306
Ptrh2,0.008,-0.075,0.15,0.0,13,8,8,0.578
Atad2b,0.008,-0.065,0.1,0.0,13,7,8,-0.742
Cgrrf1,0.008,-0.06,0.049,0.0,13,7,8,-0.238
Myh9,0.008,-0.118,0.166,0.0,13,8,8,-1.564
Fam92a,0.008,-0.073,0.069,0.0,12,6,7,0.282
Hbp1,0.008,-0.022,0.03,0.0,13,8,8,-1.033
Cdkn2d,0.008,-0.079,0.156,0.0,13,7,8,1.038
Fkbp1a,0.008,-0.057,0.053,0.0,13,7,8,0.52
Tmem205,0.008,-0.091,0.051,0.0,13,7,8,-0.445
Rnf187,0.008,-0.022,0.038,0.0,13,9,8,0.945
Zfp46,0.008,-0.227,0.182,0.0,12,6,7,0.079
Nipa1,0.008,-0.139,0.139,0.0,13,7,8,0.5
Rab10os,0.008,-0.09,0.044,0.0,11,6,6,-0.316
Bbx,0.008,-0.148,0.066,0.0,13,7,8,-0.577
Rac1,0.007,-0.061,0.04,0.0,13,7,8,-0.259
Pold3,0.007,-0.051,0.082,0.0,13,7,8,-1.041
Mettl17,0.007,-0.061,0.204,0.0,13,7,8,0.016
Etf1,0.007,-0.059,0.062,0.0,13,7,8,0.023
Rab14,0.007,-0.005,0.031,0.0,13,7,8,0.042
Rpap1,0.007,-0.214,0.149,0.0,12,6,7,0.277
Supt3,0.007,-0.081,0.076,0.0,12,6,7,0.374
Tsen2,0.007,-0.06,0.08,0.0,13,7,8,-0.101
Vps4b,0.007,-0.095,0.03,0.0,13,7,8,0.227
Mmgt2,0.007,-0.069,0.062,0.0,13,7,8,0.66
Nab1,0.007,-0.062,0.048,0.0,13,7,8,-0.674
Zscan26,0.007,-0.136,0.203,0.0006,12,7,7,-0.302
Efhd2,0.007,-0.219,0.065,0.0,13,7,8,-1.123
Tpm1,0.007,-0.046,0.048,0.0,13,7,8,-0.033
Rab39b,0.007,-0.05,0.077,0.0,13,8,8,1.592
Gtf2h3,0.007,-0.231,0.237,0.0,12,6,7,-0.97
Hnrnpu,0.007,-0.036,0.131,0.0,13,7,8,-0.502
Lars,0.007,-0.022,0.115,0.0,13,8,8,0.18
Trim24,0.007,-0.149,0.071,0.0,13,8,8,-0.451
Asah1,0.007,-0.125,0.077,0.0,13,8,8,-1.904
Mkln1os,0.007,-0.181,0.094,0.0001,10,6,5,0.996
Samd14,0.007,-0.028,0.069,0.0,13,7,8,1.383
Actl6b,0.007,-0.044,0.142,0.0,13,7,8,2.406
Rims3,0.007,-0.058,0.16,0.0,13,8,8,2.031
Armcx3,0.007,-0.069,0.141,0.0,13,7,8,-0.128
Mtch1,0.007,-0.029,0.026,0.0,13,7,8,0.402
Runx1t1,0.007,-0.101,0.119,0.0,10,5,6,-0.134
Scmh1,0.007,-0.067,0.081,0.0,13,7,8,0.299
Tmem97,0.007,-0.102,0.104,0.0,13,7,8,-0.511
Lca5,0.007,-0.525,0.134,0.0,10,5,6,-0.774
Sec11c,0.007,-0.049,0.072,0.0,13,7,8,-0.065
Anapc4,0.007,-0.085,0.132,0.0,13,7,8,0.311
Pla2g12a,0.007,-0.069,0.063,0.0,13,7,8,0.425
Bcor,0.007,-0.098,0.216,0.0004,12,6,7,0.006
Cops8,0.007,-0.08,0.078,0.0,13,7,8,0.265
Zfp612,0.007,-0.099,0.042,0.0,13,7,8,1.325
Prr5,0.007,-0.145,0.227,0.001,12,6,8,-1.022
Ints3,0.007,-0.081,0.163,0.0,13,7,8,0.141
Serinc3,0.007,-0.07,0.137,0.0,13,8,8,-0.518
Anapc15,0.007,-0.133,0.056,0.0,12,6,7,0.295
Akap8,0.007,-0.119,0.137,0.0,13,7,8,-0.384
Coro1a,0.007,-0.075,0.065,0.0,13,7,8,0.282
Cfap20,0.007,-0.065,0.145,0.0,11,7,6,-0.154
Suz12,0.007,-0.196,0.046,0.0,13,8,8,-0.02
Xrcc5,0.007,-0.124,0.121,0.0,13,7,8,-0.673
Man2a2,0.007,-0.381,0.124,0.0,13,7,8,-0.323
Nfyc,0.007,-0.404,0.069,0.0,13,7,8,-0.733
Zbtb40,0.007,-0.436,0.096,0.0,10,5,6,-0.306
Pcmt1,0.007,-0.003,0.073,0.0,13,8,8,0.906
Ccdc97,0.007,-0.282,0.132,0.0,13,8,8,0.431
Gm16894,0.007,-0.294,0.093,0.0,11,6,7,1.795
Pgam1,0.007,-0.036,0.136,0.0,13,7,8,0.968
Adgrb1,0.007,-0.084,0.148,0.0,11,6,6,1.664
Hspa9,0.007,-0.015,0.057,0.0,13,7,8,0.14
Lyrm9,0.007,-0.091,0.064,0.0,12,7,7,1.619
Gfra4,0.006,-0.076,0.085,0.0,13,7,8,1.831
Mospd2,0.006,-0.034,0.058,0.0,13,8,8,-0.208
Stx6,0.006,-0.095,0.046,0.0,13,8,8,-0.453
Rbm5,0.006,-0.051,0.083,0.0,13,8,8,-0.243
Otud4,0.006,-0.03,0.103,0.0,13,8,8,-0.055
Mpv17l,0.006,-0.121,0.147,0.0,13,8,8,0.652
Pigh,0.006,-0.053,0.17,0.0,11,7,6,-0.095
Zfp788,0.006,-0.044,0.047,0.0,13,7,8,0.247
Fndc4,0.006,-0.027,0.117,0.0,13,8,8,0.321
Dcaf6,0.006,-0.096,0.121,0.0,13,7,8,0.197
Dck,0.006,-0.089,0.096,0.0,13,8,8,0.585
Dnaja2,0.006,-0.037,0.079,0.0,13,7,8,0.25
Arhgap1,0.006,-0.02,0.183,0.0,13,7,8,-0.033
Flot1,0.006,-0.073,0.032,0.0,13,7,8,1.028
Whamm,0.006,-0.188,0.076,0.0,13,7,8,-0.365
Arrdc1,0.006,-0.071,0.092,0.0,13,8,8,0.285
Drc1,0.006,-0.154,0.383,0.0011,11,6,6,1.7
Bola3,0.006,-0.106,0.053,0.0,13,8,8,-0.052
Snrnp200,0.006,-0.116,0.046,0.0,13,7,8,-0.129
Abhd2,0.006,-0.11,0.233,0.0,13,7,8,-0.028
Zfp420,0.006,-0.152,0.429,0.0227,11,6,6,-0.132
Aida,0.006,-0.036,0.087,0.0,13,8,8,0.511
Casp8ap2,0.006,-0.18,0.078,0.0,13,7,8,-0.923
Rph3al,0.006,-0.083,0.267,0.0,11,7,6,1.797
Mark3,0.006,-0.027,0.04,0.0,13,7,8,-0.103
Ccm2,0.006,-0.064,0.178,0.0,13,7,8,0.407
Srpk2,0.006,-0.027,0.09,0.0,13,7,8,0.477
Grn,0.006,-0.059,0.116,0.0,13,8,8,-1.829
Slc4a7,0.006,-0.234,0.043,0.0,13,7,8,-0.278
Camk2n2,0.006,-0.023,0.118,0.0,13,8,8,2.166
Psmd3,0.006,-0.039,0.14,0.0,13,7,8,0.183
Actl6a,0.006,-0.292,0.054,0.0,13,7,8,-0.953
Cisd1,0.006,-0.078,0.056,0.0,13,7,8,1.282
A530017D24Rik,0.006,-0.28,0.179,0.0,10,5,6,0.117
Hnrnph1,0.006,-0.024,0.142,0.0,13,9,8,-0.158
Klhl15,0.005,-0.477,0.106,0.0,10,5,5,-0.349
Gcc2,0.005,-0.06,0.047,0.0,13,7,8,-0.1
Mnt,0.005,-0.029,0.114,0.0,12,6,7,0.046
Tmem167,0.005,-0.014,0.054,0.0,13,8,8,-0.41
Scly,0.005,-0.087,0.13,0.0,13,7,8,-0.665
Kras,0.005,-0.066,0.202,0.0,13,8,8,0.207
Sh3pxd2b,0.005,-0.201,0.079,0.0,13,7,8,-1.921
Tnks1bp1,0.005,-0.094,0.191,0.0,13,7,8,-1.064
Kcna6,0.005,-0.085,0.077,0.0,13,7,8,-1.834
Kat5,0.005,-0.071,0.07,0.0,13,7,8,0.114
Prkce,0.005,-0.077,0.139,0.0,13,7,8,0.465
Zfp677,0.005,-0.211,0.44,0.0145,10,5,6,-0.199
Taf15,0.005,-0.111,0.077,0.0,13,7,8,-0.573
Tmub1,0.005,-0.166,0.066,0.0,13,7,8,0.89
Ttc1,0.005,-0.023,0.086,0.0,13,7,8,0.438
Kmt2e,0.005,-0.093,0.061,0.0,11,6,6,-0.324
Cfap97,0.005,-0.046,0.133,0.0,11,7,6,0.629
Ercc5,0.005,-0.076,0.079,0.0,13,7,8,-0.296
Foxred1,0.005,-0.108,0.173,0.0,13,7,8,-0.037
Mex3c,0.005,-0.179,0.031,0.0,13,7,8,-0.657
Tcerg1,0.005,-0.076,0.063,0.0,13,7,8,-0.152
Wdr12,0.005,-0.046,0.173,0.0,13,7,8,0.984
Tesc,0.005,-0.05,0.124,0.0,13,8,8,1.521
Arpc5l,0.005,-0.011,0.092,0.0,13,8,8,0.52
Dgat1,0.005,-0.067,0.123,0.0,13,7,8,-0.212
Asb6,0.005,-0.133,0.104,0.0,13,7,8,0.079
Gripap1,0.005,-0.012,0.043,0.0,13,7,8,0.644
Creg1,0.005,-0.268,0.084,0.0,13,7,8,-1.355
Mzt2,0.005,-0.07,0.106,0.0,13,7,8,-0.156
Brf2,0.005,-0.065,0.058,0.0,13,8,8,0.289
Atp13a1,0.005,-0.162,0.204,0.0,13,7,8,-0.153
Efcab2,0.005,-0.18,0.038,0.0,12,7,7,0.33
Glrx5,0.005,-0.08,0.051,0.0,13,7,8,0.835
Top1,0.005,-0.086,0.03,0.0,13,7,8,-0.355
Nt5m,0.005,-0.108,0.178,0.0,13,7,8,0.613
Mrpl17,0.005,-0.091,0.104,0.0,13,7,8,0.057
Paox,0.005,-0.192,0.059,0.0,11,6,6,-0.16
Atp6v1c1,0.005,-0.017,0.061,0.0,13,7,8,1.017
9530068E07Rik,0.005,-0.097,0.243,0.0,13,7,8,-0.887
Knop1,0.005,-0.064,0.184,0.0,11,6,6,-0.162
Snap47,0.005,-0.016,0.159,0.0,13,7,8,1.681
Mrps2,0.005,-0.1,0.227,0.0,12,6,7,-0.001
St3gal4,0.005,-0.199,0.041,0.0001,11,6,7,-2.062
Camk2d,0.005,-0.032,0.088,0.0,13,7,8,-0.289
Cxadr,0.005,-0.166,0.276,0.0,11,6,6,-0.299
Zfp260,0.005,-0.123,0.065,0.0,13,7,8,-0.483
Eif5b,0.005,-0.064,0.028,0.0,13,7,8,-0.388
Adsl,0.005,-0.124,0.072,0.0,13,7,8,0.17
Ptpro,0.005,-0.126,0.238,0.0,11,6,6,1.113
BC005624,0.005,-0.062,0.09,0.0,13,8,8,0.262
Dnaja4,0.005,-0.108,0.048,0.0,13,7,8,-0.189
Fut8,0.005,-0.11,0.316,0.0028,13,7,8,-0.466
Dimt1,0.005,-0.081,0.108,0.0,13,7,8,0.026
Fsd1,0.005,-0.038,0.021,0.0,13,7,8,1.816
Clk4,0.005,-0.243,0.097,0.0,13,7,8,-0.69
Borcs7,0.004,-0.082,0.109,0.0,11,6,6,0.432
Zfhx3,0.004,-0.093,0.133,0.0,13,7,8,0.803
Pdlim2,0.004,-0.156,0.031,0.0,13,7,8,-0.783
Ift52,0.004,-0.043,0.023,0.0,13,7,8,0.132
Vwa5b2,0.004,-0.044,0.179,0.0,13,7,8,1.856
Pvr,0.004,-0.119,0.377,0.0147,12,8,7,-1.452
Pds5b,0.004,-0.058,0.156,0.0,13,8,8,-0.495
Slc25a24,0.004,-0.347,0.271,0.0028,12,6,7,-0.77
Frmd8,0.004,-0.403,0.102,0.0,13,7,8,-1.976
Rpap3,0.004,-0.133,0.096,0.0,13,7,8,0.189
Bdp1,0.004,-0.041,0.182,0.0,13,7,8,-0.391
Fam149b,0.004,-0.112,0.09,0.0,13,7,8,0.281
Cpne6,0.004,-0.42,0.117,0.0,11,6,7,1.707
Tmem128,0.004,-0.044,0.055,0.0,13,7,8,0.054
Oxr1,0.004,-0.073,0.03,0.0,13,7,8,0.245
Prdm4,0.004,-0.026,0.22,0.0,13,8,8,0.642
Srm,0.004,-0.055,0.039,0.0,13,7,8,0.359
Fgfr1op,0.004,-0.237,0.107,0.0,12,7,7,0.047
Med1,0.004,-0.068,0.193,0.0,13,7,8,-0.259
Trp53rkb,0.004,-0.108,0.037,0.0,10,5,5,0.458
Dennd4b,0.004,-0.412,0.125,0.0,12,6,8,0.361
Atf6,0.004,-0.093,0.176,0.0,13,7,8,-0.234
Trub1,0.004,-0.031,0.22,0.0,13,8,8,0.176
Hnrnpll,0.004,-0.134,0.05,0.0,11,6,6,-0.544
Alg12,0.004,-0.357,0.41,0.0001,11,6,6,-0.135
Dusp12,0.004,-0.134,0.124,0.0,13,7,8,-0.165
Adra2c,0.004,-0.21,0.312,0.0,13,7,8,1.134
Ppp5c,0.004,-0.041,0.084,0.0,13,7,8,0.505
Trpc4ap,0.004,-0.046,0.104,0.0,13,7,8,0.021
Tmem251,0.004,-0.099,0.185,0.0,12,6,7,0.119
Nf2,0.004,-0.063,0.032,0.0,13,7,8,0.469
Prrg2,0.004,-0.136,0.05,0.0,13,7,8,-0.618
Ier3ip1,0.004,-0.067,0.06,0.0,13,7,8,0.351
Stam2,0.004,-0.083,0.074,0.0002,13,7,8,-0.5
Ppp1r2,0.004,-0.039,0.035,0.0,13,7,8,0.04
Lamp1,0.004,-0.06,0.072,0.0,13,7,8,-1.092
Rab4b,0.004,-0.092,0.06,0.0,11,6,7,0.873
Txlng,0.004,-0.162,0.097,0.0,13,7,8,0.146
Rbm11,0.004,-0.152,0.183,0.0,13,7,8,1.781
Iffo1,0.004,-0.109,0.134,0.0,13,7,8,0.168
Zfp37,0.004,-0.068,0.17,0.0,12,6,7,-0.053
Vbp1,0.004,-0.065,0.079,0.0,13,7,8,0.666
Slc35a5,0.004,-0.07,0.121,0.0,13,7,8,0.109
Ift140,0.003,-0.195,0.178,0.001,13,7,8,0.22
4833420G17Rik,0.003,-0.104,0.102,0.0,13,7,8,-0.405
Cdc37,0.003,-0.058,0.113,0.0,13,7,8,0.133
Mrpl10,0.003,-0.057,0.113,0.0,13,8,8,0.015
Ccdc28a,0.003,-0.067,0.188,0.0,13,7,8,0.26
Rasa3,0.003,-0.336,0.212,0.0,12,6,7,-3.042
Mthfd2,0.003,-0.107,0.096,0.0,13,7,8,1.193
Slc25a33,0.003,-0.053,0.199,0.0,13,7,8,1.757
Mrrf,0.003,-0.124,0.196,0.0,13,7,8,0.227
Zfp810,0.003,-0.197,0.193,0.0,10,6,6,-0.488
Rab5a,0.003,-0.05,0.022,0.0,13,7,8,-0.284
Pex19,0.003,-0.072,0.076,0.0,13,7,8,-0.003
Phf10,0.003,-0.178,0.068,0.0,13,7,8,-0.573
Dsel,0.003,-0.024,0.22,0.0,13,8,8,-1.001
Nfs1,0.003,-0.107,0.034,0.0,13,7,8,0.132
Rtca,0.003,-0.016,0.135,0.0,12,6,7,0.763
Gm8773,0.003,-0.14,0.225,0.0042,10,5,5,1.586
Tbc1d20,0.003,-0.092,0.101,0.0,12,6,7,-0.323
Ppil2,0.003,-0.059,0.033,0.0,13,7,8,0.044
Crlf3,0.003,-0.03,0.047,0.0,13,7,8,-0.457
Emc10,0.003,-0.031,0.097,0.0,12,6,7,0.16
Zbtb22,0.003,-0.033,0.046,0.0,13,8,8,-0.06
Zbtb46,0.003,-0.064,0.191,0.001,13,7,8,1.046
Rap2a,0.003,-0.025,0.096,0.0,13,7,8,-0.214
Tmem68,0.003,-0.178,0.027,0.0,13,7,8,0.019
Pea15a,0.003,-0.081,0.045,0.0,13,7,8,-0.841
Zfp106,0.003,-0.074,0.054,0.0,13,7,8,-0.35
Tceal1,0.003,-0.077,0.164,0.0,13,7,8,0.417
Hsp90ab1,0.003,-0.036,0.025,0.0,13,7,8,0.914
Map3k1,0.003,-0.062,0.124,0.0,13,7,8,-1.12
Kctd6,0.003,-0.051,0.084,0.0,13,7,8,0.737
Brsk2,0.003,-0.153,0.092,0.0,13,7,8,1.454
Nr2f6,0.003,-0.223,0.098,0.0,13,8,8,-1.056
Sae1,0.003,-0.068,0.03,0.0,13,7,8,0.16
Fxyd2,0.003,-0.074,0.13,0.0003,13,8,8,2.018
Tstd2,0.003,-0.352,0.114,0.0,12,6,7,-0.147
Pitpna,0.003,-0.03,0.053,0.0,13,7,8,0.626
Ktn1,0.003,-0.084,0.091,0.0,13,7,8,-0.357
Psenen,0.003,-0.043,0.018,0.0,13,7,8,0.245
Dlat,0.003,-0.038,0.051,0.0,13,7,8,0.862
Tmem115,0.003,-0.08,0.209,0.0011,13,7,8,-0.548
Dexi,0.003,-0.03,0.09,0.0,13,7,8,-0.503
Ulk2,0.003,-0.015,0.077,0.0,13,7,8,0.247
Arid4a,0.003,-0.078,0.069,0.0,13,7,8,-0.018
Trmt112,0.003,-0.05,0.043,0.0,13,7,8,0.322
Psmd12,0.003,-0.024,0.053,0.0,13,8,8,0.367
Glmn,0.002,-0.068,0.11,0.0,12,6,7,0.183
Tmem50a,0.002,-0.095,0.073,0.0,13,7,8,0.229
Fam184a,0.002,-0.217,0.092,0.0,13,7,8,0.257
Atg14,0.002,-0.365,0.102,0.0,13,7,8,-0.158
Itfg2,0.002,-0.052,0.172,0.0,13,7,8,0.606
Chac1,0.002,-0.104,0.178,0.0,12,6,7,1.997
Sil1,0.002,-0.002,0.169,0.0,13,9,8,-0.787
Atxn1l,0.002,-0.062,0.432,0.0079,12,6,7,-0.367
Rogdi,0.002,-0.025,0.059,0.0,13,7,8,1.098
Gars,0.002,-0.022,0.097,0.0,13,7,8,0.831
Pdxdc1,0.002,-0.108,0.085,0.0,13,8,8,-0.495
2610002M06Rik,0.002,-0.06,0.172,0.0,13,7,8,0.485
Mpdz,0.002,-0.077,0.108,0.0,13,7,8,-1.033
Rbck1,0.002,-0.035,0.028,0.0,13,7,8,-0.217
Slc25a29,0.002,-0.209,0.087,0.0018,13,7,8,0.227
Stambpl1,0.002,-0.097,0.217,0.0,12,6,8,1.016
Zc3h14,0.002,-0.112,0.154,0.0,13,7,8,-0.784
Atp6v1g2,0.002,-0.034,0.106,0.0,13,7,8,2.036
Uhrf2,0.002,-0.076,0.112,0.0,13,7,8,-0.323
Fam107b,0.002,-0.322,0.08,0.0,12,6,7,-0.861
Pkm,0.002,-0.055,0.039,0.0,12,6,7,0.574
Gm37494,0.002,-0.035,0.126,0.0,10,5,5,-0.894
Cdc40,0.002,-0.068,0.057,0.0,13,7,8,-0.745
4931406C07Rik,0.002,-0.191,0.032,0.0,13,7,8,-0.61
1810009A15Rik,0.002,-0.478,0.367,0.0089,10,5,6,-0.741
Zc2hc1a,0.002,-0.041,0.114,0.0,12,6,7,1.261
Pex1,0.002,-0.199,0.084,0.0,13,7,8,0.4
Slc12a2,0.002,-0.122,0.055,0.0,13,7,8,-1.699
Hspa1a,0.002,-0.263,0.105,0.0,11,6,7,-3.592
Elf1,0.002,-0.117,0.074,0.0,13,7,8,-2.183
Dzip1,0.002,-0.06,0.09,0.0,13,7,8,-0.178
Wipf2,0.002,-0.046,0.112,0.0,13,7,8,0.167
Dbnl,0.002,-0.036,0.054,0.0,13,8,8,0.273
Ascc2,0.002,-0.248,0.112,0.0,12,6,7,0.077
Sorbs2,0.002,-0.285,0.157,0.0,13,7,8,-2.686
Snx16,0.002,-0.116,0.14,0.0,13,7,8,0.775
Actg1,0.002,-0.022,0.023,0.0,13,7,8,0.555
Fam104a,0.002,-0.056,0.104,0.0,12,7,7,-0.503
Pde10a,0.002,-0.105,0.148,0.0,12,6,7,0.736
Chd4,0.002,-0.026,0.104,0.0,13,7,8,-0.465
Med27,0.002,-0.09,0.07,0.0,13,7,8,0.189
Sec11a,0.002,-0.064,0.05,0.0,13,7,8,-0.346
Inpp5k,0.002,-0.116,0.131,0.0,13,7,8,0.119
Ndufb3,0.002,-0.111,0.042,0.0,13,7,8,0.315
Tk2,0.002,-0.104,0.162,0.0,13,7,8,0.356
Gskip,0.002,-0.08,0.079,0.0,12,6,7,-0.46
Wipi1,0.002,-0.215,0.143,0.0,13,7,8,-2.083
Scaper,0.002,-0.119,0.043,0.0,13,7,8,0.812
Cdk5rap2,0.002,-0.068,0.104,0.0,11,6,7,-1.135
Tmem121,0.002,-0.058,0.095,0.0,12,6,7,0.104
Ap2m1,0.002,-0.01,0.041,0.0,13,7,8,0.643
Slc25a26,0.001,-0.212,0.081,0.0,13,7,8,-0.196
Polrmt,0.001,-0.223,0.313,0.0006,13,7,8,0.124
Thrap3,0.001,-0.052,0.111,0.0,13,7,8,-0.563
Mkrn1,0.001,-0.093,0.037,0.0,13,7,8,0.69
Hsp90aa1,0.001,-0.058,0.02,0.0,13,7,8,1.102
Vps37a,0.001,-0.043,0.056,0.0,13,7,8,0.215
Ctsf,0.001,-0.128,0.108,0.0,13,7,8,-0.101
Ralgapa1,0.001,-0.02,0.11,0.0,13,7,8,0.528
Atp5k,0.001,-0.117,0.054,0.0,13,7,8,0.647
0610040B10Rik,0.001,-0.179,0.134,0.0,11,6,6,0.434
Ggps1,0.001,-0.103,0.123,0.0,13,7,8,0.556
Pcsk2os1,0.001,-0.119,0.145,0.0,11,6,6,2.036
Rab11fip2,0.001,-0.12,0.099,0.0,13,7,8,0.469
Ibtk,0.001,-0.176,0.086,0.0,13,8,8,-0.089
Gm42418,0.001,-0.1,0.14,0.0,10,5,5,-1.09
Arhgap28,0.001,-0.066,0.108,0.0,13,7,8,1.188
Akt3,0.001,-0.173,0.117,0.0,13,7,8,0.812
Bmyc,0.001,-0.043,0.065,0.0,13,7,8,0.754
Nup98,0.001,-0.485,0.069,0.0,12,6,8,-0.937
Klhdc1,0.001,-0.091,0.268,0.001,12,6,7,-0.153
Nemf,0.001,-0.052,0.06,0.0,13,7,8,-0.094
D930016D06Rik,0.001,-0.191,0.168,0.0,12,6,7,-0.203
Garnl3,0.001,-0.034,0.123,0.0,13,7,8,1.409
Mettl3,0.001,-0.087,0.101,0.0,13,7,8,-0.113
Gpr180,0.001,-0.044,0.08,0.0,13,7,8,-0.256
Sympk,0.001,-0.113,0.245,0.0,13,7,8,0.122
Cog8,0.001,-0.019,0.074,0.0,13,7,8,0.191
Nsg2,0.001,-0.026,0.073,0.0,13,7,8,1.883
Med21,0.001,-0.11,0.075,0.0,13,7,8,-0.035
Tspyl2,0.001,-0.136,0.101,0.0,13,7,8,0.311
Ndufb5,0.001,-0.045,0.088,0.0,13,7,8,0.187
Armcx1,0.001,-0.053,0.092,0.0,13,7,8,0.65
Alg14,0.001,-0.051,0.084,0.0,13,7,8,-0.463
Ints12,0.001,-0.201,0.114,0.0,12,6,7,-0.43
Trmt2b,0.001,-0.399,0.081,0.0,13,7,8,0.107
Klf6,0.001,-0.072,0.057,0.0,13,8,8,-1.649
Bmp2k,0.001,-0.236,0.151,0.0,11,6,6,-1.012
Nek3,0.001,-0.255,0.191,0.0,10,5,6,0.661
Zfp664,0.001,-0.009,0.07,0.0,13,7,8,-0.139
Tmco3,0.001,-0.111,0.205,0.0,13,7,8,0.22
Psmf1,0.001,-0.048,0.013,0.0,13,7,8,0.184
Arrdc2,0.001,-0.343,0.232,0.0,11,6,6,-1.052
Tmem160,0.001,-0.043,0.057,0.0,13,7,8,0.619
Stat5b,0.001,-0.17,0.234,0.0045,13,8,8,-0.519
Abcf3,0.0,-0.044,0.156,0.0,13,7,8,0.276
Aatf,0.0,-0.23,0.076,0.0,13,7,8,-0.389
Cdr2,-0.0,-0.022,0.067,0.0,13,6,8,0.709
Rabggta,-0.0,-0.08,0.051,0.0,13,6,8,0.24
Cox7c,0.0,-0.136,0.026,0.0,13,7,8,0.372
Gm13889,-0.0,-0.213,0.124,0.0,13,6,8,-0.163
Vdac1,-0.0,-0.021,0.133,0.0,13,6,8,1.01
Jak2,-0.0,-0.13,0.038,0.0,13,6,8,-0.361
Paip1,0.0,-0.128,0.1,0.0,13,7,8,0.269
Dlgap1,0.0,-0.104,0.085,0.0,13,7,8,-0.085
Zfp207,-0.0,-0.071,0.122,0.0,13,6,8,-0.144
Hjurp,0.0,-0.198,0.028,0.0,13,7,8,-1.027
Faim,0.0,-0.147,0.032,0.0,13,7,8,0.091
Plrg1,0.0,-0.135,0.132,0.0,13,7,8,0.052
Rhof,-0.0,-0.083,0.293,0.0006,13,6,8,1.388
Yipf2,0.0,-0.103,0.086,0.0,12,6,7,-0.81
Krt10,0.0,-0.063,0.1,0.0,13,7,8,0.026
Arl6,0.0,-0.076,0.074,0.0,13,7,8,0.639
Wfs1,0.0,-0.132,0.189,0.0,13,7,8,1.035
Hif1an,0.0,-0.182,0.268,0.0,13,7,8,0.289
Irf9,-0.0,-0.15,0.121,0.0,13,6,8,-0.861
Atg7,-0.0,-0.111,0.151,0.0,13,6,8,-0.148
Pprc1,-0.0,-0.233,0.089,0.0,12,6,8,-0.531
Lsm1,0.0,-0.099,0.094,0.0,13,7,8,0.596
Arhgap31,-0.0,-0.468,0.204,0.0001,11,5,7,-3.129
Rtkn,0.0,-0.103,0.142,0.0,13,7,8,-1.44
Ift22,0.0,-0.051,0.041,0.0,11,6,6,0.206
Sumf2,-0.0,-0.137,0.024,0.0,13,6,8,-0.47
Ift57,0.0,-0.081,0.064,0.0,13,7,8,-0.115
Hilpda,0.0,-0.098,0.084,0.0,11,6,6,-0.88
mt-Nd5,0.0,-0.038,0.132,0.0,11,6,6,-0.053
Smarca4,0.0,-0.043,0.106,0.0,13,7,8,0.686
Slc30a5,0.0,-0.236,0.187,0.0,13,7,8,-0.419
Slc33a1,0.0,-0.091,0.132,0.0,13,7,8,-0.232
Sncg,-0.001,-0.021,0.055,0.0,13,6,8,2.173
Zfp942,-0.001,-0.071,0.163,0.0,13,6,8,-0.077
Gbe1,-0.001,-0.073,0.049,0.0,12,6,7,-0.731
Vegfb,-0.001,-0.077,0.047,0.0,13,6,8,0.652
Zfp81,-0.001,-0.224,0.165,0.0,12,6,7,0.41
Atrip,-0.001,-0.153,0.167,0.0,11,5,7,-0.051
Adss,-0.001,-0.018,0.056,0.0,13,6,8,0.424
Ccdc77,-0.001,-0.191,0.137,0.0,12,6,7,-0.792
Mrps21,-0.001,-0.07,0.039,0.0,13,6,8,0.125
Gna11,-0.001,-0.029,0.067,0.0,13,6,8,0.509
Phka2,-0.001,-0.101,0.173,0.0,13,6,8,-0.103
Pan3,-0.001,-0.126,0.097,0.0,13,6,8,-0.379
Zfp2,-0.001,-0.143,0.073,0.0,13,6,8,0.397
Tbl1x,-0.001,-0.11,0.136,0.0002,13,6,8,-0.532
Lnx1,-0.001,-0.239,0.038,0.0,13,6,8,1.482
Timm50,-0.001,-0.134,0.032,0.0,13,6,8,0.182
Upf3b,-0.001,-0.112,0.083,0.0,13,6,8,-0.298
Ctcf,-0.001,-0.084,0.026,0.0,13,6,8,-0.923
Pts,-0.001,-0.19,0.12,0.0,13,6,8,0.655
Bak1,-0.001,-0.119,0.106,0.0,11,5,6,-1.633
Ncln,-0.001,-0.103,0.127,0.0002,13,6,8,-0.844
Rhebl1,-0.001,-0.076,0.117,0.0,13,6,8,1.064
Noc3l,-0.001,-0.234,0.213,0.0006,13,6,8,-0.118
Ddx50,-0.001,-0.067,0.048,0.0,13,6,8,-0.887
Zswim6,-0.001,-0.132,0.104,0.0,11,5,6,-1.492
Riok2,-0.001,-0.109,0.026,0.0,11,5,7,-0.024
Amd1,-0.001,-0.184,0.052,0.0,11,5,6,-0.552
Aldh2,-0.001,-0.126,0.097,0.0,13,6,8,-1.591
Ociad1,-0.001,-0.039,0.072,0.0,13,6,8,0.246
Kctd5,-0.001,-0.109,0.072,0.0,13,6,8,-0.149
Gtpbp4,-0.001,-0.062,0.033,0.0,13,6,8,-0.109
Hipk2,-0.001,-0.176,0.092,0.0,12,6,7,-0.161
Taf9b,-0.001,-0.062,0.088,0.0,13,6,8,0.732
Ndufa10,-0.001,-0.037,0.015,0.0,13,6,8,0.558
Arf1,-0.001,-0.016,0.046,0.0,13,6,8,0.012
Psmg3,-0.001,-0.08,0.152,0.0,13,6,8,0.254
Rae1,-0.001,-0.037,0.067,0.0,13,5,8,0.041
Rad23a,-0.001,-0.075,0.064,0.0,13,6,8,0.308
Smarcc1,-0.001,-0.132,0.087,0.0,13,6,8,0.191
Ap5s1,-0.001,-0.189,0.07,0.0,12,6,7,0.337
Tmem165,-0.001,-0.089,0.113,0.0,13,6,8,-1.419
Bend5,-0.001,-0.139,0.105,0.0,13,6,8,1.286
Rpap2,-0.001,-0.069,0.049,0.0,13,6,8,0.22
Ndufv3,-0.001,-0.071,0.033,0.0,13,6,8,0.757
Aph1a,-0.001,-0.077,0.08,0.0,12,6,7,-0.716
Eml6,-0.001,-0.054,0.207,0.0,12,6,7,1.258
Tbca,-0.002,-0.093,0.041,0.0,13,6,8,0.789
Pcbd1,-0.002,-0.104,0.123,0.0,13,6,8,2.309
Fads1,-0.002,-0.088,0.088,0.0,13,6,8,-1.113
Zkscan3,-0.002,-0.128,0.036,0.0,13,6,8,-0.427
Lrp6,-0.002,-0.215,0.101,0.0,13,6,8,-1.311
Top2b,-0.002,-0.052,0.069,0.0,13,6,8,-0.119
Mlh3,-0.002,-0.306,0.068,0.0,12,6,8,-0.302
Atr,-0.002,-0.094,0.321,0.0009,13,6,8,-0.462
Aebp2,-0.002,-0.113,0.065,0.0,13,6,8,-0.903
U2surp,-0.002,-0.037,0.066,0.0,12,6,7,-0.19
Dusp26,-0.002,-0.023,0.034,0.0,13,6,8,2.097
Zcrb1,-0.002,-0.061,0.06,0.0,13,6,8,0.411
Dusp23,-0.002,-0.124,0.413,0.0008,11,5,6,-0.487
Mpv17l2,-0.002,-0.064,0.102,0.0016,13,6,8,-0.072
Sdhc,-0.002,-0.054,0.07,0.0,13,6,8,0.078
Tmem29,-0.002,-0.089,0.091,0.0,13,6,8,0.828
Pafah1b2,-0.002,-0.028,0.029,0.0,13,6,8,0.65
Katnbl1,-0.002,-0.085,0.112,0.0,12,6,7,-0.416
Napa,-0.002,-0.079,0.046,0.0,13,6,8,0.403
Rab11b,-0.002,-0.032,0.021,0.0,13,6,8,0.15
Tomm6,-0.002,-0.228,0.041,0.0,13,6,8,0.21
Golm1,-0.002,-0.17,0.239,0.0,13,6,8,0.033
Thumpd3,-0.002,-0.04,0.113,0.0,13,6,8,-0.104
Cst6,-0.002,-0.081,0.041,0.0,13,6,8,1.245
Aig1,-0.002,-0.059,0.111,0.0,13,6,8,0.508
Med7,-0.002,-0.094,0.039,0.0,13,5,8,-0.439
H2-Ke6,-0.002,-0.081,0.278,0.0,13,6,8,-0.215
Tkt,-0.002,-0.032,0.029,0.0,13,6,8,0.179
Pard3,-0.002,-0.087,0.118,0.0,12,6,7,-0.25
Itpk1,-0.002,-0.055,0.108,0.0,13,6,8,-0.51
Galk2,-0.002,-0.19,0.116,0.0,13,6,8,0.188
Ankmy2,-0.002,-0.297,0.019,0.0,13,5,8,0.263
Tmem70,-0.002,-0.072,0.07,0.0,13,6,8,0.3
Spryd7,-0.002,-0.072,0.163,0.0,12,6,7,1.174
Cited2,-0.002,-0.219,0.062,0.0,13,6,8,0.443
Sltm,-0.002,-0.046,0.025,0.0,13,6,8,-0.118
Cib2,-0.002,-0.068,0.165,0.0,13,6,8,1.786
Ube2q2,-0.003,-0.064,0.029,0.0,13,5,8,0.801
Cox7a2l,-0.003,-0.1,0.037,0.0,13,6,8,0.249
Ncoa7,-0.003,-0.066,0.062,0.0,13,5,8,1.45
Aasdh,-0.003,-0.364,0.107,0.0,11,5,7,-0.471
Rims1,-0.003,-0.27,0.204,0.0,12,6,7,0.887
Zfp668,-0.003,-0.134,0.141,0.0,11,5,6,0.153
Dnajc12,-0.003,-0.104,0.311,0.0,13,6,8,1.36
Ing1,-0.003,-0.128,0.008,0.0,13,4,8,-0.361
Rps6kb2,-0.003,-0.124,0.105,0.0,13,6,8,-0.086
Eml4,-0.003,-0.071,0.102,0.0,13,6,8,0.192
Src,-0.003,-0.13,0.127,0.0,13,6,8,-0.243
Brk1,-0.003,-0.064,0.136,0.0,12,6,7,0.183
Cgref1,-0.003,-0.032,0.086,0.0,13,6,8,1.806
Unc50,-0.003,-0.074,0.06,0.0,13,6,8,-0.536
Nap1l2,-0.003,-0.085,0.101,0.0,13,6,8,1.962
Mettl1,-0.003,-0.121,0.143,0.0,13,6,8,0.107
Tmem65,-0.003,-0.054,0.037,0.0,13,5,8,0.51
Ikbip,-0.003,-0.191,0.096,0.0,13,6,8,-2.01
Uba5,-0.003,-0.048,0.116,0.0,13,6,8,-0.235
Ppib,-0.003,-0.059,0.038,0.0,12,6,7,-1.037
Mfap1b,-0.003,-0.094,0.032,0.0,13,5,8,-0.046
Rab2a,-0.003,-0.048,0.069,0.0,13,6,8,0.324
Ctnnbip1,-0.003,-0.092,0.119,0.0,13,6,8,0.242
Hspa13,-0.003,-0.035,0.112,0.0,13,6,8,-0.254
Atg4d,-0.003,-0.054,0.061,0.0,12,6,7,0.407
Tdp1,-0.003,-0.163,0.057,0.0,13,6,8,-0.82
Xpo7,-0.003,-0.056,0.118,0.0,13,6,8,0.02
Fbxo2,-0.003,-0.091,0.287,0.0,13,6,8,1.595
Usp53,-0.003,-0.138,0.135,0.0,12,6,7,-1.611
Usp48,-0.003,-0.049,0.217,0.0,13,6,8,0.004
Proser1,-0.003,-0.107,0.094,0.0,12,6,7,-0.584
Slc25a27,-0.003,-0.068,0.076,0.0,13,6,8,0.532
Cd59a,-0.003,-0.067,0.027,0.0,13,6,8,-0.682
Mpdu1,-0.003,-0.08,0.092,0.0,13,6,8,-0.217
Rapgef6,-0.003,-0.036,0.037,0.0,13,6,8,0.686
Vps29,-0.003,-0.087,0.019,0.0,13,6,8,0.526
Fgf12,-0.003,-0.064,0.131,0.0,13,6,8,1.346
Arhgap10,-0.003,-0.15,0.056,0.0002,13,6,8,-0.12
Ugdh,-0.003,-0.05,0.071,0.0,13,6,8,-1.682
Fdps,-0.003,-0.136,0.072,0.0,13,5,8,0.697
Nedd8,-0.003,-0.058,0.032,0.0,13,6,8,0.468
Cyb5r3,-0.003,-0.04,0.082,0.0,13,6,8,0.089
Smad2,-0.003,-0.073,0.067,0.0,13,6,8,0.033
Cldn34c1,-0.004,-0.147,0.104,0.0006,10,5,5,-0.043
Mocs2,-0.004,-0.112,0.127,0.0,13,6,8,-0.266
Nop56,-0.004,-0.082,0.093,0.0,13,6,8,0.281
Pou2f2,-0.004,-0.163,0.204,0.0,11,5,6,1.684
Ctu2,-0.004,-0.076,0.068,0.0,13,6,8,0.172
Atp6v1f,-0.004,-0.085,0.047,0.0,13,5,8,0.784
Uck1,-0.004,-0.09,0.087,0.0,13,5,8,0.162
Mecr,-0.004,-0.06,0.145,0.0,13,6,8,0.454
Pbdc1,-0.004,-0.075,0.131,0.0,12,6,7,-0.185
Pdss2,-0.004,-0.098,0.089,0.0,13,6,8,0.428
Bex4,-0.004,-0.14,0.019,0.0,13,6,8,1.578
Cln5,-0.004,-0.133,0.127,0.0,13,6,8,-0.331
Arid4b,-0.004,-0.08,0.062,0.0,13,6,8,-0.527
Rpp21,-0.004,-0.096,0.098,0.0,13,6,8,0.399
Arl1,-0.004,-0.054,0.036,0.0,13,6,8,-0.455
Astn2,-0.004,-0.601,0.352,0.0007,11,5,6,0.634
Nudt4,-0.004,-0.122,0.068,0.0,13,6,8,-0.755
Baz2b,-0.004,-0.078,0.046,0.0,13,6,8,-0.313
Hypk,-0.004,-0.125,0.067,0.0,12,5,7,0.663
Tmem80,-0.004,-0.115,0.062,0.0,13,6,8,0.083
Coq3,-0.004,-0.086,0.171,0.0,13,6,8,0.768
Orc4,-0.004,-0.049,0.087,0.0,13,5,8,-0.129
Higd2a,-0.004,-0.048,0.039,0.0,13,6,8,0.306
Tln1,-0.004,-0.029,0.068,0.0,13,6,8,-0.313
Rnf20,-0.004,-0.055,0.003,0.0,13,5,8,0.063
2210406O10Rik,-0.004,-0.291,0.072,0.0,10,5,6,1.789
Ntmt1,-0.004,-0.077,0.135,0.0,12,5,7,0.321
Atg12,-0.004,-0.043,0.046,0.0,13,6,8,0.812
Tcp1,-0.004,-0.033,0.029,0.0,13,6,8,0.622
Cdyl,-0.004,-0.337,0.206,0.0,10,5,5,-1.107
Rpia,-0.004,-0.23,0.116,0.0,12,6,7,-1.117
Vapb,-0.004,-0.022,0.22,0.0,13,6,8,0.524
Usp10,-0.004,-0.058,0.045,0.0,13,6,8,0.25
Fopnl,-0.004,-0.087,0.008,0.0,11,4,6,0.496
Pigv,-0.004,-0.215,0.199,0.0,10,5,6,-1.013
Mat2a,-0.004,-0.06,0.111,0.0,13,6,8,-0.042
Eif1b,-0.004,-0.067,0.017,0.0,13,6,8,0.407
Sag,-0.005,-0.104,0.206,0.0005,11,5,6,0.39
Prr7,-0.005,-0.129,0.046,0.0,11,5,6,1.125
Ifit1,-0.005,-0.263,0.406,0.0184,11,5,8,-1.074
Tysnd1,-0.005,-0.058,0.339,0.0004,13,6,8,0.124
Rbbp4,-0.005,-0.069,0.108,0.0,13,6,8,-0.717
Cdc27,-0.005,-0.046,0.08,0.0,13,6,8,0.451
Siah1a,-0.005,-0.081,0.084,0.0,13,6,8,-0.092
Mlh1,-0.005,-0.07,0.06,0.0,13,6,8,-0.481
Cnot7,-0.005,-0.055,0.087,0.0,13,6,8,0.521
Sft2d1,-0.005,-0.137,0.028,0.0,13,5,8,0.012
Drg2,-0.005,-0.123,0.043,0.0,13,6,8,0.306
Dcaf13,-0.005,-0.064,0.097,0.0,13,6,8,-0.157
Ahsa2,-0.005,-0.107,-0.001,0.0,13,3,8,0.667
Akap9,-0.005,-0.054,0.064,0.0,13,6,8,0.237
Asrgl1,-0.005,-0.096,0.043,0.0,13,6,8,-1.06
Fibcd1,-0.005,-0.157,0.302,0.0016,10,5,5,1.669
Gnb5,-0.005,-0.09,0.112,0.0,11,5,7,1.022
Ccdc71,-0.005,-0.43,0.059,0.0,13,6,8,0.038
Gnai2,-0.005,-0.113,0.063,0.0,13,6,8,-1.139
Cdc34,-0.005,-0.075,0.173,0.0,13,6,8,0.328
Ccl27a,-0.005,-0.057,0.031,0.0,13,6,8,1.498
Pip5k1a,-0.005,-0.135,0.12,0.0,13,6,8,-0.297
Arpc5,-0.005,-0.077,0.083,0.0,13,6,8,0.272
Gabarap,-0.005,-0.109,0.032,0.0,13,6,8,0.177
B230217C12Rik,-0.005,-0.069,0.129,0.0,13,6,8,1.384
Per1,-0.005,-0.226,0.102,0.001,13,6,8,-1.249
Psme1,-0.005,-0.207,0.078,0.0,13,6,8,-0.024
Cnrip1,-0.005,-0.023,0.099,0.0,13,6,8,0.883
Fam173a,-0.005,-0.092,0.077,0.0,12,5,7,-0.033
Cggbp1,-0.005,-0.107,0.094,0.0,13,6,8,0.068
Ugcg,-0.005,-0.119,0.175,0.0,13,6,8,0.434
Fer,-0.005,-0.132,0.057,0.0,11,5,6,-0.426
Fbxw2,-0.005,-0.106,0.048,0.0,13,6,8,0.053
Cactin,-0.005,-0.462,0.117,0.0,12,6,7,-0.726
Ergic3,-0.005,-0.07,0.009,0.0,13,5,8,-0.375
Nr1d1,-0.005,-0.301,0.238,0.0013,12,6,8,-1.548
Ddx1,-0.005,-0.059,0.065,0.0,13,5,8,0.147
Chd1,-0.005,-0.135,0.029,0.0,13,6,8,-1.082
Ahsa1,-0.006,-0.048,0.059,0.0,13,6,8,0.043
Phtf2,-0.006,-0.114,0.19,0.0,13,5,8,0.728
Sntg1,-0.006,-0.349,0.198,0.0008,10,5,7,0.661
Nipsnap1,-0.006,-0.065,0.257,0.0,13,6,8,1.582
Pgap2,-0.006,-0.102,0.068,0.0,12,5,7,-0.699
Pfn2,-0.006,-0.044,0.074,0.0,13,5,8,1.734
mt-Atp8,-0.006,-0.284,0.084,0.0,11,5,6,-0.187
Ebag9,-0.006,-0.056,0.061,0.0,13,6,8,0.018
Snrnp48,-0.006,-0.081,0.076,0.0,13,5,8,-0.306
Rsad1,-0.006,-0.154,0.111,0.0,11,5,6,0.342
Zbtb6,-0.006,-0.71,0.079,0.0,11,5,6,-0.1
Tpr,-0.006,-0.069,0.08,0.0,13,6,8,-0.431
Thnsl1,-0.006,-0.051,0.097,0.0,13,6,8,0.925
Msl3,-0.006,-0.214,0.121,0.0,13,6,8,-0.498
Phox2b,-0.006,-0.036,0.07,0.0,12,5,7,1.631
Pfkfb3,-0.006,-0.326,0.133,0.0,10,5,6,0.372
Ramp1,-0.006,-0.223,0.473,0.0075,11,5,6,0.406
Zfp874a,-0.006,-0.109,0.064,0.0,12,6,7,0.32
Txndc17,-0.006,-0.059,0.018,0.0,13,4,8,0.579
Spire1,-0.006,-0.169,0.089,0.0,13,5,8,-0.221
Dctn3,-0.006,-0.095,0.066,0.0,13,6,8,0.974
Grhpr,-0.006,-0.081,0.15,0.0007,13,6,8,-0.706
Dtd1,-0.006,-0.112,0.096,0.0,13,6,8,1.052
Rdh14,-0.006,-0.056,0.201,0.0,13,6,8,0.154
Saxo2,-0.006,-0.239,0.049,0.0,10,5,5,0.932
Pmm1,-0.006,-0.045,0.085,0.0,13,5,8,0.66
Mcfd2,-0.006,-0.191,0.091,0.0,13,6,8,-1.593
Med30,-0.006,-0.127,0.045,0.0,13,6,8,0.137
Tmem9b,-0.006,-0.031,0.05,0.0,13,6,8,-0.107
Emc6,-0.006,-0.066,0.018,0.0,12,6,7,0.597
Ppp1r1a,-0.006,-0.073,0.121,0.0,13,6,8,1.967
Armc2,-0.006,-0.059,0.148,0.0,11,5,6,1.156
Pou2f1,-0.006,-0.296,0.101,0.0,12,6,7,-0.214
Fam219b,-0.006,-0.179,0.025,0.0,12,6,7,0.607
Zfp329,-0.006,-0.082,0.028,0.0,13,6,8,0.084
Stard4,-0.006,-0.067,0.138,0.0,13,6,8,0.036
Iqgap1,-0.006,-0.122,0.104,0.0,13,6,8,-1.565
Stmn2,-0.006,-0.045,0.081,0.0,13,6,8,2.109
Rnpc3,-0.006,-0.222,0.119,0.0,13,5,8,-0.411
Hagh,-0.006,-0.073,0.047,0.0,13,6,8,0.728
H2afy2,-0.006,-0.055,0.175,0.0,12,5,7,0.361
Armcx5,-0.006,-0.048,0.063,0.0,13,6,8,0.389
Stx5a,-0.006,-0.079,0.096,0.0,13,6,8,-0.804
Ndufs8,-0.006,-0.107,0.081,0.0,13,6,8,0.233
Ttc9c,-0.006,-0.043,0.114,0.0,13,6,8,0.003
Isyna1,-0.006,-0.057,0.085,0.0,13,6,8,-0.347
Sp2,-0.006,-0.194,0.06,0.0,11,5,6,-0.766
Ubqln2,-0.006,-0.119,0.068,0.0,13,5,8,0.795
Rnf2,-0.006,-0.063,0.11,0.0,12,6,7,-0.73
Glrx,-0.006,-0.251,0.03,0.0,13,4,8,0.77
Glis2,-0.006,-0.062,0.046,0.0,13,5,8,-1.416
Dock10,-0.007,-0.359,0.075,0.0003,11,5,7,-1.902
AY036118,-0.007,-0.331,0.062,0.0,10,4,5,-1.589
Fermt2,-0.007,-0.026,0.119,0.0,13,6,8,-1.488
Becn1,-0.007,-0.093,0.102,0.0,13,6,8,0.231
Ist1,-0.007,-0.101,0.068,0.0,12,6,7,0.11
Kdm5b,-0.007,-0.042,0.094,0.0,13,6,8,-0.034
Dedd,-0.007,-0.142,0.024,0.0,13,6,8,0.039
Klhdc3,-0.007,-0.117,0.037,0.0,13,6,8,0.319
Sri,-0.007,-0.157,0.174,0.0,13,6,8,-0.638
Zfp280d,-0.007,-0.224,0.126,0.0,13,6,8,-0.177
Casp7,-0.007,-0.146,0.106,0.0002,10,5,5,-0.667
N6amt1,-0.007,-0.059,0.079,0.0,13,6,8,-0.001
Cct7,-0.007,-0.085,0.048,0.0,13,5,8,0.609
Akap12,-0.007,-0.052,0.025,0.0,13,6,8,-0.141
Atg4a,-0.007,-0.236,0.101,0.0,12,5,7,-0.641
Nudt21,-0.007,-0.038,0.008,0.0,13,5,8,0.092
Ubap1,-0.007,-0.015,0.086,0.0,13,6,8,-0.113
Grb2,-0.007,-0.043,0.029,0.0,13,5,8,0.732
Rp9,-0.007,-0.011,0.057,0.0,13,6,8,0.014
Arpc1a,-0.007,-0.071,0.042,0.0,13,4,8,-0.257
Ppp2r3d,-0.007,-0.068,0.083,0.0,13,5,8,-0.139
Zdhhc21,-0.007,-0.057,0.139,0.0,13,6,8,0.961
Vps26a,-0.007,-0.068,0.019,0.0,13,5,8,-0.12
Pde8a,-0.007,-0.028,0.286,0.0006,11,5,7,-1.016
Gins4,-0.007,-0.158,0.034,0.0,13,6,8,-0.557
Nfkbil1,-0.007,-0.027,0.082,0.0,13,6,8,0.03
Cdc42ep2,-0.007,-0.184,0.136,0.0,13,6,8,-1.258
Chtop,-0.007,-0.102,0.073,0.0,12,6,7,-0.158
Atp5g3,-0.007,-0.12,0.055,0.0,13,5,8,0.871
Cmss1,-0.007,-0.067,0.023,0.0,12,5,7,0.108
Fkbp8,-0.007,-0.03,0.001,0.0,13,4,8,0.314
Ppm1b,-0.007,-0.045,0.04,0.0,13,5,8,0.39
Syt16,-0.007,-0.08,0.255,0.0,12,6,7,1.945
Ccdc51,-0.007,-0.097,0.073,0.0,12,6,7,0.351
Trim35,-0.007,-0.065,0.023,0.0,13,6,8,0.016
Hspd1,-0.007,-0.069,0.086,0.0,13,5,8,0.465
Lrwd1,-0.007,-0.151,0.068,0.0001,13,6,8,-0.357
Srsf4,-0.007,-0.095,0.039,0.0,13,4,8,-0.473
Hand2,-0.007,-0.093,0.071,0.0,10,4,5,1.458
Armc10,-0.007,-0.035,0.089,0.0,13,6,8,-0.247
Pde3a,-0.007,-0.257,0.164,0.0,11,5,6,0.624
Atp1b2,-0.007,-0.22,0.101,0.0005,13,6,8,-1.471
Nub1,-0.007,-0.045,0.048,0.0,13,5,8,0.374
Zfp715,-0.007,-0.497,0.113,0.0,13,6,8,-0.052
Ctdspl,-0.008,-0.057,0.119,0.0,12,5,7,-0.271
Tex264,-0.008,-0.032,0.051,0.0,13,6,8,0.145
Sdhaf3,-0.008,-0.107,0.073,0.0001,11,4,6,0.392
Lypla1,-0.008,-0.062,0.103,0.0,13,6,8,0.067
4930430F08Rik,-0.008,-0.094,0.097,0.0,13,6,8,0.303
Tarbp2,-0.008,-0.079,0.043,0.0,12,6,7,0.018
Mtx2,-0.008,-0.102,0.012,0.0,13,5,8,0.508
Cog3,-0.008,-0.111,0.266,0.0,13,6,8,-0.197
Pef1,-0.008,-0.067,0.083,0.0,13,6,8,0.612
Slc9a9,-0.008,-0.09,0.154,0.0,11,5,7,0.786
Syt14,-0.008,-0.123,0.13,0.0,12,5,7,1.838
Rsbn1,-0.008,-0.066,0.022,0.0,13,6,8,-0.156
Arhgef1,-0.008,-0.083,0.096,0.0,13,5,8,-1.099
Emc4,-0.008,-0.069,0.171,0.0,12,6,7,0.597
Map3k6,-0.008,-0.089,0.239,0.0001,11,5,6,0.222
Gnpda2,-0.008,-0.11,0.107,0.0,13,4,8,-0.108
Timm8b,-0.008,-0.03,0.023,0.0,13,6,8,0.993
B230219D22Rik,-0.008,-0.051,0.011,0.0,13,4,8,0.402
Amn1,-0.008,-0.063,0.069,0.0,13,6,8,0.694
Tmem39b,-0.008,-0.24,0.281,0.0001,12,6,7,-0.139
Eif4e2,-0.008,-0.061,0.032,0.0,13,6,8,-0.097
Sf3a1,-0.008,-0.122,0.16,0.0,13,5,8,-0.636
Fbxo44,-0.008,-0.092,0.172,0.0,13,6,8,1.219
Nop10,-0.008,-0.146,0.034,0.0,13,5,8,0.787
Dstn,-0.008,-0.06,0.09,0.0,13,6,8,0.064
Camk1,-0.008,-0.119,0.021,0.0,13,6,8,-0.056
Uqcrc2,-0.008,-0.082,0.071,0.0,13,5,8,0.308
Camkk1,-0.008,-0.409,0.187,0.0,13,6,8,1.589
Sdhaf2,-0.008,-0.07,0.019,0.0,13,6,8,0.187
Pnkd,-0.008,-0.052,0.063,0.0,13,6,8,0.236
Unc119,-0.008,-0.089,0.081,0.0,13,6,8,0.588
Trpt1,-0.008,-0.097,0.12,0.0,12,6,7,0.457
Prph,-0.008,-0.065,0.045,0.0,12,4,7,2.246
Rpe,-0.008,-0.118,0.018,0.0,13,5,8,-0.952
Sucla2,-0.008,-0.044,0.079,0.0,13,6,8,0.607
Trmt6,-0.008,-0.119,0.004,0.0,13,5,8,0.179
Apbb1,-0.008,-0.019,0.091,0.0,13,6,8,1.371
Yipf4,-0.008,-0.071,0.014,0.0,13,5,8,-0.057
Bace2,-0.008,-0.112,0.457,0.0203,10,5,6,-2.503
Bclaf1,-0.008,-0.046,0.058,0.0,13,6,8,-0.272
Gpbp1,-0.008,-0.037,0.021,0.0,13,6,8,-0.294
Tubb3,-0.008,-0.032,0.057,0.0,13,6,8,2.193
Rnf13,-0.008,-0.122,0.045,0.0,13,6,8,-0.715
Cklf,-0.008,-0.037,0.129,0.0,12,6,8,-0.762
Snx15,-0.008,-0.106,0.035,0.0,13,5,8,0.612
Grwd1,-0.008,-0.238,0.039,0.0,13,5,8,0.391
Crebzf,-0.008,-0.196,0.131,0.0,13,6,8,0.059
Zfp605,-0.008,-0.109,0.106,0.0,12,5,7,0.535
Chkb,-0.008,-0.11,0.076,0.0,12,6,7,-0.23
Gsto1,-0.008,-0.154,0.28,0.0,13,6,8,0.27
Hspa8,-0.009,-0.085,0.033,0.0,13,4,8,0.754
Plp2,-0.009,-0.071,0.016,0.0,12,4,7,-0.327
Ermard,-0.009,-0.482,0.203,0.0,11,5,6,-0.244
Tfam,-0.009,-0.151,0.02,0.0,13,5,8,-0.362
1110046J04Rik,-0.009,-0.179,0.037,0.0,13,5,8,0.911
Uqcc3,-0.009,-0.122,0.084,0.0,11,5,6,0.365
Mbnl2,-0.009,-0.015,0.035,0.0,13,5,8,-0.169
Thoc2,-0.009,-0.058,0.125,0.0,13,6,8,-0.808
Ttf1,-0.009,-0.302,0.185,0.0,12,6,7,-1.273
Isg20l2,-0.009,-0.213,0.083,0.0,12,5,7,-1.013
Bcl2,-0.009,-0.083,0.174,0.0003,13,6,8,-0.281
Git2,-0.009,-0.265,0.113,0.0,13,6,8,-0.291
Rnf41,-0.009,-0.1,0.074,0.0,13,6,8,0.68
Chac2,-0.009,-0.179,0.141,0.0,12,6,7,0.465
Mlx,-0.009,-0.064,0.058,0.0,13,5,8,0.302
Jmjd8,-0.009,-0.087,0.118,0.0,13,6,8,-0.89
Sf3a2,-0.009,-0.343,0.073,0.0,13,6,8,-0.169
Sirt3,-0.009,-0.065,0.071,0.0,13,6,8,0.52
Frmd3,-0.009,-0.032,0.078,0.0,13,6,8,0.704
Aifm1,-0.009,-0.139,0.046,0.0,13,6,8,0.334
Calm1,-0.009,-0.034,0.036,0.0,13,6,8,1.08
Cacybp,-0.009,-0.083,0.1,0.0,13,6,8,0.563
Mea1,-0.009,-0.106,0.117,0.0,13,6,8,0.858
Cbx4,-0.009,-0.071,0.121,0.0,13,6,8,0.167
Pacrg,-0.009,-0.112,0.143,0.0,12,5,7,0.326
Stat3,-0.009,-0.057,0.04,0.0,13,5,8,-0.196
Dctn5,-0.009,-0.061,0.065,0.0,13,6,8,0.599
Dyrk1b,-0.009,-0.633,0.154,0.0,13,6,8,0.15
Mrps5,-0.009,-0.102,0.095,0.0,13,5,8,0.105
Fam3a,-0.009,-0.14,0.127,0.0,13,6,8,-0.843
Pigx,-0.009,-0.061,0.047,0.0,13,5,8,-0.265
Tcaim,-0.009,-0.291,0.109,0.0,12,6,7,-0.086
Amt,-0.009,-0.282,0.119,0.0,10,5,6,-0.014
Txndc15,-0.009,-0.095,0.015,0.0,13,5,8,0.046
Ube2j2,-0.009,-0.045,0.06,0.0,13,5,8,0.208
Ube2l6,-0.009,-0.099,0.03,0.0,13,6,8,-0.353
Zbtb10,-0.009,-0.042,0.13,0.0,13,5,8,0.019
Emc9,-0.009,-0.043,0.206,0.0,12,6,7,1.334
Rexo2,-0.009,-0.086,0.129,0.0,13,6,8,0.612
Tbpl1,-0.009,-0.157,0.123,0.0,13,6,8,0.935
Dhx34,-0.009,-0.513,0.25,0.0,10,5,5,-0.471
Cdk9,-0.009,-0.186,0.066,0.0,13,5,8,-0.179
Ppp4r1,-0.009,-0.199,0.101,0.0,13,6,8,-0.503
Ppp6c,-0.009,-0.054,0.017,0.0,13,6,8,-0.022
Stau1,-0.009,-0.083,0.04,0.0,13,6,8,0.05
Ppp4r2,-0.009,-0.152,0.034,0.0,13,6,8,-0.496
Ate1,-0.009,-0.056,0.133,0.0004,13,6,8,0.436
Tmem255b,-0.009,-0.148,0.306,0.0006,10,5,5,0.919
Lysmd2,-0.009,-0.057,0.009,0.0,13,5,8,-0.883
Aspscr1,-0.009,-0.037,0.116,0.0,13,6,8,0.167
Mrpl42,-0.009,-0.12,0.037,0.0,13,5,8,0.221
Ranbp9,-0.009,-0.072,0.1,0.0,13,6,8,0.001
Map7d1,-0.009,-0.051,0.122,0.0,12,5,7,0.195
Myl1,-0.009,-0.266,0.246,0.0012,10,5,5,1.715
Gnl2,-0.01,-0.134,0.012,0.0,13,5,8,0.022
Ahnak,-0.01,-0.209,0.074,0.0,12,5,7,-2.934
Rnf167,-0.01,-0.055,0.103,0.0,13,6,8,-0.487
Xpo1,-0.01,-0.063,0.128,0.0,13,6,8,0.022
Mrpl43,-0.01,-0.176,0.05,0.0,13,5,8,0.342
Ap2s1,-0.01,-0.044,0.085,0.0,13,5,8,0.552
Nudt5,-0.01,-0.087,0.084,0.0,13,6,8,-0.022
Suclg2,-0.01,-0.212,0.104,0.0003,10,4,5,-2.184
Zfp462,-0.01,-0.22,0.083,0.0,12,5,7,-0.313
Wsb1,-0.01,-0.109,0.114,0.0,13,5,8,-0.43
Fgfr1,-0.01,-0.322,0.158,0.0,13,6,8,-1.373
Lyplal1,-0.01,-0.14,0.127,0.0,12,6,7,0.323
Babam1,-0.01,-0.068,0.102,0.0,12,4,7,0.342
Tubb5,-0.01,-0.037,0.017,0.0,13,5,8,1.525
Mob4,-0.01,-0.072,0.066,0.0,13,5,8,0.191
Hars,-0.01,-0.054,0.025,0.0,13,6,8,0.876
Per3,-0.01,-0.126,0.217,0.0,12,6,7,-2.016
Cela1,-0.01,-0.166,0.227,0.0003,13,6,8,0.481
Prpf38b,-0.01,-0.147,0.11,0.0,13,6,8,-0.89
Ugp2,-0.01,-0.096,0.063,0.0,13,6,8,-0.05
Sh3pxd2a,-0.01,-0.252,0.141,0.0,12,6,7,-1.933
Cradd,-0.01,-0.188,0.088,0.0,12,6,7,-0.244
Yod1,-0.01,-0.081,0.093,0.0,13,6,8,-0.01
Ube2m,-0.01,-0.096,0.028,0.0,13,6,8,1.069
Ube2n,-0.01,-0.044,0.033,0.0,13,5,8,0.308
Pwp1,-0.01,-0.063,0.055,0.0,13,5,8,-0.06
Ankrd12,-0.01,-0.045,0.062,0.0,13,5,8,0.036
Ephx4,-0.01,-0.157,0.353,0.0015,11,5,7,1.099
Enpp2,-0.01,-0.384,0.476,0.0543,11,5,6,-0.869
Rbm45,-0.01,-0.066,0.158,0.0,12,5,7,-0.496
Stip1,-0.01,-0.143,0.05,0.0,13,6,8,0.264
Trim45,-0.01,-0.263,0.137,0.0,10,5,6,0.26
Aip,-0.01,-0.081,0.044,0.0,13,6,8,0.463
Gpr155,-0.01,-0.128,0.221,0.0,13,6,8,0.208
Ncor1,-0.01,-0.031,0.004,0.0,13,4,8,-0.301
Qtrt1,-0.01,-0.056,0.129,0.0,13,6,8,-0.014
1810030O07Rik,-0.01,-0.087,0.048,0.0,13,6,8,-0.665
Snrnp25,-0.01,-0.16,0.007,0.0,13,6,8,0.591
Bex1,-0.01,-0.226,0.098,0.0,13,6,8,1.881
Med16,-0.01,-0.138,0.142,0.0,13,6,8,-0.047
Sdf4,-0.01,-0.04,0.039,0.0,13,5,8,-0.452
Smim19,-0.01,-0.073,0.108,0.0,11,5,6,0.151
Senp8,-0.01,-0.182,0.05,0.0,12,5,7,0.899
Cadm1,-0.01,-0.049,0.108,0.0,13,6,8,0.743
Slc17a5,-0.01,-0.102,0.127,0.0,13,6,8,-0.162
Chmp2b,-0.01,-0.067,0.235,0.0,13,6,8,0.128
Prr15,-0.01,-0.257,0.384,0.0133,10,4,6,0.731
Fhit,-0.01,-0.164,0.082,0.0,10,5,6,0.68
Shc1,-0.01,-0.143,0.116,0.0,13,6,8,0.401
Acat1,-0.01,-0.075,0.034,0.0,13,5,8,0.25
Ankrd24,-0.01,-0.087,0.12,0.0,13,6,8,0.564
Rit1,-0.01,-0.037,0.062,0.0,13,6,8,0.041
Kif13b,-0.01,-0.316,0.049,0.0,12,6,8,-0.081
Sars,-0.01,-0.031,0.039,0.0,13,5,8,0.703
Rint1,-0.01,-0.07,0.143,0.0,13,6,8,-0.242
Oxsm,-0.01,-0.127,0.079,0.0015,10,5,6,-0.139
Mknk2,-0.01,-0.165,0.119,0.0,12,6,7,-0.655
N4bp2,-0.01,-0.121,0.147,0.0,11,5,6,-0.283
Flcn,-0.01,-0.16,0.155,0.0,13,6,8,-0.973
Spop,-0.01,-0.087,0.013,0.0,13,6,8,0.091
Ddx25,-0.011,-0.125,0.046,0.0,13,5,8,2.041
Eogt,-0.011,-0.222,0.14,0.0,11,5,7,-1.018
Mier1,-0.011,-0.068,0.056,0.0,13,6,8,-1.151
Rgs2,-0.011,-0.122,0.095,0.0,12,6,8,-1.054
Coro1b,-0.011,-0.165,0.102,0.0025,11,5,7,-1.092
Osgepl1,-0.011,-0.111,0.007,0.0,13,4,8,0.033
Timm44,-0.011,-0.063,0.034,0.0,13,6,8,-0.116
R3hdm4,-0.011,-0.055,0.065,0.0,12,5,7,0.003
Nudt7,-0.011,-0.203,0.1,0.0,12,5,7,-1.428
Papola,-0.011,-0.066,0.043,0.0,13,6,8,-0.587
Usp50,-0.011,-0.14,0.051,0.0,11,5,6,0.773
Sfpq,-0.011,-0.044,0.053,0.0,13,6,8,-0.387
Tmed9,-0.011,-0.052,0.075,0.0,13,6,8,-0.884
Hnrnpa0,-0.011,-0.123,0.056,0.0,13,6,8,-0.388
Irf2bp1,-0.011,-0.243,0.027,0.0,13,6,8,-0.065
Cldnd1,-0.011,-0.08,0.066,0.0,12,6,7,-0.593
Gigyf1,-0.011,-0.173,0.202,0.0,12,6,7,-0.305
Ptprt,-0.011,-0.156,0.272,0.0015,13,6,8,0.654
Lmbr1l,-0.011,-0.069,0.125,0.0,11,5,6,-0.624
Yipf1,-0.011,-0.054,0.143,0.0,13,6,8,0.034
Tsc2,-0.011,-0.105,0.056,0.0,13,6,8,0.243
Dennd5b,-0.011,-0.105,0.094,0.0,13,6,8,0.579
Mxi1,-0.011,-0.169,0.075,0.0,13,6,8,-1.236
Gfod2,-0.011,-0.052,0.042,0.0,13,6,8,0.93
Synrg,-0.011,-0.08,0.041,0.0,13,6,8,0.869
Tox2,-0.011,-0.093,0.2,0.001,12,6,7,1.044
Srek1ip1,-0.011,-0.176,0.081,0.0,13,5,8,-0.623
Pmpcb,-0.011,-0.132,0.023,0.0,13,6,8,-0.189
Sdc2,-0.011,-0.192,0.147,0.0,13,6,8,-1.451
Cwf19l2,-0.011,-0.139,0.149,0.0,13,6,8,-0.465
Celf5,-0.011,-0.129,0.089,0.0,12,5,7,1.566
Bod1,-0.011,-0.14,0.04,0.0,13,6,8,0.417
Aarsd1,-0.011,-0.135,0.13,0.0,11,4,7,0.439
Pex14,-0.011,-0.045,0.172,0.0,13,6,8,0.061
Slc25a4,-0.011,-0.04,0.056,0.0,13,6,8,1.132
2310009B15Rik,-0.011,-0.106,0.046,0.0,13,6,8,-0.053
Arl14ep,-0.011,-0.19,0.07,0.0,11,5,6,-0.628
Lin7b,-0.011,-0.096,0.186,0.0,13,5,8,1.571
Atg16l1,-0.011,-0.096,0.158,0.0,13,5,8,0.197
Auh,-0.011,-0.08,0.078,0.0,13,5,8,0.53
Gpatch2,-0.011,-0.294,0.111,0.0,13,6,8,-0.511
AI480526,-0.011,-0.159,0.172,0.0,11,5,6,0.28
Zfp60,-0.011,-0.103,0.075,0.0,13,5,8,-1.446
Fam32a,-0.011,-0.098,0.013,0.0,13,6,8,0.137
Atp5d,-0.012,-0.087,0.031,0.0,13,6,8,0.261
Lsm14a,-0.012,-0.119,0.057,0.0,13,5,8,-1.375
B230369F24Rik,-0.012,-0.18,0.153,0.0,10,5,6,0.539
Phospho2,-0.012,-0.156,0.131,0.0043,13,6,8,0.32
Tmem185b,-0.012,-0.185,0.212,0.0,12,6,7,-0.41
H2afy,-0.012,-0.096,0.048,0.0,12,5,7,0.447
Ppp2cb,-0.012,-0.183,0.081,0.0,13,6,8,0.227
Kbtbd4,-0.012,-0.17,0.092,0.0,12,6,7,0.159
Sgsm3,-0.012,-0.078,0.022,0.0,13,5,8,0.692
Bloc1s6,-0.012,-0.079,0.087,0.0,12,4,7,0.767
Rnf130,-0.012,-0.299,0.184,0.0,13,6,8,-1.492
Cltb,-0.012,-0.046,0.049,0.0,13,4,8,0.499
4933431E20Rik,-0.012,-0.084,0.114,0.0,13,5,8,0.307
Bach2,-0.012,-0.654,0.095,0.0,12,6,7,-1.042
Wdr92,-0.012,-0.356,0.181,0.0,12,6,7,-0.055
Stag2,-0.012,-0.056,0.077,0.0,13,5,8,-0.963
Nabp1,-0.012,-0.409,0.188,0.0,10,4,6,-1.077
Morf4l1,-0.012,-0.075,0.041,0.0,13,4,8,0.162
Gigyf2,-0.012,-0.128,0.097,0.0,13,6,8,-0.257
B3glct,-0.012,-0.455,0.217,0.0,11,4,6,-0.193
Smdt1,-0.012,-0.131,0.043,0.0,11,5,6,0.644
Arf2,-0.012,-0.093,0.035,0.0,13,6,8,-0.129
Stx4a,-0.012,-0.098,0.124,0.0,13,6,8,-0.522
Glce,-0.012,-0.074,0.14,0.0001,13,6,8,-0.117
Tmem101,-0.012,-0.158,0.122,0.0,13,6,8,-0.215
Mfap1a,-0.012,-0.122,0.043,0.0,13,6,8,-0.185
Akap10,-0.012,-0.35,0.152,0.0,13,6,8,-0.275
Tmsb15b2,-0.012,-0.13,0.06,0.0,10,4,5,1.194
Carm1,-0.012,-0.083,0.135,0.0,12,5,7,0.01
Plxnb1,-0.012,-0.125,0.234,0.003,11,4,6,-0.414
Mdp1,-0.012,-0.096,-0.003,0.0,13,3,8,0.119
P4ha2,-0.012,-0.109,0.219,0.0,13,6,8,0.432
Cdc123,-0.012,-0.087,0.033,0.0,13,6,8,0.189
Acad8,-0.012,-0.07,0.045,0.0,13,6,8,-0.133
Znrd1,-0.012,-0.109,0.114,0.0,12,5,7,-0.648
Rdh13,-0.012,-0.075,0.114,0.0,13,6,8,0.443
Tada3,-0.012,-0.065,0.018,0.0,13,5,8,0.076
Psmd11,-0.012,-0.097,0.018,0.0,13,5,8,0.07
Flywch2,-0.012,-0.105,0.002,0.0,13,5,8,1.45
Pgp,-0.012,-0.051,0.041,0.0,13,5,8,-0.035
Pold2,-0.012,-0.038,0.063,0.0,13,5,8,-0.842
Podxl2,-0.012,-0.05,0.105,0.0,12,5,7,0.773
Eif2b4,-0.012,-0.062,0.058,0.0,13,6,8,0.219
Setdb1,-0.012,-0.096,0.178,0.0,13,5,8,0.017
Pak1ip1,-0.012,-0.125,0.053,0.0,13,6,8,0.163
Stmn3,-0.013,-0.046,0.118,0.0,13,6,8,2.054
Pnpla2,-0.013,-0.175,0.102,0.0,13,6,8,-0.293
Plpp5,-0.013,-0.031,0.107,0.0,11,4,6,-0.01
Hdac10,-0.013,-0.359,0.125,0.0,13,5,8,0.273
Urb2,-0.013,-0.578,0.353,0.0057,11,5,7,0.518
Pepd,-0.013,-0.161,0.12,0.0,13,6,8,-0.119
Opa3,-0.013,-0.071,0.1,0.0,13,6,8,0.213
Snapc2,-0.013,-0.168,0.036,0.0,12,5,7,-0.213
Slc39a7,-0.013,-0.148,0.116,0.0,12,5,7,-0.716
Haus4,-0.013,-0.155,0.045,0.0,12,6,7,-0.264
March5,-0.013,-0.075,0.011,0.0,11,5,6,0.288
Soga3,-0.013,-0.085,0.066,0.0,12,5,7,1.632
Coq2,-0.013,-0.065,0.102,0.0,13,6,8,0.659
Lamc1,-0.013,-0.133,0.16,0.0,13,6,8,-3.002
Zfp1,-0.013,-0.075,0.264,0.0,13,6,8,-0.5
Slc25a3,-0.013,-0.056,0.047,0.0,13,5,8,0.57
Pex13,-0.013,-0.103,0.101,0.0,13,6,8,-0.232
Fbxl5,-0.013,-0.057,0.077,0.0,13,6,8,0.28
Copz1,-0.013,-0.137,0.019,0.0,13,6,8,0.011
1700037H04Rik,-0.013,-0.122,0.071,0.0,13,6,8,1.613
Smc3,-0.013,-0.119,-0.0,0.0,13,3,8,-0.51
Cox20,-0.013,-0.134,0.036,0.0,12,4,7,-0.101
Cetn4,-0.013,-0.107,0.058,0.0,13,6,8,-0.129
Slc10a3,-0.013,-0.325,0.327,0.0009,10,5,6,-1.166
Hnrnpul2,-0.013,-0.103,0.087,0.0,13,6,8,-0.05
Zmiz1,-0.013,-0.054,0.094,0.0,13,6,8,0.067
Tmem59,-0.013,-0.043,0.101,0.0,13,6,8,-0.521
Vcl,-0.013,-0.078,0.071,0.0,13,5,8,-2.315
Fstl3,-0.013,-0.332,0.151,0.0,12,5,7,-0.406
Zfp68,-0.013,-0.133,0.046,0.0,13,5,8,-0.209
Ppm1d,-0.013,-0.178,0.146,0.0,13,5,8,-0.863
Zfp444,-0.013,-0.069,0.056,0.0,13,6,8,0.673
Swsap1,-0.013,-0.099,0.119,0.0,11,5,6,0.637
Snx21,-0.013,-0.028,0.088,0.0,13,6,8,1.061
Pih1d1,-0.013,-0.08,0.122,0.0,13,6,8,0.058
Oaz1,-0.013,-0.081,0.039,0.0,12,6,7,-0.247
Cct8,-0.013,-0.076,0.042,0.0,13,5,8,0.433
Dusp16,-0.013,-0.168,0.028,0.0,13,5,8,-0.279
Dock7,-0.013,-0.147,0.061,0.0,13,6,8,-0.384
Qsox1,-0.013,-0.123,0.241,0.0128,13,6,8,-0.999
Bcat1,-0.013,-0.165,0.12,0.0,12,5,8,1.644
Ccdc107,-0.013,-0.081,0.155,0.0,13,6,8,-0.076
Spag7,-0.013,-0.112,0.053,0.0,13,5,8,0.294
Pcbp2,-0.013,-0.053,0.027,0.0,13,6,8,-0.339
Fam129b,-0.013,-0.113,0.241,0.0,11,5,6,-0.546
Egln2,-0.013,-0.026,0.031,0.0,13,6,8,0.614
Mpi,-0.013,-0.054,0.083,0.0,13,5,8,0.697
Hint2,-0.013,-0.139,0.044,0.0,13,5,8,0.15
Ints9,-0.013,-0.266,0.078,0.0,13,6,8,-0.243
Tmed4,-0.013,-0.043,0.074,0.0,13,6,8,-0.468
Swi5,-0.013,-0.089,0.001,0.0,13,4,8,0.435
Scn1b,-0.013,-0.051,0.067,0.0,13,6,8,0.602
Klhl18,-0.014,-0.327,0.118,0.0,12,5,7,0.223
Ndn,-0.014,-0.072,0.06,0.0,13,6,8,1.26
Phax,-0.014,-0.052,0.02,0.0,13,5,8,0.329
Pcid2,-0.014,-0.098,0.16,0.0,13,6,8,0.22
Lamtor2,-0.014,-0.07,0.061,0.0,13,5,8,0.03
Dnajc8,-0.014,-0.093,0.023,0.0,13,5,8,-0.053
Ctu1,-0.014,-0.291,0.093,0.0,10,5,5,0.341
Pum2,-0.014,-0.08,0.094,0.0,13,5,8,-0.197
Tle1,-0.014,-0.086,0.119,0.0,13,6,8,-0.564
Snx3,-0.014,-0.092,0.023,0.0,13,5,8,-0.341
Ndufb2,-0.014,-0.127,0.019,0.0,13,6,8,0.956
Reps1,-0.014,-0.026,0.078,0.0,13,5,8,0.376
Map3k11,-0.014,-0.204,0.229,0.0,11,5,6,-1.417
Cdk5,-0.014,-0.032,-0.006,0.0,13,2,8,0.761
Rala,-0.014,-0.083,0.096,0.0,13,6,8,0.57
Orc2,-0.014,-0.065,0.069,0.0,13,6,8,-0.09
1810058I24Rik,-0.014,-0.115,0.103,0.0,13,5,8,0.183
Rab5c,-0.014,-0.074,0.002,0.0,13,4,8,-0.24
Hspbp1,-0.014,-0.104,-0.005,0.0,13,3,8,0.905
Rsrc1,-0.014,-0.126,0.056,0.0,13,6,8,0.134
Naa60,-0.014,-0.146,0.188,0.0,12,5,7,0.252
Zcwpw1,-0.014,-0.211,0.216,0.0033,10,4,6,-1.695
Bysl,-0.014,-0.141,0.062,0.0,13,6,8,0.486
Bckdhb,-0.014,-0.139,0.15,0.0,13,6,8,-0.949
Sirt6,-0.014,-0.068,0.134,0.0,13,6,8,0.214
Sco2,-0.014,-0.111,0.086,0.0015,12,5,7,0.769
Ccdc120,-0.014,-0.16,0.338,0.0024,10,5,5,1.335
Cbx7,-0.014,-0.155,0.281,0.0002,13,6,8,-0.132
Wbp4,-0.014,-0.064,0.099,0.0,13,6,8,0.503
Ift46,-0.014,-0.106,0.008,0.0,13,4,8,0.393
Cfl2,-0.014,-0.069,0.036,0.0,13,6,8,0.788
Fuca1,-0.014,-0.114,0.043,0.0,13,5,8,-0.761
Anapc11,-0.014,-0.075,0.037,0.0,13,6,8,0.315
Mtfmt,-0.014,-0.123,0.181,0.0,12,6,7,0.002
Hmgb3,-0.014,-0.095,0.104,0.0,13,6,8,0.439
Szrd1,-0.014,-0.207,0.133,0.0,12,5,7,-1.589
Mphosph8,-0.014,-0.078,0.068,0.0,13,6,8,0.572
Akr1b3,-0.014,-0.08,0.089,0.0,12,4,7,0.66
Pnn,-0.014,-0.09,0.098,0.0,13,6,8,-0.806
Plekha1,-0.014,-0.086,0.132,0.0,13,5,8,0.235
Spata6,-0.014,-0.312,0.061,0.0,13,6,8,-1.828
Gap43,-0.014,-0.068,0.021,0.0,13,6,8,2.113
Cwf19l1,-0.014,-0.184,0.205,0.0,11,5,6,0.239
Zfp317,-0.014,-0.276,0.192,0.0,13,6,8,-0.193
Ndufv1,-0.014,-0.061,0.019,0.0,13,5,8,0.354
Gpatch11,-0.014,-0.084,0.075,0.0,12,4,7,0.417
Dgcr6,-0.014,-0.082,0.013,0.0,13,4,8,0.43
Arrdc4,-0.014,-0.177,0.115,0.0,12,5,7,-0.758
Col16a1,-0.014,-0.94,0.307,0.0077,10,5,6,-4.047
Cdh8,-0.015,-0.184,0.085,0.0034,11,5,7,1.491
Lzts2,-0.015,-0.109,0.15,0.0,12,5,7,-1.005
Akirin1,-0.015,-0.042,0.054,0.0,13,6,8,0.369
Uqcr10,-0.015,-0.147,0.026,0.0,13,4,8,0.424
Tsc22d1,-0.015,-0.131,0.021,0.0,13,5,8,0.1
Rdx,-0.015,-0.082,0.043,0.0,13,5,8,-0.695
Ogfod3,-0.015,-0.089,0.174,0.0,12,5,7,0.168
Cstf3,-0.015,-0.112,0.045,0.0,13,5,8,0.22
Gpkow,-0.015,-0.086,0.188,0.0,13,6,8,-0.279
Capzb,-0.015,-0.043,0.038,0.0,13,5,8,0.087
Pomp,-0.015,-0.073,0.033,0.0,13,6,8,0.242
Fabp5,-0.015,-0.055,0.059,0.0,13,6,8,1.112
Sart1,-0.015,-0.107,0.02,0.0,13,5,8,-0.228
Chmp1a,-0.015,-0.096,0.004,0.0,13,4,8,0.207
Nap1l4,-0.015,-0.097,0.092,0.0,13,6,8,0.043
Samd1,-0.015,-0.072,0.043,0.0,13,4,8,0.312
Fjx1,-0.015,-0.202,0.191,0.0002,11,5,7,-1.409
Dph6,-0.015,-0.152,0.323,0.001,11,4,6,0.328
Itpkc,-0.015,-0.452,0.178,0.0009,11,5,7,-0.438
Zfp617,-0.015,-0.112,0.006,0.0,13,5,8,0.209
Fam192a,-0.015,-0.123,0.046,0.0,12,5,7,-0.028
Ints5,-0.015,-0.21,0.178,0.0,12,6,7,-0.242
Ddx23,-0.015,-0.116,0.131,0.0,11,3,6,-0.38
Laptm4a,-0.015,-0.048,0.084,0.0,13,6,8,-1.575
Zfp950,-0.015,-0.079,0.121,0.0,11,5,6,-0.123
Hint1,-0.015,-0.072,0.028,0.0,13,6,8,0.915
Lrrfip2,-0.015,-0.073,0.064,0.0,13,5,8,0.259
Mpnd,-0.015,-0.085,0.03,0.0,13,6,8,0.635
Rpp14,-0.015,-0.111,0.181,0.0,13,6,8,0.202
Ublcp1,-0.015,-0.069,0.036,0.0,13,6,8,0.25
Rock2,-0.015,-0.126,0.101,0.0,13,6,8,-1.136
Pfkl,-0.015,-0.062,0.106,0.0,13,6,8,0.347
Tmem147,-0.015,-0.077,0.104,0.0,13,6,8,0.521
Ndel1,-0.015,-0.028,0.066,0.0,13,6,8,0.053
Pwp2,-0.015,-0.261,0.051,0.0,13,6,8,0.266
Ssr2,-0.015,-0.088,0.168,0.0,13,6,8,-0.681
Nktr,-0.015,-0.14,0.042,0.0,13,5,8,-0.466
Tmed1,-0.015,-0.054,0.109,0.0,13,6,8,-1.427
Ap1ar,-0.015,-0.063,0.059,0.0,13,6,8,0.594
Lrrc42,-0.016,-0.143,0.007,0.0,13,4,8,0.108
Sec22b,-0.016,-0.058,0.015,0.0,13,4,8,-0.835
Bmi1,-0.016,-0.241,0.006,0.0,13,4,8,-0.369
Pnisr,-0.016,-0.13,0.057,0.0,11,3,6,-0.835
Elp5,-0.016,-0.068,0.129,0.0,12,5,7,0.791
Wdyhv1,-0.016,-0.096,0.044,0.0,13,6,8,-0.47
Tbx3,-0.016,-0.226,0.375,0.0004,13,6,8,1.079
Hcfc1r1,-0.016,-0.091,0.018,0.0,13,6,8,0.894
Prpf38a,-0.016,-0.106,0.043,0.0,13,5,8,0.061
Gtf2e2,-0.016,-0.111,0.035,0.0,13,6,8,-0.103
Zfp553,-0.016,-0.128,0.059,0.0,12,4,7,-0.037
Cnih1,-0.016,-0.069,0.024,0.0,11,4,6,0.381
Phf2,-0.016,-0.15,0.165,0.0,12,5,7,-0.916
Klf10,-0.016,-0.299,0.046,0.0,12,5,7,-1.892
Edf1,-0.016,-0.088,0.071,0.0,13,6,8,0.313
Tank,-0.016,-0.154,0.061,0.0,13,5,8,-0.607
Ccdc174,-0.016,-0.123,0.065,0.0,12,5,7,-0.192
Mmp2,-0.016,-0.198,0.178,0.0,11,5,6,-1.769
Med4,-0.016,-0.057,0.036,0.0,13,4,8,-0.392
2700097O09Rik,-0.016,-0.17,0.084,0.0,13,5,8,-0.54
Gm1673,-0.016,-0.067,-0.009,0.0,13,3,8,1.395
Fcf1,-0.016,-0.142,0.113,0.0,13,6,8,-0.07
Herc4,-0.016,-0.175,0.177,0.0,13,6,8,-0.512
Mrpl16,-0.016,-0.156,0.0,0.0,13,4,8,0.663
Glipr2,-0.016,-0.126,0.288,0.0,12,5,7,0.387
Zfp943,-0.016,-0.206,0.068,0.0,12,5,7,-0.051
Mpv17,-0.016,-0.048,0.138,0.0,13,6,8,-0.242
Trpm3,-0.016,-0.233,0.493,0.0403,11,5,6,-2.62
5730480H06Rik,-0.016,-0.067,0.438,0.0308,10,4,6,0.316
Tmco6,-0.016,-0.17,0.228,0.0,12,6,7,-0.205
Hadh,-0.016,-0.16,0.059,0.0,13,5,8,-1.116
Ubald1,-0.016,-0.109,0.125,0.0,12,4,7,0.569
Acot7,-0.016,-0.054,0.114,0.0,13,6,8,2.002
Zc3h18,-0.016,-0.108,0.001,0.0,13,4,8,-0.635
Arv1,-0.016,-0.332,0.177,0.0,13,6,8,0.531
Gnptg,-0.016,-0.119,0.059,0.0,13,6,8,0.016
Gpx4,-0.016,-0.211,0.036,0.0,13,6,8,0.21
Ppa1,-0.016,-0.1,0.058,0.0,13,5,8,1.006
Eif3k,-0.016,-0.075,0.014,0.0,13,4,8,0.2
Dohh,-0.016,-0.053,0.167,0.0,13,6,8,0.572
Mrps14,-0.016,-0.242,0.021,0.0,13,6,8,-0.218
Trappc1,-0.016,-0.154,0.076,0.0,13,5,8,0.736
Ndufaf4,-0.016,-0.154,0.059,0.0,13,6,8,0.548
Echdc1,-0.016,-0.073,0.19,0.0,12,5,7,0.296
Npc2,-0.016,-0.039,0.026,0.0,13,6,8,-0.176
Tspyl3,-0.016,-0.229,0.056,0.0,12,6,7,1.416
Zfp316,-0.016,-0.395,0.175,0.0,12,6,7,0.227
Brd9,-0.016,-0.123,0.047,0.0,13,4,8,-0.038
Zfp385a,-0.017,-0.102,0.454,0.0341,13,6,8,-0.763
Dok5,-0.017,-0.125,0.238,0.0,12,4,8,1.629
Nicn1,-0.017,-0.069,0.026,0.0,13,6,8,1.391
Sh3glb2,-0.017,-0.063,0.006,0.0,13,4,8,0.459
Tapbpl,-0.017,-0.136,0.051,0.0,13,5,8,0.337
Abhd5,-0.017,-0.069,0.077,0.0,13,6,8,0.059
Dcbld2,-0.017,-0.245,0.214,0.0,13,6,8,-0.055
Polr3h,-0.017,-0.085,0.077,0.0,13,5,8,-0.645
Srr,-0.017,-0.092,0.062,0.0,13,5,8,0.091
2610044O15Rik8,-0.017,-0.079,0.119,0.0,11,5,6,-0.445
Ift20,-0.017,-0.082,-0.0,0.0,13,3,8,-0.121
Pphln1,-0.017,-0.123,0.186,0.0,13,6,8,0.356
Nrbp1,-0.017,-0.051,0.063,0.0,13,6,8,0.114
Tusc2,-0.017,-0.087,0.115,0.0,13,6,8,0.83
Cst3,-0.017,-0.12,0.009,0.0,13,4,8,-1.591
Tnfsf12,-0.017,-0.102,0.059,0.0,13,6,8,-0.926
Pmm2,-0.017,-0.496,0.144,0.0,13,5,8,-0.53
Chchd5,-0.017,-0.186,0.075,0.0,13,5,8,-0.098
Hdac1,-0.017,-0.165,0.016,0.0,13,5,8,-1.452
Gemin7,-0.017,-0.078,0.064,0.0,13,6,8,0.497
Clk2,-0.017,-0.077,0.1,0.0,13,6,8,-0.967
Snap23,-0.017,-0.291,0.129,0.0,12,5,8,-3.318
Tkfc,-0.017,-0.078,0.126,0.0,10,4,5,0.609
Nipal2,-0.017,-0.149,0.063,0.0001,11,3,7,1.139
Ptges3,-0.017,-0.107,0.004,0.0,13,5,8,0.462
Stk40,-0.017,-0.083,0.135,0.0,13,6,8,-0.421
Wtap,-0.017,-0.048,0.027,0.0,13,4,8,0.262
Snrpn,-0.017,-0.044,0.105,0.0,12,4,7,2.066
Idh3a,-0.017,-0.03,0.063,0.0,13,6,8,0.663
Nxf1,-0.017,-0.145,0.085,0.0,13,6,8,-0.514
Pnp,-0.017,-0.281,0.127,0.0,13,5,8,-0.306
Letm2,-0.017,-0.143,0.021,0.0,13,4,8,0.49
Pdlim7,-0.017,-0.122,0.056,0.0,13,6,8,0.274
Borcs8,-0.017,-0.11,0.244,0.0,11,3,6,0.257
Nenf,-0.017,-0.078,0.013,0.0,13,4,8,0.319
Tor1aip1,-0.017,-0.208,0.027,0.0,13,5,8,-1.638
Ndufs1,-0.017,-0.097,0.127,0.0,13,5,8,0.345
Taf13,-0.017,-0.111,0.064,0.0,13,5,8,-0.372
Nsg1,-0.017,-0.047,0.216,0.0,13,6,8,1.94
Tmem106c,-0.017,-0.081,0.077,0.0,12,5,7,-0.543
Zfp560,-0.017,-0.112,0.019,0.0,13,5,8,0.482
Anxa2,-0.017,-0.085,-0.006,0.0,13,3,8,-0.025
Dnajb2,-0.017,-0.148,0.033,0.0,13,6,8,0.359
Rbm10,-0.017,-0.134,0.077,0.0,13,5,8,-0.306
Fbxo4,-0.018,-0.157,0.06,0.0,13,6,8,-0.742
Dap,-0.018,-0.096,0.092,0.0,13,6,8,-1.361
Mllt11,-0.018,-0.059,0.057,0.0,13,5,8,2.22
Slc20a2,-0.018,-0.188,0.105,0.0,13,6,8,-0.973
Ubl4a,-0.018,-0.077,0.026,0.0,11,4,6,0.106
Fdxacb1,-0.018,-0.195,0.036,0.0,11,5,6,-0.126
Bag4,-0.018,-0.208,0.018,0.0,13,6,8,0.401
Pdik1l,-0.018,-0.115,0.04,0.0,11,5,6,-0.035
Abhd8,-0.018,-0.1,0.049,0.0,13,5,8,1.192
Rars2,-0.018,-0.098,0.075,0.0,13,6,8,0.204
Vdac3,-0.018,-0.065,0.013,0.0,13,5,8,0.776
March2,-0.018,-0.062,0.059,0.0,11,4,6,0.255
Obsl1,-0.018,-0.272,0.243,0.0,12,6,7,-1.073
Mrpl38,-0.018,-0.078,0.055,0.0,13,5,8,0.231
Zpr1,-0.018,-0.088,0.076,0.0,11,5,6,0.316
Gm10076,-0.018,-0.126,0.021,0.0,11,5,6,-0.215
Fam126a,-0.018,-0.072,0.182,0.0,12,5,7,-0.427
Dnpep,-0.018,-0.099,0.105,0.0,13,6,8,0.256
Phb2,-0.018,-0.068,0.021,0.0,13,5,8,-0.086
Pfdn4,-0.018,-0.065,0.008,0.0,13,4,8,1.293
Sub1,-0.018,-0.094,-0.005,0.0,13,3,8,0.286
Vps52,-0.018,-0.201,0.091,0.0,13,6,8,0.187
Stk16,-0.018,-0.05,0.044,0.0,13,5,8,0.345
Dmwd,-0.018,-0.128,0.058,0.0,13,6,8,0.437
Gm14418,-0.018,-0.269,0.225,0.0,10,5,6,0.589
Manba,-0.018,-0.399,0.151,0.0,11,5,7,-0.878
Scaf4,-0.018,-0.376,0.17,0.0,13,6,8,-0.27
Fmr1,-0.018,-0.054,0.023,0.0,13,4,8,-0.639
Uqcrfs1,-0.018,-0.048,0.007,0.0,13,4,8,0.692
Akt2,-0.018,-0.123,0.092,0.0,13,6,8,-1.062
Pop5,-0.018,-0.093,0.046,0.0,13,6,8,1.032
Mtif2,-0.018,-0.117,0.072,0.0005,13,6,8,-0.071
Ppan,-0.018,-0.21,0.078,0.0,13,5,8,-0.137
Wdr75,-0.018,-0.073,0.028,0.0,13,6,8,0.254
Calm2,-0.018,-0.078,0.017,0.0,13,6,8,1.449
Mtdh,-0.018,-0.098,0.015,0.0,13,5,8,-0.807
Nbl1,-0.018,-0.068,0.057,0.0,13,6,8,0.502
Sh3d19,-0.018,-0.304,0.05,0.0,12,5,7,-1.493
Slc4a4,-0.018,-0.297,0.065,0.0,13,6,8,-0.655
Clk1,-0.018,-0.123,0.105,0.0,13,6,8,-1.302
Tdrkh,-0.018,-0.144,0.058,0.0,13,5,8,0.349
Atp6v0d1,-0.018,-0.043,-0.003,0.0,13,2,8,0.964
Stx7,-0.018,-0.087,0.046,0.0,13,4,8,0.43
Prcp,-0.018,-0.249,0.019,0.0,13,4,8,-1.223
Tchp,-0.018,-0.188,0.213,0.0004,13,6,8,-0.056
Gp1bb,-0.018,-0.588,0.177,0.0001,11,5,6,1.283
Rab7,-0.018,-0.036,0.065,0.0,13,6,8,0.15
Klhl8,-0.018,-0.257,0.117,0.0,13,6,8,0.44
Ppp2r5d,-0.018,-0.094,0.119,0.0,13,6,8,0.024
Mterf3,-0.018,-0.181,0.069,0.0,11,4,6,-0.76
Rabif,-0.018,-0.075,0.065,0.0,13,6,8,0.837
Ptprj,-0.018,-0.134,0.355,0.0114,11,5,6,-1.834
Dhx15,-0.018,-0.091,0.021,0.0,13,4,8,-0.158
Hadha,-0.018,-0.074,0.042,0.0,13,6,8,-0.599
Rer1,-0.018,-0.078,0.043,0.0,13,5,8,-0.376
Cog7,-0.019,-0.103,0.139,0.0,13,6,8,0.205
0610012G03Rik,-0.019,-0.127,0.015,0.0,13,5,8,0.371
Gmds,-0.019,-0.108,0.124,0.0,13,5,8,0.11
Lamtor5,-0.019,-0.099,0.005,0.0,12,4,7,0.438
Dbp,-0.019,-0.265,0.315,0.0024,12,5,7,-1.693
Gstm4,-0.019,-0.086,0.19,0.0,12,5,7,0.428
Tubb2b,-0.019,-0.075,0.112,0.0,13,6,8,1.975
Tmem263,-0.019,-0.223,0.05,0.0,11,5,6,-0.342
Usf1,-0.019,-0.088,0.03,0.0,13,5,8,-0.398
Ctnnbl1,-0.019,-0.051,0.028,0.0,13,6,8,0.012
Cul7,-0.019,-0.098,0.085,0.0,13,6,8,-0.094
Sbno2,-0.019,-0.672,0.103,0.0,11,5,7,-0.715
Pola2,-0.019,-0.303,0.201,0.0,12,6,7,-1.216
Scg3,-0.019,-0.07,0.186,0.0,13,6,8,0.656
Sdf2l1,-0.019,-0.218,0.052,0.0,13,5,8,0.181
Son,-0.019,-0.101,0.001,0.0,13,4,8,-0.911
Nae1,-0.019,-0.041,0.04,0.0,13,6,8,0.182
Wasl,-0.019,-0.066,0.01,0.0,13,6,8,-0.293
Rhoa,-0.019,-0.055,0.006,0.0,13,5,8,-1.17
Ddx3x,-0.019,-0.047,0.094,0.0,13,6,8,-0.309
Zfp84,-0.019,-0.249,0.15,0.0,11,5,7,-0.429
Pin1,-0.019,-0.092,0.016,0.0,13,5,8,0.678
Paics,-0.019,-0.046,0.069,0.0,13,6,8,0.097
Rragb,-0.019,-0.075,0.342,0.0013,12,5,8,1.387
Kmt2b,-0.019,-0.243,0.091,0.0,11,5,6,-0.361
Tmem237,-0.019,-0.076,0.094,0.0,12,6,7,-0.421
Timmdc1,-0.019,-0.109,0.136,0.0,12,5,7,0.166
Chchd7,-0.019,-0.091,0.051,0.0,13,5,8,0.365
Ppt2,-0.019,-0.196,0.112,0.0,13,6,8,-0.317
Manbal,-0.019,-0.071,0.021,0.0,13,4,8,0.147
Isca2,-0.019,-0.089,0.077,0.0,13,5,8,0.322
Ptov1,-0.019,-0.065,0.015,0.0,13,5,8,0.34
Nudt16,-0.019,-0.123,0.157,0.0,13,5,8,0.117
Rabep1,-0.019,-0.059,0.007,0.0,13,4,8,0.728
Zfp821,-0.019,-0.114,0.046,0.0,13,5,8,0.58
Dcp1b,-0.019,-0.166,0.138,0.0002,13,6,8,-0.78
Bcap31,-0.019,-0.095,0.231,0.0,13,6,8,-0.018
Slc10a7,-0.019,-0.109,0.028,0.0003,13,6,8,-0.1
Fhl1,-0.019,-0.077,0.074,0.0,13,6,8,0.129
Ndufc2,-0.019,-0.038,0.093,0.0,13,5,8,0.444
Sowahc,-0.019,-0.207,0.103,0.0,11,5,6,-0.494
Ganc,-0.019,-0.309,0.111,0.0,13,5,8,-0.43
Ggact,-0.019,-0.108,0.124,0.0,12,6,7,-0.085
Ndfip1,-0.019,-0.079,0.003,0.0,13,5,8,0.55
Hsdl2,-0.019,-0.084,0.029,0.0,13,4,8,-1.057
Hp1bp3,-0.019,-0.112,0.002,0.0,13,4,8,-0.201
Tcf4,-0.019,-0.086,0.246,0.0,13,6,8,-0.102
March11,-0.02,-0.15,0.126,0.0,11,5,6,2.186
1700123O20Rik,-0.02,-0.091,0.051,0.0,13,6,8,0.182
Zfand1,-0.02,-0.078,0.084,0.0,13,6,8,0.032
Mrps9,-0.02,-0.06,0.014,0.0,13,4,8,0.114
Bod1l,-0.02,-0.081,0.057,0.0,13,6,8,0.03
Dgki,-0.02,-0.286,0.138,0.0,12,5,8,1.694
Pet100,-0.02,-0.061,0.114,0.0,12,4,7,-0.023
Htatsf1,-0.02,-0.045,0.07,0.0,13,5,8,-0.296
Pnpo,-0.02,-0.117,0.228,0.0,13,6,8,1.396
Svip,-0.02,-0.104,0.097,0.0,13,6,8,0.008
Nck2,-0.02,-0.216,0.165,0.0006,10,4,6,-0.492
Ptcd2,-0.02,-0.143,0.014,0.0,13,5,8,0.514
Gosr2,-0.02,-0.242,0.135,0.0,13,6,8,-0.212
Sde2,-0.02,-0.161,0.127,0.0,12,6,7,-0.676
Zfp180,-0.02,-0.262,0.102,0.0,12,6,7,0.313
Ciapin1,-0.02,-0.125,0.205,0.0,13,5,8,1.168
Clcc1,-0.02,-0.384,0.165,0.0,12,6,7,-1.611
Ccnc,-0.02,-0.093,0.051,0.0,13,5,8,0.669
Pik3c2a,-0.02,-0.161,0.12,0.0,13,6,8,-1.278
E130309D02Rik,-0.02,-0.437,0.028,0.0,13,5,8,0.018
Rcn2,-0.02,-0.038,0.087,0.0,13,6,8,-0.2
Get4,-0.02,-0.051,0.023,0.0,13,6,8,0.082
Bcl7c,-0.02,-0.124,0.009,0.0,13,5,8,-0.852
Nav3,-0.02,-0.055,0.101,0.0,12,5,7,0.347
Dusp5,-0.02,-0.061,0.669,0.0257,10,4,6,-1.764
Chic2,-0.02,-0.052,0.086,0.0,13,5,8,0.16
C1qtnf4,-0.02,-0.138,0.146,0.0,13,6,8,2.107
Cpox,-0.02,-0.115,0.123,0.0,13,4,8,0.325
Tbcel,-0.02,-0.158,0.059,0.0,13,6,8,0.094
Yrdc,-0.02,-0.09,0.026,0.0,13,4,8,0.477
Mras,-0.02,-0.053,0.046,0.0,13,5,8,0.955
Thtpa,-0.02,-0.266,0.047,0.0,11,5,6,0.214
Trnt1,-0.02,-0.04,0.038,0.0,13,6,8,0.237
Ndufb9,-0.02,-0.138,0.033,0.0,13,5,8,0.4
Slc25a15,-0.02,-0.171,0.191,0.0,12,5,7,-0.465
Nmt1,-0.02,-0.083,0.039,0.0,13,5,8,0.395
Sp3,-0.02,-0.116,0.15,0.0,13,6,8,-0.884
Iqcb1,-0.02,-0.053,0.138,0.0,13,6,8,0.598
Tor1a,-0.02,-0.093,0.073,0.0,13,6,8,-0.033
Kat7,-0.02,-0.049,0.023,0.0,12,5,7,0.182
Erlec1,-0.02,-0.064,0.101,0.0,13,6,8,-0.352
Synj2bp,-0.021,-0.03,0.046,0.0,13,6,8,0.462
Kcnu1,-0.021,-0.1,0.184,0.0,10,5,6,1.139
Lgals9,-0.021,-0.106,0.221,0.0009,13,6,8,-1.305
Odf2l,-0.021,-0.148,0.054,0.0,13,5,8,-0.62
Pqlc2,-0.021,-0.217,0.174,0.0,12,6,7,-0.067
Kif2a,-0.021,-0.042,0.104,0.0,13,6,8,0.953
Frmd5,-0.021,-0.379,0.089,0.0,12,6,7,0.601
Gpaa1,-0.021,-0.073,0.179,0.0,13,6,8,0.203
Gria3,-0.021,-0.204,0.298,0.0007,13,6,8,-1.091
Vrk3,-0.021,-0.13,0.115,0.0,13,5,8,-0.589
Arhgef2,-0.021,-0.485,0.064,0.0,12,5,7,-0.601
Crls1,-0.021,-0.06,0.15,0.0,13,6,8,0.198
Mrpl44,-0.021,-0.101,0.124,0.0,13,5,8,0.175
Urm1,-0.021,-0.137,0.072,0.0,13,4,8,0.37
Mrpl1,-0.021,-0.119,0.143,0.0,13,5,8,0.014
Gapdh,-0.021,-0.065,0.035,0.0,13,5,8,1.27
Tbc1d12,-0.021,-0.267,0.085,0.0,13,6,8,-0.313
Bpnt1,-0.021,-0.082,0.046,0.0,13,6,8,1.137
Pttg1,-0.021,-0.114,0.085,0.0,13,5,8,-0.152
Uaca,-0.021,-0.455,0.179,0.0,12,6,7,-3.879
Tsc22d3,-0.021,-0.077,0.043,0.0,13,4,8,-0.01
Ostc,-0.021,-0.07,0.131,0.0,13,6,8,-0.704
Ost4,-0.021,-0.15,0.083,0.0,13,5,8,-0.447
Mrps10,-0.021,-0.069,0.031,0.0,13,6,8,0.411
Cdk7,-0.021,-0.082,0.135,0.0,13,6,8,-0.931
Tdrd3,-0.021,-0.139,0.108,0.0,13,6,8,0.007
Dph5,-0.021,-0.049,0.102,0.0,13,6,8,0.274
Rbm18,-0.021,-0.116,0.005,0.0,13,4,8,0.26
Rgs12,-0.021,-0.121,0.099,0.0,13,6,8,0.204
Dynlrb1,-0.021,-0.057,0.019,0.0,13,6,8,0.639
Tfap4,-0.021,-0.47,0.148,0.0,10,4,5,-0.672
Zfp212,-0.021,-0.225,0.04,0.0,11,5,6,-0.679
Nagk,-0.021,-0.111,0.041,0.0,13,6,8,0.733
Zfp866,-0.021,-0.103,0.154,0.0005,11,5,6,-0.075
Ik,-0.021,-0.077,0.02,0.0,13,5,8,0.085
Rrs1,-0.021,-0.065,0.033,0.0,13,5,8,-0.068
Fbxo30,-0.021,-0.124,0.102,0.0,13,5,8,-0.675
Farsa,-0.021,-0.059,0.072,0.0,13,6,8,-0.089
Ints6,-0.021,-0.33,0.121,0.0,12,6,8,-0.767
Mllt3,-0.021,-0.211,0.28,0.0,13,6,8,-0.646
Erp29,-0.021,-0.051,0.082,0.0,13,5,8,0.153
Eif4ebp2,-0.021,-0.058,0.186,0.0,13,6,8,-0.865
Pdxp,-0.021,-0.062,0.091,0.0,11,4,7,2.133
Ndrg2,-0.021,-0.12,0.037,0.0,13,5,8,-0.754
Abhd14a,-0.021,-0.102,0.02,0.0,13,5,8,-0.19
Slc27a1,-0.021,-0.181,0.098,0.0,13,6,8,-2.502
Hras,-0.021,-0.1,0.069,0.0,11,4,6,1.473
Higd1a,-0.021,-0.07,0.12,0.0,13,6,8,0.54
Haus2,-0.021,-0.157,0.067,0.0,13,5,8,0.229
Hmox2,-0.021,-0.086,0.062,0.0,13,5,8,0.784
Ndufs4,-0.021,-0.096,0.031,0.0,13,5,8,0.253
Uqcc2,-0.021,-0.149,0.008,0.0,11,3,6,0.217
Nipbl,-0.022,-0.069,0.021,0.0,13,5,8,-1.021
Slc16a7,-0.022,-0.223,0.069,0.0,13,5,8,0.443
Gtf2h5,-0.022,-0.096,0.002,0.0,13,4,8,0.352
Atp5l,-0.022,-0.126,0.062,0.0,13,5,8,0.215
Psma5,-0.022,-0.063,0.055,0.0,13,4,8,0.273
Hdac2,-0.022,-0.105,0.045,0.0,13,5,8,0.275
Carnmt1,-0.022,-0.186,0.178,0.0,11,5,6,-1.296
Psmc6,-0.022,-0.071,0.022,0.0,13,5,8,0.322
Slc25a38,-0.022,-0.192,0.093,0.0,13,5,8,0.759
Slc25a23,-0.022,-0.078,0.118,0.0,13,6,8,-0.195
Ralyl,-0.022,-0.156,0.193,0.0,13,6,8,1.996
Inppl1,-0.022,-0.08,0.161,0.0,12,5,7,-0.733
Mrpl54,-0.022,-0.095,0.044,0.0,13,6,8,0.725
Lamtor1,-0.022,-0.102,-0.003,0.0,12,3,7,0.102
Terf1,-0.022,-0.173,0.015,0.0,13,4,8,-0.825
Lin7a,-0.022,-0.245,0.142,0.0005,13,5,8,0.956
Ncapd3,-0.022,-0.415,0.087,0.0,13,6,8,-1.153
Ubtf,-0.022,-0.111,0.024,0.0,13,5,8,-0.629
1700088E04Rik,-0.022,-0.106,0.151,0.0,10,5,5,0.225
Aldh16a1,-0.022,-0.138,0.058,0.0,10,3,6,-0.844
Ano8,-0.022,-0.212,0.312,0.0003,12,5,7,0.739
Pgm2,-0.022,-0.113,0.044,0.0,13,6,8,-1.387
Ccdc22,-0.022,-0.142,0.037,0.0,12,6,7,-0.042
Zfyve26,-0.022,-0.339,0.259,0.0,11,5,7,-0.408
Zfp513,-0.022,-0.639,0.03,0.0,11,5,6,-0.713
Cat,-0.022,-0.074,0.132,0.0,13,6,8,-0.796
Snx29,-0.022,-0.151,0.105,0.0001,12,6,7,-0.114
Mrps23,-0.022,-0.049,0.062,0.0,13,4,8,0.242
Brd1,-0.022,-0.07,0.1,0.0,13,5,8,-0.433
Commd6,-0.022,-0.108,0.021,0.0,13,4,8,-0.49
Chmp4b,-0.022,-0.103,0.003,0.0,13,4,8,-0.068
Celf3,-0.022,-0.039,0.123,0.0,13,6,8,1.922
Chpt1,-0.022,-0.089,0.059,0.0,13,5,8,-1.489
Srsf2,-0.022,-0.087,0.026,0.0,13,6,8,-0.335
Fnta,-0.022,-0.07,0.014,0.0,13,5,8,-1.083
Faap20,-0.022,-0.059,0.092,0.0,11,5,6,0.488
Bag6,-0.022,-0.041,0.127,0.0,13,5,8,0.202
Bhlhb9,-0.022,-0.055,0.025,0.0,13,6,8,0.631
Kcmf1,-0.022,-0.072,0.042,0.0,13,6,8,0.223
Sumo3,-0.022,-0.125,0.1,0.0,13,5,8,0.01
Arhgef15,-0.022,-0.158,0.109,0.0,13,6,8,1.544
Serf1,-0.022,-0.071,0.022,0.0,13,6,8,1.024
Fubp1,-0.022,-0.17,0.028,0.0,13,6,8,-0.38
Mbip,-0.022,-0.105,0.078,0.0,13,5,8,-0.808
Dhrs1,-0.022,-0.068,0.069,0.0,13,6,8,-0.138
Lsm10,-0.023,-0.093,0.17,0.0,13,6,8,-0.04
Fam71e1,-0.023,-0.105,0.278,0.0002,12,4,7,0.634
Fam174a,-0.023,-0.074,0.042,0.0,13,6,8,0.631
Zfp706,-0.023,-0.036,0.031,0.0,13,4,8,-0.097
Zfp689,-0.023,-0.326,0.144,0.0,11,5,6,0.171
Xrcc4,-0.023,-0.282,0.024,0.0,13,4,8,-0.083
Armcx6,-0.023,-0.508,0.117,0.0,10,5,6,-1.226
Zfp623,-0.023,-0.21,0.147,0.0,11,5,6,-0.112
Ubxn4,-0.023,-0.04,0.034,0.0,13,6,8,0.007
Hdgf,-0.023,-0.133,0.025,0.0,13,5,8,0.068
Rabggtb,-0.023,-0.066,0.042,0.0,13,5,8,1.167
Exo5,-0.023,-0.258,0.096,0.0,10,4,5,0.053
Uri1,-0.023,-0.081,0.085,0.0,12,5,7,0.266
Eef1g,-0.023,-0.068,0.051,0.0,13,5,8,0.57
1500011B03Rik,-0.023,-0.067,0.041,0.0,13,6,8,1.29
Smyd2,-0.023,-0.133,0.11,0.0,13,5,8,0.684
Mgat5b,-0.023,-0.23,0.101,0.0,10,5,5,1.644
Rnf185,-0.023,-0.433,0.167,0.0,12,6,7,-0.196
Phf13,-0.023,-0.184,0.151,0.003,12,6,7,-0.475
Dip2a,-0.023,-0.215,0.121,0.0,13,6,8,-0.126
Jazf1,-0.023,-0.198,0.152,0.0,11,5,7,1.411
Mtg1,-0.023,-0.182,0.172,0.0,13,5,8,0.73
Romo1,-0.023,-0.165,0.0,0.0,13,4,8,0.563
Tomm40,-0.023,-0.089,0.043,0.0,13,5,8,0.228
Hprt,-0.023,-0.05,0.053,0.0,13,4,8,0.902
Ddc,-0.023,-0.477,0.162,0.0,12,6,8,1.268
Rnf138,-0.023,-0.135,0.038,0.0,13,6,8,-0.299
Ebp,-0.023,-0.082,0.037,0.0,13,4,8,0.031
Rwdd2b,-0.023,-0.106,0.132,0.0,12,4,7,0.725
Noc4l,-0.023,-0.092,0.095,0.0,13,6,8,-0.001
Btg2,-0.023,-0.338,0.061,0.0,13,6,8,-2.627
Mrps17,-0.023,-0.097,0.015,0.0,13,5,8,0.2
Pqbp1,-0.023,-0.055,0.029,0.0,13,6,8,0.243
Ap3s1,-0.023,-0.068,0.017,0.0,13,5,8,0.736
Gorab,-0.023,-0.163,0.132,0.0,12,4,7,-0.519
Spock1,-0.023,-0.259,0.173,0.0,13,6,8,1.325
Xab2,-0.023,-0.144,0.085,0.0009,13,6,8,-0.514
Chka,-0.023,-0.238,0.047,0.0,13,6,8,-0.432
Mtfr1l,-0.023,-0.062,0.076,0.0,12,4,7,0.106
Acot2,-0.023,-0.168,0.038,0.0,11,5,6,-1.718
Atxn7l1,-0.023,-0.125,0.161,0.0,13,6,8,0.061
Atp5a1,-0.023,-0.042,0.017,0.0,13,5,8,0.391
Ndufa3,-0.023,-0.086,0.003,0.0,13,4,8,0.067
Prpf4,-0.023,-0.082,0.086,0.0,13,6,8,-0.212
Zmym5,-0.023,-0.097,0.066,0.0,13,6,8,-0.048
Cadm4,-0.023,-0.152,0.091,0.0,12,4,7,-1.901
Psmd14,-0.023,-0.093,0.122,0.0,13,5,8,0.435
Naa16,-0.024,-0.385,0.161,0.0,13,5,8,-0.691
Anapc7,-0.024,-0.127,0.049,0.0,13,5,8,0.056
Eif5,-0.024,-0.102,-0.015,0.0,13,3,8,0.068
Mgst3,-0.024,-0.107,0.106,0.0,13,6,8,0.838
Ssr4,-0.024,-0.077,-0.005,0.0,13,3,8,-0.192
Ydjc,-0.024,-0.202,-0.002,0.0,13,2,8,1.884
Thy1,-0.024,-0.186,0.082,0.0,13,5,8,1.735
Tfe3,-0.024,-0.106,0.032,0.0,13,5,8,-0.457
Slc35f1,-0.024,-0.292,0.315,0.0061,11,5,7,-3.796
3830406C13Rik,-0.024,-0.079,0.111,0.0,13,5,8,0.249
Nkiras2,-0.024,-0.125,0.101,0.0003,12,5,7,0.429
Vamp4,-0.024,-0.063,0.149,0.0,13,6,8,0.5
Csad,-0.024,-0.247,-0.011,0.0,13,3,8,-1.815
Kdm1a,-0.024,-0.118,0.017,0.0,13,6,8,0.264
Crip2,-0.024,-0.063,0.141,0.0,13,5,8,0.002
Tob2,-0.024,-0.305,0.004,0.0,13,4,8,-1.717
Nme1,-0.024,-0.102,0.016,0.0,13,5,8,1.189
Nolc1,-0.024,-0.088,0.036,0.0,13,5,8,-0.142
Nudt14,-0.024,-0.17,0.079,0.0,12,4,7,-0.067
Mrps6,-0.024,-0.17,0.016,0.0,13,6,8,0.54
Rnf34,-0.024,-0.09,0.049,0.0,13,5,8,0.137
Rpl22l1,-0.024,-0.168,0.025,0.0,13,5,8,0.146
Gpn3,-0.024,-0.234,0.092,0.0,13,5,8,-0.583
Med22,-0.024,-0.118,0.064,0.0,13,5,8,0.415
Kctd15,-0.024,-0.202,0.221,0.0,12,5,7,-0.554
Pbx2,-0.024,-0.174,-0.005,0.0,13,3,8,-0.015
Chchd4,-0.024,-0.093,0.034,0.0,13,4,8,1.083
Clpx,-0.024,-0.149,0.129,0.0,13,6,8,-0.394
Rnpep,-0.024,-0.075,0.047,0.0,13,6,8,-0.179
G6pdx,-0.024,-0.181,0.063,0.0,12,5,7,0.231
Mttp,-0.024,-0.275,0.082,0.0,11,5,6,-0.443
Praf2,-0.024,-0.051,0.038,0.0,13,6,8,0.98
Rpl11,-0.024,-0.113,0.011,0.0,13,5,8,-0.0
Dapk3,-0.024,-0.107,0.036,0.0,13,6,8,0.297
Cmpk1,-0.024,-0.078,0.033,0.0,13,5,8,0.785
Ryk,-0.024,-0.22,0.091,0.0,13,6,8,-0.776
Desi1,-0.024,-0.053,0.044,0.0,12,5,7,0.368
Tspan2,-0.024,-0.116,0.061,0.0,13,5,8,-0.023
Rab18,-0.024,-0.067,0.05,0.0,13,4,8,-0.087
Rab22a,-0.024,-0.06,0.018,0.0,13,6,8,-0.183
Bptf,-0.024,-0.118,0.091,0.0,13,5,8,-0.418
Gcat,-0.024,-0.117,0.07,0.0,13,5,8,-0.019
Ube2r2,-0.024,-0.045,0.133,0.0,13,5,8,-0.093
Psma1,-0.024,-0.111,0.096,0.0,13,6,8,0.26
Meis3,-0.024,-0.092,0.026,0.0,13,5,8,1.197
Ube2w,-0.025,-0.091,0.099,0.0,13,5,8,0.333
Nosip,-0.025,-0.105,0.037,0.0,13,4,8,0.005
Ndufs2,-0.025,-0.105,0.033,0.0,13,6,8,0.24
Manf,-0.025,-0.055,0.001,0.0,13,4,8,-0.363
Arid5b,-0.025,-0.054,0.094,0.0,13,5,8,-0.889
Rpa1,-0.025,-0.171,0.136,0.0,13,5,8,-0.845
Smim12,-0.025,-0.088,0.022,0.0,12,5,7,0.534
Zfp580,-0.025,-0.233,-0.007,0.0,13,3,8,0.915
Hyal2,-0.025,-0.336,0.239,0.0,12,6,7,-0.775
Cox6c,-0.025,-0.129,0.006,0.0,13,4,8,0.165
Dbt,-0.025,-0.273,0.068,0.0,12,6,7,-0.441
Hlcs,-0.025,-0.212,0.187,0.0,12,6,8,0.478
Zfp101,-0.025,-0.324,0.161,0.0,11,5,6,-0.946
Cct3,-0.025,-0.065,0.03,0.0,13,4,8,0.319
Metap2,-0.025,-0.047,0.115,0.0,13,5,8,0.261
Pes1,-0.025,-0.132,0.06,0.0,12,5,7,-0.441
Zfp91,-0.025,-0.067,0.042,0.0,13,6,8,-0.28
Zbtb33,-0.025,-0.131,0.068,0.0,12,4,7,-0.108
Trib2,-0.025,-0.076,0.191,0.0,13,5,8,0.67
Tdg,-0.025,-0.061,0.042,0.0,11,5,6,0.071
Gm16536,-0.025,-0.364,0.103,0.0,11,4,6,0.501
Zfp704,-0.025,-0.396,0.047,0.0,12,5,7,-0.233
Enoph1,-0.025,-0.109,0.076,0.0,13,6,8,-0.282
2310033P09Rik,-0.025,-0.161,0.103,0.0,13,6,8,-0.378
Psmc2,-0.025,-0.087,0.032,0.0,13,4,8,0.458
Slc35b1,-0.025,-0.078,0.017,0.0,13,5,8,0.167
Anxa5,-0.025,-0.061,0.039,0.0,13,5,8,-1.251
Mtpap,-0.025,-0.224,-0.013,0.0,13,3,8,-0.225
Irak1,-0.025,-0.131,0.007,0.0,13,5,8,-0.007
Rheb,-0.025,-0.074,0.021,0.0,13,5,8,0.301
Malat1,-0.025,-0.039,0.018,0.0,13,4,8,-1.463
Wrap53,-0.025,-0.248,0.206,0.0,12,6,7,-0.085
Rpl41,-0.025,-0.129,0.01,0.0,13,4,8,-0.033
Tcea2,-0.025,-0.193,0.141,0.0,13,6,8,1.001
Bbs5,-0.025,-0.209,0.088,0.0,12,6,7,0.448
Gart,-0.025,-0.048,0.089,0.0,13,5,8,-0.015
Eno3,-0.025,-0.317,0.183,0.0,13,6,8,-0.136
G3bp1,-0.025,-0.045,0.046,0.0,13,4,8,-0.595
Them4,-0.025,-0.146,0.008,0.0,13,4,8,1.479
Ttc39c,-0.025,-0.096,0.111,0.0,13,5,8,0.724
Ppp1r7,-0.025,-0.04,0.05,0.0,13,5,8,0.447
Dnajb12,-0.025,-0.165,0.075,0.0,13,5,8,-0.593
Coq9,-0.025,-0.152,0.086,0.0,13,6,8,-0.295
Gnpnat1,-0.025,-0.159,0.02,0.0,13,5,8,-0.167
Polr2l,-0.025,-0.114,0.086,0.0,13,6,8,0.887
Stk17b,-0.025,-0.35,0.098,0.0045,11,5,7,-2.673
Stk19,-0.025,-0.083,0.008,0.0,13,5,8,0.019
1810037I17Rik,-0.026,-0.151,0.028,0.0,13,4,8,-0.855
Eif1ax,-0.026,-0.117,-0.004,0.0,13,3,8,0.278
Zfp516,-0.026,-0.284,0.142,0.0006,12,6,7,-1.725
Rps6kc1,-0.026,-0.071,0.126,0.0,13,6,8,0.254
Kat6a,-0.026,-0.116,0.051,0.0,12,5,7,-1.025
Rundc1,-0.026,-0.155,0.128,0.0,13,6,8,-0.052
Naa38,-0.026,-0.138,0.037,0.0,13,5,8,-0.003
Fancf,-0.026,-0.113,0.064,0.0001,10,4,6,0.025
Ypel3,-0.026,-0.043,0.152,0.0,13,5,8,0.603
Aldoa,-0.026,-0.043,0.028,0.0,13,6,8,1.241
Mak16,-0.026,-0.182,0.069,0.0,13,5,8,-0.264
Ncbp1,-0.026,-0.056,0.025,0.0,13,4,8,0.161
Zmym4,-0.026,-0.057,0.017,0.0,13,6,8,0.087
Ngly1,-0.026,-0.102,-0.011,0.0,13,3,8,-0.419
Terf2ip,-0.026,-0.08,0.112,0.0,13,6,8,0.548
Rbpj,-0.026,-0.17,0.076,0.0,13,6,8,-0.425
Lyrm4,-0.026,-0.106,0.105,0.0,13,6,8,0.052
Clta,-0.026,-0.073,0.032,0.0,13,5,8,0.492
Daxx,-0.026,-0.107,0.057,0.0,13,5,8,-0.095
Chchd2,-0.026,-0.106,0.003,0.0,13,4,8,0.536
Strada,-0.026,-0.081,0.039,0.0,13,5,8,0.467
Chmp6,-0.026,-0.099,0.054,0.0,13,6,8,-0.015
Gm10138,-0.026,-0.369,0.048,0.0,10,3,5,-0.364
Tma16,-0.026,-0.168,0.075,0.0,12,6,7,-0.228
Cct2,-0.026,-0.075,0.012,0.0,13,5,8,0.742
Atpif1,-0.026,-0.05,0.031,0.0,13,5,8,1.12
Rbm39,-0.026,-0.114,0.023,0.0,13,4,8,-0.532
Ccdc124,-0.026,-0.092,0.005,0.0,13,4,8,0.702
Hey2,-0.026,-0.293,0.357,0.0068,11,5,7,-3.536
Mien1,-0.026,-0.181,0.034,0.0,12,3,7,1.247
Klhdc8a,-0.026,-0.312,0.09,0.0,11,4,6,1.771
Khdrbs2,-0.026,-0.36,0.081,0.0,11,5,6,1.767
Tbcc,-0.026,-0.167,0.134,0.0,13,4,8,0.344
Glo1,-0.026,-0.071,0.019,0.0,13,5,8,-0.503
Krcc1,-0.026,-0.143,-0.013,0.0,13,3,8,-1.648
Ccdc157,-0.026,-0.441,0.231,0.0004,11,5,7,-1.432
Agrn,-0.026,-0.125,0.237,0.0,13,6,8,-0.994
Vta1,-0.026,-0.103,0.041,0.0,13,6,8,0.286
Nudt19,-0.026,-0.075,0.04,0.0,13,6,8,0.504
Zfp518a,-0.026,-0.141,0.049,0.0,11,5,7,-0.839
Sqstm1,-0.026,-0.135,0.031,0.0,13,4,8,0.541
Pdcd11,-0.026,-0.372,0.11,0.0,12,6,7,-0.312
Mrpl41,-0.026,-0.099,0.018,0.0,13,6,8,0.567
Syn3,-0.026,-0.098,0.082,0.0,13,6,8,-0.264
Mthfd2l,-0.026,-0.061,0.012,0.0,13,6,8,-0.096
Taldo1,-0.026,-0.082,0.001,0.0,13,4,8,-0.002
Nhs,-0.027,-0.172,0.144,0.0003,11,5,6,0.415
Pdhb,-0.027,-0.037,0.023,0.0,13,5,8,0.531
Ube2d3,-0.027,-0.057,0.006,0.0,13,6,8,-0.309
Psmb3,-0.027,-0.101,0.003,0.0,13,4,8,0.371
Hccs,-0.027,-0.107,0.027,0.0,12,4,7,-0.075
Poldip2,-0.027,-0.21,0.01,0.0,13,4,8,0.019
Vamp3,-0.027,-0.065,-0.009,0.0,13,3,8,-0.614
Msl2,-0.027,-0.373,0.144,0.0,13,6,8,-0.587
Glrx2,-0.027,-0.071,0.045,0.0,13,4,8,0.413
Ptgr2,-0.027,-0.108,0.024,0.0,13,5,8,-0.334
Zfp386,-0.027,-0.117,0.016,0.0,13,5,8,-0.31
Rnasel,-0.027,-0.138,0.033,0.0,13,4,8,0.224
Commd8,-0.027,-0.102,0.063,0.0,13,5,8,-0.263
Psmb6,-0.027,-0.092,0.039,0.0,13,5,8,0.339
Spcs2,-0.027,-0.064,0.017,0.0,13,5,8,-0.205
Dmtf1,-0.027,-0.124,0.059,0.0,13,4,8,-0.305
Dnajb11,-0.027,-0.06,0.096,0.0,13,6,8,-0.316
Ppp1r11,-0.027,-0.094,0.049,0.0,13,5,8,0.881
Mtx1,-0.027,-0.138,0.016,0.0,13,4,8,0.105
Arl4a,-0.027,-0.26,0.018,0.0,13,6,8,-0.208
Sept7,-0.027,-0.057,-0.004,0.0,11,2,6,-0.332
Zfp703,-0.027,-0.27,0.174,0.0004,10,5,6,-2.507
Ccdc50,-0.027,-0.077,0.104,0.0,13,6,8,0.084
Mrpl51,-0.027,-0.107,-0.01,0.0,13,2,8,0.266
Nap1l1,-0.027,-0.099,0.042,0.0,13,5,8,-0.056
Zfp286,-0.027,-0.163,0.127,0.0,11,4,6,0.395
Lrrc51,-0.027,-0.079,0.071,0.0003,13,4,8,0.836
Plcb1,-0.027,-0.409,0.193,0.0,12,5,7,-0.592
Zbtb8a,-0.027,-0.07,0.123,0.0022,11,4,6,-0.036
Hmgn3,-0.027,-0.074,0.051,0.0,13,6,8,-0.685
Abcf2,-0.027,-0.071,0.062,0.0,13,6,8,0.376
Acadl,-0.027,-0.047,0.089,0.0,13,6,8,0.128
Abtb2,-0.027,-0.117,0.22,0.0004,12,6,8,-0.15
Atf7,-0.027,-0.289,0.068,0.0,11,4,6,-0.402
Phactr4,-0.027,-0.416,0.073,0.0,13,6,8,-0.913
Ypel5,-0.027,-0.108,0.063,0.0,13,6,8,0.207
Usb1,-0.027,-0.101,0.201,0.0015,10,3,5,-0.386
Bzw2,-0.027,-0.087,-0.019,0.0,13,2,8,0.118
Tmem230,-0.027,-0.077,0.036,0.0,12,5,7,0.344
Ccdc115,-0.027,-0.079,0.047,0.0,13,5,8,0.415
Fndc3a,-0.027,-0.073,0.035,0.0,13,6,8,-0.099
Mrpl28,-0.027,-0.094,0.043,0.0,13,5,8,0.239
Vezf1,-0.027,-0.14,0.048,0.0,13,5,8,-0.795
Timm9,-0.027,-0.056,0.04,0.0,13,4,8,0.853
Tshz2,-0.027,-0.199,0.113,0.0,13,5,8,-0.476
Gatad1,-0.027,-0.069,0.066,0.0,13,6,8,0.323
Myo7a,-0.027,-0.193,0.211,0.0,11,5,7,-0.05
Dnajc3,-0.027,-0.127,0.036,0.0,13,5,8,-1.447
Trmt10a,-0.027,-0.185,0.16,0.0,12,5,7,0.192
Tssc4,-0.028,-0.069,0.043,0.0,13,6,8,-0.125
Anapc10,-0.028,-0.104,-0.005,0.0,13,3,8,-0.191
Tmem192,-0.028,-0.084,0.091,0.0,13,6,8,0.111
Xpo4,-0.028,-0.146,0.173,0.0,12,6,7,-0.527
Mdh2,-0.028,-0.097,0.007,0.0,13,4,8,0.586
Mast4,-0.028,-0.479,0.129,0.0,13,6,8,-1.09
Acot13,-0.028,-0.092,0.04,0.0,13,5,8,0.202
Tes,-0.028,-0.26,0.028,0.0,12,4,7,0.983
Lrrc59,-0.028,-0.06,0.067,0.0,13,5,8,-0.117
Srsf5,-0.028,-0.064,0.009,0.0,13,5,8,-0.748
Ywhae,-0.028,-0.078,0.007,0.0,13,4,8,0.346
Tmem198,-0.028,-0.122,0.085,0.0,13,6,8,1.533
Rnf19a,-0.028,-0.062,0.015,0.0,13,4,8,-0.22
Rhno1,-0.028,-0.141,0.064,0.0,12,4,7,-0.348
Uqcrh,-0.028,-0.181,0.056,0.0,13,5,8,0.173
Mtf1,-0.028,-0.093,0.024,0.0,13,4,8,-0.042
Chst15,-0.028,-0.476,0.413,0.0106,11,5,6,0.821
Ltbp3,-0.028,-0.1,0.198,0.0,13,6,8,-1.924
Prelid1,-0.028,-0.069,0.016,0.0,13,4,8,0.36
Sh3bp4,-0.028,-0.374,0.175,0.0,12,6,7,-0.482
Tpd52l2,-0.028,-0.084,0.173,0.0,13,5,8,-0.435
Ranbp10,-0.028,-0.078,0.233,0.0,13,6,8,-0.053
Ccdc137,-0.028,-0.139,0.192,0.0,13,4,8,0.119
Bex2,-0.028,-0.075,0.046,0.0,13,4,8,1.996
Pxmp2,-0.028,-0.223,0.11,0.0,13,5,8,0.094
Ppdpf,-0.028,-0.149,0.007,0.0,13,4,8,-0.027
Tcf3,-0.028,-0.288,0.116,0.0,12,6,7,-1.086
Pja1,-0.028,-0.079,0.035,0.0,13,6,8,0.313
Smim7,-0.028,-0.1,0.023,0.0,12,5,7,0.215
Kdm3b,-0.028,-0.164,0.188,0.0,13,6,8,-0.772
Traf3ip1,-0.028,-0.155,0.029,0.0,13,5,8,0.002
Ptbp3,-0.028,-0.104,0.066,0.0,12,5,7,0.177
Tom1l1,-0.028,-0.18,0.141,0.0,10,4,5,-1.168
Polr3g,-0.028,-0.112,0.135,0.003,11,5,7,1.191
Pcnt,-0.028,-0.285,0.075,0.0,12,5,7,-0.69
Poldip3,-0.028,-0.109,0.086,0.0,13,6,8,-0.261
Rpl38,-0.028,-0.131,-0.01,0.0,13,3,8,0.083
1110065P20Rik,-0.029,-0.129,0.026,0.0,13,6,8,0.366
Taf10,-0.029,-0.157,0.081,0.0,13,4,8,0.173
Rnaseh2a,-0.029,-0.143,0.005,0.0,13,4,8,0.206
Cars,-0.029,-0.12,0.079,0.0,13,5,8,0.181
Faap100,-0.029,-0.086,0.0,0.0,11,3,6,0.11
C730034F03Rik,-0.029,-0.168,0.012,0.0001,10,4,5,-0.326
Msto1,-0.029,-0.261,0.132,0.0,12,5,7,-0.027
Aff3,-0.029,-0.227,0.19,0.0,10,5,6,-0.38
Tmtc4,-0.029,-0.306,0.208,0.0,11,4,6,0.028
Raf1,-0.029,-0.094,0.1,0.0,13,5,8,-0.002
Trim28,-0.029,-0.101,-0.009,0.0,13,3,8,-0.131
Ssrp1,-0.029,-0.093,0.093,0.0,13,6,8,-0.359
Inafm1,-0.029,-0.044,0.115,0.0,11,5,6,1.155
BC029722,-0.029,-0.101,0.11,0.0,12,4,7,0.56
Psmd6,-0.029,-0.142,0.023,0.0,13,4,8,0.47
Heatr3,-0.029,-0.257,0.065,0.0,13,5,8,-0.054
Cep295,-0.029,-0.127,0.09,0.0,11,5,6,-0.371
Dctn2,-0.029,-0.091,0.005,0.0,13,5,8,0.497
Golph3,-0.029,-0.145,0.029,0.0,13,6,8,-0.129
Gorasp1,-0.029,-0.119,0.144,0.0,13,6,8,-0.273
AU040320,-0.029,-0.056,0.311,0.0,13,5,8,0.417
Mapre1,-0.029,-0.062,-0.01,0.0,13,3,8,0.197
Amacr,-0.029,-0.132,0.17,0.0002,12,4,7,-0.027
Smim14,-0.029,-0.073,0.009,0.0,12,4,7,0.341
Atf1,-0.029,-0.235,0.051,0.0,13,6,8,-1.601
Pabpc1,-0.029,-0.102,0.021,0.0,13,4,8,-0.615
Bfar,-0.029,-0.137,0.055,0.0,13,6,8,-0.063
Ppig,-0.029,-0.065,0.019,0.0,13,5,8,-0.206
Dnajc15,-0.029,-0.061,0.13,0.0,13,6,8,1.258
Dmd,-0.029,-0.156,0.144,0.0016,13,6,8,-2.29
Cars2,-0.029,-0.108,0.07,0.0,13,5,8,-0.195
Tsn,-0.029,-0.102,0.025,0.0,13,4,8,0.263
Puf60,-0.029,-0.133,-0.014,0.0,13,2,8,-0.464
Nqo2,-0.029,-0.09,-0.015,0.0,13,2,8,0.168
Rbx1,-0.029,-0.063,0.001,0.0,13,4,8,0.367
Eef1e1,-0.029,-0.082,0.0,0.0,13,4,8,1.436
Tppp3,-0.029,-0.033,0.052,0.0,13,6,8,1.712
Clec2l,-0.029,-0.199,0.122,0.0,13,6,8,1.963
Zfp800,-0.029,-0.091,0.074,0.0,13,6,8,-0.809
Pgls,-0.029,-0.164,-0.011,0.0,13,2,8,0.169
Mageh1,-0.029,-0.065,0.219,0.0,13,6,8,0.139
Pml,-0.029,-0.31,0.151,0.0,11,4,6,-0.737
Lsm7,-0.029,-0.089,0.03,0.0,13,4,8,0.068
Fam98b,-0.029,-0.082,-0.013,0.0,13,2,8,-0.319
Sin3b,-0.03,-0.077,0.03,0.0,13,4,8,-0.686
Smpd2,-0.03,-0.231,0.196,0.0,10,5,5,-1.508
Heatr6,-0.03,-0.064,0.0,0.0,13,4,8,0.135
Paxbp1,-0.03,-0.289,0.283,0.0,12,6,7,-0.491
Dhrs7b,-0.03,-0.179,0.106,0.0,13,6,8,0.161
Zfp229,-0.03,-0.298,0.054,0.0,11,5,6,0.289
Cspp1,-0.03,-0.088,0.125,0.0,13,6,8,-0.295
Tomm20,-0.03,-0.047,0.026,0.0,13,6,8,0.368
Jmjd6,-0.03,-0.088,0.019,0.0,13,4,8,-0.211
Khk,-0.03,-0.061,0.145,0.0,13,6,8,-0.847
Zfp952,-0.03,-0.291,0.167,0.0,13,6,8,0.069
Map1lc3b,-0.03,-0.041,-0.023,0.0,13,2,8,0.447
1810044D09Rik,-0.03,-0.138,0.139,0.0,10,5,6,0.382
Wwp1,-0.03,-0.094,0.176,0.0,13,6,8,-1.127
Txnl1,-0.03,-0.112,0.106,0.0,13,5,8,0.206
Adck1,-0.03,-0.074,0.204,0.0,13,6,8,0.455
Cnot4,-0.03,-0.072,0.038,0.0,13,6,8,-0.228
Cox5a,-0.03,-0.101,0.036,0.0,13,5,8,1.166
Fchsd2,-0.03,-0.247,0.071,0.0,13,5,8,0.099
Fam98c,-0.03,-0.139,0.118,0.0,12,5,7,0.719
Fbxl14,-0.03,-0.26,0.1,0.0,10,4,6,-0.993
Snx8,-0.03,-0.111,0.129,0.0,12,4,7,0.167
Tra2b,-0.03,-0.077,-0.007,0.0,13,3,8,-0.714
Capn7,-0.03,-0.178,0.034,0.0,13,4,8,0.3
Cox8a,-0.03,-0.123,0.002,0.0,13,4,8,0.503
Rbm25,-0.03,-0.066,0.008,0.0,13,4,8,-0.472
Rfc2,-0.03,-0.088,0.059,0.0,13,4,8,-0.343
Tatdn3,-0.03,-0.065,0.209,0.0,13,5,8,-0.253
Eef2,-0.03,-0.067,0.004,0.0,13,4,8,0.396
C1qbp,-0.03,-0.086,0.001,0.0,13,4,8,0.43
Ywhah,-0.03,-0.067,0.056,0.0,13,6,8,1.568
Tbce,-0.03,-0.155,0.032,0.0,13,5,8,0.218
Ccdc127,-0.03,-0.075,0.09,0.0,13,5,8,-0.065
Pttg1ip,-0.03,-0.096,0.019,0.0,13,4,8,-1.529
Parl,-0.03,-0.125,0.119,0.0,13,6,8,0.258
Hsbp1,-0.03,-0.06,0.027,0.0,13,4,8,0.287
Nme5,-0.03,-0.276,0.136,0.0,11,5,6,0.813
Brwd3,-0.03,-0.087,0.105,0.0,11,5,6,-0.773
Rrp7a,-0.03,-0.129,0.044,0.0,13,6,8,0.662
Rrp1,-0.03,-0.102,0.005,0.0,13,4,8,0.518
Topors,-0.03,-0.212,0.059,0.0,13,4,8,-1.329
Il18,-0.03,-0.333,0.376,0.0151,12,5,8,-0.949
Oser1,-0.03,-0.091,0.027,0.0,11,3,6,-0.626
Zfp710,-0.03,-0.156,0.154,0.0,11,3,6,-0.51
Zfp110,-0.03,-0.239,0.048,0.0,12,5,7,-0.737
Ivns1abp,-0.03,-0.389,0.039,0.0,13,5,8,-0.51
Isy1,-0.03,-0.262,-0.016,0.0,13,3,8,-0.41
Mtfr1,-0.03,-0.24,0.105,0.0,12,5,7,0.155
Aggf1,-0.03,-0.044,0.024,0.0,13,5,8,-0.874
Snapc5,-0.03,-0.143,0.053,0.0,13,6,8,0.1
Snhg10,-0.03,-0.089,0.127,0.0,11,5,7,1.082
Appl2,-0.031,-0.211,0.309,0.0011,13,6,8,-1.459
Slc9a3r2,-0.031,-0.118,0.043,0.0,13,5,8,-0.937
Nnat,-0.031,-0.191,0.024,0.0,13,4,8,1.505
Akr1e1,-0.031,-0.141,0.016,0.0,13,6,8,-0.022
Prkag1,-0.031,-0.119,0.002,0.0,13,4,8,-0.43
Hdac8,-0.031,-0.195,0.104,0.0,13,6,8,-0.494
Psmd7,-0.031,-0.079,0.055,0.0,13,5,8,0.173
Znhit1,-0.031,-0.11,0.021,0.0,13,5,8,0.644
Zfp277,-0.031,-0.07,0.067,0.0,13,4,8,-0.441
Ssb,-0.031,-0.105,0.069,0.0,13,5,8,-0.079
Eif4h,-0.031,-0.113,-0.017,0.0,13,2,8,-0.43
Ormdl3,-0.031,-0.072,0.028,0.0,13,4,8,0.041
Zfp213,-0.031,-0.199,0.143,0.0,10,4,5,-0.501
Mef2a,-0.031,-0.1,0.061,0.0,13,4,8,-0.42
Cript,-0.031,-0.104,-0.006,0.0,13,3,8,0.657
Ccdc40,-0.031,-0.158,0.048,0.0,11,4,6,1.905
Stard9,-0.031,-0.397,0.103,0.0004,11,5,6,-1.775
Tmem234,-0.031,-0.073,-0.003,0.0,12,3,7,0.237
Khdrbs1,-0.031,-0.093,-0.02,0.0,13,3,8,-0.052
Hexa,-0.031,-0.107,0.05,0.0,13,4,8,-1.614
Gphn,-0.031,-0.125,0.095,0.0,13,5,8,0.125
Fam133b,-0.031,-0.074,-0.005,0.0,13,2,8,-0.356
Dpy30,-0.031,-0.094,0.045,0.0,13,5,8,0.558
Cluap1,-0.031,-0.106,0.036,0.0,13,4,8,0.092
Cnn3,-0.031,-0.102,0.066,0.0,13,5,8,-1.489
Rplp1,-0.031,-0.12,-0.022,0.0,13,1,8,-0.416
Pitpnb,-0.031,-0.06,0.091,0.0,13,5,8,-0.27
Mcu,-0.031,-0.162,0.099,0.0,12,5,7,-0.29
Mcm2,-0.031,-0.544,0.18,0.0017,10,4,5,-1.631
Rnf166,-0.031,-0.236,0.049,0.0,13,4,8,-1.147
Tsta3,-0.031,-0.102,0.112,0.0,12,3,7,0.01
Lats2,-0.031,-0.193,0.171,0.0,10,4,7,-2.912
Csf2ra,-0.031,-0.137,0.019,0.0,13,4,8,-0.016
Mcmbp,-0.031,-0.169,0.026,0.0,13,4,8,-0.613
Yars,-0.031,-0.189,0.095,0.0,13,5,8,0.438
Eif4a2,-0.032,-0.057,0.042,0.0,13,6,8,0.966
N4bp2l2,-0.032,-0.119,0.055,0.0,13,6,8,-0.855
Cnpy4,-0.032,-0.215,0.039,0.0,13,5,8,-1.286
Zfp423,-0.032,-0.073,0.119,0.0,13,6,8,0.452
Dhrs7,-0.032,-0.146,0.065,0.0,13,6,8,-0.025
Denr,-0.032,-0.105,0.016,0.0,13,4,8,0.156
Supt5,-0.032,-0.082,-0.005,0.0,12,2,7,0.11
Stat5a,-0.032,-0.278,0.528,0.0531,11,5,6,-1.392
Cops2,-0.032,-0.048,0.049,0.0,13,5,8,0.425
Zbtb7c,-0.032,-0.084,0.285,0.0,12,4,7,0.533
Rwdd1,-0.032,-0.137,0.011,0.0,13,4,8,0.247
Cfl1,-0.032,-0.06,-0.023,0.0,13,2,8,0.144
Pgk1,-0.032,-0.108,0.017,0.0,13,4,8,0.922
Wbp1,-0.032,-0.094,0.039,0.0,13,6,8,-0.245
Fhod3,-0.032,-0.184,0.07,0.0,13,5,8,1.283
Zfp639,-0.032,-0.071,0.053,0.0,13,6,8,0.196
Rasgef1a,-0.032,-0.195,0.342,0.0039,12,6,8,0.683
Nt5c3,-0.032,-0.043,0.011,0.0,13,5,8,0.905
Lrrc57,-0.032,-0.06,0.13,0.0,13,6,8,-0.296
Zc3h13,-0.032,-0.066,0.027,0.0,13,4,8,-0.294
Prkra,-0.032,-0.138,0.035,0.0,13,5,8,0.326
Pcbd2,-0.032,-0.098,0.023,0.0,13,5,8,0.102
Atp5j2,-0.032,-0.137,0.027,0.0,13,5,8,0.422
Gprin1,-0.032,-0.147,0.111,0.0,13,6,8,1.852
Psip1,-0.032,-0.103,-0.006,0.0,13,3,8,0.481
Sf3b3,-0.032,-0.069,0.136,0.0,13,4,8,-0.524
Nim1k,-0.032,-0.153,0.061,0.0,11,4,6,-0.13
Tpst1,-0.032,-0.13,0.106,0.0,13,4,8,-0.937
Scfd1,-0.032,-0.097,0.033,0.0,13,6,8,-0.395
Shisa2,-0.032,-0.123,0.245,0.0,12,4,7,-0.909
Acot8,-0.032,-0.09,0.106,0.0,13,5,8,0.286
Pcif1,-0.032,-0.122,0.057,0.0,13,5,8,-0.218
Commd10,-0.032,-0.152,0.031,0.0,12,4,7,-0.467
Cox5b,-0.032,-0.083,0.065,0.0,13,4,8,0.585
Rpa3,-0.032,-0.187,0.141,0.0,12,5,7,-1.442
Usp40,-0.032,-0.154,0.114,0.0,13,6,8,-0.965
Zfp825,-0.032,-0.078,0.046,0.0,12,4,7,-0.026
Tpm3,-0.032,-0.136,-0.008,0.0,13,3,8,-0.576
Tulp3,-0.032,-0.209,0.166,0.0,13,6,8,-1.284
Ndufa8,-0.032,-0.092,-0.012,0.0,13,3,8,0.473
Osbpl11,-0.032,-0.213,0.029,0.0,13,4,8,-0.261
Sugt1,-0.032,-0.052,-0.01,0.0,13,3,8,0.365
Blmh,-0.032,-0.113,0.043,0.0,13,4,8,0.197
Rbm4b,-0.032,-0.126,-0.003,0.0,13,3,8,-0.273
Prkar2b,-0.033,-0.115,0.147,0.0,13,5,8,0.995
Dbndd1,-0.033,-0.1,0.052,0.0,13,6,8,1.9
Ctps,-0.033,-0.106,0.043,0.0,13,4,8,0.732
2510009E07Rik,-0.033,-0.163,0.089,0.0001,11,4,7,-2.05
Acaa1a,-0.033,-0.132,0.119,0.0,13,6,8,-0.724
Aptx,-0.033,-0.291,0.012,0.0,13,4,8,0.408
Asna1,-0.033,-0.075,0.045,0.0,12,5,7,0.019
Spcs1,-0.033,-0.064,0.034,0.0,13,5,8,-0.179
Mrps11,-0.033,-0.087,0.008,0.0,13,5,8,-0.253
Tmem176b,-0.033,-0.086,0.077,0.0,13,4,8,0.256
Hspa14,-0.033,-0.232,0.012,0.0,13,5,8,-0.727
Tmem126a,-0.033,-0.082,0.08,0.0,13,6,8,0.467
Ube2v1,-0.033,-0.074,0.006,0.0,11,3,6,0.328
Zfp157,-0.033,-0.142,0.13,0.0,13,6,8,-0.227
Dda1,-0.033,-0.052,0.064,0.0,13,5,8,1.259
Thap2,-0.033,-0.099,0.159,0.0,12,4,7,-0.29
Cndp2,-0.033,-0.178,0.09,0.0,13,6,8,0.233
Tvp23b,-0.033,-0.175,0.109,0.0,12,5,7,-0.74
Mis12,-0.033,-0.614,0.048,0.0,12,6,7,-0.203
Meaf6,-0.033,-0.087,0.001,0.0,13,4,8,0.472
Trappc6b,-0.033,-0.072,-0.011,0.0,13,3,8,0.944
Tpst2,-0.033,-0.095,0.096,0.0,13,5,8,-0.537
Cdc42ep3,-0.033,-0.191,0.034,0.0,13,6,8,-0.677
Eif1,-0.033,-0.072,-0.015,0.0,13,2,8,0.17
Srrd,-0.033,-0.168,0.008,0.0,12,3,7,0.43
Fn3k,-0.033,-0.217,0.229,0.0002,13,5,8,1.769
Pias2,-0.033,-0.193,0.029,0.0,13,5,8,-0.41
Nsun3,-0.033,-0.144,0.106,0.0,11,4,6,-0.257
Vgll4,-0.033,-0.096,0.1,0.0,12,5,7,-1.769
Lsm6,-0.033,-0.153,0.0,0.0,13,4,8,0.106
Cops3,-0.033,-0.055,0.015,0.0,13,4,8,0.361
Cnpy2,-0.033,-0.178,-0.012,0.0,13,2,8,-0.927
Pwwp2a,-0.033,-0.125,0.065,0.0,13,5,8,-0.727
Ttc4,-0.033,-0.133,0.03,0.0,13,5,8,-0.102
Srsf11,-0.033,-0.1,-0.001,0.0,13,3,8,-0.452
Mrpl30,-0.033,-0.151,0.009,0.0,13,4,8,0.252
M6pr,-0.033,-0.152,0.11,0.0,13,5,8,-0.91
Grin3a,-0.033,-0.175,0.313,0.003,10,4,5,1.299
Vps37c,-0.033,-0.086,0.145,0.0,13,5,8,0.1
Mipol1,-0.033,-0.158,0.031,0.0,11,4,6,-0.306
Tmed2,-0.033,-0.086,0.023,0.0,13,4,8,-0.695
Ptms,-0.033,-0.057,0.014,0.0,13,4,8,0.109
Gm17484,-0.033,-0.199,0.134,0.0,10,4,5,1.902
Dlgap2,-0.033,-0.142,0.236,0.0,10,4,5,1.93
Pdcd5,-0.033,-0.081,0.03,0.0,13,5,8,0.291
A430033K04Rik,-0.033,-0.479,0.168,0.0,10,5,5,-0.067
Nme2,-0.034,-0.241,0.036,0.0,12,6,7,0.219
1600002K03Rik,-0.034,-0.123,0.101,0.0,12,4,7,0.364
Hnrnph2,-0.034,-0.176,0.017,0.0,13,5,8,-0.243
Eif2b3,-0.034,-0.123,0.092,0.0,13,6,8,0.46
Dpysl4,-0.034,-0.196,0.152,0.0,13,6,8,-0.071
Oat,-0.034,-0.149,0.021,0.0,13,5,8,-1.61
Rfk,-0.034,-0.155,0.1,0.0,13,5,8,0.332
Pak2,-0.034,-0.129,0.03,0.0,13,4,8,-0.908
Ran,-0.034,-0.085,-0.001,0.0,13,3,8,0.177
Eif2b1,-0.034,-0.095,0.017,0.0,13,4,8,0.227
Rcbtb2,-0.034,-0.231,0.078,0.0,13,6,8,-0.671
Zik1,-0.034,-0.284,0.059,0.0,12,4,7,0.62
Dmap1,-0.034,-0.116,0.095,0.0,13,6,8,0.0
Cdk2ap2,-0.034,-0.128,0.02,0.0,13,4,8,-0.518
Zbtb2,-0.034,-0.093,0.252,0.0,11,4,6,-1.174
Ddt,-0.034,-0.16,0.114,0.0,13,6,8,0.237
Crot,-0.034,-0.367,0.087,0.0,13,5,8,-0.91
Rnf6,-0.034,-0.134,-0.001,0.0,13,3,8,0.151
Ssh3,-0.034,-0.209,0.227,0.0,11,4,7,-0.214
Usp39,-0.034,-0.065,0.013,0.0,13,4,8,0.13
Zfp428,-0.034,-0.103,0.026,0.0,13,5,8,1.304
Ctsz,-0.034,-0.228,0.009,0.0,13,5,8,-1.284
Cxxc1,-0.034,-0.112,0.014,0.0,13,4,8,-0.531
Ctns,-0.034,-0.239,0.133,0.0,12,6,7,-1.242
Tacc1,-0.034,-0.185,0.102,0.0,13,6,8,-1.448
Commd4,-0.034,-0.135,0.06,0.0,13,5,8,0.285
Cox4i1,-0.034,-0.084,0.024,0.0,13,4,8,0.186
Cisd3,-0.034,-0.133,0.085,0.0,13,4,8,1.271
Cd9,-0.034,-0.213,0.206,0.0,13,5,8,0.408
Sestd1,-0.034,-0.181,0.075,0.0,12,4,7,0.176
Sbsn,-0.034,-0.161,-0.016,0.0,12,2,7,1.196
Trappc2,-0.034,-0.062,0.019,0.0,13,4,8,0.415
Scrn3,-0.034,-0.171,0.072,0.0,12,4,7,0.265
Adck2,-0.034,-0.119,0.142,0.0,13,6,8,0.115
Atat1,-0.034,-0.297,0.086,0.0,13,5,8,-0.233
Smchd1,-0.034,-0.221,0.041,0.0,13,5,8,-0.889
Sord,-0.034,-0.14,0.111,0.0,13,6,8,-0.147
Sfrp1,-0.034,-0.357,0.273,0.0,11,3,7,-4.963
Mab21l2,-0.034,-0.106,0.024,0.0,13,6,8,1.985
Atp6v1e1,-0.034,-0.091,0.052,0.0,13,5,8,1.047
Vmp1,-0.035,-0.105,0.09,0.0,13,5,8,-0.03
Tspan4,-0.035,-0.293,0.117,0.0,12,6,7,-0.672
Mrpl12,-0.035,-0.111,0.022,0.0,13,6,8,0.555
Wdr5,-0.035,-0.224,0.141,0.0,13,6,8,-0.153
Pak7,-0.035,-0.127,0.324,0.0041,12,5,7,2.173
D17H6S53E,-0.035,-0.393,0.204,0.0013,10,5,6,-0.762
H2-D1,-0.035,-0.128,0.04,0.0,13,5,8,-1.141
Ptger4,-0.035,-0.301,0.169,0.0009,12,6,7,-0.537
Gpi1,-0.035,-0.067,0.061,0.0,13,5,8,1.104
Vps45,-0.035,-0.18,0.034,0.0,13,5,8,0.264
D930028M14Rik,-0.035,-0.204,0.177,0.0,10,4,6,2.433
Nme4,-0.035,-0.268,0.166,0.0006,10,4,6,0.073
Akt1s1,-0.035,-0.077,0.038,0.0,13,5,8,0.12
Negr1,-0.035,-0.109,0.117,0.0,13,5,8,0.151
Tmem14a,-0.035,-0.103,0.105,0.0,13,6,8,0.75
Snapc1,-0.035,-0.131,0.096,0.0,13,5,8,0.63
Ninj1,-0.035,-0.221,0.038,0.0,13,6,8,-0.074
Cox7a2,-0.035,-0.127,-0.011,0.0,13,3,8,0.798
Krtcap2,-0.035,-0.078,0.026,0.0,13,5,8,-0.381
Ccdc181,-0.035,-0.1,0.108,0.0,11,5,6,0.462
Nt5dc2,-0.035,-0.149,0.129,0.0,13,6,8,0.323
Cmpk2,-0.035,-0.055,0.166,0.0,13,6,8,1.07
Tmub2,-0.035,-0.106,0.121,0.0,13,4,8,0.17
Mrps26,-0.035,-0.069,0.047,0.0,13,6,8,0.624
Rap1b,-0.035,-0.077,0.026,0.0,13,4,8,-0.392
Rbfa,-0.035,-0.117,0.009,0.0,13,5,8,0.177
Srpk1,-0.035,-0.145,0.019,0.0,13,5,8,0.474
Phactr1,-0.035,-0.111,0.061,0.0,13,6,8,1.176
Cend1,-0.035,-0.085,0.033,0.0,13,6,8,1.991
Zfp395,-0.035,-0.289,0.135,0.0,12,6,7,-1.12
Pip4k2c,-0.035,-0.091,0.131,0.0,13,5,8,-0.124
Smim15,-0.035,-0.113,0.189,0.0,12,5,7,-1.38
Cux1,-0.035,-0.11,-0.01,0.0,13,3,8,-0.879
Abhd17a,-0.035,-0.127,0.026,0.0,11,3,6,0.281
Arpc4,-0.035,-0.055,0.009,0.0,13,4,8,-0.012
Yjefn3,-0.035,-0.091,0.163,0.0006,11,5,6,0.65
Ccdc66,-0.035,-0.191,0.265,0.0,13,4,8,-0.411
Soga1,-0.035,-0.199,0.24,0.0004,11,4,6,-0.567
Mars,-0.035,-0.087,0.107,0.0,12,4,7,0.147
Ube2f,-0.035,-0.067,0.067,0.0,13,6,8,-0.209
Ndufs7,-0.035,-0.084,0.074,0.0,13,6,8,0.203
Rxrb,-0.035,-0.086,0.051,0.0,13,5,8,-0.081
C87436,-0.035,-0.113,0.101,0.0,13,6,8,-0.388
Rraga,-0.035,-0.068,0.126,0.0,13,6,8,0.659
6330418K02Rik,-0.035,-0.38,0.001,0.0,10,2,5,0.383
Trappc6a,-0.035,-0.13,-0.029,0.0,13,2,8,-0.374
Ruvbl1,-0.035,-0.138,0.036,0.0,13,5,8,0.071
Cfdp1,-0.036,-0.099,-0.004,0.0,13,3,8,0.254
Stoml2,-0.036,-0.093,0.048,0.0,13,5,8,0.143
Kbtbd3,-0.036,-0.135,0.032,0.0,13,5,8,-0.237
Rnf7,-0.036,-0.124,0.01,0.0,13,4,8,0.169
Cpt2,-0.036,-0.247,0.155,0.0,13,5,8,-0.235
Ldha,-0.036,-0.11,-0.008,0.0,13,3,8,0.758
Cbr1,-0.036,-0.128,0.064,0.0,13,5,8,0.7
Cdc5l,-0.036,-0.131,0.076,0.0,13,4,8,-0.165
Ttc33,-0.036,-0.095,0.002,0.0,13,4,8,0.454
Ccz1,-0.036,-0.118,0.069,0.0,13,5,8,-0.361
Rps20,-0.036,-0.144,-0.018,0.0,13,1,8,-0.27
Rbm28,-0.036,-0.113,0.025,0.0,13,5,8,-0.587
Eri3,-0.036,-0.085,0.1,0.0,13,6,8,0.372
Msra,-0.036,-0.226,0.059,0.0,13,6,8,-0.18
Derl2,-0.036,-0.161,0.164,0.0,13,5,8,-1.022
Tgfb1i1,-0.036,-0.075,0.058,0.0,13,5,8,0.353
Mill2,-0.036,-0.202,0.146,0.0,10,4,6,-0.955
Vma21,-0.036,-0.088,-0.0,0.0,13,3,8,-0.338
Snapin,-0.036,-0.052,0.032,0.0,13,5,8,0.041
Nob1,-0.036,-0.065,-0.001,0.0,13,3,8,0.075
Zkscan6,-0.036,-0.185,0.066,0.0,12,5,7,-0.273
Etfa,-0.036,-0.186,-0.02,0.0,13,2,8,-0.72
Exosc7,-0.036,-0.174,0.056,0.0,13,4,8,0.041
Mospd3,-0.036,-0.061,0.048,0.0,13,6,8,0.081
Fxr1,-0.036,-0.07,0.084,0.0,13,6,8,0.242
Chd7,-0.036,-0.406,0.089,0.0,12,5,7,-1.176
Prr13,-0.036,-0.104,0.067,0.0,13,5,8,0.994
Ndufa11,-0.036,-0.093,0.014,0.0,13,4,8,0.753
Nit1,-0.036,-0.102,0.026,0.0,12,4,7,-0.125
Psmc1,-0.036,-0.067,0.025,0.0,13,4,8,0.521
Nmd3,-0.036,-0.096,0.062,0.0,13,6,8,-0.161
Capns1,-0.036,-0.051,0.017,0.0,13,4,8,0.463
Srcap,-0.036,-0.155,0.144,0.0003,11,4,6,-0.998
Pdia6,-0.036,-0.076,0.085,0.0,13,6,8,-1.266
A130010J15Rik,-0.036,-0.602,0.14,0.0,12,6,7,0.055
Map1lc3a,-0.036,-0.059,-0.009,0.0,13,3,8,1.295
Pdrg1,-0.036,-0.105,0.04,0.0,13,5,8,0.281
Xpnpep1,-0.036,-0.08,0.153,0.0,13,6,8,-0.265
Xbp1,-0.036,-0.119,0.048,0.0,13,6,8,-0.132
Gpr108,-0.037,-0.119,0.171,0.0,13,6,8,-0.398
Heca,-0.037,-0.259,0.065,0.0,12,4,8,-0.172
Gpn2,-0.037,-0.361,0.081,0.0,12,5,7,-0.29
Lin7c,-0.037,-0.054,0.11,0.0,13,4,8,0.053
Cetn2,-0.037,-0.102,0.01,0.0,13,4,8,0.037
Yeats4,-0.037,-0.07,0.064,0.0,13,5,8,0.237
Aldoc,-0.037,-0.187,0.106,0.0,13,4,8,0.45
Atp6v1g1,-0.037,-0.104,0.039,0.0,13,4,8,0.285
Cacng3,-0.037,-0.242,0.146,0.0002,11,5,7,1.845
Arsb,-0.037,-0.269,0.087,0.0,13,6,8,-1.178
Csnk2b,-0.037,-0.083,-0.001,0.0,13,3,8,0.35
Ccni,-0.037,-0.123,0.07,0.0,13,5,8,0.214
Ccne2,-0.037,-0.377,0.092,0.0,10,4,6,-0.519
Stx12,-0.037,-0.058,0.017,0.0,13,5,8,0.366
Crcp,-0.037,-0.065,0.013,0.0,13,4,8,0.701
Tmsb10,-0.037,-0.142,0.011,0.0,13,4,8,1.211
Uqcrq,-0.037,-0.169,0.0,0.0,13,4,8,0.583
Kpnb1,-0.037,-0.106,0.129,0.0,13,6,8,0.064
Agbl3,-0.037,-0.273,0.158,0.0,10,4,5,-0.747
Sirt2,-0.037,-0.064,-0.002,0.0,13,3,8,-1.326
Eif2s1,-0.037,-0.101,0.052,0.0,13,4,8,0.109
Thoc5,-0.037,-0.103,0.095,0.0,13,5,8,0.258
Fars2,-0.037,-0.069,0.07,0.0,13,6,8,-0.166
Polr1c,-0.037,-0.14,-0.005,0.0,13,3,8,-0.033
Ddx42,-0.037,-0.107,-0.008,0.0,13,3,8,0.153
Nmrk1,-0.037,-0.534,0.056,0.0002,12,5,7,-0.788
Zfp422,-0.037,-0.176,0.14,0.0,13,4,8,-0.501
Grpel2,-0.037,-0.152,0.11,0.0,13,6,8,0.497
H2afj,-0.037,-0.18,0.059,0.0,12,5,7,-0.404
Ino80e,-0.037,-0.143,0.049,0.0,12,5,7,-0.179
Mrpl23,-0.037,-0.173,0.002,0.0,13,6,8,-0.008
Glrx3,-0.037,-0.101,0.037,0.0,13,4,8,0.345
Psmb10,-0.037,-0.156,-0.015,0.0,13,2,8,-0.022
Hspa2,-0.037,-0.128,0.064,0.0,13,5,8,0.397
Harbi1,-0.037,-0.659,0.059,0.0,12,6,7,0.121
Mrpl20,-0.037,-0.128,0.002,0.0,13,4,8,0.662
Skp1a,-0.037,-0.105,0.032,0.0,12,5,7,0.368
2510002D24Rik,-0.037,-0.139,0.013,0.0,13,4,8,0.496
Acat2,-0.037,-0.166,0.007,0.0,13,5,8,0.887
Ndufc1,-0.037,-0.133,-0.01,0.0,13,3,8,0.668
Ndufa13,-0.037,-0.074,0.009,0.0,13,5,8,-0.021
Psma3,-0.037,-0.056,-0.017,0.0,13,3,8,0.25
Ube2k,-0.038,-0.097,-0.012,0.0,13,3,8,0.158
Prpf6,-0.038,-0.138,0.019,0.0,13,4,8,0.02
Psma7,-0.038,-0.083,-0.001,0.0,13,3,8,0.613
Tmem94,-0.038,-0.112,0.257,0.0014,11,5,6,-0.931
Snhg6,-0.038,-0.143,-0.009,0.0,13,2,8,0.535
Alkbh3,-0.038,-0.07,0.167,0.0,13,5,8,-0.336
Akr1a1,-0.038,-0.088,0.036,0.0,13,4,8,0.536
Uchl1,-0.038,-0.066,-0.007,0.0,13,3,8,1.911
Lix1,-0.038,-0.121,0.033,0.0,13,4,8,1.888
Jtb,-0.038,-0.079,0.068,0.0,13,5,8,-0.398
Ppp4c,-0.038,-0.099,0.124,0.0,13,6,8,-0.472
Ebf1,-0.038,-0.18,-0.011,0.0,12,2,7,0.725
Wdr74,-0.038,-0.096,-0.003,0.0,13,3,8,0.579
Tfb1m,-0.038,-0.273,0.254,0.0,11,5,7,0.229
Wdr18,-0.038,-0.118,0.013,0.0,13,4,8,0.274
Hunk,-0.038,-0.229,0.102,0.0,13,5,8,0.024
Rnf169,-0.038,-0.336,0.096,0.0,11,4,7,-0.755
Atf4,-0.038,-0.222,-0.015,0.0,13,2,8,-0.315
Aen,-0.038,-0.13,0.004,0.0,12,4,7,0.271
Pde12,-0.038,-0.187,0.097,0.0,12,5,7,-0.7
Cage1,-0.038,-0.254,0.228,0.0,10,4,6,0.817
Sdhaf4,-0.038,-0.112,0.157,0.0,11,4,6,0.439
Tpgs1,-0.038,-0.109,0.027,0.0,12,3,7,0.585
Top1mt,-0.038,-0.244,0.296,0.0063,10,4,6,-0.03
4732491K20Rik,-0.038,-0.147,0.122,0.0,12,5,7,0.224
Ythdc1,-0.038,-0.133,0.02,0.0,13,5,8,-0.401
Ubxn6,-0.038,-0.086,0.01,0.0,13,4,8,0.84
Calu,-0.038,-0.118,0.113,0.0,13,5,8,-1.68
Spg20,-0.038,-0.105,0.196,0.0,13,6,8,-1.72
Mok,-0.038,-0.276,0.168,0.001,10,5,5,0.147
Spg21,-0.038,-0.195,-0.023,0.0,13,3,8,-0.469
Lyrm7,-0.038,-0.186,0.004,0.0,11,3,7,0.591
Zfp609,-0.038,-0.295,0.151,0.0,12,6,7,-0.427
Zfp182,-0.038,-0.319,0.103,0.0,12,6,7,-0.507
Ola1,-0.038,-0.057,0.038,0.0,13,5,8,0.853
Nup160,-0.038,-0.244,0.084,0.0,10,5,6,-0.947
Ogfr,-0.038,-0.075,0.077,0.0,13,6,8,-0.177
Rpl23,-0.038,-0.129,-0.012,0.0,13,3,8,-0.2
Rpl3,-0.038,-0.16,-0.025,0.0,13,2,8,0.037
Ccdc85b,-0.038,-0.076,0.039,0.0,13,6,8,0.164
Mphosph9,-0.039,-0.218,0.205,0.0,13,6,8,-0.133
Fscn1,-0.039,-0.151,0.039,0.0,13,4,8,0.532
Aimp1,-0.039,-0.091,0.072,0.0,13,4,8,0.374
Aamdc,-0.039,-0.188,0.033,0.0,12,4,7,-0.57
Psmd8,-0.039,-0.078,0.025,0.0,13,5,8,0.322
Ppp2r2d,-0.039,-0.076,0.065,0.0,13,5,8,0.571
1700052K11Rik,-0.039,-0.124,0.035,0.0,10,4,5,-0.135
Prpf3,-0.039,-0.371,0.025,0.0,13,4,8,-0.316
Vkorc1,-0.039,-0.124,0.067,0.0,13,5,8,-1.426
Ing5,-0.039,-0.333,0.086,0.0,11,3,7,-0.819
Tsc22d2,-0.039,-0.086,0.07,0.0,13,6,8,-1.011
Rcl1,-0.039,-0.157,0.035,0.0,13,5,8,0.065
Eef1d,-0.039,-0.149,0.105,0.0,13,5,8,-1.395
Ddrgk1,-0.039,-0.127,-0.024,0.0,13,2,8,-0.419
Ddah1,-0.039,-0.261,0.23,0.0005,13,6,8,1.142
Tbck,-0.039,-0.132,0.141,0.0,13,5,8,0.188
Tiprl,-0.039,-0.127,0.003,0.0,13,4,8,0.108
Flywch1,-0.039,-0.073,0.18,0.0,13,6,8,1.204
Tm2d1,-0.039,-0.046,0.035,0.0,13,5,8,0.462
Tsr2,-0.039,-0.058,0.066,0.0,13,6,8,0.593
Grb10,-0.039,-0.337,0.074,0.0,12,5,7,-0.875
Fahd2a,-0.039,-0.148,0.038,0.0,13,4,8,0.174
Timm13,-0.039,-0.159,-0.014,0.0,13,3,8,0.322
Morf4l2,-0.039,-0.114,-0.011,0.0,13,3,8,-0.072
Rpl31,-0.039,-0.116,0.007,0.0,13,4,8,-0.008
Myl6,-0.039,-0.163,-0.011,0.0,13,3,8,-0.316
Cox6a1,-0.039,-0.071,-0.01,0.0,13,3,8,0.744
Swap70,-0.039,-0.604,0.164,0.0,10,4,6,-2.557
Capza1,-0.039,-0.172,0.005,0.0,13,4,8,0.026
St6gal1,-0.039,-0.113,0.121,0.0,13,5,8,-0.436
Cand2,-0.039,-0.102,0.143,0.0,10,4,6,-0.875
Gm42517,-0.039,-0.237,0.119,0.0,10,4,6,1.712
BC031181,-0.039,-0.058,-0.003,0.0,13,3,8,0.462
Snx5,-0.039,-0.116,0.009,0.0,13,4,8,-1.405
Arf6,-0.039,-0.128,-0.024,0.0,13,3,8,-0.475
Dus2,-0.039,-0.114,0.206,0.0,11,5,6,0.119
Arpp19,-0.039,-0.111,-0.012,0.0,13,2,8,-0.189
Alad,-0.039,-0.199,0.01,0.0,13,5,8,-0.4
2610008E11Rik,-0.039,-0.096,0.098,0.0,13,6,8,-0.227
Smarca5,-0.039,-0.133,0.009,0.0,13,5,8,-0.408
Ndufb8,-0.039,-0.101,0.057,0.0,13,4,8,0.467
Smurf2,-0.04,-0.223,0.097,0.0,13,5,8,-0.651
Aasdhppt,-0.04,-0.176,0.019,0.0,13,5,8,-0.049
Smarcd3,-0.04,-0.155,0.234,0.0,13,6,8,-0.317
Smg7,-0.04,-0.257,0.117,0.0,13,6,8,-0.09
Plekha5,-0.04,-0.207,0.142,0.0,13,6,8,0.215
Zfp13,-0.04,-0.23,0.087,0.0,12,5,7,0.482
Tox4,-0.04,-0.092,0.003,0.0,13,4,8,-0.053
Zfp518b,-0.04,-0.234,0.181,0.0,12,6,7,0.26
Phf23,-0.04,-0.115,0.008,0.0,13,4,8,-0.154
Dap3,-0.04,-0.132,0.025,0.0,13,4,8,0.2
Nup35,-0.04,-0.144,0.023,0.0,12,4,7,0.119
Tbl3,-0.04,-0.157,0.059,0.0,13,5,8,-0.032
Tgfbr1,-0.04,-0.077,0.236,0.0,13,6,8,-0.698
Rab28,-0.04,-0.085,-0.021,0.0,13,3,8,-0.6
Mrps12,-0.04,-0.151,0.036,0.0,13,4,8,0.316
Mrm1,-0.04,-0.165,0.095,0.0,13,6,8,0.963
Rab24,-0.04,-0.075,0.061,0.0,13,6,8,-0.217
Fkbp2,-0.04,-0.089,0.018,0.0,13,4,8,0.105
Gnb4,-0.04,-0.124,0.037,0.0,13,5,8,0.761
Gltp,-0.04,-0.21,0.092,0.0,13,4,8,-3.046
Dcakd,-0.04,-0.069,0.052,0.0,13,5,8,0.429
Slirp,-0.04,-0.157,0.036,0.0,12,4,7,0.222
Eif3a,-0.04,-0.056,0.018,0.0,13,4,8,-0.017
Kif1c,-0.04,-0.647,0.097,0.0002,11,5,7,-2.781
Micu1,-0.04,-0.099,0.024,0.0,12,6,7,0.071
Nat9,-0.04,-0.1,0.099,0.0012,13,5,8,0.11
Crim1,-0.04,-0.263,0.266,0.0044,11,5,7,0.33
Rnps1,-0.04,-0.062,0.118,0.0,13,5,8,0.281
Snrpd1,-0.04,-0.082,-0.03,0.0,13,2,8,0.07
Ube2d1,-0.04,-0.07,-0.009,0.0,13,3,8,0.832
Ndufa7,-0.04,-0.135,-0.025,0.0,13,3,8,0.246
U2af1l4,-0.04,-0.108,0.059,0.0,10,3,6,0.157
Sod2,-0.04,-0.059,-0.023,0.0,13,2,8,0.17
Nbn,-0.04,-0.094,0.366,0.0059,12,5,8,-0.511
Atp5b,-0.04,-0.12,-0.017,0.0,13,3,8,0.247
Bloc1s2,-0.04,-0.132,0.024,0.0,12,5,7,0.8
Lgals1,-0.041,-0.111,0.074,0.0,13,5,8,0.072
G2e3,-0.041,-0.254,0.115,0.0,12,5,7,-1.105
Gpatch1,-0.041,-0.077,0.059,0.0,13,5,8,-0.112
Kcnk3,-0.041,-0.205,0.176,0.0,12,5,7,0.417
Akip1,-0.041,-0.359,0.085,0.0,11,4,6,-0.323
1110032A03Rik,-0.041,-0.139,0.027,0.0,13,5,8,0.434
Smad4,-0.041,-0.087,0.141,0.0,13,6,8,-0.33
AI504432,-0.041,-0.189,0.123,0.0,11,5,7,1.19
Lmna,-0.041,-0.151,0.147,0.0,13,6,8,-1.292
Plekho2,-0.041,-0.306,0.122,0.0,11,5,7,-1.582
Pmvk,-0.041,-0.1,0.013,0.0,13,5,8,0.753
Pcp4,-0.041,-0.211,0.052,0.0,13,5,8,2.409
Mbd3,-0.041,-0.138,0.003,0.0,13,4,8,-0.221
Klhdc2,-0.041,-0.1,0.062,0.0,13,6,8,0.522
Mettl8,-0.041,-0.131,0.091,0.0,13,6,8,0.595
Immp2l,-0.041,-0.212,0.191,0.0,10,5,6,0.088
Slc22a15,-0.041,-0.186,0.059,0.0001,12,4,7,-0.14
Slc8a2,-0.041,-0.375,0.235,0.0,10,5,5,1.505
Cnot6,-0.041,-0.16,0.015,0.0,13,5,8,-0.714
Gas8,-0.041,-0.212,-0.009,0.0,13,2,8,0.324
Ddx28,-0.041,-0.097,0.005,0.0,12,3,7,0.457
Tceal8,-0.041,-0.152,0.018,0.0,13,4,8,-0.344
Dhx40,-0.041,-0.096,0.115,0.0,13,6,8,-0.299
Ankle2,-0.041,-0.249,0.086,0.0,13,6,8,-0.515
Slc25a20,-0.041,-0.128,0.128,0.0,13,6,8,-0.158
Rpl21,-0.041,-0.148,-0.003,0.0,13,3,8,-0.252
Coq4,-0.041,-0.067,0.058,0.0,13,5,8,0.5
Naa20,-0.041,-0.061,0.104,0.0,13,5,8,0.178
Ubxn1,-0.041,-0.098,0.042,0.0,13,6,8,-0.217
Bola2,-0.041,-0.121,0.014,0.0,13,4,8,0.521
Myl12b,-0.041,-0.094,0.046,0.0,13,4,8,0.328
Tmem158,-0.041,-0.189,0.047,0.0,12,4,7,-0.448
Ddx5,-0.042,-0.067,0.033,0.0,13,6,8,-0.426
Ddx59,-0.042,-0.255,0.027,0.0,11,3,6,-0.256
Cyth2,-0.042,-0.114,0.003,0.0,13,4,8,0.324
Efna1,-0.042,-0.254,0.217,0.0,10,5,6,-1.424
Sf3b2,-0.042,-0.082,0.015,0.0,13,5,8,-0.072
Gm14305,-0.042,-0.137,-0.004,0.0,10,2,6,-0.223
Cdkn2aip,-0.042,-0.432,0.104,0.0,13,6,8,-1.017
Pdcl3,-0.042,-0.118,0.044,0.0,13,5,8,0.166
Zfp239,-0.042,-0.448,0.106,0.0,12,4,7,1.394
Pfdn5,-0.042,-0.127,0.014,0.0,13,4,8,-0.03
Kdm3a,-0.042,-0.144,0.126,0.0,13,6,8,-0.917
Lin52,-0.042,-0.407,0.075,0.0,12,5,7,-0.36
Tmem177,-0.042,-0.245,0.178,0.0,12,5,7,0.509
Acot9,-0.042,-0.102,0.024,0.0,13,4,8,0.41
Vps4a,-0.042,-0.064,0.047,0.0,13,5,8,0.638
Rtel1,-0.042,-0.415,0.084,0.0,13,6,8,0.36
Acyp2,-0.042,-0.166,0.022,0.0,13,5,8,0.303
Spty2d1,-0.042,-0.072,0.078,0.0,13,5,8,-1.249
Scx,-0.042,-0.125,0.096,0.0,13,4,8,1.982
Alkbh2,-0.042,-0.143,0.078,0.0,12,5,7,0.183
Mfsd12,-0.042,-0.18,0.209,0.0,11,5,6,0.358
Il3ra,-0.042,-0.309,0.101,0.0,10,4,5,-1.301
Ankrd39,-0.042,-0.147,-0.014,0.0,13,2,8,-0.001
Rpl26,-0.042,-0.188,-0.016,0.0,12,2,7,-0.097
Lipe,-0.042,-0.188,0.185,0.0001,12,6,7,-0.435
Tspyl5,-0.042,-0.141,-0.025,0.0,13,3,8,0.76
Thop1,-0.042,-0.122,0.156,0.0,13,6,8,0.411
Cox14,-0.042,-0.122,0.024,0.0,12,3,7,-0.071
Hnrnpl,-0.042,-0.084,0.002,0.0,13,4,8,-0.669
Psmg4,-0.042,-0.133,0.017,0.0,13,4,8,0.187
Psmc3,-0.042,-0.099,-0.004,0.0,13,3,8,0.155
Rabgef1,-0.042,-0.158,0.058,0.0,13,5,8,-0.064
Rgs9,-0.042,-0.257,0.118,0.0,13,6,8,1.196
Slc46a1,-0.043,-0.455,0.324,0.0111,10,3,6,-0.427
2310057M21Rik,-0.043,-0.156,0.075,0.0,13,6,8,0.556
Gm9844,-0.043,-0.19,0.059,0.0,10,4,5,1.167
Gpr173,-0.043,-0.204,0.147,0.0,11,5,6,0.284
Zfp931,-0.043,-0.139,0.307,0.0,13,6,8,-0.259
Zbtb11os1,-0.043,-0.191,0.317,0.0049,10,4,5,0.488
Uba52,-0.043,-0.152,-0.021,0.0,13,3,8,-0.265
Cdc42,-0.043,-0.069,-0.003,0.0,13,3,8,0.095
Chchd1,-0.043,-0.103,0.014,0.0,13,4,8,0.357
Pebp1,-0.043,-0.063,-0.01,0.0,13,3,8,0.303
Pfdn2,-0.043,-0.084,-0.011,0.0,13,2,8,0.563
Pir,-0.043,-0.164,0.246,0.0,13,5,8,0.645
Klhl12,-0.043,-0.148,0.151,0.0,13,6,8,0.527
Trappc4,-0.043,-0.095,0.001,0.0,13,4,8,0.957
Trmt11,-0.043,-0.227,0.108,0.0,13,6,8,-0.305
Nt5c3b,-0.043,-0.144,0.024,0.0,11,5,6,0.167
Srrm1,-0.043,-0.074,-0.008,0.0,13,3,8,-0.552
Upf2,-0.043,-0.083,0.114,0.0,13,5,8,-0.994
Fat1,-0.043,-0.233,0.651,0.0283,10,5,5,-3.685
Hist3h2a,-0.043,-0.126,0.085,0.0,12,4,7,0.247
Gfer,-0.043,-0.092,-0.014,0.0,13,3,8,-0.027
Fyn,-0.043,-0.144,0.056,0.0,13,5,8,-0.214
Psmb2,-0.043,-0.089,0.043,0.0,13,6,8,0.124
Mrpl34,-0.043,-0.139,0.005,0.0,13,4,8,0.997
Tasp1,-0.043,-0.349,0.124,0.0001,13,6,8,0.362
Nsun5,-0.043,-0.162,0.092,0.0,13,6,8,0.046
Csmd1,-0.043,-0.483,0.155,0.0006,10,4,7,-3.088
Spsb3,-0.043,-0.142,0.136,0.0,13,5,8,0.356
Ndufa6,-0.043,-0.102,-0.008,0.0,13,2,8,0.053
Ndufb10,-0.043,-0.081,-0.01,0.0,13,3,8,0.465
Apba3,-0.043,-0.219,0.121,0.0,13,6,8,-0.54
Eif4b,-0.043,-0.1,0.058,0.0,13,5,8,0.092
Fbxl6,-0.043,-0.162,0.09,0.0,13,5,8,-0.454
Rab3ip,-0.043,-0.143,0.011,0.0,13,4,8,0.464
Cycs,-0.043,-0.137,-0.023,0.0,13,3,8,1.03
Ssbp4,-0.043,-0.061,0.043,0.0,13,5,8,0.04
Msh2,-0.043,-0.143,0.12,0.0,13,5,8,0.119
Pradc1,-0.043,-0.138,0.193,0.0011,12,5,7,-0.17
Malsu1,-0.043,-0.071,0.055,0.0,12,5,7,0.144
Riok1,-0.043,-0.115,0.002,0.0,13,4,8,-0.249
Ubap2l,-0.044,-0.098,0.045,0.0,13,5,8,-0.17
1600020E01Rik,-0.044,-0.188,0.044,0.0,13,5,8,-0.033
Pole4,-0.044,-0.078,0.08,0.0,13,4,8,0.008
Lims2,-0.044,-0.367,0.165,0.0081,11,5,7,-2.089
Mdh1,-0.044,-0.056,0.055,0.0,13,5,8,0.718
Zadh2,-0.044,-0.279,0.042,0.0,13,6,8,-0.427
Pdcd6,-0.044,-0.07,-0.017,0.0,13,2,8,-0.451
Igbp1,-0.044,-0.107,0.012,0.0,13,4,8,-0.153
Zfp667,-0.044,-0.205,0.014,0.0,13,4,8,0.345
Polb,-0.044,-0.075,0.057,0.0,13,5,8,0.881
Rbm48,-0.044,-0.066,0.026,0.0,12,4,7,-0.298
Dpm1,-0.044,-0.068,0.081,0.0,13,6,8,-0.361
D8Ertd738e,-0.044,-0.124,0.038,0.0,13,5,8,0.031
Cuedc2,-0.044,-0.127,0.006,0.0,13,4,8,-0.039
Dgcr8,-0.044,-0.181,0.069,0.0,13,6,8,0.13
Eif3d,-0.044,-0.097,0.009,0.0,13,4,8,0.079
Dnajc7,-0.044,-0.096,-0.011,0.0,13,3,8,0.189
Gxylt1,-0.044,-0.243,0.133,0.0001,12,5,7,-1.416
Mrpl50,-0.044,-0.104,0.017,0.0,13,4,8,0.312
Gabarapl2,-0.044,-0.085,0.005,0.0,13,4,8,0.887
Tbcb,-0.044,-0.065,-0.011,0.0,13,3,8,0.628
Mpc2,-0.044,-0.067,0.057,0.0,12,5,7,0.174
Drg1,-0.044,-0.107,-0.019,0.0,13,3,8,0.305
Uchl5,-0.044,-0.081,0.076,0.0,13,5,8,0.073
Ttyh1,-0.044,-0.171,0.324,0.0015,13,6,8,-3.624
Cbx5,-0.044,-0.123,0.005,0.0,13,6,8,0.117
Uqcr11,-0.044,-0.13,0.045,0.0,13,4,8,0.276
Ccdc82,-0.044,-0.226,0.106,0.0,13,5,8,-0.001
Ccl25,-0.044,-0.205,0.074,0.0,13,4,8,-0.021
Chfr,-0.044,-0.085,0.098,0.0,13,6,8,0.228
Brd7,-0.044,-0.119,0.024,0.0,13,6,8,-0.287
Ankra2,-0.044,-0.124,0.107,0.0,13,5,8,0.805
Bcl7b,-0.044,-0.089,0.077,0.0,13,6,8,-0.328
Scg5,-0.044,-0.096,0.053,0.0,13,5,8,1.906
Ap1s1,-0.044,-0.071,0.002,0.0,13,4,8,0.865
Ndufa12,-0.044,-0.081,0.039,0.0,13,4,8,0.377
Shd,-0.044,-0.109,0.065,0.0,13,5,8,1.582
Ndufa5,-0.044,-0.079,0.071,0.0,13,4,8,0.855
Ndufaf2,-0.044,-0.088,0.05,0.0,13,5,8,0.161
Frat2,-0.045,-0.121,0.053,0.0,12,4,7,-0.807
Chordc1,-0.045,-0.128,0.012,0.0,13,4,8,0.401
Leo1,-0.045,-0.104,0.003,0.0,13,5,8,0.0
Rps19bp1,-0.045,-0.109,0.06,0.0,13,5,8,0.281
Clns1a,-0.045,-0.139,-0.002,0.0,13,2,8,0.053
Snrpe,-0.045,-0.115,-0.017,0.0,13,2,8,0.058
Mtus2,-0.045,-0.225,0.067,0.0,13,5,8,2.127
Coq10a,-0.045,-0.061,0.044,0.0,13,5,8,0.692
Cog6,-0.045,-0.111,-0.004,0.0,13,3,8,0.055
Cntrob,-0.045,-0.12,0.225,0.0,12,5,7,0.17
Tm7sf3,-0.045,-0.225,0.039,0.0,13,5,8,-2.399
Hnrnpdl,-0.045,-0.1,0.05,0.0,11,5,6,-0.764
Bet1l,-0.045,-0.111,0.036,0.0,13,5,8,-0.292
Hnrnpm,-0.045,-0.159,0.008,0.0,13,4,8,-0.762
Rnf146,-0.045,-0.127,0.024,0.0,13,5,8,-0.081
Nanos3,-0.045,-0.147,0.11,0.0,10,4,5,0.881
Srsf3,-0.045,-0.161,-0.027,0.0,13,3,8,-0.35
Gm6710,-0.045,-0.142,-0.0,0.0,11,2,6,-0.048
Mrgbp,-0.045,-0.247,0.053,0.0,11,4,6,-0.461
Coa4,-0.045,-0.308,0.107,0.0,12,6,7,0.639
Smim4,-0.045,-0.117,0.032,0.0,12,4,7,-0.085
Zfp760,-0.045,-0.216,0.071,0.0,13,6,8,-0.27
Nudc,-0.045,-0.125,0.007,0.0,13,4,8,0.157
Hnrnpa3,-0.045,-0.064,0.021,0.0,13,6,8,-0.637
Srp19,-0.045,-0.095,0.111,0.0,13,6,8,0.247
Cep44,-0.045,-0.175,0.061,0.0,12,5,7,-0.297
Gm16701,-0.045,-0.26,0.196,0.0002,11,5,6,1.413
Rpl36al,-0.045,-0.167,-0.009,0.0,13,3,8,0.315
Lgr4,-0.045,-0.144,0.094,0.0,13,6,8,-2.094
Mrfap1,-0.045,-0.067,-0.018,0.0,13,3,8,-0.146
Sf3b5,-0.045,-0.096,-0.017,0.0,13,3,8,-0.327
Tirap,-0.045,-0.172,0.199,0.0019,10,5,6,-0.73
Prdm2,-0.045,-0.173,0.116,0.0,13,6,8,-0.267
Haus8,-0.045,-0.153,0.004,0.0,13,4,8,-0.453
Kansl2,-0.045,-0.231,0.083,0.0,12,5,7,0.159
Psmb4,-0.046,-0.111,0.078,0.0,13,5,8,0.335
Hspe1,-0.046,-0.157,-0.013,0.0,13,3,8,0.185
Svbp,-0.046,-0.263,0.019,0.0,11,4,6,-0.39
Tceal5,-0.046,-0.289,0.055,0.0,13,6,8,1.91
Cnep1r1,-0.046,-0.113,0.024,0.0,12,4,7,-0.4
Sdhd,-0.046,-0.082,-0.014,0.0,13,3,8,0.434
Sys1,-0.046,-0.087,0.004,0.0,13,5,8,-0.86
Bpgm,-0.046,-0.153,-0.004,0.0,13,3,8,-0.45
Elfn2,-0.046,-0.099,0.195,0.0,10,4,6,2.09
Thoc7,-0.046,-0.076,0.025,0.0,13,5,8,0.356
Swt1,-0.046,-0.178,0.051,0.0,12,5,7,-0.953
Capza2,-0.046,-0.058,0.03,0.0,13,5,8,0.078
Pigp,-0.046,-0.063,0.116,0.0,13,6,8,0.005
Zcchc17,-0.046,-0.098,0.034,0.0,13,4,8,0.504
Acbd3,-0.046,-0.131,0.014,0.0,13,4,8,0.004
Nr1h2,-0.046,-0.112,-0.011,0.0,13,3,8,-0.264
Sp3os,-0.046,-0.13,0.009,0.0,11,3,6,-0.653
Nup43,-0.046,-0.196,0.046,0.0,12,4,7,-0.111
Fam89b,-0.046,-0.072,0.011,0.0,11,3,7,0.233
Fau,-0.046,-0.115,-0.029,0.0,13,1,8,-0.131
Gstm5,-0.046,-0.082,0.013,0.0,13,4,8,0.366
Bhlhe41,-0.046,-0.254,0.191,0.0,13,5,8,0.264
Mdm2,-0.046,-0.213,0.055,0.0,13,5,8,-0.333
D6Wsu163e,-0.046,-0.124,0.178,0.0,12,6,7,0.977
Gt(ROSA)26Sor,-0.046,-0.12,0.097,0.0,13,5,8,-0.331
Mettl22,-0.046,-0.131,0.04,0.0,13,5,8,1.294
Stx17,-0.046,-0.091,-0.003,0.0,13,3,8,-0.345
Eif4ebp1,-0.046,-0.299,0.185,0.0,11,5,6,-0.724
Mad2l1bp,-0.046,-0.168,0.022,0.0,12,4,7,-0.038
Tm2d2,-0.046,-0.07,-0.01,0.0,13,3,8,0.049
Cebpz,-0.046,-0.083,0.009,0.0,13,4,8,-0.044
Nol12,-0.046,-0.116,0.022,0.0,13,5,8,0.408
Zfp330,-0.046,-0.09,0.06,0.0,13,5,8,0.124
Atp5e,-0.046,-0.176,-0.007,0.0,13,3,8,0.243
Ndufs5,-0.046,-0.14,0.042,0.0,12,4,7,0.82
Asb13,-0.046,-0.331,0.109,0.0,13,6,8,0.513
Crbn,-0.046,-0.168,0.021,0.0,13,5,8,0.81
Xrn2,-0.046,-0.158,0.056,0.0,13,6,8,-0.593
Btf3l4,-0.046,-0.2,0.009,0.0,13,4,8,0.075
Eif3m,-0.046,-0.127,0.011,0.0,13,4,8,-0.072
Snrpb2,-0.047,-0.12,-0.003,0.0,13,3,8,0.068
Elk1,-0.047,-0.171,0.124,0.0,11,4,6,-0.525
Stk32a,-0.047,-0.521,0.074,0.0,10,4,6,1.162
Plekhj1,-0.047,-0.091,0.002,0.0,13,4,8,-0.003
Etaa1,-0.047,-0.375,0.027,0.0,13,4,8,0.206
Rpl7l1,-0.047,-0.169,0.007,0.0,13,4,8,-0.593
Ucp2,-0.047,-0.333,-0.009,0.0,13,3,8,-0.792
Ndufa1,-0.047,-0.08,-0.028,0.0,13,2,8,0.402
Zbed3,-0.047,-0.58,0.056,0.0,11,5,6,-1.168
Rsl24d1,-0.047,-0.173,0.02,0.0,13,5,8,-0.044
Zc3h10,-0.047,-0.26,0.09,0.0,12,6,7,-0.424
Rab31,-0.047,-0.149,0.084,0.0,12,4,7,-1.978
Nit2,-0.047,-0.123,0.128,0.0,13,4,8,-0.159
Fam136a,-0.047,-0.193,0.002,0.0,13,4,8,0.371
Rpl6,-0.047,-0.125,-0.03,0.0,13,1,8,0.008
Bcar1,-0.047,-0.155,0.251,0.0,13,6,8,-0.101
Wbp11,-0.047,-0.132,0.046,0.0,13,6,8,0.112
Bnip1,-0.047,-0.109,0.158,0.0,13,6,8,0.189
Rbms2,-0.047,-0.218,0.323,0.0015,12,5,7,-1.951
Zfp266,-0.047,-0.241,0.07,0.0,13,5,8,-0.361
Cdadc1,-0.047,-0.161,0.035,0.0,13,5,8,0.229
Med29,-0.047,-0.118,0.186,0.0,13,5,8,0.302
D030056L22Rik,-0.047,-0.146,0.063,0.0,13,5,8,0.338
Mrpl4,-0.047,-0.097,0.007,0.0,13,4,8,-0.183
Rad52,-0.047,-0.194,0.184,0.0,13,6,8,0.094
Eif4a1,-0.047,-0.092,0.023,0.0,13,4,8,-0.014
Ino80b,-0.047,-0.068,-0.018,0.0,13,3,8,0.165
Slc25a39,-0.047,-0.122,0.019,0.0,13,4,8,0.656
Skida1,-0.047,-0.365,0.056,0.0,10,4,5,-0.76
Psmb7,-0.047,-0.097,0.019,0.0,13,4,8,0.572
Rps7,-0.047,-0.191,-0.02,0.0,13,2,8,-0.033
Mrpl33,-0.047,-0.141,0.042,0.0,13,4,8,-0.046
Zfyve19,-0.047,-0.136,0.127,0.0,13,5,8,0.075
Hs2st1,-0.047,-0.224,0.06,0.0,13,4,8,-1.151
Hsd17b11,-0.047,-0.106,0.039,0.0,13,5,8,-1.142
Brms1,-0.047,-0.114,0.143,0.0,12,4,7,-0.059
Neat1,-0.047,-0.302,0.23,0.0,12,5,7,-1.791
Atp5o,-0.047,-0.144,-0.009,0.0,12,2,7,0.602
1700030K09Rik,-0.048,-0.585,0.137,0.0,11,5,6,-0.526
Qdpr,-0.048,-0.118,0.018,0.0,13,4,8,0.631
Aimp2,-0.048,-0.078,0.074,0.0,13,4,8,0.708
Tgs1,-0.048,-0.156,0.003,0.0,13,4,8,-0.265
Antxr2,-0.048,-0.26,0.218,0.0008,10,4,7,-2.745
St13,-0.048,-0.104,0.045,0.0,13,4,8,-0.132
Wdr61,-0.048,-0.138,-0.006,0.0,13,3,8,-0.171
Tmco1,-0.048,-0.113,0.069,0.0,13,5,8,-0.38
Cab39l,-0.048,-0.111,0.093,0.0,13,5,8,-0.932
Ggct,-0.048,-0.117,0.067,0.0,10,4,6,-1.396
Gdap2,-0.048,-0.158,0.086,0.0,13,5,8,0.304
Rpl27,-0.048,-0.17,-0.006,0.0,13,2,8,-0.009
Zmat2,-0.048,-0.113,0.047,0.0,13,5,8,0.365
Mydgf,-0.048,-0.088,0.08,0.0,11,5,6,-0.426
Nop58,-0.048,-0.12,-0.022,0.0,13,2,8,-0.256
Hist3h2ba,-0.048,-0.153,0.175,0.0,12,5,7,1.438
Actr10,-0.048,-0.08,-0.004,0.0,13,3,8,0.446
Sh3bgrl3,-0.048,-0.109,0.04,0.0,13,5,8,0.732
Mrpl22,-0.048,-0.155,0.174,0.0,13,5,8,-0.036
Psma6,-0.048,-0.119,0.004,0.0,13,4,8,0.272
Mpg,-0.048,-0.414,0.017,0.0,13,6,8,-0.877
Cct5,-0.048,-0.081,-0.042,0.0,13,2,8,0.312
Gnb2,-0.048,-0.058,0.003,0.0,13,4,8,0.28
Syap1,-0.048,-0.129,0.012,0.0,13,4,8,-0.506
Wasf2,-0.048,-0.088,0.007,0.0,13,4,8,-1.784
Gss,-0.048,-0.103,0.118,0.0,13,6,8,-0.049
Ociad2,-0.048,-0.203,0.095,0.0004,13,6,8,1.459
Rnf25,-0.048,-0.152,0.028,0.0,13,4,8,0.249
Cuta,-0.048,-0.124,-0.005,0.0,13,3,8,-0.273
Ccdc28b,-0.049,-0.163,0.04,0.0,13,5,8,-0.044
Ndufb4,-0.049,-0.15,0.014,0.0,13,5,8,0.448
Emc2,-0.049,-0.146,0.111,0.0,12,5,7,0.472
Nr2c2ap,-0.049,-0.119,0.026,0.0,13,4,8,0.484
Tuba1a,-0.049,-0.133,0.034,0.0,13,6,8,1.211
2900076A07Rik,-0.049,-0.163,-0.022,0.0,12,2,7,0.274
Fez1,-0.049,-0.149,0.031,0.0,13,4,8,1.06
Tgfbr3,-0.049,-0.237,0.307,0.0002,11,5,7,-3.774
Zfp334,-0.049,-0.284,0.067,0.0,12,5,7,0.351
Anp32e,-0.049,-0.154,0.031,0.0,13,4,8,-0.963
Maml1,-0.049,-0.451,0.131,0.0001,10,3,6,-1.885
Rchy1,-0.049,-0.09,0.108,0.0,13,4,8,-0.116
Ptchd1,-0.049,-0.288,0.069,0.0,13,5,8,1.951
Glul,-0.049,-0.175,0.069,0.0,13,6,8,-0.88
Trappc3,-0.049,-0.063,-0.026,0.0,13,3,8,0.057
Zkscan14,-0.049,-0.177,0.103,0.001,12,5,7,-0.107
Polr2j,-0.049,-0.126,0.034,0.0,13,4,8,0.114
Tfpt,-0.049,-0.077,-0.034,0.0,13,3,8,0.309
Mrps18c,-0.049,-0.116,0.003,0.0,13,4,8,0.503
1700023F06Rik,-0.049,-0.127,0.139,0.0001,10,4,5,2.108
Cox6b1,-0.049,-0.168,0.003,0.0,13,4,8,0.588
Sbds,-0.049,-0.089,0.088,0.0,13,6,8,-0.706
Gm26532,-0.049,-0.237,0.104,0.0004,11,5,6,-1.118
Mex3b,-0.049,-0.144,0.049,0.0,12,4,7,0.14
Arl3,-0.049,-0.078,-0.018,0.0,13,2,8,0.259
Rhoq,-0.049,-0.087,0.14,0.0,13,6,8,0.291
Dnlz,-0.049,-0.13,-0.01,0.0,13,3,8,0.476
Dnajb6,-0.049,-0.066,-0.001,0.0,13,3,8,0.611
H2afx,-0.049,-0.202,0.126,0.0,11,3,6,-1.817
Pknox1,-0.049,-0.114,0.081,0.0,12,5,7,-0.09
Mical1,-0.049,-0.206,0.046,0.0,12,5,7,-0.906
Hddc2,-0.049,-0.143,0.055,0.0,13,5,8,0.405
Hdhd3,-0.049,-0.283,0.262,0.0042,11,5,7,0.309
Sra1,-0.049,-0.1,0.012,0.0,13,4,8,-0.051
Atg5,-0.049,-0.097,0.033,0.0,13,4,8,0.118
Gtf3c6,-0.049,-0.109,0.037,0.0,13,5,8,0.09
9930021J03Rik,-0.049,-0.148,0.045,0.0,13,4,8,-0.198
Tlx2,-0.049,-0.141,0.113,0.0,12,5,7,1.924
Chchd6,-0.049,-0.153,0.02,0.0,13,5,8,0.7
Npepl1,-0.049,-0.286,0.087,0.0,13,5,8,-1.918
Nol3,-0.049,-0.123,0.012,0.0,13,4,8,1.766
1110004F10Rik,-0.05,-0.09,0.007,0.0,13,5,8,0.168
Oxld1,-0.05,-0.101,0.074,0.0,11,5,6,0.419
Eri1,-0.05,-0.163,0.06,0.0,13,5,8,-0.844
Nsmce2,-0.05,-0.089,-0.009,0.0,13,3,8,-0.715
Acvr1,-0.05,-0.143,0.02,0.0,13,4,8,-0.323
Wdr83os,-0.05,-0.068,0.02,0.0,11,3,6,0.209
Zmynd19,-0.05,-0.189,0.109,0.0,12,5,7,0.663
Rdh10,-0.05,-0.579,0.202,0.0003,10,4,6,-1.536
Ddx46,-0.05,-0.082,0.025,0.0,13,5,8,-0.344
Dcun1d5,-0.05,-0.076,0.016,0.0,13,4,8,0.104
Ddx18,-0.05,-0.086,0.015,0.0,13,4,8,-0.43
Bcl7a,-0.05,-0.057,0.043,0.0,13,6,8,0.103
Mrps18a,-0.05,-0.128,0.025,0.0,13,5,8,0.572
Ddx56,-0.05,-0.123,-0.024,0.0,13,3,8,-0.066
Dnajc21,-0.05,-0.097,0.06,0.0,13,5,8,0.133
Ppil1,-0.05,-0.091,0.168,0.0,13,6,8,0.123
Nudt18,-0.05,-0.067,0.026,0.0,13,5,8,1.039
Ywhaq,-0.05,-0.07,-0.012,0.0,13,3,8,0.455
Rfwd3,-0.05,-0.279,0.119,0.0,12,6,7,-0.226
Ccdc58,-0.05,-0.199,0.066,0.0,13,6,8,-0.605
Zbtb1,-0.05,-0.162,0.348,0.0114,13,6,8,-0.899
Lhpp,-0.05,-0.321,0.135,0.0,10,5,6,-0.448
Cyb5a,-0.05,-0.09,0.012,0.0,11,4,6,-0.151
Cd81,-0.05,-0.109,0.023,0.0,13,4,8,-1.447
Rpl15,-0.05,-0.122,-0.032,0.0,13,2,8,0.086
BC051226,-0.05,-0.073,0.143,0.0,10,3,5,0.711
Strap,-0.05,-0.124,0.004,0.0,13,4,8,-0.03
Dtd2,-0.05,-0.169,0.028,0.0,12,3,7,-0.317
Ndufab1,-0.05,-0.133,0.017,0.0,13,5,8,0.644
Tomm22,-0.05,-0.086,-0.026,0.0,13,3,8,0.086
Zfp362,-0.05,-0.189,0.017,0.0,12,4,7,-1.065
Tagln2,-0.05,-0.088,0.027,0.0,13,4,8,0.655
Rbm17,-0.05,-0.126,-0.014,0.0,13,2,8,-0.016
Eif2a,-0.05,-0.122,0.012,0.0,13,5,8,-0.207
Rbm22,-0.05,-0.13,-0.022,0.0,13,2,8,-0.499
Gorasp2,-0.05,-0.126,0.079,0.0,13,5,8,-0.204
Rab9,-0.05,-0.074,0.042,0.0,13,6,8,-0.669
Cers2,-0.05,-0.093,0.084,0.0,12,5,7,-0.507
Eed,-0.05,-0.216,0.021,0.0007,13,5,8,-1.165
Edem2,-0.051,-0.3,0.058,0.0,13,4,8,-0.724
Uqcrc1,-0.051,-0.118,0.012,0.0,13,4,8,0.375
Mxra7,-0.051,-0.097,-0.005,0.0,13,3,8,0.658
Adal,-0.051,-0.136,0.189,0.0,12,4,7,0.14
Snupn,-0.051,-0.255,0.155,0.0,12,4,7,0.182
Adgrl2,-0.051,-0.24,0.05,0.0,11,4,6,-0.583
Gm11808,-0.051,-0.154,0.031,0.0,11,4,6,-0.156
Rpl18a,-0.051,-0.108,-0.006,0.0,13,2,8,-0.423
Tnfaip1,-0.051,-0.087,0.022,0.0,13,4,8,-0.031
Lamtor3,-0.051,-0.137,-0.038,0.0,13,3,8,-0.021
Exoc7,-0.051,-0.105,0.063,0.0,13,5,8,-0.038
Fam162a,-0.051,-0.178,0.115,0.0,13,6,8,0.246
Supt16,-0.051,-0.16,0.047,0.0,12,6,7,-0.124
Ndufa2,-0.051,-0.122,-0.012,0.0,13,3,8,0.112
Mpp3,-0.051,-0.13,0.016,0.0,11,3,6,1.536
Tmem120a,-0.051,-0.336,0.043,0.0,13,4,8,0.093
Pex2,-0.051,-0.112,0.096,0.0,12,5,7,-1.079
Ndufaf1,-0.051,-0.11,0.079,0.0,13,4,8,0.279
Txnl4b,-0.051,-0.118,0.098,0.0,13,6,8,0.752
Etfdh,-0.051,-0.094,0.148,0.0,13,5,8,-0.242
Scnm1,-0.051,-0.124,0.01,0.0,13,4,8,0.126
Creb1,-0.051,-0.236,0.05,0.0,13,5,8,-0.562
Ech1,-0.051,-0.128,0.019,0.0,13,4,8,-0.659
Rnaseh2b,-0.051,-0.096,0.107,0.0,13,6,8,-0.033
Sdccag8,-0.051,-0.171,0.02,0.0,13,5,8,0.072
Trp53bp2,-0.051,-0.182,0.022,0.0,13,5,8,-0.326
Idh3g,-0.051,-0.061,0.008,0.0,13,4,8,0.183
Hmga1,-0.051,-0.17,0.067,0.0001,11,4,6,1.081
Phyh,-0.051,-0.114,0.048,0.0,13,4,8,0.482
Lipt2,-0.051,-0.16,0.177,0.0,11,5,6,0.127
Snx1,-0.051,-0.117,0.0,0.0,13,4,8,-1.232
Taf11,-0.051,-0.089,0.012,0.0,13,4,8,0.178
Tcf12,-0.051,-0.115,-0.022,0.0,13,2,8,-1.483
Nabp2,-0.051,-0.163,0.009,0.0,12,4,7,0.381
Tspan6,-0.051,-0.121,0.008,0.0,13,5,8,0.244
Arf4,-0.051,-0.1,-0.02,0.0,13,1,8,-0.737
Trmt5,-0.051,-0.211,0.059,0.0,10,4,6,0.209
Arl16,-0.051,-0.119,0.052,0.0,13,5,8,1.004
Pam16,-0.051,-0.099,-0.01,0.0,13,3,8,0.944
Mcee,-0.051,-0.143,-0.018,0.0,13,2,8,0.036
Atp6v1d,-0.051,-0.095,-0.014,0.0,13,3,8,0.804
Cyc1,-0.051,-0.089,-0.029,0.0,13,2,8,0.321
Ccdc61,-0.051,-0.151,0.038,0.0,12,4,7,-0.551
Sergef,-0.051,-0.132,-0.031,0.0,13,3,8,0.81
Tmem222,-0.051,-0.114,0.018,0.0,13,5,8,0.193
Actb,-0.052,-0.11,0.007,0.0,13,4,8,-0.077
Zfp65,-0.052,-0.593,0.115,0.0,10,4,5,0.354
Acta1,-0.052,-0.142,0.059,0.0,10,3,6,1.654
Prrc1,-0.052,-0.397,0.016,0.0,13,4,8,-0.689
Ubl5,-0.052,-0.12,0.003,0.0,13,4,8,0.195
Kti12,-0.052,-0.115,0.082,0.0,12,4,7,-0.341
Pik3r1,-0.052,-0.13,-0.013,0.0,13,2,8,0.377
Taf1b,-0.052,-0.167,0.043,0.0,13,4,8,-0.13
Coq10b,-0.052,-0.116,0.013,0.0,13,5,8,-0.861
Nsmce4a,-0.052,-0.222,0.011,0.0,13,4,8,-0.378
Actr6,-0.052,-0.263,0.009,0.0,12,3,7,0.585
Snrnp40,-0.052,-0.082,-0.005,0.0,13,3,8,-0.291
Rpl27a,-0.052,-0.135,-0.017,0.0,13,2,8,-0.175
C030006K11Rik,-0.052,-0.145,0.142,0.0003,10,4,6,0.285
2900060B14Rik,-0.052,-0.504,0.085,0.0,12,5,7,-0.896
Wwc2,-0.052,-0.085,0.136,0.0,13,5,8,-0.472
Kdelr2,-0.052,-0.146,0.078,0.0,13,5,8,-1.06
Cir1,-0.052,-0.087,0.085,0.0,13,4,8,0.063
Clpp,-0.052,-0.065,0.043,0.0,13,5,8,0.296
Zcchc3,-0.052,-0.164,0.098,0.0,12,4,7,-0.24
Lsm4,-0.052,-0.11,-0.018,0.0,13,3,8,0.171
Creb3,-0.052,-0.242,0.065,0.0,13,5,8,0.237
Cpne2,-0.052,-0.309,0.104,0.0,13,6,8,-1.138
Eif5a,-0.052,-0.096,-0.026,0.0,13,3,8,0.239
Epb41l5,-0.052,-0.149,0.059,0.0,11,4,6,-0.2
Ccdc84,-0.052,-0.11,0.065,0.0,12,4,7,-0.133
Eif4a3,-0.052,-0.188,0.008,0.0,13,4,8,-0.543
Msrb1,-0.052,-0.114,0.073,0.0,12,4,7,0.199
Tsen34,-0.052,-0.188,0.005,0.0,13,4,8,0.09
Tfr2,-0.052,-0.146,0.23,0.0003,10,5,5,1.453
Hibadh,-0.052,-0.117,0.038,0.0,13,5,8,-0.46
Bloc1s1,-0.052,-0.096,0.06,0.0,13,5,8,-0.595
E130311K13Rik,-0.052,-0.202,0.047,0.0,11,4,6,-0.645
Gpr153,-0.052,-0.203,0.243,0.0,12,5,7,-0.174
Rela,-0.052,-0.184,0.008,0.0,13,4,8,-1.112
Ap4s1,-0.052,-0.119,0.031,0.0,13,6,8,0.261
Rpl8,-0.052,-0.14,-0.01,0.0,13,3,8,-0.208
Cox16,-0.053,-0.19,0.011,0.0,13,4,8,0.058
Commd9,-0.053,-0.081,0.04,0.0,13,4,8,0.411
Elk3,-0.053,-0.244,0.077,0.0,12,5,7,-1.278
Mrpl9,-0.053,-0.093,0.055,0.0,13,6,8,0.309
Ctdp1,-0.053,-0.364,0.195,0.0,12,5,7,-0.422
Mettl5,-0.053,-0.128,0.14,0.0,13,4,8,0.127
Bnip3,-0.053,-0.094,-0.005,0.0,13,3,8,1.314
Lsg1,-0.053,-0.074,0.103,0.0,13,6,8,-0.131
Mrpl11,-0.053,-0.185,-0.011,0.0,13,3,8,0.527
Atp5f1,-0.053,-0.098,-0.029,0.0,12,2,7,0.383
Mrps34,-0.053,-0.09,-0.041,0.0,13,3,8,0.422
Gin1,-0.053,-0.159,0.047,0.0005,13,4,8,-0.383
Dcaf11,-0.053,-0.072,0.09,0.0,13,5,8,0.093
Nudt16l1,-0.053,-0.135,-0.02,0.0,13,3,8,0.044
Serp1,-0.053,-0.207,-0.022,0.0,13,3,8,-1.292
Saal1,-0.053,-0.194,0.039,0.0,12,4,7,-0.41
Macrod1,-0.053,-0.323,0.014,0.0,11,4,7,-0.083
Wee1,-0.053,-0.945,0.131,0.0,10,4,6,-2.469
Msh6,-0.053,-0.176,0.068,0.0,12,5,7,-0.472
Trim13,-0.053,-0.214,0.045,0.0,12,4,7,-1.633
Cbx3,-0.053,-0.1,0.043,0.0,12,5,7,0.008
Pde4d,-0.053,-0.186,0.047,0.0,13,4,8,-0.099
Rwdd4a,-0.053,-0.097,0.021,0.0,13,5,8,-0.276
Zscan22,-0.053,-0.143,0.027,0.0,11,5,6,-0.094
Pctp,-0.053,-0.271,0.106,0.0006,12,5,8,0.992
Acadm,-0.053,-0.152,0.017,0.0,13,4,8,-0.197
Kcnc1,-0.053,-0.126,0.221,0.0005,13,6,8,1.826
Timm10b,-0.053,-0.138,-0.009,0.0,12,2,7,-0.098
Stx18,-0.053,-0.07,-0.013,0.0,13,3,8,-0.079
Cct4,-0.053,-0.082,0.019,0.0,13,4,8,0.354
Pycrl,-0.053,-0.126,-0.019,0.0,13,2,8,0.164
Nfu1,-0.054,-0.09,0.034,0.0,13,5,8,0.368
Nmb,-0.054,-0.289,0.126,0.0004,10,3,6,-0.901
Ethe1,-0.054,-0.084,0.148,0.0,13,5,8,0.111
Rps15,-0.054,-0.16,-0.03,0.0,13,1,8,-0.243
Ccs,-0.054,-0.155,0.024,0.0,13,4,8,-0.882
Med19,-0.054,-0.115,0.041,0.0,13,6,8,0.399
Utp18,-0.054,-0.162,0.012,0.0,13,4,8,-0.159
Lix1l,-0.054,-0.257,0.07,0.0,11,4,6,-1.64
Rtcb,-0.054,-0.123,-0.004,0.0,11,1,6,0.33
Marcks,-0.054,-0.297,-0.001,0.0,13,3,8,-2.177
Btbd6,-0.054,-0.292,0.025,0.0,13,5,8,0.674
Rps2,-0.054,-0.113,-0.012,0.0,13,2,8,-0.071
Thyn1,-0.054,-0.144,0.07,0.0,12,4,7,0.361
Fbxl12,-0.054,-0.241,0.046,0.0,13,5,8,-0.846
Rtf1,-0.054,-0.15,-0.032,0.0,13,2,8,-0.107
Tbc1d7,-0.054,-0.158,0.089,0.0,13,5,8,0.073
1600012H06Rik,-0.054,-0.347,0.129,0.0,12,4,7,-0.76
5730409E04Rik,-0.054,-0.126,0.169,0.0,13,6,8,1.06
Emg1,-0.054,-0.073,0.084,0.0,13,5,8,-0.477
Cops6,-0.054,-0.141,0.035,0.0,13,5,8,0.354
Cops4,-0.054,-0.099,-0.008,0.0,13,3,8,0.186
Cope,-0.054,-0.135,-0.01,0.0,13,3,8,0.061
Comt,-0.054,-0.111,0.022,0.0,13,6,8,-0.55
Mrpl55,-0.054,-0.093,0.014,0.0,13,4,8,0.389
Crnkl1,-0.054,-0.173,0.211,0.0001,13,5,8,-0.598
Mpzl1,-0.054,-0.096,0.091,0.0,13,5,8,-0.566
Mark1,-0.054,-0.085,0.062,0.0,13,4,8,1.09
Mapkapk2,-0.054,-0.22,0.025,0.0,13,6,8,-1.01
Rpain,-0.054,-0.101,0.114,0.0,13,5,8,-0.111
Csrp1,-0.054,-0.183,0.015,0.0,13,5,8,-0.145
Zfp958,-0.054,-0.235,0.058,0.0012,10,4,6,-0.626
Hebp2,-0.054,-0.133,0.076,0.0,13,6,8,1.565
Ddx39b,-0.054,-0.146,0.042,0.0,13,5,8,-0.074
Baiap2,-0.054,-0.135,0.099,0.0001,13,4,8,-0.505
Rap1a,-0.054,-0.08,-0.033,0.0,13,2,8,-2.016
Card19,-0.055,-0.111,0.039,0.0,11,4,6,0.64
Lsm3,-0.055,-0.078,-0.004,0.0,13,3,8,-0.24
Gemin6,-0.055,-0.292,0.078,0.0,12,4,7,-0.201
Noa1,-0.055,-0.163,0.072,0.0,12,6,7,0.577
Nono,-0.055,-0.101,-0.012,0.0,13,3,8,-0.17
Ptpn2,-0.055,-0.186,0.035,0.0,13,5,8,-1.071
Tsen54,-0.055,-0.2,0.121,0.0,13,5,8,-0.118
Usp11,-0.055,-0.387,-0.022,0.0,13,2,8,0.693
Naa50,-0.055,-0.116,-0.006,0.0,13,3,8,-0.611
Lsm12,-0.055,-0.159,0.031,0.0,13,5,8,0.274
Sh3rf1,-0.055,-0.228,0.199,0.0009,10,3,5,-0.709
Pym1,-0.055,-0.236,0.111,0.0,10,3,5,0.11
Auts2,-0.055,-0.252,0.034,0.0,13,4,8,-0.437
Tsfm,-0.055,-0.084,0.03,0.0,13,4,8,0.447
Bax,-0.055,-0.073,-0.006,0.0,13,3,8,-0.053
Zscan29,-0.055,-0.301,0.256,0.0006,12,5,8,-1.454
Caap1,-0.055,-0.177,0.065,0.0,12,3,7,-0.034
Ctdsp2,-0.055,-0.193,0.055,0.0,13,6,8,-2.204
Hnrnpab,-0.055,-0.137,-0.012,0.0,13,3,8,-0.112
Bbip1,-0.055,-0.168,-0.001,0.0,13,3,8,-0.112
Ndrg1,-0.055,-0.328,-0.009,0.0,13,2,8,-2.24
Gm10605,-0.055,-0.154,0.068,0.0,11,5,6,1.486
Psmd4,-0.055,-0.095,0.003,0.0,13,4,8,0.33
Psmd13,-0.055,-0.1,0.024,0.0,13,5,8,0.319
Mitd1,-0.055,-0.095,-0.002,0.0,13,3,8,-0.608
Cbwd1,-0.055,-0.135,0.085,0.0,12,5,7,0.032
Psmc4,-0.055,-0.072,0.002,0.0,13,4,8,0.204
2300009A05Rik,-0.055,-0.105,0.081,0.0,13,4,8,0.179
Rpl14,-0.055,-0.113,-0.01,0.0,13,0,8,0.087
Sh3glb1,-0.055,-0.088,0.018,0.0,13,4,8,-0.277
Ccser1,-0.055,-0.353,0.135,0.0,11,4,7,1.703
Lrif1,-0.055,-0.248,0.018,0.0,12,4,7,-0.13
Clock,-0.055,-0.115,0.023,0.0,13,5,8,-0.214
Rb1,-0.055,-0.095,0.07,0.0,13,6,8,-0.004
Actn4,-0.055,-0.133,0.065,0.0,13,6,8,-1.144
Sap30bp,-0.055,-0.244,0.048,0.0,13,6,8,0.007
Mtg2,-0.056,-0.199,0.021,0.0,11,3,6,0.001
Pole3,-0.056,-0.12,0.075,0.0,13,4,8,-0.791
Zfp579,-0.056,-0.104,0.03,0.0,12,4,7,0.123
Fabp3,-0.056,-0.118,0.103,0.0,13,6,8,2.128
Errfi1,-0.056,-0.378,0.001,0.0,13,4,8,-1.462
Gm15706,-0.056,-0.166,0.623,0.0617,10,4,6,0.844
Txnrd2,-0.056,-0.083,0.097,0.0,13,5,8,0.489
Srsf9,-0.056,-0.1,0.021,0.0,13,4,8,-0.939
Ube2v2,-0.056,-0.093,-0.02,0.0,13,3,8,0.891
Bag1,-0.056,-0.09,-0.006,0.0,13,3,8,0.498
Sfxn1,-0.056,-0.126,0.042,0.0,13,4,8,0.638
Ilf2,-0.056,-0.099,0.001,0.0,13,4,8,-0.014
Ccdc59,-0.056,-0.18,-0.007,0.0,13,3,8,-0.929
Pabpc4,-0.056,-0.167,0.044,0.0,12,5,7,0.331
Mrpl2,-0.056,-0.114,-0.009,0.0,13,3,8,0.098
Caml,-0.056,-0.14,0.076,0.0,13,6,8,0.539
Uchl3,-0.056,-0.126,-0.007,0.0,13,3,8,0.308
Ripk1,-0.056,-0.238,0.074,0.0,10,5,6,-2.447
Tmem219,-0.056,-0.205,0.043,0.0,13,4,8,-0.868
Ccdc130,-0.056,-0.128,0.045,0.0012,13,4,8,-0.223
Hnrnpd,-0.056,-0.106,0.045,0.0,13,4,8,-0.226
Arl6ip6,-0.056,-0.165,0.006,0.0,13,4,8,-1.082
Tbrg1,-0.056,-0.179,0.013,0.0,13,4,8,-0.127
Sec13,-0.056,-0.129,-0.009,0.0,13,3,8,-0.299
Ppp1cc,-0.056,-0.097,-0.014,0.0,13,3,8,-0.323
Rpl24,-0.056,-0.137,-0.028,0.0,13,1,8,0.008
Saysd1,-0.056,-0.139,0.091,0.0,12,4,7,0.102
Slc3a2,-0.056,-0.096,0.052,0.0,13,4,8,-0.323
Abcg2,-0.056,-0.196,0.119,0.0,13,6,8,0.307
Rpp25,-0.056,-0.356,0.401,0.0079,10,5,6,0.476
Cdk2ap1,-0.056,-0.167,0.01,0.0,13,4,8,0.172
Acd,-0.056,-0.151,-0.004,0.0,13,2,8,0.157
Gpr137b,-0.056,-0.126,0.059,0.0,13,4,8,-1.672
Vash1,-0.056,-0.301,0.179,0.0,12,5,7,-0.198
Dph3,-0.056,-0.175,0.025,0.0,13,4,8,-0.004
Ppp2r2b,-0.056,-0.084,0.035,0.0,13,4,8,1.88
Trp53rka,-0.056,-0.15,0.121,0.0,10,4,5,-0.112
Rpl32,-0.056,-0.147,-0.026,0.0,13,1,8,-0.128
Reep3,-0.056,-0.095,0.067,0.0,13,5,8,-2.324
Mrps15,-0.056,-0.1,0.038,0.0,13,4,8,0.524
Psmg2,-0.056,-0.18,0.035,0.0,13,5,8,0.027
Klf9,-0.056,-0.158,0.012,0.0,13,5,8,-1.914
Asns,-0.056,-0.123,0.043,0.0,13,5,8,1.995
Atox1,-0.056,-0.15,0.002,0.0,13,5,8,0.251
Rpl37,-0.057,-0.098,-0.011,0.0,13,3,8,0.027
Mettl7a1,-0.057,-0.359,0.127,0.0,13,6,8,0.129
Metap1d,-0.057,-0.116,0.005,0.0,13,5,8,-0.682
Yaf2,-0.057,-0.109,0.003,0.0,13,4,8,0.359
Ift172,-0.057,-0.198,0.181,0.0,13,5,8,-0.066
Hnrnpa2b1,-0.057,-0.104,0.017,0.0,13,4,8,-0.608
Clic1,-0.057,-0.126,0.026,0.0,13,4,8,-0.082
Rabepk,-0.057,-0.121,0.015,0.0,13,4,8,0.152
Pgf,-0.057,-0.334,0.215,0.0,12,5,7,-0.424
Mcrs1,-0.057,-0.097,-0.016,0.0,13,2,8,0.295
Casp2,-0.057,-0.169,0.09,0.0,11,4,6,-1.083
Pcf11,-0.057,-0.158,0.023,0.0,13,5,8,-1.105
Hnrnpk,-0.057,-0.142,-0.017,0.0,13,2,8,-0.319
Snrpc,-0.057,-0.163,-0.022,0.0,13,3,8,-0.263
AI413582,-0.057,-0.108,0.103,0.0,13,6,8,1.131
Ncl,-0.057,-0.102,-0.018,0.0,13,2,8,-0.245
Rangrf,-0.057,-0.356,0.0,0.0,13,4,8,0.598
Dazap2,-0.057,-0.19,0.023,0.0,13,5,8,-1.268
Zfp934,-0.057,-0.216,0.261,0.0005,10,4,6,-0.86
Zfp94,-0.057,-0.286,0.077,0.0014,10,4,6,0.219
Ptbp1,-0.057,-0.317,0.129,0.0,12,5,7,-2.591
Vdac2,-0.057,-0.098,-0.01,0.0,13,3,8,0.27
2410004B18Rik,-0.057,-0.098,-0.02,0.0,13,3,8,0.114
Hat1,-0.057,-0.175,0.023,0.0,13,5,8,-1.054
Commd1,-0.057,-0.106,-0.026,0.0,13,2,8,-0.167
Ccdc112,-0.057,-0.176,0.16,0.0,13,6,8,0.551
Lncpint,-0.057,-0.519,0.151,0.0,10,4,6,0.165
Twistnb,-0.057,-0.121,0.018,0.0,12,3,7,-0.175
Smc6,-0.058,-0.123,-0.032,0.0,13,2,8,-0.431
Paip2,-0.058,-0.107,-0.034,0.0,13,3,8,0.347
Taf1d,-0.058,-0.089,-0.016,0.0,13,3,8,-0.428
Pdcd10,-0.058,-0.096,0.036,0.0,13,4,8,-0.065
Uqcrb,-0.058,-0.118,0.04,0.0,13,5,8,0.352
Scyl3,-0.058,-0.119,0.196,0.0,13,6,8,-0.141
Sf3b6,-0.058,-0.165,-0.052,0.0,11,1,6,0.006
Snx17,-0.058,-0.115,0.011,0.0,13,4,8,-0.145
Stub1,-0.058,-0.081,0.005,0.0,13,4,8,0.112
Mus81,-0.058,-0.185,0.026,0.0,13,4,8,-0.501
Cep162,-0.058,-0.252,0.063,0.0,10,4,5,-0.936
Mrps18b,-0.058,-0.108,0.079,0.0,12,4,7,0.666
Zfp143,-0.058,-0.273,0.263,0.0001,11,4,7,-0.805
Zmat5,-0.058,-0.173,0.006,0.0,13,4,8,0.128
Apopt1,-0.058,-0.113,0.232,0.0,11,5,6,0.006
Arpc2,-0.058,-0.074,-0.012,0.0,13,3,8,-0.215
Rprd1b,-0.058,-0.173,0.04,0.0,13,5,8,-0.245
Gpx7,-0.058,-0.207,-0.005,0.0,11,2,6,-2.425
Rce1,-0.058,-0.189,0.001,0.0,13,4,8,-0.52
Eif1a,-0.058,-0.097,0.03,0.0,13,4,8,0.283
Naa40,-0.058,-0.164,0.096,0.0,13,5,8,-0.285
Iws1,-0.058,-0.13,0.068,0.0,13,5,8,-0.152
Chmp3,-0.058,-0.114,0.095,0.0,13,5,8,0.342
Cebpg,-0.058,-0.124,0.009,0.0,13,4,8,-0.08
Fkbp9,-0.058,-0.47,0.05,0.0,12,5,7,-3.821
Sar1b,-0.058,-0.108,0.054,0.0,13,4,8,-0.035
Mrps7,-0.059,-0.139,0.023,0.0,13,4,8,0.194
Pnrc2,-0.059,-0.203,0.045,0.0,12,5,7,-1.304
Cnot3,-0.059,-0.207,0.009,0.0,13,5,8,-0.606
Rnh1,-0.059,-0.228,0.025,0.0,13,5,8,0.09
Eif3j1,-0.059,-0.074,-0.005,0.0,11,2,6,0.05
Tmem260,-0.059,-0.216,0.202,0.0,10,4,6,-1.011
Myd88,-0.059,-0.442,0.046,0.0,12,4,8,-2.537
Chmp2a,-0.059,-0.11,-0.01,0.0,13,3,8,-0.222
Mrpl19,-0.059,-0.149,0.038,0.0,13,4,8,0.474
Pnkp,-0.059,-0.243,0.01,0.0,13,4,8,-0.635
Pigyl,-0.059,-0.12,0.097,0.0,13,5,8,-0.07
Mid1ip1,-0.059,-0.098,-0.003,0.0,13,3,8,-0.291
Mrpl47,-0.059,-0.25,0.038,0.0,13,5,8,0.237
Rcan1,-0.059,-0.232,0.083,0.0,13,6,8,0.493
Mpst,-0.059,-0.209,0.009,0.0001,12,4,7,-0.921
Atp5c1,-0.059,-0.115,0.04,0.0,13,4,8,0.242
Usp2,-0.059,-0.25,0.239,0.0,12,5,8,-1.771
Smim10l1,-0.059,-0.137,-0.005,0.0,11,2,6,-0.4
Zzz3,-0.059,-0.109,0.02,0.0,13,5,8,-0.597
Nudt2,-0.059,-0.138,0.002,0.0,13,4,8,0.142
Cul5,-0.059,-0.175,0.005,0.0,13,4,8,0.271
Sap18,-0.059,-0.13,-0.027,0.0,13,2,8,-0.137
Trim41,-0.059,-0.258,0.048,0.0,13,5,8,-0.505
mt-Nd6,-0.059,-0.1,0.142,0.0,11,4,6,-0.47
Hnrnpr,-0.059,-0.204,0.038,0.0,13,5,8,-0.465
Cox7b,-0.059,-0.133,0.031,0.0,13,4,8,0.682
Psma2,-0.059,-0.122,-0.039,0.0,13,2,8,0.281
Trp53,-0.06,-0.126,0.064,0.0,13,5,8,-1.176
Ndufb7,-0.06,-0.13,-0.007,0.0,13,3,8,0.401
1700021F05Rik,-0.06,-0.116,0.066,0.0,12,3,7,0.098
Bri3,-0.06,-0.162,0.036,0.0,13,5,8,-0.173
Ssu72,-0.06,-0.125,-0.011,0.0,13,3,8,0.548
Cinp,-0.06,-0.165,0.003,0.0,13,4,8,0.564
Oard1,-0.06,-0.128,0.073,0.0,12,4,7,-0.489
Rfxap,-0.06,-0.108,0.02,0.0,13,6,8,0.157
Ocel1,-0.06,-0.206,0.064,0.0,12,5,7,0.501
Etfb,-0.06,-0.162,0.036,0.0,13,5,8,-0.703
Tstd3,-0.06,-0.197,0.001,0.0,12,3,7,1.458
Cdkn1b,-0.06,-0.256,0.014,0.0,13,5,8,-0.051
Smarcd1,-0.06,-0.103,0.024,0.0,13,5,8,0.166
Ubl7,-0.06,-0.129,0.023,0.0,12,3,7,0.425
2810004N23Rik,-0.06,-0.133,0.068,0.0,13,5,8,0.251
Slc41a1,-0.06,-0.28,0.047,0.0001,10,3,6,-1.106
Zfp24,-0.06,-0.16,-0.005,0.0,11,2,6,-1.191
Surf1,-0.06,-0.081,0.053,0.0,13,5,8,0.335
Ankrd54,-0.06,-0.256,0.052,0.0,13,4,8,-0.25
Sptssa,-0.06,-0.146,0.059,0.0,12,4,7,-0.642
Ten1,-0.06,-0.21,0.025,0.0,12,4,7,0.247
Gm14295,-0.06,-0.495,0.012,0.0,12,3,8,0.303
Usp16,-0.06,-0.129,0.031,0.0,13,4,8,-0.264
Borcs5,-0.06,-0.174,0.035,0.0,11,3,6,0.608
Ppif,-0.06,-0.273,0.053,0.0,12,4,8,0.098
Mbd2,-0.06,-0.254,0.002,0.0,13,4,8,-0.666
Pex10,-0.06,-0.299,0.152,0.0,12,5,7,-0.28
Pdcd2l,-0.06,-0.151,-0.035,0.0,13,2,8,0.274
Sharpin,-0.06,-0.167,0.094,0.0,13,6,8,-0.036
Triqk,-0.06,-0.297,0.198,0.0,11,3,6,-0.781
Homer3,-0.06,-0.166,0.186,0.0,10,4,6,-1.323
Pdap1,-0.06,-0.121,0.023,0.0,13,4,8,0.111
Pdcd4,-0.06,-0.109,0.03,0.0,13,4,8,-0.695
Mrpl49,-0.06,-0.142,-0.036,0.0,13,3,8,0.336
Cep57,-0.061,-0.259,-0.018,0.0,13,3,8,-0.841
Nrbf2,-0.061,-0.167,0.069,0.0,13,5,8,0.092
Ginm1,-0.061,-0.117,0.174,0.0,12,4,7,-0.611
Ufm1,-0.061,-0.09,0.016,0.0,13,4,8,-0.002
Nsa2,-0.061,-0.11,-0.026,0.0,13,3,8,-0.161
Fdx1,-0.061,-0.128,0.016,0.0,13,4,8,-0.265
Znrd1as,-0.061,-0.244,0.277,0.0007,10,4,6,0.091
Rps8,-0.061,-0.157,-0.014,0.0,13,1,8,-0.054
Gstz1,-0.061,-0.111,0.038,0.0,13,6,8,-0.003
Rps11,-0.061,-0.148,-0.038,0.0,13,0,8,-0.223
Ptrhd1,-0.061,-0.241,0.066,0.0,12,3,7,0.661
Acaa2,-0.061,-0.11,-0.02,0.0,13,1,8,-1.547
Nkap,-0.061,-0.091,-0.008,0.0,13,3,8,0.677
Ubald2,-0.061,-0.145,-0.02,0.0,11,2,6,-0.25
Ppard,-0.061,-0.185,0.244,0.0004,11,4,7,-1.751
Taf12,-0.061,-0.093,0.053,0.0,13,6,8,-0.424
Ofd1,-0.061,-0.257,0.06,0.0,12,6,7,-0.272
Slc25a19,-0.061,-0.148,0.03,0.0,13,5,8,0.042
Fam185a,-0.061,-0.333,0.134,0.0,11,4,7,0.991
Zfp326,-0.061,-0.118,-0.041,0.0,13,3,8,-0.298
Rps4x,-0.061,-0.199,-0.025,0.0,13,2,8,-0.267
Rps15a,-0.061,-0.192,-0.04,0.0,13,2,8,-0.376
Eid2b,-0.061,-0.14,0.106,0.0,13,5,8,0.577
Homer2,-0.061,-0.218,0.037,0.0,11,4,6,-0.526
Srp68,-0.061,-0.083,0.07,0.0,13,4,8,-0.225
Ormdl1,-0.061,-0.268,0.073,0.0,12,5,7,-0.357
Tsg101,-0.061,-0.081,-0.027,0.0,13,2,8,0.632
Rplp2,-0.061,-0.179,-0.012,0.0,13,3,8,-0.285
Cirbp,-0.061,-0.111,-0.016,0.0,13,3,8,0.177
Ostf1,-0.061,-0.155,0.039,0.0,13,4,8,-1.582
Trappc2l,-0.061,-0.21,0.01,0.0,13,4,8,0.545
Tpi1,-0.061,-0.113,-0.007,0.0,13,3,8,0.562
Rwdd2a,-0.061,-0.173,0.198,0.0061,12,5,7,1.32
Zfp583,-0.061,-0.142,0.171,0.0008,12,4,7,0.573
Hacl1,-0.061,-0.341,0.118,0.0,10,4,6,-1.011
Klhl29,-0.061,-0.436,0.208,0.0,12,5,8,0.266
Mrps31,-0.062,-0.214,0.076,0.0,13,4,8,0.119
AI987944,-0.062,-0.146,0.11,0.0,12,4,7,-0.506
2310011J03Rik,-0.062,-0.197,-0.011,0.0,13,3,8,-0.586
Alkbh7,-0.062,-0.196,0.118,0.0,13,4,8,0.438
Set,-0.062,-0.145,-0.016,0.0,13,3,8,0.041
Plekhf2,-0.062,-0.157,0.046,0.0,12,4,7,-1.999
Tmsb15b1,-0.062,-0.401,0.035,0.0,12,4,7,0.351
Ubac1,-0.062,-0.119,0.074,0.0,13,5,8,0.863
Park7,-0.062,-0.113,0.026,0.0,13,5,8,0.357
Leprot,-0.062,-0.176,0.056,0.0,13,4,8,-0.443
Ccnl1,-0.062,-0.124,0.015,0.0,13,4,8,-1.489
Nedd9,-0.062,-0.259,0.203,0.0,13,5,8,-2.537
Lhfpl2,-0.062,-0.342,0.21,0.0,13,5,8,-1.737
Stard10,-0.062,-0.18,0.008,0.0,13,4,8,0.607
Dpyd,-0.062,-0.152,0.156,0.0,13,5,8,-0.344
Map3k4,-0.062,-0.202,0.033,0.0,13,4,8,-0.52
Dynll1,-0.062,-0.1,-0.01,0.0,13,2,8,0.276
Gng8,-0.062,-0.613,0.229,0.0018,10,4,5,0.513
Rsrc2,-0.062,-0.101,0.025,0.0,13,5,8,-0.223
Uap1l1,-0.062,-0.282,0.045,0.0,13,5,8,-1.882
Sfr1,-0.062,-0.073,0.011,0.0,13,6,8,-0.569
Mrpl27,-0.062,-0.111,0.025,0.0,13,4,8,0.214
Ube2b,-0.062,-0.087,-0.024,0.0,13,3,8,0.833
Ddx20,-0.062,-0.617,0.033,0.0,11,3,6,-0.595
Hif1a,-0.062,-0.094,0.009,0.0,13,4,8,-0.666
Gps2,-0.062,-0.089,0.013,0.0,13,4,8,-0.821
Cby1,-0.062,-0.115,0.019,0.0,13,4,8,0.153
Rps18,-0.063,-0.169,-0.021,0.0,13,3,8,-0.356
Polr2g,-0.063,-0.128,-0.019,0.0,13,3,8,0.325
Rad1,-0.063,-0.148,0.005,0.0,12,3,7,-0.296
Med18,-0.063,-0.111,0.015,0.0,11,3,6,-0.147
Med9,-0.063,-0.122,0.034,0.0,13,4,8,0.025
Fance,-0.063,-0.143,-0.007,0.0,13,2,8,-0.416
Kantr,-0.063,-0.502,0.086,0.0,11,4,6,1.092
Ddx10,-0.063,-0.116,0.031,0.0,13,6,8,0.008
Ccdc30,-0.063,-0.124,-0.033,0.0,13,3,8,1.07
Apoo,-0.063,-0.107,0.001,0.0,13,4,8,0.957
Zfp622,-0.063,-0.094,0.043,0.0,13,5,8,0.489
Armc1,-0.063,-0.175,0.006,0.0,13,4,8,0.046
Prdx6,-0.063,-0.166,-0.029,0.0,13,2,8,-0.973
Coq5,-0.063,-0.116,-0.012,0.0,13,1,8,0.243
Phpt1,-0.063,-0.145,-0.004,0.0,13,3,8,-0.276
Spryd4,-0.063,-0.156,0.071,0.0,12,3,7,0.376
Ppia,-0.063,-0.096,-0.01,0.0,13,2,8,0.322
Rpl23a,-0.063,-0.195,-0.036,0.0,13,2,8,-0.246
Rpl29,-0.063,-0.109,-0.008,0.0,13,3,8,-0.106
Brd8,-0.063,-0.204,-0.028,0.0,13,3,8,-0.529
Mpped2,-0.063,-0.147,0.085,0.0,13,5,8,0.965
Btf3,-0.063,-0.178,-0.053,0.0,13,2,8,-0.089
Psma4,-0.063,-0.147,0.078,0.0,13,4,8,0.102
Arsg,-0.063,-0.484,0.287,0.0008,10,4,6,-0.29
Smc1a,-0.063,-0.146,0.026,0.0,13,4,8,-0.538
Imp3,-0.063,-0.195,-0.021,0.0,13,3,8,0.133
Sarnp,-0.063,-0.154,-0.019,0.0,13,3,8,-0.004
Dcaf4,-0.063,-0.147,0.09,0.0,13,4,8,0.093
Cyp2j6,-0.063,-0.492,0.038,0.0,13,4,8,-3.169
Fstl1,-0.063,-0.309,0.165,0.0,13,5,8,-2.348
Invs,-0.063,-0.563,0.215,0.0,11,5,6,-0.819
Uimc1,-0.063,-0.231,0.071,0.0,13,5,8,-0.623
Fyco1,-0.064,-0.226,0.127,0.0,12,6,7,-0.206
Idnk,-0.064,-0.143,0.097,0.0,12,5,7,0.676
Chchd10,-0.064,-0.11,0.192,0.0,13,5,8,1.55
Nap1l5,-0.064,-0.101,0.015,0.0,13,5,8,2.268
Galk1,-0.064,-0.15,0.18,0.0,13,5,8,-1.167
Rad9a,-0.064,-0.356,0.131,0.0,11,5,6,-0.275
Dazap1,-0.064,-0.152,-0.032,0.0,13,3,8,-0.186
B230118H07Rik,-0.064,-0.187,0.001,0.0,12,3,7,-0.138
Fam124a,-0.064,-0.351,0.258,0.0,12,5,7,1.363
Eif2s2,-0.064,-0.071,-0.047,0.0,13,2,8,0.259
Nudt8,-0.064,-0.166,0.021,0.0,11,3,6,0.292
Pold4,-0.064,-0.161,0.024,0.0,13,5,8,-0.235
Eif2b2,-0.064,-0.137,-0.003,0.0,13,3,8,0.286
Mnat1,-0.064,-0.171,0.061,0.0,13,6,8,-0.227
Ddx41,-0.064,-0.183,0.055,0.0,13,5,8,-1.433
Rpl10a,-0.064,-0.117,-0.018,0.0,13,1,8,-0.111
Lyrm2,-0.064,-0.165,-0.033,0.0,13,2,8,0.045
Hsf2,-0.064,-0.228,0.08,0.0,13,4,8,0.475
Zfpl1,-0.064,-0.138,0.02,0.0,13,4,8,-0.053
Rmi1,-0.064,-0.205,0.069,0.0,12,4,7,-0.18
Sf3b4,-0.064,-0.146,0.03,0.0,13,5,8,0.031
Dleu7,-0.064,-0.135,0.275,0.0,12,4,7,1.02
Zfp688,-0.064,-0.081,-0.038,0.0,13,3,8,0.261
Impa2,-0.064,-0.328,0.186,0.0,12,5,7,-0.807
Rps6ka5,-0.064,-0.282,-0.015,0.0,11,2,7,-1.163
Xaf1,-0.064,-0.188,0.062,0.0,13,4,8,-0.766
Mkks,-0.064,-0.187,0.014,0.0,13,4,8,0.165
Wdr70,-0.064,-0.141,0.071,0.0,13,6,8,0.137
Slc35e4,-0.064,-0.138,0.135,0.0,13,6,8,-0.067
Suds3,-0.064,-0.098,0.027,0.0,13,6,8,0.082
Spr,-0.065,-0.147,0.03,0.0,13,4,8,0.101
Ifi35,-0.065,-0.135,0.039,0.0,13,5,8,-0.539
Gcsh,-0.065,-0.162,0.024,0.0,13,4,8,0.047
Tob1,-0.065,-0.164,0.12,0.0,13,6,8,-0.677
Zfp593,-0.065,-0.125,-0.004,0.0,13,3,8,0.477
Mrpl15,-0.065,-0.17,0.023,0.0,13,4,8,0.237
Ttc8,-0.065,-0.23,0.039,0.0,13,6,8,-0.142
Hltf,-0.065,-0.214,0.013,0.0,13,5,8,-0.474
Rab8a,-0.065,-0.235,-0.023,0.0,13,2,8,-0.313
Irak1bp1,-0.065,-0.185,-0.02,0.0,13,3,8,0.238
Epha7,-0.065,-0.34,0.158,0.0,12,5,8,-0.708
Tmem199,-0.065,-0.141,0.01,0.0,13,4,8,1.121
Erich1,-0.065,-0.178,0.019,0.0005,13,5,8,0.334
Prdx1,-0.065,-0.189,-0.026,0.0,13,2,8,0.008
Mkln1,-0.065,-0.117,0.109,0.0,13,6,8,-0.454
Cwc15,-0.065,-0.109,0.03,0.0,13,4,8,-0.472
Rpl36a,-0.065,-0.149,-0.026,0.0,13,1,8,-0.233
Pmp22,-0.065,-0.095,0.007,0.0,13,4,8,-0.904
Nrde2,-0.065,-0.5,0.015,0.0,12,4,7,-0.22
Arl2,-0.065,-0.088,0.012,0.0,13,4,8,0.793
Utp23,-0.065,-0.278,0.052,0.0,12,6,7,-0.693
Ing3,-0.065,-0.216,0.011,0.0,13,5,8,-0.697
Map2k2,-0.065,-0.098,-0.001,0.0,13,3,8,0.263
Dph7,-0.065,-0.193,0.061,0.0,10,4,5,0.118
Dhx35,-0.065,-0.283,0.101,0.0,13,6,8,-0.023
Cep97,-0.066,-0.247,0.176,0.0,13,6,8,-0.244
Inf2,-0.066,-0.231,0.249,0.0,12,6,8,-1.848
Ndufs3,-0.066,-0.109,-0.008,0.0,13,3,8,0.314
Fbxo27,-0.066,-0.113,0.157,0.0025,10,4,6,0.185
Txnl4a,-0.066,-0.133,0.024,0.0,13,4,8,0.528
Dmpk,-0.066,-0.34,0.196,0.0,10,4,7,-1.908
Riiad1,-0.066,-0.093,0.191,0.0,11,4,6,1.525
Stxbp3,-0.066,-0.306,0.065,0.0,11,4,6,-1.875
Fkbp3,-0.066,-0.141,0.056,0.0,13,5,8,0.666
Ccnd3,-0.066,-0.212,-0.032,0.0,13,3,8,-1.905
Ufsp2,-0.066,-0.153,-0.002,0.0,13,3,8,0.331
Ttf2,-0.066,-0.368,0.149,0.0009,10,4,6,-0.456
Zfp954,-0.066,-0.238,0.075,0.0,12,4,7,0.484
Osgin2,-0.066,-0.237,0.06,0.0,13,5,8,-0.439
Mterf4,-0.066,-0.226,0.158,0.0,11,4,6,0.251
Dhps,-0.066,-0.078,0.122,0.0,13,6,8,0.709
Prdx5,-0.066,-0.138,0.032,0.0,13,5,8,-0.344
Rtn4rl1,-0.066,-0.43,0.093,0.0,12,5,7,1.505
Ptges2,-0.066,-0.139,-0.019,0.0,13,3,8,0.741
Dpf2,-0.066,-0.145,0.058,0.0,13,4,8,0.058
Tmem11,-0.066,-0.23,-0.03,0.0,13,1,8,0.036
Commd7,-0.066,-0.159,0.003,0.0,13,4,8,0.138
Parp10,-0.066,-0.344,0.134,0.0,10,4,8,-0.245
Srd5a3,-0.066,-0.211,0.077,0.0,12,5,7,-0.68
Ccdc173,-0.066,-0.107,0.251,0.0,10,4,5,-0.861
Tmem100,-0.066,-0.37,0.577,0.0238,12,5,7,-0.884
Use1,-0.066,-0.155,-0.036,0.0,13,2,8,-0.112
Mrpl52,-0.066,-0.115,-0.031,0.0,13,2,8,-0.094
Utp14a,-0.066,-0.111,0.11,0.0,13,5,8,-0.246
Hmgcl,-0.066,-0.152,-0.029,0.0,13,3,8,-1.075
Nadk2,-0.066,-0.456,0.0,0.0,11,3,6,-0.514
Dnal4,-0.066,-0.358,-0.031,0.0,11,2,6,-0.488
2010320M18Rik,-0.066,-0.198,0.077,0.0,13,5,8,-0.206
Tipin,-0.067,-0.138,0.012,0.0,12,3,7,-1.355
Stmn4,-0.067,-0.165,0.032,0.0,13,5,8,1.785
Rpl4,-0.067,-0.111,-0.002,0.0,13,3,8,-0.132
Rpl37a,-0.067,-0.16,-0.027,0.0,13,1,8,-0.32
Alkbh1,-0.067,-0.085,0.183,0.0,13,6,8,-0.725
Acbd6,-0.067,-0.112,0.02,0.0,13,5,8,0.502
Decr1,-0.067,-0.119,-0.004,0.0,13,2,8,-0.632
Raly,-0.067,-0.14,-0.002,0.0,13,3,8,-0.795
Ankrd16,-0.067,-0.237,0.152,0.0,13,5,8,-0.332
Eif3l,-0.067,-0.126,0.012,0.0,13,5,8,0.167
Rpsa,-0.067,-0.136,-0.042,0.0,13,1,8,0.02
Lcorl,-0.067,-0.257,0.246,0.0,12,4,7,-0.93
Angptl6,-0.067,-0.153,0.054,0.0,12,5,7,1.225
Amdhd2,-0.067,-0.141,0.057,0.0,13,5,8,-0.443
Bloc1s4,-0.067,-0.157,0.054,0.0,12,4,7,-0.246
Atp5h,-0.067,-0.113,0.048,0.0,13,4,8,0.256
Ccdc32,-0.067,-0.125,-0.003,0.0,13,3,8,0.829
Cryzl1,-0.067,-0.11,-0.039,0.0,13,3,8,0.091
Hsd17b10,-0.067,-0.148,-0.026,0.0,13,1,8,-0.479
Tmem159,-0.067,-0.199,-0.006,0.0,13,3,8,-0.226
Ilk,-0.067,-0.094,-0.014,0.0,13,2,8,-0.723
Hnrnpa1,-0.067,-0.111,-0.001,0.0,12,2,7,0.196
Josd2,-0.067,-0.09,0.001,0.0,13,4,8,-1.136
Jarid2,-0.067,-0.096,0.089,0.0,13,5,8,-0.144
Mpc1,-0.067,-0.2,0.06,0.0,12,5,7,0.64
Slc25a53,-0.067,-0.202,0.209,0.0,12,5,7,0.313
Dusp28,-0.067,-0.116,0.109,0.0,13,4,8,1.097
Supt4a,-0.067,-0.096,0.055,0.0,12,3,7,0.262
Polr1d,-0.067,-0.147,-0.035,0.0,13,2,8,0.035
Cdpf1,-0.067,-0.097,0.024,0.0,12,5,7,0.122
Gadd45gip1,-0.067,-0.215,-0.006,0.0,13,2,8,0.383
Dtx2,-0.067,-0.528,0.232,0.0,11,3,6,-0.332
Acyp1,-0.067,-0.111,-0.015,0.0,13,3,8,0.483
Fbxo6,-0.067,-0.091,0.044,0.0,13,5,8,-0.024
Agpat2,-0.067,-0.221,0.164,0.0,13,5,8,-0.887
Mrpl14,-0.068,-0.11,0.062,0.0,13,4,8,0.247
Pde6d,-0.068,-0.123,-0.04,0.0,13,1,8,0.408
Ppp1ca,-0.068,-0.08,-0.046,0.0,13,2,8,0.285
Gm2000,-0.068,-0.223,0.136,0.0,11,4,6,-0.183
Marc2,-0.068,-0.136,0.003,0.0,10,2,5,-1.22
Vps28,-0.068,-0.137,0.093,0.0,11,4,7,0.569
Drap1,-0.068,-0.091,0.048,0.0,13,6,8,0.01
Fam76b,-0.068,-0.218,0.046,0.0,13,4,8,-1.279
Sf1,-0.068,-0.188,0.023,0.0,13,5,8,-0.469
Aldh18a1,-0.068,-0.254,0.196,0.0,13,6,8,-0.329
Gipc1,-0.068,-0.114,-0.007,0.0,13,3,8,0.341
Sf3b1,-0.068,-0.109,-0.026,0.0,13,2,8,-0.71
Orc3,-0.068,-0.112,0.03,0.0,13,4,8,-0.45
Thap3,-0.068,-0.121,0.06,0.0,13,5,8,-0.733
Pfdn1,-0.068,-0.146,-0.012,0.0,13,2,8,0.285
Plce1,-0.068,-0.431,0.209,0.0,12,4,7,-2.095
Trp53i11,-0.068,-0.353,0.172,0.0,12,4,7,0.311
Hax1,-0.068,-0.116,-0.033,0.0,13,3,8,0.178
Commd2,-0.068,-0.154,0.095,0.0,13,4,8,-0.067
Zcchc9,-0.068,-0.106,-0.0,0.0,13,3,8,-0.737
Eif3g,-0.068,-0.14,0.017,0.0,13,4,8,0.177
Gpalpp1,-0.068,-0.091,0.105,0.0,11,4,6,-0.227
Sumo2,-0.068,-0.139,-0.023,0.0,12,2,7,0.067
Cnih4,-0.068,-0.17,-0.003,0.0,13,3,8,-1.208
Ccdc43,-0.068,-0.206,0.05,0.0,13,4,8,0.114
Zfp131,-0.068,-0.094,0.008,0.0,12,3,7,-0.375
Tti2,-0.068,-0.253,0.124,0.0,11,4,6,-0.162
Rab12,-0.068,-0.213,0.023,0.0,13,4,8,-1.132
Nop2,-0.068,-0.348,0.092,0.0,13,6,8,0.285
Tjap1,-0.069,-0.2,0.074,0.0,13,6,8,-1.067
G0s2,-0.069,-0.162,0.022,0.0,13,5,8,-2.12
Thoc3,-0.069,-0.098,-0.042,0.0,13,2,8,0.167
Cdk11b,-0.069,-0.125,0.003,0.0,13,4,8,-0.65
Pum3,-0.069,-0.139,-0.028,0.0,11,2,6,-0.255
Clmp,-0.069,-0.226,0.045,0.0,12,5,7,0.731
Mrpl18,-0.069,-0.198,0.001,0.0,13,4,8,-0.146
Limd1,-0.069,-0.306,0.179,0.0,12,5,7,-2.73
Simc1,-0.069,-0.65,0.07,0.0,11,4,6,-0.204
Sept9,-0.069,-0.415,0.072,0.0,10,4,5,-2.447
Ube2a,-0.069,-0.133,-0.024,0.0,13,3,8,0.242
Gid8,-0.069,-0.135,0.012,0.0,12,3,7,0.044
Slc50a1,-0.069,-0.092,0.012,0.0,13,6,8,-1.091
Epb41l2,-0.069,-0.218,0.064,0.0,11,5,6,-3.03
Sh3kbp1,-0.069,-0.186,-0.028,0.0,13,3,8,-1.103
Eif3i,-0.069,-0.086,0.015,0.0,13,4,8,-0.013
Osgep,-0.069,-0.168,-0.003,0.0,13,3,8,-0.751
Pex3,-0.069,-0.165,0.127,0.0,13,5,8,-0.256
Tars,-0.069,-0.126,0.02,0.0,13,4,8,-0.528
Abracl,-0.069,-0.178,0.02,0.0,12,3,7,-0.792
Brcc3,-0.069,-0.12,0.066,0.0,13,5,8,0.285
Me2,-0.069,-0.209,0.064,0.0,13,4,8,0.037
Dnajc4,-0.069,-0.161,-0.001,0.0,13,3,8,-0.112
Phf5a,-0.069,-0.092,0.012,0.0,13,4,8,0.057
Taf6l,-0.069,-0.358,0.095,0.0,12,5,7,-0.262
Scamp2,-0.069,-0.114,0.071,0.0,13,6,8,-2.011
Gnas,-0.069,-0.081,0.068,0.0,13,4,8,1.039
Rpp30,-0.069,-0.079,-0.031,0.0,13,2,8,-0.374
Rsu1,-0.069,-0.099,0.016,0.0,13,4,8,-1.257
Amotl1,-0.069,-0.223,0.052,0.0,12,4,7,-2.161
Yae1d1,-0.07,-0.154,-0.017,0.0,11,2,6,-0.03
Med6,-0.07,-0.163,0.029,0.0,13,4,8,-0.538
Hnrnpc,-0.07,-0.114,0.023,0.0,13,4,8,-0.218
Rpl19,-0.07,-0.127,-0.034,0.0,13,2,8,-0.136
Sgta,-0.07,-0.16,0.012,0.0,13,4,8,-0.104
Orai1,-0.07,-0.292,0.035,0.0,13,4,8,-1.368
Snf8,-0.07,-0.116,0.023,0.0,13,5,8,0.274
Ndufb11,-0.07,-0.098,-0.018,0.0,13,3,8,0.188
Abhd11,-0.07,-0.091,0.113,0.0,13,5,8,0.579
Smarcad1,-0.07,-0.422,0.066,0.0,13,5,8,-0.669
Timm8a1,-0.07,-0.304,0.017,0.0,11,4,7,0.019
Dcbld1,-0.07,-0.124,0.024,0.0,10,3,6,-1.388
Larp7,-0.07,-0.124,0.047,0.0,13,5,8,-0.722
Rpl9,-0.07,-0.139,-0.025,0.0,13,2,8,-0.096
Tctex1d2,-0.07,-0.178,0.035,0.0,12,4,7,0.866
Tomm7,-0.07,-0.142,-0.003,0.0,13,3,8,-0.267
Anp32a,-0.07,-0.232,-0.006,0.0,13,3,8,-0.159
Ppid,-0.07,-0.119,0.028,0.0,13,4,8,0.42
Btbd3,-0.07,-0.348,0.105,0.0,12,4,8,-0.711
Psmd9,-0.07,-0.141,0.007,0.0,13,5,8,-0.248
Tpd52l1,-0.07,-0.12,0.071,0.0,13,6,8,1.21
Kxd1,-0.07,-0.169,0.005,0.0,12,3,7,-0.361
Cr1l,-0.07,-0.118,0.138,0.0,13,6,8,-0.986
Rpl34,-0.07,-0.173,-0.025,0.0,12,0,7,-0.354
Arid3b,-0.07,-0.353,0.065,0.0,10,3,6,-0.075
Imp4,-0.07,-0.244,0.016,0.0,13,5,8,-0.272
Rbmxl1,-0.07,-0.095,-0.021,0.0,13,3,8,0.059
Rbm34,-0.07,-0.162,0.025,0.0,13,4,8,0.469
Vapa,-0.07,-0.095,-0.01,0.0,13,3,8,-0.056
Eci2,-0.07,-0.108,-0.026,0.0,13,3,8,-0.613
AW209491,-0.071,-0.168,0.036,0.0,13,4,8,0.937
Tnip2,-0.071,-0.171,0.13,0.0,11,4,7,-0.765
Rpl7,-0.071,-0.172,-0.046,0.0,13,0,8,-0.606
Smu1,-0.071,-0.098,0.041,0.0,13,5,8,-0.182
Cmc2,-0.071,-0.131,0.075,0.0,12,5,7,-0.147
Dek,-0.071,-0.233,-0.055,0.0,13,2,8,-1.571
Uhrf1bp1,-0.071,-0.179,0.135,0.0,12,4,7,0.422
Gm5577,-0.071,-0.153,0.312,0.0,11,5,6,0.098
Ankrd37,-0.071,-0.153,0.175,0.0001,12,4,8,0.329
Mal,-0.071,-0.271,0.132,0.0,11,4,7,-5.084
Ube2e3,-0.071,-0.169,0.0,0.0,13,4,8,-0.798
Aurkaip1,-0.071,-0.102,-0.016,0.0,13,2,8,0.237
Tradd,-0.071,-0.277,0.082,0.0,13,5,8,0.212
Bud31,-0.071,-0.133,-0.049,0.0,13,2,8,-0.004
Rpl13a,-0.071,-0.163,-0.038,0.0,13,0,8,-0.444
Impdh2,-0.071,-0.107,-0.055,0.0,13,3,8,-0.722
Ccdc90b,-0.071,-0.658,-0.015,0.0,13,3,8,-1.432
Mocs3,-0.071,-0.162,0.074,0.0,10,2,5,0.164
Tmem132a,-0.071,-0.139,0.136,0.0,12,5,7,0.059
Eid1,-0.071,-0.147,0.007,0.0,13,5,8,0.32
Rpgr,-0.071,-0.109,0.02,0.0,13,5,8,0.273
Zfp120,-0.071,-0.211,0.021,0.0,13,5,8,-0.525
Cox17,-0.071,-0.197,-0.034,0.0,13,3,8,0.161
Zfp292,-0.071,-0.165,0.045,0.0,13,4,8,-0.305
Pin4,-0.071,-0.149,0.008,0.0,13,5,8,0.489
Slc9b2,-0.071,-0.431,0.199,0.0045,10,5,6,1.767
Mex3d,-0.071,-0.317,0.087,0.0,12,5,7,0.493
Calr3,-0.071,-0.256,0.172,0.0001,11,3,7,1.191
Pcgf1,-0.072,-0.134,0.058,0.0,13,5,8,0.915
2610037D02Rik,-0.072,-0.349,0.063,0.0,10,4,5,-0.811
1110012L19Rik,-0.072,-0.158,0.016,0.0,12,3,7,0.271
Tatdn1,-0.072,-0.202,0.159,0.0001,13,4,8,0.416
Snx6,-0.072,-0.103,0.026,0.0,13,4,8,-0.034
Arfrp1,-0.072,-0.133,0.013,0.0,13,5,8,-0.02
Sac3d1,-0.072,-0.1,-0.002,0.0,13,3,8,0.353
Pfn1,-0.072,-0.083,-0.035,0.0,13,2,8,-0.504
Ssna1,-0.072,-0.125,0.01,0.0,13,4,8,0.376
Gm7467,-0.072,-0.158,0.009,0.0,10,2,5,1.003
Zfp646,-0.072,-0.123,0.083,0.0,11,4,6,-0.491
Zfp775,-0.072,-0.244,-0.017,0.0,11,1,6,0.135
Polr2k,-0.072,-0.119,0.066,0.0,13,4,8,0.369
Nsrp1,-0.072,-0.159,0.111,0.0,11,5,6,-0.815
Psmb1,-0.072,-0.106,0.002,0.0,13,4,8,0.338
Ptn,-0.072,-0.131,0.303,0.0011,13,6,8,-1.648
Kcnj3,-0.072,-0.17,0.126,0.0,13,6,8,1.688
Kctd13,-0.072,-0.078,-0.025,0.0,13,3,8,1.414
Lrrc73,-0.072,-0.121,0.037,0.0,12,4,7,1.859
Tcp11l2,-0.072,-0.106,-0.029,0.0,13,3,8,-0.794
Zfand2b,-0.072,-0.138,0.046,0.0,13,4,8,0.218
Mrps25,-0.072,-0.108,-0.023,0.0,13,3,8,0.331
Rpl39,-0.072,-0.106,-0.009,0.0,13,2,8,-0.252
Surf6,-0.072,-0.286,0.189,0.0001,12,6,7,0.346
Cep19,-0.072,-0.14,0.045,0.0,12,4,7,0.563
Cdc42ep4,-0.072,-0.246,0.012,0.0,13,5,8,-2.058
Med8,-0.072,-0.172,-0.019,0.0,13,3,8,-0.013
Fam210b,-0.072,-0.418,0.121,0.0004,10,4,6,-1.453
Timm17a,-0.072,-0.122,-0.002,0.0,13,3,8,0.577
Fra10ac1,-0.072,-0.169,0.159,0.0,12,5,7,0.225
Ets2,-0.073,-0.216,0.274,0.0,11,3,6,-1.914
Ngrn,-0.073,-0.078,0.048,0.0,13,4,8,0.439
Cetn3,-0.073,-0.11,0.044,0.0,13,5,8,0.073
Pyroxd1,-0.073,-0.19,0.144,0.0,12,5,7,-0.185
Rab35,-0.073,-0.093,0.019,0.0,13,4,8,0.302
Fkbpl,-0.073,-0.224,0.114,0.0,12,4,7,0.589
Zrsr1,-0.073,-0.08,0.085,0.0,13,5,8,0.584
Banf1,-0.073,-0.153,-0.032,0.0,13,1,8,-0.107
Rrp9,-0.073,-0.198,0.074,0.0,13,4,8,-0.151
Rps10,-0.073,-0.179,-0.017,0.0,13,2,8,-0.28
Usp1,-0.073,-0.169,0.08,0.0,12,5,7,-2.046
Bbc3,-0.073,-0.146,-0.009,0.0,12,3,7,0.29
Pbxip1,-0.073,-0.312,0.041,0.0,10,3,7,-4.065
Ccdc25,-0.073,-0.093,-0.015,0.0,13,3,8,0.309
Lamtor4,-0.073,-0.157,-0.003,0.0,12,2,7,0.354
Ncbp2,-0.073,-0.107,0.004,0.0,13,4,8,0.264
Ezr,-0.073,-0.138,0.066,0.0,13,5,8,-1.98
Tm4sf1,-0.073,-0.191,0.095,0.0,13,5,8,-1.478
Rnf215,-0.073,-0.476,0.104,0.0,13,4,8,-1.687
Odc1,-0.073,-0.26,0.004,0.0,13,4,8,-0.75
Snhg12,-0.073,-0.138,-0.009,0.0,13,3,8,0.183
Snrpa1,-0.073,-0.118,-0.011,0.0,13,2,8,-0.327
Emilin1,-0.073,-0.193,0.114,0.0001,10,4,5,-1.752
Rps27l,-0.073,-0.152,0.01,0.0,13,5,8,-0.481
Kansl1l,-0.073,-0.419,0.118,0.0,12,5,7,-1.376
Coa6,-0.073,-0.115,0.037,0.0,12,3,7,-0.249
Rfc1,-0.073,-0.102,-0.029,0.0,13,3,8,-0.488
Carhsp1,-0.073,-0.139,-0.027,0.0,12,1,7,0.451
Zfand6,-0.073,-0.103,-0.053,0.0,13,1,8,-0.585
Mrpl35,-0.074,-0.11,-0.01,0.0,13,3,8,0.291
Ldhb,-0.074,-0.183,0.095,0.0,13,5,8,-1.385
Rps21,-0.074,-0.172,-0.0,0.0,13,3,8,-0.125
Rps23,-0.074,-0.133,-0.033,0.0,13,0,8,-0.301
Prdx2,-0.074,-0.132,-0.039,0.0,13,1,8,0.431
D1Ertd622e,-0.074,-0.169,0.037,0.0,12,4,7,0.121
Pkp3,-0.074,-0.269,0.236,0.0066,10,4,6,1.427
Mrpl32,-0.074,-0.114,-0.006,0.0,13,3,8,0.446
Sh3bgrl,-0.074,-0.174,0.043,0.0,13,4,8,-0.116
Pdzd11,-0.074,-0.175,0.017,0.0,13,4,8,0.072
H1f0,-0.074,-0.255,0.026,0.0,13,4,8,-1.246
Sgce,-0.074,-0.146,0.055,0.0,13,5,8,-2.308
Mfap3l,-0.074,-0.126,0.142,0.0,13,5,8,-0.528
Golga5,-0.074,-0.19,0.049,0.0,13,5,8,-0.567
Arl5b,-0.074,-0.2,0.071,0.0,13,6,8,-0.935
Msantd3,-0.074,-0.11,0.16,0.0,11,5,6,0.399
Srsf7,-0.074,-0.164,0.0,0.0,13,4,8,-0.694
Magoh,-0.074,-0.183,-0.046,0.0,13,2,8,-0.406
Cdkn1a,-0.074,-0.363,-0.024,0.0,13,3,8,0.582
Fastkd2,-0.074,-0.373,0.095,0.0,13,6,8,0.242
Myg1,-0.074,-0.108,0.118,0.0,13,6,8,0.031
Sept6,-0.074,-0.163,0.06,0.0,11,4,6,1.364
Polr2h,-0.074,-0.106,0.069,0.0,13,4,8,0.641
Lta4h,-0.075,-0.228,0.059,0.0,13,4,8,-0.259
Exosc9,-0.075,-0.125,0.025,0.0,13,4,8,0.515
Ubb,-0.075,-0.204,-0.02,0.0,13,3,8,0.22
Mcl1,-0.075,-0.267,-0.031,0.0,13,2,8,-1.025
Polr2f,-0.075,-0.124,-0.006,0.0,13,3,8,-0.036
Rbm8a,-0.075,-0.137,0.0,0.0,13,4,8,-0.055
Rabl3,-0.075,-0.164,0.061,0.0,12,4,7,0.007
Txndc9,-0.075,-0.151,-0.049,0.0,13,1,8,-0.021
Rps19,-0.075,-0.197,-0.019,0.0,13,1,8,-0.252
Rras,-0.075,-0.211,0.116,0.0,13,5,8,-1.666
Epb41l4aos,-0.075,-0.164,0.075,0.0001,11,4,6,-0.108
Pim1,-0.075,-0.355,0.098,0.0,12,5,7,-0.318
Mrpl45,-0.075,-0.172,-0.029,0.0,13,1,8,0.233
Eif3f,-0.075,-0.089,-0.014,0.0,13,2,8,-0.053
Acads,-0.075,-0.273,0.088,0.0,12,5,7,-0.338
Phykpl,-0.075,-0.357,0.084,0.0,10,4,5,-0.912
Tmsb4x,-0.075,-0.144,0.017,0.0,13,5,8,0.238
Twf2,-0.075,-0.127,0.025,0.0,13,6,8,-0.806
Dr1,-0.075,-0.164,0.013,0.0,13,4,8,0.214
Tspo,-0.075,-0.112,0.192,0.0,13,4,8,-0.247
Rps9,-0.075,-0.258,-0.031,0.0,13,1,8,-0.354
Zc4h2,-0.075,-0.227,0.093,0.0,12,5,7,0.633
Naca,-0.075,-0.205,-0.055,0.0,13,0,8,-0.153
Sptb,-0.076,-0.299,0.259,0.0001,10,4,5,1.175
Tango6,-0.076,-0.228,0.232,0.0,10,4,6,-0.52
Esd,-0.076,-0.124,-0.036,0.0,13,2,8,-0.012
0610009L18Rik,-0.076,-0.451,0.275,0.0,11,5,6,-0.3
9330151L19Rik,-0.076,-0.674,0.09,0.0,11,4,6,0.201
Herpud1,-0.076,-0.191,0.086,0.0,13,5,8,-0.378
9530077C05Rik,-0.076,-0.15,0.203,0.0,13,5,8,0.093
Ccdc12,-0.076,-0.15,-0.008,0.0,13,2,8,-0.723
Tcea1,-0.076,-0.135,-0.01,0.0,13,3,8,-0.416
Rpf1,-0.076,-0.2,-0.026,0.0,13,2,8,-0.288
S100a11,-0.076,-0.153,0.122,0.0,13,4,8,0.089
St3gal6,-0.076,-0.436,0.272,0.0,13,6,8,-0.372
Gnb3,-0.076,-0.319,0.045,0.0,12,6,7,1.667
Cpne3,-0.076,-0.156,0.048,0.0,13,6,8,0.012
Hes6,-0.076,-0.208,-0.02,0.0,13,3,8,0.749
Gdpd1,-0.076,-0.094,0.11,0.0,13,5,8,1.364
Mphosph6,-0.076,-0.127,0.062,0.0,13,6,8,-0.811
Tsga10,-0.076,-0.327,0.026,0.0,13,4,8,-0.408
Rhob,-0.076,-0.105,0.03,0.0,13,5,8,-0.627
H1fx,-0.076,-0.165,0.029,0.0,12,3,7,0.591
Rps3,-0.076,-0.19,-0.048,0.0,13,2,8,-0.229
Slc7a5,-0.076,-0.555,0.108,0.0,12,5,7,1.069
Fundc2,-0.076,-0.145,-0.025,0.0,13,2,8,-0.159
2900079G21Rik,-0.077,-0.538,0.046,0.0,10,3,6,1.904
Enox2,-0.077,-0.431,0.07,0.0001,12,5,7,-0.081
Cryz,-0.077,-0.168,0.185,0.0,12,5,7,-0.744
Naa10,-0.077,-0.1,-0.029,0.0,13,2,8,0.081
Ppp1r18,-0.077,-0.465,0.117,0.0,11,5,6,-2.036
Aamp,-0.077,-0.143,-0.024,0.0,13,2,8,-0.289
Mrpl36,-0.077,-0.125,-0.016,0.0,13,1,8,-0.084
Rab34,-0.077,-0.215,-0.016,0.0,13,2,8,-0.89
Cnot2,-0.077,-0.26,0.068,0.0,13,6,8,-0.637
Api5,-0.077,-0.153,-0.019,0.0,13,3,8,-0.516
Ripk2,-0.077,-0.201,0.134,0.0,11,5,7,-0.85
Rsbn1l,-0.077,-0.145,0.052,0.0,13,4,8,-0.728
Nipsnap3b,-0.077,-0.103,0.01,0.0,13,4,8,0.38
Ndufs6,-0.077,-0.126,-0.016,0.0,13,3,8,0.224
Fbxl15,-0.077,-0.188,0.038,0.0,13,4,8,-0.142
Ndufaf3,-0.077,-0.101,-0.023,0.0,13,3,8,0.622
Tmc6,-0.077,-0.565,0.131,0.0,13,6,8,-1.889
Dnajc19,-0.077,-0.117,-0.01,0.0,13,3,8,-0.147
Rps26,-0.077,-0.201,-0.017,0.0,13,3,8,-0.087
Cidea,-0.077,-0.382,0.164,0.0,13,6,8,1.91
Dhx16,-0.077,-0.294,0.079,0.0,13,6,8,-0.7
Gpbp1l1,-0.077,-0.158,0.015,0.0,13,5,8,-0.948
Mcts1,-0.077,-0.102,0.036,0.0,13,4,8,0.762
Hmbs,-0.078,-0.162,0.011,0.0,13,4,8,-0.33
Wdr83,-0.078,-0.092,-0.027,0.0,13,3,8,0.192
Gtf2h4,-0.078,-0.25,-0.016,0.0,13,3,8,-0.539
Zfp397,-0.078,-0.254,0.081,0.0,13,5,8,-0.958
Eif4e,-0.078,-0.107,-0.042,0.0,13,1,8,0.14
Exosc4,-0.078,-0.105,0.153,0.0,13,4,8,0.342
Nudt9,-0.078,-0.13,0.008,0.0,13,5,8,-0.839
Prmt1,-0.078,-0.156,-0.007,0.0,13,3,8,0.326
9330158H04Rik,-0.078,-0.237,0.215,0.0002,11,5,7,1.871
Suclg1,-0.078,-0.138,0.013,0.0,13,4,8,-0.04
Mmadhc,-0.078,-0.183,-0.049,0.0,13,2,8,-0.102
Rpgrip1,-0.078,-0.285,-0.038,0.0,11,2,6,0.08
Pbx4,-0.078,-0.387,0.008,0.0,12,3,7,0.935
Wrn,-0.078,-0.323,0.117,0.0,12,4,8,-0.884
Casp3,-0.078,-0.167,0.062,0.0,11,3,7,0.452
Lurap1l,-0.078,-0.329,-0.001,0.0,10,2,6,-1.047
Zfp280c,-0.078,-0.358,0.129,0.0041,11,3,7,-0.81
Cdk5rap3,-0.078,-0.251,0.01,0.0,13,4,8,-0.304
Slc24a5,-0.078,-0.159,0.064,0.0,12,5,7,0.496
Tmem256,-0.079,-0.233,0.059,0.0,12,4,7,-0.351
Fggy,-0.079,-0.391,0.137,0.0,11,5,8,-0.03
Nhp2,-0.079,-0.186,-0.015,0.0,13,2,8,0.319
Chmp5,-0.079,-0.143,-0.049,0.0,13,2,8,-0.03
Ranbp1,-0.079,-0.164,0.005,0.0,13,5,8,0.124
Zfp235,-0.079,-0.271,0.058,0.0001,12,4,7,-0.014
Adrm1,-0.079,-0.154,-0.033,0.0,13,2,8,0.253
Bnip2,-0.079,-0.103,0.015,0.0,13,5,8,-1.742
Pop7,-0.079,-0.25,0.071,0.0,13,5,8,0.92
Wdr34,-0.079,-0.181,0.084,0.0,12,4,7,0.296
Ppil3,-0.079,-0.096,-0.014,0.0,13,3,8,0.355
Prkrip1,-0.079,-0.129,0.026,0.0,13,4,8,0.613
Mterf2,-0.079,-0.304,0.11,0.0,11,5,6,0.696
Nans,-0.079,-0.19,0.112,0.0,13,5,8,0.015
Kat8,-0.079,-0.239,0.026,0.0,12,3,7,0.177
Tspan14,-0.079,-0.373,-0.0,0.0,12,3,7,-2.483
Rhobtb3,-0.079,-0.133,0.01,0.0,13,4,8,-2.13
Ing4,-0.08,-0.131,0.042,0.0,12,4,7,-0.383
Ufc1,-0.08,-0.11,-0.025,0.0,13,3,8,0.152
Rnf216,-0.08,-0.143,0.102,0.0,13,6,8,-0.195
Zscan18,-0.08,-0.193,0.109,0.0,12,5,7,0.513
Nrip2,-0.08,-0.131,0.116,0.0001,13,5,8,0.44
Shmt2,-0.08,-0.358,0.116,0.0,13,5,8,-0.019
Sdhb,-0.08,-0.12,0.03,0.0,13,5,8,0.53
Mcts2,-0.08,-0.223,0.078,0.0,13,5,8,0.746
Polr2d,-0.08,-0.134,0.042,0.0,13,4,8,-0.047
Khdrbs3,-0.08,-0.212,0.065,0.0,13,5,8,1.102
Zfp105,-0.08,-0.23,0.122,0.0,11,5,6,-0.139
Znhit2,-0.08,-0.156,0.131,0.0,12,4,7,0.536
D730003I15Rik,-0.08,-0.2,0.053,0.0,11,3,6,-0.275
Dcun1d1,-0.08,-0.236,-0.054,0.0,13,1,8,0.142
Snrnp35,-0.08,-0.129,0.077,0.0,13,5,8,0.33
Rpl17,-0.08,-0.169,-0.034,0.0,13,2,8,-0.105
Mrps30,-0.08,-0.189,0.001,0.0,13,4,8,0.062
Tbc1d32,-0.08,-0.517,0.124,0.0,10,5,6,-0.061
Fam122a,-0.08,-0.181,-0.003,0.0,13,3,8,-0.213
F2r,-0.08,-0.513,0.191,0.0,12,6,7,0.486
Slc25a28,-0.081,-0.298,0.03,0.0,13,5,8,-0.04
Tmem242,-0.081,-0.141,0.054,0.0,12,4,7,0.18
Cnp,-0.081,-0.136,0.047,0.0,13,5,8,-2.914
Cnbp,-0.081,-0.113,-0.032,0.0,13,2,8,-0.427
Eef1b2,-0.081,-0.188,-0.022,0.0,13,2,8,0.073
Zfp653,-0.081,-0.147,0.16,0.0,12,4,7,-0.276
Kptn,-0.081,-0.149,0.129,0.0,13,5,8,0.073
Dnttip1,-0.081,-0.122,-0.015,0.0,13,2,8,-0.019
Crlf2,-0.081,-0.261,0.062,0.0,12,5,7,-0.063
Eef1a1,-0.081,-0.136,-0.034,0.0,13,1,8,-0.064
Ubxn8,-0.081,-0.208,0.052,0.0,13,4,8,0.1
Slc25a37,-0.081,-0.272,0.062,0.0,12,5,8,-0.717
Rnaseh1,-0.081,-0.128,-0.012,0.0,13,3,8,-0.346
Irgm1,-0.081,-0.946,0.289,0.0043,11,3,7,-0.801
Dctpp1,-0.081,-0.137,-0.013,0.0,13,2,8,0.508
Rpl28,-0.081,-0.124,-0.005,0.0,13,2,8,-0.397
Abhd4,-0.081,-0.464,0.102,0.0,13,6,8,-2.467
Zfp28,-0.081,-0.487,0.134,0.0,12,4,7,0.258
Prpf31,-0.081,-0.104,-0.058,0.0,13,2,8,0.288
Prim2,-0.081,-0.276,0.038,0.0,10,2,6,-1.23
Plgrkt,-0.081,-0.181,-0.021,0.0,12,2,7,-1.654
2310039H08Rik,-0.081,-0.22,0.119,0.0,12,5,7,-0.626
Smarce1,-0.082,-0.142,-0.021,0.0,13,2,8,-0.224
Rpl13,-0.082,-0.177,-0.039,0.0,13,0,8,-0.356
Tgds,-0.082,-0.206,0.078,0.0,11,5,6,-0.84
Cipc,-0.082,-0.146,0.089,0.0,11,4,6,-0.308
Ptch1,-0.082,-0.185,0.037,0.0,11,4,6,-1.888
Otulin,-0.082,-0.145,0.064,0.0,11,3,6,0.027
Ube2i,-0.082,-0.108,-0.018,0.0,13,3,8,-0.7
Rps29,-0.082,-0.21,-0.019,0.0,13,2,8,-0.581
Dync2li1,-0.082,-0.224,-0.039,0.0,13,2,8,-0.214
Rps12,-0.082,-0.191,-0.026,0.0,13,1,8,-0.448
Med31,-0.082,-0.117,-0.017,0.0,13,3,8,0.182
Pfkfb4,-0.082,-0.479,0.137,0.0,13,6,8,-0.071
Rpl35a,-0.082,-0.149,-0.017,0.0,13,1,8,-0.545
Cebpb,-0.082,-0.228,0.108,0.0,13,4,8,-1.07
Tgfb2,-0.082,-0.627,0.119,0.0,13,4,8,-2.648
Psmg1,-0.082,-0.217,-0.022,0.0,13,3,8,0.159
Rasgrp2,-0.082,-0.335,0.166,0.0041,10,3,6,-3.382
Metrnl,-0.082,-0.277,0.408,0.0126,10,3,6,-3.029
Mrps16,-0.082,-0.193,-0.044,0.0,13,2,8,-0.227
Ppt1,-0.082,-0.125,0.056,0.0,13,4,8,-0.734
Ddx52,-0.082,-0.199,-0.015,0.0,13,2,8,-0.548
Ndufv2,-0.082,-0.134,0.015,0.0,13,4,8,0.266
Mtmr14,-0.082,-0.134,0.194,0.0,13,4,8,-0.01
Rab33a,-0.082,-0.127,-0.024,0.0,12,2,7,2.051
Aifm2,-0.082,-0.25,0.131,0.0,12,5,7,0.075
Eny2,-0.082,-0.133,-0.024,0.0,13,3,8,-0.202
Kctd1,-0.082,-0.385,0.007,0.0,13,5,8,-1.158
Zfp358,-0.082,-0.212,0.067,0.0,12,4,7,0.153
Myl6b,-0.083,-0.23,0.216,0.0,11,4,7,1.254
Matk,-0.083,-0.301,0.148,0.0001,12,5,7,0.829
Ptma,-0.083,-0.143,0.008,0.0,13,4,8,0.305
Ubn1,-0.083,-0.1,0.004,0.0,13,4,8,-0.374
Rps25,-0.083,-0.147,-0.025,0.0,13,1,8,-0.218
Npm1,-0.083,-0.152,-0.035,0.0,13,0,8,0.05
Pofut2,-0.083,-0.187,0.02,0.0,13,4,8,-1.169
Psmb5,-0.083,-0.139,0.006,0.0,13,4,8,0.573
Carns1,-0.083,-0.163,-0.046,0.0011,13,3,8,-0.222
Rpl5,-0.083,-0.174,-0.025,0.0,13,2,8,-0.361
Pcbp1,-0.083,-0.121,0.013,0.0,13,6,8,0.001
Sdhaf1,-0.083,-0.151,0.055,0.0,13,5,8,-0.131
Rpp40,-0.083,-0.197,-0.055,0.0,12,2,7,0.2
Efna2,-0.083,-0.289,0.001,0.0,10,3,5,-0.489
Mthfsl,-0.083,-0.225,0.095,0.0,11,4,6,-0.133
Mrto4,-0.083,-0.142,0.054,0.0,13,4,8,0.168
Pycard,-0.083,-0.285,0.053,0.0004,10,3,5,-2.992
Pus3,-0.083,-0.223,0.06,0.0,12,4,7,0.092
4921524J17Rik,-0.083,-0.181,-0.023,0.0,13,3,8,-0.161
Tmem218,-0.083,-0.156,0.05,0.0,12,5,7,-0.81
Taf5,-0.083,-0.57,0.085,0.0,11,3,7,-0.291
Mzt1,-0.084,-0.192,0.005,0.0,13,4,8,0.105
Zfp944,-0.084,-0.195,0.102,0.0,13,6,8,0.018
Aste1,-0.084,-0.299,0.361,0.0056,11,5,7,-0.861
Ahr,-0.084,-0.184,0.123,0.0,11,4,7,-2.229
Mrpl48,-0.084,-0.112,-0.006,0.0,13,3,8,0.075
Bcas2,-0.084,-0.129,-0.032,0.0,13,2,8,0.262
Vldlr,-0.084,-0.898,0.047,0.0,11,3,7,-3.595
Prkcd,-0.084,-0.536,0.035,0.0,11,3,6,-1.1
Dnajc25,-0.084,-0.184,0.099,0.0,13,5,8,-1.65
Spsb4,-0.084,-0.297,0.24,0.0001,12,5,8,1.372
Ccdc138,-0.084,-0.269,-0.004,0.0,10,2,6,-0.656
Cdkn2aipnl,-0.084,-0.11,-0.025,0.0,13,3,8,0.496
Plin2,-0.084,-0.217,0.068,0.0,13,5,8,-0.521
Zfp787,-0.084,-0.27,-0.02,0.0,12,2,7,-0.385
Cep192,-0.084,-0.29,0.241,0.0,10,4,6,-1.454
Fgfr1op2,-0.084,-0.115,0.017,0.0,13,4,8,-0.708
Sertad3,-0.084,-0.309,0.087,0.0,13,5,8,-1.475
Mrps35,-0.084,-0.115,-0.004,0.0,13,3,8,0.049
Mafk,-0.084,-0.346,0.272,0.0034,12,5,8,-1.776
Ltv1,-0.084,-0.2,-0.025,0.0,13,2,8,-0.069
Rrp15,-0.085,-0.201,0.055,0.0,13,4,8,-1.024
E2f1,-0.085,-0.58,0.175,0.0,10,4,6,-1.632
Tex9,-0.085,-0.371,-0.022,0.0,12,1,7,-0.314
Alms1,-0.085,-0.281,0.22,0.0,11,4,6,-0.401
Snrpd2,-0.085,-0.162,-0.034,0.0,13,0,8,0.08
Hnrnph3,-0.085,-0.178,-0.045,0.0,12,1,7,-0.52
Zfp414,-0.085,-0.115,-0.005,0.0,13,3,8,0.268
Ak6,-0.085,-0.186,0.009,0.0,11,4,6,0.414
Cry1,-0.085,-0.308,0.055,0.0,12,4,7,-0.504
Slc25a11,-0.085,-0.139,-0.003,0.0,13,3,8,0.324
Plekha7,-0.085,-0.256,0.12,0.0,10,4,5,-0.721
Ints7,-0.085,-0.433,0.094,0.0,13,6,8,-0.043
Poc1b,-0.085,-0.143,0.048,0.0009,10,3,6,-1.264
Zfp3,-0.085,-0.406,0.079,0.0,11,4,6,0.308
Erh,-0.085,-0.163,0.004,0.0,13,4,8,0.091
Osbpl3,-0.085,-0.282,0.089,0.0,13,6,8,1.077
Ybx3,-0.086,-0.134,0.022,0.0,11,3,6,-0.573
Immp1l,-0.086,-0.265,-0.04,0.0,13,2,8,-0.262
Crtap,-0.086,-0.237,0.049,0.0,12,5,7,-2.427
Anp32b,-0.086,-0.153,-0.002,0.0,13,3,8,-0.721
Elof1,-0.086,-0.105,0.022,0.0,13,4,8,0.251
Smn1,-0.086,-0.167,-0.017,0.0,13,3,8,-0.062
Rab23,-0.086,-0.143,0.06,0.0,13,5,8,-0.076
Tmem141,-0.086,-0.181,-0.018,0.0,13,2,8,0.728
Dkc1,-0.086,-0.176,0.129,0.0,13,4,8,-0.645
Cox11,-0.086,-0.256,0.018,0.0,12,3,7,0.163
Haus7,-0.086,-0.171,0.037,0.0,12,5,7,-0.337
Kazn,-0.086,-0.395,0.157,0.0,12,5,7,0.091
Sepsecs,-0.086,-0.327,0.013,0.0,11,3,7,-0.112
Secisbp2,-0.086,-0.351,0.11,0.0,13,6,8,-0.69
Hmg20b,-0.086,-0.265,0.084,0.0,13,5,8,-1.801
Siah1b,-0.086,-0.161,0.058,0.0,12,5,7,-0.314
Grip1,-0.086,-0.397,0.076,0.0008,12,5,7,1.652
Eif2ak2,-0.086,-0.264,0.173,0.0,13,6,8,-0.925
Taf7,-0.086,-0.198,0.015,0.0,13,4,8,-1.071
Fnbp1l,-0.086,-0.326,-0.004,0.0,12,2,7,0.482
Tax1bp3,-0.086,-0.181,-0.021,0.0,12,3,7,-2.05
Nelfcd,-0.086,-0.18,-0.003,0.0,12,2,7,0.39
Chchd3,-0.086,-0.165,-0.056,0.0,13,2,8,-0.3
Polr2e,-0.086,-0.133,-0.0,0.0,13,3,8,-0.263
Polr3k,-0.086,-0.111,0.012,0.0,13,5,8,0.563
Mbp,-0.086,-0.157,0.094,0.0,13,5,8,-3.119
Fbxl8,-0.087,-0.362,0.131,0.0003,10,4,6,0.186
Smim8,-0.087,-0.16,0.052,0.0,12,4,7,0.171
Polr2i,-0.087,-0.169,-0.025,0.0,13,3,8,0.113
Pycr2,-0.087,-0.137,-0.051,0.0,13,2,8,-0.34
Adprm,-0.087,-0.137,0.037,0.0,12,4,7,0.29
Acot11,-0.087,-0.321,0.323,0.0,11,5,7,-0.265
Lsm8,-0.087,-0.128,0.008,0.0,11,3,6,-0.718
Mettl6,-0.087,-0.146,0.025,0.0,13,5,8,-0.475
Ddx27,-0.087,-0.145,0.026,0.0,13,4,8,-0.341
Nck1,-0.087,-0.151,0.007,0.0,13,4,8,-0.647
Commd3,-0.087,-0.125,0.01,0.0,13,4,8,0.234
Scp2,-0.087,-0.143,-0.025,0.0,13,3,8,-0.681
Sema4c,-0.087,-0.353,0.147,0.0,11,3,6,-1.602
Yif1a,-0.087,-0.145,-0.009,0.0,13,3,8,-0.452
Ly96,-0.087,-0.367,0.003,0.0,10,2,6,-1.294
Zcchc10,-0.087,-0.209,-0.035,0.0,13,3,8,0.161
Prorsd1,-0.087,-0.186,0.219,0.0,12,4,7,-1.064
Znhit3,-0.087,-0.194,0.031,0.0,13,5,8,0.773
Fbxw4,-0.087,-0.237,0.117,0.0,13,6,8,-0.077
P3h4,-0.087,-0.233,-0.011,0.0,10,2,5,-1.638
Snrpf,-0.088,-0.16,-0.02,0.0,13,3,8,-0.145
Rcc1,-0.088,-0.292,0.072,0.0,12,5,7,-0.684
Zfp383,-0.088,-0.19,0.223,0.0,10,4,5,-1.116
Gtf2a2,-0.088,-0.13,-0.025,0.0,13,2,8,0.058
Pfdn6,-0.088,-0.111,0.019,0.0,11,3,6,0.291
Rpp25l,-0.088,-0.166,-0.002,0.0,12,2,7,-0.484
Gm10638,-0.088,-0.198,0.341,0.0191,10,4,7,0.028
Lifr,-0.088,-0.2,0.209,0.0,13,5,8,0.228
Ppm1m,-0.088,-0.234,0.215,0.0001,11,5,7,-2.095
Nop16,-0.088,-0.154,-0.003,0.0,13,3,8,0.083
Irs1,-0.088,-0.423,0.241,0.0002,10,4,5,-0.943
Emd,-0.088,-0.156,-0.017,0.0,13,3,8,-0.249
Rpl35,-0.088,-0.161,-0.035,0.0,13,0,8,-0.258
Polr2c,-0.088,-0.141,-0.05,0.0,13,1,8,-0.167
H2-T23,-0.088,-0.222,0.509,0.0561,10,4,8,-1.638
Ndufaf6,-0.089,-0.182,0.032,0.0,12,3,7,1.024
Gamt,-0.089,-0.15,0.031,0.0,13,4,8,-1.477
Dnajb1,-0.089,-0.103,0.007,0.0,13,4,8,-1.786
Jph1,-0.089,-0.17,0.17,0.0,11,5,6,0.099
Cmc1,-0.089,-0.131,-0.045,0.0,13,2,8,0.018
Mif4gd,-0.089,-0.248,-0.038,0.0,12,2,7,-2.773
Chrac1,-0.089,-0.235,-0.003,0.0,13,3,8,-0.325
Med28,-0.089,-0.157,-0.033,0.0,13,3,8,0.174
Pecr,-0.089,-0.257,0.025,0.0,12,4,7,-0.535
Hnrnpf,-0.089,-0.138,-0.05,0.0,13,2,8,-1.477
Rhov,-0.089,-0.231,0.063,0.0,12,5,7,1.878
Id2,-0.089,-0.171,0.013,0.0,13,4,8,-0.397
Faap24,-0.089,-0.177,0.072,0.0,10,4,5,-0.073
A430005L14Rik,-0.089,-0.129,-0.055,0.0,13,3,8,-0.809
Snrnp27,-0.089,-0.139,-0.003,0.0,13,2,8,0.057
Zfp446,-0.089,-0.297,0.181,0.0,10,4,6,-0.404
Mb21d2,-0.089,-0.427,0.205,0.0,11,4,6,0.283
Pinx1,-0.089,-0.214,0.112,0.0,13,6,8,-0.419
Slc25a5,-0.089,-0.126,-0.026,0.0,13,3,8,-0.116
Gtf2b,-0.089,-0.172,-0.062,0.0,13,2,8,-0.139
Gspt2,-0.09,-0.218,0.029,0.0,13,6,8,0.897
Asxl3,-0.09,-0.211,0.056,0.0,11,4,6,0.445
Plekho1,-0.09,-0.148,0.041,0.0,13,6,8,-0.537
Ap4m1,-0.09,-0.301,-0.006,0.0,12,2,7,-0.404
Gtf2f2,-0.09,-0.24,0.018,0.0,12,4,7,-0.253
Mrpl13,-0.09,-0.149,-0.051,0.0,13,3,8,-0.066
Maf1,-0.09,-0.181,-0.04,0.0,13,2,8,-0.378
Sirt5,-0.09,-0.218,0.012,0.0,13,4,8,0.116
Lyar,-0.09,-0.451,-0.013,0.0,13,3,8,-0.43
Zbtb45,-0.09,-0.195,0.086,0.0,12,4,7,0.389
Ccdc34,-0.09,-0.11,0.061,0.0,13,5,8,-1.135
Polr3gl,-0.09,-0.138,0.031,0.0,13,4,8,-0.494
Rps5,-0.09,-0.12,-0.034,0.0,13,1,8,-0.158
Eif3h,-0.09,-0.151,-0.021,0.0,13,1,8,0.088
Tmem107,-0.09,-0.323,0.059,0.0,13,4,8,-0.516
Rad9b,-0.09,-0.832,0.025,0.0,10,4,5,-0.256
Nelfe,-0.09,-0.282,0.048,0.0,12,5,7,-0.365
Pa2g4,-0.09,-0.133,0.005,0.0,13,4,8,-0.136
Gtf2h2,-0.09,-0.143,0.108,0.0,13,4,8,-0.282
Ptpn1,-0.09,-0.17,-0.013,0.0,13,3,8,0.372
Mrpl39,-0.09,-0.158,0.023,0.0,13,5,8,0.352
Ilkap,-0.09,-0.177,-0.061,0.0,13,2,8,-0.227
A930015D03Rik,-0.09,-0.428,0.007,0.0,10,4,6,0.057
Zfp467,-0.09,-0.163,-0.079,0.0,13,3,8,0.12
Eif3e,-0.091,-0.128,-0.054,0.0,13,2,8,-0.137
Gstm1,-0.091,-0.288,-0.037,0.0,13,2,8,0.091
Cutc,-0.091,-0.603,0.162,0.0,10,4,6,-0.594
Ppfibp1,-0.091,-0.211,0.125,0.0,12,5,7,-2.002
Sgf29,-0.091,-0.225,0.01,0.0,11,3,6,0.009
Mta2,-0.091,-0.222,0.072,0.0,13,6,8,-1.644
Utp3,-0.091,-0.131,-0.032,0.0,13,1,8,-0.048
Ppie,-0.091,-0.16,-0.018,0.0,13,3,8,-0.699
1300002E11Rik,-0.091,-0.224,0.04,0.0,13,5,8,-0.659
Blvrb,-0.091,-0.123,-0.002,0.0,13,3,8,-1.282
Bnip3l,-0.091,-0.13,-0.051,0.0,13,2,8,-0.345
Hexim1,-0.091,-0.262,0.082,0.0,13,5,8,-0.937
Zfp771,-0.091,-0.131,-0.053,0.0,13,1,8,0.356
Timm10,-0.091,-0.151,-0.023,0.0,13,3,8,0.8
Cdk19,-0.091,-0.21,0.032,0.0,13,5,8,-2.246
Psmb8,-0.091,-0.284,0.035,0.0001,12,5,7,-2.398
Dnajc24,-0.091,-0.146,-0.05,0.0,13,3,8,-1.589
Polr3d,-0.091,-0.11,0.046,0.0,13,4,8,-0.083
Thap11,-0.091,-0.204,0.155,0.0,13,4,8,-0.609
Mvb12a,-0.092,-0.114,0.087,0.0,12,5,7,-0.303
Hint3,-0.092,-0.154,0.103,0.0,13,5,8,-0.025
Gstt2,-0.092,-0.236,0.068,0.0,11,4,6,-0.507
Gusb,-0.092,-0.228,-0.006,0.0,13,3,8,-0.68
Tsen15,-0.092,-0.146,-0.055,0.0,13,2,8,-0.009
Dnajb9,-0.092,-0.355,-0.058,0.0,13,2,8,-0.624
Zfp707,-0.092,-0.172,0.078,0.0,12,5,7,0.21
Mrps33,-0.092,-0.162,-0.036,0.0,13,1,8,0.36
Cpne8,-0.092,-0.619,0.091,0.0,12,4,7,-0.137
Rbm15,-0.092,-0.197,0.039,0.0,12,3,7,-0.679
Clybl,-0.092,-0.201,-0.021,0.0,13,2,8,0.525
Gsap,-0.092,-0.416,0.044,0.0,10,4,6,-2.076
Jund,-0.092,-0.106,-0.036,0.0,13,3,8,-0.486
Tmed3,-0.093,-0.175,-0.016,0.0,13,2,8,-0.922
Prickle1,-0.093,-0.366,0.183,0.0,10,4,6,-1.595
Syf2,-0.093,-0.159,-0.071,0.0,13,3,8,-0.703
Idh2,-0.093,-0.2,0.008,0.0,13,4,8,-1.668
Nradd,-0.093,-0.22,-0.01,0.0,11,2,6,0.416
Fen1,-0.093,-0.379,0.124,0.0,12,5,7,-0.936
Coq7,-0.093,-0.116,-0.074,0.0,13,3,8,0.389
Thumpd1,-0.093,-0.134,-0.062,0.0,13,2,8,0.322
Mrps36,-0.093,-0.134,0.022,0.0,13,5,8,0.33
Trmt12,-0.093,-0.182,0.009,0.0,12,3,7,0.505
Sclt1,-0.093,-0.152,0.117,0.0,13,5,8,-0.729
Uckl1,-0.093,-0.147,0.019,0.0,13,4,8,0.239
9430038I01Rik,-0.093,-0.596,0.067,0.0,12,3,7,-0.619
Asf1a,-0.094,-0.181,-0.022,0.0,13,3,8,-0.768
Tgfb1,-0.094,-0.315,-0.021,0.0,11,2,6,-0.166
Alyref,-0.094,-0.179,0.056,0.0,12,4,7,-0.394
Triap1,-0.094,-0.198,0.025,0.0,13,4,8,0.358
Nxt1,-0.094,-0.32,-0.031,0.0,12,2,7,-0.86
Rnd3,-0.094,-0.339,0.006,0.0,13,4,8,-1.56
Pacsin3,-0.094,-0.571,0.061,0.0,11,4,7,-2.695
Nxph3,-0.094,-0.328,0.243,0.0033,11,4,6,1.13
Rps24,-0.094,-0.134,-0.021,0.0,13,2,8,-0.148
Pelp1,-0.094,-0.197,0.115,0.0,13,5,8,0.174
Mrps22,-0.094,-0.14,0.046,0.0,13,6,8,0.245
Arhgap42,-0.094,-0.345,0.037,0.0,12,3,7,-1.649
1500009L16Rik,-0.094,-0.328,0.104,0.0,13,5,8,0.933
Fgf13,-0.094,-0.173,-0.014,0.0,11,1,6,1.104
Haus3,-0.094,-0.628,0.202,0.0,11,5,7,-1.473
Serbp1,-0.094,-0.184,-0.074,0.0,13,0,8,-0.289
Tm4sf4,-0.094,-0.135,0.628,0.0323,11,4,6,1.768
Gpr137c,-0.095,-0.274,0.175,0.0,11,4,7,0.818
Rps14,-0.095,-0.195,-0.043,0.0,13,0,8,-0.633
Eif1ad,-0.095,-0.2,-0.036,0.0,13,2,8,0.176
Echs1,-0.095,-0.137,-0.006,0.0,13,1,8,-0.077
Pim3,-0.095,-0.163,0.005,0.0,13,4,8,-0.072
Nubpl,-0.095,-0.237,0.018,0.0,12,3,7,-0.278
Nudcd2,-0.095,-0.157,0.003,0.0,13,4,8,-0.77
Bola1,-0.095,-0.119,-0.067,0.0,13,2,8,0.127
Trip10,-0.095,-0.384,0.124,0.0,11,4,7,-2.143
Dll3,-0.095,-0.196,0.015,0.0002,11,3,6,2.107
Trnau1ap,-0.095,-0.138,-0.023,0.0,13,2,8,-0.268
Chmp1b,-0.095,-0.234,0.383,0.0014,11,4,7,-0.976
Cisd2,-0.095,-0.138,0.029,0.0,13,4,8,-0.155
Fbl,-0.095,-0.201,-0.035,0.0,12,2,7,-0.156
Tmem176a,-0.095,-0.196,-0.034,0.0,13,2,8,-0.593
Ube2s,-0.095,-0.187,-0.023,0.0,12,2,7,-0.042
Adh5,-0.096,-0.26,-0.029,0.0,13,2,8,-0.178
Gnl3,-0.096,-0.121,0.005,0.0,13,4,8,-0.224
Ssbp1,-0.096,-0.132,-0.024,0.0,13,3,8,-0.477
Ccdc166,-0.096,-0.383,-0.04,0.0,10,2,5,0.314
Rsl1d1,-0.096,-0.13,-0.019,0.0,13,1,8,-0.078
Nebl,-0.096,-0.33,0.148,0.0,11,5,7,-1.472
Crip1,-0.096,-0.144,0.155,0.0,13,6,8,-0.183
Fiz1,-0.096,-0.302,0.04,0.0,12,5,7,-0.336
Rpl10,-0.096,-0.207,-0.056,0.0,13,0,8,-0.2
Zfp637,-0.096,-0.156,-0.006,0.0,13,3,8,0.115
Rplp0,-0.096,-0.197,-0.035,0.0,13,1,8,-0.562
Ormdl2,-0.096,-0.274,-0.041,0.0,12,2,7,-1.464
Tmem258,-0.096,-0.22,-0.051,0.0,12,2,7,-0.16
Rrp8,-0.096,-0.144,-0.004,0.0,13,3,8,-0.006
Ntan1,-0.096,-0.205,-0.008,0.0,13,3,8,0.157
Zbtb21,-0.096,-0.31,0.057,0.0,12,4,7,-0.241
Cbfa2t3,-0.096,-0.648,0.142,0.0001,10,4,5,-1.118
Kin,-0.096,-0.178,-0.024,0.0,13,2,8,-0.28
Blvra,-0.096,-0.179,0.03,0.0,13,4,8,-0.008
Exosc1,-0.097,-0.155,-0.049,0.0,13,1,8,-0.369
Sf3a3,-0.097,-0.224,0.046,0.0,13,5,8,-0.202
Adam9,-0.097,-0.27,0.151,0.0009,13,6,8,-0.619
Cmc4,-0.097,-0.113,0.203,0.0,11,4,6,-0.272
Taco1os,-0.097,-0.218,0.014,0.0,10,4,5,0.195
Sntb2,-0.097,-0.186,0.084,0.0,12,5,8,-2.294
Nip7,-0.097,-0.123,-0.019,0.0,13,1,8,-0.137
Dok4,-0.097,-0.246,0.119,0.0,12,5,7,0.377
Pkig,-0.097,-0.182,0.012,0.0,13,5,8,-0.258
Thbs3,-0.097,-0.243,0.066,0.0001,11,4,6,-1.765
Cys1,-0.097,-0.381,0.039,0.0014,10,4,7,-2.022
Tjp1,-0.097,-0.257,0.061,0.0,12,5,7,-2.1
B9d1,-0.097,-0.257,0.171,0.0,13,5,8,-0.92
Mlf1,-0.097,-0.54,0.013,0.0,11,3,7,-0.127
Chodl,-0.097,-0.247,0.452,0.0259,11,4,7,1.733
Rpf2,-0.097,-0.224,-0.01,0.0,13,3,8,0.617
Ska2,-0.097,-0.789,0.032,0.0,11,5,6,-0.434
R3hcc1,-0.097,-0.178,0.084,0.0,13,5,8,0.302
Sik1,-0.097,-0.18,0.307,0.001,10,3,6,-1.331
Fbln5,-0.098,-0.38,0.167,0.0049,11,4,8,-4.645
Farp2,-0.098,-0.246,0.187,0.0028,11,4,7,-1.438
Ccdc86,-0.098,-0.268,0.021,0.0,13,5,8,-0.314
Adgra1,-0.098,-0.468,0.083,0.0,11,5,6,1.78
Thoc1,-0.098,-0.246,-0.023,0.0,13,3,8,-0.302
Gtf2ird2,-0.098,-0.194,0.124,0.0,13,6,8,0.3
Atg3,-0.098,-0.158,-0.036,0.0,13,1,8,-0.061
Rbmx2,-0.098,-0.234,-0.006,0.0,13,3,8,0.011
Zswim7,-0.098,-0.26,0.067,0.0,13,4,8,0.043
Edil3,-0.098,-0.31,0.284,0.0019,11,3,8,-0.829
Tpm4,-0.098,-0.262,0.011,0.0,13,4,8,-1.876
Gtdc1,-0.098,-0.265,0.099,0.0,12,4,7,-1.254
Ccdc191,-0.098,-0.246,0.12,0.0008,10,4,5,-1.055
Slbp,-0.099,-0.376,-0.023,0.0,13,3,8,-0.489
Akr7a5,-0.099,-0.172,-0.038,0.0,13,3,8,0.057
Rbmx,-0.099,-0.39,0.058,0.0,13,5,8,-1.447
Recql,-0.099,-0.203,0.026,0.0,12,4,7,-0.445
Ybey,-0.099,-0.374,0.063,0.0,10,3,5,0.03
Zfp697,-0.099,-0.271,0.035,0.0001,10,3,5,0.404
Rab26os,-0.099,-0.251,0.009,0.0,10,2,5,0.289
Tacc3,-0.099,-0.603,0.098,0.0,11,4,6,-1.169
Dcps,-0.099,-0.181,0.011,0.0,13,4,8,-0.279
Gpx1,-0.099,-0.21,-0.053,0.0,13,2,8,-0.065
Pign,-0.099,-0.503,0.239,0.0,11,4,7,-1.018
Bag5,-0.099,-0.139,-0.027,0.0,13,3,8,-0.4
Mif,-0.099,-0.164,-0.04,0.0,13,1,8,0.307
Glod4,-0.099,-0.216,0.003,0.0,13,4,8,-0.648
Rpl36,-0.099,-0.167,-0.047,0.0,13,2,8,-0.157
Rasip1,-0.099,-0.465,0.136,0.0,10,3,6,-1.483
Mthfs,-0.099,-0.139,0.027,0.0,13,4,8,-0.88
Ifnar2,-0.099,-0.265,-0.053,0.0,13,3,8,-2.076
Haus1,-0.1,-0.149,-0.033,0.0,12,1,7,-0.157
Dnajc2,-0.1,-0.237,-0.03,0.0,13,3,8,0.425
Bphl,-0.1,-0.222,0.032,0.0,13,5,8,-0.942
Psmd10,-0.1,-0.166,-0.076,0.0,13,3,8,0.122
Rpl18,-0.1,-0.143,-0.024,0.0,13,1,8,-0.267
Creb3l1,-0.1,-0.245,0.162,0.0004,10,3,6,-1.812
Tmem39a,-0.1,-0.749,0.143,0.0,13,6,8,-1.849
Thoc6,-0.1,-0.213,0.033,0.0,13,5,8,-0.205
Gipc2,-0.1,-0.521,0.159,0.0,10,4,6,1.44
Slc7a6os,-0.1,-0.162,-0.017,0.0,13,3,8,-0.715
Dnajc30,-0.1,-0.136,0.03,0.0,13,4,8,0.3
Bud13,-0.1,-0.28,0.094,0.0,10,3,5,-0.668
Pde8b,-0.1,-0.407,0.398,0.0229,10,4,6,0.282
Rgcc,-0.101,-0.307,0.545,0.016,12,5,7,-3.478
Dock6,-0.101,-0.15,0.123,0.0,11,4,6,-1.202
Rps27rt,-0.101,-0.259,-0.051,0.0,11,2,6,-0.768
Cfap36,-0.101,-0.14,0.002,0.0,11,3,6,0.347
Naf1,-0.101,-0.209,-0.012,0.0,12,3,7,-1.032
P2rx4,-0.101,-0.373,0.084,0.0,13,5,8,-1.838
Pard6a,-0.101,-0.132,0.015,0.0,13,4,8,0.733
Patl1,-0.101,-0.216,0.135,0.0,13,6,8,-0.663
Tmbim1,-0.101,-0.251,0.072,0.0,13,4,8,-1.827
Ndufb6,-0.101,-0.171,0.015,0.0,13,4,8,0.551
Dxo,-0.101,-0.323,-0.013,0.0,11,2,6,-0.174
Foxn2,-0.101,-0.239,0.139,0.0,11,5,6,-1.376
Isoc1,-0.101,-0.268,-0.009,0.0,13,3,8,1.625
Serf2,-0.101,-0.145,-0.021,0.0,13,2,8,-1.111
Cbx1,-0.101,-0.167,-0.016,0.0,13,2,8,-0.907
Ccdc117,-0.101,-0.551,0.066,0.0,13,5,8,-0.541
Snw1,-0.102,-0.206,-0.034,0.0,13,2,8,-0.393
Dnajc17,-0.102,-0.212,0.089,0.0,13,5,8,-0.137
Mief2,-0.102,-0.191,0.281,0.0023,10,4,5,0.204
Abca8a,-0.102,-0.624,0.465,0.0252,11,3,7,-4.632
Efnb1,-0.102,-0.259,0.172,0.0,11,5,6,-3.155
Hivep2,-0.102,-0.169,0.055,0.0,13,4,8,-0.868
Nde1,-0.102,-0.292,0.307,0.0,10,4,6,-3.326
Rnaseh2c,-0.102,-0.132,-0.034,0.0,13,2,8,-1.235
Fam110a,-0.102,-0.354,0.181,0.0005,10,5,5,-0.822
Kiz,-0.102,-0.238,0.072,0.0,11,4,6,-0.895
Rps3a1,-0.102,-0.263,-0.034,0.0,12,1,7,-0.295
1110059G10Rik,-0.102,-0.157,-0.08,0.0,13,2,8,-0.278
Mipep,-0.102,-0.305,0.108,0.0,13,6,8,0.089
Bccip,-0.102,-0.18,-0.019,0.0,13,3,8,-0.428
Mrpl21,-0.102,-0.261,-0.041,0.0,13,3,8,0.196
Fibp,-0.102,-0.151,-0.057,0.0,13,2,8,-0.686
Sap30,-0.103,-0.181,0.015,0.0,13,4,8,0.095
Gm15417,-0.103,-0.509,0.044,0.0,12,5,7,0.29
Rom1,-0.103,-0.382,-0.035,0.0,13,3,8,0.715
Cenpq,-0.103,-0.287,0.054,0.0,12,4,7,-1.535
Nifk,-0.103,-0.175,-0.02,0.0,11,1,6,0.221
Rap2b,-0.103,-0.187,-0.0,0.0,12,3,7,-2.216
Timm17b,-0.103,-0.15,-0.011,0.0,13,1,8,-0.146
Col4a2,-0.103,-0.716,0.261,0.0,11,5,6,-3.779
Tmpo,-0.103,-0.307,0.054,0.0,13,4,8,-1.816
Defb42,-0.103,-0.315,-0.005,0.0,12,2,7,2.382
Mphosph10,-0.103,-0.24,0.042,0.0,13,4,8,-0.132
Pafah1b3,-0.103,-0.172,-0.019,0.0,13,3,8,1.399
Mpp6,-0.103,-0.187,0.072,0.0,13,4,8,0.025
Xist,-0.104,-0.245,0.012,0.0,11,3,6,-1.007
Psme2,-0.104,-0.204,-0.023,0.0,13,3,8,-0.248
Rnf128,-0.104,-0.25,0.085,0.0001,11,4,6,0.255
Alkbh6,-0.104,-0.171,-0.022,0.0,13,2,8,0.32
Sox11,-0.104,-0.214,-0.008,0.0,13,3,8,1.475
Dut,-0.104,-0.293,-0.034,0.0,13,2,8,0.31
Ddx49,-0.104,-0.155,-0.02,0.0,13,3,8,-0.048
Serping1,-0.104,-0.315,0.028,0.0,13,4,8,-3.845
Sept10,-0.104,-0.245,0.004,0.0,10,3,5,-2.216
As3mt,-0.104,-0.169,-0.036,0.0,13,2,8,0.522
Zfp536,-0.104,-0.559,0.083,0.0003,10,4,7,-1.713
Dtymk,-0.105,-0.269,-0.037,0.0,13,2,8,-0.404
Alkbh4,-0.105,-0.391,0.032,0.0,11,4,6,-0.112
Rmdn1,-0.105,-0.142,0.086,0.0,12,4,7,0.074
Pex26,-0.105,-0.26,0.117,0.0,10,3,6,0.344
Xpa,-0.105,-0.147,-0.062,0.0,13,3,8,-0.145
Med10,-0.105,-0.164,-0.017,0.0,13,2,8,0.032
Coa7,-0.105,-0.223,0.005,0.0,11,3,6,0.308
Sumo1,-0.105,-0.125,0.006,0.0,13,4,8,0.118
Anapc16,-0.105,-0.153,-0.029,0.0,13,3,8,-0.373
Ppm1h,-0.105,-0.166,0.125,0.0,13,5,8,0.979
Arpc3,-0.105,-0.166,-0.021,0.0,13,2,8,0.022
Vps72,-0.105,-0.146,-0.026,0.0,13,2,8,0.006
Nrip1,-0.105,-0.13,0.028,0.0,13,4,8,-0.789
Nfkbib,-0.106,-0.159,-0.046,0.0,13,1,8,0.002
Mplkip,-0.106,-0.175,0.007,0.0,12,3,7,-0.625
Lxn,-0.106,-0.17,0.147,0.0,13,6,8,0.438
Polr2a,-0.106,-0.121,0.094,0.0,13,5,8,-0.324
Dguok,-0.106,-0.167,-0.018,0.0,13,3,8,-0.277
Iah1,-0.106,-0.26,-0.023,0.0,13,2,8,-1.206
Klhdc8b,-0.106,-0.233,0.075,0.0,13,6,8,0.588
Exosc3,-0.106,-0.206,0.03,0.0,12,3,7,-1.339
Airn,-0.106,-0.254,0.182,0.0,11,5,7,-0.757
Itpr1,-0.106,-0.449,0.092,0.0002,12,5,8,-1.257
Bcl10,-0.107,-0.241,-0.059,0.0,13,1,8,-0.961
Rps6,-0.107,-0.146,-0.042,0.0,13,0,8,-0.143
2610035D17Rik,-0.107,-0.304,0.067,0.0061,11,3,7,-1.328
Nudt1,-0.107,-0.334,0.001,0.0,12,3,7,0.099
Pnrc1,-0.107,-0.28,-0.065,0.0,13,1,8,-1.896
Wdr89,-0.107,-0.237,0.102,0.0,12,4,7,-0.234
Siva1,-0.108,-0.156,-0.079,0.0,13,2,8,-1.838
Dnajc1,-0.108,-0.304,0.087,0.0,13,4,8,-2.37
Pdk3,-0.108,-0.228,-0.013,0.0,12,3,7,-0.617
Spats2l,-0.108,-0.406,0.174,0.0,12,4,7,-0.993
U2af1,-0.108,-0.156,-0.042,0.0,13,3,8,-0.081
Eml3,-0.108,-0.393,0.124,0.0,13,5,8,-1.003
Klhdc4,-0.108,-0.222,-0.023,0.0,13,3,8,-0.092
Dnttip2,-0.108,-0.195,-0.044,0.0,13,2,8,-0.817
Zfp30,-0.108,-0.158,-0.056,0.0,13,1,8,0.044
Cenpv,-0.108,-0.182,0.035,0.0,13,4,8,0.799
Ccdc159,-0.109,-0.557,0.087,0.0,11,4,7,0.833
Rpl7a,-0.109,-0.229,-0.034,0.0,13,1,8,-0.151
Ccnk,-0.109,-0.634,0.069,0.0,13,4,8,-0.362
Yars2,-0.109,-0.27,0.008,0.0,12,4,7,0.438
2210016F16Rik,-0.109,-0.303,-0.048,0.0,13,1,8,-0.386
Isoc2b,-0.109,-0.418,0.066,0.0007,10,4,6,-0.362
Sec61b,-0.109,-0.207,-0.04,0.0,13,1,8,-0.288
Ier5l,-0.109,-0.286,0.12,0.0,11,5,7,-1.61
Vps51,-0.109,-0.153,0.138,0.0,11,5,6,0.271
Ppp2r3c,-0.109,-0.135,-0.056,0.0,13,3,8,0.424
Atg101,-0.109,-0.181,0.042,0.0,11,4,6,-0.237
Sh3bp5,-0.11,-0.282,-0.014,0.0,13,3,8,0.195
Cstb,-0.11,-0.185,-0.008,0.0,13,3,8,-0.762
Brix1,-0.11,-0.307,-0.055,0.0,13,2,8,-0.412
Pdcd2,-0.11,-0.184,-0.053,0.0,13,2,8,0.471
Mrpl46,-0.11,-0.158,0.051,0.0,13,4,8,0.423
Timm21,-0.11,-0.181,-0.037,0.0003,11,2,6,-1.21
Snrpd3,-0.11,-0.129,-0.011,0.0,13,3,8,0.051
1190007I07Rik,-0.11,-0.175,-0.014,0.0,12,2,7,-0.172
Klf3,-0.11,-0.168,0.035,0.0,13,4,8,-1.995
Scand1,-0.11,-0.211,-0.028,0.0,13,2,8,-0.14
Iqcc,-0.11,-0.257,0.125,0.0,13,6,8,-0.489
Klf11,-0.11,-0.196,0.154,0.0,13,5,8,-0.525
Tomm5,-0.111,-0.141,-0.007,0.0,13,3,8,0.214
Fam53a,-0.111,-0.362,-0.018,0.0,13,3,8,-0.84
Ift27,-0.111,-0.174,0.038,0.0,13,4,8,-0.342
Zgpat,-0.111,-0.406,-0.04,0.0,13,3,8,-0.09
Rps17,-0.111,-0.159,-0.026,0.0,13,2,8,-0.085
Dusp19,-0.111,-0.17,-0.001,0.0,13,3,8,0.082
Hspb11,-0.111,-0.285,-0.024,0.0,13,3,8,-0.236
Bloc1s5,-0.111,-0.155,-0.008,0.0,12,2,7,0.346
Mrpl40,-0.111,-0.172,-0.074,0.0,13,3,8,0.304
S100a1,-0.111,-0.283,0.039,0.0,13,4,8,-1.888
Gpank1,-0.111,-0.198,-0.085,0.0,13,2,8,0.469
Ercc1,-0.111,-0.254,-0.087,0.0,13,0,8,0.237
Wdr53,-0.111,-0.241,0.001,0.0,13,4,8,0.144
Rmnd1,-0.111,-0.183,0.022,0.0,12,3,7,-0.022
Apex1,-0.111,-0.179,-0.059,0.0,12,1,7,0.138
Sin3a,-0.111,-0.207,0.065,0.0,13,6,8,-0.67
Haus6,-0.112,-0.319,0.153,0.0,11,3,7,-0.144
Lsm5,-0.112,-0.147,0.018,0.0,13,4,8,-0.186
Ankrd34a,-0.112,-0.299,0.063,0.0,10,3,6,1.804
Itgb1bp1,-0.112,-0.225,-0.085,0.0,13,2,8,-0.288
Hmces,-0.112,-0.239,0.005,0.0,11,3,6,-0.28
Il11ra1,-0.112,-0.171,0.002,0.0,13,4,8,-1.102
Ly6e,-0.112,-0.553,0.113,0.0002,11,3,6,-1.244
Hmgb1,-0.112,-0.142,-0.07,0.0,13,1,8,-0.901
Gm8797,-0.112,-0.204,0.008,0.0,11,4,6,0.146
Arl6ip4,-0.112,-0.157,-0.001,0.0,13,3,8,0.375
Nupl2,-0.112,-0.212,0.053,0.0,11,4,6,0.218
Tmem243,-0.112,-0.188,0.021,0.0,12,5,7,-1.144
9130401M01Rik,-0.113,-0.184,0.056,0.0,13,4,8,0.311
Nsun6,-0.113,-0.401,0.031,0.0,13,4,8,-0.416
Lst1,-0.113,-0.537,0.059,0.0061,10,3,5,-0.209
Adipor2,-0.113,-0.229,0.114,0.0,13,5,8,-0.402
Rorc,-0.113,-0.431,0.062,0.0,11,4,6,0.852
Fam229b,-0.113,-0.238,0.009,0.0,12,3,7,0.257
Ppp1r35,-0.113,-0.332,-0.042,0.0,12,2,7,-0.116
Epc2,-0.113,-0.135,0.041,0.0,13,4,8,-0.574
Rpl22,-0.113,-0.164,-0.051,0.0,13,1,8,-0.941
Csrp2,-0.113,-0.214,-0.081,0.0,13,1,8,0.392
Hps5,-0.113,-0.364,0.15,0.0,12,4,8,-1.337
Upf3a,-0.113,-0.151,-0.009,0.0,13,3,8,-0.457
Ifrd1,-0.113,-0.319,0.032,0.0,13,5,8,-1.407
Ddx58,-0.113,-0.386,0.184,0.0006,11,5,8,-1.552
Eepd1,-0.114,-0.453,0.032,0.0,10,4,7,-2.034
Smarcb1,-0.114,-0.141,-0.002,0.0,13,3,8,0.072
Inip,-0.114,-0.21,0.026,0.0,12,4,7,0.003
Hmgn1,-0.114,-0.171,-0.084,0.0,13,0,8,-1.239
Smndc1,-0.114,-0.17,-0.056,0.0,13,2,8,-0.751
Ngdn,-0.114,-0.26,-0.058,0.0,13,1,8,-0.257
Nsmce1,-0.114,-0.222,0.019,0.0,13,4,8,-0.02
Cenpw,-0.114,-0.315,0.028,0.0,11,3,7,-0.416
Polg2,-0.114,-0.339,0.095,0.0,11,3,6,-0.762
Eapp,-0.114,-0.167,-0.005,0.0,13,3,8,-0.039
Ccdc9,-0.114,-0.211,0.005,0.0,13,4,8,-0.93
Ebna1bp2,-0.114,-0.205,0.008,0.0,13,4,8,-0.432
Zfp51,-0.114,-0.218,-0.023,0.0,10,1,6,-0.468
Rfesd,-0.114,-0.148,0.0,0.0,13,4,8,0.423
Rbm3,-0.115,-0.186,-0.041,0.0,13,0,8,0.009
Wdr55,-0.115,-0.237,0.062,0.0,12,4,7,0.82
Churc1,-0.115,-0.147,-0.024,0.0,13,2,8,0.659
Enkd1,-0.115,-0.165,-0.078,0.0005,11,2,6,-0.52
Rgs20,-0.115,-0.359,0.68,0.0811,10,4,6,2.161
Pomc,-0.115,-0.223,-0.088,0.0,11,1,6,0.985
Rimklb,-0.115,-0.2,0.152,0.0,10,4,5,0.413
Kif22,-0.115,-0.179,0.045,0.0,13,5,8,0.33
Snta1,-0.115,-0.266,0.025,0.0,12,5,7,-2.486
Rasl11a,-0.115,-0.42,0.108,0.0,10,3,5,-1.454
Ralb,-0.115,-0.253,0.042,0.0,13,6,8,-0.843
Dynlt1f,-0.115,-0.404,-0.047,0.0,10,0,6,-0.91
Fam50a,-0.116,-0.19,-0.038,0.0,13,3,8,-0.586
Mrpl24,-0.116,-0.331,-0.051,0.0,13,1,8,-0.176
5430416N02Rik,-0.116,-0.421,0.013,0.0,12,3,7,0.339
Entpd6,-0.116,-0.491,0.016,0.0,13,4,8,0.215
Mtif3,-0.116,-0.808,-0.051,0.0,12,2,7,-0.029
Rwdd3,-0.116,-0.327,0.296,0.0005,11,5,6,-0.005
Dtnbp1,-0.116,-0.146,-0.053,0.0,13,2,8,-0.138
Tceal3,-0.116,-0.192,0.019,0.0,13,4,8,1.059
Mvp,-0.116,-0.267,0.051,0.0,13,4,8,-0.647
Klhl5,-0.116,-0.374,0.3,0.0074,10,3,6,-3.09
Arpin,-0.117,-0.179,-0.029,0.0,10,1,5,0.06
Dgkg,-0.117,-0.206,0.089,0.0002,11,4,6,1.47
Cdk5rap1,-0.117,-0.371,0.088,0.0022,12,4,7,0.097
Fam3c,-0.117,-0.152,0.044,0.0,13,5,8,-1.528
Gstp1,-0.117,-0.163,-0.044,0.0,13,2,8,0.125
Plat,-0.117,-0.37,0.181,0.0,13,6,8,-2.889
Lage3,-0.117,-0.147,0.001,0.0,13,4,8,-0.871
Lrrc27,-0.117,-0.203,0.17,0.0,10,4,6,1.161
Pcdhga12,-0.117,-0.268,0.115,0.0,10,4,6,-0.473
H2afz,-0.117,-0.179,-0.028,0.0,12,2,7,-0.015
Mcm7,-0.117,-0.802,-0.046,0.0,12,2,7,-1.389
Krr1,-0.117,-0.213,0.008,0.0,13,4,8,-0.29
Stmn1,-0.117,-0.177,0.052,0.0,13,4,8,0.812
Rps28,-0.117,-0.216,-0.041,0.0,13,1,8,-0.423
Tada2a,-0.117,-0.278,-0.008,0.0,13,3,8,-0.543
Prima1,-0.118,-0.21,0.312,0.0038,12,4,7,0.655
Abca1,-0.118,-0.488,0.022,0.0,12,3,8,-3.468
Endog,-0.118,-0.173,0.104,0.0,12,3,7,0.26
Echdc2,-0.118,-0.718,0.058,0.0,10,3,6,-0.679
Rnf113a2,-0.118,-0.149,0.019,0.0,12,4,7,-0.43
D11Wsu47e,-0.118,-0.286,0.139,0.0,12,4,7,-0.457
Itga2b,-0.118,-0.25,-0.015,0.0008,12,2,7,-0.056
Zbtb25,-0.119,-0.173,-0.007,0.0,11,2,6,-0.107
Tbc1d15,-0.119,-0.189,0.037,0.0,13,6,8,-1.001
Rhoc,-0.119,-0.176,-0.011,0.0,13,2,8,-1.3
Gba,-0.119,-0.227,0.194,0.0,13,5,8,-0.657
Sec61g,-0.119,-0.194,-0.018,0.0,13,3,8,-0.114
Snrpa,-0.119,-0.136,-0.061,0.0,13,2,8,-0.046
Kank2,-0.119,-0.209,-0.024,0.0,10,2,6,-2.438
Tmem108,-0.119,-0.191,0.155,0.0,13,4,8,1.612
Rps16,-0.119,-0.23,-0.03,0.0,13,1,8,-0.477
Cdc26,-0.119,-0.137,-0.029,0.0,13,1,8,-0.876
Ctso,-0.119,-0.382,-0.051,0.0,13,3,8,-2.535
Pelo,-0.119,-0.188,0.122,0.0,11,4,6,-0.233
Orc6,-0.12,-0.165,0.123,0.0,13,4,8,-0.048
Adam17,-0.12,-0.792,0.132,0.0,13,4,8,-2.629
Psat1,-0.12,-0.384,-0.018,0.0,12,3,7,-2.426
2700038G22Rik,-0.12,-0.271,-0.027,0.0,10,2,5,-0.147
Smc4,-0.12,-0.338,0.008,0.0,12,3,7,-2.005
Tamm41,-0.12,-0.262,-0.032,0.0,11,1,6,0.148
Kcnh8,-0.12,-0.435,0.171,0.0009,12,5,7,-1.885
Flrt3,-0.12,-0.25,0.216,0.0,12,4,8,-1.798
Fam204a,-0.12,-0.186,-0.033,0.0,11,2,6,-0.345
Leng1,-0.12,-0.243,-0.035,0.0,13,2,8,-0.503
Gstm6,-0.12,-0.152,0.197,0.0,11,3,7,0.575
Gtf3a,-0.12,-0.176,0.053,0.0,12,4,7,0.193
Safb,-0.12,-0.229,0.026,0.0,13,5,8,-0.099
Tsc22d4,-0.121,-0.179,0.038,0.0,13,4,8,-2.523
Vrk1,-0.121,-0.359,0.097,0.0,12,5,7,-0.745
Lhfp,-0.121,-0.828,-0.013,0.0,10,2,6,-4.081
Atraid,-0.121,-0.231,-0.035,0.0,12,2,7,-1.115
Magohb,-0.121,-0.366,-0.075,0.0,13,1,8,0.067
S100b,-0.121,-0.491,0.045,0.0001,13,5,8,-2.662
Hace1,-0.121,-0.297,0.056,0.0,13,5,8,0.243
Ppih,-0.122,-0.196,-0.018,0.0,13,3,8,-0.129
Spry2,-0.122,-0.297,0.006,0.0,13,4,8,-1.359
Nup54,-0.122,-0.203,-0.018,0.0,13,3,8,0.06
Recql5,-0.122,-0.368,0.119,0.0,11,4,7,-0.104
Kctd11,-0.122,-0.331,0.192,0.0009,10,4,5,-1.6
Mpp7,-0.122,-0.34,0.073,0.0,13,5,8,-0.432
Cdk4,-0.122,-0.179,-0.074,0.0,13,2,8,-0.971
Galnt9,-0.122,-0.374,0.212,0.0047,10,4,6,1.962
Zc3hc1,-0.122,-0.224,0.024,0.0,13,4,8,0.011
Exosc8,-0.122,-0.38,-0.017,0.0,13,2,8,-0.736
Hmgn2,-0.123,-0.249,-0.04,0.0,13,2,8,-1.348
Nol7,-0.123,-0.255,-0.021,0.0,13,2,8,-0.258
Grcc10,-0.123,-0.199,-0.034,0.0,13,2,8,0.314
Tpt1,-0.123,-0.21,-0.024,0.0,13,1,8,-0.784
Sephs2,-0.123,-0.252,-0.049,0.0,12,0,7,0.487
Lor,-0.123,-0.312,0.088,0.0004,10,3,6,1.271
Cdh11,-0.123,-0.325,0.094,0.0,13,5,8,-2.739
Aga,-0.124,-0.253,0.024,0.0,12,4,7,-0.995
Ftl1,-0.124,-0.183,-0.031,0.0,13,2,8,-0.104
Znhit6,-0.124,-0.16,0.008,0.0,13,4,8,0.078
B9d2,-0.124,-0.191,-0.071,0.0,13,2,8,0.15
Rad17,-0.124,-0.222,0.001,0.0,13,4,8,-0.471
Anks1b,-0.124,-0.234,0.004,0.0,13,4,8,0.95
Btg1,-0.124,-0.334,-0.037,0.0,13,3,8,-1.986
Traf2,-0.124,-0.303,0.057,0.0,12,4,7,-1.374
Rpl30,-0.124,-0.223,-0.059,0.0,12,0,7,-0.773
Ak2,-0.124,-0.152,-0.048,0.0,13,3,8,0.349
Anapc13,-0.124,-0.261,-0.027,0.0,13,3,8,-0.256
2310022B05Rik,-0.125,-0.291,0.077,0.0,13,4,8,-1.607
Sat1,-0.125,-0.504,-0.082,0.0,13,1,8,-2.522
Spa17,-0.125,-0.348,-0.061,0.0,13,2,8,0.152
Zfp574,-0.125,-0.482,-0.024,0.0,12,2,7,-0.104
Cib1,-0.125,-0.345,-0.042,0.0,13,2,8,-1.624
Tnni1,-0.126,-0.287,0.021,0.0,10,3,6,1.539
Tsacc,-0.126,-0.421,0.212,0.0,11,3,6,0.458
Rpl10-ps3,-0.126,-0.3,0.027,0.0,10,3,5,-0.171
Nup37,-0.126,-0.525,0.137,0.0,11,4,6,-0.729
Gm5914,-0.126,-0.285,0.023,0.0,11,3,6,0.011
Ddx21,-0.126,-0.216,-0.08,0.0,13,1,8,-0.409
Celf2,-0.126,-0.181,-0.003,0.0,13,3,8,-3.655
Serpine2,-0.126,-0.369,0.117,0.006,13,5,8,-2.63
Gkap1,-0.126,-0.163,0.014,0.0,13,4,8,-0.266
Trmt2a,-0.126,-0.313,0.055,0.0,13,4,8,-0.491
Adi1,-0.127,-0.649,0.057,0.0,12,4,7,-0.936
Abtb1,-0.127,-0.287,0.056,0.0,13,4,8,0.281
Atpaf2,-0.127,-0.172,0.171,0.0,13,4,8,0.216
Atp5g2,-0.127,-0.236,-0.042,0.0,12,2,7,0.176
Snx9,-0.128,-0.212,0.013,0.0,13,4,8,-1.765
Id1,-0.128,-0.177,0.005,0.0,13,4,8,0.306
Cpxm1,-0.128,-0.475,0.201,0.0009,10,4,6,-2.923
Grpel1,-0.128,-0.205,-0.034,0.0,13,2,8,0.144
2700049A03Rik,-0.128,-0.31,0.03,0.0005,13,5,8,-0.565
Usp28,-0.128,-0.252,0.107,0.0011,13,5,8,-0.018
Sgk1,-0.129,-0.285,0.012,0.0,13,5,8,-0.715
Incenp,-0.129,-0.346,0.068,0.0,12,4,7,-1.239
Trmt13,-0.129,-0.415,0.024,0.0,11,4,6,-0.525
Lzic,-0.129,-0.28,-0.025,0.0,12,2,7,-0.529
Qk,-0.13,-0.283,-0.078,0.0,13,3,8,-3.903
Hspb1,-0.13,-0.187,0.002,0.0,13,4,8,-0.09
Akr1b10,-0.13,-0.369,0.052,0.0,13,4,8,-1.214
Mgme1,-0.13,-0.571,0.249,0.0,11,3,6,-1.123
Gng10,-0.13,-0.227,-0.04,0.0001,10,1,6,0.013
Gatc,-0.13,-0.165,0.021,0.0,13,4,8,0.275
Mad2l2,-0.13,-0.197,-0.103,0.0,13,2,8,0.734
Zbtb8os,-0.13,-0.303,0.001,0.0,13,4,8,0.084
Gm2694,-0.13,-0.165,0.063,0.0021,11,3,7,2.539
Cdo1,-0.13,-0.249,-0.026,0.0,10,2,6,-0.314
Gsn,-0.13,-0.374,0.05,0.0,13,4,8,-2.079
Rps13,-0.13,-0.218,-0.081,0.0,13,1,8,-0.269
Ctnna1,-0.13,-0.376,0.108,0.0003,13,4,8,-3.214
Fuom,-0.131,-0.34,-0.092,0.0,12,2,7,0.834
Cdc25a,-0.131,-0.24,0.036,0.0,12,3,7,0.454
Relb,-0.131,-0.382,0.385,0.0085,12,4,7,-2.188
Elovl1,-0.131,-0.286,0.091,0.0,13,5,8,-2.109
Zfp784,-0.131,-0.215,0.026,0.0,10,3,6,0.149
Ybx1,-0.131,-0.296,-0.042,0.0,13,0,8,-0.292
Trmo,-0.131,-0.342,0.157,0.0058,10,3,5,0.077
Lpp,-0.132,-0.334,0.114,0.0,12,4,8,-3.143
Cpne4,-0.132,-0.307,0.171,0.0,11,3,6,1.503
Ddah2,-0.132,-0.219,-0.029,0.0,13,0,8,-0.602
Pcgf5,-0.132,-0.754,0.042,0.0,13,5,8,-1.775
Gtpbp3,-0.132,-0.343,0.069,0.0,13,6,8,0.114
Arhgef6,-0.132,-0.332,0.304,0.0186,10,4,7,-2.594
Galnt14,-0.132,-0.28,0.204,0.0052,10,3,6,1.832
Bin3,-0.132,-0.355,-0.033,0.0,13,3,8,-1.061
Snrpb,-0.132,-0.208,-0.075,0.0,13,2,8,-0.546
Smad1,-0.132,-0.185,0.009,0.0,13,4,8,0.663
Rem2,-0.132,-0.505,0.029,0.0,10,3,5,1.44
Srbd1,-0.132,-0.251,0.05,0.0,13,6,8,-0.191
Nfyb,-0.132,-0.193,-0.023,0.0,13,3,8,-0.363
Ppp1r14c,-0.133,-0.262,0.386,0.0004,13,6,8,-2.789
Pcdh17,-0.133,-0.2,0.227,0.001,13,6,8,-0.165
Acvr2b,-0.133,-0.243,0.055,0.0,12,5,7,-0.077
Erf,-0.133,-0.339,0.055,0.0,12,3,7,-1.343
Lap3,-0.133,-0.205,-0.049,0.0,13,2,8,-0.292
Zfp90,-0.133,-0.268,0.008,0.0,13,4,8,0.18
Ctdspl2,-0.133,-0.243,-0.009,0.0,13,2,8,-1.089
Adat2,-0.133,-0.322,0.012,0.0006,11,3,6,0.292
Rps27a,-0.133,-0.252,-0.03,0.0,13,1,8,-0.137
Zfp692,-0.133,-0.188,0.033,0.0,13,6,8,-0.289
Neto2,-0.134,-0.33,0.027,0.0,12,4,7,0.18
Rell1,-0.134,-0.363,-0.001,0.0,12,3,8,-2.853
Nudt22,-0.134,-0.36,-0.048,0.0,12,2,7,-0.532
Mcm3ap,-0.134,-0.27,0.092,0.0,13,6,8,0.061
1500009C09Rik,-0.135,-0.393,0.072,0.0,10,3,5,2.09
Frmd6,-0.135,-0.309,0.13,0.0,10,4,6,-3.562
Ppp1r14b,-0.135,-0.245,-0.03,0.0,13,3,8,-0.018
Mxd4,-0.135,-0.285,0.009,0.0,13,5,8,-1.96
Rpl12,-0.135,-0.288,-0.111,0.0,13,1,8,-0.345
Gpr146,-0.135,-0.271,0.003,0.0,10,3,7,-1.685
Marcksl1,-0.135,-0.502,-0.048,0.0,12,1,7,-0.238
Spsb2,-0.135,-0.282,0.033,0.0,13,4,8,-0.702
Lig1,-0.135,-0.331,0.023,0.0,13,4,8,-0.759
Nid1,-0.136,-0.248,0.242,0.0074,10,3,6,-4.454
Zfp524,-0.136,-0.254,0.07,0.0,13,5,8,-0.512
Frg1,-0.136,-0.2,-0.045,0.0,13,3,8,-0.207
Eci1,-0.136,-0.214,-0.021,0.0,13,2,8,-1.257
Otud3,-0.136,-0.22,0.159,0.0011,11,5,7,0.102
Olfm3,-0.136,-0.347,0.714,0.0412,11,3,7,1.956
Mknk1,-0.136,-0.263,0.1,0.0,13,4,8,-1.012
Cd320,-0.137,-0.259,0.011,0.0,13,4,8,0.356
Traf4,-0.137,-0.18,0.024,0.0,10,3,5,-0.558
Prdx4,-0.137,-0.233,0.013,0.0,13,4,8,-1.037
Abhd6,-0.137,-0.281,0.004,0.0,13,5,8,-0.056
Fxyd5,-0.137,-0.572,0.148,0.0,13,5,8,0.25
Fdxr,-0.137,-0.269,-0.036,0.0,13,2,8,-0.868
Mettl15,-0.138,-0.255,0.099,0.0008,11,3,6,-1.003
Skil,-0.138,-0.274,-0.004,0.0,13,3,8,-0.048
Ift81,-0.138,-0.304,-0.026,0.0,13,3,8,-0.455
Ppp2r5a,-0.138,-0.351,-0.076,0.0,12,2,7,-1.326
Sat2,-0.138,-0.207,0.044,0.0,13,4,8,-0.031
Adamts5,-0.139,-0.218,0.19,0.0026,13,5,8,-2.611
Ttc32,-0.139,-0.634,-0.038,0.0,10,2,5,-1.16
Zyx,-0.139,-0.321,-0.014,0.0,13,3,8,-0.141
Mybbp1a,-0.139,-0.166,0.11,0.0,13,5,8,-0.66
Sostdc1,-0.139,-0.546,0.262,0.0,11,4,7,-4.769
Hddc3,-0.14,-0.247,0.067,0.0,11,3,6,0.035
N4bp2l1,-0.14,-0.439,0.025,0.0,13,5,8,-0.043
Zfp248,-0.14,-0.196,0.011,0.0,13,4,8,0.6
Ier3,-0.141,-0.32,0.003,0.0,13,4,8,-2.18
Pard6g,-0.141,-0.387,0.107,0.0,10,4,5,-1.6
Llph,-0.141,-0.172,-0.065,0.0,13,1,8,0.045
Syngr2,-0.141,-0.482,0.084,0.0,12,4,7,-1.945
Nle1,-0.141,-0.222,-0.025,0.0,11,2,6,-0.176
Eif6,-0.141,-0.244,-0.025,0.0,13,2,8,-0.012
Egfl7,-0.141,-0.256,0.04,0.0,13,4,8,-0.943
Cep41,-0.141,-0.72,0.003,0.0,10,3,5,-0.254
Ddit3,-0.141,-0.214,-0.095,0.0,13,1,8,-0.481
Cep85,-0.141,-0.407,0.043,0.0,12,4,7,-0.379
Mblac1,-0.141,-0.357,0.186,0.0,11,3,6,0.577
Abt1,-0.142,-0.217,-0.056,0.0,12,2,7,-0.122
Nfil3,-0.142,-0.258,0.217,0.0,13,5,8,-0.426
Ccnyl1,-0.142,-0.723,-0.004,0.0,11,2,7,-0.381
Rhog,-0.142,-0.197,0.202,0.0,13,5,8,-1.791
Nfia,-0.142,-0.278,0.117,0.0,13,5,8,-3.236
1110038F14Rik,-0.142,-0.237,-0.068,0.0,13,1,8,-1.035
Peli1,-0.143,-0.295,-0.008,0.0,13,3,8,-1.007
Adamts1,-0.143,-0.334,0.192,0.0,12,4,7,-4.131
Fh1,-0.143,-0.196,0.029,0.0,13,4,8,0.263
Mospd1,-0.143,-0.412,0.207,0.0,12,4,7,-0.403
Srfbp1,-0.143,-0.291,0.045,0.0,12,3,7,-0.461
Gar1,-0.143,-0.238,-0.098,0.0,13,1,8,-0.198
Avpi1,-0.143,-0.272,-0.032,0.0,13,2,8,-0.045
Fxn,-0.144,-0.187,0.016,0.0,13,4,8,0.264
Rfc4,-0.144,-0.409,0.03,0.0,11,3,6,-0.526
Mmd2,-0.144,-0.389,0.491,0.0359,11,5,8,-4.127
0610010K14Rik,-0.145,-0.33,-0.098,0.0,13,2,8,-0.565
Nkain4,-0.145,-0.609,-0.078,0.0,11,0,7,-3.941
Gadd45a,-0.145,-0.313,-0.077,0.0,13,1,8,-0.916
Sspn,-0.145,-0.351,0.309,0.0001,11,4,6,-1.335
Cep89,-0.145,-0.264,0.133,0.0,12,4,7,-0.94
Zfyve1,-0.146,-0.294,0.15,0.0,13,4,8,-0.089
Zc3h6,-0.146,-0.232,0.097,0.0,13,6,8,-0.006
Tex30,-0.146,-0.251,-0.054,0.0,11,1,6,-0.786
Plcd4,-0.146,-0.21,0.19,0.0004,12,4,7,1.19
Ptprg,-0.146,-0.22,0.181,0.0,12,4,7,0.149
Uxt,-0.146,-0.232,-0.014,0.0,12,3,7,-0.412
Creld2,-0.146,-0.184,0.009,0.0,13,4,8,-1.596
Mtrf1l,-0.146,-0.3,0.148,0.0,12,4,7,-0.068
Ggh,-0.146,-0.418,-0.024,0.0,13,2,8,-1.537
Nmral1,-0.147,-0.234,-0.042,0.0,10,2,5,-0.087
Gtpbp10,-0.147,-0.489,0.012,0.0,10,3,5,-0.63
Myl9,-0.147,-0.762,0.005,0.0,11,3,7,-4.808
Dbndd2,-0.147,-0.182,-0.018,0.0,13,3,8,-0.494
Clic4,-0.148,-0.235,0.003,0.0,13,4,8,-2.217
Dis3,-0.148,-0.327,-0.013,0.0,13,3,8,-0.376
Dhrs4,-0.148,-0.26,-0.07,0.0,13,2,8,-1.718
Pcna,-0.148,-0.404,-0.072,0.0,12,1,7,-1.034
Adgrg1,-0.148,-0.611,0.242,0.0,10,4,6,-2.224
Rbm7,-0.148,-0.29,-0.099,0.0,13,2,8,-1.204
Nav2,-0.148,-0.66,0.062,0.0,11,5,6,-1.667
Ednrb,-0.148,-0.375,0.2,0.0156,13,6,8,-4.348
Amotl2,-0.148,-0.344,0.053,0.0,13,4,8,-2.601
Nxt2,-0.149,-0.317,-0.019,0.0,12,3,7,-1.563
Snrpg,-0.149,-0.431,-0.053,0.0,13,1,8,-0.917
Vps37b,-0.149,-0.414,-0.042,0.0,12,2,7,-2.012
Lactb,-0.149,-0.344,-0.048,0.0,13,3,8,-0.55
Lcmt2,-0.149,-0.417,0.149,0.0,12,4,7,-0.419
Dbi,-0.149,-0.254,-0.109,0.0,13,2,8,-3.699
Sipa1l3,-0.149,-0.5,0.197,0.0,12,5,7,-0.461
Ifi27l2a,-0.149,-0.844,0.256,0.0058,10,3,7,-3.236
2700062C07Rik,-0.149,-0.298,-0.061,0.0,13,0,8,-0.0
Mepce,-0.15,-0.208,0.03,0.0,13,4,8,-0.434
Lsm2,-0.15,-0.271,-0.079,0.0,13,0,8,-0.334
Ptcd1,-0.15,-0.31,0.017,0.0,12,3,7,-0.406
Dtwd1,-0.15,-0.52,0.05,0.0,12,3,7,-0.423
Rnd1,-0.15,-0.354,0.172,0.0,12,5,8,-0.332
Fahd1,-0.15,-0.232,0.143,0.0,13,4,8,0.319
H3f3a,-0.15,-0.225,-0.078,0.0,13,2,8,-0.526
Tnfrsf12a,-0.15,-0.384,0.096,0.0069,12,4,7,-1.682
Mcm6,-0.15,-0.434,-0.086,0.0,12,2,7,-1.588
Soat1,-0.151,-0.546,0.086,0.0,12,3,8,-2.234
B3galt6,-0.151,-0.256,-0.052,0.0,12,2,7,0.406
Sox4,-0.151,-0.196,-0.02,0.0,13,2,8,-0.167
Zfp687,-0.152,-0.296,0.06,0.0,13,6,8,-0.452
Rps27,-0.152,-0.341,-0.043,0.0,12,1,7,-0.901
Fancc,-0.152,-0.404,0.125,0.0,11,3,6,-0.999
Xylt2,-0.152,-0.279,0.353,0.0006,11,4,6,-1.287
S100a13,-0.152,-0.327,0.005,0.0,13,4,8,-1.585
0610030E20Rik,-0.152,-0.403,0.073,0.0,12,4,7,-1.213
Mcur1,-0.152,-0.376,0.028,0.0,11,3,6,-1.061
Gng5,-0.153,-0.349,0.008,0.0,13,4,8,-1.508
Pno1,-0.153,-0.301,-0.088,0.0,13,2,8,0.219
Rpa2,-0.153,-0.366,-0.04,0.0,12,2,7,-1.039
S100a6,-0.154,-0.402,0.019,0.0,13,4,8,-2.99
Exosc2,-0.154,-0.228,-0.025,0.0,13,3,8,0.039
Myl4,-0.154,-0.484,0.156,0.0,11,4,6,-0.126
Rnaset2b,-0.154,-0.307,0.266,0.0014,10,4,7,-1.456
Nos3,-0.154,-0.429,-0.102,0.0,12,1,7,0.032
Ccpg1os,-0.155,-0.283,0.046,0.0,10,4,5,0.036
Zfp442,-0.155,-0.272,0.056,0.0,10,3,5,-0.286
Klhl36,-0.155,-0.304,0.518,0.0243,11,5,6,-1.347
Smim11,-0.155,-0.222,-0.088,0.0,12,2,7,-1.453
Dand5,-0.155,-0.3,-0.019,0.0,13,3,8,0.398
Crem,-0.155,-0.191,-0.114,0.0,13,1,8,0.024
Rnf113a1,-0.155,-0.279,-0.058,0.0,12,2,7,0.606
Rbbp8,-0.156,-0.217,-0.035,0.0,12,2,7,-0.959
Cdca4,-0.157,-0.633,0.097,0.0,12,4,7,-1.021
Dnaaf2,-0.157,-0.247,0.003,0.0,10,3,5,-0.104
Myl12a,-0.157,-0.168,-0.097,0.0,13,1,8,-2.798
Rnf144a,-0.157,-0.222,0.349,0.0058,11,5,7,-0.211
Ppwd1,-0.158,-0.2,0.025,0.0,13,4,8,-1.025
Orai3,-0.158,-0.271,-0.021,0.0,12,2,7,-1.075
Ppp1r15a,-0.159,-0.35,-0.009,0.0,13,3,8,-2.367
Rnf122,-0.159,-0.529,0.03,0.0,12,3,7,-1.521
H2afv,-0.159,-0.32,-0.123,0.0,12,0,7,-1.724
Scrn2,-0.159,-0.27,0.006,0.0002,12,3,7,-0.437
Ass1,-0.16,-0.206,-0.007,0.0,11,1,6,1.159
Dennd2a,-0.16,-0.222,0.113,0.0,11,3,6,-1.359
Sorcs1,-0.16,-0.567,0.172,0.0,12,4,7,-2.476
Kcnab1,-0.161,-0.785,0.223,0.0027,12,5,7,0.115
Lpar6,-0.162,-0.405,0.467,0.047,10,4,7,-2.778
Nr4a1,-0.162,-0.427,-0.069,0.0,13,3,8,-3.554
Npm3,-0.162,-0.296,-0.093,0.0,10,1,5,-1.449
Fosb,-0.162,-0.31,-0.064,0.0,13,3,8,-3.224
Rara,-0.162,-0.391,-0.087,0.0003,11,2,6,-2.016
Wdhd1,-0.163,-0.561,-0.039,0.0,12,3,7,-0.357
Serpina3n,-0.163,-0.354,0.024,0.0004,11,3,7,0.106
Lekr1,-0.163,-0.312,0.128,0.0001,12,5,7,-0.786
Tshz1,-0.163,-0.322,0.061,0.0,12,4,7,-0.908
Slc1a6,-0.163,-0.218,0.523,0.0199,10,4,5,1.575
Fbxo36,-0.164,-0.319,-0.023,0.0,12,2,8,-0.663
Phlda3,-0.164,-0.273,0.016,0.0,13,5,8,-0.531
Slc39a1,-0.164,-0.43,-0.042,0.0,12,3,7,-2.321
Fancl,-0.164,-0.568,0.048,0.0,11,3,6,-0.752
Kank3,-0.165,-0.204,0.037,0.0,11,4,6,-0.873
Itgb3bp,-0.165,-0.406,-0.027,0.0,13,3,8,-0.936
Elk4,-0.165,-0.377,0.036,0.0,12,4,7,-1.831
Gatm,-0.166,-0.209,0.014,0.0,13,5,8,-2.72
Ddit4,-0.166,-0.305,0.054,0.0,12,4,7,-1.75
Dffb,-0.166,-0.284,0.151,0.0,10,4,6,-0.44
Arpp21,-0.167,-0.53,0.063,0.0,11,3,6,1.413
Nfe2l2,-0.168,-0.339,0.012,0.0,13,4,8,-3.263
Triobp,-0.168,-0.237,-0.087,0.0,11,1,6,-1.759
Nt5c,-0.168,-0.201,-0.039,0.0,13,3,8,0.342
Lmnb1,-0.169,-0.333,-0.08,0.0,10,1,6,-2.064
Cntn5,-0.169,-0.622,0.095,0.0001,11,4,6,1.717
Pkib,-0.169,-0.481,-0.013,0.0,13,3,8,0.404
H2-K1,-0.169,-0.224,0.065,0.0,13,4,8,-2.77
Maff,-0.169,-0.406,-0.02,0.0,11,2,6,-1.779
Cish,-0.17,-0.317,0.074,0.0,11,3,7,-0.457
Matn2,-0.17,-0.683,0.554,0.0692,11,5,7,-5.355
Mylip,-0.171,-0.469,0.21,0.0009,10,5,6,-2.105
Gpm6b,-0.171,-0.43,0.209,0.0015,13,4,8,-4.123
Cmtm6,-0.171,-0.252,0.093,0.0,13,6,8,-1.041
Zfp830,-0.171,-0.415,-0.045,0.0,13,3,8,-0.742
Rarg,-0.171,-0.544,0.168,0.0,10,3,7,-2.393
Hpca,-0.172,-0.412,0.153,0.0,13,5,8,1.581
Tbc1d1,-0.172,-0.449,0.25,0.0001,11,3,7,-1.449
Apool,-0.172,-0.306,0.056,0.0,12,4,7,-0.3
Tbx2,-0.172,-0.387,0.072,0.0,13,6,8,0.338
Poll,-0.174,-0.944,0.06,0.0,12,3,7,0.223
Gpr37l1,-0.175,-0.421,0.072,0.001,10,3,8,-4.195
Zfp113,-0.175,-0.599,0.011,0.0,11,3,6,-0.311
Gm11837,-0.175,-0.267,-0.095,0.0,10,2,5,0.14
Cks1b,-0.175,-0.251,-0.101,0.0,12,1,7,-0.9
Spata24,-0.175,-0.291,-0.014,0.0,11,2,6,-0.271
Pak4,-0.177,-0.36,0.029,0.0,10,3,5,-1.981
Bok,-0.177,-0.383,-0.054,0.0,13,1,8,0.534
Mrps28,-0.177,-0.187,-0.1,0.0,13,3,8,-0.874
Tefm,-0.179,-0.263,-0.001,0.0,10,2,5,-0.292
Cenpj,-0.179,-0.574,0.038,0.0,12,3,8,-0.288
Fcgrt,-0.179,-0.495,-0.11,0.0,10,1,8,-4.195
Itih5,-0.179,-0.281,0.127,0.0001,11,4,7,-3.242
Slit2,-0.18,-0.254,0.168,0.0008,12,5,7,1.23
Jun,-0.18,-0.296,0.039,0.0,13,4,8,-3.017
Elmod3,-0.18,-0.46,0.244,0.0,10,4,6,-0.803
Pop4,-0.18,-0.247,-0.032,0.0,13,2,8,0.24
Fam161a,-0.18,-0.439,0.055,0.0006,10,3,6,-0.573
Exosc5,-0.18,-0.326,-0.025,0.0,13,2,8,-0.43
Stk3,-0.181,-0.48,-0.057,0.0,13,2,8,-0.906
Gab1,-0.181,-0.693,-0.004,0.0,13,3,8,-2.621
Arpc1b,-0.181,-0.382,-0.074,0.0,13,2,8,-3.477
Rfc3,-0.181,-0.334,-0.049,0.0,12,1,7,-0.552
Vim,-0.182,-0.49,-0.105,0.0,13,2,8,-2.62
Fancm,-0.183,-0.326,0.089,0.0,11,5,7,-0.164
Dusp6,-0.183,-0.401,0.095,0.0,12,5,8,-3.673
Ing2,-0.183,-0.257,-0.063,0.0,13,2,8,-1.062
Plekhb1,-0.184,-0.681,-0.069,0.0,11,2,8,-4.228
Nme3,-0.184,-0.357,0.129,0.0,11,4,7,0.257
Fam131c,-0.184,-0.302,-0.047,0.0,11,2,7,1.376
Dusp1,-0.185,-0.254,0.027,0.0,13,4,8,-1.34
Cd63,-0.185,-0.347,-0.087,0.0,13,3,8,-2.429
Metrn,-0.187,-0.598,0.201,0.0003,11,4,6,-3.783
Nr4a2,-0.188,-0.719,0.085,0.0,12,3,7,-2.863
Nubp1,-0.19,-0.341,-0.052,0.0,13,2,8,-0.1
Rab8b,-0.191,-0.285,0.165,0.0,13,5,8,-1.088
Kctd12,-0.192,-0.497,0.097,0.0,12,4,7,0.144
Mettl9,-0.193,-0.244,-0.053,0.0,13,2,8,-1.017
Kcnc2,-0.193,-0.921,0.178,0.0002,10,5,6,1.827
Smox,-0.195,-0.428,-0.079,0.0,12,0,7,-1.924
Foxo1,-0.195,-0.461,0.071,0.0,11,4,7,-3.201
Lin37,-0.196,-0.22,-0.02,0.0,13,3,8,0.412
Rab13,-0.196,-0.525,0.212,0.0012,12,5,8,-2.806
Zeb2,-0.197,-0.582,0.054,0.0,12,4,7,-2.277
B3galt2,-0.198,-0.615,0.16,0.0,11,4,6,0.432
Fxyd1,-0.198,-0.227,0.047,0.0,13,4,8,-3.859
Pigf,-0.198,-0.366,0.056,0.0,13,4,8,0.14
Bmf,-0.198,-0.344,0.081,0.0003,10,3,5,-0.728
Bcl6,-0.198,-0.541,0.116,0.0,11,4,8,-1.024
Necap2,-0.199,-0.237,0.139,0.0002,13,4,8,-2.659
Dhfr,-0.199,-0.573,-0.075,0.0,12,2,7,-1.028
H3f3b,-0.201,-0.279,-0.116,0.0,13,0,8,-1.461
Fos,-0.202,-0.242,0.03,0.0,13,4,8,-3.589
Apoe,-0.202,-0.532,-0.138,0.0,13,2,8,-5.113
Dera,-0.202,-0.572,0.024,0.0,11,3,7,-1.034
Ss18,-0.202,-0.351,-0.008,0.0,13,3,8,-2.241
Cd44,-0.203,-0.451,0.088,0.0016,10,3,6,-0.625
Gem,-0.204,-0.314,0.202,0.0002,13,4,8,-0.806
Ift43,-0.204,-0.285,-0.098,0.0,12,1,7,-1.297
Eef2kmt,-0.204,-0.392,-0.009,0.0011,10,2,5,-2.269
Plvap,-0.205,-0.393,0.07,0.0001,11,3,7,-3.618
Lmo4,-0.205,-0.808,-0.127,0.0,13,1,8,-3.214
Pold1,-0.205,-0.903,0.032,0.0,10,3,6,-1.397
Nasp,-0.206,-0.482,-0.009,0.0,13,3,8,-1.169
Gas7,-0.207,-0.297,-0.064,0.0,10,2,6,-4.023
Prkab1,-0.208,-0.609,0.027,0.0,12,4,7,-1.259
Art3,-0.208,-0.616,0.107,0.0,11,3,7,-5.666
Rcn3,-0.209,-0.388,-0.068,0.0,11,1,7,-4.081
Asap2,-0.209,-0.307,0.048,0.0,13,4,8,-0.523
Gadd45g,-0.21,-0.286,0.024,0.0,13,4,8,-0.976
Rcn1,-0.21,-0.382,-0.159,0.0,13,1,8,-3.493
Egr1,-0.21,-0.426,-0.054,0.0,13,2,8,-3.482
Ttc27,-0.21,-0.321,0.044,0.0,12,4,7,0.161
Cartpt,-0.21,-1.135,-0.04,0.0012,12,3,7,1.849
Zc3h12c,-0.21,-0.914,0.054,0.0,10,4,7,0.07
Hes1,-0.21,-0.548,-0.052,0.0,13,2,8,-3.772
Col6a2,-0.211,-0.35,0.254,0.0023,11,5,6,-3.708
Timeless,-0.211,-0.552,-0.054,0.0,10,2,6,-0.493
Gsta4,-0.212,-0.553,0.046,0.0002,10,3,7,-4.014
Bmp1,-0.212,-0.386,-0.02,0.0,10,2,6,-2.347
Atp6v0e,-0.214,-0.332,-0.081,0.0,13,1,8,-1.403
Atp11c,-0.214,-0.371,-0.035,0.0,13,3,8,0.308
Ddx39,-0.214,-0.4,0.01,0.0,12,3,7,-0.158
3110009E18Rik,-0.214,-0.352,-0.041,0.0,11,1,6,-0.64
2810032G03Rik,-0.215,-0.369,0.545,0.0334,11,3,6,0.521
Mis18a,-0.215,-0.67,-0.051,0.0,10,2,5,-0.94
Tiparp,-0.215,-0.331,-0.028,0.0,13,3,8,-2.152
Leng9,-0.216,-0.356,-0.108,0.0,13,1,8,-1.029
Thrsp,-0.216,-0.569,-0.083,0.0,10,2,7,0.682
Gstm7,-0.217,-0.524,0.019,0.0,11,3,6,0.511
Sash1,-0.217,-0.364,0.025,0.0,12,3,7,-3.787
Txnip,-0.217,-0.44,-0.016,0.0,13,3,8,-2.507
Man1a,-0.217,-0.633,0.01,0.0,13,4,8,0.255
Ube2t,-0.217,-0.875,-0.101,0.0,12,1,7,-0.564
Pmf1,-0.218,-0.57,-0.05,0.0,11,1,6,-1.546
Junb,-0.219,-0.352,-0.151,0.0,13,2,8,-3.572
Fkbp7,-0.22,-0.621,-0.16,0.0,10,1,6,-3.602
Pdlim4,-0.22,-1.078,0.097,0.0,11,3,7,-4.451
Luzp2,-0.221,-0.504,0.067,0.0,13,4,8,-2.176
Npas4,-0.222,-0.438,-0.005,0.0,11,2,6,1.092
Gmnn,-0.222,-0.284,0.069,0.0004,11,4,7,-1.305
Mt1,-0.222,-0.567,-0.17,0.0,13,2,8,-2.776
Hmgcs2,-0.222,-0.521,0.631,0.0392,11,4,7,-4.816
Camk2n1,-0.224,-0.285,0.036,0.0,11,3,7,-0.571
Nkd1,-0.224,-0.504,0.033,0.0,10,3,5,-1.076
Rassf1,-0.224,-0.331,-0.081,0.0,13,2,8,-1.588
Bst2,-0.224,-0.817,-0.044,0.0,12,2,7,-2.072
Vwa1,-0.226,-0.448,0.154,0.0,12,5,8,-4.688
Timp3,-0.226,-0.434,0.09,0.0007,13,4,8,-3.639
Plp1,-0.227,-0.363,-0.042,0.0012,12,2,8,-4.766
Emp2,-0.229,-0.277,-0.083,0.0,13,2,8,-4.114
Pi4kb,-0.229,-0.351,0.062,0.0,12,4,8,-0.33
Atad2,-0.229,-0.561,0.077,0.0,12,5,8,-2.619
Entpd2,-0.23,-0.863,0.104,0.0,10,4,6,-5.174
Fam111a,-0.232,-0.792,0.063,0.001,10,3,5,-1.797
Id3,-0.235,-0.431,0.292,0.0,13,5,8,-2.386
Socs3,-0.236,-0.54,-0.059,0.0,12,2,8,-3.676
Btg3,-0.236,-0.348,-0.051,0.0,11,1,6,0.054
Rnft1,-0.236,-0.488,0.105,0.0,10,4,6,-2.979
Mxra8,-0.238,-0.52,-0.154,0.0,12,1,7,-4.121
Srf,-0.238,-0.706,-0.056,0.0,10,2,7,-1.21
Katna1,-0.241,-0.415,-0.008,0.0,13,3,8,-1.027
Cited1,-0.241,-0.361,-0.072,0.0,10,2,6,0.132
Emp3,-0.241,-0.806,-0.061,0.0,13,2,8,-3.545
Ctdsp1,-0.243,-0.327,0.073,0.0,11,4,6,-3.253
Igfbp4,-0.244,-0.455,-0.033,0.0,12,2,8,-4.89
Nr2f2,-0.244,-0.663,0.2,0.0,13,6,8,-4.323
Zfp36l2,-0.244,-0.486,-0.101,0.0,11,1,6,-3.618
Col4a1,-0.245,-0.813,0.366,0.0006,12,4,7,-4.417
Tanc1,-0.245,-0.675,0.001,0.0,12,3,8,-1.711
Cenpl,-0.245,-1.185,-0.142,0.0,10,1,6,-1.28
Tcf7l2,-0.245,-0.614,-0.008,0.0,11,2,6,-2.121
Prim1,-0.246,-1.118,-0.123,0.0,12,2,7,-0.582
Gstt1,-0.247,-0.637,-0.062,0.0,13,3,8,-2.197
Acot1,-0.248,-0.475,-0.043,0.0001,10,2,6,-4.507
Papolg,-0.248,-0.457,-0.016,0.0,12,3,7,-0.084
Tns3,-0.248,-0.56,0.05,0.0001,10,3,7,-3.027
Crabp1,-0.248,-0.392,0.211,0.0005,11,4,6,0.473
Rrp36,-0.248,-0.48,-0.04,0.0,13,1,8,-0.298
A630072M18Rik,-0.249,-0.602,0.001,0.0,11,3,6,-1.061
Rnaset2a,-0.251,-0.465,-0.023,0.0,10,2,6,-2.198
Smc2,-0.251,-0.579,-0.033,0.0,12,2,7,-1.936
Plagl1,-0.251,-0.462,-0.047,0.0,10,2,6,-1.981
Otud1,-0.251,-0.495,0.021,0.0006,10,3,6,-2.603
Gemin2,-0.255,-0.319,-0.064,0.0,11,2,6,-0.302
Mdm1,-0.256,-0.513,0.1,0.0,10,3,5,-0.808
Zfp959,-0.258,-0.539,-0.143,0.0,10,2,6,-0.493
Jdp2,-0.258,-0.46,0.017,0.0,11,4,8,-0.496
Rdh5,-0.26,-0.491,-0.166,0.0,11,1,8,-2.299
Lpar1,-0.261,-0.406,-0.047,0.0001,11,2,7,-4.372
Kcnk2,-0.262,-0.509,-0.152,0.0,13,1,8,0.044
Clp1,-0.264,-0.377,-0.062,0.0,12,2,7,-0.941
Cox7a1,-0.265,-0.633,-0.039,0.0,11,2,7,-1.364
Rarres2,-0.266,-0.671,0.118,0.0005,10,4,6,-5.571
S100a16,-0.266,-0.745,-0.04,0.0,13,3,8,-3.754
Creb5,-0.267,-0.47,0.067,0.0,13,4,8,-0.89
Hmgb2,-0.27,-1.217,-0.126,0.0,12,1,7,-2.545
Ifit2,-0.27,-0.68,-0.034,0.0,12,2,8,-0.828
Sparc,-0.271,-0.516,0.094,0.0,13,4,8,-4.902
Dbr1,-0.273,-0.401,0.012,0.0,11,3,6,-0.588
Pdzd2,-0.277,-0.756,-0.061,0.0,12,2,7,-3.091
Itm2a,-0.279,-1.187,-0.156,0.0,10,2,6,-4.413
Stard13,-0.28,-0.811,0.122,0.0,10,3,7,-3.799
Phlda1,-0.282,-0.358,-0.231,0.0,12,1,7,-1.985
Cald1,-0.282,-0.561,-0.113,0.0,12,1,7,-3.186
Serhl,-0.283,-0.486,-0.091,0.0,12,2,7,-1.688
Trim59,-0.283,-0.495,0.003,0.0,10,3,5,-1.807
Ifitm2,-0.284,-0.443,-0.157,0.0,12,1,7,-0.319
Chn2,-0.286,-0.522,0.043,0.0,10,3,6,0.564
Tbc1d10a,-0.286,-0.572,-0.084,0.0,12,2,7,-3.258
Nfkbia,-0.288,-0.447,-0.044,0.0,13,3,8,-3.11
Chadl,-0.288,-0.346,0.039,0.0,12,4,7,-1.128
Eln,-0.289,-1.541,0.026,0.0,10,3,5,-3.134
Ptprz1,-0.29,-0.57,0.176,0.0004,12,4,7,-3.719
Sema3b,-0.293,-0.524,0.258,0.0,13,5,8,-3.63
Hbegf,-0.294,-0.508,-0.004,0.0,11,2,7,-2.613
Litaf,-0.296,-0.512,-0.2,0.0,13,1,8,-3.631
Nup210,-0.298,-0.527,0.32,0.0023,10,4,6,0.285
Cebpd,-0.298,-0.438,-0.024,0.0,11,2,7,-4.945
Gadd45b,-0.3,-0.669,-0.172,0.0,13,1,8,-3.16
Sema6a,-0.3,-0.727,0.012,0.0035,11,3,7,-2.354
Ifitm3,-0.3,-0.692,0.339,0.0022,12,4,7,-5.229
S100a4,-0.303,-0.504,-0.074,0.0002,11,2,8,-2.819
Hist1h2bc,-0.303,-0.428,-0.12,0.0,12,1,7,-2.57
Ezh2,-0.305,-0.47,0.037,0.0,12,4,7,-2.07
Tubb6,-0.306,-0.655,-0.131,0.0,11,2,6,-3.589
Bambi,-0.308,-0.756,-0.022,0.0,13,3,8,-2.713
Atp1a2,-0.308,-0.69,-0.081,0.0011,11,2,7,-4.571
Klf4,-0.309,-0.617,-0.233,0.0,12,1,8,-3.756
Ier5,-0.311,-0.617,-0.0,0.0,12,3,7,-2.052
Nmi,-0.312,-0.74,-0.03,0.0,13,3,8,-1.607
Cks2,-0.315,-1.019,-0.029,0.0,10,1,6,-2.768
Bhlhe40,-0.317,-0.487,-0.061,0.0,11,1,7,-3.114
Plin3,-0.328,-0.822,0.038,0.0,11,4,7,-4.847
Itgb8,-0.336,-0.702,-0.096,0.0,10,2,6,-4.279
Prex2,-0.336,-0.541,0.131,0.0001,11,3,7,-4.622
Sertad1,-0.337,-0.405,-0.171,0.0,13,1,8,-3.001
Psph,-0.339,-0.44,-0.219,0.0,13,0,8,-2.247
Bgn,-0.34,-0.915,0.091,0.0001,11,3,6,-5.104
Mcm4,-0.341,-0.617,-0.045,0.0,12,3,7,-2.272
Plpp3,-0.342,-0.628,-0.148,0.0039,11,2,6,-4.751
Mt2,-0.345,-0.815,-0.146,0.0,12,2,8,-1.787
Epas1,-0.346,-0.818,-0.078,0.0,11,2,7,-3.137
Fosl2,-0.348,-0.7,-0.056,0.0,12,3,7,-1.438
Phgdh,-0.348,-0.766,0.048,0.0,12,3,7,-3.605
Vamp8,-0.349,-0.896,-0.176,0.0,12,1,7,-3.721
Egfl8,-0.353,-0.582,-0.173,0.0,10,1,6,-5.643
Serpinh1,-0.36,-0.631,-0.097,0.0,12,3,7,-4.86
Sparcl1,-0.363,-0.542,0.11,0.0,11,4,7,-4.939
Ier2,-0.365,-0.543,-0.142,0.0,13,0,8,-3.823
Sfrp5,-0.371,-1.269,0.101,0.0074,10,2,6,-5.592
Hmgn5,-0.376,-0.925,-0.068,0.0,10,2,5,-1.519
Acp6,-0.377,-0.591,-0.011,0.0,12,3,7,-1.756
Zfp36,-0.387,-0.63,-0.071,0.0,11,2,7,-4.061
Zfp36l1,-0.388,-1.186,-0.094,0.0,10,2,6,-5.185
Klf2,-0.388,-0.575,-0.188,0.0001,11,2,7,-4.529
Fabp7,-0.388,-0.527,-0.1,0.0,13,3,8,-4.395
Fam181b,-0.389,-0.56,-0.123,0.0,11,2,6,-3.132
Hist1h1c,-0.394,-0.443,-0.04,0.0,12,1,7,-2.715
Bdnf,-0.396,-0.598,-0.092,0.0003,10,1,6,0.757
Ccdc163,-0.403,-0.678,-0.19,0.0,11,2,7,-1.639
Mdk,-0.404,-0.977,-0.303,0.0,12,0,8,-3.782
Slc9a3r1,-0.407,-0.703,0.097,0.0,11,4,7,-4.445
Rnf182,-0.408,-0.696,0.005,0.0002,10,3,6,1.447
Ramp2,-0.412,-0.941,0.254,0.0021,13,4,8,-4.442
Lama4,-0.414,-0.791,-0.193,0.0,11,2,6,-3.423
Rbp1,-0.416,-0.65,-0.109,0.0,11,0,6,-4.162
Atf3,-0.425,-0.473,-0.362,0.0,11,0,7,-3.942
Fbln2,-0.436,-0.693,-0.148,0.0042,11,2,7,-4.423
Cryab,-0.437,-0.589,-0.159,0.0,13,2,8,-3.724
Col1a2,-0.447,-0.975,-0.056,0.0,10,2,6,-5.581
Wwtr1,-0.466,-0.648,-0.096,0.0,11,2,6,-4.215
Tyms,-0.473,-0.531,-0.005,0.0,11,2,6,-1.4
Copz2,-0.508,-1.204,-0.191,0.0,11,1,7,-4.22
Pcolce,-0.59,-0.764,-0.204,0.0,10,1,5,-4.722
Mpz,-0.607,-0.862,-0.197,0.0,10,2,6,-4.982
Col3a1,-0.617,-1.365,-0.113,0.0004,10,2,6,-5.769
Gpc3,-0.646,-1.14,0.221,0.001,10,4,7,-4.067
Igfbp7,-0.756,-0.983,-0.246,0.0,12,1,7,-3.936
Dcn,-0.874,-2.364,-0.165,0.0,10,0,6,-6.304
