gene,log2_neuron_over_glia
Xkr4,0.937
Gm1992,-3.322
Gm19938,0.531
Gm37381,0.0
Rp1,-0.583
Sox17,-4.895
Gm37587,-0.672
Gm37323,0.0
Mrpl15,0.237
Lypla1,0.067
Tcea1,-0.416
Rgs20,2.161
Gm16041,0.0
Atp6v1h,1.019
Oprk1,1.124
Npbwr1,0.181
Rb1cc1,0.453
4732440D04Rik,-0.206
Alkal1,0.0
St18,0.189
Pcmtd1,0.019
Gm26901,0.259
Gm30414,0.0
Sntg1,0.661
Rrs1,-0.068
Adhfe1,-2.12
2610203C22Rik,-2.111
Vxn,0.0
Gm29520,0.0
Mybl1,-0.019
Vcpip1,0.047
1700034P13Rik,0.162
Sgk3,-2.966
Mcmdc2,0.166
Snhg6,0.535
Tcf24,-0.716
Ppp1r42,0.205
Gm15818,0.0
Cops5,0.619
Cspp1,-0.295
Arfgef1,0.662
Cpa6,-0.249
Prex2,-4.622
A830018L16Rik,1.993
Gm17644,0.0
Gm29663,0.0
Sulf1,-2.911
Slco5a1,1.386
Gm29283,0.0
Prdm14,0.0
Ncoa2,-0.008
Gm29570,-0.111
Tram1,-1.422
Lactb2,-0.591
Xkr9,-0.044
Eya1,1.424
Gm9947,-0.769
Msc,-1.892
Trpa1,0.092
Kcnb2,2.333
Terf1,-0.825
Sbspon,-3.756
4930444P10Rik,0.121
Rpl7,-0.606
Rdh10,-1.536
Gm28095,0.0
Stau2,1.349
Gm7568,0.0
Ube2w,0.333
Eloc,0.638
D030040B21Rik,-0.519
Tmem70,0.3
Ly96,-1.294
Gm28376,0.0
Jph1,0.099
Gm28783,0.0
Gdap1,2.129
Gm28784,0.225
Pi15,-4.215
Gm28154,0.564
Gm16070,0.909
Crispld1,0.873
Gm28153,-0.045
Gm28756,1.71
Crisp4,0.0
Defb18,0.0
Defb41,0.0
Gm15825,0.0
Tfap2d,0.0
Tfap2b,0.256
Gm28340,0.0
Pkhd1,0.514
4930486I03Rik,0.0
Gm28653,0.0
Il17a,0.0
Il17f,-0.617
Mcm3,-3.775
Gm28065,0.0
6720483E21Rik,0.573
Paqr8,0.928
Efhc1,-0.625
Tram2,-3.878
Gm28287,0.0
Tmem14a,0.75
Gsta3,0.048
Gm28836,0.709
Khdc1a,0.0
Khdc1c,0.0
Khdc1b,0.0
Kcnq5,1.173
Rims1,0.887
Gm29506,0.0
4933415F23Rik,0.0
Gm27028,-0.178
Gm29107,-2.841
Ogfrl1,1.124
Gm28822,0.0
B3gat2,-0.591
Smap1,0.193
Sdhaf4,0.439
Fam135a,-0.355
Col9a1,-0.178
Col19a1,-2.024
Lmbrd1,-0.112
Gm28237,0.0
Gm29414,0.0
Adgrb3,0.223
4931408C20Rik,0.0
Gm5524,0.0
Gm597,0.0
Gm9898,0.0
Phf3,-0.397
Ptp4a1,-0.349
Gm5698,0.0
4931428L18Rik,0.0
Gm28644,0.0
Gm29128,0.0
Lgsn,0.0
Pih1d3,0.0
Khdrbs2,1.767
Gm5415,0.0
Gm37724,0.112
Gm37591,0.0
Prim2,-1.23
Rab23,-0.076
Bag2,0.258
Zfp451,0.565
Bend6,2.199
Dst,-0.086
Gm26788,-0.908
Gm37958,0.0
Gm37233,-0.407
Ccdc115,0.415
Gm28306,-0.049
Imp4,-0.272
Ptpn18,-4.533
Gm28417,-2.156
4930568A12Rik,0.371
Prss39,0.0
Cfc1,0.0
Prss40,0.0
1700101I19Rik,0.227
Amer3,2.098
Arhgef4,1.345
Gm38336,-0.77
Fam168b,0.49
Plekhb2,1.523
Gm37068,0.0
Gm28415,0.0
1110002O04Rik,0.818
Gm37146,0.0
Gm33222,0.0
4930535G08Rik,0.0
Hs6st1,0.63
Gm37335,0.066
Gm33280,-0.02
Uggt1,0.036
Neurl3,-2.315
Arid5a,-2.765
4930403P22Rik,-1.251
Kansl3,-0.24
Fer1l5,-0.324
Lman2l,-0.077
Cnnm4,0.504
Cnnm3,-0.1
Gm38033,-0.681
Ankrd23,-1.11
Ankrd39,-0.001
Sema4c,-1.602
D430040D24Rik,-2.09
Fam178b,-3.28
Cox5b,0.585
Actr1b,0.786
4933424G06Rik,0.071
Gm33533,0.226
Zap70,-1.488
Tmem131,-0.273
Gm38115,-0.25
Vwa3b,0.569
Gm37020,0.368
Cnga3,0.786
Inpp4a,1.064
4930439A04Rik,0.0
Coa5,0.449
Unc50,-0.536
Mgat4a,0.67
2010300C02Rik,1.122
4930556I23Rik,0.119
Tsga10,-0.408
Gm26805,0.657
Lipt1,0.348
Mitd1,-0.608
Mrpl30,0.252
Lyg2,0.0
Gm15457,0.0
Lyg1,0.0
Txndc9,-0.021
Eif5b,-0.388
Rev1,-0.02
Gm37062,0.016
Gm5099,0.0
Aff3,-0.38
Gm16150,-0.293
Gm16151,0.0
Gm16152,-1.462
Lonrf2,1.819
Chst10,1.67
Gm37707,0.0
Nms,0.011
Pdcl3,0.166
Gm37821,0.0
Npas2,-1.726
Rpl31,-0.008
Tbc1d8,0.821
Cnot11,0.087
Gm15832,0.183
Rnf149,0.078
Creg2,1.98
D930019O06Rik,1.525
Rfx8,0.366
Gm3646,-1.429
1700066B17Rik,-1.1
Map4k4,-0.558
Il1r2,-0.252
Gm16894,1.795
Il1r1,-1.967
Il1rl2,-4.087
Il1rl1,-1.633
Il18r1,-1.776
Il18rap,-1.362
Gm35801,0.0
Slc9a4,0.0
Slc9a2,-0.419
Gm37623,0.0
Gm37915,0.0
Mfsd9,1.342
Tmem182,-1.283
4930448I06Rik,0.0
Gm28634,0.0
Gm29260,0.0
Gm9915,0.0
Gm29664,0.0
Gm28175,0.0
Gm28140,0.0
Pantr1,-0.114
Gm20646,0.0
Pou3f3,-0.123
Pantr2,0.0
Dalir,0.0
Mrps9,0.114
Gpr45,2.313
Tgfbrap1,-0.065
Gm28782,0.0
8430432A02Rik,-0.069
AI597479,0.216
Fhl2,-2.264
Gm29040,-0.032
Nck2,-0.492
Ecrg4,-5.009
Gm29155,-0.141
Gm29157,-0.898
Gm29156,0.752
Uxs1,-0.087
Tpp2,0.235
Mettl21c,-1.006
Gm8251,-1.694
Tex30,-0.786
Poglut2,-2.105
Bivm,0.476
Ercc5,-0.296
Mettl21e,0.0
Gm28893,0.0
Gulp1,-4.364
4930521E06Rik,0.0
Col3a1,-5.769
Col5a2,-5.107
Wdr75,0.254
Gm5269,0.0
Slc40a1,-2.322
Dnah7b,-1.604
Dnah7c,-0.333
Slc39a10,-0.074
Gm28151,0.056
Gm28826,-0.037
C230029F24Rik,0.0
4933411E06Rik,-0.844
Gm29665,0.0
Gm28321,0.0
Tmeff2,1.589
Gm28322,0.0
Gm28319,0.052
Gm28320,1.938
Gm29325,0.858
9330175M20Rik,1.408
Cavin2,-2.838
1700072G22Rik,-0.52
Nabp1,-1.077
Gm17767,0.0
Gm28055,0.453
Myo1b,-0.374
Gm29453,0.06
Gm28323,-0.761
Stat4,-2.109
Gm31812,-0.44
Stat1,-1.381
Gls,0.257
Nab1,-0.674
Gm553,0.0
Gm28178,0.0
Nemp2,-1.38
Mfsd6,1.665
Gm29670,0.368
Inpp1,0.069
Hibch,0.085
1700019D03Rik,-0.169
Mstn,0.843
1700019A02Rik,-0.075
Pms1,-0.782
Gm28777,-0.012
Ormdl1,-0.357
Osgepl1,0.033
Asnsd1,0.241
Asdurf,0.0
Dnah7a,0.998
Stk17b,-2.673
Hecw2,0.34
Ccdc150,-0.328
Gtf3c3,0.435
Gm34066,0.0
Pgap1,0.136
Ankrd44,-1.081
4930444A19Rik,0.0
Sf3b1,-0.71
Coq10b,-0.861
Hspd1,0.465
Hspe1,0.185
Mob4,0.191
Rftn2,-3.998
Gm10561,-3.939
Mars2,-0.169
Boll,-0.052
Plcl1,0.934
9130227L01Rik,0.061
1700003I22Rik,0.0
Gm28240,0.0
Hsfy2,0.0
Satb2,-1.411
9130024F11Rik,-3.019
1700126A01Rik,0.0
BC055402,0.0
4930558J18Rik,-1.718
1700066M21Rik,-0.047
Tyw5,0.31
Maip1,-0.098
Spats2l,-0.993
Gm17234,0.0
Kctd18,-0.114
Sgo2a,-2.726
Aox1,-1.067
Aox3,-0.191
Aox4,0.718
Gm15759,0.0
Aox2,-0.419
Bzw1,-0.043
Clk1,-1.302
Ppil3,0.355
Nif3l1,0.393
Orc2,-0.09
Gm15834,0.447
Fam126b,0.115
Ndufb3,0.315
Flacc1,0.0
Cflar,-0.91
Casp8,-4.394
Trak2,-0.249
Stradb,0.311
C2cd6,0.277
AC169382.1,0.0
Gm29018,0.0
Tmem237,-0.421
G730003C15Rik,-0.444
Mpp4,-0.206
Gm29017,0.0
Als2,-0.452
Cdk15,-1.732
Gm29016,-0.061
Fzd7,-3.489
Gm26813,0.0
Gm973,-0.788
Gm28411,0.0
1700122D07Rik,0.0
Sumo1,0.118
Nop58,-0.256
Bmpr2,0.474
Fam117b,0.899
Ica1l,2.175
Wdr12,0.984
Carf,0.123
Nbeal1,-0.193
Cyp20a1,-0.68
Abi2,0.581
Raph1,0.621
Cd28,-1.885
Gm11579,0.0
2310016D23Rik,0.0
Ctla4,0.0
Icos,-2.222
Gm28083,0.0
Gm11587,0.0
9530026F06Rik,0.551
Gm11588,0.0
Gm28449,0.0
4930587A21Rik,0.0
Pard3b,-3.75
Pard3bos1,-1.04
Pard3bos2,0.0
Pard3bos3,-0.351
Gm29084,0.037
Nrp2,-0.36
Gm29083,-2.565
Gm4208,-0.107
Ino80d,-0.539
Ino80dos,-0.584
Gm20342,-0.767
Ndufs1,0.345
Eef1b2,0.073
Gpr1,0.773
Platr12,0.0
Gm11608,0.0
Zdbf2,0.537
Adam23,-0.701
Gm39653,0.0
Dytn,0.041
Mdh1b,0.468
Fastkd2,0.242
4933402D24Rik,0.62
Gm13749,-1.241
Klf7,0.977
Gm13748,0.0
Gm28981,-0.055
Creb1,-0.562
Mettl21a,-0.942
Gm28982,0.0
Gm29152,0.0
2810408I11Rik,-1.27
Ccnyl1,-0.381
Fzd5,0.556
Plekhm3,1.311
Akr1cl,-0.501
Cryge,0.0
Crygd,0.0
Crygc,0.0
Crygb,0.0
Cryga,0.881
D630023F18Rik,1.694
Idh1,0.694
Pikfyve,-0.131
Pth2r,0.0
Crygf,0.0
Map2,1.503
Gm10558,0.098
Unc80,1.512
Rpe,-0.952
Kansl1l,-1.376
Acadl,0.128
Myl1,1.715
Lancl1,0.713
Cps1,0.024
Gm15668,0.0
Gm15669,0.0
Gm15671,0.0
Erbb4,-1.15
Gm16076,0.0
Gm28497,0.0
Gm29113,0.047
Gm29114,0.0
Ikzf2,-0.9
Gm29112,0.0
Gm28112,-0.604
Spag16,1.224
Vwc2l,2.055
Bard1,-1.248
Abca12,-0.024
Atic,0.519
Fn1,-4.752
Apol7d,-0.825
Gm8883,0.0
Gm28818,0.0
4933417E11Rik,0.86
4930556G22Rik,0.0
Gm4319,0.761
Mreg,1.026
Pecr,-0.535
Tmem169,2.2
Xrcc5,-0.673
March4,2.27
Smarcal1,0.037
Gm39662,0.693
Ankar,0.0
Rpl37a,-0.32
Igfbp2,-3.907
Igfbp5,-2.483
1700027A15Rik,0.0
Tnp1,0.0
Gm29185,0.0
Pinc,0.0
D530049I02Rik,0.0
C530043A13Rik,-0.08
Gm29186,0.0
6030407O03Rik,-0.696
Gm29183,0.0
Tns1,-1.224
Rufy4,0.527
Cxcr2,-0.452
Cxcr1,0.0
Arpc2,-0.215
Gpbar1,0.0
Aamp,-0.289
Gm28364,0.0
Pnkd,0.236
Tmbim1,-1.827
Gm29358,-1.83
Catip,-1.63
Slc11a1,-3.825
Ctdsp1,-3.253
Vil1,-0.832
Usp37,-0.756
Cnot9,0.173
Plcd4,1.19
Zfp142,-0.021
Bcs1l,0.176
Rnf25,0.249
Stk36,0.042
Ttll4,-0.876
Cyp27a1,-2.719
Prkag3,-2.325
Wnt6,-5.045
Gm29539,-3.798
Wnt10a,-2.008
Gm16582,0.0
Cdk5r2,1.873
Fev,-0.183
Cryba2,0.11
Cfap65,0.098
Gm15841,0.0
Ihh,-0.65
Nhej1,-0.526
Slc23a3,-1.064
Cnppd1,-0.245
Retreg2,0.462
Zfand2b,0.218
Abcb6,0.191
Atg9a,0.481
Ankzf1,0.126
Glb1l,-2.32
Stk16,0.345
Tuba4a,1.367
A630095N17Rik,0.0
Dnajb2,0.359
Ptprn,1.652
Gm28294,0.051
Resp18,2.411
Gm28902,0.0
Dnpep,0.256
Des,-4.445
Gm15179,0.0
Speg,-0.041
Gm15178,0.0
Gmppa,-0.333
Asic4,0.9
Chpf,-0.691
Obsl1,-1.073
Tmem198,1.533
Inha,1.218
Stk11ip,0.537
Slc4a3,0.949
Gm29065,0.0
Gm29069,0.0
Gm17751,0.075
Gm816,0.0
Epha4,-1.732
Gm28386,0.0
Gm28387,0.0
Pax3,-0.949
Sgpp2,1.926
Gm28410,1.255
Farsb,0.638
BC035947,0.0
Mogat1,0.397
5730419F03Rik,0.0
Gm29611,0.0
Acsl3,0.279
Utp14b,-0.754
Gm29536,0.0
Kcne4,-4.207
Gm29187,0.0
Scg2,1.999
Ap1s3,-0.12
Wdfy1,-0.556
Mrpl44,0.175
Serpine2,-2.63
9830004L10Rik,0.038
Fam124b,-1.18
2310015K22Rik,0.0
Cul3,0.126
Gm29125,0.018
1700016L21Rik,0.0
Gm45261,0.0
Dock10,-1.902
Nyap2,1.925
Irs1,-0.943
Gm9747,-0.377
Rhbdd1,-0.454
Gm28940,-0.225
Col4a4,-4.034
Col4a3,-1.04
C430014B12Rik,-0.776
Mff,0.296
Gm28941,-0.252
Tm4sf20,-0.11
Gm47791,0.0
Gm28942,0.0
Agfg1,0.162
A030005L19Rik,-0.033
A030014E15Rik,-0.001
Gm6217,0.0
A030003K21Rik,0.0
Gm7544,0.0
Gm47955,0.0
Gm47959,0.0
Slc19a3,0.021
Krtap28-10,0.0
Gm47969,0.0
A030005K14Rik,0.0
Krtap28-13,-0.178
Ccl20,-0.061
Daw1,0.0
Sphkap,1.29
4933436I20Rik,0.0
Pid1,-1.054
Dner,2.018
Trip12,-0.012
Fbxo36,-0.663
Slc16a14,0.91
C130026I21Rik,-0.442
A530032D15Rik,-0.922
Gm10553,0.0
A530040E14Rik,-0.146
Gm16028,0.0
Gm16025,0.0
Gm16092,0.0
G530012D18Rik,0.0
Sp110,-4.115
Gm16094,0.0
Sp140,-3.362
Gm10552,0.0
Gm17017,0.0
Sp100,-3.738
A630001G21Rik,-3.511
9930111H07Rik,0.0
Cab39,0.688
Itm2c,-0.809
4933407L21Rik,-2.415
Gm28884,0.482
Gpr55,-0.18
Gm28100,0.0
Spata3,0.0
2810459M11Rik,-0.178
Psmd1,0.595
Htr2b,0.019
Armc9,0.201
Gm16341,0.0
B3gnt7,-0.218
Gm28626,-0.132
Ncl,-0.245
C130036L24Rik,0.455
Nmur1,0.05
Tex44,0.0
Ptma,0.305
Pde6d,0.408
Cops7b,0.532
Nppc,-1.681
Dis3l2,-0.078
Gm29055,-1.321
Gm28375,0.0
Gm29371,0.0
Alppl2,0.0
Alpi,0.0
Akp3,0.0
Gm29374,0.675
Ecel1,1.297
Prss56,-0.151
Chrnd,0.0
Chrng,0.001
Eif4e2,-0.097
Efhd1,-5.43
Efhd1os,0.0
Gigyf2,-0.257
Kcnj13,-0.482
Snorc,-0.245
Ngef,1.293
Neu2,0.284
Inpp5d,-4.417
Atg16l1,0.197
Sag,0.39
Dgkd,0.362
Gm19582,0.0
Usp40,-0.965
Ugt1a10,0.0
Gm20528,0.0
Ugt1a9,0.0
Ugt1a8,0.0
Ugt1a7c,-2.156
Ugt1a6b,0.0
Ugt1a6a,-1.951
Ugt1a5,-0.355
Ugt1a2,0.0
Dnajb3,0.006
Ugt1a1,0.0
Mroh2a,-0.66
Hjurp,-1.027
Trpm8,0.0
4930453O03Rik,0.0
Spp2,-0.134
Gm29538,0.0
Gm28888,0.0
Glrp1,-0.555
Gm19589,0.0
Gm29336,-0.504
Arl4c,1.013
Platr5,0.004
Gm29337,0.0
1700067G17Rik,0.0
Sh3bp4,-0.482
Gm28342,0.0
C030007H22Rik,0.2
Agap1,0.414
Gm28499,0.055
4933400F21Rik,-0.189
Gbx2,-0.242
D130058E05Rik,0.0
Asb18,0.138
Iqca,0.0
4930434B07Rik,-0.259
Ackr3,-2.715
Gm28721,0.0
Gm28723,0.075
Gm28722,0.0
Cops8,0.265
Gm9991,0.0
Col6a3,-5.04
Mlph,-1.385
Prlh,0.0
Rab17,-0.02
Gm28199,0.0
Lrrfip1,-0.01
Rbm44,-0.72
Ramp1,0.406
Ube2f,-0.209
Scly,-0.665
Gm17090,0.0
Espnl,0.616
Klhl30,-0.84
Erfe,-0.678
Ilkap,-0.227
1700020N18Rik,0.0
Hes6,0.749
Per2,-0.592
Gm28382,0.0
Traf3ip1,0.002
Asb1,1.275
Gm28380,0.0
Gm29100,-0.366
Twist2,-3.255
Gm29101,-1.891
Hdac4,-0.752
Gm29099,0.0
Ndufa10,0.558
Olfr1416,0.0
Olfr1415,0.0
Olfr1414,0.0
Olfr1413,0.0
1700054K02Rik,0.0
Olfr1412,0.0
Olfr1411,0.0
Olfr1410,0.0
Olfr12,0.0
Cops9,0.138
Otos,-1.814
Gm29483,0.0
Gm29482,0.0
Gm29481,0.0
Gpc1,0.032
Gm29480,0.869
Ankmy1,-0.222
Dusp28,1.097
5033417F24Rik,0.936
Rnpepl1,-1.215
9430060I03Rik,0.008
Capn10,0.816
Gpr35,-0.668
Aqp12,0.0
Kif1a,1.194
Gm28086,0.392
Agxt,0.0
Mab21l4,0.0
Crocc2,-0.226
Sned1,-3.545
Mterf4,0.251
Gm28535,0.269
Pask,-0.733
Ppp1r7,0.447
Ano7,1.07
Hdlbp,-0.265
Sept2,-1.639
Farp2,-1.438
Stk25,0.332
Gm28536,0.289
Bok,0.534
Thap4,-0.045
Gm10550,-0.058
Atg4b,0.466
Dtymk,-0.404
Ing5,-0.819
D2hgdh,-0.095
Gal3st2,-0.598
Gal3st2b,0.0
Gal3st2c,0.0
Neu4,0.0
Pdcd1,-0.86
4930440C22Rik,0.0
Fam174a,0.631
St8sia4,1.191
4930598F16Rik,0.0
1700063A18Rik,0.0
Gm29601,0.0
4930533P14Rik,0.0
Slco4c1,0.344
Panct2,0.759
Gm28901,-0.01
Slco6c1,0.204
D1Ertd622e,0.121
Ppip5k2,0.069
Gin1,-0.383
Pam,0.156
B230216N24Rik,1.466
1810006J02Rik,-1.182
Gm29461,1.366
Slco6d1,0.0
Gm7967,-0.257
Cntnap5b,0.485
Gm20268,0.0
Gm28187,-0.124
Cdh20,-1.995
Gm15699,0.0
Gm29012,0.0
Rnf152,0.439
Gm17634,0.94
Gm28403,0.282
Pign,-1.018
Gm28404,-0.446
Relch,0.793
Tnfrsf11a,-0.792
Gm7160,0.326
Zcchc2,-0.044
Gm20753,0.0
Phlpp1,-1.156
A530053M12Rik,-0.082
Bcl2,-0.281
D630008O14Rik,-0.621
Kdsr,0.092
Vps4b,0.227
Serpinb5,-0.44
Serpinb12,0.0
Serpinb13,0.0
Serpinb3a,0.0
Serpinb3d,0.0
Serpinb3b,0.0
Serpinb3c,0.308
Serpinb11,0.0
Gm15391,0.0
Serpinb7,0.227
Serpinb2,-0.193
Serpinb8,-3.594
Gm15389,0.0
D830032E09Rik,0.0
Cdh7,0.589
Cdh19,-5.125
Gm29088,0.002
Dsel,-1.001
Gm28189,0.0
9330185C12Rik,-0.012
Cntnap5a,1.793
Gm19965,0.0
Zfp813-ps,0.0
Gm28363,0.0
B020011L13Rik,0.077
Gm28360,0.0
Gm28168,0.0
Gm7145,0.0
Gm29106,0.0
Tsn,0.263
Nifk,0.221
Gm28867,0.287
Clasp1,0.539
2900060B14Rik,-0.896
Tfcp2l1,0.73
Gli2,-4.311
Gm26831,-0.37
Gm29456,0.0
Gm29455,0.342
Inhbb,-0.212
Ralb,-0.843
Gm27184,-0.219
Tmem185b,-0.41
3830432H09Rik,0.221
Epb41l5,-0.2
Ptpn4,0.385
Gm28209,0.0
Tmem177,0.509
Cfap221,0.0
Sctr,0.61
Tmem37,-2.749
Dbi,-3.699
3110009E18Rik,-0.64
Steap3,-2.542
C1ql2,0.806
1700012E03Rik,0.0
Marco,-0.827
En1,0.0
2610027F03Rik,0.0
Gm29346,0.0
Gm29345,0.0
Gm29348,0.013
Gm29347,0.0
Celrr,0.103
Gm29359,0.0
Insig2,0.551
2210011K15Rik,0.0
Ccdc93,-0.303
Gm15392,0.0
Htr5b,0.093
Ddx18,-0.43
Gm28590,0.0
Dpp10,1.978
1700121L03Rik,0.0
Actr3,0.043
Gm28706,0.0
Slc35f5,-0.542
Gpr39,0.016
Lypd1,1.194
Nckap5,-3.216
4930599A14Rik,0.0
Mgat5,0.994
Tmem163,1.363
Acmsd,0.551
2900009J06Rik,0.512
Ccnt2,-0.4
Map3k19,0.082
Rab3gap1,0.163
Zranb3,0.056
Gm28800,0.718
R3hdm1,0.121
Ubxn4,0.007
Lct,-0.472
Mcm6,-1.588
Dars,-0.738
Cxcr4,0.199
Gm26686,0.0
Thsd7b,2.004
Gm16081,0.0
Cd55b,0.0
Gm15674,0.0
Gm15675,-0.246
Cd55,0.486
Gm16083,1.394
Zp3r,0.056
C4bp,0.0
Pfkfb2,-0.184
Yod1,-0.01
AA986860,-1.883
Gm28857,0.0
Gm28856,0.0
Fcamr,0.0
Gm15848,-0.13
Pigr,-0.32
Fcmr,1.431
Il24,0.0
Il20,0.0
Il19,0.52
Il10,-0.472
Mapkapk2,-1.01
Dyrk3,0.955
Eif2d,-0.3
Rassf5,0.826
Ikbke,-3.529
Gm28914,0.0
Gm28913,0.617
Srgap2,-1.239
Gm29488,-0.552
Fam72a,-0.662
Avpr1b,0.0
Ctse,-2.748
Rab7b,-5.512
Slc26a9,-0.1
Pm20d1,-1.997
Slc41a1,-1.106
Rab29,-2.513
Nucks1,0.085
Slc45a3,-2.592
Elk4,-1.831
Mfsd4a,-0.893
Cdk18,-1.483
Gm29629,0.0
Lemd1,0.966
Gm29695,1.21
Gm10188,0.0
Gm29630,0.0
Klhdc8a,1.771
Nuak2,-3.678
F730311O21Rik,0.0
Tmcc2,1.393
Gm15849,0.0
Dstyk,0.08
6030442K20Rik,-0.223
Rbbp5,0.129
Tmem81,-0.568
Cntn2,1.599
Nfasc,1.618
Gm10538,-0.042
Lrrn2,0.297
Mdm4,-0.291
Pik3c2b,-0.332
Gm28609,0.0
Ppp1r15b,-0.839
Plekha6,1.718
Gm19461,0.322
Gm28040,0.0
Kiss1,0.0
Ren1,0.3
Etnk2,1.474
Sox13,-3.162
Snrpe,0.058
Zc3h11a,-0.853
Gm38394,-1.208
Zbed6,0.0
Lax1,-0.612
Atp2b4,0.826
Gm28441,0.0
Optc,0.977
Gm15851,-0.072
Prelp,-5.17
Gm1627,0.0
Fmod,-3.275
Btg2,-2.627
Chit1,-0.569
Chil1,-1.735
Mybph,-0.845
Adora1,0.827
Myog,0.208
Ppfia4,1.001
Tmem183a,0.779
4933406M09Rik,0.0
Cyb5r1,1.041
Adipor1,0.308
Platr1,-0.298
Klhl12,0.527
Rabif,0.837
Mgat4e,0.0
Kdm5b,-0.034
Gm26783,1.254
Syt2,2.116
Ppp1r12b,0.356
Gm28892,0.151
Ube2t,-0.564
Lgr6,-0.903
Gm10535,0.0
Ptpn7,-2.739
Arl8a,1.078
Gm15445,-0.185
Gpr37l1,-4.195
Gm26642,0.027
Elf3,-0.565
Rnpep,-0.179
Timm17a,0.577
Lmod1,-4.598
Shisa4,-0.071
Ipo9,-0.023
Gm28277,0.02
Nav1,1.274
Gm4793,0.886
Csrp1,-0.145
Phlda3,-0.531
Tnni1,1.539
Lad1,-0.694
Tnnt2,0.04
Pkp1,0.006
Igfn1,-0.032
Tmem9,0.079
Ascl5,0.0
Cacna1s,-0.062
Gm37759,0.0
Gm15850,0.0
Kif21b,-3.21
Mroh3,0.0
Inava,-2.108
Gm26568,0.0
A430034D21Rik,0.0
Gm37552,0.0
Gm26781,-0.042
Gpr25,0.0
Camsap2,0.791
9230116N13Rik,-0.568
Ddx59,-0.256
Kif14,-2.572
Gm37799,0.0
Gm33994,0.0
4933409D19Rik,0.0
Platr23,-0.455
Zfp281,-0.863
Gm19705,-2.049
Platr22,-0.266
Nr5a2,-2.845
Gm4258,-1.258
Gm26979,0.0
Gm26936,0.0
Gm26930,-0.257
A430106G13Rik,0.312
Ptprc,-5.429
Gm28556,0.0
Atp6v1g3,0.881
Nek7,-0.182
Gm28501,0.0
Gm5833,0.0
Lhx9,-0.562
2310009B15Rik,-0.053
1700019P21Rik,0.0
Dennd1b,-0.412
4930596I21Rik,-0.285
Crb1,0.619
4933436E23Rik,0.0
Gm34816,0.0
Zbtb41,0.323
Aspm,-3.582
F13b,0.0
Cfhr1,0.0
Gm4788,0.0
Cfhr2,-0.163
Cfh,-5.3
Kcnt2,-0.727
4930590L20Rik,0.0
Cdc73,-0.293
B3galt2,0.432
Glrx2,0.413
Ro60,0.172
Uchl5,0.073
Gm29170,0.741
Rgs2,-1.054
Rgs13,-0.025
Rgs1,-4.747
Rgs21,0.0
Rgs18,-2.743
Gm29514,1.319
Brinp3,1.604
A230059L01Rik,0.0
Gm15584,0.0
Gm29515,0.0
Gm29020,0.0
Gm29398,0.0
Pla2g4a,-3.798
Ptgs2os,-1.347
Ptgs2,-2.859
Ptgs2os2,-0.46
Pdc,-0.049
2310030A07Rik,0.083
Odr4,0.133
Tpr,-0.431
Prg4,-0.377
Hmcn1,-4.237
Gm20631,-0.193
Gm29188,0.0
C730036E19Rik,0.0
Gm47985,-0.214
Gm8947,0.0
Gm47995,0.0
3110040M04Rik,0.0
Gm47996,0.0
Gm10138,-0.364
Ivns1abp,-0.51
Swt1,-0.953
Trmt1l,-0.295
Rnf2,-0.73
Gm28181,0.0
Fam129a,-5.382
2810414N06Rik,0.182
Edem3,-0.029
1700025G04Rik,0.029
Gm28610,0.0
Tsen15,-0.009
Colgalt2,-2.705
Rgl1,-2.54
Gm15479,0.0
Gm28792,0.612
Apobec4,0.0
Arpc5,0.272
Ncf2,-4.288
Smg7,-0.09
Gm28791,-0.757
Nmnat2,1.438
Gm28960,0.0
Lamc2,0.251
Lamc1,-3.002
E330020D12Rik,-1.964
Shcbp1l,-1.255
Dhx9,0.027
Npl,-1.891
Rgs8,2.154
Gm29529,0.0
C230024C17Rik,-0.601
Rgs16,-3.571
Gm28513,-0.179
Rnasel,0.224
Gm28512,-0.391
Rgsl1,0.042
Teddm2,-0.083
Teddm1b,0.0
Teddm1a,0.0
Glul,-0.88
Gm29290,-0.265
Gm29291,-0.964
Gm28286,0.0
A830008E24Rik,-0.77
Zfp648,0.0
4930452N14Rik,0.0
4930532M18Rik,0.0
Cacna1e,1.315
Gm29282,0.0
Gm9530,-0.801
Ier5,-2.052
Mr1,-4.214
Stx6,-0.453
BC034090,0.173
Gm37622,0.0
Xpr1,0.29
Gm5532,1.065
Acbd6,0.502
Lhx4,0.597
Qsox1,-0.999
Gm37571,0.0
Cep350,-0.355
Tor1aip1,-1.638
Tor1aip2,0.075
Fam163a,1.794
Tdrd5,0.932
4930518J20Rik,0.421
Nphs2,0.098
Axdnd1,-0.768
Gm2000,-0.183
Soat1,-2.234
Abl2,0.394
Tor3a,-1.737
Fam20b,-0.169
Ralgps2,0.763
Angptl1,-4.813
4930439D14Rik,0.462
Gm28694,0.0
Tex35,-0.502
Rasal2,-0.702
Cryzl2,-1.944
Gm15486,0.0
Sec16b,-1.442
Brinp2,1.666
Astn1,1.969
Gm37679,-0.169
Pappa2,0.102
1600012P17Rik,0.0
4930562F17Rik,0.0
Cop1,-0.228
Tnr,1.445
Gm10530,0.021
Gm38039,0.161
Gm37294,0.0
4930523C07Rik,-4.403
4930562F07Rik,0.021
Tnn,-0.072
Mrps14,-0.218
Cacybp,0.563
Rabgap1l,1.065
Gm36975,0.091
Gm37529,1.186
Gpr52,0.0
Gm37328,-0.5
Gm37083,0.0
Gm38060,0.0
Rc3h1,0.452
Serpinc1,-0.541
Zbtb37,-0.588
Gm37362,-0.061
Gas5,-0.049
Dars2,0.04
Gm37634,-0.86
Cenpl,-1.28
Klhl20,0.31
Ankrd45,1.881
Tex50,0.0
Prdx6,-0.973
Tnfsf4,-0.437
Tnfsf18,-0.229
Fasl,0.0
Suco,-0.265
Gm31925,0.0
4930558K02Rik,-0.351
Pigc,-0.417
Gm38304,0.0
Dnm3,1.083
2810442N19Rik,-0.769
Dnm3os,-3.795
Eef1aknmt,0.189
Vamp4,0.5
Myoc,-0.95
Myocos,0.226
Prrc2c,-0.399
Fmo4,-2.794
Fmo1,-4.861
Fmo2,-3.066
Fmo6,0.0
Fmo3,-0.079
Gm37273,0.0
Mroh9,0.0
Prrx1,-5.184
Gm20471,0.0
Gorab,-0.519
Gm29500,0.0
Mettl11b,0.0
Kifap3,1.352
Scyl3,-0.141
BC055324,-1.3
Mettl18,-0.108
Sele,-2.419
Sell,-2.245
Selp,-1.717
Gm16587,-0.109
Gm16548,0.0
F5,-1.105
Slc19a2,0.06
Ccdc181,0.462
Blzf1,-0.298
Nme7,-0.142
Atp1b1,1.967
Gm32391,0.055
Gm26685,-0.13
Gm37754,0.02
Gm37853,0.0
Gm37184,0.0
Gm36945,0.0
Dpt,-4.688
Gm32569,0.096
Gm20743,1.399
Xcl1,-0.804
1700029M03Rik,0.0
4930568G15Rik,1.692
Tbx19,-0.043
Sft2d2,-2.033
Tiprl,0.108
Gm38190,-0.17
Gpr161,-0.105
Dcaf6,0.197
Gm37864,0.065
Mpc2,0.174
Adcy10,0.091
Gm38325,0.0
Mpzl1,-0.566
Rcsd1,-3.705
Gm37073,0.0
Creg1,-1.355
Gm36972,0.0
Gm16565,-0.43
Cd247,-2.127
Gm37469,0.0
Pou2f1,-0.214
Gm26665,0.0
Gm37923,0.0
Dusp27,-0.361
Gpa33,0.321
Mael,0.0
Ildr2,-1.99
5330438I03Rik,0.0
Gm15853,-0.11
Tada1,0.064
Pogk,0.096
Gm4846,0.0
Gm4847,0.0
Fmo9,0.0
Gm16701,1.413
Fam78b,0.531
Uck2,0.755
Gm37982,0.0
Gm2453,0.189
Tmco1,-0.38
Aldh9a1,-0.58
Mgst3,0.838
Lrrc52,-0.104
Rxrg,-3.621
Lmx1a,-0.284
Gm20711,0.372
Pbx1,0.003
Gm37839,0.0
Nuf2,-2.964
Rgs5,-2.981
Rgs4,1.397
Ccdc190,-1.112
Gm15852,-0.527
Hsd17b7,0.532
3110045C21Rik,0.081
Ddr2,-3.43
Uap1,0.194
Gm37748,-0.02
Gm37502,0.0
Uhmk1,0.937
4930500M09Rik,-0.655
Sh2d1b2,0.0
Sh2d1b1,-2.738
Gm7694,-0.596
Nos1ap,0.187
Spata46,0.003
Olfml2b,-2.841
Atf6,-0.234
Gm9929,-0.373
Dusp12,-0.165
Gm26620,-0.148
Fcrlb,0.268
Fcrla,-0.811
Fcgr2b,-4.842
Gm38204,0.0
Gm10522,0.0
Fcgr4,-2.475
Fcgr3,-5.3
Cfap126,-0.189
Sdhc,0.078
Mpz,-4.982
Pcp4l1,-1.452
Nr1i3,-0.017
Tomm40l,0.471
Apoa2,1.584
Fcer1g,-5.286
Ndufs2,0.24
Adamts4,-4.411
B4galt3,0.064
Ppox,-0.924
Usp21,-0.524
Ufc1,0.152
Gm20045,-0.246
Dedd,0.039
Nit1,-0.125
Pfdn2,0.563
Klhdc9,0.934
Nectin4,-0.058
Arhgap30,-4.233
Usf1,-0.398
Tstd1,-0.465
F11r,-4.799
B930036N10Rik,-0.999
Alyref2,-0.431
Itln1,-0.271
Cd244a,-1.412
Ly9,-2.665
Slamf7,-1.746
Gm37787,0.0
A630035G10Rik,-0.315
Cd48,-4.708
Slamf1,-0.37
Cd84,-4.366
Gm10521,-0.094
Gm37065,-0.415
Slamf6,-2.105
Vangl2,-0.987
Nhlh1,0.0
Ncstn,-0.751
Copa,-0.279
Gm37756,-0.322
Pex19,-0.003
Dcaf8,-0.393
Pea15a,-0.841
Casq1,-1.615
Gm17224,-0.488
Atp1a4,-1.229
Gm37950,0.0
Igsf8,-0.023
Atp1a2,-4.571
Kcnj9,1.503
Gm36937,0.0
Kcnj10,-4.218
Pigm,-0.187
Slamf9,-2.522
Igsf9,-0.178
Tagln2,0.655
Cfap45,-0.598
4933439K11Rik,1.053
Vsig8,0.766
Slamf8,-1.478
Fcrl6,0.776
Dusp23,-0.487
Crp,0.0
Apcs,0.0
Olfr16,0.0
Olfr1408,0.0
Olfr1406,0.0
Olfr218,0.0
Olfr1404,0.0
Fcer1a,0.0
Olfr418,0.0
Mptx2,0.0
Ackr1,1.825
Cadm3,1.37
Aim2,-2.076
Ifi206,-0.888
Ifi214,-0.715
Ifi213,-0.855
Ifi209,-1.737
Ifi208,-0.792
Ifi207,-4.862
Ifi204,-3.545
Mndal,-2.992
Ifi211,-3.355
Ifi203,-2.275
Ifi202b,-3.402
Ifi205,-1.945
Olfr433,-0.17
Olfr432,0.0
Olfr430,0.0
Olfr429,0.0
Olfr427,0.0
Olfr231,0.0
Olfr424,0.0
Olfr420,0.0
Spta1,-0.092
Olfr419,0.0
Mptx1,0.0
Olfr417,0.0
Olfr248,0.0
Olfr414,0.0
Olfr220,0.0
Fmn2,1.355
Grem2,0.564
Rgs7,1.954
Gm36307,0.0
Fh1,0.263
Kmo,-1.073
Opn3,-0.198
Chml,0.96
Wdr64,0.0
Exo1,-2.178
Gm38100,-0.066
Pld5,2.115
Rbm8a2,0.192
Gm38101,1.26
Gm36536,0.223
Cep170,0.5
Gm36992,0.0
Sdccag8,0.072
Gm15423,0.0
Akt3,0.812
Gm26801,0.43
Zbtb18,0.539
Gm29856,0.0
Gm37306,0.0
Gm37280,0.0
2310043L19Rik,0.0
1700016C15Rik,0.0
Adss,0.424
Catspere1,0.0
Catspere2,-0.92
Desi2,-1.175
4930527J03Rik,0.0
B230369F24Rik,0.539
Cox20,-0.101
Hnrnpu,-0.502
Efcab2,0.33
Kif26b,1.378
Gm16564,0.338
Smyd3,0.933
Tfb2m,0.061
Cnst,1.288
Sccpdh,0.459
Kif28,0.029
Ahctf1,-0.654
Gm10518,0.215
Cdc42bpa,0.261
Coq8a,-0.233
Gm37336,0.387
Psen2,0.52
Gm31728,0.447
Itpkb,-1.793
Stum,-0.32
Gm37267,0.0
Parp1,0.329
Lin9,-1.235
Mixl1,-0.019
Acbd3,0.004
Gm37768,-0.253
Gm38293,0.106
H3f3a,-0.526
H3f3aos,0.079
Sde2,-0.676
Lefty2,-0.103
Pycr2,-0.34
Lefty1,-4.45
Tmem63a,-4.629
2210411M09Rik,-0.106
Ephx1,0.052
9130409I23Rik,0.0
Gm37406,0.0
Nvl,-0.11
Cnih4,-1.208
Wdr26,-0.011
A430110L20Rik,-0.315
Cnih3,0.669
Ccdc121,0.0
Dnah14,-0.198
Lbr,-1.882
Gm5533,-0.177
Enah,1.374
Srp9,-0.226
Vmn1r1,0.0
Degs1,-0.305
1700047M11Rik,-3.823
Fbxo28,0.376
Trp53bp2,-0.326
Capn2,-0.07
Gm37885,-0.295
Capn8,0.0
Gm37218,0.009
Ccdc185,0.0
Susd4,1.693
Tlr5,-0.988
Gm38079,-0.476
Disp1,-0.836
Brox,0.584
Aida,0.511
Mia3,0.219
Taf1a,-0.697
Gm37986,0.218
Hhipl2,-0.422
Gm37214,-0.071
Gm33973,0.091
Gm34068,0.0
Gm38108,0.0
Dusp10,-0.751
1700056E22Rik,-0.681
Gm37223,0.0
Gm37712,0.0
1700112H15Rik,0.0
Gm37800,-0.923
4930488B22Rik,0.0
Hlx,-4.307
Gm34342,-3.298
Marc1,-0.59
Marc2,-1.22
C130074G19Rik,-4.533
Mark1,1.09
Gm38251,-0.039
Gm34732,0.0
4930433J02Rik,0.0
Gm37662,-0.701
Rab3gap2,0.513
Gm34882,0.0
Iars2,-0.041
2010103J01Rik,0.0
Bpnt1,1.137
4930532G15Rik,-1.01
Eprs,-0.089
9630028B13Rik,-0.282
Gm2061,0.355
Slc30a10,0.262
Gm38093,0.0
Lyplal1,0.323
Gm37134,0.0
A730004F24Rik,0.0
Tgfb2,-2.648
Gm29491,0.0
Rrp15,-1.024
A430105J06Rik,0.128
1700023G09Rik,0.0
Gm37912,0.0
D1Pas1,0.112
Spata17,-0.425
Gm15509,0.0
1700007P06Rik,0.0
Gpatch2,-0.511
Gm38155,0.0
Gm37896,0.0
Esrrg,1.627
Gm36388,0.533
9330162B11Rik,0.0
Gm38064,0.0
Ush2a,0.0
Kctd3,0.293
Kcnk2,0.044
2900042K21Rik,0.02
A430027H14Rik,0.854
Cenpf,-2.286
Ptpn14,-4.218
Gm26574,0.0
Gm37422,-0.714
Smyd2,0.684
Prox1,0.271
Gm28172,-0.093
Prox1os,0.312
Gm29678,0.0
Gm30725,0.0
Gm30932,0.0
Rps6kc1,0.254
Angel2,-0.648
Vash2,0.225
Gm31373,0.034
Flvcr1,0.31
A230020J21Rik,-0.362
Spata45,0.134
Tatdn3,-0.253
Nsl1,-1.985
Gm38188,0.0
Batf3,-2.743
Gm38161,0.0
Fam71a,-3.154
Atf3,-3.942
D730003I15Rik,-0.275
Gm37168,0.143
Nenf,0.319
Pacc1,0.007
Ppp2r5a,-1.326
Gm32200,0.0
Gm37432,0.0
Dtl,-3.217
Ints7,-0.043
Lpgat1,1.051
Gm38037,-2.036
Nek2,-3.103
1700034H15Rik,0.146
Slc30a1,-0.867
Rd3,-0.568
Gm26670,-0.564
Traf5,-3.134
Gm26879,-0.022
Rcor3,-0.068
Gm10516,1.136
Kcnh1,1.855
Hhat,-0.879
1700065J18Rik,0.0
Sertad4,0.214
Gm15867,-1.204
Syt14,1.838
Gm31406,0.0
Utp25,0.424
Irf6,0.057
A130010J15Rik,0.055
Traf3ip3,-0.078
Gm15872,-0.117
4930570N18Rik,0.0
Lamb3,-0.588
Hsd11b1,-1.318
G0s2,-2.12
Gm37650,0.0
Camk1g,1.412
Mir205hg,0.0
4930503O07Rik,0.0
Plxna2,-0.179
Cd34,-4.772
Gm16897,0.803
A330023F24Rik,1.031
Gm32250,-0.149
Gm37027,0.283
Cd46,0.349
Cr1l,-0.986
Cr2,-1.18
Fam171a1,0.537
Nmt2,0.441
Rpp38,-0.219
Acbd7,1.785
Olah,0.057
Gm37525,0.0
Meig1,-0.331
Dclre1c,-0.793
Suv39h2,0.114
Gm13184,0.0
Hspa14,-0.727
Gm45902,-0.422
Cdnf,0.309
Fam107b,-0.861
Gm13185,0.0
Gm13180,0.0
Gm13191,0.0
Frmd4a,0.338
Gm10862,2.359
Gm38085,1.898
1700080N15Rik,0.358
Gm13189,0.031
Gm37814,1.768
Gm37107,2.096
Gm38348,1.028
Gm13187,-1.452
Gm36988,-1.339
Gm13175,0.0
Gm13179,-0.015
Prpf18,0.361
Bend7,0.534
Sephs1,-0.421
Phyh,0.482
Ucma,-0.074
Mcm10,-2.243
Optn,0.091
4930551O13Rik,0.0
Ccdc3,-4.726
Camk1d,0.808
Cdc123,0.189
Nudt5,-0.022
Gm13199,0.005
Sec61a2,0.506
Gm13267,0.0
Dhtkd1,-0.182
Upf2,-0.994
Proser2,-0.015
Gm10857,0.0
Echdc3,-0.918
A230108P19Rik,0.0
Gm13383,-0.492
AL845275.1,0.0
Usp6nl,-0.314
Gm13388,0.0
Gm13391,-0.724
Celf2,-3.655
Gm13389,-0.205
Gm10855,-1.409
Gm10115,-4.387
Gm28641,0.0
Gm13211,0.0
1700061F12Rik,0.0
Gm13219,0.0
Gm13218,0.0
Gata3,1.81
Gm13256,0.282
4930412O13Rik,0.225
9230102O04Rik,1.515
Gm13262,0.0
Taf3,-0.616
Atp5c1,0.242
Kin,-0.28
Itih2,-1.215
Itih5,-3.242
Gm13261,-0.188
Sfmbt2,-1.041
Gm13264,0.0
Prkcq,-3.882
Gm38171,0.0
8030442B05Rik,0.0
Gm13293,0.067
Gm13291,0.0
Pfkfb3,0.372
Gm10851,0.0
Rbm17,-0.016
Gm17490,0.0
Il2ra,-2.075
Il15ra,-0.724
Fbh1,-0.188
Ankrd16,-0.332
Itga8,-3.171
E030013I19Rik,-0.105
Mindy3,0.19
Gm37565,0.0
Pter,-4.481
C1ql3,-2.56
Rsu1,-1.257
Gm13270,-1.097
Cubn,-2.004
Trdmt1,-0.83
Vim,-2.62
St8sia6,0.072
Gm37126,0.0
Hacd1,0.306
Stamos,-0.569
Stam,0.349
Tmem236,0.921
Mrc1,-5.122
Slc39a12,-0.039
Gm13266,0.0
Cacnb2,-0.083
Gm10848,0.057
Gm13269,0.214
Nsun6,-0.416
Arl5b,-0.935
Malrd1,0.114
Plxdc2,-2.946
Gm13322,0.0
Nebl,-1.472
Gm13324,0.0
H2al2a,0.17
A930004D18Rik,-0.753
Gm13330,0.0
Skida1,-0.76
1810059C17Rik,-0.544
Mllt10,-0.409
Dnajc1,-2.37
Commd3,0.234
Bmi1,-0.369
Spag6,0.192
Gm20539,0.101
Carlr,0.731
Pip4k2a,-0.207
4930426L09Rik,-0.457
Armc3,-1.173
4930447M23Rik,0.284
Msrb2,0.759
Gm33940,1.427
Gm13344,0.0
Ptf1aos,0.0
Ptf1a,0.143
1810010K12Rik,0.0
4921504E06Rik,0.0
Gm13348,0.0
Otud1,-2.603
Gm13346,0.0
Etl4,-0.077
Gm17171,0.0
Gm13335,0.0
Gm13362,0.0
Arhgap21,0.396
Gm13380,0.155
Gm13375,0.136
Gm13376,-0.076
Enkur,-0.42
Thnsl1,0.925
Gm13327,0.0
Gpr158,1.994
Myo3a,0.0
Gad2,1.127
1700092C17Rik,0.0
Apbb1ip,-4.12
Pdss1,0.489
Abi1,-0.202
Acbd5,0.347
Mastl,-0.713
Yme1l1,-0.041
4931423N10Rik,0.624
Nxph2,0.18
Spopl,-0.035
Hnmt,0.53
Tbpl2,0.0
Il1f8,0.0
Il1f9,0.133
Il1f6,0.0
Il1f5,0.0
Il1f10,0.0
Gm13411,0.0
Il1rn,-1.473
Psd4,-1.536
Pax8,0.0
Gm13415,0.0
Gm13417,0.0
Cacna1b,1.986
Ehmt1,-0.358
Arrdc1,0.285
Zmynd19,0.663
Dph7,0.118
Mrpl41,0.567
Pnpla7,-1.217
Nsmf,-0.01
Entpd8,-0.157
Noxa1,-0.461
Gm13387,-0.695
Nrarp,-3.881
Gm38287,-0.97
Tor4a,-2.655
Nelfb,-0.167
Stpg3,-0.65
Fam166a,0.422
Tubb4b,0.383
Slc34a3,0.0
Rnf224,0.0
Cysrt1,0.364
Rnf208,1.848
Ndor1,0.072
Tmem203,-0.878
Tprn,-0.075
Ssna1,0.376
Anapc2,0.219
Tmem210,0.0
Lrrc26,-0.117
Grin1,1.632
Grin1os,0.021
Man1b1,-0.279
Dpp7,-0.803
Uap1l1,-1.882
Sapcd2,-2.76
Entpd2,-5.174
Npdc1,0.566
Fut7,-0.406
Abca2,0.594
Paxx,0.435
Clic3,0.024
Ptgds,-0.041
Lcn12,0.0
C8g,0.108
Fbxw5,0.195
Traf2,-1.374
Edf1,0.313
Mamdc4,-1.003
Phpt1,-0.276
Ajm1,1.561
Rabl6,0.123
Fcnaos,-0.148
Ccdc183,0.0
Tmem141,0.728
Fcna,-3.051
Lcn8,0.0
Lcn5,0.0
Lcn6,0.0
Lcn10,0.0
Obp2a,0.0
A230005M16Rik,0.286
Bmyc,0.754
Obp2b,0.045
Lcn3,0.0
Lcn11,0.0
Gm13539,0.0
Gm13538,0.0
Glt6d1,0.0
Lcn9,0.0
Sohlh1,-0.706
Kcnt1,1.108
Camsap1,0.916
Ubac1,0.863
Nacc2,-0.548
Gm13554,0.02
Tmem250-ps,0.265
1810012K08Rik,0.215
Gm13553,0.0
Lhx3,0.009
Gm27196,0.063
Qsox2,-0.264
Ccdc187,0.107
Gpsm1,0.166
Dnlz,0.476
Card9,-1.37
Gm13562,0.0
Snapc4,0.103
Gm13563,0.069
Entr1,0.274
Pmpca,0.306
Inpp5e,0.12
Sec16a,-0.429
0610009E02Rik,-0.326
Gm13568,-0.565
Notch1,-4.207
Egfl7,-0.943
Agpat2,-0.887
Dipk1b,2.1
Snhg7os,-0.105
Lcn4,0.0
Abo,0.0
Surf6,0.346
Med22,0.415
Rpl7a,-0.151
Surf1,0.335
Surf2,0.508
Surf4,-0.582
Stkld1,0.628
Rexo4,-0.159
Adamts13,0.046
Cacfd1,0.864
Slc2a6,1.481
Gm13398,0.286
Mymk,0.163
Adamtsl2,0.163
Fam163b,1.406
Dbhos,1.06
Dbh,1.327
Sardh,-3.309
Sardhos,0.0
Vav2,0.156
AA645442,0.0
Brd3os,0.732
Brd3,-0.227
Wdr5,-0.153
Gm13421,-0.043
Rxra,-1.722
2810430I11Rik,-3.445
Col5a1,-5.357
Gm13372,0.0
Fcnb,0.0
Gm13371,0.0
F730016J06Rik,-0.247
Olfm1,1.717
Gm13373,0.286
Ppp1r26,0.287
1700007K13Rik,0.139
Mrps2,-0.001
Gbgt1,-0.207
Gm10134,-1.409
Ralgds,0.9
Cel,0.032
Gm13381,-0.057
Gtf3c5,-0.155
Gfi1b,0.0
Tsc1,0.24
Spaca9,-1.036
Ak8,0.846
Gtf3c4,0.229
Ddx31,0.168
Barhl1,-0.082
Cfap77,-1.049
Ttf1,-1.273
Gm13393,0.0
Setx,0.136
Ntng2,0.189
6530402F18Rik,-0.476
Med27,0.189
Gm13402,-0.054
Rapgef1,0.165
Gm13420,0.0
Gm13547,0.0
Trub2,0.017
Coq4,0.5
Slc27a4,1.023
Urm1,0.37
2600006K01Rik,0.736
Cercam,-0.761
Odf2,0.117
Gle1,-0.042
Sptan1,0.727
Wdr34,0.296
Set,0.041
Pkn3,-2.629
Zdhhc12,0.861
Zer1,0.511
Tbc1d13,0.449
Endog,0.26
Spout1,0.091
Kyat1,0.677
1700084E18Rik,-0.353
Lrrc8a,0.414
Phyhd1,-3.513
Dolk,-0.185
Nup188,-0.369
Gm14471,0.0
Sh3glb2,0.459
Miga2,0.591
Dolpp1,0.403
Crat,-0.003
Gm16323,0.0
Ptpa,0.305
Ier5l,-1.61
Gm14487,-0.084
Cstad,0.25
9330198N18Rik,-0.321
Gm14486,0.319
Gm14488,-0.555
1700001O22Rik,-1.566
4930527E20Rik,0.0
Ntmt1,0.321
Asb6,0.079
Prrx2,-2.425
Ptges,-3.491
Tor1b,-0.576
Tor1a,-0.033
BC005624,0.262
Usp20,1.264
Fnbp1,0.239
D330023K18Rik,-0.208
Gpr107,-0.364
Gm13405,0.0
Ncs1,1.75
Hmcn2,0.552
Ass1,1.159
Fubp3,-1.299
Gm13425,0.0
Prdm12,0.319
Exosc2,0.039
Gm13427,0.0
Abl1,-0.951
Qrfp,-0.236
Fibcd1,1.669
Gm13441,0.0
Lamc3,-2.319
Aif1l,-2.276
Gm13442,0.0
Nup214,-0.076
Gm13609,0.0
Fam78a,-1.792
Gm16534,0.0
Plpp7,0.622
Prrc2b,0.653
Gm13610,-0.073
Pomt1,-0.734
Uck1,0.162
Swi5,0.435
Golga2,0.148
Dnm1,1.618
Ciz1,-0.269
1110008P14Rik,1.63
Lcn2,-3.313
Ptges2,0.741
Slc25a25,0.242
Naif1,-0.465
Gm13412,0.0
Fam102a,-2.951
Dpm2,0.481
9430097D07Rik,1.277
Pip5kl1,1.434
St6galnac4,0.024
St6galnac6,0.291
Ak1,1.274
Eng,-4.068
Fpgs,-0.337
Cdk9,-0.179
Sh2d3c,-0.225
6330409D20Rik,2.058
Ttc16,-0.036
Tor2a,-1.707
Ptrh1,0.379
Cfap157,-0.138
Stxbp1,1.875
Gm13524,1.115
Gm13523,0.17
Fam129b,-0.546
Lrsam1,0.855
Rpl12,-0.345
Slc2a8,-0.357
Garnl3,1.409
Ralgps1,0.727
Gm13528,0.515
Angptl2,-3.729
Zbtb34,-0.441
Gm13536,0.0
Zbtb43,-0.636
Gm13530,0.649
Lmx1b,-2.998
C130021I20Rik,-3.565
9430024E24Rik,0.0
Mvb12b,-0.109
Nron,-0.19
Gm13403,-4.762
Gm13404,-0.814
C230014O12Rik,0.389
Gm38389,0.0
Pbx3,-0.373
C79798,0.0
Mapkap1,-0.319
Gapvd1,0.2
Hspa5,-1.064
Rabepk,0.152
Fbxw2,0.053
Gm34653,-0.452
Psmd5,0.309
Cutal,-0.312
Phf19,-2.163
Gm13448,-0.609
Traf1,-4.452
Hc,-1.398
Gm13449,0.0
AI182371,-0.781
Cntrl,-1.534
Rab14,0.042
Gm13605,0.0
Gsn,-2.079
Stom,0.037
4930568D16Rik,0.0
4930402F06Rik,0.0
Ggta1,-1.027
Gm35202,0.0
Gm13446,1.824
Dab2ip,0.613
Ttll11,1.512
9030204H09Rik,0.0
Ndufa8,0.473
Morn5,0.485
Lhx6,-2.11
Rbm18,0.26
Mrrf,0.227
Gm13429,0.219
Gm13431,0.34
Ptgs1,-1.228
Olfr338,0.0
Olfr339,0.0
Olfr340,0.0
Olfr341,0.0
Olfr342,0.0
Olfr344,0.0
Olfr345,0.0
Olfr346,0.0
Olfr347,0.0
Olfr348,0.0
Olfr50,0.0
Olfr3,0.0
Olfr350,0.0
Olfr351,0.0
Olfr352,0.0
Olfr353,0.0
Olfr354,0.0
Olfr355,0.0
Olfr356,0.0
Olfr357,0.0
Olfr358,0.0
Olfr360,0.0
Olfr361,0.0
Olfr362,0.0
Olfr364-ps1,0.0
Olfr365,-0.091
Olfr366,0.0
Olfr368,0.0
Pdcl,0.17
Rc3h2,0.215
Zbtb6,-0.1
Zbtb26,-0.213
Rabgap1,0.343
Strbp,1.516
Gpr21,0.155
Crb2,0.293
Dennd1a,-0.203
Gm13556,0.0
Lhx2,-1.283
Gm27197,0.0
Gm13584,0.0
Gm13589,0.233
Nek6,-3.17
Psmb7,0.572
Gm13587,0.0
Nr5a1,-0.193
Nr5a1os,0.0
Nr6a1,-0.767
Nr6a1os,-0.001
Olfml2a,-4.736
Gm13496,-1.703
Wdr38,-0.588
Rpl35,-0.258
Arpc5l,0.52
Golga1,-0.102
Scai,0.297
Ppp6c,-0.022
Lrp1b,1.462
Kynu,-1.347
Arhgap15,-2.103
Arhgap15os,-0.132
Gtdc1,-1.254
Zeb2,-2.277
Zeb2os,-1.901
Gm28643,0.0
Gm13479,-3.236
1700019E08Rik,0.0
Gm13465,0.0
Gm13467,0.0
Gm13470,-3.586
Gm13481,0.114
Acvr2a,-0.225
Orc4,-0.129
Mbd5,0.368
Epc2,-0.574
Kif5c,1.926
Lypd6b,-0.343
Gm13480,0.0
Lypd6,-0.074
Mmadhc,-0.102
Gm13483,0.653
Gm48908,0.443
Gm13485,0.0
Rnd3,-1.56
Gm28639,0.0
Gm13497,0.0
Gm13499,0.0
1700057H21Rik,0.0
Tas2r134,0.0
Gm13490,0.367
Rbm43,0.339
Nmi,-1.607
Tnfaip6,-5.456
Rif1,-1.229
Neb,-0.088
Gm13522,0.0
Arl5a,-0.146
A430018G15Rik,-0.495
Cacnb4,1.505
Stam2,-0.5
Fmnl2,-0.453
Prpf40a,-0.876
Arl6ip6,-1.082
Rprm,2.263
Galnt13,1.73
Gm14033,0.095
Kcnj3,1.688
Nr4a2,-2.863
BB557941,-1.3
4930555B11Rik,0.0
A930012O16Rik,-0.882
Gpd2,0.168
Gm33594,0.17
Galnt5,1.694
Ermn,-1.239
Cytip,-3.535
Gm13546,-0.197
Acvr1c,0.674
Gm13544,0.0
Acvr1,-0.323
Upp2,0.909
Gm13558,1.212
Ccdc148,0.339
Gm11099,0.0
Pkp4,-0.146
5330411J11Rik,0.426
Dapl1,0.339
Tanc1,-1.711
Wdsub1,-0.181
Baz2b,-0.313
Gm13572,1.39
Gm13620,-0.808
March7,-0.099
Cd302,-4.034
Ly75,-0.284
Gm13571,0.584
Gm13580,0.0
Pla2r1,-3.092
Gm13583,0.0
Itgb6,0.966
Rbms1,0.145
Gm13582,0.642
Tank,-0.607
Psmd14,0.435
Tbr1,0.101
Slc4a10,1.338
Dpp4,-3.735
Gm13561,-0.139
Gm13565,0.0
Gm13564,0.0
Gcg,-4.106
Fap,-4.819
Ifih1,-2.385
Gca,-0.932
Kcnh7,2.11
Gm13569,0.0
Fign,-4.093
Gm13575,-1.356
Grb14,-1.508
Cobll1,-4.383
Gm13594,-3.263
Slc38a11,-0.067
Scn3a,1.991
Gm13595,0.171
Scn2a,2.133
Csrnp3,1.998
Gm13619,0.129
Gm13617,0.0
Galnt3,-0.027
Gm28638,0.0
Ttc21b,0.215
Gm13618,0.0
Scn1a,1.583
Gm13630,0.691
Gm13629,0.451
Scn9a,1.602
Scn7a,-2.915
Gm13598,0.0
Xirp2,0.0
Gm13599,0.0
Gm21830,0.0
Gm13601,0.0
B3galt1,1.868
Gm26743,0.0
Stk39,1.271
Gm13596,0.591
Gm49462,0.0
Gm36002,0.0
4933409G03Rik,0.0
4932414N04Rik,0.0
Gm36231,0.0
Cers6,0.542
Nostrin,-4.043
Spc25,-3.614
G6pc2,0.0
Abcb11,0.0
Gm13613,0.066
Dhrs9,-0.783
Lrp2,-2.826
Bbs5,0.448
Klhl41,0.004
Fastkd1,0.698
Ppig,-0.206
Ccdc173,-0.861
Phospho2,0.32
Klhl23,0.246
Ssb,-0.079
Mettl5,0.127
Gm13625,0.14
Mettl5os,0.566
Ubr3,0.473
Gm13631,0.0
Myo3b,0.186
Sp5,0.106
Gad1os,0.15
Erich2os,-0.004
Erich2,0.778
Gad1,0.214
Gm26558,0.377
Gorasp2,-0.204
Tlk1,0.378
Gm13632,0.0
Mettl8,0.595
Dcaf17,-0.462
Cybrd1,-3.881
Dync1i2,0.546
Slc25a12,1.175
Hat1,-1.054
Metap1d,-0.682
Dlx1as,-1.264
Dlx1,-2.371
Dlx2,-2.633
Platr26,1.285
Gm13647,0.0
Itga6,-1.196
Gm13663,-0.328
Gm13662,0.0
Pdk1,0.146
Gm13746,0.0
Rapgef4,0.691
Rapgef4os1,0.0
Rapgef4os2,-0.082
Rapgef4os3,-0.119
Map3k20,-1.562
Cdca7,-4.033
8430437L04Rik,0.0
6430710C18Rik,0.0
Sp3,-0.884
Gm11084,0.0
Sp3os,-0.653
Ola1,0.853
Sp9,0.024
Cir1,0.063
Scrn3,0.265
Gpr155,0.208
Gm13703,-0.504
Gm13709,0.0
D230022J07Rik,-0.065
Gm13707,0.0
Wipf1,-3.249
Gm13708,0.0
Chrna1,0.495
Chrna1os,-0.033
Chn1os3,-0.862
Chn1,1.581
Chn1os1,0.0
Atf2,0.341
Atp5g3,0.871
A630050E04Rik,0.0
Gm28640,0.0
Gm13667,0.0
4930441J16Rik,0.0
Lnpk,0.691
4930445N08Rik,0.0
Evx2,0.0
Hoxd13,0.0
Hoxd12,0.0
Hoxd11,0.0
Hoxd10,-0.536
Gm14396,0.0
Gm28793,0.0
Hoxd9,-1.136
Hoxd3os1,0.041
Hoxd8,-1.602
Hoxd3,0.21
Hoxd4,0.35
Haglr,-0.014
Gm14424,-0.04
Gm14426,0.0
Hoxd1,-0.016
Mtx2,0.508
Gm13652,-0.357
2600014E21Rik,-1.189
A330043C09Rik,0.0
Gm13658,0.0
Gm13660,0.0
Hnrnpa3,-0.637
Nfe2l2,-3.263
E030042O20Rik,-0.83
Gm13656,0.0
Gm13657,-0.373
Agps,0.444
Ttc30b,-0.216
Ttc30a2,0.091
Ttc30a1,0.012
Pde11a,0.415
Cyct,-0.568
Rbm45,-0.496
Osbpl6,1.031
Prkra,0.326
Pjvk,0.117
Fkbp7,-3.602
Plekha3,0.101
Ttn,-0.939
Gm13938,0.0
Ccdc141,-3.614
Sestd1,0.176
Gm13943,0.0
Zfp385b,-1.642
Gm13944,0.0
Gm13661,0.0
Gm13727,0.0
Cwc22,-0.663
4930440I19Rik,0.0
Gm14461,0.0
Ube2e3,-0.798
Itga4,-4.727
Cerkl,-2.093
Neurod1,0.045
Itprid2,-2.995
Ppp1r1c,0.578
Pde1a,-0.531
Prdx6b,0.0
Dnajc10,-0.401
Gm13752,0.0
Frzb,-1.595
Nckap1,0.74
Dusp19,0.082
Nup35,0.119
Zfp804a,2.22
A130030D18Rik,0.0
Fsip2,0.036
Gm28675,0.3
Zc3h15,0.712
Gm13686,0.0
Itgav,-3.868
Gm13684,-1.32
Fam171b,1.621
Zswim2,0.0
Gm13698,0.0
Gm13693,0.0
Gm13695,0.0
Gm13696,0.0
Gm13694,0.0
Gm13697,0.0
Gm13691,0.0
Calcrl,-2.979
Tfpi,-2.037
Gm13710,-0.905
Ctnnd1,-0.731
Btbd18,-0.298
Selenoh,0.072
Tmx2,0.909
Med19,0.399
Zdhhc5,0.167
Clp1,-0.941
Ypel4,1.755
Gm19426,-2.921
Serping1,-3.845
Ube2l6,-0.353
Smtnl1,0.0
Timm10,0.8
Slc43a1,-3.851
Rtn4rl2,-0.252
Slc43a3,-4.647
Prg2,-0.292
Prg3,0.0
P2rx3,1.019
Ssrp1,-0.359
Tnks1bp1,-1.064
4930443O20Rik,-1.32
Aplnr,-4.485
Gm13713,-1.421
Lrrc55,0.982
Gm13716,0.048
Gm13715,1.173
Olfr987,0.0
Olfr988,0.0
Olfr992,0.0
Olfr993,0.0
Olfr994,0.0
Olfr995,0.0
4833423E24Rik,0.233
Olfr996,0.0
Olfr998,0.0
Olfr1000,0.0
Olfr1002,0.0
Olfr154,0.0
Olfr1006,0.0
Olfr1008,0.0
Olfr1009,0.0
Olfr1012,0.0
Olfr1013,0.0
Olfr1014,0.0
Olfr1015,0.0
Olfr1016,0.0
Olfr1018,0.0
Olfr1019,0.0
Olfr1020,0.0
Olfr1022,0.0
Olfr1023,0.0
Olfr1024,0.0
Olfr1025-ps1,0.0
Olfr1026,0.0
Olfr1028,0.0
Olfr1029,0.0
Olfr1030,0.0
Olfr1031,0.0
Olfr1032,0.0
Olfr1033,-2.995
Olfr1034,-1.331
Olfr1036,0.0
Olfr1037,0.0
Olfr1039,0.0
Olfr1040,0.0
Olfr1042,0.0
Olfr1043,0.0
Olfr1044,0.0
Olfr52,0.0
Olfr1045,0.0
Olfr1046,0.0
Olfr1047,0.0
Olfr1048,0.0
Olfr1049,0.0
Olfr1051,0.0
Olfr1052,0.0
Olfr1053,0.0
Olfr1054,0.0
Olfr1055,0.0
Olfr1056,0.0
Olfr1057,0.0
Olfr1058,0.0
Olfr1061,0.0
Olfr1062,0.0
Olfr1065,0.0
Olfr1066,0.0
Olfr228,0.0
Olfr1076,0.0
Olfr1079,0.0
Olfr1080,0.0
Olfr1082,0.0
Olfr1084,0.0
Olfr1085,0.0
Olfr1086,0.0
Olfr1087,0.0
Olfr1089,0.0
Olfr1090,0.0
Olfr1093,0.0
Olfr141,0.0
Olfr1094,0.0
Olfr1095,0.0
Gm13723,0.0
Olfr1097,0.0
Olfr1098,0.0
Olfr1099,0.0
Olfr1100,0.0
Olfr1101,0.0
Olfr1102,0.0
Olfr1104,0.0
Olfr1105,0.0
Olfr1106,0.0
Olfr1107,0.0
Olfr1109,0.0
Olfr259,0.0
Olfr1110,0.0
Olfr1111,0.0
Olfr1112,0.0
Olfr1113,0.0
Olfr1115,0.0
Olfr1116,0.0
Olfr1118,0.0
Olfr1120,0.0
Olfr1121,0.0
Olfr1122,0.001
Olfr1123,0.0
Olfr1124,-0.764
Olfr1126,0.0
Pramel7,0.0
Pramel6,0.0
Olfr153,0.0
Olfr1128,0.0
Olfr1129,0.0
Olfr1130,0.0
Olfr1131,0.0
Olfr1132,0.0
Olfr1133,0.0
Olfr1134,0.0
Olfr1135,0.0
Olfr1136,0.0
Olfr1137,0.0
Olfr1138,0.0
Olfr1140,0.0
Olfr1141,0.0
Olfr152,0.0
Olfr1143,0.0
Olfr1145,0.0
Olfr1148,0.0
Olfr1150-ps1,0.0
Olfr1151,0.0
Olfr1152,0.065
Olfr1153,0.0
Olfr1154,0.0
Olfr1155,0.0
Olfr1156,0.018
Olfr1157,0.0
Olfr74,0.0
Olfr1158,0.0
Olfr1160,-0.179
Olfr1161,0.0
Olfr73,0.0
Olfr1162,0.0
Olfr1163,0.0
Olfr1164,0.0
Olfr1166,0.0
Olfr1167,0.0
Olfr1168,0.0
Olfr1170,0.0
Olfr1173,0.0
Olfr1174-ps,0.0
Olfr1175-ps,0.0
Olfr1176,0.0
Olfr1177-ps,0.0
Olfr1178,0.0
Olfr1179,0.0
Olfr1180,0.0
Olfr1181,0.0
Gm13757,0.0
Olfr1183,0.0
Olfr1184,0.0
Olfr1185-ps1,0.0
Olfr1186,0.0
Olfr1188,0.0
Olfr1189,0.0
Olfr1191-ps1,0.074
Olfr1192-ps1,0.0
Olfr1193,0.0
Olfr1195,0.0
Olfr1196,0.0
Olfr1197,0.0
Olfr1198,0.0
Olfr1199,0.0
Olfr1200,0.0
Olfr1201,0.0
Olfr1202,0.0
Olfr1205,0.0
Olfr1204,0.0
Olfr1206,0.0
Olfr1208,0.0
Olfr1209,0.0
Olfr1211,0.0
Olfr1212,0.0
Gm13762,0.0
Olfr1214,0.0
Olfr1215,0.0
Olfr1216,0.0
Olfr1217,0.0
Olfr1218,0.0
Olfr1219,0.0
Olfr1220,0.132
Olfr1221,0.0
Olfr1222,0.0
Olfr1223,0.0
Olfr1224-ps1,0.0
Olfr1225,0.0
Olfr1226,0.0
Olfr1228,0.0
Olfr1229,0.0
Olfr1230,0.0
Olfr1231,0.0
Olfr1232,0.0
Olfr1233,0.0
Olfr1234,0.0
Olfr1238,0.0
Olfr1239,0.0
Olfr1240,0.0
Olfr1241,0.0
Olfr1242,0.0
Olfr1243,0.0
Olfr1245,0.0
Olfr1246,0.0
Olfr1247,0.0
Olfr1248,0.0
Olfr1249,0.0
Olfr1250,0.0
Olfr1251,0.0
Olfr1252,0.0
Olfr1253,0.0
Olfr1254,0.0
Olfr1255,0.0
Olfr1256,0.0
Olfr48,0.0
Olfr1257,0.0
Olfr1258,0.0
Olfr1259,-0.129
Olfr1260,0.042
Olfr1261,0.0
Olfr1262,0.0
Olfr1263,0.0
Olfr1264,0.0
Olfr1265,0.0
Olfr140,0.0
Olfr1269,0.0
Olfr32,0.0
Olfr1270,0.0
Olfr1506,0.0
Olfr142,0.0
Olfr1271,0.0
Olfr1272,0.0
Olfr1565,0.0
Olfr1274-ps,0.0
Ptprj,-1.834
4933423P22Rik,-1.078
Nup160,-0.947
Fnbp4,-0.598
Agbl2,-2.406
Mtch2,0.195
C1qtnf4,2.107
Ndufs3,0.314
Kbtbd4,0.159
Ptpmt1,-0.116
Celf1,-0.324
Rapsn,0.799
Gm13778,1.53
Psmc3,0.155
Slc39a13,-0.502
Spi1,-5.317
Mybpc3,-0.644
Madd,1.735
Nr1h3,-2.236
Gm13783,0.106
Acp2,0.25
Ddb2,-0.688
Pacsin3,-2.695
Arfgap2,-0.733
1110051M20Rik,0.612
Lrp4,-3.537
Ckap5,0.078
F2,-0.717
Zfp408,-0.414
Arhgap1,-0.033
Atg13,0.312
Harbi1,0.121
Ambra1,0.068
Chrm4,0.359
Mdk,-3.782
Dgkz,0.499
Gm9821,-0.066
Creb3l1,-1.812
Gm13780,0.0
2900072N19Rik,0.34
Phf21a,-0.63
Large2,-0.511
Pex16,0.349
1700029I15Rik,0.138
Mapk8ip1,1.062
Cry2,0.034
D930015M05Rik,0.104
Slc35c1,0.27
Gm13814,-0.332
Gm13817,0.0
Chst1,1.239
Gm13816,0.0
Gm13791,0.0
Syt13,0.444
Prdm11,-1.393
4631405J19Rik,0.437
Gm13802,0.0
Trp53i11,0.311
Tspan18,-1.112
Gm13807,0.0
Cd82,-3.885
Gm10804,0.0
Alx4,-2.149
Ext2,-1.117
Accs,0.007
Accsl,-0.168
Gm13889,-0.163
Alkbh3os1,0.0
Alkbh3,-0.336
Hsd17b12,0.108
Mir670hg,2.272
Ttc17,-0.17
2810002D19Rik,0.031
Api5,-0.516
Gm13793,0.0
Gm13794,0.0
Gm13799,0.0
Lrrc4c,-1.236
4930445B16Rik,0.0
Gm10801,0.0
Gm10800,-0.463
Gm29235,0.0
B230118H07Rik,-0.138
Rag2,-0.155
Rag1,-0.415
Traf6,-0.628
Prr5l,-2.927
Gm13905,0.0
Commd9,0.411
Ldlrad3,-0.726
Gm13919,0.0
Gm13920,0.0
Trim44,0.307
Fjx1,-1.409
Pamr1,-3.695
Slc1a2,-0.038
Gm13872,0.0
Cd44,-0.625
Pdhx,0.124
Apip,-0.229
Gm13874,0.0
Gm13869,0.0
Ehf,-1.444
A930006I01Rik,0.0
BC016548,-1.469
Elf5,-0.053
Cat,-0.796
Abtb2,-0.15
Nat10,-0.112
Caprin1,0.413
4930547E08Rik,0.0
Gm13881,0.0
Lmo2,-3.208
4931422A03Rik,0.0
Fbxo3,0.115
Gm10799,0.0
Cd59b,-1.612
Cd59a,-0.682
A930018P22Rik,-0.894
D430041D05Rik,1.402
Gm13883,0.041
Hipk3,-0.248
Platr14,1.504
Cstf3,0.22
Tcp11l1,0.747
Pin1rt1,0.033
Depdc7,-2.597
Qser1,-1.098
Prrg4,-2.299
Ccdc73,-0.514
Eif3m,-0.072
Wt1os,-0.145
Gm11060,0.0
Wt1,-0.619
Them7,0.0
Rcn1,-3.493
4930527A07Rik,0.0
Pax6os1,0.0
Paupar,0.0
Pax6,-0.883
Elp4,-0.172
Gm13954,0.0
Immp1l,-0.262
Dnajc24,-1.589
Gm29053,0.0
Gm14015,0.0
Gm14014,0.0
BB218582,0.216
Mpped2,0.965
Arl14ep,-0.628
Fshb,0.0
Kcna4,0.622
Gm13912,0.0
Gm13923,0.0
Mettl15,-1.003
Kif18a,-2.268
Gm45346,0.0
Gm20638,0.0
Bdnf,0.757
Lin7c,0.053
Platr8,-0.124
Lgr4,-2.094
Ccdc34,-1.135
Ccdc34os,0.0
Gm13936,-0.231
Bbox1,-1.028
Fibin,-5.209
Slc5a12,0.0
Ano3,0.027
Muc15,0.054
Gm13942,0.0
Gm13941,0.0
Gm15130,0.0
4930430A15Rik,0.0
Olfr1275,0.0
Gm13962,0.0
Olfr1276,0.0
Olfr1277,0.0
Olfr1278,0.0
Olfr1279,0.0
Olfr1280,0.0
Olfr1281,0.0
Olfr1282,0.0
Olfr1283,0.0
Olfr1284,0.0
Olfr1286,0.0
Olfr1287,0.0
Olfr1288,0.0
Olfr1289,0.0
Olfr1290,0.0
Olfr1291-ps1,0.0
Olfr1293-ps,0.0
Olfr1294,0.0
Olfr1295,0.0
Olfr1297,0.0
Olfr1298,0.0
Olfr1299,0.0
Olfr1301,0.0
Olfr1302,0.0
Olfr1303,0.0
Olfr1305,0.0
Olfr1306,0.0
Olfr1307,0.0
Olfr1308,0.0
Olfr1309,0.0
Olfr1310,0.0
Olfr1311,0.0
Olfr1312,0.0
Olfr1313,0.0
Olfr1314,0.0
Olfr1315-ps1,0.0
Olfr1316,0.0
Olfr1317,0.0
Olfr1318,0.0
Lpcat4,1.327
Nutm1,0.0
Nop10,0.787
Slc12a6,0.391
Emc4,0.597
Katnbl1,-0.416
Emc7,-0.407
Chrm5,0.0
Aven,0.286
Ryr3,1.479
Tmco5b,0.0
Fmn1,1.65
Gm13963,0.317
Gm13966,0.0
Gm13964,0.0
4930533B01Rik,0.0
Grem1,0.658
Scg5,1.906
Arhgap11a,-1.807
Gjd2,1.56
A530058N18Rik,2.352
Actc1,-0.16
C130080G10Rik,1.043
Aqr,0.12
Zfp770,0.358
Gm29234,0.0
Dph6,0.328
Gm13972,0.0
Gm13974,0.0
Gm28494,0.0
Gm28492,0.0
Gm28493,0.0
4930528P14Rik,0.0
Gm13976,0.0
3110099E03Rik,-0.012
Gm13977,-0.124
BC052040,-0.72
Meis2,-4.269
2700033N17Rik,-2.899
G630016G05Rik,-1.556
Gm13990,0.0
Tmco5,0.0
D330050G23Rik,-2.074
Gm29340,-0.493
Spred1,-1.041
Fam98b,-0.319
Rasgrp1,1.083
Gm13982,0.0
Gm28183,0.0
Gm13985,0.0
4930412B13Rik,0.0
Gm13986,-1.605
Thbs1,-3.558
Gm29233,0.0
Fsip1,1.436
A930104D05Rik,0.0
Gpr176,1.857
1700054M17Rik,0.334
Eif2ak4,0.174
Srp14,0.511
Bmf,-0.728
Bub1b,-2.518
Pak6,1.907
Ankrd63,-0.08
Plcb2,-1.322
Inafm2,-0.076
Ccdc9b,0.138
Phgr1,0.0
Disp2,1.998
Knstrn,-2.996
Gm14091,-1.11
Ivd,-0.324
Bahd1,0.38
Chst14,-2.07
Gm14089,0.0
Ccdc32,0.829
Rpusd2,-0.012
Knl1,-3.517
Rad51,-1.267
Rmdn3,0.07
Gchfr,0.08
Dnajc17,-0.137
Gm14137,-0.02
Zfyve19,0.075
Ppp1r14d,-0.959
Spint1,-0.792
Rhov,1.878
Vps18,0.307
Gm14207,-0.297
Dll4,-3.507
Chac1,1.997
Ino80,-0.548
Exd1,-0.107
Chp1,0.785
Oip5os1,-0.954
Oip5,-1.737
Nusap1,-3.464
Ndufaf1,0.279
Rtf1,-0.107
Itpka,0.339
Ltk,1.244
Rpap1,0.277
Tyro3,-0.027
Mga,-0.183
Mapkbp1,-0.418
Gm13999,0.0
Jmjd7,0.129
Pla2g4b,-0.09
Sptbn5,-0.157
Ehd4,-0.364
Pla2g4e,1.481
Gm13997,0.0
Pla2g4d,0.805
Pla2g4f,0.0
Vps39,0.477
Tmem87a,-0.653
Ganc,-0.43
Capn3,0.24
Zfp106,-0.35
Snap23,-3.318
Lrrc57,-0.296
Haus2,0.229
Stard9,-1.775
Cdan1,-0.533
Ttbk2,1.504
AV039307,0.358
Ubr1,0.105
Tmem62,0.306
Ccndbp1,0.443
Epb42,-0.272
Tgm5,-0.006
Tgm7,0.0
Lcmt2,-0.419
Adal,0.14
Zscan29,-1.454
Tubgcp4,-0.252
Trp53bp1,0.862
Map1a,0.833
Gm14978,0.0
Ppip5k1,0.718
Ckmt1,1.995
Strc,0.0
Catsper2,-0.1
Pdia3,-0.609
Ell3,0.0
Serinc4,-0.095
Serf2,-1.111
Hypk,0.663
Mfap1b,-0.046
Mfap1a,-0.185
Wdr76,-1.615
Frmd5,0.601
Gm14019,0.494
Casc4,0.311
Mageb3,-0.489
Ctdspl2,-1.089
Eif3j1,0.05
Spg11,-0.069
Patl2,0.0
B2m,-2.307
Trim69,-0.662
Terb2,0.0
Sord,-0.147
Duox2,-0.446
Duoxa2,0.038
Duoxa1,-1.222
Duox1,-0.028
Shf,1.717
Slc28a2,-1.56
Gm14085,0.0
Gatm,-2.72
Spata5l1,-0.275
AA467197,1.142
Slc30a4,0.32
4930417H01Rik,1.607
Bloc1s6os,-0.894
Bloc1s6,0.767
Sqor,-0.505
Sema6d,-0.046
4930517E11Rik,0.0
4930583P06Rik,0.0
Gm13994,0.0
Slc24a5,0.496
Myef2,0.402
Gm14004,2.292
Ctxn2,2.257
Slc12a1,1.206
Gm14002,0.246
Dut,0.31
A530010F05Rik,0.0
Gm14003,0.0
Fbn1,-4.565
Gm9913,-1.83
Cep152,-1.564
Shc4,-2.839
Eid1,0.32
Secisbp2l,-1.174
Cops2,0.425
Galk2,0.188
Fam227b,0.0
Fgf7,-2.042
Dtwd1,-0.423
Gm17555,0.0
Atp8b4,-1.159
Slc27a2,-0.007
Hdc,-2.901
Gabpb1,0.008
Gm27003,-0.525
Usp8,0.0
Usp50,0.773
Trpm7,-0.891
Sppl2a,-0.599
Ap4e1,-0.047
Blvra,-0.008
Ncaph,-3.029
Itpripl1,-1.188
1810024B03Rik,-0.987
Snrnp200,-0.129
Ciao1,0.313
Tmem127,0.14
Stard7,0.245
Dusp2,-2.126
Astl,-0.699
Adra2b,0.122
Gpat2,0.63
Fahd2a,0.174
Kcnip3,-2.257
Prom2,-0.069
Zfp661,0.158
Mrps5,0.105
Mal,-5.084
Gm14244,0.0
Mall,-3.848
Nphp1,-1.381
Mtln,-0.433
Bub1,-3.4
Acoxl,-0.119
Bcl2l11,-2.483
Morrbid,-4.161
Gm14009,0.0
Gm14012,0.0
Gm14010,-0.052
Gm29010,0.0
Spdye4c,0.0
Gm39929,0.333
Anapc1,-0.422
Mertk,-3.992
Gm14011,0.0
Tmem87b,0.287
Fbln7,-2.873
Zc3h8,0.057
4933427J07Rik,0.017
Gm10762,-0.129
Zc3h6,-0.006
Gm14027,0.135
Vinac1,0.0
Gm14022,-0.115
Ttl,1.236
Polr1b,-0.186
Chchd5,-0.098
AI847159,0.839
Gm14029,0.207
Slc20a1,0.211
9830144P21Rik,0.095
A730036I17Rik,0.0
Gm14024,0.0
Ckap2l,-3.478
Gm14023,-0.805
Il1a,-3.732
Il1b,-5.776
Il1bos,0.0
F830045P16Rik,0.0
Gm14040,0.0
Gm14041,0.0
Sirpa,-1.026
Pdyn,1.795
Stk35,0.009
Gm28196,0.253
Tgm3,0.632
Tgm6,0.0
Snrpb,-0.546
Tmc2,0.0
Nop56,0.281
Idh3b,0.439
Ebf4,0.434
Cpxm1,-2.923
1700020A23Rik,0.0
Tmem239,0.0
Pced1a,-0.142
Vps16,0.145
Ptpra,-0.134
4930473A02Rik,0.0
Mrps26,0.624
Oxt,-0.475
Avp,0.032
Ubox5,-0.001
Fastkd5,0.135
Lzts3,0.287
Ddrgk1,-0.419
Itpa,0.268
Slc4a11,-0.24
4930402H24Rik,0.06
A730017L22Rik,-0.25
Atrn,-0.006
Gfra4,1.831
Adam33,-5.059
Siglec1,-1.302
Hspa12b,-2.641
Gm11037,0.0
1700037H04Rik,1.613
Gm14232,0.0
Spef1,-0.086
Cenpb,-0.606
Cdc25b,-0.58
Ap5s1,0.337
Mavs,-0.713
Pank2,-0.383
Rnf24,-0.027
Gm14233,0.0
Smox,-1.924
Adra1d,-0.05
Gm14285,0.0
Gm14280,0.0
5330413P13Rik,1.1
Erv3,0.0
Prnp,-0.999
Prnd,-3.119
Rassf2,-4.22
Slc23a2,0.12
Gm14051,0.0
Tmem230,0.344
Pcna,-1.034
AV099323,-1.576
Cds2,1.139
Prokr2,0.285
4921508D12Rik,0.0
Gm14095,0.0
1700026D11Rik,-0.795
Gpcpd1,-1.132
AU019990,-0.908
Shld1,0.258
Gm14097,0.0
Chgb,1.701
Trmt6,0.179
Mcm8,-0.045
Gm14104,0.0
Crls1,0.198
Lrrn4,0.06
Fermt1,-0.092
Gm14102,0.0
A430048G15Rik,0.0
Gm14100,0.0
Bmp2,-1.61
Hao1,0.129
Tmx4,0.945
Plcb1,-0.592
4930545L23Rik,0.045
9630028H03Rik,0.122
Platr3,0.0
Plcb4,1.155
Gm14209,-0.215
Gm14211,0.0
Gm14210,0.0
Lamp5,0.696
Pak7,2.173
Gm14218,0.0
Ankef1,0.834
Snap25,2.411
Mkks,0.165
AL731706.1,0.0
AL731706.2,0.0
Slx4ip,0.347
Jag1,-3.974
Gm28214,0.0
Gm14055,-0.963
Gm14064,0.0
Gm14062,0.0
Btbd3,-0.711
Gm14061,0.19
Gm14066,0.0
Sptlc3,0.0
Ism1,-0.423
Tasp1,0.362
Esf1,-0.048
Gm17374,0.0
Ndufaf5,1.146
Sel1l2,0.0
Macrod2,0.858
Flrt3,-1.798
Macrod2os2,0.0
Macrod2os1,0.098
Kif16b,-0.35
Kif16bos,0.296
Snrpb2,0.068
Otor,-4.455
Pcsk2os1,2.036
Pcsk2,1.967
Pcsk2os2,0.0
Bfsp1,0.228
Dstn,0.064
Rrbp1,-1.828
Banf2,0.254
Banf2os,2.102
Gm5535,2.02
4930444E06Rik,0.0
Snx5,-1.405
Mgme1,-1.123
Ovol2,0.031
1700108N11Rik,0.0
Kat14,-0.259
Pet117,0.0
Dzank1,1.75
Polr3f,-0.252
Rbbp9,-1.1
Sec23b,0.004
Smim26,1.063
Dtd1,1.052
Scp2d1,0.0
Slc24a3,-0.494
Gm14093,0.0
Gm14092,0.0
Rin2,-1.843
Naa20,0.178
Crnkl1,-0.598
Cfap61,1.354
Insm1,0.794
Ralgapa2,0.629
A930019D19Rik,0.045
4933406D12Rik,0.0
Gm14114,0.0
Kiz,-0.895
Xrn2,-0.593
Nkx2-4,0.0
Nkx2-2,-0.184
Nkx2-2os,0.0
6430503K07Rik,0.0
Gm14110,0.0
AI646519,0.0
Pax1,-0.643
A530006G24Rik,0.0
9030622O22Rik,0.0
Foxa2,-0.542
Sstr4,-0.109
Thbd,-4.658
Cd93,-4.897
Gm14120,-0.174
Nxt1,-0.86
Gzf1,-0.136
Napb,1.961
Cstl1,0.0
Cst11,0.0
Cstdc1,0.0
Cst12,0.436
Cst8,0.0
Cst13,-0.079
Cst9,-0.053
Cstdc2,0.35
Cst3,-1.591
Gm1330,0.0
Gm14135,0.0
Cst10,0.0
Gm14133,0.0
C530025M09Rik,0.52
Syndig1,1.475
Zfp120,-0.525
Gm10770,0.0
Gm14139,0.0
Zfp937,-0.166
Gm21994,0.0
Gm14124,0.089
3300002I08Rik,-0.118
Gm10130,-1.045
Zfp442,-0.286
Zfp345,0.021
Cst7,-1.51
Apmap,-0.195
Gm14123,-0.053
Acss1,-3.967
E130215H24Rik,-4.122
Vsx1,0.0
Platr15,0.0
Gm28450,0.0
Entpd6,0.215
Pygb,0.767
Abhd12,0.214
Gins1,-0.591
Ninl,-0.525
Nanp,-0.25
Gm14151,0.0
Gm14147,0.0
Gm14145,0.0
Gm14149,0.0
Gm14144,0.0
4930442J19Rik,0.0
Gm14152,0.0
Gm14146,0.0
4921509C19Rik,0.0
Nsfl1c,0.295
Gm14167,-0.217
Fkbp1a,0.52
Sdcbp2,-0.534
Snph,1.84
Rad21l,0.67
Tmem74bos,0.23
Tmem74b,1.998
Psmf1,0.184
4930556L07Rik,0.0
Gm14155,0.0
Rspo4,1.057
Rspo4os,0.0
Angpt4,-0.954
Gm14154,-1.724
Fam110a,-0.822
Slc52a3,-0.902
AA387200,1.1
Scrt2,1.939
Srxn1,1.157
Tcf15,-3.709
Csnk2a1,0.268
Tbc1d20,-0.323
Rbck1,-0.217
Trib3,0.716
Gm14164,-0.107
Nrsn2,2.579
Sox12,0.259
Zcchc3,-0.24
6820408C15Rik,1.194
Defb23,0.0
Defb20,-0.117
Defb22,0.0
Defb26,0.0
Defb28,0.0
Defb29,0.0
Gm14161,0.0
Gm17416,0.0
Defb21,0.0
Defb19,0.0
Defb45,0.0
Defb36,-0.285
Defb25,-2.741
Rem1,-4.339
1700030C14Rik,0.622
H13,0.15
Mcts2,0.746
Id1,0.306
Cox4i2,-2.52
Bcl2l1,0.325
Tpx2,-3.123
Mylk2,-0.227
Foxs1,-5.083
Dusp15,1.151
Ttll9,1.436
Gm14199,0.0
Pdrg1,0.281
Xkr7,0.104
Ccm2l,-2.395
Hck,-4.646
Tm9sf4,-0.171
Tspyl3,1.416
Plagl2,-1.018
Pofut1,-0.947
Kif3b,0.634
2500004C02Rik,-0.294
Asxl1,-0.195
Nol4l,0.396
4930404H24Rik,0.083
Commd7,0.138
Dnmt3bos,0.38
Dnmt3b,-1.912
Dnmt3c,0.0
Mapre1,0.197
Efcab8,-0.199
Sun5,0.0
Bpifb2,0.204
Bpifb6,0.085
Bpifb3,0.0
Bpifb4,-2.024
Bpifa6,-0.21
Bpifa2,0.0
Bpifa3,0.0
Bpifa1,0.0
Bpifa5,0.0
Bpifb1,0.119
Bpifb5,-2.038
Bpifb9a,0.0
Bpifb9b,0.0
Cdk5rap1,0.097
Snta1,-2.486
Cbfa2t2,-0.23
Necab3,0.789
1700003F12Rik,-0.595
Actl10,-0.1
E2f1,-1.632
Pxmp4,-0.52
4930519P11Rik,-0.004
Zfp341,-0.148
Gm14198,0.0
Chmp4b,-0.068
Gm14216,0.0
Gm14214,0.0
Raly,-0.795
a,-0.443
Eif2s2,0.259
Gm14226,0.234
Ahcy,-0.065
Gm45609,0.074
2310005A03Rik,-0.348
Itch,-0.869
Dynlrb1,0.639
Map1lc3a,1.295
Pigu,0.162
Trp53inp2,0.46
Ncoa6,-0.169
Ggt7,1.68
Acss2,0.143
Acss2os,0.0
Gss,-0.049
Gssos2,0.0
Gssos1,0.0
Gm14257,0.0
Myh7b,-0.156
Trpc4ap,0.021
Edem2,-0.724
Gm17581,0.0
Procr,-2.548
Mmp24,2.021
BC029722,0.56
Eif6,-0.012
Gm16098,0.893
Fam83c,-0.033
Uqcc1,0.575
Gm15557,0.0
Gdf5,1.155
Cep250,-0.317
6430550D23Rik,0.114
Ergic3,-0.375
Fer1l4,0.0
Spag4,0.352
Cpne1,0.084
Nfs1,0.132
Romo1,0.563
Rbm39,-0.532
Phf20,0.276
Scand1,-0.14
Cnbd2,-0.182
Gm14252,-0.01
Gm14170,0.0
2900097C17Rik,0.666
Epb41l1,1.703
Gm14225,0.0
Gm14224,0.0
Aar2,0.429
Gm14168,0.977
Gm14169,2.389
Dlgap4,0.361
Gm14174,0.0
4930405A21Rik,0.171
Myl9,-4.808
Gm14230,-0.923
Tgif2,-4.678
5430405H02Rik,-0.498
Rab5if,0.125
Sla2,-0.398
Ndrg3,0.81
Dsn1,-1.002
Soga1,-0.567
Tldc2,0.0
Samhd1,-0.463
Rbl1,-2.436
Mroh8,-0.156
Rpn2,-0.734
Ghrh,1.449
Manbal,0.147
Src,-0.243
Gm14286,-0.718
Blcap,0.74
Nnat,1.505
Platr27,0.388
Ctnnbl1,0.012
Vstm2l,2.171
Tti1,0.399
Rprd1b,-0.245
2010009K17Rik,-0.158
Tgm2,-4.33
Gm20412,0.0
D630003M21Rik,-3.116
1700060C20Rik,0.004
Bpi,0.0
Lbp,-4.02
Snhg17,-0.282
Gm23925,0.0
Snhg11,1.477
Ralgapb,0.402
Adig,-0.438
Arhgap40,0.052
Gm14204,0.0
Slc32a1,0.0
Gm14205,0.0
Actr5,-0.868
Ppp1r16b,0.873
Fam83d,-2.781
Dhx35,-0.023
Gm14223,0.0
4933416E03Rik,0.0
9130015L21Rik,0.0
Gm826,-0.512
Mafb,-3.885
Gm14221,-1.369
Gm14222,0.0
Top1,-0.355
Plcg1,0.096
Gm27206,-0.215
Zhx3,0.146
Gm16751,-0.779
Lpin3,-1.393
Emilin3,-1.077
Gm14228,-0.098
Chd6,-0.388
Gm45447,0.691
Gm14243,0.0
Gm14242,0.0
Gm14241,0.0
Gm29229,0.0
Ptprt,0.654
Ptprtos,0.0
9430021M05Rik,2.758
Gm14246,1.441
Gm14255,0.0
Srsf6,-0.411
L3mbtl1,1.163
Sgk2,-0.107
Ift52,0.132
Mybl2,-2.306
Gtsf1l,0.0
Gm11454,0.728
Gm14254,0.0
Tox2,1.044
Jph2,-2.71
Oser1,-0.626
2900093K20Rik,0.798
Gdap1l1,2.001
Fitm2,1.144
2310001K24Rik,0.198
R3hdml,0.821
Hnf4aos,0.083
Hnf4a,0.0
Ttpal,0.408
Serinc3,-0.518
0610039K10Rik,-1.065
Pkig,-0.258
Gm16316,-1.943
Ada,-0.397
Ccn5,-0.359
Kcnk15,0.646
Rims4,1.98
Ywhab,0.92
Pabpc1l,1.365
Tomm34,0.698
Stk4,-0.339
Gm11455,0.0
Kcns1,0.535
Wfdc5,0.0
A730032A03Rik,0.0
Wfdc12,-0.198
Wfdc15a,0.0
Wfdc15b,0.0
Svs2,0.0
Svs3b,0.0
Svs4,0.0
Svs3a,0.0
Svs6,0.0
Svs5,0.0
Slpi,-2.368
Matn4,-4.564
Rbpjl,-3.212
Sdc4,-4.935
Sys1,-0.86
Gm14302,-0.747
Trp53tg5,0.0
Dbndd2,-0.494
Pigt,-0.668
Gm14317,-0.104
Wfdc2,-1.324
Spint3,0.0
Wfdc6a,0.0
Eppin,0.0
Wfdc8,0.0
Wfdc6b,0.0
Wfdc16,0.0
Wfdc9,0.0
Wfdc10,0.0
Wfdc11,0.0
Wfdc13,0.0
Spint4,0.0
Spint5,0.0
Wfdc3,0.052
Dnttip1,-0.019
Gm11457,-0.464
Ube2c,-3.574
Tnnc2,-0.875
Snx21,1.061
Acot8,0.286
Zswim3,0.754
Zswim1,0.63
Spata25,0.0
Neurl2,-0.285
Ctsa,-0.968
Pltp,-4.96
Pcif1,-0.218
Zfp335,-0.08
Zfp335os,1.062
Mmp9,-1.287
Slc12a5,0.972
Ncoa5,0.104
Cd40,-1.488
1700025C18Rik,0.0
Cdh22,1.262
Gm14397,0.0
Slc35c2,0.319
Elmo2,0.102
Zfp663,-2.669
Zfp334,0.351
Ocstamp,-0.518
Slc13a3,-3.896
Gm14437,0.0
Trp53rka,-0.112
Slc2a10,-3.636
Eya2,-2.152
Gm28163,0.0
Zmynd8,0.261
BC046401,-0.49
Gm11465,0.0
Platr29,0.0
Gm11464,-0.395
Ncoa3,-0.338
Sulf2,-1.919
Gm11466,0.0
Gm11467,0.0
Gm11468,0.0
Gm14268,0.0
5031425F14Rik,-0.478
Prex1,-1.596
Trp53rkb,0.458
Arfgef2,0.541
Cse1l,0.058
Gm17096,-0.229
Stau1,0.05
Ddx27,-0.341
Znfx1,-0.3
Zfas1,0.156
Kcnb1,1.835
1110018N20Rik,1.296
Ptgis,-3.247
Gm14291,0.071
B4galt5,1.1
Slc9a8,-0.076
Spata2,-0.174
Rnf114,-0.085
Snai1,-3.11
Gm11476,-0.293
Ube2v1,0.328
Tmem189,0.316
Gm14320,-0.106
Cebpb,-1.07
A530013C23Rik,-1.157
Gm14321,-0.023
9230111E07Rik,0.325
1200007C13Rik,-0.657
Gm14319,0.552
Ptpn1,0.372
Ripor3,-0.659
Gm14236,0.575
Pard6b,-1.574
Gm14235,-0.139
E130018N17Rik,-0.81
Adnp,0.167
Dpm1,-0.361
Mocs3,0.164
Kcng1,0.123
Gm14262,0.0
Nfatc2,-2.759
Atp9a,1.303
Sall4,0.536
Gm14261,0.545
Zfp64,-0.019
1700017J07Rik,0.0
Gm14260,0.0
Gm9873,-0.345
Gm14258,0.03
9430093N23Rik,0.0
Gm14250,0.0
4930529I22Rik,0.0
Gm14249,0.0
Gm11011,0.0
Tshz2,-0.476
Zfp217,-2.29
Bcas1,-2.899
Bcas1os2,0.215
Bcas1os1,0.0
Cyp24a1,0.0
Pfdn4,1.293
Gm16796,0.899
Gm14637,0.0
4930470P17Rik,0.0
Gm14264,0.348
Dok5,1.629
Gm14266,0.203
Gm14640,0.0
1700007M16Rik,0.0
1700028P15Rik,0.0
Gm14272,0.0
Gm14641,0.0
Cbln4,1.542
Gm14271,0.0
Mc3r,0.0
Gm14275,0.0
Gm14273,0.0
Fam210b,-1.453
Aurka,-1.724
Cstf1,-0.152
Cass4,-1.425
Gm14455,-0.155
Rtf2,0.124
Gcnt7,0.0
Fam209,-0.16
Tfap2c,-0.207
Bmp7,-2.659
Spo11,-0.051
Rae1,0.041
Rbm38,-1.392
Gm20490,0.0
Gm14453,0.0
Ctcfl,0.0
Ctcflos,-0.49
Pck1,0.0
Zbp1,-3.441
Pmepa1,-2.59
Pmepa1os,-1.833
Gm14642,0.0
1700021F07Rik,0.0
Ankrd60,0.021
Rab22a,-0.183
1700010B08Rik,0.01
Vapb,0.524
Stx16,-0.761
Npepl1,-1.918
Gm10714,0.493
Gnasas1,-0.434
Gnas,1.039
Gm20721,0.276
Nelfcd,0.39
Ctsz,-1.284
Tubb1,0.0
Atp5e,0.243
Prelid3b,0.671
Zfp831,-0.453
Edn3,0.287
Gm14617,0.0
Gm14618,0.0
Gm14616,0.0
Gm14444,0.316
Gm14393,-0.226
Gm14399,-0.617
Gm14443,0.718
Gm14391,-0.402
Gm14440,0.0
Gm4631,0.187
Zfp968,0.461
Gm4724,-1.496
Zfp965,-0.015
Gm11007,0.0
Zfp969,0.0
Gm2007,0.0
Gm14288,-0.071
Gm6710,-0.048
Zfp966,-0.314
Gm2026,0.0
Gm11008,0.0
Gm2004,0.0
2210418O10Rik,0.0
Gm11009,0.0
Gm14435,0.091
Gm14434,0.039
Zfp967,0.131
Gm14308,0.673
Zfp973,-0.561
Gm14305,-0.223
Gm14295,0.303
Gm14408,0.0
Gm14296,0.387
Gm14419,0.433
Gm14401,-0.041
Gm14410,-0.645
Gm14409,0.185
Gm14412,0.291
Gm14418,0.589
Zfp970,-0.723
Gm14403,-0.94
Gm14406,0.0
Gm14322,0.125
Gm14325,-0.28
Gm14327,0.104
Zfp972,0.478
Gm14326,-0.26
Zfp971,0.211
Zfp931,-0.259
Phactr3,2.198
Sycp2,-0.073
Ppp1r3d,1.209
Fam217b,1.404
Cdh26,-0.68
4930591A17Rik,0.0
Cdh4,-0.673
Taf4,-0.591
4921531C22Rik,-1.226
Lsm14b,0.535
Psma7,0.613
Ss18l1,1.052
Mtg2,0.001
Hrh3,1.455
Gm17180,0.0
Osbpl2,0.27
Adrm1,0.253
Lama5,-1.785
Rps21,-0.125
Cables2,0.496
Rbbp8nl,0.0
Gata5,0.0
Gata5os,0.0
B230312C02Rik,1.255
Slco4a1,0.2
Ntsr1,0.03
Mrgbp,-0.461
Ogfr,-0.177
Col9a3,-2.729
Tcfl5,1.61
Dido1,-0.273
Gid8,0.044
Slc17a9,-1.457
Gm14343,0.0
Bhlhe23,0.0
Gm14340,0.0
Gm14342,0.184
Gm14344,0.0
Gm14339,0.0
Gm27032,1.176
Ythdf1,0.199
Birc7,0.0
Nkain4,-3.941
Gm14341,-0.045
Arfgap1,-0.489
9230112E08Rik,0.38
Col20a1,-3.008
Chrna4,1.56
Kcnq2,1.834
Eef1a2,2.157
Ppdpf,-0.027
Ptk6,-1.269
Srms,-0.634
Fndc11,-0.003
Helz2,-1.136
Gmeb2,-0.198
Stmn3,2.054
Rtel1,0.36
Arfrp1,-0.02
Zgpat,-0.09
Lime1,0.065
Zbtb46,1.046
Abhd16b,0.0
Tpd52l2,-0.435
Dnajc5,1.001
Uckl1,0.239
Uckl1os,-0.054
Zfp512b,0.561
Prpf6,0.02
Samd10,1.569
Gm29797,-0.241
Sox18,-3.538
Tcea2,1.001
Rgs19,0.686
Lkaaear1,0.0
Oprl1,2.057
Myt1,1.604
Pcmtd2,-0.281
Polr3k,0.563
Gm14496,0.0
Hnf4g,0.979
1110015O18Rik,-3.542
Gm17308,-0.58
2700069I18Rik,0.184
Zfhx4,0.14
4930555M17Rik,0.0
Pex2,-1.079
Gm8797,0.146
Gm37350,-0.133
1700008P02Rik,0.0
Pkia,0.97
Zc2hc1a,1.261
Il7,0.535
Gm16685,0.665
1700010I02Rik,0.0
Stmn2,2.109
Gm32496,0.0
Hey1,-0.585
C230057A21Rik,0.39
Mrps28,-0.874
Tpd52,0.517
4930539M17Rik,0.0
Zbtb10,0.019
C030034L19Rik,-0.764
Zfp704,-0.233
Pag1,-0.941
Gm16337,0.0
Fabp5,1.112
Gm38335,-2.819
Gm9833,0.147
Pmp2,-0.743
Fabp9,0.0
Fabp4,-5.014
Fabp12,0.0
Impa1,0.207
Slc10a5,-0.404
Zfand1,0.032
Chmp4c,-1.782
Snx16,0.775
Gm10745,0.0
Gm2464,2.531
Ralyl,1.996
Slc7a12,0.0
Lrrcc1,-0.091
E2f5,-0.802
Rbis,0.327
Car13,-4.063
Car1,0.0
Car3,-1.897
Car2,-1.237
A930001A20Rik,-0.442
Gm33819,0.0
Gm9733,-0.588
Sirpb1a,0.0
Sirpb1b,-1.28
Gm37468,0.0
Sirpb1c,-2.7
Gm5150,-0.98
Ythdf3,-0.196
Gm30340,0.0
Mir124-2hg,0.938
Cypt12,0.0
Bhlhe22,-3.96
Cyp7b1,-4.072
Gm30667,0.0
4930433B08Rik,0.0
Armc1,0.046
Mtfr1,0.155
Pde7a,0.097
Gm16093,-0.042
Dnajc5b,0.0
1700064H15Rik,-0.078
Trim55,0.121
BC002189,1.36
Crh,0.098
Cp,-5.313
Hps3,-0.009
Hltf,-0.474
Gyg,0.86
Cpa3,-1.105
Cpb1,-0.114
Gm43525,0.0
Agtr1b,0.114
Gm31466,0.0
Gm29137,0.0
Gm31693,0.02
Gm43674,0.987
Gm43672,-0.344
Tbl1xr1,-0.17
Gm38324,0.0
Gm37021,0.0
4930412E21Rik,0.0
Naaladl2,-1.525
Nlgn1,0.3
Gm37573,-0.144
A830092H15Rik,1.587
Spata16,0.129
Ect2,-2.996
1700125G22Rik,-0.077
Nceh1,0.37
Tnfsf10,-3.3
Ghsr,0.0
Fndc3b,-1.637
Tmem212,0.0
Pld1,-4.24
Gm42196,0.056
Tnik,0.565
Slc2a2,-0.235
1700112D23Rik,1.116
Eif5a2,1.103
Gm32950,0.162
Rpl22l1,0.146
Gm33051,-0.029
Gm37867,0.0
Gm1527,0.0
Egfem1,0.511
Gm33206,-0.075
Mannr,-0.138
Mecom,-2.941
Mecomos,-0.918
Gm38258,0.0
Actrt3,0.842
Mynn,-0.531
Lrrc34,-0.356
Lrriq4,0.0
Lrrc31,-0.085
Gm15462,-0.013
Samd7,0.0
4933429H19Rik,-0.527
Sec62,-0.115
Gpr160,-3.269
Phc3,-0.386
Prkci,0.282
Skil,-0.048
Cldn11,-1.175
Slc7a14,1.953
Gm15496,1.931
Gm38025,0.473
Kcnmb2,0.47
Zmat3,1.393
Pik3ca,0.513
Kcnmb3,0.0
Zfp639,0.196
Gm37592,0.0
Mfn1,-0.024
Gnb4,0.761
Gm37640,0.379
Actl6a,-0.953
Mrpl47,0.237
Ndufb5,0.187
Usp13,1.386
Gm37459,-0.051
Pex5l,-0.645
4930419G24Rik,0.0
Gm43666,-0.356
Ttc14,-0.462
Ccdc39,-0.121
Gm43140,0.169
4930431L21Rik,0.0
Gm43077,0.174
Fxr1,0.242
Dnajc19,-0.147
Sox2ot,-3.937
Gm38505,0.0
Gm34599,0.0
Gm20515,-1.621
Gm29135,0.0
Gm42695,-0.192
Gm42205,0.0
Sox2,-4.244
Gm3143,0.0
Gm38509,0.0
Gm21388,-0.207
1700017M07Rik,-0.551
Gm6639,0.0
Atp11b,-0.268
Dcun1d1,0.142
Gm15952,-0.035
Mccc1,-0.214
Mccc1os,1.216
Ccdc144b,-0.01
Acad9,-0.119
Gm43079,0.0
Zfp267,0.039
Qrfpr,0.121
Gm43255,0.0
Gm42208,0.0
Anxa5,-1.251
1810062G17Rik,-2.191
Gm11548,0.0
Gm11549,2.16
Exosc9,0.515
Ccna2,-3.115
Bbs7,0.266
Trpc3,-1.379
4932438A13Rik,0.365
Gm12531,0.037
Adad1,0.166
Il2,0.161
Gm12532,0.0
Il21,0.0
Gm12534,0.0
Cetn4,-0.129
Bbs12,-0.107
Fgf2os,-0.433
Fgf2,-3.544
Nudt6,-0.164
Spata5,-0.221
4930594O21Rik,0.0
Spry1,-1.673
Gm5148,1.454
Gm42921,-0.074
Gm20755,-0.292
Gm43821,0.0
5430434I15Rik,0.0
Gm42920,0.0
Gm36823,0.0
Ankrd50,-1.241
Gm43538,0.0
C230034O21Rik,1.676
Fat4,-0.318
Gm43539,0.0
1700017G19Rik,0.0
Intu,-0.112
Slc25a31,0.126
Hspa4l,0.629
Plk4,-1.418
Mfsd8,-0.812
Abhd18,0.642
6430590A07Rik,-0.274
1700034I23Rik,-0.397
Larp1b,-0.253
Pgrmc2,0.206
Gm40038,0.0
Gm16508,0.0
1700052H01Rik,-0.29
Gm40040,0.0
Platr4,0.0
2400006E01Rik,0.0
Jade1,-0.586
Gm31266,0.0
Sclt1,-0.729
D3Ertd751e,-0.794
2610316D01Rik,-1.271
Pcdh10,-0.145
1700027H10Rik,0.0
Pabpc4l,-4.24
1700018B24Rik,0.0
Gm37190,0.0
Gm31415,0.0
Gm20557,0.0
Pcdh18,-4.412
Slc7a11,-1.159
Gm37854,0.0
Gm6209,0.0
Gm29230,0.0
Gm38246,0.0
Noct,1.044
Elf2,-1.026
Gm5103,-0.225
Mgarp,0.685
Ndufc1,0.668
Naa15,-0.012
Rab33b,-0.134
Setd7,-0.072
5031434O11Rik,0.645
Mgst2,0.027
Maml3,0.614
Gm37229,0.02
Gm20089,-0.656
Gm37202,0.0
Gm30074,0.684
Gm38132,0.0
Gm37170,0.468
Foxo1,-3.201
Gm20402,0.0
Gm30173,-1.546
Gm2447,-0.943
Gm30292,0.0
Gm20750,0.0
Cog6,0.055
Gm42901,-1.476
Lhfp,-4.081
Gm43803,0.0
Nhlrc3,-0.633
Gm16206,0.0
Proser1,-0.584
Stoml3,-0.447
Frem2,-3.668
Gm30735,0.0
C820005J03Rik,-0.549
Gm10985,0.0
Ufm1,-0.002
Gm31026,0.0
Trpc4,0.58
Postn,-5.626
Supt20,-0.539
Gm21958,0.0
Exosc8,-0.736
Alg5,-0.475
Smad9,1.939
Rfxap,0.157
Sertm1,0.513
Ccna1,-0.617
4931419H13Rik,0.0
Spg20,-1.72
Ccdc169,-0.425
Sohlh2,0.0
Dclk1,1.068
Gm42609,-0.243
Gm21954,0.0
Gm43549,-0.119
Nbea,0.815
Mab21l1,1.424
Gm43376,-0.028
Tm4sf1,-1.478
Tm4sf4,1.768
Wwtr1,-4.215
Gm26671,-0.618
Commd2,-0.067
Ankub1,-2.656
Rnf13,-0.715
Pfn2,1.734
Gm40055,0.111
4921539H07Rik,-0.191
1700007F19Rik,0.0
Tsc22d2,-1.011
Serp1,-1.292
Eif2a,-0.207
Selenot,0.106
Erich6,0.982
Siah2,-0.165
4930593A02Rik,0.016
Mindy4b-ps,0.02
Clrn1,-0.371
Gm43570,0.175
Med12l,0.551
Gpr171,-2.072
P2ry14,-3.421
Gpr87,0.0
P2ry13,-3.403
P2ry12,-3.502
Igsf10,-2.249
Gm38186,-0.295
Gm5538,0.0
Gm8298,0.0
C130079G13Rik,0.0
Aadacl2,0.0
Aadac,0.0
Sucnr1,-1.214
Mbnl1,-0.562
Gm38326,0.0
Gm37035,-0.968
P2ry1,-2.101
Gm37696,0.099
Rap2b,-2.216
B430305J03Rik,-0.417
9330121J05Rik,-2.42
Arhgef26,-4.046
Dhx36,0.156
Gpr149,0.764
Mme,-3.502
Gm34240,0.0
Strit1,0.0
Plch1,-0.926
E130311K13Rik,-0.645
Slc33a1,-0.232
Gm26850,-0.261
Gmps,0.486
Vmn2r1,-0.075
Vmn2r2,0.0
Vmn2r3,0.0
Vmn2r4,-0.054
Vmn2r5,0.0
Vmn2r6,0.017
Vmn2r7,0.0
Kcnab1,0.115
A330015K06Rik,-0.678
A730090N16Rik,-0.488
Ssr3,-1.078
Tiparp,-2.152
Lekr1,-0.786
Gm37359,0.0
Ccnl1,-1.489
Gm37305,-0.251
Veph1,-0.675
Ptx3,-3.588
Shox2,0.653
Rsrc1,0.134
Gm17402,0.0
Mlf1,-0.127
Gfm1,0.099
Lxn,0.438
Rarres1,-0.951
Gm35299,0.0
4930402C01Rik,0.0
Mfsd1,-0.748
Schip1,-0.534
Il12a,-1.012
4930535E02Rik,0.0
Gm35584,0.0
1110032F04Rik,-0.54
Ift80,-0.359
Smc4,-2.005
Trim59,-1.807
Kpna4,-0.175
Gm1647,0.0
Arl14,0.0
Ppm1l,0.402
B3galnt1,0.891
Nmd3,-0.161
Sptssb,0.101
Otol1,0.0
Sis,0.0
Slitrk3,1.345
Gm20754,-0.95
Gm38353,0.0
4930509J09Rik,-0.145
Bche,-1.074
Gm20356,0.0
Zbbx,0.308
Serpini2,0.0
Wdr49,0.0
Pdcd10,-0.065
Serpini1,1.65
Platr10,-0.016
Gm29133,0.0
Golim4,-0.851
Gm37256,0.0
Fstl5,1.445
Rapgef2,-0.266
4921511C10Rik,-0.49
6430573P05Rik,-0.733
Gm17359,-0.073
Fnip2,-0.532
Gm3513,-0.216
4930589L23Rik,-2.952
Ppid,0.42
Etfdh,-0.242
4930579G24Rik,-2.632
Rxfp1,1.383
Gm26984,2.023
Tmem144,-2.403
Gm36569,-1.018
Gask1b,-5.337
A330069K06Rik,-3.088
Gm37892,0.0
Gm37971,0.0
Gria2,1.732
Glrb,1.35
Gm42468,0.0
Gm42476,0.0
Pdgfc,-3.426
Gm16000,0.0
Gm43346,0.0
A830029E22Rik,0.266
Gm9989,-0.117
Ctso,-2.535
Tdo2,-1.107
Asic5,0.0
Gucy1b1,0.972
Gucy1a1,1.031
Map9,1.727
Npy2r,1.416
Gm29999,0.0
Gm30043,0.0
Gm43348,0.0
Rbm46,-1.326
Rbm46os,0.0
Lrat,-3.226
Gm30097,-0.966
Fgg,-0.253
Fga,0.0
Fgb,0.0
Plrg1,0.052
Gm10710,-0.837
Dchs2,-1.72
Gm38096,-0.085
1700028M03Rik,0.0
Sfrp2,-2.484
Gm26771,-0.3
Tlr2,-4.345
Tmem131l,0.39
Mnd1,-1.623
Trim2,0.119
Gm6525,-0.493
4930565D16Rik,0.0
Fhdc1,-4.124
Arfip1,-1.805
Gm37240,-0.454
Tigd4,-0.485
Tmem154,-2.804
Fbxw7,0.356
1700036G14Rik,0.0
Gm42813,0.0
Gm45790,0.0
Gm42812,0.088
Gm15535,0.68
Gatb,0.262
Fam160a1,-1.127
Glt28d2,-0.9
Sh3d19,-1.493
Prss48,0.0
Rps3a1,-0.295
Gm37933,1.205
Lrba,-0.173
Mab21l2,1.985
Gm37876,-0.259
Dclk2,0.433
Cd1d1,0.088
Kirrel,-4.415
Gm37855,-0.141
Fcrls,-5.675
Cd5l,-1.059
Fcrl1,-1.468
Fcrl5,-0.148
Etv3,-0.705
ETV3L,0.0
Arhgef11,0.268
Lrrc71,-0.689
Pear1,-3.409
Ntrk1,1.063
Insrr,0.709
Sh2d2a,-1.643
Prcc,0.242
Hdgf,0.068
Mrpl24,-0.176
Rrnad1,-0.375
Isg20l2,-1.013
Crabp2,-2.621
Nes,-4.351
Bcan,-0.54
Hapln2,-0.417
Gpatch4,1.007
Naxe,0.024
Ttc24,0.0
Iqgap3,-2.883
Mef2d,-0.061
1700113A16Rik,-0.836
AI849053,-0.202
AW047730,-0.406
Gm3764,0.104
Rhbg,0.325
Tsacc,0.458
Cct3,0.319
Glmp,-1.467
Tmem79,0.388
Smg5,-0.189
Paqr6,-4.291
Bglap3,-0.012
Bglap2,-0.226
Bglap,-0.695
Pmf1,-1.546
Slc25a44,0.493
Sema4a,-0.797
Lmna,-1.292
Gm37584,-0.367
Mex3a,-0.904
Rab25,-1.152
Lamtor2,0.03
Ubqln4,0.123
Ssr2,-0.681
Arhgef2,-0.601
Gm20652,-0.431
Rxfp4,0.0
Gm43714,-0.169
Khdc4,-0.384
Rit1,0.041
Gm17146,-0.543
Syt11,1.252
1500004A13Rik,2.136
Gon4l,-0.199
Gm43713,0.0
Msto1,-0.027
Dap3,0.2
Ash1l,-0.568
Rusc1,1.478
Fdps,0.697
Pklr,0.0
Hcn3,1.716
Clk2,-0.967
Scamp3,0.224
Gm16069,0.085
Fam189b,1.531
Gba,-0.657
Mtx1,0.105
Thbs3,-1.765
Muc1,-1.276
Trim46,1.683
Krtcap2,-0.381
Dpm3,-0.818
Slc50a1,-1.091
Efna1,-1.424
Efna3,2.247
Gm15998,-0.354
Efna4,-1.523
4731419I09Rik,-0.229
Adam15,-0.049
Dcst1,-0.397
Dcst2,0.988
Zbtb7b,-0.812
Gm15417,0.29
Lenep,0.157
Flad1,0.391
Cks1b,-0.9
Shc1,0.401
Pygo2,-0.175
Pbxip1,-4.065
Pmvk,0.753
Kcnn3,0.607
Adar,0.784
Chrnb2,2.084
4632404H12Rik,0.173
Ube2q1,0.316
She,-4.156
Il6ra,-3.904
Gm42809,-0.803
Atp8b2,0.187
Hax1,0.178
Gm19710,-0.393
Ubap2l,-0.17
4933434E20Rik,0.203
Gm16540,0.053
1700094D03Rik,-0.396
Tpm3,-0.576
Nup210l,-1.883
Rps27,-0.901
Rab13,-2.806
Jtb,-0.398
Creb3l4,-2.28
Slc39a1,-2.321
Crtc2,-0.622
Dennd4b,0.361
4930537H20Rik,-0.66
Gatad2b,-0.259
Slc27a3,0.374
Ints3,0.141
Npr1,-3.191
Gm16048,0.0
Ilf2,-0.014
Snapin,0.041
Chtop,-0.158
S100a1,-1.888
S100a13,-1.585
S100a14,-1.312
S100a16,-3.754
S100a2,-1.005
S100a3,-0.412
S100a4,-2.819
S100a5,-0.312
S100a6,-2.99
S100a7a,-0.591
S100a8,-0.747
S100a9,-0.417
Pglyrp4,0.0
Gm5849,0.0
9130204L05Rik,0.0
Pglyrp3,0.0
Lor,1.271
Gm43736,0.0
4930511M18Rik,0.0
Gm43735,0.0
Prr9,0.0
Lelp1,0.0
Gm35439,-0.113
Sprr2a1,0.0
Sprr2a2,0.0
Sprr2a3,0.0
Sprr2b,0.0
Sprr2d,0.0
Sprr2e,0.0
Sprr2f,0.0
Sprr2h,0.0
Sprr2i,0.0
Sprr2j-ps,0.0
Gm9774,0.194
Sprr2k,0.0
Sprr1b,0.0
Sprr3,0.0
Sprr1a,0.0
Sprr4,0.0
2310046K23Rik,0.0
Ivl,0.0
Smcp,0.0
2210017I01Rik,0.0
Lce6a,0.0
Lce1a1,0.0
Lce1b,0.0
Lce1a2,0.0
Lce1c,0.0
Lce1d,0.0
Lce1e,0.0
Lce1f,0.0
Gm38119,0.0
Lce1g,0.064
Lce1h,0.0
Lce1i,0.0
Lce1j,0.0
Lce1k,0.0
Kprp,0.0
Gm38201,0.0
Lce1l,0.0
2310050C09Rik,0.0
Lce3a,0.0
Lce3b,0.0
Lce3c,0.0
Lce3d,0.0
Lce3e,0.0
Lce3f,0.0
Crct1,0.496
Lce1m,0.0
Gm4858,0.0
Crnn,0.0
Flg2,0.0
Flg,0.0
Gm37245,0.0
Hrnr,0.0
Rptn,0.0
Tchh,-2.357
Tchhl1,0.0
S100a11,0.089
S100a10,0.962
Tdpoz2,0.0
Tdpoz1,0.0
Gm37596,0.0
Gm5773,0.0
Tdpoz4,0.0
Tdpoz3,0.0
Gm9117,0.0
Tdpoz5,0.0
Gm9125,0.0
Gm10697,0.0
Gm10696,0.0
Gm5286,0.0
Gm4778,0.0
Them4,1.479
Them5,0.548
Gm36070,0.121
C2cd4d,0.792
Gm38411,0.0
Rorc,0.852
Gm43401,0.0
Lingo4,0.379
1700040D17Rik,0.362
Tdrkh,0.349
Gm42463,-0.155
Oaz3,0.057
Mrpl9,0.309
Riiad1,1.525
Celf3,1.922
Snx27,0.368
Gm43773,-0.074
Gm43774,0.017
Gm43768,-0.643
Tuft1,0.61
Gm15234,-0.359
Selenbp2,0.0
Cgn,0.718
Pogz,-0.395
Psmb4,0.335
Selenbp1,-2.964
Rfx5,-0.26
B230398E01Rik,-0.264
Pi4kb,-0.33
A730011C13Rik,-0.624
Gm15265,-0.147
Zfp687,-0.452
4930481B07Rik,0.238
Psmd4,0.33
Pip5k1a,-0.297
Vps72,0.006
Tmod4,0.43
Scnm1,0.126
Lysmd1,0.782
Tnfaip8l2,-4.598
Sema6c,0.734
Gabpb2,-2.576
Gm16740,-2.085
Mllt11,2.22
Cdc42se1,-1.556
Gm128,-0.077
Bnipl,0.014
Prune1,0.83
Mindy1,0.628
Anxa9,-1.374
6330562C20Rik,0.224
Cers2,-0.507
Setdb1,0.017
4930558C23Rik,0.0
Arnt,-1.021
Ctsk,-4.411
Ctss,-5.896
Hormad1,0.0
Golph3l,-0.334
Ensa,0.363
Mcl1,-1.025
Adamtsl4,-3.463
Ecm1,-2.62
Tars2,0.536
Rprd2,-0.029
Prpf3,-0.316
Gm26594,-0.341
Mrps21,0.125
C920021L13Rik,-0.881
Ciart,-0.672
BC028528,-3.169
Aph1a,-0.716
Car14,-1.908
Anp32e,-0.963
Plekho1,-0.537
Vps45,0.264
Otud7b,-1.075
Mtmr11,0.034
Gm17690,-0.556
Sf3b4,0.031
Sv2a,2.052
Bola1,0.127
Gm15444,-0.053
Hist2h2ab,-0.237
Hist2h2ac,-0.825
Hist2h2be,-1.43
Hist2h3c2,-0.298
Gm20632,-2.333
Hist2h2aa2,0.0
Gm20633,-0.694
Hist2h2aa1,-1.131
Hist2h3c1,-0.568
Gm20627,-0.42
Hist2h4,-0.758
Gm20628,-0.218
Hist2h3b,-1.33
Gm42743,-0.121
Hist2h2bb,-1.418
Fcgr1,-5.128
Platr30,0.0
Gm26553,0.0
4930477E14Rik,0.0
Gm26654,0.0
AC121792.1,0.0
BC107364,0.0
Gm10685,0.0
Hjv,2.534
Gm15441,-0.368
Txnip,-2.507
Gm16253,0.154
Polr3gl,-0.494
Ankrd34a,1.804
Lix1l,-1.64
Rbm8a,-0.055
Pex11b,0.279
Itga10,-1.555
Ankrd35,0.104
Pias3,-0.81
Nudt17,1.464
Polr3c,0.233
Rnf115,0.566
Cd160,-1.197
Pdzk1,-0.884
4930442L01Rik,0.0
Gpr89,0.124
Gja5,-1.879
Gja8,0.0
9230114J08Rik,0.0
4930573H18Rik,0.0
Acp6,-1.756
Bcl9,-0.628
Olfr1402,0.0
Chd1l,-1.831
Fmo5,-3.616
Prkab2,0.235
Gm17651,0.0
Pde4dip,1.138
Gm31305,0.135
Gm15999,-0.227
Sec22b,-0.835
Gm5544,-0.189
Notch2,-3.533
Adam30,-1.24
Reg4,-0.028
Hmgcs2,-4.816
Gm43189,-2.137
Phgdh,-3.605
Zfp697,0.404
Gm4450,0.0
Gm43190,0.102
Hsd3b4,0.0
Gm10681,0.0
Hsd3b5,0.0
Hsd3b2,0.428
Hsd3b3,-0.007
Hsd3b6,0.0
Hsd3b1,0.0
Hao2,0.0
5730437C11Rik,0.0
Gm12440,0.0
Wars2,-0.825
Gm43024,-0.695
Gm42717,-0.864
Tbx15,-1.745
Gm43120,0.0
Spag17,-0.541
Spag17os,0.0
Wdr3,-0.099
Gdap2,0.304
4930406D18Rik,0.0
Gm43121,0.0
Tent5c,-2.591
Gm12474,-0.581
Gm42868,-0.392
Man1a2,-0.32
Gm43466,0.113
Gm42869,-0.685
Gm43462,-0.305
Gm43463,-1.199
Gm43464,0.0
Vtcn1,0.0
Trim45,0.26
Ttf2,-0.456
Cd101,-1.918
Ptgfrn,-3.44
Gm43465,-1.374
Cd2,-2.469
Igsf3,-0.112
Gm42939,-0.355
Gm42938,-0.231
Gm42538,0.052
Atp1a1,0.864
Gm42937,0.671
Gm42941,0.355
Gm43135,0.0
Gm43134,0.054
Mab21l3,-1.159
Slc22a15,-0.14
Nhlh2,1.521
Casq2,-4.252
Gm43244,-0.464
4632404M16Rik,-0.658
Vangl1,-1.031
Gm16160,0.0
Gm43241,0.0
A230001M10Rik,-2.144
Gm43242,-0.19
Ngf,-3.707
Gm42679,-3.568
Gm42678,0.0
Gm42682,0.0
Tspan2os,1.609
Tspan2,-0.023
Tshb,0.194
Gm42681,0.0
Sycp1,-0.021
Nr1h5,0.11
Sike1,-0.309
Csde1,0.212
Nras,0.092
Gm43062,0.072
Ampd1,-0.52
Gm43063,-0.56
Dennd2c,-2.655
Bcas2,0.262
Trim33,-0.137
Gm43061,0.04
Syt6,1.873
Gm43066,0.0
Atg4a-ps,-0.201
Olfml3,-4.566
Gm10964,0.0
Hipk1,-0.552
Gm43149,-0.222
Gm15886,-0.218
Gm43387,-0.359
Dclre1b,-0.844
Gm15471,-0.313
Ap4b1,0.185
Bcl2l15,-1.426
Ptpn22,-3.158
Gm15472,-0.426
Gm43065,-0.488
Rsbn1,-0.156
Phtf1os,0.162
Phtf1,0.13
Magi3,-0.419
Gm42696,-0.612
9530097N15Rik,-0.602
Gm42700,-0.052
Gm42699,-1.368
Gm42702,-1.097
Gm42701,-0.87
Gm43258,-0.805
C030032O16Rik,-1.537
Gm43259,-1.459
Gm43260,-1.31
Gm43256,-1.129
Gm5546,-0.191
Lrig2,0.233
Gm38412,0.0
Gm43696,0.107
A530041M06Rik,-0.084
4930509H03Rik,-0.185
Slc16a1,-0.529
Gm43581,-0.896
Gm43585,-0.525
Gm29561,-0.053
Tafa3,-0.11
Ppm1j,0.398
Rhoc,-1.3
Mov10,-0.547
Capza1,0.026
Gm42658,-0.655
Gm42659,-0.532
St7l,-0.072
Wnt2b,0.025
Gm43846,-0.544
Gm40117,-1.438
Cttnbp2nl,-1.915
4930564D02Rik,0.0
Kcnd3os,0.235
Kcnd3,0.988
Gm43847,0.62
Ddx20,-0.595
Inka2,-3.727
Gm43848,-1.088
Rap1a,-2.016
Gm43328,-2.408
Gm43329,-1.687
Gm43330,-1.154
Gm43331,-1.45
Gm5547,-1.734
Adora3,-1.594
Tmigd3,-0.361
I830077J02Rik,-3.064
Atp5f1,0.383
Wdr77,0.41
Ovgp1,0.207
Pifo,0.165
Gm42722,0.215
Gm42721,0.0
Chil5,-0.724
Chia1,0.038
Chil3,0.0
Chil4,0.0
Chil6,0.0
2010016I18Rik,0.0
Dennd2d,-0.629
Cept1,-0.165
Dram2,0.058
Lrif1,-0.13
Cd53,-5.617
Olfr266,0.0
Gm35507,0.0
Gm27008,0.0
Kcna3,0.265
AI504432,1.19
A930002I21Rik,0.0
Kcna2,-2.565
Kcna10,0.0
Cym,0.219
A630076J17Rik,0.0
Prok1,-0.025
Lamtor5,0.438
Slc16a4,-2.072
Rbm15,-0.679
Kcnc4,2.238
Slc6a17,1.956
Ubl4b,0.0
Alx3,0.0
Strip1,0.402
Gm10961,0.0
Ahcyl1,0.086
Csf1,-1.5
Gm36211,0.0
Eps8l3,-0.211
4933431E20Rik,0.307
Gstm5,0.366
Gstm7,0.511
Gstm6,0.575
Gstm3,0.097
Gstm2,-4.366
Gstm1,0.091
Gm12498,-0.233
Gstm4,0.428
Ampd2,0.293
Gm12500,-0.728
Gnat2,-0.198
Gnai3,-0.185
Gpr61,1.973
Gm12524,0.463
Amigo1,0.719
Cyb561d1,0.573
Atxn7l2,-0.284
Sypl2,-1.005
Gm40123,0.0
1700010K24Rik,0.0
Psma5,0.273
Gm12523,0.0
Sort1,-0.578
Gm12525,0.479
Mybphl,0.057
Gm12522,-1.284
Psrc1,-3.746
Celsr2,-0.165
Sars,0.703
5330417C22Rik,1.841
1700013F07Rik,1.04
Tmem167b,-0.114
Taf13,-0.372
Wdr47,1.073
Clcc1,-1.611
Gpsm2,-4.034
Gm27244,0.0
Aknad1,0.313
Stxbp3,-1.875
Fndc7,-1.357
Prpf38b,-0.89
Gm9857,1.067
Henmt1,1.349
Fam102b,1.449
Gm43221,-0.417
4930408K08Rik,0.0
Slc25a54,0.0
Gm19391,0.659
Slc25a24,-0.77
Vav3,-0.79
Ntng1,0.391
Prmt6,0.015
C130013H08Rik,-0.034
Gm6602,0.0
Amy2a5,0.0
Amy2a4,0.0
Amy2a3,0.0
Amy2a2,0.0
Amy2a1,0.0
Amy1,0.47
Rnpc3,-0.411
Col11a1,-4.16
Olfm3,1.956
S1pr1,-4.385
Gm9889,-2.937
A930005H10Rik,0.408
Dph5,0.274
Slc30a7,-0.886
Extl2,0.176
Vcam1,-5.551
Gm43109,0.0
Gm26544,0.0
Gm31651,0.0
Gpr88,0.0
Cdc14a,-2.143
Gm29151,-0.321
Rtca,0.763
Dbt,-0.441
Lrrc39,-0.53
Trmt13,-0.525
Sass6,0.007
Gm42893,-0.694
Mfsd14a,-0.445
Gm42457,0.041
4930512P04Rik,0.032
Slc35a3,-0.065
Agl,0.042
Frrs1,-0.585
Palmd,1.019
4930455H04Rik,0.037
1700061I17Rik,0.0
Gm42891,0.0
Plppr4,2.072
Plppr5,2.042
Snx7,0.1
4921521D15Rik,0.178
Gm26871,2.239
Gm9916,1.347
Dpyd,-0.344
Ptbp2,0.813
Gm42664,-0.352
6530403H02Rik,0.402
Rwdd3,-0.005
Tmem56,0.373
Alg14,-0.463
Cnn3,-1.489
Slc44a3,-0.492
A530020G20Rik,-0.422
A730020M07Rik,-0.948
4930432M17Rik,0.0
Gm43608,0.0
Gm43607,0.0
F3,-4.512
Abcd3,-0.421
Arhgap29,-2.744
Abca4,-0.754
Gclm,0.446
Gm17494,0.575
Dnttip2,-0.817
Gm40190,0.0
Bcar3,-3.303
Gm4610,0.129
Gm42836,0.0
Fnbp1l,0.482
Gm43569,-0.226
Gm43568,-0.217
Pde5a,-2.097
4930447N08Rik,0.258
4933405D12Rik,-1.237
Fabp2,0.0
Gm10959,0.0
1810037I17Rik,-0.855
Usp53,-1.611
Myoz2,-0.4
Synpo2,-0.598
Sec24d,-0.764
Mettl14,-0.027
Gm35065,-1.215
Prss12,-2.879
Snhg8,-0.465
Ndst3,-0.288
Gm43731,0.0
Tram1l1,1.407
1700006A11Rik,0.0
Gm42823,0.0
1700003H04Rik,0.0
Gm42825,0.0
Ndst4,0.212
Ugt8a,-2.567
Gm42827,0.0
Arsj,-2.725
Gm17225,0.0
Camk2d,-0.289
Gm15551,0.468
Ank2,1.71
Gm16958,0.012
Larp7,-0.722
Zgrf1,-0.61
Gm43729,0.0
Neurog2,-0.023
Alpk1,-3.206
Tifa,-4.05
Ap1ar,0.594
Gm43653,-0.631
Gm35585,0.108
Fam241a,-0.542
9830132P13Rik,0.0
Gm35667,0.0
D030025E07Rik,0.0
Gm43824,0.0
4933424H11Rik,0.0
Gm28543,0.0
Pitx2,-1.436
Gm27195,0.0
Enpep,-4.45
Gm35986,0.581
Elovl6,0.03
Egf,0.082
Gm42697,0.0
Gm42650,0.0
6330410L21Rik,0.0
Lrit3,0.0
Rrh,0.122
Gar1,-0.198
Cfi,0.676
Pla2g12a,0.425
Casp6,-2.328
Mcub,1.643
Sec24b,-0.087
Col25a1,-1.97
Etnppl,-0.422
Ostc,-0.704
Rpl34,-0.354
Gm42997,0.268
Gm43522,0.05
2010110G14Rik,0.0
Gm36520,0.0
Gm43351,0.0
Gm43349,0.0
Lef1os1,-0.276
Lef1,-2.182
Hadh,-1.116
Cyp2u1,0.598
4930534D22Rik,0.849
Sgms2,0.264
Papss1,-0.552
Gm29865,0.359
Dkk2,-3.118
Gm42880,0.0
Gimd1,0.0
Aimp1,0.374
Tbck,0.188
Gm29811,-1.41
Npnt,-2.514
Gstcd,-0.255
Ints12,-0.43
Arhgef38,0.003
Gm43254,-0.093
Ppa2,0.557
Tet2,-0.934
Gm42567,-0.302
Gm40153,0.0
Gm6135,0.0
Gm30484,0.0
Gm26691,1.002
Gm43192,0.0
Gm30648,1.994
Cxxc4,2.047
4930539C22Rik,0.0
Gm26820,0.0
Tacr3,0.354
Cenpe,-3.479
Bdh2,0.543
Slc9b2,1.767
Slc9b1,0.505
Cisd2,-0.155
4930539J05Rik,-0.108
Ube2d3,-0.309
Manba,-0.878
Nfkb1,-1.862
Slc39a8,-3.981
4933401H06Rik,0.0
Gm31243,-1.631
Bank1,-2.606
1700030L20Rik,0.0
Ppp3ca,0.265
Gm43357,0.0
Gm43356,0.0
Gm567,0.0
Emcn,-5.056
Gm4861,0.0
Ddit4l,-4.3
Gm21962,-0.045
Gm42610,0.0
Gm31678,0.0
Gm43403,-0.425
H2afz,-0.015
Dnajb14,0.661
Gm40155,-0.424
Gm43689,0.386
Lamtor3,-0.021
Dapp1,-2.407
Gm19708,0.0
Gm5105,0.443
1110002E22Rik,-0.268
Mttp,-0.443
Gm43691,0.0
Trmt10a,0.192
4930579F01Rik,-0.06
0610031O16Rik,0.0
Adh7,-0.271
Adh1,-3.464
Gm16559,0.082
Adh6a,0.27
Adh6b,-0.485
Adh4,-0.071
Adh5,-0.178
Metap1,0.465
Eif4e,0.14
4930425O10Rik,0.0
Tspan5,-0.119
Rap1gds1,0.766
Stpg2,0.353
Gm32693,0.0
Gm43678,0.0
Gm43049,0.0
Gm32754,0.0
4930590L14Rik,0.0
Pdha2,0.0
Gm15688,2.202
Unc5c,1.963
Gm15689,0.0
Bmpr1b,0.455
Pdlim5,-0.473
Gbp5,-2.47
Gbp7,-2.295
Gbp3,-3.47
Gbp2b,-0.648
Gbp2,-4.56
Kyat3,-1.699
Gm15540,0.0
Gtf2b,-0.139
Pkn2,-1.258
Gm43646,-0.861
9530052C20Rik,-0.213
4930519L02Rik,0.174
Gm43614,0.0
A830019L24Rik,-0.36
Gm43613,0.0
Gm43612,0.0
1700001N15Rik,0.0
Gm43616,0.0
Gm33651,-0.098
Gm33758,0.0
Gm42704,0.0
Gm6260,0.0
Gm42705,0.0
Gm42706,0.0
Gm42707,0.0
Gm42708,0.0
Gm34078,0.0
Lmo4,-3.214
Gm43445,-2.456
Gm43446,0.0
Gm43447,0.0
Hs2st1,-1.151
Gm43707,-1.316
Gm43560,-1.185
Selenof,-1.294
Sh3glb1,-0.277
Clca3a1,-2.686
Gm34866,-0.354
Clca3a2,-2.152
Gm43240,0.021
Clca3b,-0.492
Clca4b,0.0
Gm16233,-0.624
Clca4a,-0.043
Gm35066,0.0
Clca1,0.0
Clca2,-1.007
Odf2l,-0.62
Col24a1,-0.01
9530034A14Rik,0.0
D530037P16Rik,-0.278
Znhit6,0.078
Ccn1,-5.109
Gm17501,-4.236
Ddah1,1.142
Bcl10,-0.961
2410004B18Rik,0.114
Syde2,-2.34
Gm35409,0.0
Wdr63,-0.629
Mcoln3,-0.059
Mcoln2,-1.498
Lpar3,-2.379
Gm10636,-0.053
Ssx2ip,0.813
Ctbs,-2.256
Spata1,-0.31
Gng5,-1.508
Rpf1,-0.288
Uox,0.484
Dnase2b,0.832
Gm16325,0.407
4930503B20Rik,0.0
Samd13,-0.272
Prkacb,1.186
Ttll7,2.056
Gm29771,0.191
Gm36831,0.0
Gm37041,0.07
Gm36888,0.0
Gm43574,0.0
Adgrl2,-0.583
Gm43573,-0.421
Gm43572,0.0
Gm10287,0.0
Gm30382,-0.486
Gm5149,-0.025
Gm31121,0.0
Gm43470,0.0
Gm43468,0.0
4930555A03Rik,-1.474
Gm42949,0.0
Adgrl4,-4.544
Ifi44,-2.133
Ifi44l,0.0
Ptgfr,-0.68
Gm43617,0.0
Gm43619,0.0
Gipc2,1.44
Gm31881,0.719
Dnajb4,-0.391
Fubp1,-0.38
Nexn,-2.722
Miga1,0.982
Usp33,0.46
Zzz3,-0.597
Ak5,-0.317
AI115009,-0.639
Pigk,0.251
St6galnac5,2.293
Gm16213,0.0
Gm16231,0.0
1700094M23Rik,0.006
St6galnac3,0.307
1700012D16Rik,0.0
1700015C17Rik,0.0
5730460C07Rik,-0.128
Asb17os,0.18
Asb17,0.028
Msh4,0.21
Rabggtb,1.167
Gm43400,0.041
Acadm,-0.197
Slc44a5,1.568
Lhx8,0.0
AI606473,-0.039
Tyw3,0.076
Cryz,-0.744
Gm38139,0.438
Erich3,1.83
Gm20389,0.0
Tnni3k,0.249
Fpgt,0.278
Lrriq3,-0.288
9330178D15Rik,0.738
Gm42947,0.0
4930570G19Rik,-0.415
Negr1,0.151
Gm15577,0.0
4930592C13Rik,1.081
Zranb2,0.305
Ptger3,0.663
Gm33466,0.384
Cth,-0.487
1810013D15Rik,-0.044
Ankrd13c,0.174
Srsf11,-0.452
Lrrc40,0.05
B230334C09Rik,1.147
Lrrc7,0.692
Gm20752,0.0
Depdc1a,-3.913
Rpe65,0.0
Wls,-2.929
Vmn1r2,0.0
Vmn1r3,0.0
AI838599,-4.396
Tmem68,0.019
Tgs1,-0.265
2210414B05Rik,0.0
Lyn,-4.261
Rps20,-0.27
Mos,0.123
Plag1,-0.577
Chchd7,0.365
Gm11808,-0.156
Sdr16c5,0.0
Sdr16c6,0.0
Penk,-2.111
A830012C17Rik,-0.688
Impad1,0.207
Gm11782,0.0
4930423M02Rik,0.0
Fam110b,0.822
Ubxn2b,-0.012
Cyp7a1,0.0
4930430E12Rik,-0.291
Sdcbp,-0.513
Nsmaf,-0.648
Tox,0.052
Gm11802,-0.071
8430436N08Rik,-1.58
Gm11795,0.0
Car8,-2.454
Rab2a,0.324
Chd7,-1.176
Clvs1,1.771
Gm11816,-0.036
Gm11817,0.035
Asph,-0.595
4930412C18Rik,1.163
Gdf6,-1.25
1700123O12Rik,0.0
Gm11815,-0.447
2610301B20Rik,-0.492
Plekhf2,-1.999
Ndufaf6,1.024
Gm11827,-0.696
Trp53inp1,-1.312
Ccne2,-0.519
Ints8,-0.0
Dpy19l4,-0.154
Esrp1,-1.33
Virma,-0.661
Gm11831,-0.106
Rad54b,-2.259
Fsbp,-1.181
Gm11832,0.0
Gem,-0.806
Cdh17,-0.62
Pdp1,1.091
1700123M08Rik,-1.005
Gm11840,0.0
Gm11842,0.0
Tmem67,-0.316
Rbm12b2,-0.312
Rbm12b1,-0.067
Fam92a,0.282
Gm11846,-0.079
Triqk,-0.781
Gm11820,0.0
Runx1t1,-0.134
Gm11823,0.0
1700120G11Rik,0.0
Slc26a7,-2.205
Lrrc69,0.0
Otud6b,0.14
Pip4p2,0.276
Gm11837,0.14
Necab1,1.375
Gm11844,0.0
Tmem64,-0.056
Calb1,1.36
Decr1,-0.632
Nbn,-0.511
Osgin2,-0.439
Ripk2,-0.85
A530072M11Rik,-0.501
Gm11861,0.0
Gm11851,0.846
Mmp16,0.893
Gm11867,0.0
Cnbd1,0.0
Cngb3,0.0
Cpne3,0.012
Rmdn1,0.074
Gm12353,-0.218
Wwp1,-1.127
Gm12354,0.0
Slc7a13,-0.971
Atp6v0d2,-0.729
4930480G23Rik,0.0
Ttpa,-0.753
Ggh,-1.537
Nkain3,2.085
Gm11872,0.0
Prdm13,0.0
Ccnc,0.669
Tstd3,1.458
Usp45,-0.019
Pnisr,-0.835
Coq3,0.768
Faxc,1.426
Fbxl4,-0.42
Pou3f2,-2.826
Gm30731,-2.102
1700025O08Rik,0.0
Gm11884,0.0
Gm28448,0.024
Gm27243,0.0
Mms22l,-1.888
Klhl32,1.404
Gm11899,0.255
Ndufaf4,0.548
C230012O17Rik,-0.451
Gpr63,-0.661
Gm11906,0.0
Fhl5,-0.894
Ufl1,-0.362
Fut9,1.387
Manea,-0.704
4930548K13Rik,0.0
Epha7,-0.708
Gm11915,0.0
Gm11917,0.0
Gm11916,0.0
Gm11924,0.0
4930556G01Rik,0.0
Map3k7,-0.232
Bach2,-1.042
Bach2it1,-0.378
Bach2os,-0.889
Gja10,0.0
Casp8ap2,-0.923
Mdn1,0.254
Lyrm2,0.045
Ankrd6,1.357
Rragd,1.676
4933421O10Rik,0.169
Ube2j1,0.664
Gabrr2,-0.538
Gabrr1,0.402
Pm20d2,0.954
Srsf12,1.82
Pnrc1,-1.896
Gm11934,0.94
Rngtt,0.18
Cnr1,1.937
Spaca1,-0.881
Gm12753,0.356
Akirin2,0.604
Orc3,-0.45
Rars2,0.204
Slc35a1,-0.309
Cfap206,1.467
Gm136,0.018
Smim8,0.171
Zfp292,-0.305
Cga,0.0
Platr9,0.0
Mob3b,-3.576
Gm12364,0.0
Ifnk,-0.398
C9orf72,1.263
Gm12367,0.0
Lingo2,1.639
Gm12371,1.685
Gm12374,0.348
Gm12381,0.0
Gm17094,0.0
1700009N14Rik,0.0
Aco1,-0.978
Ddx58,-1.552
Topors,-1.329
Smim27,-1.731
Ndufb6,0.551
4930509K18Rik,0.0
Tmem215,-0.881
4933428C19Rik,0.0
Aptx,0.408
Dnaja1,0.329
Smu1,-0.182
B4galt1,-1.798
Spink4,-0.146
Bag1,0.498
Chmp5,-0.03
Nfx1,-0.088
Aqp7,-1.561
Aqp3,-1.693
Nol6,0.433
Ube2r2,-0.093
Ubap2,0.441
Dcaf12,0.236
Ubap1,-0.113
Kif24,-1.678
Nudt2,0.142
Myorg,-3.011
1110017D15Rik,-0.035
Fam219aos,-0.562
Fam219a,0.631
Gm12404,-0.161
Dnaic1,-0.621
Enho,1.033
Gm12406,0.0
Gm12405,-0.119
Cntfr,0.034
Il11ra1,-1.102
Rpp25l,-0.484
Dctn3,0.974
Arid3c,0.072
Sigmar1,0.544
Galt,0.456
Ccl27a,1.498
Gm13307,-0.072
Gm21541,0.0
Gm20878,0.662
Fam205a4,0.0
Gm3892,0.682
Gm3893,0.0
Gm13304,0.0
Gm13299,0.0
Gm13306,-0.114
Gm13305,0.0
Gm17167,1.52
Ccl21b,0.0
Gm21980,0.0
Gm21953,0.0
Fam205a3,0.0
Gm21586,0.0
Fam205a2,0.0
Gm10591,0.0
Ccl27b,0.0
Il11ra2,0.0
4930578G10Rik,0.209
Gm12395,0.0
Ccl19,-1.296
Ccl21a,-1.892
Gm12394,0.053
Fam205a1,0.0
Fam205c,-0.256
Phf24,1.935
Dnajb5,0.272
1700022I11Rik,-0.286
Vcp,0.415
Fancg,-0.372
Pigo,-0.016
Stoml2,0.143
Fam214b,-0.023
Gm26881,-0.258
Unc13b,0.239
Atp8b5,0.037
Rusc2,1.122
Fam166b,-0.146
Tesk1,0.214
Cd72,-3.492
Sit1,-0.715
Rmrp,-0.31
Ccdc107,-0.076
Arhgef39,-3.137
Gm12454,-1.175
Car9,-2.36
Tpm2,-5.218
Tln1,-0.313
Creb3,0.237
Gba2,0.302
Rgp1,0.181
Msmp,-0.7
Gm12472,0.0
Gm12473,0.085
Npr2,0.185
Spag8,-0.459
Hint2,0.15
Fam221b,0.353
Tmem8b,0.785
Olfr70,0.0
Olfr71,0.0
Hrct1,-3.691
Spaar,-4.065
Olfr159,0.0
Olfr156,0.0
Olfr157,0.0
Olfr155,0.0
Reck,-3.126
Glipr2,0.387
Ccin,0.0
Clta,0.492
Gne,-0.333
Gm12503,-1.244
Rnf38,0.048
Melk,-3.486
Pax5,-0.639
Gm12462,0.0
Zcchc7,-0.206
Gm12678,0.0
Gm12493,0.0
Gm12679,0.08
Grhpr,-0.706
Zbtb5,0.288
1700055D18Rik,-0.752
Polr1e,0.715
Fbxo10,0.39
Tomm5,0.214
Frmpd1,1.818
Frmpd1os,0.012
Trmt10b,0.744
Exosc3,-1.339
Dcaf10,-0.041
Slc25a51,0.33
Shb,0.451
Gm12408,1.537
Gm829,0.0
Gm12410,0.0
Gm12409,0.0
Aldh1b1,1.559
Igfbpl1,1.608
Stra6l,-0.205
Ccdc180,-0.32
Tdrd7,-0.196
Tmod1,1.675
Tstd2,-0.147
Ncbp1,0.161
Xpa,-0.145
Gm12446,0.0
Foxe1,0.0
Trmo,0.077
Hemgn,0.0
Anp32b,-0.721
Nans,0.015
Trim14,-0.076
Gm16731,0.645
Coro2a,1.779
Tbc1d2,-0.381
Gabbr2,2.018
Gm568,-0.071
Anks6,-1.126
Galnt12,-3.971
Gm12426,0.0
Col15a1,-4.975
Tgfbr1,-0.698
Alg2,1.659
Sec61b,-0.288
Gm12434,0.0
Nr4a3,-1.137
Stx17,-0.345
Erp44,-1.14
Invs,-0.819
Tex10,-0.171
Msantd3,0.399
Tmeff1,1.619
Cavin4,1.369
Gm12436,0.0
Plppr1,1.128
Acnat2,0.0
Acnat1,-0.347
Baat,0.148
Mrpl50,0.312
Zfp189,-0.144
Aldob,-0.115
Tmem246,1.106
Rnf20,0.063
Grin3a,1.299
Ppp3r2,0.692
Cylc2,0.0
C630028M04Rik,0.0
Smc2os,1.231
Smc2,-1.936
Toporsl,0.0
Olfr275,0.0
Olfr273,0.0
Olfr272,0.0
Olfr270,0.0
Nipsnap3a,0.0
Nipsnap3b,0.38
Abca1,-3.468
4930412L05Rik,-0.738
4930522O17Rik,0.0
AI427809,-1.738
Gm12496,0.0
Slc44a1,-1.417
1700060J05Rik,0.0
Fsd1l,1.189
Fktn,0.298
Tal2,-0.269
Tmem38b,-0.898
Gm12484,0.0
Gm29067,0.0
Gm12478,0.0
Gm12480,0.0
Zfp462,-0.313
Gm12514,0.0
Rad23b,0.216
Gm12505,0.0
Gm12510,0.0
Klf4,-3.756
Gm12511,-0.411
Gm12506,0.0
Gm12519,0.0
2310081O03Rik,-0.081
Actl7b,-0.42
Gm26657,0.0
Actl7a,0.0
Elp1,0.831
Abitram,0.114
Ctnnal1,-3.828
Tmem245,-0.331
Frrs1l,1.758
Epb41l4b,-1.274
Gm12530,-2.944
Ptpn3,0.158
Gm12536,0.0
1700042G15Rik,0.0
Pakap,-0.668
Gm12526,0.0
D630039A03Rik,-0.451
Txn1,0.577
Txndc8,0.0
Svep1,-4.599
Musk,-3.816
Lpar1,-4.372
Gm12580,-0.67
Olfr267,-0.732
Ecpas,0.4
Zkscan16,0.465
Ptgr1,-1.994
Dnajc25,-1.65
Gng10,0.013
Shoc1,0.0
Gm12594,0.0
Ugcg,0.434
Gm12596,0.0
Susd1,0.689
Ptbp3,0.177
Hsdl2,-1.057
E130308A19Rik,-0.485
Inip,0.003
Snx30,0.574
Gm12542,0.0
Slc46a2,-0.196
Mup4,0.0
Mup6,0.0
Mup7,0.0
Mup2,0.0
Mup8,0.0
Mup9,0.0
Mup1,0.0
Gm13773,0.0
Mup10,0.0
Mup11,0.0
Mup12,0.0
Mup22,0.0
Mup13,0.0
Mup14,0.0
Mup15,0.0
Mup16,0.0
Mup17,0.0
Mup18,0.0
Mup19,0.0
Gm13775,0.0
Mup5,0.0
Mup20,0.0
Mup3,0.0
Gm12909,0.0
Gm12910,0.0
Mup21,0.0
Zfp37,-0.053
Slc31a2,-1.659
Fkbp15,-0.17
Slc31a1,0.379
Cdc26,-0.876
Prpf4,-0.212
Rnf183,0.358
Wdr31,0.246
Bspry,0.022
Hdhd3,0.309
Alad,-0.4
Pole3,-0.791
4933430I17Rik,0.29
Rgs3,1.132
Gm11209,0.0
Gm11210,0.0
Gm11211,0.0
Zfp618,0.259
Ambp,0.0
Kif12,0.0
Col27a1,-4.064
Orm1,0.0
Orm3,0.274
Orm2,0.0
Akna,-3.037
Aknaos,0.0
Whrn,-1.738
Atp6v1g1,0.285
Tmem268,-1.384
Gm11213,0.0
Tex48,0.0
Gm11482,0.0
Gm11214,0.0
Tnfsf15,-0.885
Tnfsf8,-3.422
Tnc,-4.647
8030451A03Rik,-0.847
Gm11216,0.0
Gm11217,0.0
Pappa,0.104
Astn2,0.634
Trim32,0.776
Tlr4,-3.091
Gm11751,0.0
Gm12911,0.0
Brinp1,1.624
Cdk5rap2,-1.135
Megf9,-1.776
Gm11228,0.0
Gm11232,0.0
Gm11234,0.0
Tle1,-0.564
Gm11250,0.0
C630043F03Rik,-0.78
Aldoart1,0.481
Gm11487,0.0
Gm11238,0.0
Gm11237,0.0
Gm11236,0.0
Gm11239,0.0
Gm428,0.0
Rasef,0.206
Gm11240,0.282
Gm11758,0.0
Gm11757,0.0
Gm13871,0.0
Gm11756,0.0
2310002L09Rik,0.0
Frmd3,0.704
Kdm4c,-0.192
A230083N12Rik,-0.339
Dmac1,0.101
Ptprd,0.84
Gm42303,1.477
B230208B08Rik,0.0
Gm11261,0.0
Tyrp1,-2.358
Lurap1l,-1.047
Mpdz,-1.033
Gm11412,0.049
Gm12914,0.0
Gm11264,0.0
Gm5860,0.0
Nfib,-1.983
Gm11266,-3.336
Gm11267,-0.576
Gm11269,0.0
Zdhhc21,0.961
Cer1,0.0
Frem1,-3.691
Ttc39b,1.202
Gm11413,0.264
Gm11184,0.0
Snapc3,0.192
Psip1,0.481
Ccdc171,-0.759
Gm26968,0.0
Gm11415,0.0
6030471H07Rik,0.0
Gm12414,0.158
Bnc2,-1.77
Gm12415,0.0
Cntln,-0.871
Sh3gl2,2.009
Adamtsl1,-1.447
Saxo1,0.0
Saxo1os,0.0
Rraga,0.659
Haus6,-0.144
Plin2,-0.521
Dennd4c,-1.21
Rps6,-0.143
Acer2,-0.592
Slc24a2,1.098
Gm12600,0.0
Mllt3,-0.646
Gm12631,0.0
Focad,-0.033
Hacd4,-2.933
Ifnb1,0.0
Ifna15,0.0
Ifna14,0.0
Ifna9,0.0
Ifna12,0.0
C87499,0.0
Ifna13,0.0
Ifna16,0.0
Ifna2,0.0
Ifnab,0.0
Klhl9,0.224
Gm26566,0.648
Gm13274,-0.829
Gm13271,0.0
Gm13283,-0.334
Gm13290,0.0
Gm13289,0.0
Gm13272,-0.572
Ifnz,-0.224
Gm13276,0.0
Gm13277,0.0
Gm13278,0.0
Gm13275,0.0
Gm13279,0.0
Gm13285,-0.22
Gm13287,0.0
Gm13288,-0.004
Ifna7,0.0
Ifna11,0.0
Ifna6,0.0
Ifna5,0.0
Ifna4,0.0
Ifna1,0.0
4930553M12Rik,-0.201
Ifne,0.0
Gm49890,0.181
Gm49891,-1.44
Wincr1,0.085
Gm12602,0.0
Mtap,-1.122
Gm12606,0.0
Cdkn2a,-2.34
Cdkn2b,-3.754
Gm12609,0.0
Gm12610,-0.558
Dmrta1,-2.89
Gm12629,0.0
Zfp352,0.024
Elavl2,2.128
Gm12668,0.0
Gm12670,0.0
4930577H14Rik,0.0
Izumo3,0.0
Gm12666,-0.053
Gm12637,0.0
Tusc1,0.803
Gm12649,0.071
Gm12648,1.03
Gm12655,0.487
Caap1,-0.034
Plaa,0.479
Ift74,-0.032
Lrrc19,-0.829
Tek,-3.994
Eqtn,0.584
Mysm1,-0.7
Gm12694,0.0
Gm12703,-1.256
Jun,-3.017
Junos,-0.473
4930551L18Rik,0.0
Gm28096,0.0
Gm12708,0.0
Gm29064,0.0
Gm830,-0.109
Gm12707,0.0
Fggy,-0.03
9530080O11Rik,1.853
Hook1,1.871
Cyp2j13,0.0
Cyp2j12,0.424
Cyp2j7,0.0
Cyp2j11,0.0
Cyp2j8,-0.72
Cyp2j6,-3.169
Cyp2j9,-4.215
Cyp2j5,0.0
Gm12695,0.0
E130114P18Rik,-3.898
Gm12676,-1.204
Nfia,-3.236
0610025J13Rik,-1.636
Tm2d1,0.462
Patj,-0.357
L1td1,-0.265
Kank4,-4.168
Kank4os,-0.838
I0C0044D17Rik,0.0
Usp1,-2.046
Dock7,-0.384
Angptl3,-0.631
Gm12705,-0.113
Gm12681,-0.257
Atg4c,0.057
Gm12689,-0.529
Gm12690,0.0
Gm12688,-4.194
Foxd3,-4.501
Gm12682,0.0
Alg6,-0.774
Itgb3bp,-0.936
Efcab7,-1.205
Pgm1,0.611
Gm12702,0.0
Ror1,-3.605
Gm12701,0.0
Ube2u,-0.131
Ube2uos,0.0
Cachd1,-0.309
Raver2,-1.164
Jak1,0.163
Gm12801,0.0
Gm12796,0.0
E130102H24Rik,-0.525
0610043K17Rik,0.095
Gm12798,0.0
Ak4,1.091
Dnajc6,1.86
Leprot,-0.443
Lepr,-1.226
B020004J07Rik,0.0
C130073F10Rik,0.0
Gm12800,0.0
Gm12794,0.0
Gm12790,0.0
Gm12789,0.0
Pde4b,0.127
Sgip1,1.988
Gm12709,0.104
Tctex1d1,1.124
BB031773,0.195
Insl5,-0.284
Wdr78,-0.496
Mier1,-1.151
Slc35d1,-0.973
Gm44037,0.533
4921539E11Rik,0.0
4930456L15Rik,0.0
Oma1,-0.963
Gm12718,0.048
Gm12720,0.0
Dab1,-2.497
C8b,0.052
C8a,0.0
Gm17662,0.0
Fyb2,0.099
Prkaa2,1.476
Plpp3,-4.751
Gm12728,0.526
Gm12729,0.0
Gm12724,0.0
Gm12730,0.0
Usp24,-0.289
Pcsk9,-1.32
Bsnd,0.0
Tmem61,-0.174
2700068H02Rik,0.673
Dhcr24,0.833
Gm12744,-0.316
Lexm,0.0
Ttc22,1.616
Pars2,-0.027
Ttc4,-0.102
Mroh7,0.611
Fam151a,0.222
Acot11,-0.265
Gm12746,0.0
Ssbp3,0.637
Gm12786,0.094
Mrpl37,0.271
Cyb5rl,-0.046
Cdcp2,0.0
Gm12802,0.217
Tceanc2,0.169
Tmem59,-0.521
Ldlrad1,0.149
Lrrc42,0.108
Hspb11,-0.236
Dio1,0.0
Yipf1,0.034
Gm12869,0.0
Ndc1,-0.166
Glis1,0.764
Dmrtb1,0.0
1700047F07Rik,0.0
Gm12907,0.0
4933424M12Rik,-1.128
Lrp8os3,1.988
Lrp8,1.658
Lrp8os2,0.264
Lrp8os1,0.0
Magoh,-0.406
Czib,-0.43
Cpt2,-0.235
4930407G08Rik,0.031
Slc1a7,0.812
Podn,-3.903
Scp2,-0.681
Echdc2,-0.679
Zyg11a,0.152
Zyg11b,1.165
Coa7,0.308
Shisal2a,2.497
Gpx7,-2.425
Tut4,-0.271
Gm12737,0.0
Prpf38a,0.061
Orc1,-2.312
Gm12743,0.496
Cc2d1b,-0.169
Gm17354,-0.266
Zfyve9,0.336
3110021N24Rik,-0.002
Btf3l4,0.075
Txndc12,-2.28
Kti12,-0.341
Rab3b,1.59
8030443G20Rik,0.98
Nrd1,0.053
Osbpl9,0.0
Calr4,-3.241
Eps15,-0.124
Ttc39aos1,0.173
Ttc39a,1.42
Rnf11,0.801
4930522H14Rik,0.0
Gm12811,0.648
9630013D21Rik,-2.714
Cdkn2c,-3.665
Faf1,0.602
Dmrta2os,0.0
Dmrta2,-0.194
Elavl4,2.141
Agbl4,1.587
Bend5,1.286
Spata6,-1.828
Slc5a9,-0.144
Skint8,0.023
Skint7,0.0
Skint1,0.0
Skint4,0.0
Skint3,-1.163
Skint9,0.0
Skint2,0.0
Skint10,0.0
Skint6,0.0
Gm12823,0.0
Skint5,0.0
Skint11,0.0
Trabd2b,-3.949
Gm28864,0.0
Gm12829,-0.094
9130410C08Rik,-2.819
Gm12830,0.0
Foxd2,-4.393
Foxd2os,-5.604
Foxe3,0.0
Cmpk1,0.785
Stil,-2.573
Tal1,-3.511
Pdzk1ip1,-1.277
Cyp4x1,2.163
Cyp4x1os,1.26
Cyp4a29,0.0
Cyp4a12a,0.0
Cyp4a12b,0.0
Cyp4a30b,0.0
Cyp4a14,0.0
Cyp4a10,0.0
Cyp4a31,0.0
Cyp4a32,0.0
Cyp4b1,-1.322
Efcab14,-0.35
Tex38,1.371
Atpaf1,0.163
Mob3c,-2.174
Mknk1,-1.012
Gm29434,0.0
Kncn,-0.601
6430628N08Rik,0.0
Dmbx1,-0.037
Faah,0.74
Nsun4,0.024
Uqcrh,0.173
Lrrc41,-0.006
Rad54l,-1.889
Pomgnt1,0.186
Lurap1,-0.024
Tspan1,0.869
1700042G07Rik,0.0
Gm12951,0.0
Pik3r3,0.616
Mast2,0.383
Ipp,-0.314
Tmem69,0.459
Gm12953,-0.271
Gpbp1l1,-0.948
C530005A16Rik,1.196
Ccdc17,-0.094
Nasp,-1.169
Akr1a1,0.536
Prdx1,0.008
Mmachc,0.698
Ccdc163,-1.639
Tesk2,-2.315
Toe1,-0.261
Mutyh,-0.927
Hpdl,0.479
Gm12996,0.79
Zswim5,1.03
Urod,0.291
Hectd3,0.597
1700021J08Rik,-0.106
Eif2b3,0.46
Ptch2,-2.991
Btbd19,-0.63
Tctex1d4,-0.831
Plk3,0.37
Rps8,-0.054
Kif2c,-2.532
1700012C08Rik,0.0
Armh1,-0.99
Tmem53,-0.262
Rnf220,0.301
Gm12843,1.211
Gm12828,0.0
Gm12827,0.0
Eri3,0.372
Dmap1,0.0
Gm12840,-2.0
Gm12845,0.0
Klf17,0.0
Slc6a9,-0.401
Gm17114,0.0
Ccdc24,0.119
B4galt2,0.499
Gm12841,-0.371
Atp6v0b,0.875
Dph2,0.35
Ipo13,0.154
Artn,-0.528
St3gal3,0.078
9530034E10Rik,0.341
Kdm4a,-0.249
Ptprf,-0.196
Szt2,-0.146
Med8,-0.013
Elovl1,-2.109
Cdc20,-3.968
Mpl,0.0
Tie1,-4.252
2610528J11Rik,-0.031
Tmem125,-1.127
Cfap57,0.692
Ebna1bp2,-0.432
Gm12853,0.0
Olfr62,0.0
Olfr1342,0.0
Olfr1341,0.0
Olfr1340,0.0
Olfr1339,0.0
Olfr1338,0.0
Olfr1337,0.0
Olfr1335,0.0
Olfr1333,0.0
Olfr1331,0.0
Olfr1330,0.0
Olfr1329,0.0
Olfr1328,0.0
Gm12863,0.0
Lao1,-0.229
Gm12861,0.0
Gm12865,0.0
Gm12862,0.0
Gm12866,0.0
Slc2a1,-0.895
Gm12867,0.112
Gm12868,0.0
Zfp691,0.082
Ermap,-0.604
Svbp,-0.39
AU022252,0.131
Tmem269,-0.072
Gm12898,-0.2
P3h1,-3.544
Gm12927,-0.726
Cldn19,-3.083
Ybx1,-0.292
Ppih,-0.129
Ccdc30,1.07
BX470216.1,-0.329
Ppcs,0.346
Zmynd12,-0.053
Rimkla,1.831
Frg2f1,0.093
Foxj3,0.104
Guca2a,-0.039
Guca2b,0.0
Hivep3,1.266
AL607142.1,0.0
Edn2,1.062
Foxo6,0.217
Foxo6os,0.262
Scmh1,0.299
Slfnl1,-0.133
Ctps,0.732
Gm8439,0.0
Gm12860,0.0
Gm45579,0.0
Cited4,0.687
Kcnq4,-0.396
Nfyc,-0.733
Rims3,2.031
Exo5,0.053
Zfp69,-1.463
Smap2,0.754
Col9a2,-4.341
Zmpste24,-0.322
Tmco2,0.045
Rlf,-0.506
Gm12888,0.0
Gm12886,0.0
Gm12887,0.0
9530002B09Rik,0.0
Ppt1,-0.734
Cap1,-0.336
Mfsd2a,-4.137
4933421A08Rik,-0.568
Mycl,0.887
Trit1,-0.333
Gm12923,0.0
Bmp8b,0.704
Oxct2b,0.291
Ppie,-0.699
Hpcal4,1.775
Nt5c1a,1.108
Heyl,-4.874
Pabpc4,0.331
Bmp8a,0.489
Oxct2a,0.0
Macf1,0.38
Gm12925,0.145
Ndufs5,0.82
Akirin1,0.369
Rhbdl2,-1.757
1700121C08Rik,0.0
4933427I04Rik,0.0
Mycbp,0.246
Gm12905,-0.146
Rragc,0.002
Gm12916,0.0
1700021L23Rik,0.0
4933435F18Rik,0.0
1700057H15Rik,0.0
Gm2164,0.0
4933407E24Rik,0.0
Pou3f1,-5.224
Utp11,-1.205
Fhl3,-2.287
Sf3a3,-0.202
Gm12915,0.826
Inpp5b,-0.314
Mtf1,-0.042
1110065P20Rik,0.366
Yrdc,0.477
Maneal,1.08
Epha10,1.745
1700125G02Rik,0.228
Cdca8,-2.608
9930104L06Rik,-0.359
Gm12930,0.0
Rspo1,-2.793
Gnl2,0.022
Dnali1,-0.657
Snip1,-0.365
Gm12932,-0.479
Meaf6,0.472
Zc3h12a,-3.337
1700041M05Rik,0.0
Grik3,-2.77
2610028E06Rik,0.462
Csf3r,-3.108
Mrps15,0.524
Oscp1,-0.021
Lsm10,-0.04
Stk40,-0.421
Gm12946,0.0
Eva1b,-4.945
Sh3d21,-2.396
Thrap3,-0.563
Map7d1,0.195
Trappc3,0.057
Col8a2,-4.29
Adprhl2,-0.652
Tekt2,0.905
Gm12945,0.0
Ago3,-0.215
Ago1,-0.576
Ago4,0.183
Clspn,-3.182
5730409E04Rik,1.06
Psmb2,0.124
Tfap2e,-0.092
Ncdn,1.158
AU040320,0.417
Zmym4,0.087
Sfpq,-0.387
Gm12940,-1.001
Zmym1,0.306
Zmym6,-0.228
Tmem35b,-0.444
Dlgap3,1.999
Smim12,0.534
Gja4,-4.504
Gjb3,-0.313
Gjb4,-0.023
Gjb5,-2.537
4930471C06Rik,0.0
1700080G11Rik,0.0
A630031M04Rik,0.0
1700112K13Rik,0.0
CK137956,0.359
Csmd2,-0.656
Csmd2os,0.0
Hmgb4,0.153
Hmgb4os,0.0
Zscan20,-0.483
Tlr12,-1.839
Gm12958,0.0
Phc2,-0.278
A3galt2,-1.017
Zfp362,-1.065
Gm12968,-0.261
Trim62,0.254
Azin2,1.122
Gm15904,0.0
Ak2,0.349
1700086P04Rik,1.084
Rnf19b,0.914
Tmem54,1.119
Hpca,1.581
Gm15906,0.0
Fndc5,-0.227
S100pbp,0.679
Yars,0.438
C77080,0.212
Gm12976,0.559
Sync,1.152
Rbbp4,-0.717
Zbtb8os,0.084
Zbtb8a,-0.036
Zbtb8b,1.579
Bsdc1,-0.177
Tssk3,-0.052
Fam229a,0.628
Gm12979,-0.209
Marcksl1,-0.238
Hdac1,-1.452
Lck,-0.11
Fam167b,-3.525
Eif3i,-0.013
Tmem234,0.237
Dcdc2b,-0.627
Iqcc,-0.489
Ccdc28b,-0.044
Txlna,-0.519
Kpna6,0.378
Tmem39b,-0.139
Khdrbs1,-0.052
Ptp4a2,-0.36
E330017L17Rik,-0.116
Spocd1,-0.076
1700003M07Rik,-0.157
Adgrb2,1.04
Gm12963,-2.014
Col16a1,-4.047
Pef1,0.612
Hcrtr1,1.322
Tinagl1,-1.362
Ldc1,0.0
Serinc2,0.441
Gm10570,1.627
Fabp3,2.128
Zcchc17,0.504
Snrnp40,-0.291
Nkain1,1.234
Pum1,-0.233
Gm12971,-0.265
Gm12972,0.0
Sdc3,0.5
Gm12970,0.0
Gm26716,-0.663
Laptm5,-5.359
Matn1,0.102
Gm12973,0.0
A930031H19Rik,0.0
Gm831,0.0
Gm12962,0.0
Gm16080,0.0
Ptpru,0.707
Mecr,0.454
Srsf4,-0.473
Gm12992,-0.66
AL607088.1,0.0
Tmem200b,-0.834
Epb41,-0.544
Gm13063,0.0
Gm10300,0.328
Oprd1,0.302
Ythdf2,-0.01
Gmeb1,-0.096
Gm28874,-1.268
Gm28872,0.0
Taf12,-0.424
Rab42,0.529
Snhg12,0.183
Trnau1ap,-0.268
Rcc1,-0.684
Snhg3,0.287
Gm17300,-1.367
Phactr4,-0.913
Med18,-0.147
Sesn2,-0.994
Gm12981,-1.194
Atpif1,1.12
Gm12999,0.928
Dnajc8,-0.053
Ptafr,-3.759
Eya3,0.165
Xkr8,-0.079
Smpdl3b,-2.029
Rpa2,-1.039
Themis2,-3.044
Ppp1r8,-0.085
Stx12,0.366
Fam76a,-0.814
Fgr,-1.967
Ahdc1,-0.216
Wasf2,-1.784
Gpr3,1.459
Cd164l2,1.238
Map3k6,0.222
Sytl1,-1.594
Tmem222,0.193
Wdtc1,0.5
Slc9a1,-0.021
Gm13257,0.0
Tent5b,-1.47
Trnp1,1.968
Kdf1,0.0
Nudc,0.157
Nr0b2,-0.064
Gpatch3,-0.069
Gpn2,-0.29
Sfn,-0.25
Zdhhc18,0.657
Pigv,-1.013
Arid1a,-0.162
Gm12974,-0.351
Rps6ka1,-0.923
Gm12977,0.0
Hmgn2,-1.348
Dhdds,0.537
Lin28a,0.607
Gm13061,0.0
Zfp683,0.0
Crybg2,0.665
Cd52,-6.112
Ubxn11,-0.113
Sh3bgrl3,0.732
Cep85,-0.379
Gm7534,0.0
Catsper4,-0.08
Cnksr1,-0.453
Zfp593,0.477
E130218I03Rik,0.474
Gm30191,-0.031
Grrp1,-4.239
Pdik1l,-0.035
Trim63,-0.888
Slc30a2,-2.326
Extl1,-0.021
Pafah2,0.103
1700021N21Rik,0.663
Stmn1,0.812
Paqr7,0.44
Aunip,-1.838
Mtfr1l,0.106
Selenon,-0.74
Man1c1,0.228
Ldlrap1,-4.183
Maco1,0.958
Rhd,0.3
Tmem50a,0.229
Rsrp1,-0.472
Syf2,-0.703
Gm16225,0.0
Runx3,-3.639
Gm16224,0.0
Clic4,-2.217
Gm12984,0.0
Srrm1,-0.552
Ncmap,-1.671
Rcan3,1.259
Gm15979,0.0
Nipal3,1.436
Stpg1,0.891
Grhl3,1.474
1700029M20Rik,0.0
Ifnlr1,0.775
Il22ra1,0.0
Myom3,-2.74
Srsf10,-0.653
Pnrc2,-1.304
Cnr2,-1.3
Fuca1,-0.761
Hmgcl,-1.075
Gale,0.838
Lypla2,0.57
Pithd1,0.338
Eloa,-1.102
Gm13008,0.184
Gm24362,-0.953
Rpl11,-0.0
Id3,-2.386
E2f2,0.641
Asap3,-1.45
Tcea3,-4.656
Zfp46,0.079
Hnrnpr,-0.465
Gm27022,-0.525
Htr1d,0.754
6030445D17Rik,0.035
Luzp1,-0.96
Kdm1a,0.264
Tex46,0.0
Lactbl1,0.0
Ephb2,-0.899
C1qb,-5.455
C1qc,-5.681
C1qa,-5.692
Epha8,1.137
Zbtb40,-0.306
1700037C06Rik,0.0
Gm13001,0.0
Gm13003,0.0
Wnt4,-1.02
Cdc42,0.095
2810405F17Rik,-0.106
Cela3a,0.0
Cela3b,0.0
Gm13010,-0.574
1700013G24Rik,0.0
Hspg2,-4.767
Ldlrad2,-1.061
Usp48,0.004
Rap1gap,-0.426
Rap1gapos,-0.333
Alpl,-4.105
Ece1,-1.935
Gm13012,-0.955
Eif4g3,0.214
1700095J12Rik,-0.395
2310026L22Rik,0.764
Hp1bp3,-0.201
Sh2d5,1.846
Kif17,0.43
Ddost,-0.698
Pink1,0.261
Cda,1.633
Fam43b,1.201
AB041806,1.093
Mul1,0.324
Camk2n1,-0.571
Vwa5b1,1.115
Ubxn10,0.674
Pla2g2c,0.249
Pla2g2f,0.069
Pla2g2d,-0.484
Pla2g5,-0.756
Gm13030,0.0
Pla2g2e,0.0
Otud3,0.102
Rnf186,0.0
Tmco4,-1.645
Htr6,1.043
Gm45533,0.173
Nbl1,0.502
Micos10,0.493
Gm16287,0.461
Capzb,0.087
Pqlc2,-0.067
Akr7a5,0.057
Mrto4,0.168
Emc1,0.125
Ubr4,0.454
Iffo2,-0.976
Aldh4a1,0.013
Tas1r2,0.0
Pax7,0.0
Gm1667,0.0
Gm13028,0.0
4933427I22Rik,0.526
Klhdc7a,-0.063
Igsf21,2.109
Gm13027,0.0
Gm13029,0.05
Gm13016,1.081
Gm13017,0.0
Gm13021,0.0
Gm13026,0.0
Arhgef10l,-0.44
Gm13025,0.592
Rcc2,-0.732
Padi6,0.0
Padi4,-0.301
Padi3,-1.158
Gm13032,0.202
Padi1,-0.107
4930515B02Rik,0.0
Padi2,0.255
Gm13031,-0.116
Sdhb,0.53
Atp13a2,1.211
Mfap2,-1.59
Crocc,-0.259
Necap2,-2.659
Spata21,0.449
Szrd1,-1.589
4921514A10Rik,-0.233
Fbxo42,0.284
Cplane2,-0.611
Arhgef19,-4.007
Gm13055,0.0
Gm13056,-2.745
Epha2,-3.83
Gm13074,-0.129
Fam131c,1.376
Clcnka,0.245
Gm13075,0.193
Clcnkb,0.774
Hspb7,-0.378
Srarp,-0.549
Zbtb17,-0.241
Spen,-0.194
Fblim1,-1.835
Tmem82,-1.269
AI507597,0.015
Slc25a34,-0.613
Plekhm2,0.032
Ddi2,0.247
Rsc1a1,0.0
Agmat,0.209
Dnajc16,0.124
Casp9,0.142
Cela2a,0.0
Ctrc,0.0
Ctrcos,0.0
Efhd2,-1.123
Gm29367,-0.146
Fhad1os2,0.0
Fhad1,1.03
Fhad1os1,0.0
4930455G09Rik,0.644
Tmem51,0.162
Gm13053,0.0
Tmem51os1,0.437
Kazn,0.091
Gm13062,0.0
Gm13052,0.0
6330411D24Rik,-0.166
Prdm2,-0.267
Pdpn,-4.075
Lrrc38,-0.08
Pramel1,0.0
Pramef8,-0.295
Oog4,0.0
Gm13043,0.0
Gm13040,0.0
BC080695,0.0
Gm13057,0.0
Gm13083,0.0
Gm13088,0.0
Gm13089,0.0
Gm13078,0.0
Gm13023,0.0
Gm13084,0.0
Gm13103,0.0
Pramef6,0.0
Pramef25,0.0
Gm13101,0.0
Pramef17,0.0
Pramel4,0.0
Gm13102,0.0
Oog3,0.0
Oog2,0.0
C87977,0.0
Pramel5,0.0
Gm13128,0.0
Gm13119,0.0
Pramef20,0.0
Pramef12,0.0
Pramef12os,0.0
1700012P22Rik,0.0
Gm9944,0.0
Aadacl3,0.0
9430007A20Rik,0.0
Gm13124,0.0
Aadacl4,0.0
Gm436,0.0
Gm13178,0.0
Gm438,0.0
Dhrs3,-4.745
Vps13d,0.01
Tnfrsf1b,-2.912
Tnfrsf8,-0.045
Platr16,0.0
Zfp990,0.3
Gm13212,-2.414
Zfp980,0.06
Gm13236,0.0
Zfp986,0.132
Zfp987,0.0
Zfp600,0.0
Gm13165,0.0
Gm13166,-0.515
Zfp992,-0.273
Zfp981,0.628
1700095A21Rik,0.0
Zfp993,-0.32
Gm21411,0.0
Zfp989,0.0
Rex2,0.0
4933438K21Rik,0.156
Zfp991,0.029
Zfp988,0.823
Zfp978,0.0
Zfp982,-0.416
Zfp985,0.416
Zfp979,0.416
Gm16211,-0.061
Zfp534,0.0
Zfp984,-0.535
Gm20707,-1.388
Zfp933,-0.252
Miip,-1.035
Fv1,-0.58
Mfn2,0.973
Plod1,-3.2
2510039O18Rik,0.057
Nppb,1.64
Nppa,0.191
Gm13054,0.459
Clcn6,0.366
Mthfr,-0.576
Gm13201,0.0
Agtrap,-3.125
Draxin,1.133
Mad2l2,0.734
Fbxo6,-0.024
Fbxo44,1.219
Fbxo2,1.595
Disp3,1.022
Gm13206,0.0
Gm13200,0.0
Ubiad1,-0.932
Mtor,0.602
Angptl7,-1.44
Exosc10,-0.209
Gm13209,0.0
Srm,0.359
Masp2,-0.307
Tardbp,-0.128
Gm572,0.0
Gm13203,0.296
Casz1,1.939
Gm15969,0.042
Gm13205,1.021
Gm17029,-0.569
Pex14,0.061
Dffa,1.198
Cort,-0.381
Cenps,-0.476
Pgd,-0.066
Kif1b,0.903
Ube4b,1.01
Ube4bos3,0.0
Ube4bos2,0.0
Ube4bos1,-0.068
Rbp7,-3.3
Nmnat1,-0.678
Tmem274,0.0
Lzic,-0.529
Ctnnbip1,0.242
Gm13066,-0.232
Clstn1,0.534
Pik3cd,1.379
Tmem201,0.308
Slc25a33,1.757
Gm13068,0.0
Gm16188,0.0
Gm13073,0.327
Spsb1,0.151
Gm13070,0.0
H6pd,-1.934
Gm13067,-0.046
Gpr157,-0.591
Gm13093,0.499
Slc2a5,0.961
Slc2a7,0.0
Car6,-0.046
Eno1,0.723
Rere,0.37
Gm13091,-0.78
Slc45a1,1.878
Gm16079,0.0
Gm13049,0.0
1700045H11Rik,0.0
Errfi1,-1.462
Park7,0.357
Tnfrsf9,0.818
Camta1,1.232
Uts2,0.0
Per3,-2.016
Vamp3,-0.614
Gm13090,0.033
4930589P08Rik,0.0
Dnajc11,0.09
Thap3,-0.733
Phf13,-0.475
Klhl21,-0.001
Zbtb48,-0.281
Tas1r1,0.32
Nol9,-0.151
Plekhg5,-1.104
Tnfrsf25,-2.048
Espn,-2.402
Hes2,-0.043
Acot7,2.002
Gm13096,0.0
Gpr153,-0.174
Hes3,0.111
Icmt,0.55
Rnf207,0.58
Rpl22,-0.941
Chd5,2.01
Gm13645,0.156
Kcnab2,1.769
Gm16333,0.263
Nphp4,0.81
Gm833,0.056
Gm13173,0.0
Gm13174,0.0
Ajap1,-0.36
Gm13115,0.0
BC039966,0.0
A430005L14Rik,-0.809
Dffb,-0.44
Cep104,0.204
Lrrc47,0.346
Smim1,0.455
Ccdc27,0.0
Trp73,-0.147
Trp73os,0.0
Wrap73,-0.202
Tprgl,0.351
Megf6,-3.445
Arhgef16,-4.774
Prdm16,-2.658
B230104I21Rik,0.0
Gm13133,-0.224
Gm13134,-1.29
Prdm16os,-4.764
Gm27202,0.0
Gm13110,-0.107
Actrt2,0.0
Ttc34,0.484
Gm13112,0.129
Mmel1,0.582
Prxl2b,0.923
Tnfrsf14,-1.309
Gm20421,0.0
Hes5,-2.965
Pank4,0.019
Plch2,1.003
Gm10564,0.0
Pex10,-0.28
Rer1,-0.376
Morn1,-0.74
Ski,-0.621
Faap20,0.488
Prkcz,1.714
Gm27200,0.514
Gabrd,-0.048
5830444B04Rik,-0.342
Cfap74,0.301
Tmem52,-1.78
Gnb1,0.844
Nadk,-0.632
Slc35e2,-0.274
Gm16023,-0.395
Gm10563,-0.186
Gm16024,0.0
Cdk11b,-0.65
Mmp23,-4.026
Mib2,0.112
Fndc10,1.385
Ssu72,0.548
1500002C15Rik,0.04
Tmem240,1.036
Atad3a,-0.028
Atad3aos,-0.581
Vwa1,-4.688
Tmem88b,-0.766
Ankrd65,0.0
Mrpl20,0.662
Ccnl2,-0.832
Aurkaip1,0.237
Mxra8os,0.0
Mxra8,-4.121
Dvl1,0.231
Tas1r3,0.066
Cptp,0.767
Ints11,0.094
Pusl1,0.295
Acap3,0.901
Ube2j2,0.208
C1qtnf12,-0.427
B3galt6,0.406
Sdf4,-0.452
Tnfrsf4,-0.475
Gm16008,0.179
Tnfrsf18,-2.312
Ttll10,-0.153
Gm13648,0.0
9430015G10Rik,-0.579
Rnf223,0.45
Agrn,-0.994
Isg15,-3.939
AW011738,-3.649
Perm1,-1.644
Plekhn1,-0.077
Noc2l,-0.251
Samd11,1.23
Gm47252,0.192
Vmn2r-ps159,0.0
Gm36548,0.0
Cdk6,-4.534
Gm17590,-1.576
Gm42435,-0.268
Fam133b,-0.356
Gm43017,-1.012
1700109H08Rik,-0.714
Rbm48,-0.298
2510017J16Rik,-1.098
Pex1,0.4
Gm43825,-0.022
4833413G10Rik,0.509
Gatad1,0.323
Tmbim7,0.0
Ankib1,0.198
Krit1,-0.157
Lrrd1,0.151
Mterf1a,-0.33
Akap9,0.237
Gm43031,-0.262
Cyp51,-0.096
Mterf1b,-1.041
Fzd1,-4.89
Gm42744,0.0
Cdk14,0.592
Gm43112,0.001
Gm43113,0.018
Gm43111,0.381
Gm43623,-0.142
Gm43577,-0.491
Gm10484,-0.121
Gm43727,-0.256
Gm43728,-1.099
1700015F17Rik,-0.464
Cldn12,-0.386
Gtpbp10,-0.63
Gm8773,1.586
Cfap69,0.231
Steap2,-0.48
Steap1,-1.798
Gm40263,0.0
Zfp804b,0.165
Tex47,-0.075
Gm30835,-0.304
Steap4,-5.309
Gm15731,0.0
Sri,-0.638
Adam22,0.951
Dbf4,-1.898
Slc25a40,-0.241
Rundc3b,1.735
Abcb1a,0.283
Gm5106,0.0
Abcb1b,-1.23
Abcb4,-2.018
Crot,-0.91
Gm15611,-0.19
Gm40264,0.004
Tmem243,-1.144
Dmtf1,-0.305
Gm15734,0.499
9330182L06Rik,1.615
Grm3,-0.094
Gm10482,0.0
Gm5152,0.0
Gm31831,0.0
Gm6455,0.0
Gm43358,0.0
Gm8871,0.0
Gm8857,0.0
Gm43492,0.0
4930558F17Rik,0.0
Gm8879,0.0
Gm32554,0.0
Gm5861,0.0
Gm33093,0.0
Gm8890,0.0
Gm32877,0.0
Speer1,0.0
1700108N06Rik,0.0
Gm8897,0.0
4930437M23Rik,0.0
Gm8906,0.0
Gm43640,0.0
Gm6460,0.0
Gm33847,0.0
Gm8922,0.0
1700003C15Rik,0.0
Gm8926,0.0
Gm43132,0.0
Gm6465,0.0
Gm43131,0.0
4933402N22Rik,0.0
Gm29066,0.0
Gm8953,0.0
Sema3d,-2.98
Sema3a,-0.923
4930568A13Rik,0.0
Speer3,0.0
Sema3e,-2.659
Gm4128,0.0
Pclo,1.958
Gm26918,0.606
Gm26954,0.167
Gm9758,0.0
Speer4e,0.0
Gm10354,0.0
Gm17019,0.0
Gm43391,0.0
Gm21149,0.0
Gm21847,0.0
Gm21190,0.0
Gm30613,0.0
Gm21083,-0.037
Speer4d,0.0
4930572O03Rik,0.0
Speer4cos,0.0
Speer4c,0.0
4930519H02Rik,0.0
Gm3510,1.617
Cacna2d1,1.213
Gm43000,0.448
Hgf,-1.295
Gm28710,-0.01
Speer4f2,0.0
Speer4f1,0.0
Sema3c,-2.975
Cd36,-4.704
Gnat3,-0.458
Gnai1,0.274
Gm31752,0.0
4921504A21Rik,-0.09
Magi2,0.248
Gm29254,-0.752
Phtf2,0.728
Tmem60,0.242
Rsbn1l,-0.728
A630072M18Rik,-1.061
Ptpn12,-0.528
Gsap,-2.076
Ccdc146,-2.593
Fgl2,-4.662
Fam185a,0.991
Fbxl13,-0.687
Lrrc17,-2.854
Armc10,-0.247
Napepld,-0.99
Pmpcb,-0.189
Dnajc2,0.425
Psmc2,0.458
Slc26a5,-0.289
Reln,-5.313
Gm10475,0.022
Gm16110,0.0
Gm43657,0.0
Orc5,-0.114
6030443J06Rik,-0.105
A930003O13Rik,0.291
Lhfpl3,1.776
Gm42948,0.0
Gm42951,0.0
5031425E22Rik,-0.481
4930580E04Rik,-0.583
Kmt2e,-0.324
Srpk2,0.477
Gm43566,0.395
AI506816,-0.335
Pus7,-0.068
Rint1,-0.242
Tomm7,-0.267
2700038G22Rik,-0.147
Fam126a,-0.427
Klhl7,0.507
Nupl2,0.218
Kcnh2,0.039
Gm15589,0.0
Nos3,0.032
Gm15587,-0.328
Atg9b,1.77
Abcb8,0.15
Asic3,-0.173
Cdk5,0.761
Slc4a2,-0.724
Fastk,0.274
Tmub1,0.89
2310074N15Rik,1.658
Agap3,0.803
Gbx1,-0.845
Asb10,-1.618
Iqca1l,-0.301
Abcf2,0.376
Chpf2,-0.225
Smarcd3,-0.317
Nub1,0.374
Gm26648,-1.695
Wdr86,-2.99
Crygn,-0.105
Rheb,0.301
Prkag2,1.33
Prkag2os2,0.0
Prkag2os1,0.045
1500035N22Rik,-0.266
2900005J15Rik,0.556
Galntl5,0.0
Galnt11,0.314
E130116L18Rik,0.04
Kmt2c,-0.347
Cct8l1,0.0
1700096K18Rik,-1.531
Gm10062,-0.524
Gm43972,0.0
Xrcc2,-0.78
Actr3b,1.819
Gm21655,0.0
Gm21663,0.0
Gm21671,0.0
Gm21680,0.0
Gm21698,0.0
Gm1979,0.064
Gm5862,0.0
Speer4a,0.389
Gm7347,0.0
Gm10471,0.102
5031410I06Rik,0.0
Gm10220,0.077
Gm7361,0.385
4930584F24Rik,0.0
Dpp6,1.96
Speer4b,0.017
Gm16058,0.869
Paxip1,-0.072
Htr5a,1.167
Gm26608,0.18
Insig1,-0.51
En2,0.0
Cnpy1,0.0
Rbm33,-0.258
Shh,0.236
9530036O11Rik,0.37
Rnf32,1.522
Lmbr1,0.409
4632411P08Rik,0.078
Nom1,-0.297
Mnx1,0.0
Ube3c,0.523
Gm5129,-0.666
Dnajb6,0.611
Gm42450,0.0
A230098N10Rik,0.0
Il6,-4.061
Tyms,-1.4
Gm4961,-0.217
3110082J24Rik,-0.222
Garem2,1.078
Hadha,-0.599
Hadhb,-0.324
Adgrf3,0.0
Selenoi,0.545
Drc1,1.7
Gm43755,0.218
Otof,-0.378
1700001C02Rik,0.0
Cib4,0.0
Gm42765,0.0
Gm9899,1.632
Kcnk3,0.417
Slc35f6,-0.505
Cenpa,-3.386
Dpysl5,1.46
Gm42764,0.0
Mapre3,1.445
Gm19409,0.489
Gm15461,0.0
Tmem214,-0.501
Agbl5,0.015
Ost4,-0.447
Emilin1,-1.752
Khk,-0.847
Cgref1,1.806
Preb,-0.029
Tcf23,-0.106
Slc5a6,0.575
Atraid,-1.115
Cad,-0.642
Slc30a3,-0.087
Dnajc5g,0.0
Trim54,0.0
Gm15469,0.0
Ucn,0.0
Mpv17,-0.242
Gtf3c2,-0.385
Eif2b4,0.219
Snx17,-0.145
Zfp513,-0.713
Ppm1g,0.242
Gm9970,-1.045
Nrbp1,0.114
Krtcap3,-0.672
Ift172,-0.066
Fndc4,0.321
Gckr,0.321
Zfp512,0.41
4930548H24Rik,-0.368
4930566F21Rik,0.104
Gpn1,0.304
Supt7l,-0.454
Slc4a1ap,0.351
Gm43660,-0.461
AI839979,0.195
Mrpl33,-0.046
Rbks,-0.257
Babam2,-0.458
Gm17130,0.0
Fosl2,-1.438
Plb1,-0.852
Gm36840,0.0
Gm7596,0.0
Ppp1cb,-0.096
Gm15614,-0.712
Yes1,-0.94
Pisd,-0.663
Gm43695,0.0
Prr14l,-0.087
Depdc5,0.243
Ywhah,1.568
Slc5a1,-0.092
Spon2,-4.341
Ctbp1,0.233
Gm20465,0.0
Maea,0.509
Uvssa,-0.828
Nkx1-1,0.0
Gm43851,0.0
Fam53a,-0.84
Gm9903,-0.134
Slbp,-0.489
Tmem129,0.046
Tacc3,-1.169
Fgfr3,-3.238
Letm1,0.408
Nsd2,0.689
Nelfa,-0.398
Gm42849,0.011
Gm42851,1.084
Gm1673,1.395
Nat8l,0.57
Poln,-1.451
4930557J02Rik,0.0
Haus3,-1.473
Mxd4,-1.96
Gm42846,0.0
Zfyve28,0.152
Gm15513,0.292
Gm42848,0.0
Cfap99,0.002
Gm43458,0.0
Rnf4,-0.329
Fam193a,-0.266
Tnip2,-0.765
Sh3bp2,-0.3
Add1,0.003
Mfsd10,-0.718
Nop14,0.254
Gm15522,0.028
Grk4,-0.629
Gm42560,-0.247
Htt,0.232
Msantd1,1.801
Rgs12,0.204
Gm43791,0.003
Hgfac,-0.785
Dok7,0.978
Lrpap1,0.158
Adra2c,1.134
4930478P22Rik,0.0
E130018O15Rik,0.611
Hmx1,2.01
Cpz,-3.981
Trmt44,-0.073
4931431C16Rik,0.0
Acox3,-0.345
Htra3,-4.987
Sh3tc1,-1.903
Gm15650,0.0
Ablim2,1.58
Afap1,0.169
Sorcs2,-2.555
Psapl1,-0.265
2210406O10Rik,1.789
Grpel1,0.144
Tada2b,0.054
Ccdc96,0.117
Tbc1d14,0.222
D5Ertd579e,0.239
Bloc1s4,-0.246
Gm43701,0.0
Mrfap1,-0.146
Man2b2,-1.158
Ppp2r2c,2.011
Ppp2r2cos,-0.131
Wfs1,1.035
Jakmip1,2.006
Gm26647,0.367
Gm1043,1.586
Crmp1,2.077
Evc,-4.748
Evc2,-3.239
Stk32b,1.852
Cytl1,-1.939
Gm43763,0.0
Msx1,-3.992
Gm20052,0.0
Gm40289,0.0
Stx18,-0.079
Nsg1,1.94
Zbtb49,-0.6
Lyar,-0.43
Tmem128,0.054
Otop1,-0.02
Gm26560,0.0
Drd5,0.065
4930487D11Rik,0.0
Slc2a9,-1.007
Wdr1,-0.193
Zfp518b,0.26
Clnk,-0.689
Clnkos,0.0
Gm40293,0.0
Gm40292,0.0
Gm42524,0.0
4930513D17Rik,-0.742
Hs3st1,-3.421
Gm35191,0.0
Rab28,-0.6
Nkx3-2,0.0
Bod1l,0.03
Gm16223,0.115
Gm43700,0.0
Gm42711,0.0
Gm7854,0.018
Cpeb2,0.733
Gm43020,0.0
Gm43699,0.059
Gm43021,0.372
C1qtnf7,-0.376
Gm15866,-0.239
Cc2d2a,-0.589
Fbxl5,0.28
Gm42555,0.014
Bst1,-1.746
Cd38,-4.454
Gm16014,-0.182
Gm16015,0.0
Gm7879,-0.358
Fgfbp1,-1.89
Prom1,0.376
Gm42716,1.292
Gm16401,0.738
Gm42428,0.0
Tapt1,-0.155
Gm42982,0.0
Gm42984,0.456
Gm36017,0.0
Ldb2,-3.574
Gm43507,-0.153
Gm3364,-2.35
Gm42750,0.0
4930431F12Rik,0.0
D5Ertd615e,-0.191
Gm43303,-0.473
Qdpr,0.631
Gm42413,-0.143
Clrn2,0.0
Lap3,-0.292
Med28,0.174
Fam184b,1.075
9630001P10Rik,0.965
Ncapg,-3.188
Lcorl,-0.93
4930405L22Rik,0.0
Slit2,1.23
4930518C09Rik,0.027
Gm20475,0.456
5730480H06Rik,0.316
Kcnip4,1.86
Gm20700,0.0
Adgra3,-2.427
4930448I18Rik,0.0
Gm36814,0.0
Gm43016,0.0
Ppargc1a,-1.195
Gm43177,0.0
Dhx15,-0.158
9230114K14Rik,0.423
C130083M11Rik,0.0
Gm43179,0.0
Sod3,-4.789
Ccdc149,0.866
Gm3519,0.114
Lgi2,0.639
Gm43685,0.0
8030423F21Rik,0.075
Sepsecs,-0.112
Pi4k2b,-1.154
Zcchc4,-0.111
Anapc4,0.311
5033403H07Rik,0.0
Gm30301,0.0
Slc34a2,-0.05
Gm17182,0.0
Sel1l3,1.822
Smim20,0.39
Gm45495,1.254
Gm42745,0.0
Rbpj,-0.425
Gm10441,0.0
Gm40304,0.0
Cckar,0.964
Tbc1d19,0.152
Stim2,-0.98
Gm10440,0.205
4932441J04Rik,0.139
Pcdh7,-0.149
4930459L07Rik,0.0
1700029E06Rik,0.0
Gm43042,-0.039
4933402J10Rik,0.0
1700014F14Rik,0.0
G6pd2,0.0
Arap2,-2.72
Dthd1,0.0
Nwd2,2.003
0610040J01Rik,-4.088
Rell1,-2.853
Gm15819,0.0
5830416I19Rik,-0.457
Pgm2,-1.387
Tbc1d1,-1.449
Gm43838,0.0
Gm43837,0.0
Gm31363,0.0
1700027F09Rik,0.0
C030018K13Rik,0.0
Gm3716,-1.488
Gm42564,0.0
Gm42565,0.0
Gm26761,0.0
Gm20033,-1.598
Klf3,-1.995
Tlr1,-2.628
Tlr6,-2.709
Fam114a1,-4.676
Tmem156,-1.521
Klhl5,-3.09
Wdr19,-0.073
Rfc1,-0.488
Klb,0.46
Rpl9,-0.096
Lias,0.294
Ugdh,-1.682
Smim14,0.341
Ube2k,0.158
Gm42726,-0.825
Pds5a,-0.329
N4bp2os,0.09
N4bp2,-0.283
Rhoh,-3.588
Chrna9,0.0
9130230L23Rik,-0.907
Rbm47,-3.047
Gm26725,0.0
1700126H18Rik,0.0
Nsun7,-0.394
Apbb2,-0.129
Uchl1os,0.658
Uchl1,1.911
Limch1,-2.304
Gm15949,0.0
Gm15948,0.0
Phox2b,1.631
Gm42670,-0.472
Tmem33,-0.563
Slc30a9,0.672
Gm43698,-0.124
Bend4,0.469
Gm26756,0.417
C330024D21Rik,0.136
Shisa3,-3.075
Atp8a1,0.3
Gm15478,-0.09
Gm15477,1.069
Gm21905,0.0
4930425K10Rik,0.0
Gm5108,0.51
Grxcr1,0.592
Kctd8,0.261
Yipf7,-0.087
Guf1,-0.312
Gnpda2,-0.108
Gabrg1,1.064
Gabra2,1.578
Cox7b2,0.802
Gabra4,-0.491
Gabrb1,0.841
Gm38562,0.0
Commd8,-0.263
Corin,-1.206
Gm20647,0.0
AU023070,0.0
Nfxl1,-0.919
Zar1,0.447
Gm5868,1.33
Cnga1,-0.914
4933408A14Rik,0.0
Nipal1,-4.394
Txk,-3.345
Tec,-4.334
Slain2,-0.28
Gm10135,0.025
Slc10a4,1.789
Fryl,-0.361
1700071G01Rik,0.0
Gm17207,-0.308
Gm34411,0.2
1700025M24Rik,0.0
Ociad1,0.246
Ociad2,1.459
Cwh43,0.562
Dcun1d4,0.793
Lrrc66,0.326
Sgcb,-0.152
Spata18,-2.829
1700019F05Rik,0.0
C78283,0.0
Usp46,-0.117
Usp46os1,0.0
Usp46os2,0.0
Dancr,-0.01
Rasl11b,-2.148
Scfd2,0.514
Fip1l1,-0.051
Lnx1,1.482
Gm15984,0.0
Gm15985,0.0
Gm42575,0.0
Gm6116,0.0
Chic2,0.16
Gsx2,0.0
Gm19583,0.0
Pdgfra,-5.495
Gm42802,0.0
Gm42800,0.0
Kit,-3.232
Gm43101,0.326
Gm43100,0.0
Gm19590,-1.005
Gm28865,0.0
Kdr,-4.304
Gm32780,0.0
Srd5a3,-0.68
Tmem165,-1.419
Clock,-0.214
Gm7467,1.003
Pdcl2,0.0
4930432L08Rik,0.0
Nmu,0.806
Gm7271,0.163
Exoc1,0.481
Cep135,-0.886
C530008M17Rik,1.205
Aasdh,-0.471
Ppat,0.502
Paics,0.097
Srp72,0.223
Arl9,-0.956
1700112J05Rik,0.0
Thegl,0.0
Hopx,-1.63
Hopxos,-0.411
Gm15831,0.0
Chaer1,0.0
Spink2,-3.319
Rest,-4.498
Noa1,0.577
Polr2b,0.001
Igfbp7,-3.936
Gm34648,0.0
Gm34728,0.0
1700017L05Rik,0.0
Gm42761,0.0
Adgrl3,0.1
Gm16054,0.159
1700031L13Rik,0.0
Tecrl,-0.602
Epha5,1.319
Gm43532,0.679
Gm43567,0.0
Cenpc1,-0.052
Stap1,-2.101
Uba6,0.729
Gnrhr,0.0
Tmprss11c,0.0
Tmprss11d,0.067
Tmprss11a,0.0
Tmprss11g,0.0
Tmprss11f,0.0
Tmprss11b,0.0
Gm43056,0.0
Tmprss11e,0.0
Gm16579,0.0
Gm43057,0.13
Ythdc1,-0.401
Ugt2b34,0.0
Ugt2b1,0.0
Ugt2b35,0.0
Ugt2b36,0.0
Ugt2b5,0.0
Ugt2b37,0.0
Ugt2a3,0.0
Ugt2b38,0.0
Ugt2a2,0.0
Ugt2a1,0.0
Sult1b1,0.0
Sult1d1,0.0
Sult1e1,0.0
Csn1s1,0.0
Csn2,0.0
Csn1s2a,0.0
Csn1s2b,0.0
Prr27,0.0
Gm42794,0.0
Odam,0.067
1700066N21Rik,0.0
BC037156,0.0
Csn3,0.193
BC051076,0.0
2310003L06Rik,0.0
Cabs1,0.0
Smr3a,0.037
Smr2,0.0
Gm11116,0.0
Gm11115,0.0
Gm7714,0.0
Prol1,0.0
Amtn,0.0
Ambn,0.0
Enam,0.0
Jchain,0.449
Utp3,-0.048
Rufy3,1.902
Grsf1,0.764
Mob1b,-0.239
Dck,0.585
Gm42912,0.118
Slc4a4,-0.655
Gc,0.0
Npffr2,0.02
Adamts3,-2.117
Cox18,0.461
Ankrd17,0.124
Gm9958,-0.462
Alb,-0.158
Afp,-0.111
Gm43449,0.15
Afm,0.418
Gm42109,0.882
Albfm1,1.011
Rassf6,0.211
Cxcl5,-1.605
Ppbp,-0.887
Pf4,-5.202
Cxcl3,-0.187
Cxcl15,0.0
Gm43086,0.0
Cxcl1,-5.294
Cxcl2,-4.884
Gm42530,0.0
Mthfd2l,-0.096
Epgn,-0.272
Gm19610,0.0
Ereg,-0.113
Areg,-0.397
Gm19619,0.0
Btc,-0.793
Parm1,1.261
Gm28271,0.0
1700063O14Rik,0.0
Gm43688,0.25
Rchy1,-0.116
Odaph,0.039
Cdkl2,1.779
G3bp2,0.786
Uso1,0.136
U90926,0.11
Ppef2,-0.717
Naaa,-2.296
Sdad1,0.403
Gm43599,0.0
Cxcl9,-2.735
Art3,-5.666
Cxcl10,-4.711
Nup54,0.06
Scarb2,-0.608
Fam47e,-0.944
Stbd1,-0.332
Ccdc158,-1.37
Shroom3,-3.053
Gm20500,0.0
Sowahb,0.113
Sept11,-0.441
Ccni,0.214
2010109A12Rik,-0.97
Ccng2,-0.605
Gm16427,0.0
C87414,0.0
Gm7792,0.0
Gm16429,0.0
BC061212,0.0
Gm6351,0.0
Gm3106,0.0
A430089I19Rik,0.0
Gm6502,0.0
AA792892,0.0
Gm7682,0.0
Gm3139,0.0
Gm3147,0.0
Gm6509,0.0
Gm6205,0.0
Gm3183,0.0
Gm6367,0.0
Gm7942,0.0
Gm16513,0.0
Gm10424,0.0
Gm3259,0.0
D5Ertd577e,0.0
Gm3286,0.0
Gm7971,0.0
Gm7978,0.0
Gm7982,0.0
E330014E10Rik,0.0
Cxcl13,-0.979
Cnot6l,-0.711
Mrpl1,0.014
Fras1,-3.32
Gm33050,0.0
Gm42604,0.0
Anxa3,-5.119
1700016F12Rik,-0.664
Gm42601,0.0
Gm33370,-1.498
Gm8013,0.191
Gm9484,-0.612
Bmp2k,-1.012
Paqr3,0.786
Gm33609,0.0
Gm2861,0.0
Gm33969,0.0
Naa11,0.0
4930467D21Rik,0.0
Gk2,0.0
Antxr2,-2.745
Prdm8,-1.193
A730035I17Rik,-0.299
Fgf5,-0.753
Cfap299,0.281
Gm11111,0.0
1700010H22Rik,0.0
Bmp3,1.164
Prkg2,1.866
Gm43251,0.0
Rasgef1b,0.47
Gm35394,0.299
Gm35172,0.0
Gm16227,0.0
4930405H06Rik,0.0
Gm16226,0.0
4930522N08Rik,0.0
Gm38413,0.0
Vamp9,-0.462
Hnrnpd,-0.226
Gm17092,-0.547
Hnrnpdl,-0.764
Enoph1,-0.282
Tmem150c,1.388
Tmem150cos,-0.147
Gm9932,0.0
2310034O05Rik,0.544
Sec31a,-0.426
5430416N02Rik,0.339
Lin54,-0.38
Cops4,0.186
Plac8,-4.815
Coq2,0.659
Gm15777,0.088
Hpse,-2.551
Helq,0.044
Mrps18c,0.503
Abraxas1,-1.423
Gm43514,-0.765
4930458D05Rik,-0.209
Gpat3,-0.325
Gm36793,0.0
Gm20484,0.0
Nkx6-1,-0.836
Gm42133,0.199
9430085M18Rik,0.781
Cds1,1.617
Wdfy3,0.505
Gm20548,-0.15
Gm29707,0.09
1700013M08Rik,0.0
Arhgap24,-1.804
Mapk10,1.985
4930429D17Rik,-0.223
1700021F02Rik,0.0
5430427N15Rik,-2.307
Ptpn13,-3.757
Gm42620,0.0
Slc10a6,-0.443
1700016H13Rik,0.125
Aff1,-1.771
Klhl8,0.44
Hsd17b13,-0.671
Hsd17b11,-1.142
Nudt9,-0.839
Gm17660,-0.175
Sparcl1,-4.939
Gm26703,-0.492
Dspp,0.0
Dmp1,-1.21
Gm31048,0.0
Ibsp,0.0
Mepe,0.0
Spp1,-4.568
Pkd2,-1.73
BC005561,-0.77
D930016D06Rik,-0.203
Zfp951,-0.274
Abcg3,-2.222
Gbp8,-2.069
Gbp9,-2.87
Gbp4,-3.386
Gbp10,0.0
Gbp6,-2.992
Gm26519,-2.278
Gm32051,-2.254
Lrrc8b,-0.177
Lrrc8c,0.712
C230066G23Rik,0.048
Lrrc8d,-0.432
Lrrc8dos,-0.04
Zfp326,-0.298
Gm32736,0.0
Gm32921,0.0
4930458A03Rik,0.0
4930432H08Rik,0.0
Gm42916,0.0
Barhl2,0.0
Gm26872,0.0
Gm28050,1.826
Gm29464,0.0
Gm17304,0.0
Zfp644,-0.303
Hfm1,1.5
Cdc7,-0.655
Gm33474,1.273
Tgfbr3,-3.774
Brdt,0.386
Gm42902,-0.008
Ephx4,1.099
Gm17202,0.0
Lpcat2b,0.0
Btbd8,1.235
1700028K03Rik,0.019
Glmn,0.183
Rpap2,0.22
A930041C12Rik,1.337
Gm26692,0.602
4930428O21Rik,0.0
Gfi1,-1.374
A430072P03Rik,0.0
Evi5,0.016
Ube2d2b,0.0
Rpl5,-0.361
Dipk1a,0.119
Mtf2,-0.009
Tmed5,-1.137
Ccdc18,-1.59
Dr1,0.214
Pigg,0.001
9330198I05Rik,-0.352
Gm42518,0.869
Gm42517,1.712
Gm10419,1.468
Pde6b,0.0
Atp5k,0.647
Mfsd7a,-1.971
Pcgf3,0.42
Cplx1,2.207
Gak,0.233
Tmem175,0.176
Dgkq,0.501
Idua,-0.132
Slc26a1,-0.172
Fgfrl1,-3.602
Rnf212,0.0
1700047L14Rik,0.0
Tmed11,0.0
Vmn2r8,0.0
Vmn2r9,0.0
Gm20629,0.138
Vmn2r10,0.0
Vmn2r11,0.0
Vmn2r12,0.0
Vmn2r13,0.0
Vmn2r14,0.0
Vmn2r15,0.0
Vmn2r16,0.0
Vmn2r17,0.0
Crlf2,-0.063
5430403G16Rik,-0.944
4930522L14Rik,-1.447
A430073D23Rik,-1.235
Gm26779,-0.358
Gm15446,-0.065
1010001B22Rik,-1.15
Zfp932,-0.063
Gm17655,-0.334
Gm35315,0.315
Plcxd1,1.01
Gtpbp6,0.922
Zfp605,0.535
Chfr,0.228
Gm43136,-1.167
Gm15787,-1.063
Golga3,0.139
Gm43138,-0.474
Gm43137,0.283
Ankle2,-0.515
Pgam5,0.593
Gm15788,0.282
Pxmp2,0.094
Pole,-1.29
Gm15792,0.0
P2rx2,1.673
Lrcol1,0.854
Fbrsl1,0.043
Gm42596,-0.208
A630023P12Rik,-0.358
Galnt9,1.962
Noc4l,-0.001
Ddx51,-0.156
Gm42595,-0.019
Ep400,-0.658
Gm15559,0.713
Pus1,0.128
Ulk1,0.541
Hscb,0.043
Chek2,-1.767
Ttc28,-0.564
Pitpnb,-0.27
Gm43118,-0.057
Mn1,-2.356
C130026L21Rik,0.0
Gm42489,0.0
Gm26897,0.0
E130006D01Rik,-0.81
Gm16019,0.0
Gm36535,0.0
Gm42488,0.0
1700016B01Rik,0.0
1700028D13Rik,0.0
Miat,1.369
Gm26953,0.684
Cryba4,-0.997
Crybb1,-1.668
Tpst2,-0.537
Tfip11,0.181
Srrd,0.43
Hps4,0.337
Gm6583,0.0
Gm20636,0.0
Asphd2,1.826
Sez6l,1.586
Gm6588,-0.376
Gm27004,0.354
1700034G24Rik,0.0
Gm42864,0.0
Gm42865,0.0
Myo18b,0.488
1700095B10Rik,0.0
Grk3,1.781
Crybb2,1.07
Crybb3,-0.872
2900026A02Rik,-0.797
Gm42161,0.0
Tmem211,0.0
Sgsm1,1.934
Aym1,0.112
Wscd2,1.816
Cmklr1,-2.772
Gm15736,0.0
1700069L16Rik,0.105
Ficd,-0.037
Sart3,-0.498
Iscu,0.202
Tmem119,-3.219
Selplg,-4.05
Coro1c,0.428
Gm17122,0.001
Gm42797,0.0
Ssh1,-0.307
Dao,0.0
Svop,1.957
Usp30,0.409
Alkbh2,0.183
Ung,-2.377
Acacb,-0.581
Foxn4,0.0
Myo1h,-0.211
Kctd10,0.116
Ube3b,0.098
Mmab,0.273
Mvk,0.538
Gm13790,0.0
Fam222a,0.179
Trpv4,-2.129
Gltp,-3.046
Tchp,-0.056
Gm42789,0.0
Git2,-0.291
4930515G01Rik,-0.266
Ankrd13a,-0.238
1500011B03Rik,1.29
4930519G04Rik,0.047
Gm9936,1.718
Oasl2,1.291
Gm13822,-0.478
Oasl1,-0.264
2210016L21Rik,1.085
Hnf1a,0.066
Hnf1aos1,-0.359
Hnf1aos2,0.0
Sppl3,0.208
Gm10401,-0.848
Acads,-0.338
Unc119b,-0.903
Mlec,-0.498
Cabp1,1.614
Pop5,1.032
Rnf10,-0.002
Coq5,0.243
Dynll1,0.276
Gm13830,0.083
Srsf9,-0.939
Gatc,0.275
Triap1,0.358
Cox6a1,0.744
Gm42903,-0.459
4930401G09Rik,0.0
Gm13832,0.217
Msi1,0.181
4930430O22Rik,0.0
Pla2g1b,0.098
Sirt4,-0.643
Pxn,-3.858
Gm13840,-2.179
Rplp0,-0.562
Gcn1,0.061
1110006O24Rik,-0.035
Rab35,0.302
Bicdl1,0.633
Cit,0.593
Gm14508,-0.722
Prkab1,-1.259
Gm13842,0.0
Tmem233,0.0
C330018A13Rik,0.123
Ccdc60,-2.138
Gm14507,0.0
Gm13837,0.307
Gm13839,0.0
Gm13838,0.0
B230112J18Rik,-1.505
4930562A09Rik,0.724
Hspb8,1.7
Srrm4os,0.208
Srrm4,1.926
Gm42854,0.929
Gm43122,1.81
Gm29926,0.0
Suds3,0.082
9530046B11Rik,-0.52
Taok3,0.404
Pebp1,0.303
BC051077,-0.954
Gm10399,-1.775
Vsig10,-1.991
Wsb2,1.018
Rfc5,-1.22
Gm15728,-0.037
Ksr2,1.645
Nos1,1.757
Gm26995,0.0
Fbxo21,0.878
Tesc,1.521
Fbxw8,0.242
Gm9754,0.081
Hrk,1.654
Rnft2,1.637
2410131K14Rik,1.016
Gm28563,0.421
Med13l,-0.82
Gm43782,0.0
Gm43342,0.0
4930413E15Rik,0.0
1700081H04Rik,0.0
Gm7538,0.552
Gm31314,0.0
Tbx3os1,0.449
Gm16063,0.0
Gm16064,-0.451
Tbx3,1.079
Tbx3os2,1.858
1700021F13Rik,0.0
Gm43050,0.0
Tbx5,0.0
Gm43269,0.0
Gm38554,0.0
Rbm19,-0.082
Gm10390,0.0
Gm42654,0.058
Gm27199,0.0
Lhx5,0.0
Sdsl,1.221
Sds,0.158
Gm15690,0.384
Plbd2,-0.529
Slc8b1,-1.688
Tpcn1,-1.552
Iqcd,-1.272
Rita1,1.082
Ddx54,0.198
Gm43579,-0.37
Cfap73,0.0
Gm15749,0.0
Rasal1,0.039
Dtx1,1.695
Oas2,-1.21
Oas3,0.671
Gm43069,0.0
Oas1e,0.698
Oas1c,1.365
Oas1f,0.0
Oas1h,0.072
Oas1g,0.216
Oas1a,0.554
Oas1d,1.605
Rph3a,1.779
Ptpn11,0.037
Rpl6,0.008
Hectd4,1.685
Trafd1,0.251
Gm42917,0.0
Gm42918,0.928
Naa25,0.913
Erp29,0.153
Tmem116,0.273
Adam1b,0.0
Adam1a,-0.375
Mapkapk5,0.062
Aldh2,-1.591
Acad12,-0.916
Acad10,-0.241
Brap,-0.25
Atxn2,0.105
Gm16552,-0.703
Sh2b3,-0.515
1700008B11Rik,0.0
Pheta1,0.162
Cux2,1.283
Gm3970,0.022
Gm15637,1.049
Myl2,-0.811
Ccdc63,0.4
Ppp1cc,-0.323
Hvcn1,-3.872
Tctn1,-0.574
Pptc7,0.125
Rad9b,-0.256
Vps29,0.526
Fam216a,0.698
Gpn3,-0.583
Arpc3,0.022
Gm42829,1.5
Anapc7,0.056
Atp2a2,0.276
Ift81,-0.455
Gm43301,0.0
P2rx7,-4.339
P2rx4,-1.838
Camkk2,0.727
Anapc5,0.23
Rnf34,0.137
Kdm2b,0.279
A930024E05Rik,0.0
Gm2479,-1.394
Orai1,-1.368
Morn3,-0.367
Tmem120b,0.508
Rhof,1.388
AI480526,0.28
Gm38102,-0.033
4932422M17Rik,-0.945
Setd1b,-0.152
Psmd9,-0.248
Hpd,0.0
Gm43409,0.159
Wdr66,-2.539
Gm15857,0.0
Gm15860,0.702
Bcl7a,0.103
5830487J09Rik,-0.487
Gm15747,-0.604
Mlxip,-0.363
Gm43813,-0.929
Il31,0.0
Lrrc43,-0.077
Gm15751,-0.017
Diablo,1.203
B3gnt4,0.434
Gm49027,0.883
Vps33a,0.359
Clip1,0.041
Zcchc8,-1.038
Rsrc2,-0.223
Kntc1,-0.688
Hcar2,-2.409
Hcar1,-1.087
Denr,0.156
Ccdc62,-0.815
Hip1r,0.754
Vps37b,-2.012
Gm34086,-0.186
Gm43661,0.0
Abcb9,0.89
Gm16001,0.089
Ogfod2,0.448
Arl6ip4,0.375
Pitpnm2,1.121
Pitpnm2os2,0.174
Pitpnm2os1,0.0
Gm42425,0.0
Mphosph9,-0.133
2810006K23Rik,-0.777
Cdk2ap1,0.172
Sbno1,-0.003
Kmt5a,-0.973
Rilpl2,-1.476
Snrnp35,0.33
Rilpl1,-0.177
Tmed2,-0.695
Ddx55,0.307
Eif2b1,0.227
Gtf2h3,-0.97
Tctn2,0.022
Atp6v0a2,-1.524
4930404A12Rik,-0.077
Dnah10,0.079
Gm43777,0.0
Ccdc92,1.963
Zfp664,-0.139
Rflna,-5.084
Ncor2,-0.004
Gm42838,0.0
Gm42839,0.0
Gm32585,-0.065
Scarb1,-2.176
Gm40323,0.0
Ubc,-0.381
Gm10382,0.049
Dhx37,-0.025
Bri3bp,0.31
Aacs,0.518
Tmem132b,1.087
1700048F04Rik,0.0
Gm42945,0.0
Gm42952,0.0
Gm40330,0.0
1700081B01Rik,0.0
Gm33347,0.0
Gm42953,0.0
Gm40331,0.0
4933438B17Rik,0.0
Gm43475,0.0
4930572K03Rik,0.0
Gm43476,0.0
Tmem132c,1.691
Tmem132cos,0.222
Gm42980,0.107
Slc15a4,-0.029
Glt1d1,1.852
Tmem132d,0.475
Gm42817,0.0
Gm42495,0.0
Gm42500,0.0
4930573I07Rik,0.0
Fzd10os,-2.114
Fzd10,-1.738
Piwil1,0.052
Rimbp2,1.937
Gm42875,0.228
Gm42871,0.0
Stx2,0.651
Ran,0.177
Adgrd1,-3.696
Gm43001,0.0
Sfswap,-0.704
Mmp17,-2.608
Zfp11,-0.022
Sept14,0.0
Mrps17,0.2
Nipsnap2,-0.664
Gm15903,-0.362
Psph,-2.247
Cct6a,0.534
Sumf2,-0.47
Phkg1,-0.806
Chchd2,0.536
Zbed5,0.134
Nupr1l,-0.472
Vkorc1l1,0.457
Gusb,-0.68
Asl,0.831
Crcp,0.701
Tpst1,-0.937
Kctd7,0.557
Rabgef1,-0.064
Tmem248,0.213
Gm6598,0.431
Sbds,-0.706
Tyw1,-0.211
Caln1,2.839
A330070K13Rik,0.02
Galnt17,-0.38
Gm43166,-1.013
Gm29681,0.099
Auts2,-0.437
2810432F15Rik,0.0
4930563F08Rik,0.0
Gm42439,0.0
Gm28616,0.0
Gm42626,0.0
Gm36667,0.072
Gm15627,0.509
Castor2,0.529
Rcc1l,-0.714
Gtf2ird2,0.3
Ncf1,-3.885
Gtf2i,-0.204
Gm43480,-0.096
Gtf2ird1,0.094
Gm42882,0.021
Clip2,0.186
Gm42884,0.106
Syna,0.0
Rfc2,-0.343
Lat2,-2.563
Eif4h,-0.43
Limk1,0.674
Gm10369,-0.805
Eln,-3.134
Gm30003,0.257
Tmem270,0.145
Cldn13,0.119
4933439J24Rik,0.0
Mettl27,0.514
Cldn4,-0.756
Cldn3,0.263
Wbscr25,0.876
Abhd11,0.579
Stx1a,1.633
Bud23,-1.06
Dnajc30,0.3
Vps37d,0.946
Mlxipl,-0.958
Gm43500,0.0
Tbl2,-0.679
Bcl7b,-0.328
Baz1b,-0.479
Fzd9,-0.312
Fkbp6,0.383
Trim50,0.0
Nsun5,0.046
Pom121,0.239
Hip1,-0.171
Ccl26,0.0
Ccl24,-2.355
Rhbdd2,0.987
Gm43091,0.0
Por,-0.197
Tmem120a,0.093
Styxl1,-0.273
Mdh2,0.586
Srrm3,1.767
Srrm3os,0.0
Hspb1,-0.09
Ywhag,1.618
Ssc4d,0.882
Zp3,0.397
Dtx2,-0.332
Upk3b,-0.83
Upk3bl,-0.645
Rasa4,-2.01
Gm15701,0.0
Polr2j,0.114
Gm43604,0.373
Lrwd1,-0.357
Alkbh4,-0.112
Orai2,0.963
Prkrip1,0.613
Sh2b2,0.727
Cux1,-0.879
Gm16599,0.0
Myl10,-0.167
Col26a1,-4.122
Gm20485,-2.149
Ift22,0.206
4933404O12Rik,-0.368
Fis1,0.184
Cldn15,-1.762
Znhit1,0.644
Plod3,-0.996
Vgf,1.757
Ap1s1,0.865
Serpine1,-2.278
Trim56,-0.795
Muc3,0.024
Gm3054,0.0
Gm40348,0.104
CAAA01077340.1,1.186
Muc3a,0.678
Gm42456,0.247
Ache,2.084
Ufsp1,1.617
Srrt,-0.23
Trip6,-4.349
Slc12a9,-0.29
Ephb4,-4.171
Zan,-0.167
Epo,0.0
Pop7,0.92
9130604C24Rik,0.383
Gm8066,-0.431
Gigyf1,-0.305
Gnb2,0.28
Gm17112,0.319
Actl6b,2.406
Tfr2,1.453
Mospd3,0.081
Pcolce,-4.722
Fbxo24,-0.885
Gm36266,-1.083
Lrch4,-0.269
Sap25,-2.428
Irs3,-0.309
Agfg2,-0.287
Gm15498,-0.662
Nyap1,1.977
Tsc22d4,-2.523
Ppp1r35,-0.116
Mepce,-0.434
Zcwpw1,-1.695
Pilra,-4.195
Pilrb1,-2.562
Gm36551,0.0
Pilrb2,-2.559
Gm43495,0.0
Cyp3a13,-2.417
Gjc3,-5.4
Azgp1,-1.427
Smok3a,0.0
Smok3b,0.0
Smok3c,-1.898
Zkscan1,-0.41
Zscan21,-0.297
Zfp113,-0.311
Cops6,0.354
Mcm7,-1.389
Ap4m1,-0.404
Taf6,-0.031
Cnpy4,-1.286
Mblac1,0.577
Gm454,0.0
Gm43645,0.0
Nxpe5,-0.407
Lamtor4,0.354
Map11,1.672
6330418K02Rik,0.383
Gal3st4,-2.271
Gpc2,0.382
Stag3,0.569
Pvrig,-0.195
Gm10874,0.286
Zfp157,-0.227
1700123K08Rik,0.0
Zfp68,-0.209
A430033K04Rik,-0.067
Fam20c,0.438
Gm5294,0.0
Pdgfa,-1.096
6330403L08Rik,0.406
Prkar1b,1.881
Gm15672,1.179
Dnaaf5,-0.733
Sun1,-0.531
4930520M14Rik,0.0
Get4,0.082
Adap1,1.302
Cox19,0.941
Cyp2w1,0.0
3110082I17Rik,-1.172
Gpr146,-1.685
C130050O18Rik,-1.545
Gper1,0.138
Zfand2a,1.025
4930500L23Rik,0.0
Uncx,0.0
Micall2,-2.871
Ints1,0.254
Mafk,-1.776
Tmem184a,-0.754
Psmg3,0.254
Gm42423,0.0
Elfn1,1.459
Mad1l1,-0.533
Gm16122,0.0
Gm16121,0.0
Gm16120,-0.073
Nudt1,0.099
Mrm2,0.046
Snx8,0.167
Eif3b,0.183
Gm4869,0.0
Chst12,-0.23
Gm42808,0.0
Grifin,-0.994
Gm43703,-1.903
Lfng,-4.708
Ttyh3,0.2
Iqce,-0.095
Brat1,0.246
Amz1,-0.839
Gna12,0.024
Card11,-1.28
Sdk1,-1.163
Gm16035,0.0
Gm16036,0.0
Foxk1,-0.153
Ap5z1,0.163
Radil,-0.331
Papolb,-0.671
Mmd2,-4.127
Wipi2,0.248
Slc29a4,1.924
Tnrc18,-1.414
Fbxl18,0.325
D430018E03Rik,-1.115
Actb,-0.077
Fscn1,0.532
Rnf216,-0.195
Gm43378,-0.855
Olfr718-ps1,-0.639
Rbakdn,-0.236
Rbak,-0.868
Spdye4b,0.0
Spdye4a,0.259
4930448H16Rik,0.0
Zfp12,0.37
Zfp316,0.227
BC030343,0.628
Zfp853,-0.347
E130309D02Rik,0.018
Zdhhc4,-0.202
0610040B10Rik,0.434
Gm43397,0.0
Grid2ip,0.92
Gm20635,0.868
Gm42504,-0.311
Kdelr2,-1.06
Daglb,0.192
Rac1,-0.259
Fam220a,-0.025
Cyth3,0.706
Usp42,-0.244
D130017N08Rik,1.425
Eif2ak1,0.257
Ankrd61,-0.323
Aimp2,0.708
Pms2,0.166
Gm17135,0.0
Rsph10b,0.86
Ccz1,-0.361
Ocm,0.0
Lmtk2,0.697
Bhlha15,-0.176
Tecpr1,0.129
2900089D17Rik,-0.698
Bri3,-0.173
Baiap2l1,-0.965
Gm15708,-1.47
Dmrt1i,0.0
Nptx2,-0.178
Tmem130,1.925
Trrap,-0.129
Smurf1,0.033
Kpna7,0.0
Gm4871,0.0
Gm43562,0.0
1700018F24Rik,0.0
Arpc1a,-0.257
Arpc1b,-3.477
Pdap1,0.111
Bud31,-0.004
Ptcd1,-0.406
Cpsf4,-0.684
Atp5j2,0.422
Zkscan14,-0.107
Zkscan5,0.169
Zfp655,0.009
Zscan25,-0.303
Cyp3a57,0.0
Cyp3a16,0.0
Cyp3a41b,0.0
Cyp3a41a,0.0
Cyp3a44,0.0
Cyp3a11,0.0
Cyp3a25,0.0
Cyp3a59,0.0
Gm5565,0.0
Gm6309,0.0
1700001J03Rik,0.0
B230303O12Rik,-0.436
Gm43625,-0.5
Rnf6,0.151
Cdk8,-0.176
Wasf3,1.767
Gm6408,0.28
Gm6370,0.0
4930449I24Rik,0.0
Gm3402,0.0
Gm3404,0.0
Gm3409,0.0
Gm3415,0.0
Gpr12,0.911
Gm34333,0.0
4930573C15Rik,0.0
Usp12,0.663
1700041I07Rik,0.0
Rpl21,-0.252
Rasl11a,-1.454
Gtf3a,0.193
Mtif3,-0.029
Lnx2,-1.452
Polr1d,0.035
Gsx1,-0.055
Plut,0.0
Pdx1,0.0
Gm27033,0.0
Cdx2,0.0
Urad,0.0
Flt3,0.035
Gm26597,0.561
D5Ertd605e,-2.146
Pan3,-0.379
Flt1,-4.406
Gm43156,0.0
Pomp,0.242
Slc46a3,-1.401
Gm15721,0.37
Mtus2,2.127
Slc7a1,1.189
Ubl3,-0.01
Gm36186,0.0
2210417A02Rik,-0.286
4930505K14Rik,0.0
Gm15407,0.0
Katnal1,1.021
Gm42791,0.0
Gm15410,0.003
Gm15406,0.0
8430423G03Rik,0.0
1810059H22Rik,1.018
Gm15409,0.0
5930430L01Rik,-0.84
Gm15411,-1.366
Gm15408,-0.753
Hmgb1,-0.901
Mm2pr,0.001
Gm42787,0.0
Gm42788,-3.974
Gm43332,-0.286
Uspl1,0.166
2310047D07Rik,0.219
Gm29264,0.393
Alox5ap,-2.492
Gm19719,0.701
BC028471,2.218
Medag,-0.042
Gm43151,0.0
Gm43150,0.0
Tex26,0.17
4933425D22Rik,0.998
Gm15997,0.412
Wdr95,-0.688
Hsph1,0.807
Gm20005,0.0
B3glct,-0.193
Gm21221,0.0
4930500F04Rik,0.0
Gm43450,0.0
Gm43452,0.0
Gm36241,-0.418
Rxfp2,0.057
Gm42558,0.0
Gm42557,0.0
Fry,1.286
Gm42556,0.098
Gm5,-0.79
Zar1l,0.0
Brca2,-0.967
Gm42529,0.574
Gm42531,-1.379
Gm43690,0.0
N4bp2l1,-0.043
Gm43598,0.646
Gm43597,0.802
N4bp2l2,-0.855
Pds5b,-0.495
Gm43807,-0.554
Gm36447,0.214
Gm43298,0.0
Kl,-0.992
Stard13,-3.799
5430435K18Rik,-0.295
D730045B01Rik,-2.014
1700028E10Rik,-0.21
Vmn2r18,-0.226
Rfc3,-0.552
Gm43129,0.0
Gm8579,-0.617
Gm20559,-4.438
Samd9l,-2.283
Hepacam2,-0.244
Vps50,-0.041
Calcr,-0.087
Tfpi2,-4.1
Gngt1,0.0
Gng11,-4.372
4930528H21Rik,0.0
Bet1,-1.174
Col1a2,-5.581
Casd1,0.287
Sgce,-2.308
Peg10,-0.931
Gm20714,0.0
Ppp1r9a,-0.66
Pon1,0.0
Pon3,-4.266
Pon2,-4.752
Asb4,-2.626
Pdk4,-4.113
Dync1i1,1.972
1700019G24Rik,0.0
Slc25a13,-2.291
Gm20619,0.0
Gm20617,0.0
Gm20685,0.0
Sem1,0.028
Gm20618,0.0
Dlx6os1,0.0
Dlx6,-0.028
Dlx5,-1.739
Gm26774,-0.084
Sdhaf3,0.392
Gm19272,0.0
Tac1,0.825
Asns,1.995
1700012J15Rik,0.0
C1galt1,-1.099
Col28a1,-5.046
Mios,-0.742
Rpa3,-1.442
Umad1,0.231
Gm16055,0.0
Gm16043,0.0
A430035B10Rik,-1.453
Glcci1,-0.519
Ica1,1.468
Nxph1,0.524
Gm35822,0.0
AA545190,0.0
Ndufa4,0.871
Phf14,-0.067
Thsd7a,1.183
Gm44129,0.0
Tmem106b,-0.821
Vwde,0.375
1700016P04Rik,0.0
Tmem168,-0.829
Bmt2,-0.394
Gpr85,1.895
2610001J05Rik,-0.182
1110019D14Rik,-0.341
Ppp1r3a,0.0
Foxp2,-4.946
Mdfic,-5.381
Gm36406,0.0
Gm36503,0.0
Gm36669,0.0
Tfec,-2.451
Gm15473,-0.43
Gm4876,-1.26
Tes,0.983
D830026I12Rik,-1.103
Gm15581,-0.082
Cav2,-0.866
Cav1,-5.305
Gm29591,-0.199
Met,-3.552
Capza2,0.078
St7,0.193
Gm26738,0.0
Wnt2,-0.306
Asz1,0.0
Cftr,-0.072
Gm15592,0.0
Cttnbp2,-0.176
Gm15594,-0.539
Gm20186,-0.098
Lsm8,-0.718
Ankrd7,-0.687
4930524B17Rik,0.0
Kcnd2,1.912
Tspan12,-0.672
Gm30270,-0.093
Gm3289,0.0
Ing3,-0.697
Cped1,-4.647
Wnt16,0.429
Fam3c,-1.528
Ptprz1,-3.719
Aass,-1.165
Fezf1,0.0
Cadps2,-0.917
Rnf133,0.0
Rnf148,0.0
Tas2r118,0.0
Slc13a1,0.028
Iqub,0.664
Ndufa5,0.855
Asb15,-0.251
Lmod2,0.0
Wasl,-0.293
Hyal6,0.0
Hyal4,0.0
Spam1,0.0
Hyal5,0.0
Tmem229a,-1.461
Gpr37,0.217
Pot1a,-0.406
Gm20756,0.0
Grm8,0.16
6530409C15Rik,0.39
Zfp800,-0.809
Gcc1,-1.013
Arf5,-0.162
Fscn3,-0.225
Pax4,0.0
Snd1,0.135
Lrrc4,-0.751
Gm3294,1.281
Lep,0.0
Rbm28,-0.587
Prrt4,1.129
Impdh1,0.915
Hilpda,-0.88
Fam71f2,-0.788
Fam71f1,0.241
Gm17172,0.0
Calu,-1.68
Opn1sw,-0.02
Ccdc136,1.565
Flnc,-4.519
Atp6v1f,0.784
Atp6v1fnb,0.251
Kcp,-0.184
Gm26627,0.129
Irf5,-1.219
Tnpo3,0.096
Tspan33,0.867
Smo,-4.618
Ahcyl2,0.848
Strip2,0.559
Nrf1,-1.077
Rncr4,0.0
Ube2h,0.064
1700095J07Rik,0.0
Zc3hc1,0.011
Klhdc10,0.516
1700012C14Rik,-0.463
Tmem209,-0.568
Ssmem1,0.2
Cpa2,0.902
Cpa4,0.586
Gm13781,0.0
Cpa5,0.0
Cpa1,-1.524
Cep41,-0.254
Gm13782,0.0
Mest,-1.632
Gm44296,-1.907
Copg2,0.383
4930412F09Rik,0.0
Tsga13,-1.123
Klf14,-2.351
Gm27019,-0.068
Lncpint,0.165
Gm13833,0.0
2210408F21Rik,2.397
Gm14532,0.0
Mkln1os,0.996
Gm13844,0.021
Mkln1,-0.454
Podxl,-3.386
Gm6117,0.0
Gm43154,1.172
Gm13848,0.11
Gm43293,0.0
Gm13849,0.0
1700012A03Rik,0.0
Gm13850,0.0
Plxna4,1.906
Plxna4os3,0.0
Plxna4os2,0.341
Plxna4os1,-2.082
BC049739,0.0
Chchd3,-0.3
Gm14540,-0.065
Exoc4,0.017
Gm13853,0.184
Lrguk,0.49
Gm13856,-0.179
Slc35b4,0.094
Gm13855,0.0
Gm14546,0.0
Akr1b3,0.66
Akr1b8,-0.097
Akr1b10,-1.214
Akr1b7,-0.14
Bpgm,-0.45
Gm13860,0.0
Cald1,-3.186
Gm13861,-3.968
Npn2,0.0
Gm14547,0.0
Agbl3,-0.747
Tmem140,-3.393
Cyren,-0.219
Wdr91,-0.341
Stra8,0.0
Slc23a4,0.057
Cnot4,-0.228
Nup205,-0.361
1810058I24Rik,0.183
Slc13a4,-0.071
Fam180a,-1.683
1700065J11Rik,0.0
Mtpn,0.333
Gm42931,0.0
9330158H04Rik,1.871
Chrm2,1.787
Ptn,-1.648
Dgki,1.694
1700111E14Rik,0.0
Creb3l2,-1.776
Akr1d1,0.0
Trim24,-0.451
Svopl,-0.459
Atp6v0a4,-0.369
Tmem213,0.0
D630045J12Rik,0.129
Zc3hav1l,-0.001
Zc3hav1,-0.415
Ttc26,-0.102
Ubn2,-0.19
Fmc1,0.264
Luc7l2,-0.559
Klrg2,-0.764
Clec2l,1.963
Hipk2,-0.161
Tbxas1,-2.547
Gm42962,0.0
1700025N23Rik,-0.03
Parp12,-0.805
4930599N23Rik,-0.405
Kdm7a,-0.667
Gm49041,-1.481
Gm43479,0.0
Slc37a3,0.015
Rab19,-1.841
Mkrn1,0.69
Gm10244,1.123
Dennd2a,-1.359
8030453O22Rik,0.816
Adck2,0.115
Gm16272,0.0
Ndufb2,0.956
Braf,0.487
Mrps33,0.36
Tmem178b,1.969
Gm26833,0.586
Gm26638,2.198
Gm26807,0.129
Agk,0.258
E330009J07Rik,-0.528
Wee2,0.0
Ssbp1,-0.477
Tas2r137,0.0
Tas2r108,0.0
Prss37,0.0
Olfr461,0.0
Olfr460,0.0
Clec5a,-4.09
Tas2r138,0.0
Mgam,0.075
Mgam2-ps,0.0
Moxd2,0.0
Trbv1,0.0
Prss58,0.0
1700074P13Rik,0.0
Gm4744,0.0
Gm29588,0.0
1810009J06Rik,0.0
Gm2663,0.0
2210010C04Rik,0.0
Trbv2,0.0
Trbv3,0.0
5830405F06Rik,0.0
Trbv4,0.0
Trbv5,0.0
Trbv6,0.0
Trbv7,0.0
Gm49885,0.0
Trbv8,0.0
Trbv9,0.0
Trbv10,0.0
Trbv11,0.0
Trbv12-1,0.0
Trbv13-1,0.0
Trbv12-2,0.021
Trbv13-2,0.0
Trbv12-3,0.0
Trbv13-3,0.0
Trbv14,0.0
Trbv15,0.0
Trbv16,0.0
Trbv17,0.0
Trbv18,0.0
Trbv19,0.0
Trbv20,0.0
Trbv21,0.0
Trbv22,0.0
Trbv23,0.0
Trbv24,0.0
Trbv25,0.0
Trbv26,0.0
Trbv27,0.0
Trbv28,0.0
Trbv29,0.0
Trbv30,0.0
Try4,0.0
Try5,0.0
Try10,0.0
Prss3,0.0
Gm5771,0.0
Gm10334,0.0
Prss1,0.0
Prss2,0.0
Trbd1,0.0
Trbj1-1,0.0
Trbj1-2,0.0
Trbj1-3,0.0
Trbj1-4,0.0
Trbj1-5,0.0
Trbj1-6,0.0
Trbj1-7,0.0
Trbc1,-2.229
Trbd2,0.0
Trbj2-1,0.0
Trbj2-2,0.0
Trbj2-3,0.0
Trbj2-4,0.0
Trbj2-5,0.0
Trbj2-6,0.0
Trbj2-7,0.0
Trbc2,-3.372
Trbv31,0.0
Ephb6,-0.962
Trpv6,0.248
Trpv5,0.721
Llcfc1,0.0
Kel,0.0
Olfr459,0.0
Pip,0.0
Sval2,0.0
Sval1,0.0
Sval3,0.0
Sva,0.0
Tas2r139,0.0
Tas2r144,0.0
Gstk1,-2.429
Tmem139,-0.889
Casp2,-1.083
Clcn1,0.358
Fam131b,1.703
Gm44284,0.216
Zyx,-0.141
Epha1,-0.945
2010310C07Rik,-1.064
Tas2r143,-0.149
Tas2r135,0.0
Tas2r126,0.0
Olfr458,0.0
Olfr457,0.0
Olfr456,0.0
Olfr455,0.0
Tcaf3,0.0
Tcaf2,-1.379
Tcaf1,0.958
Olfr453,0.0
Olfr38,0.0
Olfr452,0.0
Olfr450,0.0
Olfr449,0.0
Olfr448,0.0
Olfr447,0.0
Olfr446,0.0
Olfr444,0.0
Gm17472,0.0
Gm20730,0.0
Olfr441,0.0
Olfr237-ps1,0.0
Olfr437,0.0
Olfr13,0.0
Olfr435,0.0
Olfr434,0.0
Olfr47,0.0
Gm44731,-0.527
Arhgef5,-3.091
Nobox,-0.211
Tpk1,-0.054
9430018G01Rik,0.0
Gm35216,0.0
Cntnap2,2.026
Cul1,0.087
Ezh2,-2.07
Pdia4,-1.594
Zfp786,0.433
Zfp398,-0.052
Zfp282,0.178
Zfp212,-0.679
Zfp956,0.435
Zfp777,-0.055
Gm45738,-0.675
Zfp746,-0.397
Gm16630,0.019
Gm44696,1.708
Krba1,0.171
Zfp467,0.12
Sspo,0.939
1700026J14Rik,0.293
Atp6v0e2,1.292
Lrrc61,0.568
Rarres2,-5.571
Gm5111,0.899
Repin1,-0.327
Zfp775,0.135
Gm38804,0.307
AI854703,1.523
Gimap8,-0.725
Gimap9,-3.347
Gimap4,-4.248
Gimap6,-4.387
Gimap7,-0.832
Gimap1os,-1.306
Gimap1,-4.503
Gimap5,-4.228
Gm44226,0.0
4833403J16Rik,-2.93
Gimap3,-2.278
Gm30781,0.0
Tmem176b,0.256
Tmem176a,-0.593
Gm44764,0.0
Gm7932,-1.532
Aoc1,-0.788
Doxl1,-0.531
Doxl2,0.0
4930563H07Rik,0.0
Svs1,0.0
Gpnmb,-2.894
Malsu1,0.144
Igf2bp3,-0.367
Tra2a,-0.722
Ccdc126,-0.395
Fam221a,-0.346
Stk31,0.484
Npy,1.982
Gm3455,0.0
Mpp6,0.025
Gsdme,0.301
Osbpl3,1.077
Cycs,1.03
5430402O13Rik,-0.621
4921507P07Rik,1.702
Npvf,0.0
C530044C16Rik,0.576
Gm44109,0.0
G930045G22Rik,0.0
Gm32479,0.0
Gm6559,0.0
0610033M10Rik,0.018
Nfe2l3,-0.331
Hnrnpa2b1,-0.608
Cbx3,0.008
Snx10,1.159
Gm38811,0.0
Skap2,-0.549
Gm44077,0.0
Halr1,-2.611
Hoxa1,-0.309
Hotairm1,-1.799
Hoxa2,-1.417
Hoxaas2,-1.878
Hoxa3,-1.434
Gm15050,-0.472
Hoxaas3,-1.197
Gm29430,-0.469
Hoxa4,-0.123
Hoxa5,-0.292
Hoxa6,-0.047
Hoxa7,-1.41
Hoxa9,-0.327
Hoxa10,0.0
Hoxa11,0.0
Hoxa11os,0.0
Hoxa13,0.0
Hottip,0.0
Evx1os,0.0
Evx1,0.0
1700094M24Rik,0.0
Gm44028,0.0
Hibadh,-0.46
Tax1bp1,-0.125
Jazf1,1.411
Gm4872,0.0
Creb5,-0.89
Tril,0.113
Gm16499,1.443
Cpvl,0.344
4921529L05Rik,0.0
Chn2,0.564
9530036M11Rik,0.0
Gm15527,0.393
9130019P16Rik,1.706
Prr15,0.731
Wipf3,-0.681
Gm44026,-0.498
Scrn1,1.096
Fkbp14,-1.122
Plekha8,-0.409
Gm28402,0.597
Mturn,1.313
Znrf2,0.549
Nod1,-3.99
Ggct,-1.396
Gars,0.831
Crhr2,0.476
Gm34358,0.0
Inmt,-3.185
Mindy4,-0.902
Gm44073,0.0
Aqp1,-1.919
Ghrhr,0.0
6430584L05Rik,0.092
Adcyap1r1,1.134
Neurod6,0.887
Gm3279,0.0
Itprid1,-1.34
Ppp1r17,0.223
Pde1c,-0.611
Lsm5,-0.186
Avl9,0.055
Kbtbd2,0.192
Fkbp9,-3.821
Nt5c3,0.905
Vmn1r4,0.283
Vmn1r5,0.0
Vmn1r6,0.0
Vmn1r7,0.0
Vmn1r8,0.0
Vmn1r9,0.0
Vmn1r10,0.0
Vmn1r11,0.0
Vmn1r12,-0.293
Vmn1r13,0.0
Vmn1r14,0.0
Vmn1r15,0.0
Vmn1r16,0.0
Vmn1r17,0.0
Vmn1r18,0.0
Vmn1r19,0.0
Vmn1r20,0.0
4930533I22Rik,0.0
Ppm1k,0.064
Herc6,-1.611
Lancl2,1.191
Vopp1,0.613
Vmn1r21,0.0
Vmn1r22,0.0
Vmn1r23,0.0
Vmn1r24,0.0
Vmn1r25,0.0
Vmn1r26,0.0
Gm43994,0.0
Vmn1r27,0.0
Vmn1r28,0.0
Vmn1r29,0.0
Vmn1r30,0.0
Gm35077,0.0
Vmn1r31,0.0
Abcg2,0.307
Herc3,1.731
Nap1l5,2.268
Fam13a,0.269
Gm45060,1.433
BB365896,0.733
Tigd2,-0.17
Gprin3,1.159
Gm5570,0.0
A530053G22Rik,0.0
Gm44410,0.0
Gm35386,0.0
Snca,1.76
Mmrn1,-1.649
Gm43893,0.0
Gm43894,0.0
A730020E08Rik,2.333
Ccser1,1.703
9330118I20Rik,-0.774
Grid2,-1.296
Gm44071,0.0
Gm44072,0.0
Atoh1,-0.044
Smarcad1,-0.669
Hpgds,-2.913
Qrfprl,0.39
Tnip3,-3.034
Ndnf,-3.274
Gm16838,-1.597
Prdm5,-3.772
4930544G11Rik,0.0
2610300M13Rik,-3.459
Mad2l1,-1.759
Vmn1r32,0.0
Vmn1r33,0.0
Vmn1r34,0.0
Vmn1r35,0.0
Vmn1r36,0.0
Vmn1r37,0.0
Vmn1r38,0.013
Vmn1r39,0.0
4930597O21Rik,1.986
Gng12,-0.605
Gm36816,0.0
Gadd45a,-0.916
E230016M11Rik,1.322
A430010J10Rik,1.565
Gm38825,0.0
Serbp1,-0.289
Il12rb2,-0.178
Il23r,-0.157
Gm42889,0.0
Tacstd2,-0.171
Igkv2-137,0.0
Igkv1-136,0.0
Igkv1-135,0.0
Igkv14-134-1,0.0
Igkv17-134,0.0
Igkv1-133,0.0
Gm43284,0.0
Igkv1-132,0.0
Igkv1-131,0.0
Igkv14-130,0.0
Igkv9-129,0.0
Igkv9-128,0.0
Igkv17-127,0.0
Igkv14-126-1,0.0
Igkv14-126,0.0
Igkv11-125,0.0
Igkv9-124,0.0
Igkv9-123,0.0
Igkv1-122,0.0
Igkv17-121,0.0
Igkv9-120,0.0
Igkv9-119,0.0
Igkv14-118-2,0.0
Igkv14-118-1,0.0
Gm43739,0.0
Igkv11-118,0.0
Igkv1-117,0.0
Igkv2-116,0.0
Igkv1-115,0.0
Igkv11-114,0.0
Igkv2-113,0.0
Igkv2-112,0.0
Igkv14-111,0.0
Igkv1-110,0.0
Igkv2-109,0.0
Igkv1-108,0.0
Igkv2-107,0.0
Igkv11-106,0.0
Igkv2-105,0.0
Igkv16-104,0.0
Igkv15-103,0.0
Igkv15-102,0.0
Igkv20-101-2,0.0
Igkv15-101-1,0.0
Igkv15-101,0.0
Igkv14-100,0.0
Igkv1-99,0.0
Igkv12-98,0.0
Igkv15-97,0.0
Igkv10-96,0.0
Igkv2-95-2,0.0
Igkv2-95-1,0.0
Igkv10-95,0.0
Igkv10-94,0.0
Igkv2-93-1,0.0
Igkv19-93,0.0
Igkv4-92,0.0
Gm42925,0.0
Igkv4-91,0.0
Igkv4-90,0.0
Gm42924,0.0
Igkv12-89,0.0
Igkv1-88,0.0
Gm42539,0.0
Gm42543,0.0
Gm42542,0.0
Igkv13-87,0.0
Igkv4-86,0.0
Igkv13-85,0.0
Igkv13-84,0.0
Igkv4-83,0.0
Igkv13-82,0.0
Igkv4-81,0.0
Igkv13-80-1,0.0
Igkv4-80,0.0
Igkv4-79,0.0
Igkv13-78-1,0.0
Igkv4-78,0.0
Gm43583,0.0
Igkv4-77,0.0
Igkv13-76,0.0
Igkv4-75,0.0
Igkv13-74-1,0.0
Igkv4-74,0.0
Igkv13-73-1,0.0
Igkv4-73,0.0
Igkv4-72,0.0
Igkv13-71-1,0.0
Igkv4-71,0.0
Igkv4-70,0.0
Igkv4-69,0.0
Igkv4-68,0.0
Igkv12-67,0.0
Rprl1,0.0
Igkv12-66,0.0
Igkv4-65,0.0
Igkv13-64,0.0
Igkv4-63,0.0
Igkv13-62-1,0.0
Igkv4-62,0.0
Igkv13-61-1,0.0
Igkv4-61,0.0
Igkv4-59,0.0
Igkv4-60,0.0
Igkv4-58,0.0
Igkv13-57-2,0.0
Igkv4-57-1,0.0
Igkv13-57-1,0.0
Igkv4-57,0.0
Igkv13-56-1,0.0
Igkv4-56,0.0
Igkv13-55-1,0.0
Igkv4-55,0.0
Igkv13-54-1,0.0
Igkv4-54,0.0
Igkv4-53,0.0
Gm42606,0.0
Igkv4-51,0.0
Gm42958,0.0
Igkv4-50,0.0
Igkv12-49,0.0
Igkv5-48,0.0
Igkv12-47,0.0
Igkv12-46,0.0
Igkv5-45,0.0
Igkv12-44,0.0
Igkv5-43,0.0
Igkv12-42,0.0
Igkv12-41,0.0
Igkv5-40-1,0.0
Igkv12-40,0.0
Igkv5-39,0.0
Gm43220,0.0
Igkv12-38,0.0
Igkv5-37,0.0
Igkv18-36,0.0
Igkv1-35,0.0
Gm43586,0.0
Igkv8-34,0.0
Igkv7-33,0.0
Igkv6-32,0.0
Igkv8-31,0.0
Igkv8-30,0.0
Igkv6-29,0.0
Igkv8-28,0.0
Igkv8-27,0.0
Igkv8-26,0.0
Igkv6-25,0.0
Igkv8-24,0.0
Gm43218,0.0
Igkv6-23,0.0
Igkv8-22,0.0
Igkv8-21,0.0
Igkv6-20,0.0
Igkv8-19,0.0
Igkv8-18,0.0
Igkv6-17,0.0
Igkv8-16,0.0
Gm42667,0.0
Igkv6-15,0.0
Gm10360,0.0
Igkv6-14,0.0
Igkv6-13,0.0
Gm42720,0.0
Igkv3-12-1,0.0
Igkv3-12,0.0
Igkv3-11,0.0
Igkv3-10,0.0
Igkv3-9,0.0
Igkv3-8,0.0
Igkv3-7,0.0
Igkv3-6,0.0
Igkv3-5,0.0
Igkv3-4,0.0
Igkv3-3,0.0
Igkv3-2,0.0
Igkv3-1,0.0
Gm30211,-0.342
Igkj1,0.0
Igkj2,0.0
Igkj3,0.0
Igkj4,0.0
Igkj5,0.0
Igkc,-2.532
Rpia,-1.117
Eif2ak3,-0.533
Tex37,0.0
Foxi3,0.0
Thnsl2,-0.429
Gm44427,0.0
Fabp1,0.0
Smyd1,-0.097
Krcc1,-1.648
Cd8b1,-0.005
Gm44110,0.0
Gm44174,0.0
Gm44175,-0.784
Cd8a,0.0
Rmnd5a,-0.369
Gm44172,0.0
Rnf103,0.151
1700040L08Rik,-0.029
Chmp3,0.342
Kdm3a,-0.917
Reep1,1.842
Mrpl35,0.291
Immt,0.412
Ptcd3,-0.004
Polr1a,-0.082
Gm26628,0.0
9130221F21Rik,0.0
St3gal5,-0.135
4933431G14Rik,0.0
Gm38832,-1.017
Atoh8,-1.185
Sftpb,0.0
Usp39,0.13
Gm45051,0.75
0610030E20Rik,-1.213
Tmem150a,-0.973
Rnf181,0.404
Vamp5,-4.311
Vamp8,-3.721
Ggcx,-1.957
Mat2a,-0.042
Sh2d6,0.026
Capg,-5.269
Elmod3,-0.803
Retsat,-2.362
Tgoln1,0.274
Gm20536,-0.412
Tcf7l1,-4.03
Gm15401,-0.607
Gm15402,-1.54
Kcmf1,0.223
Gm26640,-0.128
Tmsb10,1.211
Gm20560,0.0
Dnah6,-0.218
Suclg1,-0.04
1700065L07Rik,0.0
4931417E11Rik,0.0
Gm31747,0.0
Gm44113,0.0
Gm9008,-0.315
Gm44166,0.016
Ctnna2,1.752
Lrrtm1,-2.543
Reg3b,0.0
Reg3d,0.0
Reg3a,0.0
Reg2,0.0
Reg1,0.0
Reg3g,-0.134
Gm29005,0.0
Gm20362,0.0
Gm44271,0.0
Gm20594,-0.155
Gm4409,0.0
Lrrtm4,0.366
Gm38839,0.297
1700009C05Rik,0.18
Gcfc2,-0.93
Mrpl19,0.474
Gm20383,0.0
Gm44202,0.0
Eva1a,-3.712
Gm15864,0.0
Tacr1,0.754
Pole4,0.008
Gm44145,0.0
Hk2,-4.552
Gm17034,-0.14
Gm38843,-3.618
Gm32591,-0.25
2310069B03Rik,0.145
Gm45145,0.041
Sema4f,1.857
M1ap,-0.285
Dok1,-2.462
Loxl3,-4.642
Htra2,-0.212
Aup1,-0.206
Dqx1,0.028
Tlx2,1.924
Pcgf1,0.915
Lbx2,0.074
Ccdc142,-0.033
Ccdc142os,0.016
Mrpl53,0.522
Mogs,-0.272
Wbp1,-0.245
Ino80b,0.165
Gm44287,-0.475
Rtkn,-1.44
Wdr54,0.942
1700003E16Rik,1.196
Dctn1,1.016
Gm15624,0.263
Slc4a5,-0.282
Mthfd2,1.193
Mob1a,-1.799
Bola3,-0.052
Tet3,-0.147
B230319C09Rik,-0.676
Dguok,-0.277
Actg2,-3.789
Stambp,0.324
Gm21284,0.73
Clec4f,0.0
Cd207,0.0
Vax2os,0.214
Vax2,0.0
Atp6v1b1,0.0
1700124L16Rik,1.354
Ankrd53,0.0
Tex261,-0.42
Nagk,0.733
Paip2b,0.16
Zfp638,-0.369
Gm43920,-0.846
Dysf,0.469
Gm33024,0.0
Gm15475,0.0
Gm44127,0.0
Gm10445,0.0
4930504D19Rik,0.0
Cyp26b1,-1.288
Exoc6b,0.182
Gm44012,0.0
Gm5878,0.045
Spr,0.101
Emx1,0.0
Sfxn5,-0.638
Rab11fip5,0.709
Noto,0.0
Smyd5,0.701
Pradc1,-0.17
Cct7,0.609
Fbxo41,1.99
Egr4,0.269
Alms1,-0.401
Nat8f7,0.0
Nat8f3,-1.239
Nat8f6,0.0
Nat8f5,0.0
Nat8,-0.774
Nat8f2,-0.095
Nat8f4,-0.299
Nat8f1,-0.251
Tprkb,0.267
Dusp11,-0.467
Gm19265,0.738
4930553P18Rik,1.419
Figla,0.206
Add2,1.914
Gm44089,0.593
Tgfa,-1.18
Fam136a,0.371
Snrpg,-0.917
Gm44941,0.031
Pcyox1,0.013
Tia1,-0.218
C87436,-0.388
A430078I02Rik,-0.945
2310040G24Rik,0.965
Gm43936,-2.104
Gm44386,-2.715
Pcbp1,0.001
1600020E01Rik,-0.033
Asprv1,0.43
Mxd1,-1.056
Snrnp27,0.057
Gm44214,1.522
Gmcl1,0.629
Gm44036,-0.152
Anxa4,-2.573
2610306M01Rik,0.494
Aak1,0.138
Gm44091,0.643
Nfu1,0.368
Gfpt1,-0.788
D6Ertd527e,-0.855
Antxr1,-3.476
Gm44418,0.0
Gkn1,0.0
Gkn2,0.0
Gkn3,-3.42
Bmp10,0.0
Arhgap25,-3.611
Prokr1,-0.816
Gm34312,0.019
Aplf,-0.514
Gm44097,0.0
1810020O05Rik,0.0
Gm44210,0.662
Efcc1,-0.998
Gm43904,0.0
Gp9,-1.111
Rab43,-1.412
Isy1,-0.41
Cnbp,-0.427
Copg1,0.595
Gm26636,0.357
Hmces,-0.28
H1fx,0.591
Gm5577,0.098
Rab7,0.15
Rpn1,-0.319
Gm38708,0.827
Gata2,0.339
Dnajb8,0.0
1700031F10Rik,0.0
Eefsec,-0.187
Gm44265,-0.847
Gm44264,-0.042
Ruvbl1,0.071
Sec61a1,-0.646
Gm44170,-0.434
Kbtbd12,0.413
Gm26588,-0.309
Mgll,0.29
Abtb1,0.281
Podxl2,0.773
Gm15612,0.064
Mcm2,-1.631
Tpra1,-0.556
4933427D06Rik,0.0
Gm1965,-0.017
Gm6507,0.0
Gm839,0.0
Gm44204,0.0
4930512J16Rik,0.0
Gm26811,-0.456
Plxna1,-0.379
Chchd6,0.7
Txnrd3,-0.284
Vmn1r40,0.0
Vmn1r41,0.0
Vmn1r42,0.0
Vmn1r43,0.0
Vmn1r44,0.0
Vmn1r45,0.0
Vmn1r46,0.0
Vmn1r47,0.0
Vmn1r48,0.0
Vmn1r49,0.042
Vmn1r50,0.0
Vmn1r51,0.0
Vmn1r52,0.0
V1ra8,0.0
Vmn1r53,0.001
Vmn1r54,0.0
BC048671,0.0
Chst13,0.066
Uroc1,0.551
Zxdc,-0.3
Cfap100,-2.551
Gm44117,-0.052
Klf15,-4.23
Gm44421,-1.705
Gm45901,0.0
Aldh1l1,-0.613
Gm15756,0.0
Slc41a3,0.279
Iqsec1,-0.169
Gm44123,-0.472
Gm44105,0.0
Nup210,0.285
Gm44278,0.0
Hdac11,1.26
Gm14573,0.0
Fbln2,-4.423
Wnt7a,0.0
1810044D09Rik,0.382
Chchd4,1.083
Tmem43,-1.002
Xpc,0.131
Lsm3,-0.24
Gm45216,-0.613
Gm45218,0.0
Slc6a6,0.123
Grip2,0.142
Ccdc174,-0.192
4930590J08Rik,-0.167
Fgd5,-3.502
4930466I24Rik,0.0
Nr2c2,-0.157
Mrps25,0.331
Rbsn,0.012
Trh,0.242
Prickle2,0.355
Adamts9,-3.028
A730049H05Rik,-1.79
Gm15737,-0.817
9530026P05Rik,-1.74
Magi1,0.659
Slc25a26,-0.196
Lrig1,-3.303
4930511E03Rik,0.0
Kbtbd8os,0.0
Kbtbd8,-0.377
AY512915,0.0
Gm10234,0.0
Suclg2,-2.184
Tafa1,-0.216
1700123L14Rik,0.0
Tafa4,1.297
Eogt,-1.018
Tmf1,-0.133
Uba3,0.439
Arl6ip5,0.352
Lmod3,0.053
Frmd4b,0.391
Mitf,-0.936
Gm32592,-0.239
Gm765,0.0
Gm44196,0.0
4930595L18Rik,0.0
Foxp1,-0.786
Gm20705,-0.405
Eif4e3,0.189
Gpr27,0.933
Prok2,-0.159
Gm26748,0.231
Gm43067,0.0
Gm44442,0.0
Gm33201,0.0
Rybp,0.411
Gm44107,0.0
1700049E22Rik,0.0
Shq1,0.403
Gxylt2,-2.33
Ppp4r2,-0.496
Gm43950,0.0
Gm43948,0.077
Pdzrn3,-3.066
Gm26911,0.376
Gm44169,0.0
Gm9871,0.0
Gm44176,0.0
Cntn3,1.352
4930587E11Rik,-0.047
Chl1,0.353
Cntn6,-0.822
Gm19757,0.0
Gm15631,1.327
Cntn4,0.825
Il5ra,0.0
Trnt1,0.237
Crbn,0.81
Gm34933,0.0
Lrrn1,0.209
4933431M02Rik,0.039
Setmar,0.5
Sumf1,-0.605
Itpr1,-1.257
Gm44040,-0.086
0610040F04Rik,0.514
Gm17055,-0.046
Bhlhe40,-3.114
Arl8b,0.462
Edem1,-1.003
Gm20387,1.478
Grm7,1.841
1700054K19Rik,0.0
Lmcd1,-2.909
5031434C07Rik,0.566
Ssu2,0.789
Cav3,0.67
Oxtr,0.969
Rad18,-0.749
Srgap3,0.957
Gm44081,0.438
Thumpd3,-0.104
Gt(ROSA)26Sor,-0.331
Setd5,-0.632
Lhfpl4,1.724
Mtmr14,-0.01
Gm16161,0.0
Cpne9,0.43
Brpf1,-0.727
Gm15492,-1.291
Ogg1,-0.609
Camk1,-0.056
Tada3,0.076
Arpc4,-0.012
Ttll3,-0.362
Rpusd3,0.243
Cidec,0.0
Jagn1,0.425
Il17re,-1.532
Il17rc,-3.326
Creld1,0.631
Prrt3,1.682
Emc3,-0.446
Fancd2,-1.368
Fancd2os,0.0
Brk1,0.183
Gm44200,0.103
Gm44199,0.025
Vhl,-0.236
1700015O11Rik,0.0
Irak2,-0.972
Gm43964,0.0
Tatdn2,0.036
Gm26982,0.724
Ghrl,0.004
Gm44053,0.991
Sec13,-0.299
Atp2b2,1.969
Gm44167,1.41
Gm15082,0.0
Gm15083,0.0
Slc6a11,-2.0
Slc6a1,-1.642
Hrh1,-0.952
Atg7,-0.148
Vgll4,-1.769
Tamm41,0.148
Gm17733,2.203
Syn2,2.318
Gm17482,0.0
Timp4,0.55
Pparg,-1.119
Gm44079,0.0
Gm36355,0.105
Tsen2,-0.101
Mkrn2os,0.148
Mkrn2,0.313
Raf1,-0.002
D830050J10Rik,-1.01
Tmem40,-2.117
Cand2,-0.875
Rpl32,-0.128
Efcab12,-1.64
Gm44206,-0.159
Mbd4,-1.395
Ift122,-0.389
Rho,-0.629
H1foo,0.046
Plxnd1,-1.364
Tmcc1,0.074
Gm20404,0.12
9530062K07Rik,1.215
Washc2,0.325
Zfand4,-0.624
Gm44957,0.637
March8,0.539
Alox5,-2.233
Olfr211,0.0
Olfr212,-0.451
Olfr213,0.0
Gm5580,0.0
Olfr214,0.0
Olfr215,0.0
Zfp422,-0.501
Rassf4,-3.879
Depp1,-3.763
Tmem72,0.584
D030044L04Rik,0.0
Cxcl12,-5.189
Gm4640,0.0
6820426E19Rik,0.0
Gm9946,-0.09
Gm45083,-0.13
1700030F04Rik,0.0
Gm7292,0.372
Zfp637,0.115
Zfp239,1.394
Gm29509,0.0
Hnrnpf,-1.477
Fxyd4,-0.566
Rasgef1a,0.683
Csgalnact2,-0.769
Ret,1.088
1700069P05Rik,0.0
Gm30557,0.0
Gm30498,0.0
Bms1,-0.831
Zfp248,0.6
Zfp9,0.371
Ankrd26,-0.081
Cacna1c,0.406
Dcp1b,-0.78
Cacna2d4,0.411
Lrtm2,0.566
Adipor2,-0.402
Wnt5b,-2.706
Fbxl14,-0.993
Erc1,0.715
Gm44317,0.087
4930540M05Rik,-0.244
Rad52,0.094
Wnk1,-0.576
Ninj2,0.544
B4galnt3,-1.808
Ccdc77,-0.792
Kdm5a,-0.799
Il17ra,-0.933
Tmem121b,0.997
Hdhd5,0.145
Gm20692,-0.136
1700072O05Rik,0.0
Cecr2,-1.187
Slc25a18,-0.711
Atp6v1e1,1.047
Bcl2l13,0.21
Bid,1.082
Mical3,0.013
Gm43916,0.0
Gm43915,-0.545
Gm4651,-0.36
Pex26,0.344
Tuba8,0.623
Gm15856,-0.166
Usp18,-2.861
Gm44148,-0.491
Slc6a13,-2.783
Slc6a12,0.547
Iqsec3,1.934
A2m,-1.033
Gm7298,0.0
Mug1,0.0
Mug2,0.0
Klrg1,-0.211
M6pr,-0.91
Phc1,-0.14
1700063H04Rik,0.0
Rimklb,0.413
Mfap5,-5.481
Aicda,0.0
Gm16556,0.0
Apobec1,-4.36
Gdf3,-0.956
Dppa3,-0.627
Nanog,-0.469
Slc2a3,1.617
Gm26826,-0.035
Foxj2,-0.19
C3ar1,-5.148
Necap1,1.392
Clec4a1,-4.062
Clec4a3,-4.511
Clec4a4,0.0
Clec4b1,-1.527
Clec4a2,-5.043
Clec4b2,0.0
Clec4n,-5.015
Clec4d,-2.29
Clec4e,-2.005
Vmn2r19,0.0
Vmn2r20,0.0
Vmn2r21,0.0
Vmn2r22,0.0
Vmn2r23,0.0
Vmn2r24,0.0
Vmn2r25,0.0
Vmn2r26,-0.117
Vmn2r27,-0.036
Gm43971,0.0
Cd163,-2.364
1700013D24Rik,0.0
1700027F06Rik,0.0
Gm44006,0.0
Pex5,0.031
Clstn3,1.566
Gm44096,-0.663
C1rl,-1.011
C1ra,-4.538
C1s1,-4.908
Gm16567,0.0
C1rb,-2.541
C1s2,-1.991
Lpcat3,-1.092
Emg1,-0.477
Phb2,-0.086
Gm15884,0.0
Ptpn6,-4.416
Gm20531,0.0
Grcc10,0.314
Atn1,0.176
Eno2,1.764
Lrrc23,-0.831
Spsb2,-0.702
Tpi1,0.562
Usp5,0.781
Cdca3,-2.817
Gnb3,1.667
P3h3,-2.074
Gpr162,1.944
Cd4,-2.595
Lag3,-0.159
Ptms,0.109
A230083G16Rik,1.2
Mlf2,0.443
Cops7a,0.13
Pianp,1.458
Zfp384,-0.511
4930557K07Rik,0.0
Ing4,-0.383
Acrbp,-0.98
Lpar5,-0.074
Chd4,-0.465
Nop2,0.285
Iffo1,0.168
Gapdh,1.27
Ncapd2,-1.429
Gm28967,0.0
Mrpl51,0.266
Vamp1,1.594
Tapbpl,0.337
Cd27,-1.74
4930417O13Rik,0.0
Tuba3a,-0.146
Ltbr,-0.887
Scnn1a,0.331
Tnfrsf1a,-2.38
Plekhg6,-0.029
Cd9,0.408
Gm28809,-1.289
Gm26728,-0.834
Vwf,-0.589
Ano2,1.133
Ntf3,-2.299
Gm10415,0.0
Gm29009,0.0
Kcna5,1.013
Gm45869,-0.137
Kcna1,-6.028
Kcna6,-1.834
Gm26673,-0.205
Ndufa9,0.291
1700018A23Rik,0.0
Akap3,0.33
Dyrk4,-0.08
Rad51ap1,-2.318
D6Wsu163e,0.977
Fgf6,0.0
Fgf23,0.577
Tigar,1.439
Platr31,0.04
Gm43126,-0.158
Ccnd2,-5.47
9330179D12Rik,-2.403
Gm43635,0.0
Gm38404,0.0
Parp11,0.563
Cracr2a,-0.826
Gm43634,0.0
Prmt8,1.549
Gm42738,0.172
Gm38901,-0.541
Tspan11,-3.927
Gm15870,0.0
Tspan9,-0.536
9330102E08Rik,0.623
Gm10010,0.301
Tead4,-2.144
Tulp3,-1.284
Gm44190,-0.6
Gm26770,-0.323
Rhno1,-0.348
Foxm1,-2.195
Tex52,-0.905
Gm15862,0.664
Nrip2,0.44
Itfg2,0.606
Fkbp4,0.531
Gm10069,-0.064
Pzp,0.127
A2ml1,1.865
Gm44009,0.0
Klrb1a,-2.34
Clec2h,0.0
Klrb1,0.77
Klrb1c,-1.036
Klrb1b,-1.071
Gm44066,-1.079
Gm44067,-1.202
BC035044,-3.409
Clec2i,-1.679
Clec2g,0.0
Gm15987,-1.791
Clec2f,0.0
Klrb1f,-0.0
Gm44000,0.0
Clec2e,0.0
Clec2d,-3.396
2310001H17Rik,-0.373
Gm47861,-0.027
Cd69,-3.538
4922502D21Rik,0.0
Clec12a,-4.59
Clec12b,-0.496
Clec1b,-1.394
Clec9a,-1.171
Gm43914,-0.381
Clec1a,-4.274
Olr1,-0.765
Tmem52b,0.0
1700101I11Rik,1.41
Gabarapl1,1.198
Klre1,-0.045
Klrd1,-1.498
Klrk1,-1.389
Klrc3,0.0
Klrc2,0.0
Klrc1,-0.444
Klri1,0.0
Klri2,0.0
Gm156,0.0
Klra17,0.0
Gm17631,0.0
Klra5,0.0
Klra6,0.0
Klra4,0.0
Klra8,0.0
Klra9,0.0
Klra7,0.0
Klra10,0.0
Klra3,-1.197
Klra1,0.0
Klra2,-1.616
Magohb,0.067
Styk1,-0.297
Ybx3,-0.573
Gm6619,0.0
5430401F13Rik,0.0
Tas2r130,0.0
Tas2r107,0.0
Tas2r106,0.0
Tas2r104,0.0
Tas2r105,0.0
Tas2r114,0.0
Gm43974,0.0
Prb1,0.0
Prpmp5,0.0
Gm8882,0.0
Prh1,0.0
Prp2,0.0
A630073D07Rik,0.0
Tas2r120,0.0
Tas2r121,0.0
Tas2r122,0.0
Tas2r115,0.0
Tas2r124,0.0
Tas2r102,0.0
Tas2r136,0.0
Tas2r117,0.0
Tas2r123,0.0
Tas2r116,0.0
Tas2r110,0.0
Tas2r113,0.0
Tas2r125,0.0
Tas2r129,0.0
Tas2r131,0.0
Tas2r109,0.0
Tas2r103,0.0
Tas2r140,0.0
Smim10l1,-0.4
5530400C23Rik,0.0
Kap,0.0
Etv6,-0.43
Gm17088,0.0
Gm17089,0.521
4933406J09Rik,0.023
Bcl2l14,-0.404
Gm44448,0.0
Lrp6,-1.311
Gm38910,-1.644
Mansc1,-2.688
Borcs5,0.608
Gm44017,0.0
Dusp16,-0.279
Gm36328,-0.031
Crebl2,-0.081
Gpr19,0.39
Gm44366,-0.43
2810454H06Rik,-1.211
Cdkn1b,-0.051
Gm44238,-0.107
Lockd,-1.835
Apold1,-2.227
Ddx47,-0.401
Gprc5a,-2.012
Gprc5d,0.267
Hebp1,-0.199
Gm19434,0.168
Fam234b,1.197
Gsg1,-1.051
Gm36640,0.052
Pbp2,-0.431
Gm44275,-0.734
Emp1,-4.468
4930425L21Rik,0.0
Grin2b,-2.699
Gm14329,0.0
Gm14330,0.0
Gm26653,0.0
Gm8994,0.0
E330021D16Rik,0.0
Atf7ip,-0.756
Gm44140,0.0
Plbd1,-4.109
Gucy2c,-0.465
Hist4h4,-1.745
H2afj,-0.404
Wbp11,0.112
BC049715,-0.928
Smco3,-2.689
Art4,-3.81
Mgp,-5.433
Erp27,-1.77
Arhgdib,-5.31
Pde6h,0.229
Rerg,-0.038
Ptpro,1.113
Gm44258,-0.341
Eps8,-2.522
Strap,-0.03
Dera,-1.034
Slc15a5,0.0
Mgst1,-4.755
Lmo3,1.963
A830011K09Rik,1.735
Gm30332,0.0
B230110G15Rik,0.0
Igbp1b,0.0
4922502N22Rik,0.0
Rergl,-1.778
4930404I20Rik,0.0
Pik3c2g,0.323
Plcz1,0.627
Capza3,0.0
Plekha5,0.215
Aebp2,-0.903
Gm11077,0.0
Gm30524,-0.799
Gm28523,1.225
Pde3a,0.624
Slco1c1,-0.352
Slco1b2,0.163
Gm5724,0.0
Slco1a4,-1.617
Gm30784,0.0
Slco1a1,0.0
Gm6614,0.0
Slco1a6,0.0
Gm20400,0.0
Slco1a5,-0.186
Iapp,0.0
Pyroxd1,-0.185
Recql,-0.445
Golt1b,-0.58
Spx,-0.644
Gys2,0.061
Ldhb,-1.385
Kcnj8,-5.416
Abcc9,-3.385
5330439B14Rik,0.0
Cmas,1.32
Sult6b2,1.178
Gm7457,0.349
St8sia1,1.729
A930014E10Rik,0.135
4930434O05Rik,0.0
C2cd5,0.892
Gm31108,-0.103
Etnk1,0.641
1700126G02Rik,0.0
D6Ertd474e,0.0
4930579D09Rik,0.0
1700060C16Rik,0.0
Sox5,-3.09
Sox5os1,0.0
Sox5os2,1.28
Sox5it,0.0
Sox5os3,0.0
Sox5os4,0.0
Sox5os5,0.0
Bcat1,1.644
Gm26666,0.665
Gm15687,1.156
Lrmp,-3.316
Casc1,-0.679
Gm15543,0.0
Etfrf1,-0.395
Kras,0.207
Gm15706,0.844
2010013B24Rik,-0.233
Lmntd1,-2.047
Gm15499,0.0
Tuba3b,0.0
Gm15704,-0.33
Rassf8,-1.516
Bhlhe41,0.264
Sspn,-1.335
Sspnos,-0.277
Gm32914,0.0
Itpr2,-2.695
Ints13,-1.044
Fgfr1op2,-0.708
Tm7sf3,-2.399
Med21,-0.035
4930479D17Rik,0.099
Stk38l,0.374
Arntl2,0.121
Smco2,0.0
Ppfibp1,-2.002
1700034J05Rik,0.032
Gm44085,0.0
Rep15,-0.744
Mrps35,0.049
Mansc4,-0.227
Klhl42,0.596
E330012B07Rik,0.026
Gm15767,0.377
Pthlh,-1.486
Gm6288,-0.378
Ccdc91,0.49
1700049E15Rik,0.0
Gm15762,0.0
Far2os2,0.897
Far2,1.584
Far2os1,0.71
Ergic2,0.069
Gm17216,0.028
Tmtc1,1.235
Gm44020,0.0
Gm6313,0.0
4930528G23Rik,0.0
Gm44115,0.0
Ipo8,0.393
Caprin2,0.154
Gm43913,0.0
Sinhcaf,1.095
3010003L21Rik,0.116
Dennd5b,0.579
Gm10203,0.0
Etfbkmt,-0.463
Amn1,0.694
1700003I16Rik,0.0
Resf1,-1.378
Bicd1,0.406
Gm21814,0.589
Speer9-ps1,0.0
AU018091,0.0
Nlrp12,0.416
Myadm,0.741
Prkcg,-0.763
Cacng7,1.491
Gm44257,0.162
Cacng8,1.96
Gm44151,0.0
3300002P13Rik,0.0
Cacng6,0.0
Gm35037,0.0
Tarm1,-0.145
Gm44920,0.0
Oscar,0.871
Ndufa3,0.067
Tfpt,0.309
Prpf31,0.288
Gm15927,0.994
Cnot3,-0.606
Leng1,-0.503
Tmc4,-0.737
Gm15929,-0.91
Mboat7,-0.059
Tsen34,0.09
Rps9,-0.354
Pirb,-3.036
Gm15448,0.0
Pira2,-1.435
Gm14548,-0.142
Lilra6,-1.061
Gm44581,0.0
1700095K22Rik,0.0
Lair1,-4.014
9430041J12Rik,-3.333
Ttyh1,-3.624
D030047H15Rik,-0.27
Leng8,-0.457
Leng9,-1.029
Cdc42ep5,-3.088
Lilra5,-2.36
Ncr1,-0.114
Gp6,0.0
Rdh13,0.443
Gm15494,0.095
Eps8l1,-0.591
Ppp1r12c,-0.191
Tnnt1,0.366
Tnni3,-1.015
Dnaaf3,-1.016
Gm15873,-0.418
Syt5,2.243
Ptprh,0.388
Gm44877,0.0
Tmem86b,0.207
Ppp6r1,0.099
Hspbp1,0.905
Brsk1,1.742
Tmem150b,-0.244
Kmt5c,-0.473
Cox6b2,-2.632
Fam71e2,0.0
Il11,-0.197
Tmem190,0.0
Tmem238,0.349
Rpl28,-0.397
Ube2s,-0.042
Shisa7,1.548
Isoc2b,-0.362
Isoc2a,-0.693
Gm36210,0.695
Gm44983,0.0
Zfp628,-0.279
Nat14,1.614
Ssc5d,-0.337
Sbk2,0.343
Sbk3,0.153
Zfp579,0.123
Fiz1,-0.336
Zfp524,-0.512
Zfp865,-0.685
Ccdc106,1.872
4632433K11Rik,0.0
Zfp784,0.149
Gm15510,0.538
Zfp580,0.915
U2af2,-0.284
Epn1,0.165
Rfpl4,0.0
Rasl2-9,-0.539
Vmn1r55,-0.006
Vmn1r56,0.0
Vmn1r57,0.0
Nlrp2,0.0
Gm5065,0.0
Vmn1r58,-0.04
Vmn1r59,0.0
Vmn2r28,0.0
Vmn1r60,0.0
Vmn1r61,0.0
Vmn1r62,0.0
Vmn1r63,0.0
Vmn1r64,0.0
Vmn1r65,0.0
4933402C05Rik,0.0
Gm44733,0.0
Nlrp4c,0.0
Zfp787,-0.385
Gm36371,0.12
Zfp444,0.673
Gm45148,-0.165
Galp,0.0
Zscan5b,0.0
Epp13,0.0
Gm45069,-0.096
Zfp667,0.345
Zfp583,0.573
Gm38944,1.189
Gm3854,1.114
Zfp78,0.404
Zfp28,0.258
Smim17,2.023
Gm16306,0.0
Olfr1344,1.024
Olfr1336,0.0
Olfr1346,0.0
Olfr5,0.0
Olfr1347,0.0
Olfr1348,0.0
Olfr1349,0.0
Olfr1350,0.0
Zim2,0.0
Zim1,-0.445
Peg3,0.222
Usp29,1.313
Zim3,0.381
Aurkc,0.014
Zfp954,0.484
Zfp773,-0.008
Zfp418,0.105
Zfp772,0.506
Vmn2r29,-0.088
Clcn4,0.294
Gm45631,0.0
Vmn2r30,0.515
Vmn2r31,0.0
Vmn2r32,0.0
Vmn2r33,0.0
Vmn2r34,0.0
Vmn2r35,0.0
Vmn2r36,0.0
Vmn2r41,0.0
Vmn2r42,0.0
Vmn2r43,0.0
Vmn2r44,-0.166
Vmn2r45,0.0
Vmn2r40,0.0
Vmn2r39,0.0
Vmn2r38,0.0
Vmn2r37,0.0
Gm10302,0.0
Vmn2r46,0.0
Vmn2r47,0.0
Vmn2r48,0.0
Vmn2r49,0.0
Vmn2r50,0.0
Vmn2r51,0.0
Vmn2r52,0.0
Vmn1r66,0.0
Vmn1r67,0.0
Zik1,0.62
Vmn1r68,0.0
Vmn1r69,0.0
Vmn1r70,0.0
Nlrp4b,0.0
Gm45379,0.0
Vmn1r71,0.0
Zscan4b,0.0
Zscan4c,0.0
Zscan4-ps1,0.0
Zscan4d,0.0
Zscan4e,0.0
Zscan4f,0.0
Zscan4-ps2,0.0
Zscan4-ps3,0.0
Vmn1r72,0.0
Vmn1r73,0.0
Vmn1r74,0.0
Vmn1r75,0.0
Vmn1r76,0.0
Vmn1r77,0.0
Vmn1r78,0.0
Vmn1r79,0.0
Vmn1r80,0.0
Gm4224,0.0
Vmn1r81,0.278
Vmn1r82,0.0
Vmn1r83,0.0
Vmn1r84,-0.061
Zfp551,0.369
Zfp606,-0.181
2900092C05Rik,0.0
Vmn2r53,0.0
Vmn2r54,0.0
Vmn2r55,0.0
Vmn2r56,0.108
Zscan18,0.513
Zfp329,0.084
Gm45593,0.0
Zfp110,-0.737
Gm31152,0.535
Zfp128,0.249
Zscan22,-0.094
Rps5,-0.158
Rnf225,-0.807
1810019N24Rik,-0.984
Gm29638,0.0
Zfp324,0.252
Zfp446,-0.404
Slc27a5,0.271
Trim28,-0.131
Zbtb45,0.389
Chmp2a,-0.222
Ube2m,1.069
Mzf1,0.389
Vmn1r85,0.326
Gm45436,0.0
Vmn1r86,0.01
Vmn1r87,0.0
Vmn1r88,0.044
Gm38947,0.13
Vmn1r89,0.0
Zswim9,-0.097
Lig1,-0.759
Pla2g4c,-0.412
Cabp5,0.059
Bsph1,0.0
Bsph2,0.0
Sult2a5,0.0
Sult2a2,0.0
Sult2a1,0.0
Sult2a4,0.0
Sult2a3,0.0
Sult2a6,0.0
Obox8,0.0
Sult2a8,0.0
Sult2a7,0.0
Vmn1r90,0.584
Obox7,0.0
Obox2,0.0
Obox1,0.0
Obox3,0.0
Obox5,0.0
Obox4-ps35,0.0
Obox6,0.0
Crx,0.0
Crxos,0.519
Selenow,1.116
Nop53,-0.358
Ehd2,-1.901
Bicra,-0.968
Gm38948,0.366
Zfp541,0.126
Napa,0.403
Kptn,0.073
Slc8a2,1.505
Meis3,1.197
Dhx34,-0.471
C5ar2,-1.929
C5ar1,-4.496
Inafm1,1.155
Ccdc9,-0.93
Bbc3,0.29
Sae1,0.16
Zc3h4,-0.54
Gm45509,-1.724
Gm45510,0.0
Tmem160,0.619
Npas1,0.292
Arhgap35,0.413
Gm29443,0.02
Gm29442,0.0
Ceacam15,0.0
Ceacam9,0.0
Ap2s1,0.552
Slc1a5,-4.3
Fkrp,0.452
Strn4,-0.472
Prkd2,-1.722
9330104G04Rik,0.076
Dact3,0.32
Gng8,0.513
Ptgir,0.053
Calm3,0.226
Pnmal2,0.936
Pnmal1,1.973
Gm42372,2.662
Ccdc8,-4.514
Ppp5c,0.505
Hif3a,-3.295
Psg16,1.788
Ceacam3,0.0
Psg29,0.0
Gm32772,0.0
Gm32846,0.0
Ceacam5,0.0
Ceacam14,0.0
Gm5155,0.0
Ceacam11,0.0
Ceacam13,0.0
Ceacam12,0.0
Gm44613,0.0
Igfl3,0.0
Mill1,0.0
Psg18,0.0
Psg28,0.0
Psg26,0.0
Psg25,0.0
Psg27,0.0
Psg23,0.0
Psg21,0.0
Psg20,0.0
Psg22,0.0
Psg19,0.0
Psg17,-0.892
Mill2,-0.955
Pglyrp1,-1.363
Ccdc61,-0.551
Nova2,1.252
Nanos2,0.937
Gm45058,0.0
Mypop,0.896
Mypopos,-2.152
Irf2bp1,-0.065
Foxa3,-0.153
Sympk,0.122
Rsph6a,0.0
Dmwd,0.437
Dmpk,-1.908
Six5,-3.966
Gm4969,0.0
Fbxo46,-0.441
Qpctl,-0.287
Snrpd2,0.08
Gipr,-0.254
Eml2,1.124
Gpr4,-1.714
Opa3,0.213
Vasp,-0.208
1700058P15Rik,-0.535
Ppm1n,0.568
Rtn2,1.96
Gm26802,-3.99
Fosb,-3.224
D830036C21Rik,-1.026
Gm44698,-0.097
Ercc1,0.237
Cd3eap,0.179
Ppp1r13l,0.06
Ercc2,-0.027
Gm26852,-0.014
Klc3,1.544
Ckm,0.24
A930016O22Rik,1.101
Mark4,0.691
Exoc3l2,-1.442
Bloc1s3,0.696
Trappc6a,-0.374
Nkpd1,0.315
Ppp1r37,0.313
Gemin7,0.497
Zfp296,0.252
Clasrp,-0.518
Relb,-2.188
Clptm1,-0.057
Apoc2,-3.919
Apoc4,-0.859
Apoc1,-4.082
Apoe,-5.113
Tomm40,0.228
Gm20512,1.092
Nectin2,0.158
Bcam,0.1
Gm26600,0.548
Cblc,0.107
Bcl3,-2.96
Gm16175,0.103
Gm16174,-1.089
Gm44658,0.655
Gm19345,2.227
Ceacam16,-0.197
Gm44659,0.0
Ceacam19,-0.245
Pvr,-1.452
Gm16251,-0.525
Igsf23,-0.997
Ceacam20,0.0
Nlrp9b,0.0
Vmn1r91,0.0
Gm16442,0.0
Vmn1r93,0.0
Vmn1r94,0.0
Vmn1r95,0.0
Gm6164,0.0
Gm4498,0.0
Gm5890,0.0
Gm4133,0.0
Gm5728,0.0
Vmn1r100,0.0
Vmn1r101,0.0
Gm10670,0.0
Vmn1r103,0.0
Vmn1r104,0.0
Gm5726,0.0
Gm4141,0.0
Gm4513,0.0
Vmn1r107,0.0
Vmn1r111,0.0
Gm10668,0.0
Vmn1r112,0.0
Vmn1r113,0.0
Vmn1r114,0.0
Vmn1r115,0.0
Vmn1r116,0.0
Vmn1r117,0.0
Vmn1r118,0.0
Vmn1r119,0.0
Vmn1r120,0.0
Vmn1r121,0.0
Vmn1r122,0.0
Vmn1r123,0.0
Gm5157,0.0
Vmn1r124,0.0
Vmn1r125,0.0
Vmn1r126,0.0
Vmn1r127,0.0
Vmn1r128,0.0
Vmn1r129,0.0
Gm6882,0.0
Vmn1r130,0.0
Vmn1r131,0.0
Vmn1r132,0.0
Gm4175,0.0
Gm4177,0.0
Vmn1r135,0.0
Gm5725,0.0
Gm5891,0.0
Vmn1r137,0.0
Vmn1r138,0.0
Gm6176,0.0
Vmn1r139,0.0
Gm16451,0.0
Gm10666,0.0
Vmn1r142,0.0
Vmn1r143,0.0
Gm8653,0.0
Gm8453,0.0
Gm4187,0.0
Gm8660,0.0
Vmn1r148,0.0
Vmn1r149,0.0
Gm10665,0.0
Vmn1r151,0.0
Vmn1r152,0.0
Gm8677,0.0
Gm4201,0.0
Gm4565,0.0
Vmn1r155,0.0
Gm8693,0.0
Gm4567,0.0
Vmn1r157,0.0
Vmn1r158,0.0
Vmn1r159,0.0
Vmn1r160,0.0
Gm4214,0.0
Gm4216,0.0
Vmn1r163,0.0
Gm8720,0.0
Gm10662,0.0
Vmn1r165,0.0
Vmn1r166,0.0
Gm6902,0.0
Nlrp4e,0.0
Nlrp5,-0.137
Vmn1r167,0.0
Vmn1r168,-0.147
Vmn1r169,0.0
Vmn1r170,0.0
Vmn1r171,0.0
Vmn1r172,0.0
Vmn1r173,0.0
Vmn1r174,0.0
Vmn1r175,0.0
Vmn1r176,0.0
Vmn1r177,0.0
Vmn1r178,0.0
Vmn1r179,-0.159
Vmn1r180,0.0
Vmn1r181,-2.283
V1rd19,-0.318
Vmn1r183,-0.115
Gm36694,0.083
Zfp180,0.313
Zfp112,0.287
Gm44793,0.0
Zfp235,-0.014
Zfp114,-0.863
Zfp111,-0.617
Gm44796,0.0
Zfp109,-0.205
Zfp108,-0.324
Zfp93,-0.032
AC159140.1,0.133
Zfp61,-0.193
Zfp94,0.219
Tescl,1.067
Lypd5,0.0
Kcnn4,-4.393
Smg9,-0.136
Irgc1,-0.19
Gm36159,0.127
Plaur,-3.073
Cadm4,-1.901
Zfp428,1.304
Gm50092,1.172
Irgq,1.372
Pinlyp,0.108
Xrcc1,-0.443
Zfp575,1.147
Ethe1,0.111
Phldb3,-3.309
Gm26550,0.0
Lypd3,0.0
Gm4598,0.303
Tex101,0.0
Lypd10,0.0
Lypd11,0.0
Cd177,-1.587
Ceacam10,-0.621
Gm5893,0.0
Gm9844,1.167
Lypd4,0.036
Dmrtc2,0.0
Rps19,-0.252
Cd79a,0.036
Arhgef1,-1.099
Gm4881,0.0
Gm44970,0.0
Rabac1,0.639
Atp1a3,2.058
Grik5,0.578
Zfp574,-0.104
Pou2f2,1.684
D930028M14Rik,2.433
Dedd2,0.543
4933430L12Rik,0.19
Zfp526,-0.1
Gsk3a,0.454
9130221H12Rik,-0.133
Erf,-1.343
Cic,0.009
Pafah1b3,1.399
Prr19,1.346
Tmem145,1.82
Megf8,0.541
Cnfn,0.108
4732471J01Rik,0.523
Lipe,-0.435
Cxcl17,-0.252
Ceacam1,-2.986
Ceacam2,0.0
Gm29918,0.0
Gm38569,0.0
Erich4,-0.783
Dmac2,1.015
B3gnt8,-0.628
Bckdha,-0.534
Exosc5,-0.43
Tmem91,1.561
B9d2,0.15
Tgfb1,-0.166
Ccdc97,0.431
Hnrnpul1,-0.743
Axl,-4.642
Cyp2s1,0.585
Gm26707,1.613
Gm30146,0.0
Cyp2b10,0.0
BC026762,0.0
Cyp2b13,0.0
Cyp2b9,0.0
Vmn1r184,0.0
Gm42375,0.0
Cyp2a4,0.0
Nlrp9c,0.0
Nlrp4a,0.0
Nlrp9a,0.0
Vmn1r185,0.0
Cyp2b23,0.0
Cyp2b19,0.0
Cyp2g1,0.0
Cyp2a5,0.0
Cyp2a22,0.0
Cyp2a12,0.0
Cyp2f2,-1.386
Gm15883,-0.515
Cyp2t4,0.0
Egln2,0.614
Rab4b,0.873
Mia,-2.556
Snrpa,-0.046
BC024978,-0.233
Itpkc,-0.438
Coq8b,-0.664
Gm15567,0.267
Numbl,0.703
Ltbp4,-4.475
Shkbp1,-0.264
Sptbn4,1.491
Gm44924,0.0
Blvrb,-1.282
Sertad3,-1.475
Sertad1,-3.001
Prx,-3.21
Gm15541,-3.172
Hipk4,-1.65
Pld3,0.69
2310022A10Rik,0.167
Akt2,-1.062
Gm38973,-1.557
Ttc9b,2.105
Map3k10,0.409
Gm44684,-0.198
Zfp607b,-0.999
Zfp60,-1.446
Zfp626,-1.542
Zfp59,-0.532
Zfp607a,-2.112
Zfp974,-0.254
Gm26891,-0.607
Zfp780b,0.129
Zfp850,0.275
Psmc4,0.204
Gm44744,0.0
Fcgbp,-0.848
9530053A07Rik,0.008
Fbl,-0.156
Dyrk1b,0.15
Eid2,1.249
Eid2b,0.577
Selenov,1.647
Dll3,2.107
Timm50,0.182
Supt5,0.11
Gm44709,-0.071
Rps16,-0.477
Plekhg2,-3.016
Zfp36,-4.061
Gm44710,-0.145
Med29,0.302
Paf1,-0.398
Samd4b,-0.649
Gmfg,-4.797
Lrfn1,1.665
Ifnl2,0.0
Ifnl3,0.0
Sycn,0.0
Nccrp1,0.35
Pak4,-1.981
Acp7,0.0
Gm44618,0.0
Gm44617,0.0
Fbxo27,0.185
Fbxo17,-0.541
Mrps12,0.316
Sars2,0.158
Ccer2,-0.895
Nfkbib,0.002
Sirt2,-1.326
Rinl,-1.142
Hnrnpl,-0.669
Gm44702,-0.285
Ech1,-0.659
Lgals4,-2.356
Gm10648,-0.184
Lgals7,1.516
Capn12,-0.521
Gm44700,-0.908
Actn4,-1.144
Gm44699,-1.108
Eif3k,0.2
Map4k1,0.776
Ryr1,0.7
Gm38979,0.0
Gm26604,1.068
Rasgrp4,-1.471
Gm16282,0.0
Fam98c,0.719
1110035H17Rik,-0.735
Spred3,0.479
Ggn,0.338
Psmd8,0.322
Catsperg1,-0.135
Kcnk6,-3.444
Yif1b,0.388
2200002D01Rik,-3.426
Spint2,0.791
Ppp1r14a,-3.23
Dpf1,1.556
Gm44632,0.0
Sipa1l3,-0.461
Gm29326,0.0
A330087D11Rik,0.0
Catsperg2,0.0
Zfp84,-0.429
Zfp30,0.044
Zfp790,-0.283
Zfp940,0.978
Gm26554,0.0
Zfp420,-0.132
Zfp27,0.093
Zfp383,-1.116
Zfp74,-0.028
Zfp568,-0.92
Zfp14,0.155
Zfp82,0.045
Zfp566,-0.379
Zfp260,-0.483
Zfp382,-0.529
Zfp146,-1.147
Cox7a1,-1.364
Capns1,0.463
Gm26810,-0.363
Tbcb,0.628
Polr2i,0.113
Ovol3,0.0
Wdr62,-0.525
Thap8,-0.813
Clip3,1.07
Alkbh6,0.32
Syne4,-0.203
Sdhaf1,-0.131
E130208F15Rik,-0.19
4930479H17Rik,0.0
Lrfn3,0.932
Tyrobp,-5.466
Hcst,-3.316
Nfkbid,-2.844
Aplp1,1.799
Kirrel2,0.105
Nphs1,0.206
Nphs1os,0.0
Prodh2,0.019
Arhgap33os,0.0
Arhgap33,0.812
Proser3,-0.356
Hspb6,-1.071
Lin37,0.412
Psenen,0.245
U2af1l4,0.157
Igflr1,-0.959
Kmt2b,-0.361
Zbtb32,0.404
Upk1a,0.586
Cox6b1,0.588
Etv2,0.077
Rbm42,-0.014
Haus5,-0.801
Pmis2,0.0
2200002J24Rik,0.003
Atp4a,1.644
Tmem147,0.521
Tmem147os,0.701
Gapdhs,0.598
Gm26935,0.13
Sbsn,1.196
Dmkn,1.11
Krtdap,-0.38
Ffar2,-0.294
Ffar3,1.559
Ffar1,-0.136
Cd22,-0.654
Gm29439,0.0
D7Ertd128e,-0.108
Mag,-3.039
Gm44662,0.0
Hamp2,-0.093
Hamp,-0.149
Usf2,-0.608
Gm17077,-0.135
Gm4673,-0.564
Lsr,-0.177
Fam187b,0.046
Fxyd5,0.25
Fxyd7,2.407
Fxyd1,-3.859
Lgi4,-4.398
Fxyd3,-3.231
Hpn,-1.745
Scn1b,0.602
Gramd1a,0.4
G630030J09Rik,-0.015
Gm10640,0.846
Scgb2b2,0.0
Scgb1b2,0.0
Scgb2b3,0.0
Scgb1b3,0.0
Scgb2b7,0.0
Scgb1b7,0.0
Scgb1b10,0.0
Scgb2b11,0.0
Scgb1b11,0.0
Scgb2b12,0.0
Scgb1b12,0.0
Scgb1b29,0.0
Scgb2b15,0.0
Scgb1b15,0.0
Scgb2b17,0.0
Scgb1b17,0.0
Scgb2b18,0.0
Scgb1b18,0.0
Scgb2b19,0.0
Scgb1b19,0.0
Scgb2b20,0.0
Scgb1b20,0.0
Scgb2b21,0.0
Gm12763,0.0
Scgb2b24,0.0
Scgb1b24,0.0
Scgb2b26,0.0
Scgb2b27,0.0
Scgb1b27,0.0
Scgb1b30,0.0
Wtip,-1.076
Uba2,-0.02
Pdcd2l,0.274
Gpi1,1.104
Gm12762,0.0
Gm12758,-0.698
4931406P16Rik,-1.384
Lsm14a,-1.375
Gm12764,-0.425
Gm12766,0.0
Gm12784,-0.951
Gm44837,-0.829
Kctd15,-0.554
Gm12781,-1.129
Gm12756,0.0
Chst8,1.473
Pepd,-0.119
Cebpg,-0.08
Gm44836,-1.226
Gm45095,0.0
Gm45096,0.0
Gm35611,0.0
Gm45091,-0.061
Cebpa,-4.352
Gm35665,0.0
Slc7a10,-1.433
Lrp3,0.817
AC150683.1,-0.165
Gpatch1,-0.112
Rhpn2,-1.048
Faap24,-0.073
Cep89,-0.94
Slc7a9,-0.223
Tdrd12,-0.087
Nudt19,0.504
B230322F03Rik,0.465
Rgs9bp,0.594
Ankrd27,0.039
Pdcd5,0.291
Dpy19l3,-0.104
Zfp507,-0.259
E130304I02Rik,0.033
Gm28514,0.0
Gm38991,0.0
Gm29129,0.0
Tshz3,-0.577
Gm28078,0.0
Gm28076,0.0
Gm28075,0.0
Gm28077,0.007
Zfp536,-1.713
4930505M18Rik,0.0
Uri1,0.266
Gm30684,0.0
Gm30771,0.0
Ccne1,0.386
D530033B14Rik,0.087
1600014C10Rik,1.055
Plekhf1,-4.203
Pop4,0.24
Gm44767,0.0
Gm29087,0.0
Gm5591,0.0
Gm5114,0.0
Zfp619,-0.556
Gm37494,-0.894
Gm45839,0.0
4930558N11Rik,0.165
Gm44992,0.0
4933404I11Rik,0.0
Gm28807,0.0
4933402C06Rik,0.0
A230077H06Rik,-0.165
Gm28307,0.0
Vstm2b,-1.487
4930433I11Rik,0.0
Gm38997,0.0
Gm4884,0.0
1700110I07Rik,0.0
Gm44839,0.0
Gm44748,0.0
Gm5592,0.0
Gm34811,0.0
AI987944,-0.506
Gm17102,1.413
Vmn2r57,-0.012
AW146154,-0.589
Gm6871,0.0
2610021A01Rik,0.007
Zfp788,0.247
Vmn2r58,0.0
Vmn2r59,0.0
Vmn2r60,0.0
Vmn2r61,0.0
4933421I07Rik,0.0
Zfp141,0.16
Gm44997,1.503
Gm21028,0.196
Zfp977,0.651
Zfp976,0.415
Zfp975,0.275
Gm17067,0.0
Vmn2r62,0.0
Gm2381,0.0
Vmn2r63,0.0
Vmn2r126,0.0
Gm17768,0.0
Zfp936,0.0
EU599041,0.0
Zfp715,-0.052
Siglecf,-2.785
Siglecg,-1.64
AC149091.1,0.0
Lim2,0.0
Nkg7,-3.171
Cldnd2,0.0
Etfb,-0.703
Vsig10l,0.758
Iglon5,1.32
4931406B18Rik,0.0
Gm2511,0.0
Cd33,-4.537
Gm44818,0.0
Zfp658,-0.082
Zfp719,-0.383
Zfp819,0.0
Ceacam18,0.0
Siglece,-3.511
Gm36546,0.0
Ctu1,0.341
Klk14,0.0
2310002F09Rik,-0.718
Klk13,-0.637
Klk12,0.0
Klk11,0.0
Klk10,-1.414
Klk9,0.0
Klk8,-4.014
Klk7,-0.074
Klk6,0.0
Klk5,0.0
Gm44707,0.0
Klk4,0.0
Klk15,0.0
Gm44756,0.0
Klk1b8,0.0
Klk1b1,0.0
Klk1b9,0.0
Klk1b11,0.0
Klk1b26,0.0
Klk1b27,0.3
Klk1b21,0.0
Klk1b22,0.0
Klk1b16,0.0
Klk1b24,0.0
Klk1b3,0.0
Klk1b4,0.0
Klk1b5,0.0
Klk1,-0.51
1700028J19Rik,0.763
Gm36864,0.0
2410002F23Rik,0.083
Acp4,-0.039
Gm15517,0.0
Clec11a,-0.582
Shank1,1.369
1700008O03Rik,0.438
Gm44780,0.0
Syt3,1.824
Lrrc4b,0.391
Aspdh,1.174
Josd2,-1.136
5430431A17Rik,-1.417
Emc10,0.16
Fam71e1,0.634
Gm44646,1.736
Mybpc2,-0.363
Spib,-1.096
Pold1,-1.397
Nr1h2,-0.264
Napsa,-3.588
Gm15396,0.657
Kcnc3,1.499
Gm44832,0.26
Myh14,0.102
2310016G11Rik,-0.905
Izumo2,0.0
Zfp473,-1.015
Vrk3,-0.589
Atf5,0.205
Nup62,-0.04
Il4i1,-0.551
Tbc1d17,-0.336
Akt1s1,0.12
Pnkp,-0.635
Ptov1,0.34
Med25,-0.127
Fuz,-0.756
Ap2a1,0.689
Tsks,-0.093
Cpt1c,0.435
6530437J22Rik,0.717
Prmt1,0.326
Gm15545,0.435
Bcl2l12,-4.682
Irf3,-1.198
Scaf1,0.1
Rras,-1.666
Prr12,0.152
Prrg2,-0.618
Nosip,0.005
Rcn3,-4.081
Gm45669,-1.391
Fcgrt,-4.195
Gm45552,-0.13
Rps11,-0.223
Rpl13a,-0.444
Flt3l,-0.404
Aldh16a1,-0.844
Pih1d1,0.058
Slc17a7,-0.817
Gfy,0.018
Pth2,0.0
Ccdc155,0.474
Dkkl1,1.629
Tead2,-5.224
Cd37,-3.784
Slc6a16,0.711
Slc6a21,0.0
Trpm4,0.477
Hrc,-3.597
Ppfia3,1.45
Mtag2,2.465
Lin7b,1.571
Gm45619,0.237
Snrnp70,-0.497
Kcna7,-0.061
Ntf5,-0.218
AC151602.1,0.0
Lhb,0.0
Ruvbl2,-0.359
Gys1,0.652
Ftl1,-0.104
Bax,-0.053
Dhdh,0.077
Tulp2,-1.83
Nucb1,-1.04
Ppp1r15a,-2.367
Plekha4,-4.185
Gm45564,0.0
Hsd17b14,0.053
0610005C13Rik,-0.029
Bcat2,0.277
Gm31479,0.712
Fgf21,-0.479
Fut1,-0.125
Izumo1,-0.896
Rasip1,-1.483
Gm45437,0.067
A030001D20Rik,0.358
Mamstr,-1.167
Fut2,-1.206
Sec1,-0.224
Ntn5,-1.552
Car11,0.61
Dbp,-1.693
Sphk2,0.096
Rpl18,-0.267
Fam83e,-0.995
Spaca4,0.0
Sult2b1,0.889
Gm31597,-1.306
Lmtk3,1.365
Cyth2,0.324
Kcnj14,0.199
Grwd1,0.391
Gm45441,1.174
Grin2d,0.165
Kdelr1,-0.637
Syngr4,-0.115
Tmem143,0.315
Emp3,-3.545
Gm45442,-0.547
Ccdc114,-2.051
Abcc6,-0.172
Nomo1,0.757
Kcnj11,1.04
Abcc8,1.34
Gm45486,0.486
Ush1c,0.952
Otog,0.0
1700025L06Rik,0.0
Myod1,0.0
Kcnc1,1.826
Sergef,0.81
Gm45311,1.482
Gm15700,0.057
Tph1,-1.212
Saal1,-0.41
Saa3,-1.097
Saa4,0.0
Saa1,-0.792
Saa2,0.043
Hps5,-1.337
Gm45309,-0.083
Gtf2h1,-0.542
Ldha,0.758
Ldhc,-0.507
Tsg101,0.632
Uevld,0.015
C86187,0.0
Gm9999,-0.225
Spty2d1,-1.249
Gm32031,-1.132
Gm45474,-0.363
Tmem86a,-1.036
Ptpn5,1.987
Gm14377,0.129
Gm44969,0.568
Mrgpra6,0.0
Mrgpra9,0.0
Mrgpra1,0.0
Mrgpra2a,-0.134
Mrgpra2b,0.0
Mrgpra3,0.0
Mrgpra4,0.0
Mrgprx1,0.0
Mrgprb5,0.0
Mrgprb4,0.0
Mrgprb8,0.0
Mrgprb1,-0.283
Mrgprx2,0.0
Mrgprb2,0.0
Mrgprb3,0.0
Gm45086,0.0
Zdhhc13,0.426
Csrp3,0.0
E2f8,-3.363
Gm2788,-1.672
Gm45282,0.0
Nav2,-1.667
Gm32849,0.108
9130015G15Rik,-0.138
Dbx1,0.0
Htatip2,0.691
Prmt3,-0.011
Slc6a5,0.0
Nell1,1.197
Nell1os,0.0
4933405O20Rik,0.0
Ano5,0.183
Slc17a6,0.126
Gm29296,0.0
Gm45235,-0.689
Fancf,0.025
Gas2,-0.625
Svip,0.008
1700015G11Rik,0.136
Luzp2,-2.176
Siglech,-2.019
Tubgcp5,-0.107
Cyfip1,-2.397
Nipa2,-0.21
A230056P14Rik,0.731
Nipa1,0.5
Gm15888,0.0
Gm34121,0.216
Herc2,0.805
Oca2,1.039
Gm44506,0.0
Gabrg3,1.022
Gm9962,0.57
Gabra5,1.514
Gabrb3,2.005
Atp10a,-3.237
Ube3a,0.662
Snhg14,1.994
Gm38393,2.139
Snrpn,2.066
Snurf,0.0
Gm44644,1.796
Gm44643,1.653
A230006K03Rik,1.18
B230209E15Rik,2.954
A230057D06Rik,1.506
A330076H08Rik,1.563
Gm9801,0.61
Gm32061,0.0
Ndn,1.26
Magel2,1.227
Mkrn3,0.915
Peg12,-2.67
A26c2,0.0
Chrna7,0.497
4930554H23Rik,0.0
Otud7a,1.799
Gm44718,1.858
Klf13,-0.361
Gm27252,-0.214
E030018B13Rik,0.0
Gm45052,0.0
Gm32633,-0.757
Gm45054,0.0
Gm20670,0.0
Trpm1,0.092
Mtmr10,-1.508
Gm20457,-0.368
Fan1,-0.696
Mphosph10,-0.132
Mcee,0.036
Apba2,2.011
Fam189a1,1.857
Nsmce3,-0.096
1810049I09Rik,0.0
Tjp1,-2.1
BC046251,0.316
Tarsl2,1.183
Tm2d3,0.15
1810008I18Rik,-0.011
Gm20684,0.0
Pcsk6,-2.123
Snrpa1,-0.327
Gm45081,-0.324
Selenos,-1.185
Gm26827,0.0
Chsy1,-1.441
Lrrk1,-3.714
Gm44752,-2.189
Gm10974,0.0
Aldh1a3,-2.631
Gm44753,0.0
Gm33570,0.0
Asb7,-0.109
Lins1,0.099
Cers3,0.584
Adamts17,-3.227
1700112J16Rik,1.699
Lysmd4,1.142
Mef2a,-0.42
Gm33926,0.0
Lrrc28,0.143
Ttc23,-3.888
Synm,0.855
4833412C05Rik,-1.653
Gm34350,-0.09
Gm39027,0.677
Igf1r,-0.18
Pgpep1l,0.009
Gm16157,-0.089
Fam169b,-0.697
Gm16158,0.0
Gm44889,0.0
4933436H12Rik,0.0
Gm34549,0.0
Gm44886,0.0
Gm44692,0.0
Arrdc4,-0.758
Gm34664,0.0
Gm44691,-3.586
Gm34838,-1.032
Gm38584,-1.611
4930402F11Rik,0.0
Gm29683,-4.17
Gm35325,0.0
Gm29327,0.0
Gm44946,-1.933
Gm44948,0.0
Nr2f2,-4.323
B130024G19Rik,-5.841
Gm28258,-0.176
Gm44532,-0.344
Gm35842,-1.959
Gm44813,0.0
Gm44812,-3.282
Gm44808,0.0
Gm42397,-3.354
Gm36011,0.0
Gm39033,0.0
6030442E23Rik,-1.05
Gm29328,-0.324
Gm29295,0.0
Gm44689,0.0
4930441H08Rik,0.0
Gm36633,0.0
1700011C11Rik,-0.004
Mctp2,-0.895
Gm36696,0.0
Gm45715,0.0
Gm28745,0.0
Gm28744,0.0
Gm44725,0.0
Gm6567,-0.051
4933435G04Rik,0.0
Gm28746,0.0
Gm20083,0.0
Gm30075,-0.598
4930429H19Rik,0.0
A730056A06Rik,-0.903
Rgma,-3.561
Chd2,-0.731
Gm44686,-0.962
1810026B05Rik,-0.296
Gm44734,0.0
Gm44738,0.0
Gm44737,0.0
Gm44736,0.0
Gm44739,-0.19
Fam174b,1.011
Gm10619,0.0
Gm21269,0.571
St8sia2,-0.007
Gm38143,0.0
Gm45004,-1.351
Slco3a1,-0.062
Gm7580,-0.072
Gm30459,0.054
0610006L08Rik,0.726
4930533N22Rik,0.0
Sv2b,-0.914
1500012K07Rik,0.0
Akap13,-0.126
AU020206,-4.114
Klhl25,-0.943
Agbl1,0.0
Ntrk3,0.147
4921513I08Rik,0.0
Gm39038,0.0
Gm9885,0.076
Mrpl46,0.423
Mrps11,-0.253
5330411O13Rik,0.0
Det1,-0.697
1700011D18Rik,0.312
Gm44730,0.0
Aen,0.271
Isg20,-2.158
Gm26633,0.0
Acan,-0.597
Hapln3,-1.303
Mfge8,-4.815
Gm31510,0.0
Abhd2,-0.028
Rlbp1,-3.767
Fanci,-1.798
Polg,-0.902
Mir9-3hg,0.447
Gm35040,0.0
Gm45168,-1.805
Gm45169,-2.736
Rhcg,-0.392
Ticrr,-2.517
Kif7,-2.715
9330171B17Rik,0.953
Plin1,-0.346
Pex11a,-0.968
Gm44706,-0.035
Wdr93,-0.132
Mesp1,-0.35
Mesp2,-0.131
Anpep,-4.847
Ap3s2,0.714
Gm26646,0.0
5430400D12Rik,-0.174
Arpin,0.06
Zfp710,-0.51
Gm21057,-0.12
Gm44949,-0.204
Idh2,-1.668
Gm45202,0.0
Sema4b,0.025
Cib1,-1.624
Gdpgp1,0.301
Ttll13,-0.033
Ngrn,0.439
Vps33b,0.3
Rccd1,-1.416
Prc1,-2.783
Unc45a,0.455
Hddc3,0.035
Man2a2,-0.323
Fes,-3.516
Furin,-0.416
Gm44851,-0.068
Blm,-0.569
Crtc3,-0.529
Gm15880,-0.674
Iqgap1,-1.565
Gm44649,-0.097
Zscan2,-0.618
Wdr73,0.294
Nmb,-0.901
Sec11a,-0.346
Gm44899,-0.496
Zfp592,-0.181
Alpk3,0.011
Platr32,-0.187
Slc28a1,-0.033
Gm44968,0.0
Pde8a,-1.016
Rps17,-0.085
Cpeb1,1.241
Ap3b2,1.81
BC048679,0.0
2900076A07Rik,0.274
Fsd2,0.134
Whamm,-0.365
Homer2,-0.526
Gm44570,0.0
Ramac,0.074
3110040N11Rik,0.561
Gm45016,0.098
Btbd1,-0.207
Gm10160,-0.279
Tm6sf1,0.559
Gm45014,0.0
Hdgfl3,0.8
Bnc1,0.0
Gm20744,0.0
Gm45056,0.0
Gm32850,0.0
Gm45090,0.0
Sh3gl3,1.811
Adamtsl3,-3.457
Saxo2,0.932
Efl1,-0.37
4933406J10Rik,0.0
1700010L04Rik,0.0
Gm36584,0.264
Mex3b,0.14
4933430H16Rik,0.0
A530021J07Rik,0.086
5930435M05Rik,0.046
Gm44724,0.15
Gm44991,0.0
Gm10610,1.081
Tmc3,1.781
Gm16638,0.419
Stard5,-0.884
Il16,-3.818
2310044K18Rik,0.0
Cfap161,-0.095
Gm44993,0.0
Gm39043,0.0
Tlnrd1,0.547
Mesd,-0.64
Cemip,0.333
Abhd17c,-0.074
Gm26708,1.203
Gm44827,0.0
Arnt2,0.129
Gm30873,-0.52
Gm44933,0.0
Gm45175,0.0
Gm2115,-4.595
Fah,-0.046
Zfand6,-0.585
2610206C17Rik,0.463
Olfr291,0.0
Olfr290,0.0
Vmn2r65,0.0
Vmn2r66,0.0
Vmn2r67,0.0
Vmn2r68,0.0
Vmn2r69,0.0
Vmn2r70,0.0
Vmn2r71,0.0
Vmn2r72,0.0
Vmn2r73,0.0
Vmn2r74,0.0
Vmn2r75,0.0
Vmn2r76,0.0
Olfr310,0.0
Olfr309,0.0
Olfr308,0.0
Olfr307,0.0
Olfr305,0.0
Olfr304,0.0
Olfr303,0.0
Olfr301,0.0
Olfr299,0.0
Olfr298,0.0
Olfr297,0.0
Olfr295,0.0
Olfr294,0.0
Olfr293,0.0
Olfr292,0.0
Folh1,-2.458
Vmn2r77,0.0
Vmn2r78,0.0
Vmn2r79,-0.034
Nox4,-0.551
Tyr,0.0
Grm5,0.849
Ctsc,-5.477
Gm44751,-2.833
Rab38,-3.745
Gm45144,0.0
Tmem135,0.4
Gm44995,0.0
Fzd4,-2.954
AI314278,0.0
Prss23,-5.677
Prss23os,-0.582
Gm45064,0.0
A230065N10Rik,-0.888
Me3,-0.792
Ccdc81,0.258
Hikeshi,-0.077
Eed,-1.165
E230029C05Rik,0.428
2310010J17Rik,-0.936
Picalm,-0.359
Ccdc83,-0.069
Sytl2,-1.738
Ccdc89,-0.796
Crebzf,0.059
Tmem126a,0.467
Tmem126b,0.421
Dlg2,1.9
Gm45159,1.779
4930567K12Rik,-0.062
Ccdc90b,-1.432
Ankrd42,0.469
Gm26944,-0.703
Pcf11,-1.105
Gm26981,-0.954
4632427E13Rik,-1.076
Rab30,0.484
Ddias,-0.258
Prcp,-1.223
Gm26862,-1.084
Gm9934,-0.495
Fam181b,-3.132
Gm44947,0.0
Gm45037,0.0
Gm32647,0.043
Gm44601,0.0
Tenm4,1.642
Gm15412,0.0
Gm15414,0.0
Gm15413,0.262
Gm15416,-0.381
Gm44633,0.044
C230038L03Rik,1.008
Nars2,0.277
Gab2,0.771
Usp35,1.117
Kctd21,-0.753
Alg8,-1.111
Ndufc2,0.444
Thrsp,0.682
Kctd14,-3.701
Ints4,-0.251
Aamdc,-0.57
Rsf1,-0.048
Rsf1os1,-0.009
Rsf1os2,-0.449
Clns1a,0.053
Aqp11,0.849
Pak1,1.832
Gdpd4,0.0
Myo7a,-0.05
Capn5,0.759
Omp,1.034
Gm16938,0.0
B3gnt6,0.274
Acer3,-0.14
Tsku,-4.061
Gm44507,0.0
Gucy2d,0.023
Lrrc32,-4.37
A630091E08Rik,0.0
Emsy,-0.584
Thap12,-0.742
Gm19656,0.0
Gm44934,0.0
Wnt11,-0.811
Uvrag,-0.301
Gm45188,-0.066
Gm45187,-0.616
Dgat2,0.173
Gm45012,0.0
Mogat2,0.046
Gm26705,-0.29
Map6,1.778
Gm45591,1.177
Serpinh1,-4.86
Gdpd5,0.089
Klhl35,-0.104
Rps3,-0.229
Arrb1,0.065
Tpbgl,1.037
Gm10605,1.486
Slco2b1,-4.057
Gm15635,-0.113
Gm34280,-0.162
Olfr520,-0.083
Olfr521,0.0
F730035P03Rik,0.0
Neu3,-0.059
Spcs2,-0.205
Xrra1,0.061
Gm38405,-0.215
Rnf169,-0.755
Chrdl2,0.027
Pold3,-1.041
Lipt2,0.127
Gm34821,0.311
Kcne3,-0.838
Pgm2l1,2.044
P4ha3,-1.462
Ppme1,0.935
C2cd3,-0.435
Gm10603,-0.752
Ucp3,0.376
Ucp2,-0.792
Dnajb13,-0.416
Coa4,0.639
Gm39059,0.044
Mrpl48,0.075
Rab6a,1.054
Plekhb1,-4.228
Gm35082,-0.547
Fam168a,0.204
Relt,-0.564
Arhgef17,-0.081
P2ry6,-1.88
P2ry2,-3.05
Fchsd2,0.099
Atg16l2,-0.212
Stard10,0.607
Gm20476,0.0
Gm45620,-2.581
Arap1,-3.081
Pde2a,0.747
Gm35363,0.415
Art2b,-0.257
Clpb,0.287
Phox2a,2.092
Inppl1,-0.733
Gm10602,0.875
Folr2,-2.569
Folr1,-0.944
Anapc15,0.295
Tomt,-0.251
Lamtor1,0.102
Lrrc51,0.836
Numa1,-0.684
Il18bp,-0.734
Rnf121,-0.585
Xndc1,-0.554
Art5,-0.756
Art1,0.37
Chrna10,0.255
Nup98,-0.937
Pgap2,-0.699
AC139579.1,0.0
Rhog,-1.791
Stim1,-0.527
Rrm1,-0.913
Olfr543,0.0
Olfr544,0.0
Olfr545,0.0
Olfr547,0.0
Olfr548-ps1,0.0
Olfr549,0.0
Trim21,-0.517
Olfr550,0.0
Olfr551,0.0
Olfr552,0.0
Olfr553,0.0
Olfr554,0.0
Olfr555,0.0
Olfr556,0.0
Trim68,0.527
Olfr557,0.0
Olfr558,-3.636
Olfr33,0.0
Olfr559,0.0
Olfr78,1.729
Olfr560,0.882
Olfr561,0.339
Olfr564,0.0
Olfr566,0.0
Olfr568,0.0
Olfr569,0.0
Olfr570,0.0
Olfr571,-0.067
Olfr572,0.0
Olfr573-ps1,0.0
Olfr574,0.0
Olfr575,0.0
Olfr576,0.0
Olfr577,0.0
Olfr578,0.0
Olfr582,0.0
Olfr583,0.0
Olfr584,0.0
Olfr585,0.0
Olfr586,0.0
Olfr588-ps1,0.0
Olfr589,0.0
Olfr591,0.0
Olfr592,0.0
Olfr593,0.0
Olfr594,0.0
Usp17ld,0.0
Olfr596,0.0
Olfr597,0.0
Olfr598,0.0
Olfr599,0.0
Olfr600,0.0
Olfr601,0.0
Olfr603,0.0
Usp17lc,0.0
Olfr605,0.0
Olfr606,0.0
Olfr607,0.0
Olfr608,0.0
Olfr609,0.0
Olfr610,0.0
Olfr611,0.0
Olfr612,0.0
Olfr613,0.0
Olfr615,0.0
Olfr616,0.0
Olfr617,0.0
Olfr618,0.0
Olfr619,0.0
Olfr620,0.0
Olfr622,0.0
Olfr623,0.0
Olfr624,0.211
Olfr625-ps1,0.0
Olfr243,0.0
Olfr628,0.0
Olfr629,0.0
Olfr630,0.0
Olfr69,0.0
Olfr68,0.0
Olfr67,0.0
Hbb-bt,-2.744
Hbb-bs,-2.635
Hbb-bh2,0.0
Hbb-bh1,0.0
Hbb-y,0.0
Olfr66,0.0
Olfr64,0.0
Olfr65,0.0
Olfr631,0.0
Olfr632,0.0
Olfr633,0.0
Olfr635,-0.001
Olfr638,0.0
Olfr639,0.0
Olfr640,0.0
Olfr641,0.0
Olfr642,0.0
4930516K23Rik,0.0
Olfr644,0.0
Olfr645,0.0
Olfr646,0.0
Ubqln5,0.0
Ubqln3,0.0
Ubqlnl,0.0
Olfm5,0.0
Olfr648,0.077
Olfr649,0.0
Trim6,-2.774
Trim34a,-3.595
Gm47248,-0.381
Trim5,-3.61
Trim12a,-4.411
Gm15133,-1.843
Trim34b,-0.089
Trim12c,-2.928
Trim30b,-0.665
Trim30c,-0.771
Trim30a,-3.428
Trim30d,-3.332
Olfr651,0.0
Olfr652,0.0
Olfr653,0.0
Olfr654,0.0
Olfr655,0.0
Olfr656,0.0
Olfr657,0.0
Olfr658,-0.069
Olfr659,0.0
Olfr661,0.0
Usp17le,0.0
Usp17lb,0.0
Usp17la,0.0
Gm45556,0.0
Olfr665,0.0
Olfr666,0.0
Gm45272,0.0
Olfr667,0.0
Olfr668,0.0
Olfr669,0.0
Olfr670,0.0
Olfr671,0.0
Olfr672,0.0
Olfr675,0.0
Olfr676,0.0
Olfr677,0.0
Olfr678,0.077
Gm45557,0.0
Olfr679,0.0
Olfr680-ps1,0.0
Gm45558,0.0
Olfr681,0.0
Olfr683,0.0
Olfr684,0.0
Olfr685,0.0
Olfr686,0.0
Olfr688,0.0
Olfr689,0.0
Olfr690,0.0
Olfr691,0.425
Olfr692,0.0
Fam160a2,0.151
Gm5901,0.0
Gm45885,-1.649
Cnga4,-0.011
Cckbr,1.035
Cavin3,-3.335
Smpd1,0.474
Apbb1,1.371
Hpx,-0.75
Trim3,0.927
Arfip2,0.213
Timm10b,-0.098
Dnhd1,-0.102
Rrp8,-0.006
Ilk,-0.723
Taf10,0.173
Tpp1,-2.066
Dchs1,0.351
Mrpl17,0.057
Gm4070,-2.984
Gm20663,0.0
Gvin1,-1.141
Olfr693,0.0
Olfr694,0.0
Olfr695,0.0
Olfr697,0.0
Olfr698,0.0
Olfr699,0.0
Olfr700,0.0
4930458B22Rik,0.0
Olfr701,0.0
Olfr702,0.0
Olfr703,0.0
Olfr704,0.0
Olfr705,0.0
Olfr706,0.0
Olfr707,0.0
Olfr1532-ps1,0.0
Olfr709-ps1,0.0
Olfr710,0.0
Olfr6,0.0
Olfr711,0.0
Olfr2,0.0
Olfr713,0.0
Olfr714,0.0
Olfr17,0.0
Olfr715b,0.069
Gm45868,0.0
Olfr715,0.0
Olfr716,0.0
Nlrp14,0.0
Rbmxl2,0.047
Platr28,0.0
Syt9,1.889
Olfml1,-4.693
Gm44773,-1.0
Ppfibp2,0.886
Cyb5r2,1.12
Gm45040,0.0
Ovch2,0.0
Olfr467,0.0
Olfr469,0.0
Olfr470,0.0
Olfr472,0.0
Olfr473,0.0
Olfr474,0.0
Olfr476,0.0
Olfr477,0.0
Olfr478,0.0
Olfr479,0.0
Olfr480,0.0
Olfr481,0.0
Olfr482,0.379
Olfr483,0.0
Olfr484,0.0
Olfr485,0.0
Olfr486,0.0
Olfr487,0.0
Olfr488,0.0
Olfr490,0.0
Olfr491,0.0
Olfr492,0.0
Olfr493,0.0
Olfr494,0.0
Olfr495,0.0
Olfr497,0.0
Olfr498,0.0
Olfr502,0.0
Olfr503,0.0
Olfr504,0.0
Olfr506,-0.021
Olfr507,0.0
Olfr508,0.0
Olfr509,0.0
Olfr510,0.0
Olfr512,0.0
Olfr513,0.0
Olfr514,0.0
Olfr516,0.0
Olfr517,0.0
Olfr518,0.0
Olfr519,0.0
Nlrp10,-0.058
Eif3f,-0.053
Tub,2.08
Ric3,1.827
Lmo1,0.788
Gm44781,0.0
Gm45024,0.677
Stk33,0.751
1700095J03Rik,0.889
Trim66,1.748
Rpl27a,-0.175
St5,-3.534
Gm44864,0.0
Akip1,-0.323
BC051019,-0.248
Ascl3,-0.394
Tmem9b,-0.107
Nrip3,1.838
Scube2,-1.208
Dennd5a,-0.424
Tmem41b,-0.652
1600010M07Rik,-2.256
Ipo7,0.154
Zfp143,-0.805
Wee1,-2.469
Swap70,-2.557
Gm45515,0.0
Sbf2,-0.221
Gm28863,0.0
Adm,-0.461
Gm21123,0.0
Ampd3,0.432
Rnf141,-0.044
Lyve1,-3.67
Mrvi1,-3.331
Gm16336,0.0
Ctr9,0.002
Eif4g2,0.28
1700012D14Rik,-0.068
5430402P08Rik,0.0
Galnt18,-2.949
Usp47,-0.018
Dkk3,0.438
Mical2,-1.083
Parva,1.285
Parvaos,-0.349
2310014F06Rik,-3.525
Tead1,-1.075
Rassf10,-3.954
Gm33586,0.0
4930543E12Rik,0.0
Arntl,-0.225
Gm45355,0.0
Btbd10,0.304
Pth,0.0
Far1,0.056
Far1os,0.0
Gm5600,0.0
Gm29507,0.0
Spon1,-2.077
Rras2,0.47
Gm45615,0.0
Copb1,-0.464
Psma1,0.26
4933406I18Rik,-0.553
Pde3b,-0.144
Cyp2r1,-1.258
Calca,-0.048
Calcb,1.07
Insc,-3.99
Gm45017,0.0
Gm45020,0.0
A730082K24Rik,0.175
Gm34225,-0.078
Sox6,-4.401
Gm45025,0.0
Sox6os,-2.403
1110004F10Rik,0.168
1700003G18Rik,-0.293
Plekha7,-0.721
Gm44867,-1.675
Rps13,-0.269
Gm44777,-0.86
Pik3c2a,-1.278
AV356131,0.17
Nucb2,-0.237
Gm45151,-0.058
4732496C06Rik,0.379
Gm39075,0.0
Xylt1,-2.11
Rps15a,-0.376
Arl6ip1,0.283
Smg1,-0.032
4930583K01Rik,0.536
Gm45155,-0.039
Gm35309,0.0
Syt17,1.823
Itpripl2,-0.311
Coq7,0.389
Tmc7,0.205
B230311B06Rik,-2.662
Tmc5,-1.76
Gde1,0.863
Ccp110,0.595
Vps35l,0.342
Gm44549,-0.203
Knop1,-0.162
Iqck,-1.394
Gm44763,-2.054
Gprc5b,-4.338
Gpr139,-0.091
Gp2,0.0
Umod,0.0
Gm44588,0.0
Pdilt,0.0
Gm26967,0.0
Acsm5,0.0
Acsm2,0.0
Gm39078,0.0
Acsm1,0.0
Gm19950,0.0
Gm45792,0.0
Acsm4,0.0
Thumpd1,0.322
Gm44866,0.0
Acsm3,-0.061
Eri2,-0.714
Rexo5,-2.116
Dcun1d3,-0.092
Lyrm1,0.72
Dnah3,-0.14
Tmem159,-0.226
Zp2,0.0
4930505K13Rik,0.0
Anks4b,-0.185
Crym,-3.569
Abca14,-0.825
Abca15,0.0
Abca16,0.0
Gm32916,0.0
Uqcrc2,0.308
Pdzd9,0.42
4930588G17Rik,0.0
9030407P20Rik,0.777
Mosmo,0.243
Vwa3a,-0.031
Gm5737,0.0
Eef2k,0.489
Gm15774,0.127
Polr3e,-0.235
Cdr2,0.709
Mfsd13b,-0.935
Mettl9,-1.017
Igsf6,-4.471
Otoa,-0.281
Gm45079,0.0
Gm36736,0.068
Hs3st2,1.467
4933432K03Rik,0.873
1700025J12Rik,0.0
Usp31,0.95
1700069B07Rik,0.586
Scnn1g,-0.031
Scnn1b,0.241
Cog7,0.205
Gm44987,0.107
Gga2,0.646
Ears2,-0.219
Ubfd1,0.503
Ndufab1,0.644
Palb2,-0.932
Dctn5,0.599
Gm15489,-1.302
Plk1,-2.877
Ern2,0.055
Chp2,-4.318
Prkcb,1.365
Cacng3,1.845
Rbbp6,-0.525
Gm20274,-1.191
Gm45847,2.029
Tnrc6a,-0.164
Slc5a11,-0.164
Arhgap17,-0.848
Lcmt1,0.684
Aqp8,0.11
Zkscan2,1.132
Gm26974,0.476
Gm27040,0.208
Hs3st4,1.005
Gm15338,0.0
Gm15339,0.0
3100003L05Rik,-0.422
Gm45092,0.0
4933440M02Rik,-0.108
4930571K23Rik,0.0
Gm30717,0.0
Kdm8,-0.455
Nsmce1,-0.02
Il4ra,-0.199
Gm44876,0.0
Il21r,-3.587
Gtf3c1,0.177
D430042O09Rik,-0.868
Gsg1l,1.595
Xpo6,0.013
1700123J17Rik,0.398
Sbk1,1.368
Gm30928,0.0
Lat,-1.666
Spns1,0.109
Nfatc2ip,-0.598
Cd19,-0.634
Rabep2,-1.005
Atp2a1,-0.745
Sh2b1,-0.172
Tufm,0.28
Atxn2l,-0.122
Eif3c,0.15
Cln3,-1.036
Apobr,-1.984
Il27,0.0
Nupr1,-5.074
2510046G10Rik,-0.487
Sgf29,0.009
Sult1a1,-3.986
Slx1b,-0.326
Bola2,0.521
Coro1a,0.282
4930448A20Rik,0.0
Mapk3,0.975
Gdpd3,-1.328
Gm9967,-0.518
Ypel3,0.603
Tbx6,-0.879
Ppp4c,-0.472
Aldoa,1.241
Fam57b,2.58
4930451I11Rik,0.285
Gm44854,0.0
Doc2a,2.22
Ino80e,-0.179
Hirip3,-1.214
Taok2,-0.462
Tmem219,-0.868
Gm20650,0.0
Kctd13,1.414
Asphd1,1.718
Sez6l2,1.669
Cdiptos,-1.476
Cdipt,0.81
Mvp,-0.647
Pagr1a,-0.268
Gm42742,0.13
Prrt2,-0.148
Maz,0.205
Kif22,0.33
Gm31749,0.197
Zg16,0.0
Gm44939,0.0
AI467606,-3.424
Qprt,-3.148
Spn,-2.546
Cd2bp2,0.178
Tbc1d10b,0.755
Mylpf,-0.256
Sept1,-0.532
Zfp553,-0.037
Zfp771,0.356
Dctpp1,0.508
Sephs2,0.487
Gm31897,0.0
Itgal,-3.06
Zfp768,-0.461
Zfp747,0.181
9130019O22Rik,-0.184
E430018J23Rik,-0.183
Zfp764,-0.14
Zfp688,0.261
Gm45184,-0.308
Zfp689,0.171
B130055M24Rik,0.238
Prr14,-0.803
Fbrs,-0.215
1700008J07Rik,-0.659
Srcap,-0.998
Gm28198,0.0
Tmem265,0.043
Phkg2,0.411
Ccdc189,-0.882
Rnf40,-0.14
Gm44759,-0.748
1700120K04Rik,0.062
Zfp629,0.249
Bcl7c,-0.852
Gm39090,0.706
Ctf1,-1.848
Ctf2,0.439
Fbxl19,0.568
Orai3,-1.075
Setd1a,-0.148
Hsd3b7,-1.188
Stx1b,1.777
Stx4a,-0.522
Zfp668,0.153
Zfp646,-0.491
Prss53,-1.264
Vkorc1,-1.426
Bckdk,-0.663
Kat8,0.177
Prss8,-0.89
Prss36,0.844
Fus,-0.865
Pycard,-2.992
Gm15533,-0.262
Trim72,-0.223
Itgam,-4.524
Itgax,-1.419
Itgad,0.0
Gm39091,0.0
4931431B13Rik,0.0
Cox6a2,1.03
Gm44850,0.0
9130023H24Rik,-0.113
Armc5,-0.346
Tgfb1i1,0.353
Slc5a2,0.187
BC017158,-0.104
Rgs10,0.902
Gm15503,-0.085
Tial1,-0.005
Gm32816,1.547
Gm40457,0.109
Bag3,0.613
Gm45121,1.267
Inpp5f,1.485
Mcmbp,-0.613
Gm44674,0.0
Gm44672,-0.326
Sec23ip,-0.123
Gm32884,0.0
Plpp4,0.666
Gm33027,0.123
Wdr11,0.292
Gm39094,0.0
Gm33248,0.0
Gm44778,0.0
Gm4265,0.0
Fgfr2,-2.26
Ate1,0.436
Gm44647,0.094
Nsmce4a,-0.378
Tacc2,0.218
Etos1,0.156
Btbd16,-2.046
Gm5602,1.004
Plekha1,0.235
Htra1,-4.0
Dmbt1,0.0
4933402N03Rik,0.0
1700029B22Rik,0.0
5430419D17Rik,0.063
Cuzd1,0.0
Fam24b,-0.226
Fam24a,0.0
2310057M21Rik,0.556
Pstk,-0.085
Gm44623,0.316
Ikzf5,-0.598
Acadsb,-0.236
Gm44982,-0.106
Hmx3,0.225
Hmx2,0.252
Bub3,0.086
Gm44546,0.0
Gpr26,0.283
Cpxm2,-1.685
Gm15677,0.0
Chst15,0.821
Gm10584,0.708
Gm44892,0.847
Gm34908,0.237
Gm44893,0.152
Gm35147,2.049
Oat,-1.61
Nkx1-2,-0.033
Gm16764,0.0
Lhpp,-0.448
Gm15582,-0.054
Fam53b,-1.253
Eef1akmt2,0.098
Abraxas2,0.072
1500002F19Rik,0.403
Gm45502,0.0
Zranb1,-0.01
Gm15718,-0.451
Ctbp2,-1.054
4930483O08Rik,0.0
Gm45672,0.0
Tex36,0.419
Gm35625,0.0
Gm45671,0.0
Gm28747,0.0
Edrf1,-0.247
Mmp21,0.0
Uros,0.897
Bccip,-0.428
Dhx32,0.45
Gm45670,0.0
Fank1,1.801
Adam12,-1.8
A130023I24Rik,-0.02
D7Ertd443e,-0.528
Dock1,-4.383
Insyn2a,-0.495
1700120G07Rik,-0.018
Nps,-0.196
Gm45339,0.0
Foxi2,0.0
Gm36356,-1.397
Clrn3,0.0
Ptpre,-0.832
5830432E09Rik,-1.143
Mki67,-3.513
Gm36431,0.0
Gm45241,0.0
6330420H09Rik,0.0
Gm36737,0.0
C030029H02Rik,-2.472
C230079O03Rik,0.0
Gm36849,0.0
Gm6249,-1.099
Mgmt,-1.656
Ebf3,-1.578
Gm45278,0.0
Gm10578,-0.373
9430038I01Rik,-0.619
Glrx3,0.345
Gm45397,-1.645
Gm45682,0.0
Tcerg1l,1.12
Gm45686,0.0
4930543N07Rik,0.0
Gm30808,0.0
Mapk1ip1,0.428
Ppp2r2d,0.571
Bnip3,1.314
Gm45507,0.055
Jakmip3,1.465
Gm45613,0.0
Dpysl4,-0.071
Stk32c,1.476
Lrrc27,1.161
Pwwp2b,1.165
Gm32486,0.0
Inpp5a,0.026
Nkx6-2,-0.188
Cfap46,0.879
Adgra1,1.78
Kndc1,1.148
Utf1,0.056
Gm16201,-2.009
Gm2044,0.0
6430531B16Rik,-0.195
Adam8,-0.593
Tubgcp2,-0.216
Zfp511,0.14
Msx3,0.0
Caly,2.232
Prap1,0.0
Fuom,0.834
Echs1,-0.077
Paox,-0.16
Mtg1,0.73
Sprn,2.152
Olfr522,0.0
Olfr523,0.0
Olfr524,0.0
Cd163l1,-1.325
5830411N06Rik,0.0
Olfr525,0.0
Olfr527,0.0
Olfr60,0.0
Olfr530,0.0
Olfr531,0.0
Olfr532,0.0
Olfr533,0.0
Olfr535,0.0
Olfr536,0.0
Olfr538,0.0
Olfr46,0.031
Olfr61,0.0
Olfr53,0.0
Olfr539,0.063
Olfr45,0.0
Olfr541,0.0
Cyp2e1,-0.626
Syce1,-0.332
Zfp941,1.924
Urah,-0.144
C330022C24Rik,0.0
Scgb1c1,0.082
Odf3,0.0
Bet1l,-0.292
Ric8a,0.578
Sirt3,0.52
Psmd13,0.319
Cox8b,-0.349
BC024386,1.151
Nlrp6,1.443
Pgghg,-1.268
Ifitm5,-1.875
Ifitm2,-0.319
Ifitm1,-5.636
Ifitm3,-5.229
Ifitm6,-1.29
Gm17387,0.0
B4galnt4,1.902
Pkp3,1.427
Sigirr,-0.894
Ano9,0.0
Ptdss2,-0.018
Rnh1,0.09
Hras,1.473
Lrrc56,-0.23
Lmntd2,0.302
Rassf7,-0.23
Phrf1,-0.278
Irf7,-1.049
Cdhr5,-0.235
Sct,1.914
Drd4,-0.071
Deaf1,0.896
Tmem80,0.083
Eps8l2,-1.678
B230206H07Rik,-1.773
Taldo1,-0.002
Gatd1,-0.512
Cend1,1.991
Slc25a22,1.351
Pidd1,-0.36
Rplp2,-0.285
Pnpla2,-0.293
Cracr2b,-1.107
Gm10575,1.781
Cd151,-0.064
Polr2l,0.887
Tspan4,-0.672
Chid1,-0.069
Ap2a2,0.69
Gm16982,-0.392
Muc6,-0.078
Muc2,-0.698
Muc5ac,0.0
Muc5b,0.0
Tollip,0.406
Gm20501,1.801
Brsk2,1.454
Mob2,-0.319
Dusp8,1.228
Gm32786,0.0
Gm45618,0.0
Gm39115,0.0
Gm45337,0.0
Gm29735,0.0
Gm4553,0.0
Krtap5-2,0.0
Gm10153,0.0
Krtap5-3,0.0
Gm7579,0.0
Krtap5-5,0.0
Gm40460,0.0
Gm4559,0.0
Gm45889,0.0
Krtap5-1,0.0
Krtap5-4,0.0
Ifitm10,2.127
Ctsd,-0.601
Syt8,-0.044
Tnni2,-2.998
Lsp1,-3.553
Prr33,-0.055
Tnnt3,-2.027
Mrpl23,-0.008
Nctc1,0.0
H19,-4.484
Gm33148,0.705
Igf2,-4.881
Igf2os,-1.143
Ins2,-0.152
Gm6471,0.0
Gm39117,0.045
Th,1.627
Ascl2,-0.942
Tspan32os,-1.019
Tspan32,-3.23
R74862,0.253
Cd81,-1.447
Trpm5,-1.612
Tssc4,-0.125
Kcnq1,-2.275
Gm28821,0.0
Kcnq1ot1,0.103
4933417O13Rik,0.0
Cdkn1c,-2.13
Gm44732,-0.05
Slc22a18,-1.098
Phlda2,-1.046
Nap1l4,0.043
Cars,0.181
Gm15579,-0.211
Tnfrsf26,-1.511
E230032D23Rik,-1.233
Tnfrsf22,-0.982
Tnfrsf23,-0.829
Osbpl5,0.383
Mrgprg,0.0
Mrgpre,0.922
Nadsyn1,-0.877
Dhcr7,0.188
Acte1,0.0
Shank2,0.876
Gm14372,0.38
Cttn,0.0
Gm14376,0.0
Ppfia1,-0.595
Faddos,0.0
Fadd,-0.853
Ano1,-2.626
Gm44930,0.0
Gm44929,-0.224
Gm34964,0.0
Fgf3,0.0
Fgf4,0.0
Gm26793,0.602
Fgf15,0.245
Gm39119,0.0
Bc1,1.501
LTO1,0.187
Ccnd1,-0.056
Gm45181,0.0
Tpcn2,-1.464
Smim38,-0.215
Mrgprf,-4.709
Mrgprd,-1.249
Insr,0.059
Gm16180,0.0
Arhgef18,0.257
Pex11g,-0.353
Tex45,0.493
Zfp358,0.153
Mcoln1,0.275
Pnpla6,0.49
C330021F23Rik,0.0
Camsap3,1.589
Xab2,-0.514
Pet100,-0.023
Pcp2,-0.148
Stxbp2,-0.559
Retn,-0.611
Mcemp1,-1.63
Fcor,1.592
Gm39121,1.555
Gm45231,0.105
Trappc5,0.258
Fcer2a,-0.3
Clec4g,0.0
Gm16553,0.0
Cd209a,-2.169
Cd209e,0.0
Cd209d,-0.875
Cd209b,-0.49
Cd209c,0.031
Cd209f,-2.02
Cd209g,-0.501
4932443L11Rik,0.141
Evi5l,0.551
Prr36,1.153
Lrrc8e,-0.654
Map2k7,0.126
Tgfbr3l,-0.51
Snapc2,-0.213
Ctxn1,1.959
Timm44,-0.116
Elavl1,-0.771
Ccl25,-0.021
Cers4,0.707
Zfp958,-0.626
Gm6410,0.789
Shcbp1,-1.676
Slc10a2,0.0
Gm44693,0.0
Gm17215,0.0
Gm30954,0.0
Gm28262,0.0
Gm31135,-0.244
Gm31401,0.0
Gm45076,-0.95
A630009H07Rik,0.0
Gm31343,0.0
D530014G21Rik,0.0
Gm31463,0.0
Gm45075,0.0
Efnb2,0.186
4921522P10Rik,0.0
Arglu1,-0.297
Gm44621,0.0
Gm44626,0.0
Gm44622,0.138
Gm44515,0.0
4933430N04Rik,0.0
4930453L07Rik,0.0
Gm44516,0.0
Gm39128,0.0
Fam155a,2.049
Gm44761,0.246
Gm10217,0.0
Gm10067,0.0
Lig4,0.54
Abhd13,-0.537
Tnfsf13b,0.141
Gm44788,0.0
Myo16,1.487
5330413D20Rik,0.0
Gm44786,0.27
Gm44785,0.181
Gm44784,0.0
Gm45045,0.0
Gm39129,-2.309
Gm32540,0.0
B930025P03Rik,0.894
Gm45044,0.0
Gm2814,-0.976
4833411C07Rik,-1.398
3930402G23Rik,-1.293
Gm44955,0.0
Gm44956,0.169
Irs2,-0.11
9530052E02Rik,0.041
B830042I05Rik,0.372
Gm44714,0.231
Gm44717,0.0
Gm15418,0.849
Col4a1,-4.417
Col4a2,-3.779
Gm15419,0.0
Rab20,-4.697
E230013L22Rik,-2.137
Naxd,-0.531
Cars2,-0.195
Ing1,-0.361
Ankrd10,-0.259
1700016D06Rik,-0.123
4930465I24Rik,0.0
1700128E19Rik,0.0
Arhgef7,-0.091
Gm15875,0.0
Tex29,0.059
Gm39132,0.234
Gm45680,0.0
B020031H02Rik,0.063
A230072I06Rik,-0.029
Gm29175,0.077
Gm33175,0.0
Sox1ot,0.971
Sox1,-0.649
Gm33326,0.0
4933439N14Rik,0.0
D630011A20Rik,0.138
Spaca7,0.0
Tubgcp3,-0.148
4931415C17Rik,1.765
Gm15348,0.0
Atp11a,0.173
Gm15350,0.0
Gm15347,0.0
Mcf2l,1.181
Gm15353,0.0
Gm15351,0.597
F7,-0.22
F10,-1.642
Proz,-0.364
Gm17023,0.0
Pcid2,0.22
Cul4a,-0.065
Lamp1,-1.092
Grtp1,0.246
2810030D12Rik,0.357
Adprhl1,0.727
Dcun1d2,0.281
Tmco3,0.22
Tfdp1,-0.232
Atp4b,0.0
Grk1,-0.038
Tmem255b,0.919
Gas6,-0.519
Gm5608,-1.433
1700029H14Rik,-0.053
Rasa3,-3.042
Cfap97d2,-0.669
Cdc16,-0.224
Upf3a,-0.457
AF366264,0.0
Champ1,0.288
Coprs,1.305
Fbxo25,0.651
Tdrp,0.743
Gm5907,-0.04
Erich1,0.334
Dlgap2,1.93
C030037F17Rik,0.56
Cln8,0.191
Arhgef10,-2.925
Gm16350,0.0
Kbtbd11,-0.006
5830468F06Rik,-0.288
BB014433,0.0
Gm45274,0.0
Myom2,-0.245
Gm7706,0.0
Gm45271,0.043
Gm35392,0.0
Gm35453,0.0
Gm45676,0.0
Gm45408,0.0
Csmd1,-3.088
Gm16346,0.0
Gm16347,-0.19
1700014L14Rik,0.0
Mcph1,0.434
Gm16725,0.0
Angpt2,-2.693
Agpat5,0.102
Gm35934,-0.205
Xkr5,-2.55
Defb40,0.0
Defb37,0.0
Defb38,0.0
Defb39,0.0
Defb12,0.0
Defb34,0.0
Spag11b,0.0
Spag11a,0.0
Gm39139,0.0
Defb14,0.0
Defb4,0.0
Defb6,0.0
Defb46,0.0
Defb5,0.0
Defb3,0.0
Defb8,0.0
Defb7,0.0
Gm35998,0.0
4930467E23Rik,0.0
Gm31371,0.09
Gm15319,0.0
Gm21119,0.0
Defb33,0.0
Gm15056,-0.567
Gm6040,0.0
AY761185,0.0
Defa21,0.0
Defa23,0.0
Defa35,0.0
Defa25,0.0
Gm14851,0.0
Defa30,0.0
Defa22,0.0
Defa31,0.0
Gm15293,0.0
Gm15292,0.0
Defa3,0.0
Defa5,0.0
Defa27,0.0
Defa29,0.0
Defa2,0.0
Defa33,0.0
Defa36,0.0
Gm7849,0.0
Defa20,0.0
Defa32,0.0
Defa37,0.0
Defa28,0.0
Gm7861,0.0
Defa26,0.0
Defa17,0.0
Defa34,0.0
AY761184,0.0
Defa24,0.0
Defb1,-0.093
Defb50,0.214
Defb2,0.0
Defb10,0.0
Defb9,0.0
Defb11,0.0
Gm36879,0.0
Defb15,0.0
Defb35,0.0
Defb13,0.0
Fam90a1a,0.0
Ccdc70,0.0
Atp7b,-0.624
Alg11,0.43
Nek5,-0.693
Nek3,0.661
Ckap2,-2.019
Vps36,0.26
Thsd1,-2.667
Tpte,-0.708
Slc25a15,-0.465
1810012K16Rik,-0.089
Mrps31,0.119
Smim19,0.151
Slc20a2,-0.973
Gm17491,-1.19
Vdac3,0.776
Dkk4,0.0
Polb,0.881
Ikbkb,-0.407
Gm15346,0.0
Plat,-2.889
Ap3m2,0.507
1700041G16Rik,-1.7
Kat6a,-1.025
Ank1,0.958
Gm15816,0.287
Nkx6-3,0.0
Gpat4,-0.061
Gins4,-0.557
Golga7,-0.281
Sfrp1,-4.963
Zmat4,1.893
A730045E13Rik,0.467
Gm45163,1.352
Gm45164,0.0
Gm30692,0.0
Gm26714,-1.527
Tcim,-4.743
Ido2,0.168
Ido1,0.054
Adam18,0.0
Adam3,-0.242
Adam5,-0.395
Adam32,0.32
Adam9,-0.619
Tm2d2,0.049
Htra4,-0.368
Gm16933,0.149
Plekha2,-3.509
5830408C22Rik,-2.82
Tacc1,-1.448
5430421F17Rik,-1.586
Gm30978,-0.283
Gm45237,0.288
Gm45238,0.0
Gm31045,-0.299
Fgfr1,-1.373
Gm16159,0.0
Letm2,0.49
Gm45570,0.482
D830025C05Rik,-1.023
Nsd3,0.105
Plpp5,-0.01
Ddhd2,0.436
Gm17484,1.902
Bag4,0.401
Lsm1,0.596
Star,-0.358
Ash2l,-0.023
Kcnu1,1.139
Hgsnat,-0.652
Pomk,-0.031
Fnta,-1.083
Hook3,-0.638
Gm45411,-0.054
1700047A11Rik,0.0
Rnf170,0.008
Gm45250,0.352
Thap1,-0.346
Gm45305,0.0
Gm31727,0.0
Gm31784,0.0
Gm45307,0.0
Gm31898,0.145
Gm45580,0.0
Gm31983,0.0
Gm39149,0.0
Gm32050,-0.847
Gm45584,0.0
Gm32098,-0.102
Gm45646,0.0
2310008N11Rik,-0.07
Gm45572,-1.178
Zfp703,-2.507
Gm45371,-1.077
Gm45370,-0.124
Gm32389,-0.698
Erlin2,-0.266
Proscos,1.168
Plpbp,-0.331
Adgra2,-3.096
Brf2,0.289
Rab11fip1,-0.929
4933416M07Rik,0.0
Gm45267,0.0
Got1l1,0.592
Adrb3,-0.014
Gm45470,-0.197
Eif4ebp1,-0.724
Tex24,0.0
Chrnb3,0.071
Chrna6,0.0
Poteg,0.0
Gm1698,0.0
1700008N11Rik,0.0
Gm8110,0.0
Gm45571,0.0
Gm26795,0.0
Unc5d,1.852
Gm32567,0.0
Gm39154,0.0
Gm45490,0.0
Gm45489,0.0
4933433F19Rik,0.0
Dusp26,2.097
Rnf122,-1.521
Tti2,-0.162
Mak16,-0.264
Fut10,-2.677
7420700N18Rik,0.0
Gm45303,0.0
Gm45304,0.137
Nrg1,1.667
AC132407.1,0.0
Gm3985,0.0
Gm45587,0.0
Wrn,-0.884
Purg,0.354
Tex15,-1.429
Ppp2cb,0.227
Ubxn8,0.1
Gsr,0.393
1700104B16Rik,0.266
Gtf2e2,-0.103
Smim18,2.064
Rbpms,-4.66
Gm26632,-3.976
Gm26978,-0.193
Gm39157,0.0
Gm9951,-0.076
Dctn6,0.496
Gm10131,-0.161
Mboat4,0.451
Gm39158,0.127
Leprotl1,0.329
Saraf,0.397
Gm29243,-0.702
Gm45350,0.231
Gm33831,0.0
Gm45349,0.0
Gm33968,0.0
B930018H19Rik,-0.256
Gm34096,0.0
Gm45627,0.0
Dusp4,-1.677
Tnks,0.692
Gm9939,0.198
Gm34368,0.0
Gm34419,0.0
Gm45625,0.0
Gm34474,0.0
Gm34533,0.0
Gm34597,1.045
Gm45469,0.0
Ppp1r3b,-3.865
Gm45301,0.0
Gm34853,0.0
Eri1,-0.844
Gm16793,1.247
Mfhas1,0.728
1700015I17Rik,0.0
Gm35021,1.506
Gm19410,0.0
Cldn23,-2.099
5430403N17Rik,-2.555
Prag1,-2.247
Gm38414,-2.339
Gm39164,0.0
4933430A20Rik,0.0
Gm35520,0.0
Lonrf1,0.044
Trmt9b,0.763
Dlc1,-0.561
G630064G18Rik,1.818
AI429214,-0.565
Gm45524,0.0
Gm45368,0.0
Sgcz,0.967
Gm40493,0.367
Tusc3,0.668
Gm6213,-0.553
Msr1,-3.719
Fgf20,0.375
Micu3,1.686
Zdhhc2,0.353
Cnot7,0.521
Vps37a,0.215
Mtmr7,1.881
Adam24,0.0
Adam25,0.0
Adam20,0.0
Adam39,0.0
Slc7a2,-2.936
Pdgfrl,-3.945
Mtus1,0.955
B430010I23Rik,-0.094
Gm16192,-0.045
Gm16193,0.0
Fgl1,0.453
Gm16348,-0.176
Pcm1,-0.286
Asah1,-1.904
Frg1,-0.207
2810404M03Rik,0.0
Triml1,0.0
Triml2,0.012
Zfp42,0.0
Adam26b,0.0
Adam26a,0.0
Gm5346,0.0
Adam34,0.0
Gm45488,0.0
Gm45659,0.0
Gm9908,-1.809
Fat1,-3.685
Gm2366,-0.634
AY512931,-0.052
Mtnr1a,1.045
Gm30504,1.101
Gm6329,0.026
F11,0.0
Klkb1,-0.326
Cyp4v3,-1.71
Fam149a,0.651
Tlr3,-3.06
Gm45542,-0.073
Sorbs2,-2.686
Gm16351,0.0
Sorbs2os,0.0
Pdlim3,-1.539
Ccdc110,0.275
1700029J07Rik,-0.611
Ufsp2,0.331
Ankrd37,0.329
Lrp2bp,0.134
Snx25,1.191
Cfap97,0.629
Gm15634,-0.37
Slc25a4,1.132
Helt,0.0
Gm39168,0.0
Gm30931,0.0
Gm45253,0.0
Acsl1,0.53
Cenpu,-0.84
Primpol,-0.459
Gm45607,0.0
Casp3,0.452
Gm16675,-0.9
Irf2,-0.934
Gm45479,-0.055
Gm31172,0.02
1700011L03Rik,0.0
Enpp6,0.281
Gm45600,0.0
4930579M01Rik,0.0
E330018M18Rik,-0.07
Stox2,0.367
Trappc11,0.422
Rwdd4a,-0.276
Gm45576,0.026
Ing2,-1.062
AA386476,-1.208
Cdkn2aip,-1.017
E030037K01Rik,-0.413
Gm31786,0.0
Gm45824,0.0
Gm45864,-0.581
1700061N14Rik,-0.069
Cldn24,0.0
Wwc2,-0.472
Cldn22,-1.603
Gm32052,0.0
Dctd,-0.19
Tenm3,-1.742
Gm19744,-3.644
Gm45830,0.0
Gm45829,0.0
4930555F03Rik,0.392
Gm45321,0.388
Gm45322,0.0
Gm45323,0.506
Gm45341,0.735
Gm45455,0.963
Gm2516,0.0
C130073E24Rik,2.187
Gm32975,0.0
Gm45389,0.0
Gm45388,0.0
1190028D05Rik,0.0
Gm45554,0.0
Aga,-0.995
Neil3,-3.635
Vegfc,-2.757
Spcs3,-1.256
Asb5,-0.748
5330439A09Rik,0.116
Spata4,0.189
Wdr17,1.458
Gm15758,0.183
Gpm6a,-4.09
Adam29,0.0
Glra3,0.07
Hpgd,-3.033
4930518J21Rik,0.0
Cep44,-0.297
Fbxo8,-0.546
Gm33501,0.776
Hand2os1,1.904
Hand2,1.458
Gm34030,2.363
5033428I22Rik,1.37
Gm34099,1.231
Scrg1,-2.178
Sap30,0.095
2500002B13Rik,0.671
Hmgb2,-2.545
Galnt7,-0.344
AW046200,-1.376
Gm45359,0.0
Gm45356,-0.063
Galntl6,1.724
Gm15882,0.0
BC030500,2.121
Gm34370,0.0
4930470O06Rik,0.0
Gm34623,0.0
Gm10283,0.0
Aadat,0.849
Gm34730,-0.357
Mfap3l,-0.528
Gm45650,0.053
Hpf1,-0.104
Clcn3,0.514
B230317F23Rik,0.053
Nek1,0.22
Gm16178,0.0
Sh3rf1,-0.709
1700001D01Rik,0.0
Cbr4,-0.168
Palld,-1.429
4930512H18Rik,0.476
Gm45418,-0.142
Ddx60,-2.054
Anxa10,0.045
Gm45460,0.028
Gm45459,0.0
Gm45462,0.0
Spock3,1.766
Gm35368,0.0
Gm45589,0.0
Sgo2b,0.0
Tll1,-0.858
Gm35521,-0.084
Cpe,0.61
Gm45518,-1.918
Msmo1,-0.543
Klhl2,0.363
Gm45345,-1.044
Gm32507,0.0
Tmem192,0.111
Trim75,0.0
Trim60,0.0
Trim61,0.0
Apela,0.0
Gm10663,0.0
Smim31,0.0
March1,1.025
Gm15354,0.0
Gm15356,0.0
Tma16,-0.228
Gm32568,0.0
Tktl2,0.0
Npy5r,0.927
Npy1r,0.661
Gm45911,0.0
Naf1,-1.032
Gm39185,0.076
Gm45827,0.0
Gm10660,0.0
Nat1,0.154
Nat2,-0.855
Nat3,0.063
Psd3,-0.169
Gm15991,-0.206
Sh2d4a,-3.366
Csgalnact1,-3.485
1700125H03Rik,0.0
Gm15656,0.0
Ints10,-0.055
Lpl,-4.643
Gm33103,0.0
Slc18a1,1.492
Gm15716,0.0
Atp6v1b2,1.29
Lzts1,1.282
Zfp930,-0.343
D130040H23Rik,-0.612
Gm45848,0.0
Gm9495,0.0
Gm43263,0.951
Gm7697,0.0
Zfp868,-0.051
Zfp964,-0.935
Zfp869,-0.308
Zfp963,-0.154
Zfp866,-0.075
Atp13a1,-0.153
Gmip,0.245
Lpar2,0.254
Pbx4,0.935
Cilp2,0.567
Yjefn3,0.65
Ndufa13,-0.021
Tssk6,0.072
Gatad2a,0.038
Mau2,-0.184
Sugp1,0.115
Tm6sf2,-0.459
Hapln4,-1.223
Ncan,0.598
Rfxank,-1.908
Nr2c2ap,0.484
Borcs8,0.257
Mef2b,-1.598
Tmem161a,0.044
Slc25a42,-0.484
Armc6,1.084
Sugp2,0.735
Homer3,-1.323
Ddx49,-0.048
Cope,0.061
Cers1,-0.019
Gdf1,0.0
Upf1,-0.105
Comp,-0.74
Crtc1,0.242
Klhl26,0.369
Tmem59l,2.126
Crlf1,-2.658
Rex1bd,0.226
Uba52,-0.265
Kxd1,-0.361
Fkbp8,0.314
Ell,-0.626
Isyna1,-0.347
Ssbp4,0.04
Lrrc25,-4.337
Gdf15,-3.543
Pgpep1,0.325
Lsm4,0.171
Jund,-0.486
Gm11175,-0.058
Iqcn,-1.921
Gm3336,-2.315
Pde4c,-1.789
Rab3a,2.119
Mpv17l2,-0.072
Ifi30,-0.694
Pik3r2,-0.342
2010320M18Rik,-0.206
Mast3,0.102
Il12rb1,-0.725
Arrdc2,-1.052
Kcnn1,0.591
Ccdc124,0.702
Slc5a5,1.547
Rpl18a,-0.423
Map1s,0.322
1700026F02Rik,0.0
Gm35256,0.479
Haus8,-0.453
Myo9b,-1.622
Use1,-0.112
Ocel1,0.501
Nr2f6,-1.056
Ushbp1,-3.782
Babam1,0.342
Ankle1,-2.947
Abhd8,1.192
Mrpl34,0.997
Dda1,1.259
Ano8,0.739
Gtpbp3,0.114
Plvap,-3.618
Ccdc194,-1.12
Bst2,-2.072
Mvb12a,-0.303
Tmem221,-1.642
Nxnl1,-0.813
Slc27a1,-2.502
Pgls,0.169
Fam129c,-0.528
Colgalt1,-0.751
Unc13a,1.693
Jak3,-0.875
Insl3,0.0
B3gnt3,-1.703
Fcho1,1.395
Gm35572,-0.588
Zfp709,-0.022
Zfp882,-0.179
Zfp617,0.209
Zfp961,-0.466
Cyp4f18,-2.187
Olfr372,0.0
Olfr373,-0.646
Olfr374,0.0
Tpm4,-1.876
Gm26586,-0.361
Gm16091,-0.446
Rab8a,-0.313
Hsh2d,-0.446
Cib3,-0.136
Gm11034,0.0
Fam32a,0.137
Ap1m1,0.44
Gm10282,-1.447
Klf2,-4.529
Eps15l1,-0.181
Calr3,1.191
1700030K09Rik,-0.526
Cherp,-0.279
Slc35e1,0.123
Gm17435,-0.873
Med26,-0.523
Smim7,0.215
Tmem38a,0.781
Nwd1,-2.527
Sin3b,-0.686
F2rl3,-0.112
Large1,0.79
Gm45821,0.0
Gm11033,0.0
Isx,0.0
Hmgxb4,-0.485
Gm45822,0.069
Tom1,0.327
Gm45820,0.0
Hmox1,-3.016
Mcm5,-2.336
Gm45899,0.0
Gm45903,0.0
Rasd2,1.865
Gm10358,0.0
Iqcm,0.003
Gm45740,0.0
Gm45741,0.0
Gm45798,0.0
Gm10649,-0.146
Nr3c2,-2.044
Arhgap10,-0.12
Gm45406,-0.579
4933421D24Rik,-0.046
Gm45285,0.0
0610038B21Rik,0.073
Prmt9,0.639
Tmem184c,0.455
4933431K23Rik,-1.611
1700092C02Rik,0.0
Ednra,-1.381
Gm29895,-0.105
Ttc29,-0.07
Pou4f2,0.0
Rbmxl1,0.059
Slc10a7,-0.1
Lsm6,0.106
Gm45326,0.028
Gm39204,0.0
Zfp827,1.279
1700011L22Rik,1.119
Gm30329,-0.504
Mmaa,0.098
Gm4890,-0.807
Smad1,0.663
Gm45601,0.835
Gm45602,0.0
Otud4,-0.055
Abce1,0.294
Anapc10,-0.191
Gm45435,0.0
Hhip,0.024
Gm45431,0.0
Gm45430,0.0
Gypa,-0.571
4930505O20Rik,0.0
Frem3,0.0
Smarca5,-0.408
Gab1,-2.621
Gm31105,-2.188
Gm27048,-0.309
Usp38,-0.016
Gm9725,-0.031
Gm45538,0.217
Inpp4b,-2.335
4930579O11Rik,0.0
Gm38590,0.0
Il15,-3.517
Zfp330,0.124
Gm31545,0.0
Rnf150,1.087
Gm45449,0.034
Tbc1d9,1.897
Ucp1,-0.188
Elmod2,-0.059
Mgat4d,0.0
Clgn,1.969
Scoc,1.411
Olfr370,0.0
Ndufb7,0.401
Tecr,0.681
D830024N08Rik,-0.734
Gm45823,0.0
Dnajb1,-1.786
Gipc1,0.341
Pkn1,-0.39
Ptger1,-0.997
Ddx39,-0.158
Adgre5,-3.479
Adgrl1,1.367
Gm10644,-1.211
Asf1b,-2.615
Prkaca,1.225
Samd1,0.312
1700067K01Rik,-0.233
2210011C24Rik,0.009
Palm3,1.628
Il27ra,-2.409
Rln3,0.0
Gm10643,-0.557
C330011M18Rik,-0.864
Rfx1,-0.56
Dcaf15,0.333
Podnl1,0.108
Cc2d1a,0.46
4930432K21Rik,0.238
Nanos3,0.881
Gm26887,-1.579
Gm26532,-1.118
Zswim4,-0.18
D8Ertd738e,0.031
Mri1,-0.319
Ccdc130,-0.223
Cacna1a,1.273
Gm16183,0.199
Ier2,-3.823
Nacc1,-0.245
Trmt1,0.529
Nfix,-4.78
Lyl1,-4.42
G430095P16Rik,-0.508
Dand5,0.398
Gadd45gip1,0.383
Rad23a,0.308
Calr,-0.62
1700122E12Rik,-0.681
Farsa,-0.089
Syce2,-2.057
Gcdh,-0.086
Klf1,-0.293
Dnase2a,-3.662
Mast1,1.908
Rtbdn,1.65
Rnaseh2a,0.206
Gm49661,0.0
Prdx2,0.431
Junb,-3.572
Hook2,0.113
Best2,-0.235
Asna1,0.019
Trir,0.342
Tnpo2,0.934
A230103J11Rik,1.345
Fbxw9,0.644
Gm5741,-0.287
Dhps,0.709
Wdr83,0.192
Wdr83os,0.209
Man2b1,-1.893
Zfp791,0.12
Gm42031,-1.327
Cks1brt,-0.11
Olfr371,0.0
Vps35,0.467
Orc6,-0.048
Mylk3,-0.43
AA672651,0.0
4921524J17Rik,-0.161
Gpt2,-2.217
Dnaja2,0.25
Gm45425,0.0
Neto2,0.18
Itfg1,0.359
Gm39214,-0.377
Phkb,-0.431
Hm629797,-0.167
Abcc12,0.238
Lonp2,0.073
Siah1a,-0.092
Gm10638,0.028
N4bp1,0.066
2010110E17Rik,0.128
Gm27167,0.188
Gm27168,0.0
Gm5118,0.0
Gm27246,0.364
Gm10637,0.338
Gm27169,0.0
Gm27207,0.0
Gm27208,0.0
4930535O05Rik,0.0
Gm19872,0.0
Gm2694,2.539
Cbln1,2.508
Gm27016,0.0
1700120C18Rik,0.0
4933402J07Rik,0.0
Zfp423,0.452
Cnep1r1,-0.4
Heatr3,-0.054
9430002A10Rik,-0.153
Tent4b,-0.22
Adcy7,-2.142
Brd7,-0.287
Nkd1,-1.076
Snx20,-1.361
Nod2,-0.556
Cyld,0.092
Sall1,-1.03
Tox3,-0.007
Gm45639,0.0
Gm35850,0.951
Gm35963,0.222
Gm19935,-4.261
Chd9,0.072
Gm45641,0.218
Rbl2,-0.758
Aktip,0.438
Gm45464,0.78
Gm45666,0.0
Gm36243,0.0
Rpgrip1l,0.659
Fto,0.217
4831440D22Rik,-0.512
Gm3235,0.0
Gm36325,0.0
Gm36380,0.025
Irx3,-2.558
Irx3os,-0.308
Gm28511,0.0
Gm28515,0.0
Gm36670,-0.038
Gm36843,0.0
Gm28516,0.0
Gm45332,0.0
Gm45335,0.0
Gm45334,0.0
Crnde,-2.079
Gm21817,0.0
Irx5,-2.237
Gm45336,0.0
Irx6,0.0
Gm45505,0.0
Mmp2,-1.769
Gm45472,-0.024
Lpcat2,-2.932
Capns2,-0.375
Slc6a2,1.765
Gm45463,0.07
Ces1a,-0.052
Ces1b,0.0
Ces1c,0.0
Ces1d,-0.251
Ces1e,0.0
Ces1f,0.0
Ces1g,0.0
Ces1h,0.0
Gm45765,0.0
Gm45764,0.0
Gm30132,0.0
Gm45766,0.0
Ces5a,1.367
Gm45708,0.487
Gm26843,0.8
Gm30606,0.919
4930488L21Rik,1.055
Gnao1,1.976
Amfr,0.019
Nudt21,0.092
Ogfod1,0.571
Bbs2,-0.24
Mt4,0.0
Mt3,1.898
Gm45774,-1.442
Mt2,-1.787
Mt1,-2.776
Gm39228,-1.549
Nup93,0.006
C78859,1.905
Slc12a3,1.12
Gm15889,0.0
Gm15890,0.308
Herpud1,-0.378
9330175E14Rik,-1.211
Nlrc5,-0.1
Cpne2,-1.138
Fam192a,-0.028
Rspry1,-0.043
Arl2bp,0.016
Pllp,-3.912
Gm45767,-1.092
Ccl22,-0.309
Cx3cl1,-1.339
Ccl17,-0.762
Ciapin1,1.168
Coq9,-0.295
Polr2c,-0.167
Dok4,0.377
Ccdc102a,-5.009
Adgrg5,-1.222
Adgrg1,-2.224
Adgrg3,-2.146
Drc7,0.0
Katnb1,0.323
Kifc3,-0.456
Gm31224,0.0
Gm45812,0.0
Gm31036,0.0
Cngb1,-0.369
Tepp,0.229
Zfp319,-0.119
Usb1,-0.386
Mmp15,-0.47
Cfap20,-0.154
Csnk2a2,0.149
4933406B17Rik,-0.124
Ccdc113,0.783
Prss54,0.0
Gm31518,0.239
Gm45702,0.043
Gins3,-0.946
Ndrg4,1.848
Setd6,0.648
Cnot1,-0.072
4930513N10Rik,-0.015
Gm31659,0.097
Sap18b,-0.363
Gm31805,1.381
Slc38a7,0.395
Got2,1.246
Gm45895,0.653
Gm32005,0.056
Gm32122,0.0
1700047G07Rik,0.0
Gm45703,0.0
Gm45788,0.0
Gm39231,0.0
Gm15679,0.0
Cdh8,1.491
Gm15680,0.566
A330008L17Rik,1.829
Gm39232,0.0
Cdh11,-2.739
Gm45391,0.0
Gm32531,-0.725
1600027J07Rik,0.031
Gm45277,0.0
4933400L20Rik,0.0
Gm29682,-0.518
Cdh5,-4.962
Bean1,1.761
Gm10631,0.175
Gm45892,0.013
Tk2,0.356
Cklf,-0.762
Cmtm2a,0.056
Cmtm1,0.0
Gm11020,0.0
Cmtm2b,-0.229
Cmtm3,-3.235
Cmtm4,0.113
Gm45877,0.0
Dync1li2,0.602
K230015D01Rik,1.102
Terb1,0.754
Nae1,0.182
Car7,0.063
Gm45843,0.0
Pdp2,0.248
Cdh16,-0.175
Rrad,-2.985
Gm33023,-0.905
Ciao2b,0.896
1700082M22Rik,0.0
9230110F11Rik,0.0
Ces2a,0.0
4932416K20Rik,0.0
Ces2b,-0.3
Ces2c,0.0
Ces2e,-2.544
Ces2f,0.0
Ces2g,-1.852
Ces2h,0.0
Ces3a,0.0
Ces3b,0.0
Ces4a,0.0
Gm3830,0.342
Cbfb,0.057
D230025D16Rik,-0.077
B3gnt9,-1.515
Tradd,0.212
Fbxl8,0.186
Hsf4,1.157
Nol3,1.766
4931428F04Rik,1.446
Gm20163,1.796
Exoc3l,-0.914
E2f4,-0.752
Elmo3,-0.525
Lrrc29,-0.055
Tmem208,0.182
Fhod1,-3.295
Slc9a5,0.231
Plekhg4,0.47
Kctd19,0.543
Lrrc36,-0.048
Tppp3,1.712
Zdhhc1,-0.448
Hsd11b2,0.027
Atp6v0d1,0.964
Gm38250,0.263
Agrp,1.307
Ripor1,0.312
Gm5914,0.011
Ctcf,-0.923
Carmil2,2.191
Acd,0.157
Pard6a,0.733
Enkd1,-0.52
4933405L10Rik,-0.013
Gfod2,0.93
Ranbp10,-0.053
Tsnaxip1,-0.068
Cenpt,-0.088
Thap11,-0.609
4930578M07Rik,-0.467
Nutf2,0.089
Edc4,-0.163
Nrn1l,1.263
Pskh1,0.083
Ctrl,0.318
Gm16156,-0.178
Psmb10,-0.022
Lcat,-3.271
Slc12a4,-3.388
Gm45752,-1.869
Dpep3,0.0
Dpep2,-0.964
Dus2,0.119
Dpep2nb,0.079
Ddx28,0.457
Nfatc3,-1.145
Esrp2,-0.539
1810019D21Rik,-1.309
Pla2g15,-0.5
Slc7a6,0.533
Slc7a6os,-0.715
Prmt7,0.56
Smpd3,1.706
Gm10629,-0.094
Zfp90,0.18
6030452D12Rik,0.0
Cdh3,-1.215
1110028F18Rik,0.0
Cdh1,-3.626
Tango6,-0.52
Has3,-0.234
Chtf8,-0.123
Gm50241,-0.159
Utp4,0.036
Sntb2,-2.294
Gm16208,0.089
Vps4a,0.638
Pdf,-0.343
Cog8,0.191
Nip7,-0.137
Tmed6,-0.418
Terf2,-0.089
Cyb5b,0.386
Nfat5,-0.273
Nqo1,-0.682
Nob1,0.075
Wwp2,-0.093
Psmd7,0.173
5033426E14Rik,0.308
Zfhx3,0.803
Gm39244,1.131
Lncbate1,0.299
Gm20686,0.0
D030068K23Rik,0.095
Pmfbp1,0.799
Dhx38,-0.711
Txnl4b,0.752
Hp,-2.13
Dhodh,0.034
Pkd1l3,0.027
Ist1,0.11
Zfp821,0.58
Atxn1l,-0.367
Ap1g1,0.229
Gm17344,0.073
Phlpp2,0.155
Gm16349,0.0
Marveld3,-0.165
Tat,0.0
Chst4,-1.324
8030455M16Rik,0.0
Zfp612,1.325
Gm17720,0.0
Tle7,0.0
Calb2,1.756
Cmtr2,0.237
Gm26832,0.0
Hydin,-0.05
Vac14,0.103
Mtss2,-0.254
Il34,-3.546
Gm15894,-0.094
Gm15895,-1.389
Sf3b3,-0.524
Cog4,0.134
Fcsk,-0.398
St3gal2,-0.127
Ddx19a,-0.672
Ddx19b,0.468
Aars,0.402
Exosc6,0.0
Clec18a,-0.163
Pdpr,-0.054
9430091E24Rik,-0.077
Glg1,-0.179
Rfwd3,-0.226
Mlkl,-3.07
Fa2h,-3.125
Wdr59,0.733
Znrf1,0.706
Ldhd,0.435
Zfp1,-0.5
Ctrb1,0.051
Bcar1,-0.101
Cfdp1,0.254
Tmem170,-0.029
Chst5,0.584
Tmem231,0.429
Gabarapl2,0.887
Adat1,0.089
Kars,0.197
Terf2ip,0.548
Gm26994,0.151
Cntnap4,0.475
Gm45904,0.0
Gm10280,0.0
Mon1b,0.04
Syce1l,0.388
Gm30052,0.0
Adamts18,-0.811
Nudt7,-1.428
Vat1l,1.962
4933408N05Rik,0.74
Clec3a,0.0
Wwox,-0.57
Gm16116,-0.031
Gm16117,0.0
Gm16118,-0.782
4930488N15Rik,-0.062
Maf,-4.778
Gm15655,-1.484
Gm45733,-0.544
4930422C21Rik,0.0
1700018P08Rik,0.0
Dynlrb2,-0.552
Cdyl2,0.631
Cmc2,-0.147
Cenpn,-1.643
Atmin,0.88
1700030J22Rik,0.674
Gcsh,0.047
Pkd1l2,0.054
Gm15395,0.0
Bco1,0.486
Gan,0.8
Cmip,1.172
Plcg2,-3.25
Sdr42e1,0.161
Gm31717,0.229
Gm38416,0.0
Hsd17b2,0.081
Gm31774,0.0
Mphosph6,-0.811
Cdh13,-1.684
Gm45721,0.0
Gm45720,0.0
Hsbp1,0.287
Gm45723,0.0
Mlycd,0.163
Osgin1,-3.405
Necab2,1.987
Slc38a8,0.168
Mbtps1,-1.03
Hsdl1,0.601
Dnaaf1,-0.222
Taf1c,-0.15
Adad2,0.0
Kcng4,-0.085
Gm32352,1.585
Wfdc1,-4.791
Atp2c2,-0.029
Meak7,0.15
Cotl1,-1.796
Klhl36,-1.347
Usp10,0.25
Crispld2,-1.42
Gm15684,0.0
Zdhhc7,0.242
Gm15898,0.0
A130014A01Rik,-0.16
6430548M08Rik,1.205
Fam92b,1.985
A330074K22Rik,0.858
Gse1,1.225
Gm26971,0.0
Gins2,-2.12
Gm10614,0.481
Gm26739,0.551
1190005I06Rik,-0.535
Gm26537,0.0
Emc8,-0.557
Cox4i1,0.186
Irf8,-3.921
Gm26878,0.0
Gm28324,0.0
Fendrr,-0.702
Foxf1,-4.021
Mthfsd,-0.091
Foxc2,-5.067
Foxl1,-2.508
5033426O07Rik,-0.192
Gm26815,0.0
Gm26747,-0.732
Gm26784,0.0
1700018B08Rik,0.099
Gm27045,0.142
1700030M09Rik,0.0
Fbxo31,0.968
Map1lc3b,0.447
Zcchc14,0.322
Gm27030,0.551
Gm45833,0.516
Jph3,2.172
Klhdc4,-0.092
Gm20406,-0.353
Gm42047,-2.536
Gm26812,-0.751
Slc7a5,1.069
BC048644,1.28
Car5a,-0.321
Gm27011,0.289
Banp,-0.274
Zfp469,-3.003
Zfpm1,0.687
Gm45353,0.928
Trhr2,0.0
Gm20681,0.033
Zc3h18,-0.635
Il17c,0.0
Cyba,-4.973
Mvd,0.726
Gm20735,-0.283
Snai3,-0.161
Rnf166,-1.147
Ctu2,0.172
Piezo1,-3.754
Cdt1,-1.759
Aprt,0.893
Galns,0.256
Trappc2l,0.545
Pabpn1l,-1.21
Cbfa2t3,-1.118
Gm10612,0.0
C230057M02Rik,0.0
A530010L16Rik,0.0
Gm39271,0.521
Acsf3,0.501
Cdh15,1.859
Gm45894,-0.574
Ankrd11,-0.182
2810013P06Rik,-0.418
Spg7,0.061
Rpl13,-0.356
Cpne7,0.229
Sult5a1,-4.034
Gm4316,-0.828
Dpep1,-4.377
Chmp1a,0.207
Spata33,-0.092
Cdk10,0.133
Spata2l,0.451
4933417D19Rik,0.251
Vps9d1,0.316
Zfp276,-1.318
Fanca,-2.349
Spire2,0.286
Tcf25,0.829
Mc1r,-0.365
Tubb3,2.193
Def8,0.929
Afg3l1,-0.173
Dbndd1,1.9
Gas8,0.324
Rhou,0.696
Gm45781,0.0
6030466F02Rik,-0.396
4732419C18Rik,-1.541
Gm45866,0.0
Rab4a,1.143
2810455O05Rik,0.915
Ccsap,0.802
Acta1,1.654
Gm29773,0.439
Nup133,-0.208
Gm45890,-0.543
Abcb10,0.577
Taf5l,0.057
Urb2,0.518
Gm45732,0.0
Galnt2,-0.573
1810008B01Rik,0.0
Gm15775,0.0
Pgbd5,1.968
Cog2,-0.761
Agt,-3.525
Capn9,1.079
2310022B05Rik,-1.607
Ttc13,0.397
Arv1,0.531
Fam89a,1.683
Trim67,2.049
2810004N23Rik,0.251
Gnpat,-0.108
Exoc8,0.218
Sprtn,-0.153
Gm45709,0.0
Egln1,-0.464
Tsnax,0.275
Disc1,-1.322
Gm16237,-0.049
Sipa1l2,-1.058
4930567H12Rik,0.0
Map10,-0.23
Ntpcr,0.233
Pcnx2,2.084
A730098A19Rik,2.341
Map3k21,0.77
Kcnk1,0.526
Gm45875,0.0
Slc35f3,1.76
Coa6,-0.249
Tarbp1,-0.912
Gm26759,-0.311
Irf2bp2,-0.145
Gm45805,0.0
Gm31718,-0.472
A630001O12Rik,0.0
Tomm20,0.368
Rbm34,0.469
Pard3,-0.25
Nrp1,0.281
Itgb1,-0.572
Ccdc7a,0.0
Gm3952,0.0
Ccdc7b,0.0
Gm10999,0.0
2610044O15Rik8,-0.445
Gm32856,0.429
Gm10722,0.0
Gm11168,0.0
Gm10721,0.0
Gm10720,0.0
Gm10719,-0.147
Gm10718,0.0
Gm10717,0.0
Gm17535,0.0
Gm10715,0.0
4930433N12Rik,0.0
Gm31138,0.0
Alkbh8,0.377
Cwf19l2,-0.465
Gucy1a2,-0.151
Aasdhppt,-0.049
Kbtbd3,-0.237
Msantd4,0.688
Gria4,0.983
Casp1,-4.18
Casp4,-4.901
Casp12,-4.586
Pdgfd,-4.102
Ddi1,-0.148
Dync2h1,0.273
Dcun1d5,0.104
Mmp13,-0.551
Mmp12,-0.524
Mmp1b,0.0
Mmp3,-0.777
Mmp10,0.0
Mmp8,-0.593
Mmp27,0.0
Mmp20,0.0
AV064505,0.0
Mmp7,0.0
Tmem123,-3.335
Birc2,-0.482
Birc3,-1.751
Yap1,-3.752
Gm20416,0.0
Gm45494,-1.194
Cfap300,-0.215
Cep126,0.803
Trpc6,0.214
Gm32014,-0.537
Pgr,0.058
Arhgap42,-1.649
Gm16833,-0.6
Gm46102,0.039
Gm47334,0.0
Cntn5,1.717
Gm32710,0.924
Gm47001,0.02
Gm47002,0.055
Gm47034,0.0
4930568E12Rik,0.0
Gm47051,0.0
Jrkl,-0.272
Ccdc82,-0.001
Maml2,-1.845
Gm17571,0.0
Mtmr2,-0.488
Cep57,-0.841
Fam76b,-1.279
Gm47535,0.054
Gm47557,0.0
1700019J19Rik,0.0
Gm47559,0.0
Gm47564,0.0
Gm47565,0.584
Gm34069,-0.025
Sesn3,-1.504
Gm47326,0.0
Endod1,0.105
Gm47319,-0.221
Kdm4d,-0.527
Cwc15,-0.472
Amotl1,-2.161
Gm34263,0.0
Gm7607,-0.137
Piwil4,-1.504
Gm10706,0.0
Fut4,-2.023
1700012B09Rik,-0.006
Ankrd49,-0.881
Mre11a,-0.655
Gm16302,0.321
Gpr83,-0.329
Izumo1r,-1.088
Gm47214,0.0
Panx1,1.148
Hephl1,0.0
Vstm5,1.74
Med17,-0.824
4931406C07Rik,-0.61
Taf1d,-0.428
Cep295,-0.371
Gm16568,-0.037
Gm34973,0.0
Smco4,-2.469
Deup1,-1.885
4930540M03Rik,0.0
Slc36a4,0.501
Mtnr1b,0.0
Fat3,-0.467
Chordc1,0.401
Naalad2,-4.781
Ubtfl1,0.0
Mbd3l2,0.0
Zfp558,-0.224
Mbd3l1,0.0
Muc16,-0.406
Olfr24,0.0
Olfr828,0.0
Olfr829,0.0
Olfr830,0.0
Olfr832,0.0
Olfr834,0.0
Olfr835,0.0
Olfr836,0.0
Olfr837,0.0
Olfr839-ps1,0.043
Olfr843,0.0
Olfr844,0.0
Olfr845,0.0
Olfr846,0.0
Olfr847,0.0
Olfr849,0.0
Olfr850,0.0
Olfr851,0.0
Olfr853,0.0
Olfr854,0.0
Olfr855,0.0
Zfp317,-0.193
Olfr857,0.0
Olfr58,0.0
Olfr859,0.0
Gm45699,0.0
Olfr860,0.0
Olfr862,0.0
Olfr77,-0.716
Olfr866,0.0
Olfr867,0.0
Olfr868,0.0
Olfr869,0.0
Olfr870,0.0
Olfr871,0.0
Olfr872,0.0
Olfr39,0.0
Olfr873,0.027
Olfr18,0.239
Zfp560,0.482
Zfp26,-0.266
Zfp426,0.433
Zfp266,-0.361
Zfp846,0.423
Fbxl12os,-0.418
Fbxl12,-0.846
Ubl5,0.195
Pin1,0.678
Olfm2,1.857
Col5a3,-3.095
Rdh8,0.0
Shfl,0.358
Angptl6,1.225
Ppan,-0.137
Eif3g,0.177
Dnmt1,-0.327
S1pr2,-2.346
Mrpl4,-0.183
Icam1,-4.635
Gm47079,0.063
Icam4,0.048
Icam5,0.517
Gm26592,1.637
Zglp1,0.138
Fdx2,0.748
1700084C06Rik,0.248
Tyk2,-0.423
Cdc37,0.133
Pde4a,0.359
Gm16754,1.371
Keap1,0.336
S1pr5,0.349
Atg4d,0.407
Kri1,-0.002
Cdkn2d,1.038
Ap1m2,-0.075
Gm39302,0.502
Slc44a2,-0.341
Gm36198,-1.234
Ilf3,0.167
Gm16853,0.406
Qtrt1,-0.014
Dnm2,-0.703
Tmed1,-1.427
AB124611,-3.946
Carm1,0.01
Yipf2,-0.81
Timm29,0.557
Smarca4,0.686
Gm26511,-0.343
Ldlr,-0.875
Spc24,-2.616
Kank2,-2.438
Dock6,-1.202
Angptl8,-0.119
Rab3d,0.695
Tmem205,-0.445
Ccdc159,0.833
Plppr2,1.557
Swsap1,0.637
Epor,-2.549
Rgl3,-1.406
Ccdc151,0.473
Prkcsh,-0.45
Elavl3,2.05
Zfp653,-0.276
Gm16845,0.106
Ecsit,0.495
Cnn1,-4.225
Elof1,0.251
6530413G14Rik,0.276
Acp5,-3.208
Pigyl,-0.07
Zfp872,-0.791
1810064F22Rik,0.0
Zfp809,-1.629
Zfp599,0.544
Gm39307,0.21
Zfp810,-0.488
Anln,-4.019
Gm48646,-0.634
Rp9,0.014
9530077C05Rik,0.093
Gm17545,0.0
Bbs9,0.416
Bmper,-0.807
Gm47663,0.0
Npsr1,0.0
Gm15600,0.0
Gm10701,0.0
Dpy19l1,-1.129
Gm47772,-0.471
Dpy19l2,0.217
Cypt4,0.0
Tbx20,1.291
Gm29824,0.0
E130101E03Rik,0.0
Gm48256,0.0
Gm10181,0.0
Herpud2,-1.151
Gm29642,-0.29
Sept7,-0.332
Eepd1,-2.034
Gm48362,0.005
Gm39312,0.0
Gm30313,0.0
Gm48393,0.607
B3gat1,1.554
Glb1l2,-1.254
Glb1l3,0.0
Gm1110,0.0
Acad8,-0.133
Thyn1,0.361
Vps26b,0.807
Ncapd3,-1.153
Jam3,-2.58
Gm48796,-0.837
Gm48801,0.0
Gm48803,0.0
Igsf9b,0.287
Spata19,0.321
Gm48901,0.0
Gm48902,0.0
Opcml,0.32
Gm15606,0.0
Gm48091,0.0
Ntm,-1.274
Gm15520,0.0
Gm15521,0.0
Gm47677,0.0
Gm30933,0.0
Snx19,0.313
Gm47716,0.0
Gm31013,0.0
Adamts15,-2.612
Adamts8,-2.076
Gm29724,-0.02
Zbtb44,-0.146
Gm17508,0.511
St14,-1.779
Aplp2,0.053
4930517E14Rik,0.005
Prdm10,-0.084
Nfrkb,-0.022
Tmem45b,-0.05
4930434F21Rik,0.0
Gm31408,0.234
Gm47436,0.0
Barx2,0.341
Gm31497,0.0
Gm47465,0.0
Arhgap32,-0.683
Kcnj5,0.338
Gm39317,0.0
Kcnj1,0.0
Fli1,-4.709
Gm27201,-0.246
Gm47680,0.0
Ets1,-3.726
Gm27240,0.0
Gm3331,-0.619
Gm27162,-0.082
Gm27166,0.0
Gm32171,0.0
Gm47775,0.0
Gm47777,0.0
Gm47778,0.0
Gm47784,0.0
Gm47785,0.0
Gm27164,0.0
7630403G23Rik,0.0
Gm47858,0.0
Kirrel3,1.433
Kirrel3os,-0.221
St3gal4,-2.062
4930581F22Rik,-1.242
Dcps,-0.279
Tirap,-0.73
Gm39318,0.162
Srpr,-0.578
Foxred1,-0.037
Fam118b,-0.458
Rpusd4,-0.268
4933422A05Rik,-0.119
Gm33838,-0.445
Cdon,-1.006
Gm1113,0.0
Ddx25,2.041
Pus3,0.092
Hyls1,-0.578
Pate2,0.354
Pate4,0.129
Pate3,0.0
Pate1,-0.037
Pate10,0.0
Pate7,0.0
Pate6,0.06
Pate5,0.0
Gm3428,0.0
Pate13,1.225
Gm27187,0.014
Gm5916,0.0
Gm3434,0.0
Pate12,0.0
Pate11,0.0
Pate9,0.0
Pate8,0.0
Pate14,0.0
1700027I24Rik,0.0
Acrv1,0.0
Chek1,-0.988
Stt3a,-1.057
Gm26787,0.007
Ei24,-0.146
Fez1,1.06
Pknox2,-1.548
Gm3896,0.0
Gm48716,0.0
Tmem218,-0.81
Slc37a2,-1.385
Gm48081,0.0
Gm47633,0.039
Ccdc15,-0.742
Gm34885,-0.214
Hepacam,-3.656
Robo4,-4.322
Robo3,-0.44
Msantd2,-0.381
Esam,-4.389
Vsig2,-2.871
Nrgn,-2.878
Siae,-0.68
Spa17,0.152
Tbrg1,-0.127
Panx3,-0.169
Olfr160,0.0
Olfr874,0.0
Olfr875,0.0
Olfr876,0.0
Olfr877,0.0
Olfr145,0.0
Olfr878,0.0
Olfr881,0.0
Olfr883,0.0
Olfr884,0.0
Olfr885,0.0
Olfr887,0.0
Olfr888,0.0
Olfr889,-1.625
Olfr890,0.0
Olfr891,0.0
Olfr893,0.0
Olfr894,0.0
Olfr143,0.0
Olfr895,0.0
Olfr896-ps1,0.0
Olfr25,0.0
Olfr898,0.0
Olfr250,0.0
Olfr251,0.0
Olfr147,0.0
Olfr901,0.0
Olfr902,0.0
Olfr904,0.042
Olfr905,0.104
Olfr906,0.0
Olfr907,0.0
Olfr911-ps1,0.0
Olfr910,0.0
Olfr912,0.0
Olfr913,0.0
Olfr914,0.0
Olfr916,0.0
Olfr917,0.0
Olfr918,0.0
Olfr919,0.0
Vwa5a,-0.326
Olfr920,-0.886
Olfr921,-0.375
Olfr922,0.0
Olfr923,0.0
Olfr924,0.0
Olfr26,0.0
Olfr926,0.0
Olfr930,0.0
Olfr933,0.0
Olfr934,0.0
Olfr935,0.0
Olfr146,0.0
Olfr937,0.0
Olfr938,0.0
Olfr27,0.0
Olfr943,0.0
Olfr944,0.0
Olfr1537,0.0
Olfr945,0.0
Olfr948,0.0
Olfr951,0.0
Olfr952,0.0
Olfr954,0.0
Olfr955,0.0
Olfr44,0.0
Olfr957,0.0
Olfr958,0.0
Olfr959,0.0
AW551984,1.965
Olfr148,0.0
Olfr960,0.0
Olfr961,0.0
Olfr963,0.0
Olfr149,0.0
Olfr965,0.0
Olfr150,0.0
Olfr967,0.03
Olfr968,0.0
Olfr969,0.0
Olfr970,0.0
Olfr971,0.0
Olfr972,0.0
Olfr229,0.0
Olfr974,0.0
Olfr975,0.0
Olfr976,0.043
Olfr978,0.0
Olfr979,0.0
Olfr980,0.0
Olfr981,0.0
Olfr982,0.0
Olfr983,0.0
Olfr984,0.0
Olfr985,0.0
Tmem225,0.0
Olfr986,0.067
Zfp202,0.089
Scn3b,1.475
Gramd1b,-0.044
1700110K17Rik,-0.116
Gm48129,0.0
Gm48127,0.068
Gm17540,0.808
Gm35177,0.063
Gm48277,0.0
Gm48284,1.261
Gm35371,0.0
Gm21915,0.123
Clmp,0.731
Gm48294,0.308
Gm16095,0.0
Gm48293,-0.23
Gm16096,-0.737
Hspa8,0.754
Bsx,0.0
Jhy,1.897
Crtam,-0.887
Ubash3b,1.68
Gm35657,0.0
1700063D05Rik,-0.286
Mir100hg,0.17
Gm48742,-0.873
Gm48740,-0.738
Gm28119,-0.052
Gm48784,-0.96
Gm35835,-0.974
AC160966.1,-3.095
Gm35940,-0.612
Gm48814,0.0
Gm40513,-0.048
Sorl1,1.068
Gm16214,0.0
Gm39321,0.0
4930546K05Rik,0.493
Sc5d,-0.048
Gm36435,0.0
Tecta,0.695
Gm47629,0.0
Tbcel,0.094
Gm16322,0.664
Grik4,0.98
Gm47931,0.0
Arhgef12,-0.717
Tmem136,0.475
Pou2f3,-0.337
Oaf,-5.179
D630033O11Rik,-4.791
Trim29,0.085
Gm36799,0.0
Gm47475,0.0
Gm28215,0.0
Gm36855,0.0
Gm29909,0.0
Gm29961,0.024
Gm30015,0.015
Nectin1,0.01
Gm3898,0.041
Gm30373,1.228
Gm10688,0.026
E230034D01Rik,-0.132
Gm39323,-0.062
Thy1,1.735
Gm49380,-1.54
Gm39325,0.0
Usp2,-1.771
Rnf26,-0.752
Mfrp,-0.243
C1qtnf5,-0.023
Gm20444,0.0
Gm26737,-0.527
Gm10687,-0.41
Mcam,0.247
Cbl,0.144
Ccdc153,0.0
Pdzd3,0.693
Nlrx1,0.073
Abcg4,1.295
Gm48604,0.275
Hinfp,-0.252
C2cd2l,1.298
Dpagt1,0.046
Gm48853,0.0
H2afx,-1.817
Hmbs,-0.33
Vps11,0.031
Hyou1,-0.102
Slc37a4,-0.122
Trappc4,0.957
Rps25,-0.218
Ccdc84,-0.133
Gm47186,0.0
Foxr1,-0.065
Upk2,0.51
C030014I23Rik,0.596
Gm47204,1.024
Bcl9l,-0.715
Cxcr5,-0.388
Gm47230,-0.393
Gm47231,-0.434
Gm47232,-0.499
Ddx6,0.107
BC049987,-0.138
Treh,0.0
Phldb1,-1.214
Arcn1,-0.32
Ift46,0.393
Tmem25,0.871
Gm48702,0.024
Ttc36,1.05
Kmt2a,0.002
Gm39326,0.908
Atp5l,0.215
Gm30934,-0.269
Ube4a,0.53
Cd3g,-4.17
Cd3d,-3.478
Cd3e,-3.073
Gm48719,0.0
Mpzl2,-2.981
Mpzl3,0.521
Jaml,-2.417
Gm10684,0.0
Scn2b,1.84
Scn4b,-0.103
Gm39327,0.0
Tmprss4,-0.735
Gm17099,0.0
BC049352,0.526
Il10ra,-4.094
Lncbate3,0.0
Tmprss13,0.0
Fxyd6,1.807
Fxyd2,2.018
4833428L15Rik,0.0
Dscaml1,0.354
Cep164,0.19
Bace1,0.494
Gm16536,0.501
Rnf214,0.701
Pcsk7,-0.096
Tagln,-5.266
Gm48529,-0.089
Sidt2,-0.493
A830035O19Rik,0.197
Pafah1b2,0.65
Sik3,-0.261
Apoa1,0.533
Apoc3,0.0
Apoa4,0.0
Gm10680,0.0
Apoa5,0.0
Gm47544,0.0
Zpr1,0.316
Bud13,-0.668
4931429L15Rik,0.02
Gm39329,0.0
4930448E22Rik,0.15
Gm31374,0.0
Gm47141,0.0
Gm47144,0.0
Gm31432,0.02
Gm48945,0.233
Gm31557,0.793
Gm31614,-0.117
2900052N01Rik,-2.692
Gm47153,0.508
Gm4791,0.098
Gm31698,0.892
Gm31816,2.462
Cadm1,0.743
A730065G17Rik,0.327
Gm40518,0.0
Nxpe4,-0.666
Nxpe2,-2.885
Rexo2,0.612
Rbm7,-1.204
Gm5617,-0.903
Nnmt,-3.648
Zbtb16,0.232
Gm32335,0.044
Htr3a,1.612
Htr3b,1.2
Usp28,-0.018
1700042D02Rik,0.0
Zw10,-0.234
Tmprss5,-5.079
Gm4894,0.0
Drd2,1.058
Ankk1,-0.093
Ttc12,-1.139
Ncam1,0.868
Gm11149,0.251
Gm47543,0.0
2310003N18Rik,1.149
Gm39336,0.0
Rpl10-ps3,-0.171
Plet1os,0.095
Plet1,-0.104
Pts,0.655
Gm47077,0.0
Bco2,-0.824
Il18,-0.949
Tex12,0.0
Sdhd,0.434
Timm8b,0.993
Nkapd1,-1.08
Pih1d2,-0.223
Dlat,0.862
Dixdc1,1.365
2310030G06Rik,-0.546
Hspb2,-4.951
Cryab,-3.724
1110032A03Rik,0.434
Fdxacb1,-0.126
Alg9,0.316
Ppp2r1b,0.014
Sik2,-0.791
Layn,0.818
Btg4,0.0
4833427G06Rik,-0.325
Gm32742,0.0
Pou2af1,-0.629
Gm47828,0.0
Colca2,-3.664
2010007H06Rik,-2.908
1810046K07Rik,0.0
Gm47854,0.0
Arhgap20,0.053
Arhgap20os,0.0
Gm6980,0.426
4933407I05Rik,0.0
Fdx1,-0.265
Rdx,-0.695
Zc3h12c,0.07
Gm47957,0.0
Gm47960,0.0
Gm33125,0.0
AI593442,1.53
Gm1715,0.0
Ddx10,0.008
4930510E17Rik,0.0
Exph5,-0.613
Poglut3,-1.953
4930550C14Rik,-0.418
Atm,0.146
Npat,-0.391
Acat1,0.25
Cul5,0.271
Gm16124,-1.581
Rab39,0.878
Slc35f2,-0.947
Sln,0.0
Elmod1,1.53
Tnfaip8l3,0.543
Gm48346,0.0
Cyp19a1,0.0
Gldnos,0.0
Gldn,0.099
Dmxl2,1.29
Sh2d7,0.164
Cib2,1.786
Idh3a,0.663
Acsbg1,-3.898
Dnaja4,-0.189
Wdr61,-0.171
Crabp1,0.473
Ireb2,0.162
Hykk,-0.55
AY074887,-0.568
Psma4,0.102
Chrna5,1.488
Chrna3,1.737
Chrnb4,1.943
Gm47877,0.125
Gm47887,1.522
Ube2q2,0.801
Fbxo22,0.272
Nrg4,1.105
Tmem266,1.728
Etfa,-0.72
Isl2,-0.131
Gm17226,0.0
Scaper,0.812
4930563M21Rik,0.0
Rcn2,-0.2
Pstpip1,0.54
Tspan3,-0.773
Peak1,-1.497
Gm29322,-0.649
Peak1os,-0.5
Hmg20a,-0.261
Gm47176,0.0
Gm26868,0.034
Lingo1,1.483
Gm47235,0.0
Odf3l1,-1.725
Cspg4,-5.005
Gm47237,-1.208
Snx33,-3.858
4930442G15Rik,0.0
Imp3,0.133
Snupn,0.182
Ptpn9,0.583
Gm10658,-0.096
Sin3a,-0.67
Man2c1os,0.2
Man2c1,-0.042
Neil1,-0.593
Commd4,0.285
1700041C23Rik,0.0
Trcg1,0.0
1700017B05Rik,-1.762
Ppcdc,-0.279
Scamp5,0.505
Rpp25,0.476
Cox5a,1.166
Gm26631,-0.409
Fam219b,0.607
Mpi,0.697
Scamp2,-2.011
Ulk3,0.127
Cplx3,0.342
Lman1l,0.006
Csk,0.649
Cyp1a2,0.0
Cyp1a1,0.632
Edc3,0.395
Clk3,-0.124
Gm17231,0.0
Arid3b,-0.075
Ubl7,0.425
Sema7a,-2.253
Gm17322,-0.27
Cyp11a1,-0.712
Ccdc33,0.198
Gm16130,0.0
Stra6,0.496
Gm16131,0.0
Islr,-5.235
Islr2,1.4
Pml,-0.737
Stoml1,0.739
Loxl1,-3.52
Tbc1d21,0.0
1700072B07Rik,0.0
4930461G14Rik,0.0
Insyn1,1.978
Cd276,-0.136
Nptn,0.541
Rec114,0.718
Hcn4,1.75
Neo1,0.299
Gm47271,0.0
Gm33053,0.0
Adpgk,-0.617
Bbs4,0.954
Arih1,-0.193
Gm33180,0.0
Tmem202,0.747
Hexa,-1.614
Celf6,2.06
Parp6,1.56
Pkm,0.574
Gramd2,0.099
Senp8,0.899
Myo9a,0.535
Gm20275,-0.226
Nr2e3,-0.127
Gm7616,0.0
Gm15507,0.0
Thsd4,0.112
2010001M07Rik,0.0
9230112J17Rik,-0.241
Gm49334,0.0
Lrrc49,1.194
Larp6,1.187
1700036A12Rik,-0.314
Uaca,-3.879
Gm9869,-1.591
Gm47923,-0.041
Gm5122,0.0
Gm33699,-0.699
Gm39348,0.0
Gm34004,0.0
Gm33914,0.0
4933433G08Rik,0.0
I730028E13Rik,0.0
Gm34105,0.0
B930092H01Rik,0.0
Gm10655,-1.443
Tle3,-2.217
Gm34322,0.0
Rplp1,-0.416
Kif23,-3.06
Paqr5,-1.585
Glce,-0.117
Gm47262,0.0
A730043L09Rik,1.088
Spesp1,0.0
Gm35288,0.0
Anp32a,-0.159
Coro2b,0.536
Itga11,1.244
Fem1b,0.919
Cln6,-0.569
Calml4,-3.059
Pias1,-0.636
Gm48193,-0.079
Skor1,-0.005
Map2k5,0.013
2300009A05Rik,0.179
Gm16759,-0.815
Iqch,-1.922
Aagab,0.011
Smad3,-3.331
Gm36033,-0.42
Smad6,-0.268
1700055C04Rik,0.0
Scarletltr,-0.351
Lctl,-0.925
Zwilch,-1.76
Rpl4,-0.132
Snapc5,0.1
Map2k1,0.58
Gm48855,-1.471
Uchl4,-0.847
Tipin,-1.355
Dis3l,0.031
Megf11,-1.597
Rab11a,0.454
Dennd4a,-0.304
Slc24a1,-0.3
Ints14,-0.938
Hacd3,0.68
Dpp8,-0.537
Gm47350,0.0
Igdcc4,-0.262
Igdcc3,-3.195
Parp16,-0.268
Cilp,0.82
Clpx,-0.394
Gm39363,-0.226
Pdcd7,0.118
Ubap1l,0.103
Kbtbd13,-0.904
Rasl12,-3.797
Slc51b,0.0
Mtfmt,0.002
Gm47270,0.464
Spg21,-0.469
Ankdd1a,0.026
Gm17749,-1.159
Plekho2,-1.582
Pif1,-2.685
Rbpms2,-3.849
Oaz2,0.651
Zfp609,-0.427
Trip4,0.161
Pclaf,-3.62
Csnk1g1,0.31
Ppib,-1.037
Snx22,-1.473
Snx1,-1.232
Ciao2a,-0.948
Dapk2,-4.126
Herc1,0.935
Gm28379,0.155
Fbxl22,-2.465
Usp3,-0.541
Gm15563,0.0
Car12,-0.427
Aph1b,0.14
BC050972,0.178
Aph1c,-0.337
Gm17098,-0.117
Rab8b,-1.088
Rps27l,-0.481
Lactb,-0.55
Tpm1,-0.033
Gm10646,-0.038
Gm19299,-0.135
Tln2,0.873
Gm47047,-0.02
M5C1000I18Rik,1.47
C2cd4b,0.563
C2cd4a,0.812
Vps13c,0.807
Gm20745,0.0
Gm28195,0.0
4930502A04Rik,0.0
Rora,-0.932
Gm15511,0.0
Ice2,-0.575
Anxa2,-0.025
Gm16144,0.015
Foxb1,0.0
B230323A14Rik,0.0
Gm28731,-1.043
Bnip2,-1.742
Gtf2a2,0.058
Gcnt3,-0.158
2210414F02Rik,0.0
Fam81a,-0.131
Myo1e,-3.252
Ccnb2,-3.582
Rnf111,-0.218
Sltm,-0.118
Mindy2,-0.22
Gm10642,0.879
Adam10,-1.324
Lipc,-1.814
Gm32017,0.123
Aqp9,-2.79
Gm32511,0.0
Aldh1a2,-1.374
Polr2m,0.241
Myzap,-2.805
Cgnl1,-3.462
Tcf12,-1.483
Gm27159,0.0
Gm27188,0.0
Gm27253,-0.329
Zfp280d,-0.177
BC065403,-1.17
Gm27230,0.0
Gm27255,0.0
Mns1,-2.309
Gm27231,0.0
Tex9,-0.314
4930509E16Rik,-0.19
Rfx7,-0.086
Gm27241,-0.595
Gm27232,0.0
Nedd4,-0.327
Gm27204,0.0
Prtg,0.86
Pygo1,0.028
Dnaaf4,0.02
Ccpg1os,0.036
Ccpg1,-0.241
Pigb,0.261
2310009A05Rik,0.048
Rab27a,1.133
Khdc3,0.683
Rsl24d1,-0.044
Gm27211,0.0
Unc13c,-0.585
Wdr72,0.28
Gm28622,0.0
Gm16551,0.0
Gm28182,0.0
Onecut1,0.0
Fam214a,-0.032
Arpp19,-0.189
Myo5a,1.551
Myo5c,-0.324
Gnb5,1.022
Gm19531,1.11
Gm48677,-0.141
Bcl2l10,-0.267
Mapk6,0.068
4933433G15Rik,-0.985
Leo1,0.0
Tmod3,-0.328
Tmod2,0.179
Lysmd2,-0.883
Scg3,0.656
Bmp5,-3.38
Gm26903,-0.403
Hmgcll1,1.696
Gfral,0.123
Hcrtr2,0.296
Gm27234,0.0
Fam83b,-0.194
Gm34158,0.0
Gm47800,0.0
Tinag,0.0
Gm19541,0.0
Mlip,-5.019
5730403I07Rik,0.0
Lrrc1,-1.031
Gm19569,0.446
Klhl31,-0.288
Gm47790,0.042
Gm47789,0.0
Gm47795,0.0
Gclc,0.207
Gm34654,0.0
Gm47818,-0.093
Elovl5,-0.239
Gm34829,-0.858
Gm39375,0.0
Gcm1,0.0
Fbxo9,1.217
Ick,-0.174
Gsta4,-4.014
Gsta1,-1.598
Gm3776,-1.357
Gm10639,-0.349
Omt2a,0.0
Omt2b,0.0
Gsta2,-0.598
Dppa5a,1.203
Ooep,1.535
4930542C12Rik,-0.033
Ddx43,-0.973
Cgas,-3.186
Gm17324,0.126
Mto1,0.109
Eef1a1,-0.064
Gm47430,0.0
Slc17a5,-0.162
Cd109,-0.019
4921509A06Rik,0.816
Gm35024,0.0
Gm47499,0.0
Gm47501,0.0
Gm28620,0.0
Gm39377,0.0
Gm10635,-0.225
Col12a1,-4.009
4930562D21Rik,-0.43
Cox7a2,0.798
Tmem30a,0.378
4930429F24Rik,-0.032
Filip1,0.509
Gm3211,0.0
Senp6,-0.062
Gm17477,-0.971
Myo6,-1.972
Gm27227,0.0
Impg1,0.0
Gm48387,0.0
Gm39380,0.0
Gm27224,-0.035
Gm26713,0.0
Gm27226,0.0
Htr1b,-0.241
D430036J16Rik,-0.559
Gm26907,0.0
Mei4,0.918
Gm35548,0.0
1700063H06Rik,0.0
Irak1bp1,0.238
Phip,-0.517
Gm39383,0.0
Gm38398,-1.536
Hmgn3,-0.685
Gm29054,0.395
Gm27216,0.0
Gm46123,0.937
Lca5,-0.774
Gm2087,0.0
Sh3bgrl2,1.383
Gm39384,0.0
Gm36120,0.053
Gm2109,0.211
Elovl4,1.75
Ttk,-1.897
Gm36278,-0.351
Bckdhb,-0.949
Gm46124,0.0
Gm39388,0.0
4930554C24Rik,0.0
Gm48820,0.0
Gm28625,0.0
Gm48821,0.0
Gm48830,0.0
Gm48831,0.0
Gm11114,0.0
Tent5a,-2.842
Gm48832,0.0
Gm48833,0.0
Gm48834,0.0
Gm48842,0.0
Ibtk,-0.089
9330154J02Rik,-0.417
Tpbg,-2.434
Gm47604,0.0
Ube2cbp,0.927
Dop1a,0.709
Pgm3,-0.394
Rwdd2a,1.32
Me1,0.109
A330041J22Rik,0.427
Prss35,-4.136
Snap91,1.972
Gm36539,0.075
Ripply2,1.913
Cyb5r4,0.442
Mrap2,1.111
Cep162,-0.936
Tbx18,-4.969
Gm28231,0.0
Nt5e,-3.179
Snx14,0.254
Gm28229,-0.249
Syncrip,-0.59
Snhg5,-0.3
Zfp949,0.289
Trim43a,0.288
9430037G07Rik,0.724
Mthfsl,-0.133
Gm10634,-0.08
Bcl2a1d,-4.119
Gm29562,0.62
Trim43c,0.0
9330159M07Rik,0.516
Gm26611,0.0
Gm2396,-0.396
Bcl2a1a,-4.849
Trim43b,-0.254
4930579C12Rik,-0.031
Bcl2a1b,-5.785
Mthfs,-0.88
Gm47403,0.0
Minar1,-0.363
Gm47409,0.184
Tmed3,-0.922
Ankrd34c,0.0
1700017I07Rik,0.0
4930524O08Rik,0.0
Rasgrf1,0.506
Ctsh,-5.387
Morf4l1,0.162
Adamts7,-3.678
Tbc1d2b,-1.974
Gm30849,0.0
Gm28703,0.0
Gm29408,0.0
Gm28652,0.0
Zic1,0.0
Zic4,0.0
Gm29478,0.0
Gm31409,0.0
Plscr5,0.0
Plscr1,-0.071
Plscr2,-3.409
Gm29139,0.0
1700057G04Rik,-0.027
Plscr4,-0.109
Plod2,-0.182
4933400C23Rik,0.0
Gm28054,0.0
1700034K08Rik,0.0
Dipk2a,-2.239
Gm29395,0.0
Slc9a9,0.786
Gm16262,0.0
Chst2,0.276
U2surp,-0.19
Gm28424,0.276
Gm32281,0.0
Paqr9,1.958
Gm16126,0.0
Gm16127,0.0
Pcolce2,-0.927
Trpc1,0.408
Pls1,-0.262
1700065D16Rik,0.123
Atr,-0.462
Gm16794,0.064
Xrn1,-0.328
C78334,0.0
Gm28085,0.0
Gk5,-0.702
Tfdp2,-0.658
Atp1b3,0.074
BC043934,0.035
Rnf7,0.169
Gm28729,0.0
Rasa2,-0.553
Zbtb38,0.176
A930006L05Rik,0.055
C430002N11Rik,0.371
Pxylp1,0.317
Spsb4,1.372
Gm16010,0.051
Gm19325,-0.526
Slc25a36,-0.172
Gm16185,-0.223
Trim42,0.0
Gm15891,0.0
Clstn2,1.06
4921534H16Rik,0.0
2610303G11Rik,0.0
Nmnat3,-1.819
Rbp1,-4.162
Rbp2,-0.435
4930579K19Rik,-0.532
Copb2,-0.319
Mrps22,0.245
Gm37637,-0.154
E330023G01Rik,0.0
Prr23a1,0.0
Prr23a2,0.0
Prr23a3,0.0
7420426K07Rik,0.0
Foxl2os,0.0
Foxl2,0.0
Faim,0.091
Gm1123,-0.043
Pik3cb,0.861
Faiml,0.0
Cep70,0.474
4930422M22Rik,0.0
Esyt3,1.132
Gm28087,0.027
Mras,0.955
Nme9,0.168
Armc8,0.468
Dbr1,-0.588
A4gnt,0.031
Dzip1l,-1.397
Cldn18,0.0
Gm16004,0.0
Gm47757,0.0
Sox14,0.0
4930519F24Rik,0.0
Gm28167,0.0
Gm34397,0.0
Gm28166,0.064
Il20rb,-2.167
Nck1,-0.647
Gm28586,-0.392
Slc35g2,1.265
Stag1,-0.824
Pccb,-0.039
Msl2,-0.587
Ppp2r3a,-0.915
Gm28979,0.0
Gm29521,-2.688
9630041A04Rik,0.327
Ephb1,-1.039
Gm29388,0.0
Ky,1.419
Gm29387,0.0
Cep63,-0.408
Anapc13,-0.256
4930533D04Rik,0.0
Amotl2,-2.601
Gm5627,0.0
Gm47416,0.0
Ryk,-0.776
Slco2a1,-2.743
Gm47468,0.0
Rab6b,1.884
Srprb,-0.314
Trf,-1.572
1300017J02Rik,-0.432
Topbp1,-1.101
Cdv3,0.478
Gm47328,0.062
5830418P13Rik,0.328
Bfsp2,-0.785
Gm16252,0.0
Tmem108,1.612
Gm32743,0.0
4932413F04Rik,0.106
Gm29154,0.511
Gm33054,0.196
Nphp3,-1.747
Uba5,-0.235
Acad11,-0.064
Ackr4,-1.527
Dnajc13,0.069
Acpp,0.219
Gm28548,0.0
Cpne4,1.503
Mrpl3,-0.129
Gm47106,0.0
Nudt16,0.117
Nudt16l2,0.0
Nek11,-0.899
Gm20643,0.0
Gm15619,0.0
Aste1,-0.861
Atp2c1,0.5
Gm19667,-0.127
Pik3r4,-0.152
Col6a6,-1.444
Col6a5,-2.396
Col6a4,1.172
Gm47575,0.0
Gm29208,0.0
D030055H07Rik,0.14
Glyctk,0.322
Wdr82,0.097
Ppm1m,-2.095
Twf2,-0.806
Tlr9,-0.146
Alas1,-0.116
4930500F10Rik,0.799
Poc1a,-1.581
Gm29123,0.0
Dusp7,-0.946
Rpl29,-0.106
Acy1,-1.433
Abhd14a,-0.19
Abhd14b,0.043
Gm28959,0.234
Pcbp4,0.017
Gpr62,0.107
Parp3,-3.217
Rrp9,-0.151
Iqcf1,0.0
Iqcf3,0.0
Iqcf5,0.0
Iqcf4,0.0
Iqcf6,0.0
Gm28111,0.0
Grm2,0.045
Tex264,0.145
Rad54l2,0.116
Dcaf1,-0.143
Manf,-0.363
Gm37612,0.017
Rbm15b,0.284
4930524O07Rik,-0.503
Dock3,1.863
1700039M15Rik,0.0
Mapkapk3,-2.327
Cish,-0.457
Gm17041,0.0
Hemk1,0.396
6430571L13Rik,1.16
4930429P21Rik,0.0
Cacna2d2,1.957
Gm17141,0.0
Gm17118,0.0
Tmem115,-0.548
Cyb561d2,0.352
Nprl2,0.514
Zmynd10,-1.07
Gm34106,-0.029
Rassf1,-1.588
Gm9917,-2.132
Tusc2,0.83
Hyal2,-0.775
Gm16343,0.0
Hyal1,-0.753
Naa80,0.238
Hyal3,-0.118
Ifrd2,-1.035
Lsmem2,-1.536
Gm38150,0.541
Sema3b,-3.63
Gnai2,-1.139
Slc38a3,-1.95
Gnat1,-0.37
Sema3f,-2.667
Rbm5,-0.243
Gm37850,-0.382
Rbm6,-0.167
Mon1a,0.766
Mst1r,0.364
Actl11,0.0
Gm37974,0.0
Camkv,1.069
Traip,-1.025
Uba7,-4.41
Inka1,-4.13
4921523L03Rik,-0.344
Cdhr4,-2.96
4930535L15Rik,0.0
Ip6k1,0.259
Gm38134,-0.184
Gmppb,-0.541
Rnf123,0.451
Gm20529,0.0
Amigo3,-1.233
Mst1,-0.061
Apeh,0.364
Bsn,1.871
4930447F24Rik,-0.577
Dag1,-2.238
Nicn1,1.391
Amt,-0.014
Tcta,0.771
Rhoa,-1.17
Gm37401,-0.696
Gpx1,-0.065
Usp4,-0.057
Gm37963,-0.311
1700102P08Rik,0.134
Ccdc36,-0.465
BC048562,0.0
Klhdc8b,0.588
Ccdc71,0.038
Lamb2,-3.577
Usp19,-0.136
Qars,0.048
Qrich1,-0.123
Impdh2,-0.722
Ndufaf3,0.622
4833445I07Rik,0.475
Dalrd3,-0.047
Wdr6,1.262
P4htm,0.802
Gm38163,-0.122
Arih2,-0.255
Slc25a20,-0.158
Prkar2a,1.006
Ip6k2,0.178
Nckipsd,0.46
Gm35025,1.171
Celsr3,1.752
Slc26a6,-0.116
Tmem89,0.036
Uqcrc1,0.375
Col7a1,-0.441
Ucn2,0.027
Gm38004,-0.681
Pfkfb4,-0.071
Shisa5,-0.103
Trex1,0.0
Atrip,-0.051
Tma7,0.751
Ccdc51,0.351
Gm7628,-0.958
Plxnb1,-0.414
Fbxw21,0.0
Fbxw13,0.0
Fbxw20,0.0
Fbxw14,0.0
Fbxw28,0.0
Fbxw22,0.0
Fbxw16,0.0
Gm42493,0.0
Fbxw19,0.0
Gm42756,0.0
Fbxw15,0.0
Fbxw24,0.068
Fbxw25,0.0
Fbxw18,0.0
Fbxw26,0.0
Fbxw27,0.056
Spink8,1.334
Nme6,0.783
Camp,1.152
Cdc25a,0.454
Map4,0.696
Gm43732,0.0
Dhx30,0.136
Smarcc1,0.191
Cspg5,0.142
Gm42775,0.0
Elp6,0.399
Scap,0.099
Ptpn23,0.088
Ngp,-0.111
Klhl18,0.223
Kif9,0.321
Setd2,-0.293
Nradd,0.416
Nbeal2,-0.75
Gm42470,0.0
Ccdc12,-0.723
Gm35715,0.0
Pth1r,0.099
Myl3,0.476
Prss42,0.0
Prss44,0.0
Prss43,0.0
Prss45,0.763
Prss46,0.0
Prss50,0.086
Tmie,1.417
Als2cl,-2.351
Fam240a,0.0
Tdgf1,0.0
Lrrc2,1.471
Rtp3,-0.971
1700061E17Rik,0.0
Gm10030,0.0
Ltf,-1.123
Ccrl2,-4.493
Lrrfip2,0.259
Mlh1,-0.481
Epm2aip1,0.798
Trank1,1.411
Dclk3,0.745
Gm42523,0.844
Gm43236,0.0
Stac,1.648
4930545L08Rik,1.135
Arpp21,1.413
2310075C17Rik,0.109
2900079G21Rik,1.904
4933411E02Rik,0.0
Gm36251,0.0
Gm4657,0.0
Gm36367,0.0
Gm39436,0.0
Gm36485,0.0
Gm47875,0.0
AU023762,-0.155
Gm36745,0.093
Pdcd6ip,-0.254
Clasp2,0.534
Ubp1,-0.387
Fbxl2,1.578
Gm47950,0.599
Susd5,1.394
Gm29825,-2.768
4921528I07Rik,-2.021
Bcl2a1c,-0.04
4930520O04Rik,-2.269
Crtap,-2.427
Glb1,-0.322
Tmppe,0.029
Ccr4,-0.235
Trim71,0.757
C130032M10Rik,-0.03
Cnot10,-0.312
Dync1li1,1.14
Cmtm6,-1.041
Cmtm7,-4.231
Gm9888,-1.169
Cmtm8,-3.539
Gpd1l,0.642
Osbpl10,1.739
Rps27rt,-0.768
Gm4665,0.0
Gm26962,0.0
Gm27002,0.091
Stt3b,-0.804
D330037F02Rik,-0.283
Gm48007,0.0
Gadl1,0.974
Gm16142,0.0
Tgfbr2,-4.805
Gm4668,-0.683
Gm48038,0.0
Gm31410,-1.393
D730003K21Rik,-0.106
Rbms3,1.115
Gm17396,0.65
Gm26614,1.782
Zcwpw2,1.489
Azi2,0.398
Cmc1,0.018
Gm17399,1.849
Platr11,0.0
4933432G23Rik,0.0
Eomes,-0.105
Gm33460,0.0
Golga4,-0.4
Gm45897,0.0
Itga9,-3.685
Gm2415,0.287
Gm16295,0.0
Ctdspl,-0.271
Vill,-2.022
Plcd1,-0.322
Dlec1,0.76
Acaa1b,-0.421
Gm47289,0.0
Slc22a14,-0.176
Slc22a13,0.461
Oxsr1,0.039
Myd88,-2.537
Acaa1a,-0.724
Xylb,0.452
Acvr2b,-0.077
Gm47320,-0.496
4930516B21Rik,0.0
Exog,0.796
Scn5a,0.809
Scn10a,0.549
Scn11a,1.333
Gm2449,0.256
Wdr48,0.167
Cx3cr1,-3.847
Gorasp1,-0.273
Ttc21a,-0.801
Csrnp1,-2.832
1700019L13Rik,-2.53
Gm47043,-0.064
Gm49427,0.308
Xirp1,-0.534
Gm33858,-0.652
Ccr8,0.0
Slc25a38,0.759
Rpsa,0.02
Gm5922,0.0
Mobp,0.0
Gm38642,0.285
Gm47059,0.0
Myrip,1.701
D830035M03Rik,0.094
Eif1b,0.407
Entpd3,1.615
Rpl14,0.087
5830454E08Rik,0.483
Gm39456,0.0
Gm39458,-0.644
Gm47064,0.0
Gm47066,0.0
Gm39459,0.088
Gm47068,0.0
Gm47069,0.0
Gm19385,0.0
Gm34425,-0.092
Gm47070,0.0
Gm39460,0.0
1700020M21Rik,0.0
4930593C16Rik,0.0
Ctnnb1,-0.847
Ulk4,-0.61
Gm34655,0.022
Trak1,0.331
Cck,-0.722
Gm47095,0.0
Gm38661,0.0
Lyzl4,-0.67
Lyzl4os,0.0
Vipr1,-1.129
Sec22c,0.439
Ss18l2,0.499
Nktr,-0.466
E530011L22Rik,-0.534
Zfp651,-1.041
Klhl40,-0.522
Hhatl,-0.988
Ccdc13,-3.997
Gm17163,-0.359
Higd1a,0.54
Gm47112,-0.099
Gm47113,0.44
Ackr2,-0.448
Cyp8b1,-0.149
1700048O20Rik,0.579
Gask1a,-4.094
Pomgnt2,1.047
Gm39463,0.087
Gm47117,0.121
Gm39465,0.2
Gm39464,1.221
Snrk,0.796
Gm47121,-0.022
Ano10,0.423
Gm26797,-0.031
Gm47126,0.0
Abhd5,0.059
A730085K08Rik,0.07
Gm47128,-0.105
Gm35454,0.0
Gm47131,0.026
Gm47133,1.072
9530059O14Rik,1.691
Gm47134,0.016
Gm35501,1.212
Gm47136,-1.497
Topaz1,0.063
Tcaim,-0.086
Gm35549,0.0
Zfp445,-0.096
Gm47140,0.829
A530083I20Rik,1.482
Zkscan7,-0.262
Zfp105,-0.139
1110059G10Rik,-0.278
Kif15,-3.106
Gm9856,-0.547
Tmem42,0.474
Tgm4,0.92
Zdhhc3,-0.002
Exosc7,0.041
Clec3b,-4.626
Cdcp1,-0.278
Tmem158,-0.448
Gm47162,-0.352
Lars2,-1.007
Limd1,-2.73
Sacm1l,0.549
Slc6a20b,-0.689
Slc6a20a,-1.204
Gm17120,0.017
Gm17200,-0.029
Ccr9,-1.327
Lztfl1,-0.299
Gm17021,-0.757
Fyco1,-0.206
Cxcr6,-3.431
Xcr1,-1.107
Ccr1,-4.099
Ccr1l1,0.0
Ccr3,-0.416
Ccr2,-4.349
Ccr5,-2.592
Gm39469,0.23
2010315B03Rik,-0.658
Gm47181,0.0
Ppp2r3d,-0.139
Gm21836,0.0
9230019H11Rik,0.0
B020014A21Rik,0.0
H60c,0.0
Ppp1r14c,-2.789
Iyd,-1.284
Plekhg1,-3.003
Mthfd1l,0.469
Gm30570,0.046
Akap12,-0.141
Zbtb2,-1.174
Gm21781,-0.059
Rmnd1,-0.022
Gm16153,-0.179
Armt1,-1.347
Ccdc170,0.745
Esr1,0.535
Syne1,0.373
Gm10097,-0.165
Myct1,-3.928
Vip,1.736
Fbxo5,-1.627
Mtrf1l,-0.068
Rgs17,2.458
Gm10945,0.0
Oprm1,1.207
Ipcef1,-0.146
Cnksr3,-2.263
Ulbp1,-2.566
Lrp11,2.04
Pcmt1,0.906
Nup43,-0.111
Lats1,-0.218
Katna1,-1.027
Gm20470,0.0
Ginm1,-0.611
B430219N15Rik,-0.336
Ppil4,-0.569
Zc3h12d,-0.528
Tab2,-0.673
Gm48614,-0.552
Gm30906,0.081
Ust,-0.592
Gm48654,0.0
Sash1,-3.787
Gm26674,-1.418
Gm48727,-0.063
Gm48728,0.0
Gm48748,0.0
Gm48749,0.0
Gm48757,0.0
Gm48759,0.0
Samd5,-1.813
Stxbp5,0.857
Gm46210,0.373
Gm28905,0.303
Gm48278,0.0
Gm48281,0.062
Gm48279,0.269
4930598N05Rik,0.0
Gm31904,0.0
Gm48324,0.0
Adgb,-1.361
Rab32,-4.727
Gm10944,0.0
Grm1,0.124
4930567K20Rik,0.0
Shprh,-0.117
Gm16577,0.153
4930432B10Rik,-0.236
Fbxo30,-0.675
Epm2a,0.698
Gm48680,0.0
Gm48697,-0.34
Gm48721,0.0
Gm48722,0.0
Gm48723,0.0
Gm48724,0.0
Utrn,-1.459
B230208H11Rik,-3.03
Stx11,-2.821
Sf3b5,-0.327
Gm47691,0.0
Plagl1,-1.981
Zc2hc1b,0.0
Ltv1,-0.069
Phactr2,0.014
Fuca2,0.878
Pex3,-0.256
Adat2,0.292
Gm48773,0.0
Aig1,0.508
Gm32172,0.0
Gm32105,0.018
Hivep2,-0.868
Gm28289,0.0
Gm48843,0.0
Gm48845,0.0
Gm48844,0.0
Gm40603,0.082
Gm48854,0.0
Adgrg6,-2.989
Gm46212,-1.865
Vta1,0.286
Gm16234,0.0
Nmbr,0.103
Gje1,0.0
B230364G03Rik,0.0
Gm47698,0.0
Gm47710,-0.462
Gm47712,0.0
Gm40604,-0.022
Gm32283,0.0
C330004P14Rik,0.0
Gm47729,0.0
Gm20125,0.446
Gm47760,0.588
Gm47761,-0.553
Gm47769,0.124
Gm47770,0.0
Gm47771,0.0
Cited2,0.443
Gm20655,0.308
Txlnb,0.184
Heca,-0.172
Abracl,-0.792
Reps1,0.376
Ect2l,0.268
Ccdc28a,0.26
Gm10827,-0.011
Nhsl1,-1.078
Hebp2,1.565
Arfgef3,2.15
Gm32926,1.941
Gm4922,0.0
4930444F02Rik,0.0
Perp,-0.305
Gm48483,0.0
Tnfaip3,-3.334
1700124M09Rik,0.0
Gm48545,0.0
Gm20139,-0.513
Gm33056,-0.052
Olig3,0.0
Gm33104,-1.63
Ifngr1,-2.477
Il22ra2,-0.049
9230106D20Rik,0.0
Il20ra,0.014
Gm33332,0.0
Slc35d3,0.343
Pex7,-0.095
Map3k5,-1.12
Map7,0.95
4930405J17Rik,0.097
Gm48249,0.521
4933406P04Rik,-0.367
Bclaf1,-0.272
Mtfr2,-1.443
Pde7b,-4.335
Gm48651,0.0
Ahi1,1.467
Gm20149,0.0
Gm48189,0.0
Myb,-1.24
Gm26577,0.941
Gm40608,0.0
Gm33619,0.044
Gm33728,0.0
Hbs1l,0.324
4930455C13Rik,0.0
Aldh8a1,0.167
1700021A07Rik,0.0
1700020N01Rik,0.0
Gm5420,0.0
Gm29323,0.0
Platr6,0.0
Sgk1,-0.715
4930444G20Rik,0.0
E030030I06Rik,-3.387
Raet1e,-1.092
H60b,-0.037
Gm26740,-4.078
Gm26581,0.0
Raet1d,-1.601
Gm10825,-0.1
Slc2a12,0.497
Tbpl1,0.935
AC166256.1,0.0
Gm47634,0.0
Gm10824,-0.009
Tcf21,-0.946
Eya4,1.498
Gm47843,0.132
4930520K02Rik,0.0
Rps12,-0.448
Slc18b1,0.167
Vnn3,-1.048
Vnn1,-0.65
Taar1,0.0
Taar2,0.0
Taar3,0.0
Taar4,0.0
Taar5,0.0
Taar6,0.0
Taar7a,0.0
Taar7b,0.0
Taar7d,0.0
Taar7e,0.0
Taar7f,0.0
Taar8a,0.0
Taar8b,0.0
Taar8c,0.0
Taar9,0.0
Gm40614,-2.103
Stx7,0.43
Moxd1,-1.69
Gm15271,0.0
Gm15270,-1.354
Ccn2,-2.679
Enpp1,-2.144
Enpp3,-3.358
Med23,-0.058
Arg1,0.208
Gm36172,0.018
Gm47715,0.423
Akap7,0.944
Gm40617,-0.922
Epb41l2,-3.03
Smlr1,0.92
Gm29571,0.0
Gm36908,0.0
Gm36543,0.0
4930401C15Rik,0.0
Gm47939,0.0
Tmem200a,1.272
Gm9767,1.712
Samd3,-0.118
L3mbtl3,-1.415
Gm30034,0.0
Gm48893,0.372
Arhgap18,-4.252
Gm48084,-0.299
Lama2,-5.126
4930579H20Rik,-0.328
Gm30165,0.0
Gm30228,0.0
Ptprk,-1.772
Themis,-1.17
2310057J18Rik,0.0
Soga3,1.632
9330159F19Rik,1.282
Gm46218,-1.558
Echdc1,0.296
Rnf146,-0.081
Gm40621,-0.155
Rspo3,-0.098
Gm48159,0.0
Gm48215,0.164
Cenpw,-0.416
Trmt11,-0.305
Gm20300,0.66
Hint3,-0.025
Ncoa7,1.45
Hey2,-3.536
Gm30676,0.0
Hddc2,0.405
Tpd52l1,1.21
Gm48094,0.0
Gm48093,0.0
Rnf217,0.574
Nkain2,-2.37
Gm47823,0.0
Trdn,-0.0
D830005E20Rik,0.0
Clvs2,1.944
Gm15939,0.163
Sult3a2,0.0
Sult3a1,0.0
Rsph4a,0.611
Zup1,-0.707
A830082N09Rik,1.813
Rwdd1,0.247
Gm48045,1.019
Trappc3l,0.339
Calhm4,0.0
Calhm5,-0.729
Calhm6,-1.152
Dse,-1.235
Gm26564,0.717
Tspyl1,0.981
Nt5dc1,-1.795
Gm47512,0.63
Tspyl4,1.976
Col10a1,-1.609
Frk,-3.167
1700054O05Rik,0.0
Amd2,-0.418
Gm49446,0.0
Gm47049,0.0
Hs3st5,1.904
Hdac2,0.275
Marcks,-2.177
5930403N24Rik,-1.724
4930543K20Rik,0.0
Gm26535,-0.273
Gm31378,-1.731
4930591E09Rik,0.0
Gm48197,0.0
Rfpl4b,0.0
Lama4,-3.423
Fam229b,0.257
Tube1,-1.029
Ccn6,-0.415
D030034A15Rik,-0.43
Gm31562,0.0
Gm48486,0.0
Fyn,-0.214
Gm16364,-1.759
Traf3ip2,-0.495
E130307A14Rik,-0.391
Rev3l,0.032
Mfsd4b4,-0.694
4930547M16Rik,0.427
Mfsd4b5,-0.282
Mfsd4b1,-0.153
Slc16a10,-0.5
Gm31992,0.0
Gm47598,0.013
Rpf2,0.617
Gtf3c6,0.09
A930033M14Rik,0.168
Amd1,-0.552
Cdk19,-2.246
Cdk19os,-0.354
Slc22a16,0.0
Ddo,0.289
Mettl24,-2.272
Cdc40,-0.745
Wasf1,1.224
Gm48057,0.0
Gpr6,1.139
Gm32284,0.0
Gm32338,0.0
Fig4,0.158
Ak9,-0.4
Zbtb24,-0.614
Mical1,-0.906
Smpd2,-1.508
Ppil6,-0.171
Cd164,-1.147
Ccdc162,-0.104
Gm17196,-0.102
5730435O14Rik,-0.425
Cep57l1,-0.585
BC048559,0.122
Sesn1,-1.046
Armc2,1.156
1700016J18Rik,0.716
Foxo3,0.392
Afg1l,0.322
Snx3,-0.341
Nr2e1,0.0
Ostm1,0.219
Gm15200,0.0
Gm15199,0.0
Sec63,-0.508
Scml4,1.394
Gm34006,0.407
Gm48671,0.221
Sobp,1.273
Gm47815,0.0
Gm29246,0.074
9030612E09Rik,0.527
Pdss2,0.428
Bend3,-0.383
Gm47889,0.0
Gm9803,0.491
1700021F05Rik,0.098
Cd24a,1.673
F930017D23Rik,0.028
Gm34481,0.0
Gm47927,0.0
Gm47926,0.588
Gm40634,0.348
1700027J07Rik,-0.206
4933404K13Rik,-0.114
Qrsl1,0.366
Rtn4ip1,0.957
Crybg1,-3.083
Atg5,0.118
Gm35028,0.045
Prdm1,-3.604
Gm48061,0.0
Gm48065,-0.344
Gm35154,-1.702
Gm48066,-0.573
Gm47389,-0.105
4930431F10Rik,0.0
Gm47392,0.0
Gm47398,-0.155
Gm40638,0.0
Gm40639,0.0
Prep,0.341
Popdc3,0.843
Gm15934,0.16
Bves,-0.866
Lin28b,1.806
Hace1,0.243
D030045P18Rik,0.517
Gm35430,0.0
Gm35552,0.0
Gm47568,0.0
Gm47354,0.0
Grik2,-1.147
Gm26543,-0.073
Gm47018,-0.386
Gm48275,0.0
Ascc3,-0.322
Sim1,0.0
Gm46189,0.0
Lilr4b,-3.949
Gm40645,-0.142
Lilrb4a,-4.487
Gm46224,-2.574
Fam162b,-1.251
Gprc6a,0.0
1700042O05Rik,0.0
Rfx6,0.0
4933411G06Rik,0.0
Gm47613,0.0
Gm47614,0.0
Gm40646,0.0
Vgll2,0.0
Ros1,0.0
Dcbld1,-1.388
Gopc,0.585
Gm26741,0.0
Nepn,0.053
Nus1,0.366
Gm36065,0.0
Slc35f1,-3.796
Gm47622,-0.761
Gm40649,-0.049
Gm36173,0.0
Cep85l,-1.972
Gm19395,0.0
Pln,-3.051
Gm47644,-1.692
Gm36229,-0.014
Gm40650,-0.601
Gm20597,-2.981
Mcm9,-0.993
Gm47738,0.0
Gm47739,-0.086
Asf1a,-0.768
Fam184a,0.257
Gm47915,0.0
Man1a,0.255
Gm47917,0.0
Gm16998,0.0
Tbc1d32,-0.061
Msl3l2,0.283
Gja1,-4.9
Gm36595,-0.281
4930452L12Rik,0.0
Gm48053,-0.473
Gm36827,0.0
Gm40652,-0.432
4930467K11Rik,0.204
Hsf2,0.475
Serinc1,0.964
Pkib,0.404
Fabp7,-4.395
Smpdl3a,-1.017
AW822073,0.0
Duxf3,0.0
Gm4981,0.0
Gcc2,-0.1
Lims1,-0.365
Ranbp2,-0.468
Ccdc138,-0.656
Edar,-0.296
BB019430,0.0
Gm17542,0.0
Sh3rf3,0.253
Sept10,-2.216
Sowahc,-0.494
P4ha1,-2.034
Pla2g12b,0.048
Oit3,-0.753
Mcu,-0.29
Gm10322,-0.232
Micu1,0.071
Gm17059,0.906
Dnajb12,-0.593
Ddit4,-1.75
Anapc16,-0.373
Ascc1,0.481
Spock2,1.643
Chst3,-3.864
Psap,-0.12
Cdh23,-0.493
Vsir,-5.017
Gm17455,0.087
Slc29a3,-0.317
Unc5b,0.433
Pldi,0.0
Gm26947,-0.018
Gm20611,0.0
Gm20625,0.06
Gm20610,0.0
Pcbd1,2.309
Sgpl1,-0.599
Tbata,-1.198
Adamts14,-1.038
Prf1,-0.576
Pald1,-0.989
Nodal,0.182
Eif4ebp2,-0.865
Gm48086,-0.574
D830039M14Rik,1.437
Lrrc20,0.918
Gm47595,0.229
Gm47593,0.0
Gm28447,0.146
Npffr1,1.164
Ppa1,1.006
1700022H01Rik,-0.058
Sar1a,-0.841
Tysnd1,0.124
Aifm2,0.075
H2afy2,0.361
Col13a1,-2.558
Fam241b,2.268
Neurog3,0.0
Tspan15,-2.826
Tacr2,-0.113
Hk1,1.376
Hk1os,0.262
Hkdc1,0.437
Supv3l1,-0.041
4930507D05Rik,0.921
Vps26a,-0.12
Srgn,-4.838
Kif1bp,0.453
4933428P19Rik,0.325
Ddx21,-0.409
Gm47257,0.246
Ddx50,-0.887
Stox1,0.295
Ccar1,-0.265
Tet1,0.006
Slc25a16,0.326
Dna2,-1.185
Rufy2,1.236
Gm16135,0.0
Hnrnph3,-0.52
Pbld2,0.507
Gm16143,-0.029
Pbld1,-0.43
Gm48072,0.0
Atoh7,0.601
Mypn,1.303
1700120B22Rik,0.0
Herc4,-0.512
Gm26789,0.013
Sirt1,-1.025
Gm16145,0.0
Dnajc12,1.36
Gm7075,0.0
Ctnna3,-4.211
Lrrtm3,0.394
Gm28881,0.0
Gm30853,0.0
1700023F02Rik,0.0
4930407I19Rik,0.0
Gm28139,0.0
Gm31181,0.0
Gm47895,0.0
Gm47896,0.0
Gm47897,0.0
Gm47900,0.0
Gm47903,-0.144
1110002J07Rik,-0.617
Gm26576,-0.55
Gm31763,-0.502
Reep3,-2.324
Jmjd1c,-0.942
Nrbf2,0.092
Gm49454,0.0
Gm32023,0.0
Gm47531,0.0
Gm32255,-0.837
Egr2,-3.991
Ado,-0.637
4930563J15Rik,-1.198
Gm32364,-0.03
Gm32515,0.0
1700030E10Rik,0.0
Gm49766,0.0
Zfp365,1.723
4930521O17Rik,0.0
Rtkn2,-1.686
Gm16212,-0.092
Arid5b,-0.889
Gm47078,0.0
4930545H06Rik,0.0
Cabcoco1,0.357
Gm32872,0.0
Tmem26,-0.617
1700048P04Rik,0.0
Gm33035,0.0
Gm47107,0.0
Gm33263,0.0
Rhobtb1,-0.092
A930033H14Rik,0.071
Gm40685,0.017
Cdk1,-3.92
Ank3,0.467
Ccdc6,0.573
Mrln,-0.137
Slc16a9,-0.193
Gm7097,0.0
Gm47946,0.0
Fam13c,0.866
Phyhipl,1.981
Gm33979,0.156
Gm48021,0.0
Gm48022,0.119
Gm40689,0.0
Gm48023,0.0
Gm48024,0.0
4930533K18Rik,-0.189
Gm48036,0.0
Bicc1,-3.59
Gm48025,-1.419
Gm15647,0.0
C730027H18Rik,0.0
1700113B09Rik,0.0
Tfam,-0.362
Ube2d1,0.832
Gm34376,0.0
Gm20609,0.059
Cisd1,1.282
Ipmk,0.218
4930551I15Rik,0.0
Gm47028,0.0
Gm34544,0.118
Gm34609,0.0
Zwint,1.536
Gm34776,0.0
A330049N07Rik,0.0
Pcdh15,0.822
Gm15398,0.0
Gm15397,0.987
Rsph14,0.241
Gnaz,1.826
Rab36,0.244
Bcr,0.498
Specc1l,-0.263
Adora2a,-0.947
Gucd1,-0.334
Upb1,0.771
Snrpd3,0.051
Lrrc75b,1.083
Ggt1,-0.844
Ggt5,-2.372
Susd2,1.568
Cabin1,-0.416
Ddt,0.237
Gstt3,-3.549
Gstt1,-2.197
Gstt4,0.03
Gstt2,-0.507
Mif,0.307
Derl3,-2.161
Smarcb1,0.072
Mmp11,-0.764
Chchd10,1.55
Gm867,0.0
Vpreb3,-0.883
Gm5134,0.0
Gm16220,0.0
Zfp280b,0.537
Slc5a4b,-0.247
Gm16222,-0.013
Slc5a4a,0.0
Prmt2,1.076
S100b,-2.662
Dip2a,-0.126
Gm16240,0.0
Pcnt,-0.69
1700094J05Rik,-0.133
AC141477.1,0.0
2610028H24Rik,-0.017
Ybey,0.03
Mcm3ap,0.061
Lss,0.425
4930483K19Rik,0.0
Spatc1l,-0.291
Gm15343,0.0
Ftcd,0.883
Col6a2,-3.708
Gm35608,0.0
Col6a1,-5.127
Gm48276,0.0
Pcbp3,1.815
Gm35721,1.772
Gm3137,0.0
Gm10787,0.61
Slc19a1,-0.275
Col18a1,-5.293
Gm10941,-1.164
Pofut2,-1.169
Adarb1,0.935
Gm35920,0.0
Fam207a,0.146
Itgb2,-4.193
Pttg1ip,-1.529
Sumo3,0.01
Ube2g2,0.335
Tspear,1.27
Gm19402,0.0
Gm9508,0.0
Gm10272,0.0
Gm10024,0.0
Gm10142,0.0
Krtap12-1,0.0
Gm10100,0.0
Gm18596,0.0
Gm9736,0.0
Gm3233,0.0
Gm3238,0.0
Gm7138,0.0
Gm3250,0.0
Gm7137,0.0
Gm9639,0.0
Gm19668,0.0
Gm9507,0.0
Gm49918,0.0
Krtap10-4,0.0
Krtap10-10,0.0
Gm36176,0.0
Gm10318,0.0
Gm3285,0.0
1700009J07Rik,0.0
Lrrc3,1.389
Trpm2,1.44
Cfap410,0.126
Pfkl,0.347
Aire,-0.172
Dnmt3l,-0.29
Icosl,-1.844
Gm47922,0.0
Gatd3a,-0.203
Pwp2,0.266
Trappc10,0.431
Gm30122,0.133
Agpat3,-0.359
Gm40709,0.0
Rrp1,0.518
Cstb,-0.762
4921516A02Rik,-0.032
Pdxk,0.251
Gm47944,0.0
Olfr1358,0.0
Ilvbl,-0.493
Syde1,-3.85
Olfr1357,0.0
Gm47459,0.0
Casp14,0.0
Ccdc105,0.619
Gm30400,2.34
Slc1a6,1.575
Olfr1356,0.0
Olfr1355,0.0
Olfr1354,0.0
Olfr8,0.0
Olfr1353,0.0
Gm47343,0.0
Olfr1352,0.0
Olfr1351,0.0
Olfr57,-0.236
2610008E11Rik,-0.227
Vmn2r80,0.0
Vmn2r81,0.0
Vmn2r82,0.0
Gm47015,-0.542
Vmn2r83,0.0
Plpp2,0.331
Mier2,0.376
Theg,0.0
C2cd4c,1.54
Shc2,1.824
Gm47163,2.494
Odf3l2,1.241
Madcam1,-1.358
Tpgs1,0.585
Cdc34,0.328
Gzmm,-0.043
Bsg,-0.29
Hcn2,0.507
Polrmt,0.124
Fgf22,0.837
Rnf126,0.404
Fstl3,-0.406
Prss57,0.842
Palm,1.374
Gm48495,0.0
Misp,-0.125
E130317F20Rik,0.135
Ptbp1,-2.591
Plppr3,1.369
Gm17134,-0.571
Prtn3,1.911
Elane,0.0
Cfd,0.0
Med16,-0.047
R3hdm4,0.003
Gm26602,-0.32
Kiss1r,0.823
Arid3a,0.473
Wdr18,0.274
Grin3b,0.092
Tmem259,0.046
Cnn2,-5.427
Abca7,1.173
Arhgap45,-4.095
Polr2e,-0.263
Gpx4,0.21
Sbno2,-0.715
Stk11,-0.189
Cbarp,1.702
Atp5d,0.261
Midn,-0.194
Cirbp,0.177
1600002K03Rik,0.364
Efna2,-0.489
Pwwp3a,0.034
Ndufs7,0.203
Gamt,-1.477
Dazap1,-0.186
Gm15122,0.0
Rps15,-0.243
Apc2,1.251
2310011J03Rik,-0.586
Pcsk4,0.163
Reep6,-1.326
Adamtsl5,-4.956
Plk5,-0.075
Gm15123,0.0
Gm15124,-0.587
Mex3d,0.493
Mbd3,-0.221
Uqcr11,0.276
Tcf3,-1.086
Onecut3,-0.069
Atp8b3,1.733
Rexo1,-0.377
Klf16,0.274
Abhd17a,0.281
Gm29093,-0.079
Scamp4,-0.309
Adat3,0.0
Gm49322,-0.039
Csnk1g2,0.171
Btbd2,0.56
Mknk2,-0.655
Mob3a,0.502
Izumo4,0.188
Ap3d1,0.471
Dot1l,-0.589
Gm17151,0.0
Plekhj1,-0.003
Sf3a2,-0.169
Amh,-0.344
Jsrp1,0.772
Oaz1,-0.247
Lingo3,1.22
Lsm7,0.068
Sppl2b,-1.416
Tmprss9,0.505
Timm13,0.322
Lmnb2,-0.854
Gadd45b,-3.16
Gng7,-1.429
Diras1,1.801
Gm16099,2.225
Slc39a3,0.464
Sgta,-0.104
Thop1,0.411
Creb3l3,-0.629
Map2k2,0.263
Zbtb7a,-0.299
Pias4,-0.376
Eef2,0.396
Dapk3,0.297
Atcayos,-1.762
Nmrk2,0.119
Atcay,2.045
Zfr2,1.029
Matk,0.829
Mrpl54,0.725
Apba3,-0.54
Tjp3,-0.949
Pip5k1c,0.83
Gm16315,-0.076
Cactin,-0.726
Tbxa2r,-3.898
Gipc3,-1.284
Hmg20b,-1.801
Mfsd12,0.358
4930404N11Rik,-0.511
Fzr1,0.167
Dohh,0.572
Gm48552,0.071
Smim24,-1.47
Nfic,-0.145
Gm16104,-1.933
Celf5,1.566
Gm16105,0.867
Ncln,-0.844
S1pr4,-2.445
Gna15,-3.353
Gm47697,0.0
Gna11,0.509
Tle5,0.813
Gm15917,-0.014
Tle2,0.31
Tle6,0.012
BC025920,0.314
Sirt6,0.214
Ankrd24,0.564
Gm10778,-0.126
Zfp433,-0.487
Gm3055,0.142
Gm4767,0.0
Gm32687,-0.036
Zfp781,0.011
Zfp873,-0.094
BC024063,-0.445
AU041133,-0.204
Gm15608,1.469
Zfp938,0.78
4932415D10Rik,0.0
Gm4924,0.819
Gm1553,0.0
1190007I07Rik,-0.172
Tdg,0.071
Glt8d2,-3.532
Hcfc2,-0.215
Nfyb,-0.363
Gm47561,0.0
1700028I16Rik,0.953
Txnrd1,0.714
Gm38560,0.488
Eid3,-1.203
Chst11,1.199
1700025N21Rik,0.0
Slc41a2,1.412
Gm40723,0.0
D10Wsu102e,0.474
Aldh1l2,0.802
Washc4,-0.047
Appl2,-1.459
1500009L16Rik,0.933
C230099D08Rik,0.0
Gm34184,0.0
Gm34113,0.0
Gm47253,-0.118
Nuak1,-0.196
Gm47962,-0.042
4930463O16Rik,-0.401
E230014E18Rik,0.0
Ckap4,-0.302
Platr7,0.0
Tcp11l2,-0.794
Gm17249,-0.09
Polr3b,0.389
Rfx4,-0.872
Ric8b,0.464
Fhl4,0.008
Tmem263,-0.342
Mterf2,0.696
Cry1,-0.504
Gm38575,0.0
Btbd11,0.839
Gm47358,0.0
Gm1559,0.0
Pwp1,-0.06
Prdm4,0.642
Ascl4,0.406
Rtcb,0.33
Bpifc,-0.007
A230060F14Rik,-0.224
Fbxo7,-3.031
Syn3,-0.264
4930486F22Rik,0.0
Gm15990,-0.052
Timp3,-3.639
Gm6729,0.155
Gm48485,0.495
Hsp90b1,-0.728
Gm15344,-0.427
Ttc41,-0.561
Nt5dc3,1.194
Gm16268,0.0
Stab2,-0.478
Gm16280,0.0
Gm16271,0.0
1700113H08Rik,0.751
4930555G07Rik,0.0
Ascl1,1.041
Pah,0.274
Igf1os,-0.444
Igf1,-5.588
Gm48306,0.0
Pmch,0.0
Parpbp,-1.414
4921515L22Rik,0.0
Nup37,-0.729
Washc3,-0.339
Dram1,-0.334
Gnptab,0.519
Gm16235,0.0
Chpt1,-1.489
Sycp3,0.447
Mybpc1,-0.066
Spic,-1.471
Arl1,-0.455
Utp20,-0.383
Slc5a8,-0.171
Ano4,1.52
Gas2l3,-4.209
Nr1h4,-0.312
Slc17a8,-0.462
Scyl2,0.489
1500026H17Rik,2.228
Actr6,0.585
Uhrf1bp1l,0.144
Anks1b,0.95
Gm47591,0.991
Apaf1,-0.996
Ikbip,-2.01
Slc25a3,0.57
Tmpo,-1.816
4930534H03Rik,0.0
Gm47082,0.0
Gm31592,0.0
Rmst,0.783
Gm20757,0.0
4930401A07Rik,0.0
Gm31822,0.0
Nedd1,-1.921
Cfap54,-0.572
Gm32468,0.0
Cdk17,-0.066
Elk3,-1.278
Gm32688,-3.317
Gm17745,-2.838
Lta4h,-0.259
Hal,-0.257
Amdhd1,-0.147
Ccdc38,0.448
Snrpf,-0.145
4933408J17Rik,0.003
Gm47156,0.0
Ntn4,-0.369
Gm15915,0.551
Gm15963,0.0
Usp44,-0.34
Metap2,0.261
4930471D02Rik,0.0
Vezt,0.795
Fgd6,-1.647
Nr2c1,-0.358
Ndufa12,0.377
Gm4792,0.618
Tmcc3,0.845
Gm16155,0.038
Tmcc3os,0.0
Gm48657,0.011
Cep83os,0.493
Cep83,-0.449
Gm48689,0.0
Plxnc1,1.371
Gm48867,0.0
Gm29684,-0.798
Gm33091,-0.575
Cradd,-0.244
Gm48882,-0.7
2310039L15Rik,0.056
Socs2,0.443
5730420D15Rik,-1.065
Gm47599,0.0
Mrpl42,0.221
Ube2n,0.308
Nudt4,-0.755
Gm33336,0.0
Gm47667,0.0
Anapc15-ps,0.0
Gm47671,0.0
1110019B22Rik,0.0
Gm47708,0.187
4732465J04Rik,-0.556
Gm47718,0.0
Gm47719,0.0
Gm33543,0.0
Gm47725,1.531
Eea1,0.21
Gm5426,0.103
4930459C07Rik,0.0
Gm48427,-1.293
Gm33782,-0.711
Gm48428,0.0
Gm48505,1.365
Gm33843,0.0
Btg1,-1.986
Gm48521,0.0
Gm33981,0.0
4930556N09Rik,0.0
Dcn,-6.304
Lum,-5.842
4930473O22Rik,0.0
Kera,-1.987
Epyc,-2.006
Gm10754,0.0
Ccer1,0.0
4930525C09Rik,0.0
C030005K15Rik,0.0
Gm8633,0.0
Gm34297,0.152
Gm5427,0.03
Atp2b1,0.423
Gm48768,-1.397
Poc1b,-1.264
Galnt4,-3.697
Phxr2,-0.337
Gm16239,0.0
Gm34574,-0.133
Gm48884,0.0
Gm34777,0.0
Dusp6,-3.673
Gm34921,-1.625
Gm48089,-2.713
B530045E10Rik,-0.041
Gm35035,0.0
Gm34983,-0.025
Gm20110,0.0
Gm35101,0.0
Gm47578,0.0
Csl,0.0
Gm35206,-0.606
Kitl,-0.521
Gm35533,1.9
Gm4301,0.0
Gm4302,0.0
Gm4303,0.0
Gm4305,0.0
Gm4307,0.0
Gm47631,0.0
Gm4312,0.0
Tmtc3,-0.87
Cep290,-0.166
4930430F08Rik,0.303
Gm47956,0.353
1700017N19Rik,0.0
Gm35722,-0.154
Mgat4c,1.88
Gm47031,0.382
Gm47033,1.523
Gm47101,-2.265
Nts,-1.4
Rassf9,-3.983
Gm47143,0.0
Alx1,-0.16
Gm17028,0.0
Lrriq1,0.933
Slc6a15,1.516
Gm47223,0.0
Gm47221,0.0
Gm47224,0.0
Gm47226,0.0
Gm21293,0.0
Gm6763,0.0
Gm8764,0.0
Gm21304,0.0
Gm21312,0.0
Gm20765,0.0
Gm4340,0.0
Tmtc2,-1.421
Gm15663,-0.53
Mettl25,-0.517
Ccdc59,-0.929
Ppfia2,1.724
4930532I03Rik,0.438
Acss3,-2.198
Gm29674,0.258
Lin7a,0.956
Myf5,0.0
Myf6,0.0
Ptprq,0.0
Otogl,0.303
Gm29685,0.0
Ppp1r12a,-0.855
Pawr,-1.654
Gm36283,-0.218
Syt1,2.336
Gm5136,2.112
Nav3,0.347
9230102K24Rik,-0.443
E2f7,-2.56
1700020G17Rik,0.0
Csrp2,0.392
Zdhhc17,0.733
Osbpl8,0.603
Bbs10,0.471
Gm40761,0.0
Nap1l1,-0.056
Phlda1,-1.985
Gm28592,-0.789
4933440J02Rik,0.0
Gm30262,-0.442
Gm30624,0.0
Gm47865,0.0
Gm20758,0.0
Krr1,-0.29
Glipr1,-3.748
Glipr1l1,0.0
Glipr1l2,0.0
Glipr1l3,0.0
Caps2,-0.588
Gm47419,0.0
Kcnc2,1.827
1700010J16Rik,0.0
Gm3942,0.0
Atxn7l3b,0.339
Gm47524,0.0
Gm47532,0.0
Gm40765,0.0
Trhde,-0.235
4930473D10Rik,0.0
Gm15723,0.0
Gm31182,0.019
Gm31267,0.0
Tph2,1.291
Tbc1d15,-1.001
Rab21,0.209
Tmem19,-0.18
Thap2,-0.29
Zfc3h1,-0.246
Lgr5,-0.871
A930009A15Rik,-3.185
4930422I22Rik,1.372
Tspan8,0.734
Ptprr,1.877
Taf7l2,0.0
Ptprb,-3.26
Kcnmb4,-0.976
Kcnmb4os1,-0.191
Kcnmb4os2,-0.167
Cnot2,-0.637
5330438D12Rik,0.942
Gm26579,0.0
1700030O20Rik,0.0
4930579P08Rik,0.0
Myrfl,-0.235
Rab3ip,0.464
4933412E12Rik,0.984
Gm10271,0.0
D630029K05Rik,-0.032
Best3,0.0
Gm10747,0.0
Lrrc10,0.0
Cct2,0.742
Frs2,0.002
4930423D24Rik,0.0
Yeats4,0.237
Gm48772,-0.099
9530003J23Rik,0.0
Lyz2,-5.649
Lyz1,-0.474
Cpsf6,-0.151
Gm48903,0.336
Gm40770,0.0
Gm32141,0.0
Gm32235,0.0
Gm32365,0.0
Cpm,0.56
Mdm2,-0.333
Slc35e3,0.188
Nup107,0.059
Rap1b,-0.392
Gm32552,0.0
Gm40773,0.0
4933411E08Rik,-0.312
5330439M10Rik,-1.743
Mdm1,-0.808
Gm47958,0.0
Il22,0.011
Gm32717,0.0
Gm32802,0.0
Iltifb,0.0
Gm9040,0.0
Gm9044,0.0
Gm9045,0.0
Gm9046,0.0
Gm9048,0.0
Gm9049,0.0
Ifng,-0.51
Ifngas1,0.0
Gm33337,0.0
Gm47425,-0.351
Gm4065,-0.386
Dyrk2,0.031
Gm38403,0.0
Gm47461,0.0
Gm33677,0.0
1700064J06Rik,0.0
Gm47480,0.0
Gm34045,0.255
Cand1,0.525
4930477N07Rik,0.0
1700025F24Rik,0.0
Grip1os3,0.0
Gm16321,0.0
Grip1,1.652
Gm47027,0.139
Grip1os2,0.515
Grip1os1,0.077
Helb,-1.368
Irak3,-3.346
Gm47009,0.0
Tmbim4,0.051
Llph,0.045
Hmga2,-1.27
1700006J14Rik,-0.853
9230105E05Rik,0.0
4930471E19Rik,0.0
Gm48202,0.0
4921513I03Rik,0.0
Msrb3,-2.102
Gm15961,0.0
Gm15910,-0.616
Gm4473,-0.17
Lemd3,0.087
Gm48341,0.0
Wif1,-0.542
Gm48410,0.0
4930432O09Rik,0.0
Gm35404,0.0
Tbc1d30,1.943
Gm48435,-0.135
Gns,-0.39
Rassf3,-1.612
Gm48591,0.0
Gm40787,-0.096
Gm46204,0.0
Gm35696,1.769
Tbk1,0.009
Xpot,0.179
D930020B18Rik,0.095
Gm35865,0.0
BC048403,0.417
Srgap1,0.27
Rxylt1,-0.514
Gm4489,0.0
Gm36041,-0.439
Gm48877,0.0
Avpr1a,-1.704
A130077B15Rik,-0.929
Ppm1h,0.979
Gm36208,-0.545
Mon2,-0.127
Usp15,0.701
Gm4129,1.246
Tafa2,2.479
Gm47839,0.0
Gm36719,0.0
Slc16a7,0.443
Gm45604,0.0
Lrig3,-2.589
1700021G15Rik,0.0
1700025K04Rik,0.0
Gm40797,0.0
Gm47966,0.0
4930484H19Rik,0.113
Atp23,-0.167
Gm49335,0.239
Gm47972,-0.182
Ctdsp2,-2.204
Avil,1.563
Tsfm,0.447
Eef1akmt3,-1.632
Mettl1,0.107
Cyp27b1,-0.483
March9,1.284
Cdk4,-0.971
Tspan31,-0.133
A730063M14Rik,-0.205
Agap2,0.956
Os9,-0.477
B4galnt1,1.647
Slc26a10,-1.739
Arhgef25,-0.94
Dtx3,-0.221
F420014N23Rik,-0.36
Pip4k2c,-0.124
Kif5a,1.8
Dctn2,0.497
Mbd6,-0.3
Gm20492,-1.037
Gm4189,-0.094
Ddit3,-0.481
Mars,0.147
Arhgap9,-3.967
Gli1,-4.528
Gm47200,0.058
Inhbe,0.166
Inhbc,0.0
R3hdm2,0.114
Stac3,0.017
Ndufa4l2,-1.612
Shmt2,-0.019
Nxph4,1.517
Lrp1,-2.439
Gm16217,0.0
Stat6,-1.011
Nab2,-2.748
Gm16229,-0.29
Nemp1,-1.819
Gm16230,-0.775
Myo1a,0.327
Tac2,0.835
Zbtb39,-0.44
Gpr182,-0.375
Rdh1,-0.003
Rdh9,-0.954
Rdh16,-0.169
Rdh19,0.0
Rdh16f2,0.0
Rdh7,0.0
Sdr9c7,0.0
Hsd17b6,0.0
Prim1,-0.582
Naca,-0.153
Ptges3,0.462
Gm47438,-0.396
Atp5b,0.247
Baz2a,0.036
Rbms2,-1.951
Gls2,1.382
AC135859.1,0.86
Spryd4,0.376
Mip,0.0
Timeless,-0.493
Apon,-0.466
Apof,-0.18
Stat2,-0.315
Il23a,0.234
Pan2,-0.746
Cnpy2,-0.927
Cs,0.81
Coq10a,0.692
Ankrd52,0.088
Gm17201,-0.17
Slc39a5,0.0
Nabp2,0.381
Rnf41,0.68
Smarcc2,0.218
Myl6,-0.316
Myl6b,1.254
Esyt1,0.692
Gm29585,0.241
Zc3h10,-0.424
Rpl41,-0.033
Pa2g4,-0.136
Erbb3,-4.29
Gm47540,0.0
Rps26,-0.087
Ikzf4,0.641
Gm26876,0.894
Suox,0.295
Rab5b,0.53
Cdk2,-3.68
Pmel,-2.177
Dgka,0.05
Pym1,0.11
Gm47093,-0.343
Mmp19,-2.085
Tmem198b,-2.395
Dnajc14,0.029
Sarnp,-0.004
Ormdl2,-1.464
Gdf11,0.528
Cd63,-2.429
Rdh5,-2.299
Bloc1s1,-0.595
Itga7,-4.128
Mettl7b,-2.048
9030616G12Rik,0.0
Olfr9,0.0
Olfr763,0.0
Olfr764-ps1,0.0
Olfr765,0.0
Olfr766-ps1,0.0
Olfr767,0.0
Olfr768,0.0
Olfr769,0.0
Olfr770,0.0
Olfr771,0.0
Olfr772,0.0
Olfr773,0.0
Olfr774,0.0
Olfr775,0.0
Olfr776,0.0
Olfr777,0.0
Olfr780,0.0
Olfr781,0.0
Olfr782,0.0
Olfr784,0.0
Olfr785,0.0
Olfr786,0.0
Olfr787,0.0
Olfr788,0.0
Olfr789,0.0
Olfr790,0.0
Olfr791,0.0
Olfr792,0.0
Olfr794,0.0
Olfr796,0.0
Olfr798,0.0
Olfr799,0.0
Olfr800,0.0
Olfr801,0.0
Olfr802,0.0
Olfr803,0.0
Olfr804,0.0
Olfr805,0.0
Olfr806,0.0
Olfr807,0.0
Olfr808,0.0
Olfr809,0.0
Olfr810,0.0
Olfr811,0.0
Olfr812,0.0
Olfr813,0.0
Olfr814,0.0
Olfr815,0.0
Olfr816,0.0
Olfr818,0.0
Olfr819,0.0
Olfr247,0.0
Gm10310,-0.02
Olfr820,0.0
Olfr821,0.0
Olfr822,0.0
Olfr823,0.0
Olfr824,0.0
Olfr825,0.0
Olfr826,0.0
Olfr827,0.0
Neurod4,0.0
Tespa1,-2.104
Vmn2r84,-0.017
Vmn2r85,0.135
Vmn2r86,0.308
Vmn2r87,0.594
Gm31793,1.479
Sfi1,-0.321
Gm11399,0.0
Drg1,0.305
Gm12735,0.0
Eif4enif1,-0.007
Patz1,-0.633
Gm12592,0.433
Gm11944,-0.77
Pik3ip1,0.498
Limk2,0.879
Gm11948,0.0
Rnf185,-0.196
8430429K09Rik,0.443
Pla2g3,0.717
Inpp5j,1.926
Selenom,-0.555
Smtn,-3.638
Gm11946,-1.474
Gm11947,0.0
Tug1,0.202
Morc2a,0.022
Osbp2,1.885
4921536K21Rik,0.294
Dusp18,-0.828
Slc35e4,-0.067
Tcn2,-2.851
4930556J24Rik,0.0
Pes1,-0.441
Gal3st1,-4.419
Sec14l4,0.0
Sec14l3,0.316
Mtfp1,0.659
Sec14l2,-2.492
Rnf215,-1.687
Ccdc157,-1.432
Sf3a1,-0.636
Tbc1d10a,-3.258
Castor1,-4.735
Osm,-3.694
Lif,-2.375
Gm11959,0.0
Gm11958,0.0
Hormad2,-0.528
Mtmr3,0.053
Gm11032,-0.043
Gm11961,0.0
Ascc2,0.077
Uqcr10,0.424
Zmat5,0.128
Cabp7,0.338
Nf2,0.469
Nipsnap1,1.582
Thoc5,0.258
Nefh,1.859
Ap1b1,0.625
Gas2l1,-0.038
Rasl10a,1.13
Ewsr1,-0.475
Rhbdd3,0.35
Emid1,-3.849
Kremen1,-1.887
Znrf3,-1.298
Gm11963,0.769
Xbp1,-0.132
Ccdc117,-0.541
Ankrd36,0.0
Mrps24,0.121
Urgcp,0.35
Dbnl,0.273
Pgam2,-0.924
Polm,-0.557
Aebp1,-3.924
Pold2,-0.842
Myl7,0.052
Gck,1.112
Gm11967,0.0
Ykt6,0.425
Camk2b,1.501
Nudcd3,0.213
A730071L15Rik,-0.5
Npc1l1,-0.127
Ddx56,-0.066
Tmed4,-0.468
Ogdh,0.402
Zmiz2,0.32
Ppia,0.322
H2afv,-1.724
Purb,-0.332
Gm11973,-0.492
Myo1g,-3.571
Snhg15,-0.347
Ccm2,0.407
Nacad,1.633
Tbrg4,0.364
Wap,0.0
Ramp3,-0.304
Gm11981,0.0
Gm11983,0.0
Adcy1,1.544
Cccd201,0.0
Igfbp1,-0.096
Igfbp3,-4.234
Gm11986,0.0
Tns3,-3.027
Pkd1l1,-0.285
Hus1,-1.272
Sun3,0.018
Gm11992,-1.646
Upp1,-2.684
Abca13,0.152
Vwc2,-1.715
Zpbp,0.449
Spata48,0.1
Gm11998,-0.088
4930512M02Rik,0.0
Gm11999,0.0
Ikzf1,-4.463
Gm12000,0.0
Fignl1,-2.948
Ddc,1.268
1700042O10Rik,0.109
Grb10,-0.875
Cobl,0.681
Gm12002,-2.933
4930554G24Rik,-0.128
1700046C09Rik,0.0
Pom121l12,0.0
Vstm2a,-0.199
Sec61g,-0.114
Egfr,-4.717
Egfros,-1.493
Eldr,-3.005
Fbxo48,-1.557
Plek,-1.72
Cnrip1,0.883
Ppp3r1,0.848
Wdr92,-0.055
Pno1,0.219
C1d,0.764
Etaa1,0.206
Etaa1os,1.374
Gm12018,0.0
Gm12022,-0.809
Gm12023,0.0
Gm28401,0.078
8430419K02Rik,1.258
Meis1,1.103
Gm16140,-0.07
Gm16141,0.711
4933406G16Rik,0.0
Gm12027,-0.099
Spred2,0.537
Actr2,0.35
Gm12031,0.45
Rab1a,0.117
Cep68,-0.046
Slc1a4,0.397
Sertad2,-1.202
Aftph,0.089
Lgalsl,-0.2
Gm12037,0.0
Peli1,-1.007
Vps54,-0.478
Ugp2,-0.05
Gm12043,-0.324
4932414J04Rik,0.0
Mdh1,0.718
Wdpcp,-0.291
Otx1,0.0
Ehbp1,-0.844
Gm12050,0.0
Gm12051,0.0
Tmem17,0.01
Gm12052,-2.754
Gm12055,0.0
Gm12056,0.0
B3gnt2,0.029
Gm20456,0.0
9130230N09Rik,0.602
Commd1,-0.167
Zrsr1,0.584
Cct4,0.354
Fam161a,-0.573
Gm12059,1.963
1700061J23Rik,0.0
Xpo1,0.022
Usp34,0.442
Ahsa2,0.667
1700030C12Rik,0.051
1700093K21Rik,-0.019
Selenok-ps1,0.125
0610010F05Rik,1.187
Pex13,-0.232
Pus10,-0.23
Rel,-2.819
Papolg,-0.084
Gm12061,0.0
A830031A19Rik,0.0
Gm12063,0.0
Bcl11a,0.363
Gm12064,0.0
4930538E20Rik,0.0
Gm12065,0.0
Gm12066,0.0
Gm12068,0.0
4933430M04Rik,0.0
Gm10466,0.0
Gm12665,0.0
4933427E13Rik,0.0
Gm12069,0.0
5730522E02Rik,1.298
Fancl,-0.752
Vrk2,-3.551
Gm12081,0.0
Ccdc85a,0.558
2810471M01Rik,0.0
Gm12082,0.0
Efemp1,-3.929
Pnpt1,-0.226
A630052C17Rik,-0.285
Ppp4r3b,-0.837
Cfap36,0.347
Ccdc88a,0.57
Prorsd1,-1.064
Gm12089,0.691
Mtif2,-0.071
Rps27a,-0.137
Clhc1,-0.705
Gm12088,0.0
Gm12092,0.194
Rtn4,0.955
Eml6,1.258
4931440F15Rik,1.316
Sptbn1,0.138
Gm29237,-0.495
Gm8098,0.517
4930505A04Rik,-0.041
Acyp2,0.303
Gm12100,-0.428
Psme4,0.025
Gpr75,1.619
Asb3,0.012
Erlec1,-0.352
Chac2,0.465
Gm17332,0.0
Stc2,-1.683
Bod1,0.417
D630024D03Rik,-0.802
Gm12107,0.0
Cpeb4,0.788
4930524B15Rik,0.212
Nsg2,1.883
Gm12108,0.0
Il9r,0.0
Snrnp25,0.591
Rhbdf1,-3.635
Nprl3,0.224
Mpg,-0.877
Hba-x,0.0
Hba-a1,-3.093
Hbq1b,0.0
Hba-a2,-2.477
Hbq1a,0.0
Sh3pxd2b,-1.921
Ubtd2,-0.748
Efcab9,-0.271
Stk10,-3.014
Fbxw11,0.152
4930555O08Rik,0.0
Smim23,0.0
Gm12111,-0.247
Gm12114,0.0
Fgf18,1.274
Npm1,0.05
Tlx3,1.176
Gm12116,0.88
Ranbp17,0.032
Gm12117,0.031
Gabrp,0.0
D130052B06Rik,0.27
Kcnip1,1.695
Gm12119,0.0
Gm12120,0.0
Kcnmb1,-1.972
4930469K13Rik,-4.164
Lcp2,-4.031
Gm12121,0.0
Foxi1,0.0
Dock2,-1.602
4930403D09Rik,0.0
Insyn2b,0.705
Spdl1,-1.983
Gm12711,0.0
Slit3,0.875
Gm12122,1.477
Pank3,0.48
Fbll1,2.069
Rars,0.118
Wwc1,0.183
Tenm2,0.701
Gm12126,0.0
Gm12127,0.0
Gm12128,-0.068
Gm12130,0.034
Gm12132,0.0
3110004A20Rik,0.0
Mat2b,-0.281
Hmmr,-3.539
Nudcd2,-0.77
Ccng1,-0.136
Platr13,0.0
A230004M16Rik,0.165
Gabrg2,1.909
Gabra1,-0.154
Gabra6,0.0
Gabrb2,-1.06
Gm12145,0.0
Atp10b,-4.127
Gm12146,0.0
Gm12144,0.0
Gm12147,0.0
Gm12148,0.0
Pttg1,-0.152
Slu7,-0.258
C1qtnf2,-3.643
Ccnjl,-0.505
Gm12150,0.0
4933415A04Rik,-0.388
Fabp6,-0.136
Pwwp2a,-0.727
Ttc1,0.438
Adra1b,-1.678
Gm12153,0.0
Gm12154,0.0
Il12b,-1.062
Ublcp1,0.25
Rnf145,0.258
4930597A21Rik,0.143
Ebf1,0.725
Gm12158,0.139
Gm12159,0.0
Gm12160,0.0
Gm12162,0.0
F630206G17Rik,0.0
Clint1,0.169
Lsm11,1.174
Thg1l,0.079
Sox30,-0.8
Gm12166,0.044
Adam19,0.456
Gm16033,-0.395
Gm16034,0.144
Nipal4,0.066
Cyfip2,1.909
Fndc9,0.678
Itk,-1.746
Gm12167,0.0
Fam71b,0.0
Med7,-0.439
Havcr2,-2.701
Gm12169,0.0
Gm12171,0.0
BC053393,0.0
Dppa1,0.0
Gm4926,0.153
Timd2,0.0
Havcr1,0.0
Timd4,-1.664
Sgcd,-4.445
Rack1,-0.379
Trim41,-0.505
Gm12184,-0.462
Trim7,-1.086
Gm16170,0.0
Irgm1,-0.801
Gm5431,0.969
Gm12185,-0.398
Psme2b,-0.89
9930111J21Rik1,-0.492
Olfr56,-0.997
Tgtp1,-0.614
9930111J21Rik2,-3.65
Tgtp2,-1.118
Ifi47,-3.212
Olfr1396,-0.9
Olfr1395,0.0
Olfr1394,0.0
Btnl9,-1.587
Zfp62,-0.119
Mgat1,-0.866
Olfr1393,0.001
Olfr1392,0.026
Olfr10,0.0
Olfr1391,0.0
Olfr1390,0.0
Olfr1389,0.0
Olfr1388,0.0
Olfr1387,0.0
Olfr1386,0.0
Olfr1385,0.096
Olfr1384,0.0
Olfr1383,0.0
Olfr1382,0.0
Olfr1381,0.0
Olfr1380,0.0
Flt4,-2.971
Scgb3a1,-0.318
Cnot6,-0.714
Gfpt2,-2.885
Mapk9,0.725
Rasgef1c,-2.814
Rnf130,-1.492
Tbc1d9b,0.212
Gm12195,-0.729
Mrnip,0.977
Sqstm1,0.541
Mgat4b,0.842
Ltc4s,-4.313
Gm26542,-1.206
Maml1,-1.885
Canx,0.091
Cby3,0.742
Hnrnph1,-0.158
Rufy1,-0.233
Gm12198,0.496
Adamts2,-3.61
Gm12199,0.155
Gm12200,0.0
Zfp354c,-0.337
Zfp879,-0.401
Grm6,0.0
Gm12660,0.0
Zfp454,-0.445
Zfp2,0.397
Zfp354b,0.153
4933414I15Rik,0.0
Prop1,0.0
Olfr1378,0.0
Olfr1377,0.0
Olfr51,0.0
Olfr54,0.0
Olfr1375,0.0
Zfp354a,0.306
9230009I02Rik,0.0
Platr20,0.0
Gm12569,0.0
BC049762,0.462
Clk4,-0.69
Col23a1,-2.408
Phykpl,-0.912
Hnrnpab,-0.112
Nhp2,0.319
Rmnd5b,0.218
N4bp3,-0.876
D930048N14Rik,0.246
0610009B22Rik,0.374
Sec24a,-0.695
Sar1b,-0.035
Jade2,-0.154
Gm39822,-0.148
Cdkn2aipnl,0.496
Ube2b,0.833
Gm12204,-0.533
Cdkl3,0.487
Gm12205,0.0
Ppp2ca,0.376
Olfr1373,0.0
Olfr1371,0.0
Skp1a,0.368
Gm12207,-0.555
Tcf7,-2.239
A630014C17Rik,-0.315
Vdac1,1.01
9530068E07Rik,-0.887
Fstl4,1.333
Gm11186,0.615
Hspa4,0.417
Zcchc10,0.161
Aff4,0.143
Leap2,0.0
Uqcrq,0.583
Gdf9,-0.713
Gm10447,0.449
Shroom1,0.739
Gm12212,0.0
Sowaha,-1.619
Sept8,-0.822
A430108G06Rik,2.054
Kif3a,0.622
Il4,-0.758
Il13,0.0
Rad50,-0.508
Il5,-0.149
Gm12214,0.0
Irf1,-3.252
Gm12216,-3.251
Slc22a5,-0.016
Slc22a21,-0.739
Slc22a4,0.353
Pdlim4,-4.451
P4ha2,0.432
4933405E24Rik,0.078
Csf2,-0.622
Gm12223,0.242
Il3,0.0
Acsl6,1.751
Gm12224,-0.825
Meikin,0.372
Fnip1,-0.684
Rapgef6,0.686
Cdc42se2,-0.02
Gm12227,0.0
Lyrm7os,0.0
Lyrm7,0.591
Hint1,0.915
Gpx3,0.399
Tnip1,0.186
Anxa6,-0.281
Ccdc69,-2.907
Gm2a,-2.146
Slc36a3,-0.034
Slc36a3os,-0.322
Slc36a2,-2.213
Slc36a1os,0.0
Slc36a1,1.667
Fat2,0.0
Sparc,-4.902
Atox1,0.251
G3bp1,-0.595
Gm12238,0.0
Glra1,-0.93
Gm12236,0.0
Gm12239,0.0
Nmur2,0.522
Gria1,1.675
Fam114a2,0.198
Mfap3,-0.339
Gm12243,0.058
4933424L21Rik,0.0
Galnt10,-1.903
4933426K07Rik,0.0
2010001A14Rik,0.186
Sap30l,0.416
Hand1,1.08
Gm12249,0.0
Larp1,0.654
Gm12248,-1.156
Cnot8,-0.25
Gemin5,0.137
Gm12246,0.0
Mrpl22,-0.036
Igtp,-1.493
Irgm2,-1.915
4930438A08Rik,-0.014
Zfp692,-0.289
Zfp672,0.029
1700047K16Rik,0.553
Sh3bp5l,0.52
Lypd8,0.0
1810065E05Rik,0.126
Gm12253,0.0
Lypd9,0.0
Olfr30,0.0
Olfr332,0.0
Olfr331,0.0
Olfr330,0.072
Olfr329-ps,0.0
Olfr328,-0.098
Olfr224,0.113
Olfr325,0.0
Olfr324,0.0
2210407C18Rik,-0.029
Olfr323,0.0
Trim58,0.0
Olfr322,0.0
Olfr320,0.0
Olfr319,0.0
Olfr318,0.0
Olfr317,0.0
Olfr316,0.0
Olfr315,0.0
Olfr314,0.0
Fam183b,1.142
Olfr313,0.0
Olfr312,0.0
Olfr311,0.0
Gm12258,0.783
Gm12259,0.0
2810021J22Rik,-0.179
Zfp39,-0.674
Gm12256,0.0
Gm12257,0.0
Btnl10,0.0
Rnf187,0.945
Hist3h2ba,1.438
Hist3h2a,0.247
Trim17,0.455
2310058D17Rik,0.609
Trim11,-0.346
Obscn,0.736
Gm10435,0.0
Iba57,0.403
Gjc2,-1.441
Guk1,1.264
2610507I01Rik,-0.798
Mrpl55,0.389
2310033P09Rik,-0.378
Arf1,0.012
Wnt3a,0.0
Wnt9a,0.077
Prss38,0.106
Gm15755,0.0
Snap47,1.681
Jmjd4,0.764
Zfp867,-0.224
Zkscan17,-0.892
4933439C10Rik,-0.44
Nlrp3,-3.022
Olfr222,0.0
Olfr223,0.0
Mprip,-0.29
1700007J10Rik,0.0
Gm12264,-0.734
Pld6,-1.897
Flcn,-0.973
Gm16062,-0.744
Cops3,0.361
Nt5m,0.613
Gm12714,0.0
1810063I02Rik,-0.116
Med9os,-0.444
Med9,0.025
Rasd1,-0.282
Pemt,1.206
Rai1,0.292
4930412M03Rik,0.027
Srebf1,-1.857
Tom1l2,0.575
Gm12265,0.0
Drc3,0.287
Atpaf2,0.216
Gid4,-0.385
Drg2,0.306
Myo15,1.221
Alkbh5,-0.549
Llgl1,-1.523
Flii,0.125
Mief2,0.204
Top3a,-0.647
Smcr8,0.126
Shmt1,-2.356
Dhrs7b,0.161
Tmem11,0.036
Natd1,-1.18
Map2k3os,0.477
Map2k3,-1.063
Kcnj12,1.556
Tnfrsf13b,-2.969
Usp22,0.977
Aldh3a1,-0.173
Aldh3a2,0.013
Slc47a2,-0.234
Slc47a1,0.431
Gm45605,0.19
Rnf112,1.253
Mfap4,-5.912
Mapk7,-0.271
B9d1os,0.604
B9d1,-0.92
Epn2,0.402
Gm12272,0.0
Grap,-3.719
Slc5a10,-0.141
Fam83g,0.249
Prpsap2,0.282
Ulk2,0.247
A530017D24Rik,0.117
Gm26964,-0.261
Akap10,-0.275
Gm12273,0.0
Specc1,-3.612
Adora2b,-3.54
Zswim7,0.043
Ttc19,0.032
Ncor1,-0.301
Pigl,-0.115
Gm12278,-0.052
Gm12949,0.0
Cenpv,0.799
Gm12279,0.319
Ubb,0.22
Gm12280,-0.726
Trpv2,1.25
2410006H16Rik,-0.101
Lrrc75a,-0.199
Lrrc75aos2,-1.236
Lrrc75aos1,0.0
Mmgt2,0.66
Zfp287,0.55
Gm27194,-0.42
Zfp286,0.395
Gm10428,0.0
Zfp286os,0.0
Trim16,0.419
Fbxw10,-1.248
Tvp23b,-0.74
Tvp23bos,-0.942
Cdrt4os2,0.0
Cdrt4,-2.438
Cdrt4os1,0.0
Tekt3,0.0
Pmp22,-0.904
B430319H21Rik,-0.833
B130011K05Rik,-0.05
Hs3st3b1,-2.342
Cox10,0.618
9630013K17Rik,0.0
Gm12289,0.0
2810001G20Rik,0.121
Gm12290,0.0
Hs3st3a1,-2.636
Gm12292,0.0
Elac2,0.278
Arhgap44,1.59
1700086D15Rik,0.476
Myocd,-1.885
Gm12295,0.0
Map2k4,0.955
Zkscan6,-0.273
Dnah9,-0.537
Gm12296,0.041
Shisa6,-0.637
Gm12298,0.044
Pirt,2.369
Tmem238l,0.136
Gm12299,0.536
Tmem220,-2.429
Adprm,0.29
Sco1,0.114
Myh3,-0.01
2310065F04Rik,0.0
Myh2,1.338
9430073C21Rik,0.0
Myh1,0.267
Myhas,0.0
Myh4,0.0
Myh8,0.218
Myh13,0.0
Gas7,-4.023
Gm12301,0.0
Glp2r,0.0
Rcvrn,-1.393
Gsg1l2,0.0
Dhrs7c,-0.73
Usp43,-2.696
9130017K11Rik,-2.337
Cfap52,-0.125
Stx8,0.056
C78197,0.451
Ntn1,-4.3
Gm12305,-1.087
Pik3r5,-1.543
Pik3r6,-2.574
Mfsd6l,-0.481
Ccdc42os,0.037
Ccdc42,0.0
Myh10,0.306
Ndel1,0.053
Rnf222,0.0
Rpl26,-0.097
Odf4,0.498
Arhgef15,1.544
Slc25a35,-1.484
Rangrf,0.598
Pfas,-0.426
Ctc1,-0.263
Aurkb,-3.796
9330160F10Rik,-0.138
Borcs6,0.412
Tmem107,-0.516
Vamp2,1.563
Per1,-1.249
9130213A22Rik,-1.325
Hes7,-1.849
Aloxe3,0.681
Alox12b,0.595
Alox8,0.316
Gucy2e,0.065
Cntrobos,0.0
Cntrob,0.17
Trappc1,0.736
Kcnab3,-1.468
Kcnab3os,0.199
Rnf227,1.684
Chd3,0.809
Cyb5d1,-0.278
Naa38,-0.003
Tmem88,-3.692
Kdm6b,-0.89
Kdm6bos,-1.964
Dnah2,-0.996
Dnah2os,-1.922
Efnb3,0.137
Wrap53,-0.085
Trp53,-1.176
Atp1b2,-1.471
Shbg,-0.105
Sat2,-0.031
Fxr2,0.427
Sox15,0.104
Mpdu1,-0.217
Cd68,-3.593
Eif4a1,-0.014
Senp3,-0.057
Tnfsf13os,0.019
Tnfsf13,-1.735
Tnfsf12,-0.926
Polr2a,-0.324
Slc35g3,-0.202
Zbtb4,0.261
Chrnb1,-1.281
Fgf11,-0.439
Tmem102,0.082
Gm39566,0.0
Spem2,-0.327
Spem1,-0.966
Nlgn2,0.342
Tmem256,-0.351
Plscr3,0.206
Tnk1,-1.638
Tmem95,-1.672
Kctd11,-1.6
Acap1,-2.801
2810408A11Rik,-0.971
Neurl4,0.729
Gps2,-0.821
Eif5a,0.239
Ybx2,0.026
Slc2a4,-3.327
Cldn7,-0.585
Elp5,0.791
Ctdnep1,-0.155
Gabarap,0.177
Phf23,-0.154
Dvl2,-1.475
Acadvl,-0.005
Dlg4,1.162
Asgr1,-0.196
Asgr2,-1.357
Mgl2,-2.687
Clec10a,-3.429
Slc16a11,1.392
Slc16a13,0.561
Bcl6b,-3.738
0610010K14Rik,-0.565
Rnasek,1.042
Alox12,-2.491
Alox12e,0.0
Alox15,-0.317
Pelp1,0.174
Arrb2,-0.019
Med11,0.384
Cxcl16,-4.528
Zmynd15,-1.78
Tm4sf5,-0.746
Vmo1,-0.467
Gltpd2,-0.347
Psmb6,0.339
Gm40193,0.0
Pld2,-1.228
Mink1,0.129
Gm12316,0.0
Chrne,-0.433
4930544D05Rik,0.0
Gm12315,0.0
Gp1ba,-0.006
Slc25a11,0.324
Rnf167,-0.487
Pfn1,-0.504
Gm12319,-0.198
Eno3,-0.136
Spag7,0.294
Camta2,0.679
Inca1,-0.262
Kif1c,-2.781
Gm12320,-0.05
Zfp3,0.308
Scimp,-2.503
Rabep1,0.728
Gm19967,0.137
Nup88,0.475
Rpain,-0.111
C1qbp,0.43
Dhx33,-0.546
Derl2,-1.022
Mis12,-0.203
6330403K07Rik,1.785
Nlrp1a,-0.33
Nlrp1b,-0.663
Gm16013,0.0
9230020A06Rik,0.0
Gm33351,0.0
Gm12324,0.0
Gm12325,0.0
Gm12326,0.0
Wscd1,-0.336
4930401O10Rik,0.0
Aipl1,-0.687
Pimreg,-2.911
Pitpnm3,0.775
4933427D14Rik,-0.37
Gm43951,-0.18
Txndc17,0.579
Med31,0.182
4930563E22Rik,1.758
Slc13a5,-0.694
1700051A21Rik,0.177
Xaf1,-0.766
Fbxo39,0.0
Tekt1,-0.147
Smtnl2,-0.682
Ggt6,-0.001
Mybbp1a,-0.66
Spns2,0.536
Spns3,0.125
Ube2g1,-0.079
Ankfy1,0.08
Cyb5d2,0.18
Zzef1,0.368
Atp2a3,-3.346
P2rx1,-2.567
4732414G09Rik,2.048
Camkk1,1.589
Ncbp3,0.006
Itgae,-1.41
Haspin,-3.147
P2rx5,-0.423
Emc6,0.597
Tax1bp3,-2.05
Ctns,-1.242
Shpk,-2.856
Trpv1,0.492
Trpv3,-0.655
Aspa,-5.47
Spata22,0.0
Olfr20,0.0
Olfr376,0.0
Olfr1,0.0
Olfr378,0.0
Olfr380,0.0
Olfr381,0.0
Olfr382,0.0
Olfr385,0.0
Olfr384,0.0
Zfp735,0.0
Olfr389,0.0
Olfr390,0.0
Olfr391-ps,0.0
Olfr392,0.0
Olfr393,0.0
Olfr394,0.0
Olfr395,0.0
Olfr23,0.0
Olfr397,0.0
Olfr398,0.0
Olfr139,0.0
Olfr399,0.0
Zfp616,0.0
Olfr401,0.0
Olfr402,0.0
Olfr403,0.0
Olfr43,0.0
Olfr406,0.0
Olfr59,0.0
Olfr410,0.0
Olfr411,0.0
Olfr412,0.0
Rap1gap2,1.862
Ccdc92b,1.792
Cluh,0.474
Pafah1b1,1.025
Mettl16,0.138
Mnt,0.046
Sgsm2,0.53
Tsr1,0.589
Srr,0.091
Smg6,-0.483
Gm28180,0.0
Gm12333,0.0
Hic1,-4.515
1700016P03Rik,0.092
Ovca2,0.403
Dph1,-0.283
Rtn4rl1,1.505
Rpa1,-0.845
Smyd4,-0.279
Serpinf1,-0.776
Gm12336,0.0
Serpinf2,-0.452
Wdr81,-0.032
Mir22hg,0.498
Tlcd2,-2.849
Prpf8,-0.183
Rilp,0.176
Scarf1,-4.141
Gm45606,1.474
Slc43a2,0.009
Pitpna,0.626
4931413K12Rik,0.0
Inpp5k,0.119
Myo1c,-1.327
Crk,-0.157
Ywhae,0.346
Doc2b,1.854
Gm12339,0.631
Rph3al,1.797
Gm16075,0.644
1700016K19Rik,0.479
Rflnb,-0.633
Vps53,0.641
Glod4,-0.648
Fam57a,0.479
Gemin4,0.978
Dbil5,-0.074
Mrm3,0.726
Nxn,0.204
Timm22,0.336
Abr,1.033
Bhlha9,0.746
Trarg1,-0.947
Gosr1,-0.026
Cpd,-0.851
Tmigd1,-3.282
Blmh,0.197
Slc6a4,0.396
Gm12343,0.0
Nsrp1,-0.815
Efcab5,-0.588
Gm45027,0.0
Ssh2,0.27
Coro6,0.249
Ankrd13b,0.852
Git1,-0.339
Trp53i13,-1.734
Abhd15,-0.847
Gm10392,-0.344
Taok1,-0.115
Nufip2,-0.375
Cryba1,-0.242
Myo18a,-0.345
Gm10277,-0.512
Pipox,-3.117
Gm11190,0.0
Sez6,1.742
Phf12,-0.532
Dhrs13os,0.229
Dhrs13,1.125
Flot2,1.235
Eral1,0.187
Fam222b,0.503
Traf4,-0.558
Nek8,-1.366
Tlcd1,-2.283
Rpl23a,-0.246
Rab34,-0.89
Proca1,-1.712
Supt6,0.232
Sdf2,0.141
2610507B11Rik,0.07
Gm11192,0.0
Rskr,-0.899
Gm3948,0.0
Spag5,-2.636
Aldoc,0.45
Pigs,0.072
Unc119,0.588
Foxn1,0.0
Slc13a2os,0.0
Slc13a2,0.061
Gm11195,0.0
Slc46a1,-0.427
Sarm1,1.947
Vtn,-5.047
Sebox,-0.274
Tmem199,1.121
Poldip2,0.019
Tnfaip1,-0.031
Ift20,-0.121
Tmem97,-0.511
Nlk,0.729
Ccnq,-0.601
Lyrm9,1.619
Nos2,-1.638
Lgals9,-1.305
Ksr1,-0.963
Gm11201,0.0
Wsb1,-0.43
Gm44787,0.0
Nf1,-0.319
AU040972,-0.2
Omg,1.527
Evi2,-2.563
Evi2b,0.0
Evi2a,-5.094
Rab11fip4,1.763
Rab11fip4os1,0.137
Rab11fip4os2,0.0
Gm11205,-0.871
9130204K15Rik,0.057
Utp6,0.29
Suz12,-0.02
Crlf3,-0.457
Atad5,-1.076
Tefm,-0.292
Adap2,-4.597
Adap2os,-4.266
Rnf135,-2.489
Rhot1,-0.046
Rhbdl3,-2.134
5730455P16Rik,0.86
Zfp207,-0.144
Psmd11,0.07
Cdk5r1,1.895
Myo1d,-0.348
C030013C21Rik,0.218
Tmem98,-3.34
4930507D10Rik,0.0
Spaca3,0.0
Asic2,1.688
Gm11417,0.0
4930527B05Rik,0.0
Gm11418,0.0
5530401A14Rik,0.239
Gm31522,-0.605
Gm11419,0.0
Gm17268,0.0
Ccl2,-5.378
Ccl7,-5.047
Ccl11,-5.88
Ccl12,-5.344
Ccl8,-1.748
Ccl1,0.0
Gm38577,0.277
Tmem132e,1.231
Gm11426,0.0
Cct6b,-0.313
Zfp830,-0.742
Gm11423,-1.533
Lig3,-0.342
Rffl,-0.578
Rad51d,-0.117
Fndc8,-0.51
Nle1,-0.176
Unc45b,-3.705
Unc45bos,-1.138
Slfn5os,0.0
Slfn5,-4.558
1190001M18Rik,-1.471
Slfn9,-3.683
Slfn8,-3.683
Slfn2,-4.943
Gm20234,-1.501
Gm48462,0.0
Slfn1,-1.884
Slfn4,-0.124
Slfn3,-1.563
AI662270,-3.719
Slfn14,-0.271
AA465934,-0.098
Pex12,-0.037
Ap2b1,0.827
Rasl10b,1.656
Gas2l2,0.0
1700020L24Rik,-1.102
Mmp28,-2.901
Taf15,-0.573
Heatr9,0.0
Ccl5,-2.247
Ccl9,-4.409
E230016K23Rik,0.0
Ccl6,-4.492
Rpl9-ps1,0.0
Ccl3,-4.925
Ccl4,-5.465
Wfdc17,-4.127
Wfdc18,-2.547
Wfdc21,-0.287
Heatr6,0.135
Gm12576,0.0
Hnf1b,0.034
Ddx52,-0.548
Synrg,0.869
Dusp14,-1.333
Tada2a,-0.543
Acaca,0.271
Gm11437,0.0
Aatf,-0.389
Lhx1,-0.234
Lhx1os,0.0
1700109G15Rik,0.0
Gm11431,0.0
Mrm1,0.963
Dhrs11,0.194
4930502E09Rik,-0.873
Ggnbp2,0.122
Pigw,0.476
Myo19,-0.15
Znhit3,0.773
Car4,-0.961
Usp32,0.442
1700125H20Rik,0.529
Appbp2,-0.2
Appbp2os,-0.709
Ppm1d,-0.863
Bcas3,0.282
Bcas3os1,-0.698
Bcas3os2,-0.497
2610027K06Rik,0.429
Tbx2,0.338
Gm11444,-0.698
Tbx4,-0.667
Brip1,-2.443
Brip1os,-1.039
Ints2,-0.399
Med13,-0.682
Rnft1,-2.979
Rps6kb1,-0.274
Tubd1,-0.251
Vmp1,-0.03
Ptrh2,0.578
Cltc,0.51
Dhx40,-0.299
Ypel2,0.324
Gdpd1,1.364
Gm11479,0.0
Smg8,0.341
Prr11,-1.322
Ska2,-0.434
Gm11491,-0.91
Trim37,1.122
Ppm1e,1.862
Rad51c,-0.61
Tex14,-0.448
Sept4,-1.416
Mtmr4,0.937
Hsf5,0.054
Rnf43,-1.449
1110028F11Rik,0.0
Supt4a,0.262
Mir142hg,-2.502
Tspoap1,1.22
Mpo,-0.155
Gm11505,0.0
Lpo,0.546
Mks1,-1.15
Epx,0.0
Olfr462,0.0
Olfr463,0.0
Olfr464,0.0
Dynll2,1.149
Gm11508,0.616
Srsf1,-0.29
Gm15892,-0.064
Vezf1,-0.795
Cuedc1,0.107
Mrps23,0.242
Gm38534,-1.661
Ccdc182,0.0
Msi2,-0.235
Gm15893,-0.358
C030037D09Rik,-1.502
Gm11493,0.0
Akap1,0.242
4930556N13Rik,0.0
Scpep1os,0.0
Scpep1,-0.663
Elobl,-0.615
Coil,0.615
Gm11496,0.308
Trim25,0.155
Dgke,0.926
Dgkeos,1.186
Gm525,-1.827
Gm11497,0.0
Nog,0.402
Gm2018,0.012
Ankfn1,-0.499
Pctp,0.992
Tmem100,-0.884
Gm11494,0.295
Gm45716,1.875
Mmd,1.416
Hlf,0.221
Stxbp4,-0.602
Cox11,0.163
Tom1l1,-1.168
4930405D11Rik,0.0
Kif2b,0.0
Car10,-0.545
Utp18,-0.159
Mbtd1,-0.811
Nme2,0.219
Nme1,1.189
Spag9,0.18
B230206L02Rik,0.898
Tob1,-0.677
Wfikkn2,0.38
Gm21885,0.118
Luc7l3,-0.066
Ankrd40,0.183
Abcc3,-2.136
Cacna1g,-2.354
Spata20,0.467
Epn3,-0.317
Mycbpap,0.287
Rsad1,0.342
Acsf2,-3.652
Chad,-0.661
Lrrc59,-0.117
Eme1,-2.082
Mrpl27,0.214
Xylt2,-1.287
Gm11542,0.126
Gm11541,0.0
Cdc34b,0.102
Tmem92,0.0
Col1a1,-6.261
Sgca,-1.569
Hils1,-0.725
Ppp1r9b,0.161
Samd14,1.383
Pdk2,-0.461
Gm11513,0.0
Itga3,1.0
Dlx3,0.733
Dlx4,-0.196
Dlx4os,0.0
Gm11515,0.0
Tac4,0.63
Kat7,0.182
Gm11520,-0.557
Gm11521,-0.097
Fam117a,-1.685
Gm29477,0.0
Slc35b1,0.167
Spop,0.091
Nxph3,1.13
Ngfr,0.479
Gm11528,0.0
Phb,0.149
Gm9796,0.64
Zfp652os,1.487
Zfp652,-0.827
Phospho1,-0.01
Abi3,-3.765
Gngt2,-4.709
Gm11527,-0.201
4833417C18Rik,-1.188
B4galnt2,0.0
Gm11534,0.0
Igf2bp1,-0.423
Gm29202,0.0
Gip,0.0
Snf8,0.274
Ube2z,0.527
Atp5g1,0.994
Calcoco2,0.0
Ttll6,-0.49
Gm11535,0.0
Hoxb13,0.0
Gm53,-0.971
Hoxb9,-1.324
Hoxb8,-0.781
Hoxb7,-1.32
Hoxb5os,-0.7
Hoxb6,-0.538
Hoxb5,0.0
Hoxb4,-1.617
Hoxb3,-0.488
Gm11536,-0.047
Hoxb3os,-2.663
Hoxb2,-0.716
Hoxb1,-0.231
Gm11529,0.0
Skap1,-0.019
Gm11537,0.208
Snx11,0.444
Cbx1,-0.907
Nfe2l1,0.374
Copz2,-4.22
Gm11523,0.306
Cdk5rap3,-0.304
D030028A08Rik,1.44
Gm11525,-0.131
Prr15l,-0.21
Pnpo,1.396
Sp2,-0.766
Sp6,-0.636
Gm11532,-1.746
Scrn2,-0.437
Lrrc46,0.516
Mrpl10,0.015
Gm11574,0.478
Osbpl7,-0.493
Tbx21,0.979
Tbkbp1,0.633
Kpnb1,0.064
Gm11583,0.181
Npepps,0.395
Gm11592,0.185
Mrpl45,0.233
Gpr179,0.7
Socs7,0.282
Arhgap23,0.312
4933428G20Rik,-0.501
Srcin1,1.279
Gm11611,0.0
2410003L11Rik,-0.525
Epop,-1.668
Gm11613,-0.191
Mllt6,-0.134
Cisd3,1.271
Pcgf2,-0.199
Psmb3,0.371
Pip4k2b,0.74
Gm11614,0.0
Cwc25,-0.431
1700001P01Rik,0.0
Rpl23,-0.2
Lasp1,-0.889
B230217C12Rik,1.384
Fbxo47,-0.55
Gm11630,0.904
Plxdc1,-3.839
Arl5c,-4.581
Cacnb1,1.343
Gm11629,0.04
Rpl19,-0.136
Stac2,1.017
Fbxl20,0.01
Gm11632,0.0
Med1,-0.259
Cdk12,-0.598
Gm20644,0.279
Neurod2,0.0
Ppp1r1b,-4.227
1700003D09Rik,0.0
Stard3,-1.766
Tcap,-1.579
Pnmt,1.217
Pgap3,0.323
Erbb2,-4.834
Mien1,1.247
Gm12352,-0.021
Grb7,-0.654
Ikzf3,-1.723
Zpbp2,0.0
Ormdl3,0.041
Lrrc3c,0.0
Gsdma3,0.0
Gsdma2,0.0
Gsdma,0.057
Psmd3,0.183
Gm12356,0.0
Csf3,-0.631
Med24,0.349
Thra,0.905
Nr1d1,-1.548
Msl1,0.114
Gm12359,-0.419
Casc3,0.492
Rapgefl1,0.815
Wipf2,0.167
Cdc6,-2.696
Rara,-2.016
Gjd3,0.088
Top2a,-4.468
Igfbp4,-4.89
Tns4,-1.135
Ccr7,-2.076
Smarce1,-0.224
Krt222,1.86
Krt24,0.124
Krt25,0.405
Krt26,0.0
Krt27,0.41
Krt28,-1.341
Krt10,0.026
Gm11940,0.15
Krt12,-0.244
A830036E02Rik,0.0
Krt20,-0.442
Krt23,-0.602
Krt39,0.0
Krt40,0.0
Krtap3-3,0.0
Krtap3-2,0.0
Gm11939,0.0
Krtap3-1,0.0
Krtap1-5,0.0
Krtap1-4,0.0
Krtap1-3,0.0
Krtap9-3,0.0
Gm11938,0.0
Gm11937,0.0
Krtap2-4,0.0
Gm11562,0.0
Krtap4-1,0.0
Krtap4-2,0.0
Krtap4-7,0.0
Gm11555,0.0
Gm11563,0.0
Krtap4-6,0.0
Gm14190,0.0
Gm14180,0.0
Gm11595,0.0
Krtap4-8,0.0
Krtap4-9,0.0
Gm11596,0.0
Gm11569,0.0
Gm11554,0.0
Krtap4-13,0.0
Gm11564,0.0
2300003K06Rik,0.0
Krtap4-16,0.0
Gm11568,0.0
Gm11559,0.0
Krtap9-1,0.0
Gm11567,0.0
Krtap31-1,0.0
Gm11565,0.0
Krtap31-2,0.0
Krtap9-5,0.0
Krtap29-1,0.0
Krtap16-1,0.0
Krtap17-1,0.26
Krt33a,0.03
Krt33b,0.0
Krt34,0.0
Krt31,0.0
Gm11571,0.0
Krt32,0.0
Krt35,-0.12
Krt36,-0.259
Gm12347,0.0
Krt13,-0.603
Krt15,-0.366
Krt19,-1.036
Krt9,1.592
Krt14,-0.026
Krt16,0.0
Krt17,0.029
Krt42,0.0
Gm14206,0.0
Gm12349,0.0
Eif1,0.17
Gast,1.782
Hap1,1.633
Gm20394,0.087
Jup,0.46
Gm12348,0.0
P3h4,-1.638
Fkbp10,-5.219
Nt5c3b,0.167
Klhl10,0.42
Klhl11,-0.065
Acly,0.961
Ttc25,0.247
Cnp,-2.914
Dnajc7,0.189
Nkiras2,0.429
Zfp385c,-0.757
Dhx58os,-1.543
Dhx58,0.116
Kat2a,0.513
Hspb9,-0.467
Rab5c,-0.24
Kcnh4,1.047
Hcrt,1.202
Ghdc,0.409
Stat5b,-0.519
Stat5a,-1.392
Stat3,-0.196
Cavin1,-5.097
Atp6v0a1,1.331
Naglu,-0.997
Hsd17b1,-0.32
Coasy,0.196
Mlx,0.302
Psmc3ip,-1.372
Retreg3,-0.137
Tubg1,0.365
Tubg2,2.014
Plekhh3,-0.775
Cntnap1,0.618
Ccr10,0.551
Ezh1,-0.004
Ramp2,-4.442
Vps25,0.175
Wnk4,-2.957
Gm11615,-0.023
Coa3,0.539
Cntd1,-0.531
Becn1,0.231
Psme3,0.489
Aoc2,-0.234
Aoc3,-4.761
Gm28156,0.0
G6pc,-0.031
Aarsd1,0.439
Ptges3l,-1.618
Rundc1,-0.052
Rpl27,-0.009
Ifi35,-0.539
Gm11626,0.0
Vat1,1.408
Rnd2,0.068
Brca1,-1.774
Nbr1,-0.273
Tmem106a,-0.095
Gm11634,0.0
Gm11635,0.0
Rdm1,-3.218
Arl4d,-1.541
Dhx8,-0.382
Etv4,-2.45
Meox1,-3.661
Gm11551,-1.466
4930417O22Rik,0.0
Sost,0.485
Gm20659,-0.119
Dusp3,0.596
Cfap97d1,0.0
Mpp3,1.536
E130111B04Rik,0.0
Cd300lg,-4.019
Mpp2,1.093
Ppy,0.0
Pyy,2.07
Nags,-0.015
Gm11586,0.0
Tmem101,-0.215
Lsm12,0.274
G6pc3,0.436
Hdac5,0.44
BC030867,-1.922
Asb16,0.832
Tmub2,0.17
Atxn7l3,0.466
Ubtf,-0.629
Slc4a1,-0.701
Bloodlinc,0.0
Rundc3a,1.957
Slc25a39,0.656
Grn,-1.829
Fam171a2,0.893
Itga2b,-0.056
Gpatch8,-0.251
Gm11627,-4.772
Fzd2,-4.66
Gm11636,-0.787
2810433D01Rik,-3.689
Meioc,-1.255
Ccdc43,0.114
Adam11,-0.731
Gjc1,-2.678
Higd1b,-5.388
Eftud2,-0.304
Ccdc103,0.145
Fam187a,0.202
Gfap,-2.663
Kif18b,-2.535
C1ql1,0.444
2410004I01Rik,0.578
Dcakd,0.429
Nmt1,0.395
Plcd3,-0.961
Acbd4,-0.171
Hexim1,-0.937
Hexim2,0.622
Fmnl1,0.495
Gm20511,0.0
1700023F06Rik,2.108
Spata32,1.582
Map3k14,-1.413
1700028N14Rik,-0.821
Arhgap27,0.058
Arhgap27os3,-0.442
Arhgap27os2,-1.302
Arhgap27os1,-1.185
Plekhm1,0.029
Gm39397,0.104
Lrrc37a,0.0
Gm884,0.0
Lyzl6,0.0
Rprml,1.076
Gosr2,-0.212
C130046K22Rik,-0.411
Gm11642,0.092
Wnt9b,-0.034
Wnt3,1.51
Nsf,0.849
Arf2,-0.129
Crhr1,1.185
Sppl2c,0.0
Mapt,1.842
Gm11659,0.0
Kansl1,-0.238
Cdc27,0.451
Myl4,-0.126
Gm11665,0.0
Gm22000,0.0
Itgb3,-4.024
Gm11639,-0.922
Efcab3,0.601
Mettl2,0.379
1700052K11Rik,-0.135
Tlk2,0.017
Mrc2,-3.956
March10,1.397
Gm11638,0.799
Gm11640,0.009
Tanc2,1.024
Cyb561,1.599
Gm11651,0.0
Ace,-0.166
Kcnh6,1.432
Dcaf7,0.499
Gm11646,-0.765
Taco1os,0.195
Taco1,0.359
Map3k3,-0.325
Gm11672,-0.367
Limd2,0.036
Strada,0.467
Ccdc47,-0.209
Ddx42,0.153
Ftsj3,0.007
Psmc5,0.635
Smarcd2,-0.506
Tcam1,0.194
Gh,0.0
Cd79b,-4.021
Scn4a,-0.036
Prr29,-1.139
Icam2,-2.818
Ern1,-0.293
Tex2,0.519
Pecam1,-3.983
Milr1,-4.233
Polg2,-0.762
Ddx5,-0.426
Cep95,-0.883
Gm11706,0.0
Smurf2,-0.651
Gm11707,-0.481
Kpna2,-0.274
1810010H24Rik,-0.654
Bptf,-0.418
Gm11715,0.153
Nol11,-0.006
Pitpnc1,1.034
Gm11716,0.101
Gm11712,0.0
Gm11713,-0.636
Gm11714,-0.132
Psmd12,0.367
Gm11722,0.173
C330019F10Rik,0.0
A830035A12Rik,0.69
Helz,0.067
Cacng1,0.406
Cacng4,1.214
Gm11650,1.582
Cacng5,2.13
Prkca,0.832
Gm11657,0.0
Gm11655,0.0
Apoh,1.109
Gm11656,0.0
Cep112,-2.107
Cep112os1,-1.19
Cep112it,-1.331
Axin2,-1.42
Gm11670,0.0
E030025P04Rik,0.0
Rgs9,1.196
1700096J18Rik,0.0
Gm11696,0.254
Gna13,0.169
9930022D16Rik,-0.508
Amz2,0.016
Gm15642,0.0
Slc16a6,-0.033
Arsg,-0.29
Wipi1,-2.083
Gm11685,0.175
Prkar1a,0.26
Fam20a,-0.669
Gm11684,0.0
1700012B07Rik,0.0
Gm11683,0.0
1700023C21Rik,0.0
Abca8b,-2.246
Gm11697,-2.372
Abca8a,-4.632
Abca9,-4.527
Abca6,-2.679
Abca5,0.499
Map2k6,-0.918
Gm11682,0.0
Kcnj16,-1.879
Kcnj2,-1.711
Gm11674,0.0
Gm11680,0.0
BC006965,-0.436
Sox9,-4.657
Gm11681,-1.897
4933434M16Rik,0.0
2610035D17Rik,-1.328
4732490B19Rik,0.0
Slc39a11,0.204
Sstr2,1.113
Cog1,0.279
Fam104a,-0.503
D11Wsu47e,-0.457
Cpsf4l,-1.12
Cdc42ep4,-2.058
Sdk2,-1.063
1700025D23Rik,0.078
1700001J04Rik,0.0
1700092K14Rik,0.544
Gm11690,0.0
Gm11691,0.0
4932435O22Rik,-0.862
Rpl38,0.083
Ttyh2,-4.138
Dnaic2,-4.817
Kif19a,-4.788
Btbd17,-1.857
Gpr142,-0.074
Gprc5c,-3.823
Cd300a,-4.258
Cd300lb,-1.986
Cd300c,-0.045
Cd300ld,-2.843
Cd300c2,-5.519
Cd300ld2,0.0
Cd300ld4,0.0
Cd300ld5,0.0
Cd300ld3,-0.958
Cd300e,0.0
Rab37,-0.526
Cd300lf,-1.31
Slc9a3r1,-4.445
Nat9,0.11
Tmem104,0.332
Grin2c,1.171
Fdxr,-0.868
Fads6,-1.62
Otop2,0.043
Ush1g,0.365
Otop3,1.185
Hid1,1.49
Cdr2l,0.346
Mrpl58,-0.302
Ict1os,-1.205
Atp5h,0.256
Kctd2,0.256
Trim80,0.791
Gm11695,0.0
Slc16a5,-0.146
Armc7,-0.203
Nt5c,0.342
Jpt1,1.151
Sumo2,0.067
Nup85,-0.378
Gga3,0.595
Mrps7,0.194
Mif4gd,-2.773
Slc25a19,0.042
Grb2,0.732
Tmem94,-0.931
Caskin2,-3.727
Tsen54,-0.118
Llgl2,-0.857
Myo15b,-0.144
Recql5,-0.104
Smim5,-4.929
Smim6,-0.903
Recql5os1,0.0
Sap30bp,0.007
Sap30bpos,-1.911
Itgb4,-4.118
Galk1,-1.167
H3f3b,-1.461
Unk,-0.785
Unc13d,-0.526
Wbp2,0.776
Trim47,-4.596
Trim65,-0.945
Mrpl38,0.231
Fbf1,-0.14
Acox1,0.029
Ten1,0.247
Evpl,0.975
Srp68,-0.225
Galr2,0.293
Exoc7,-0.038
Foxj1,-0.566
Rnf157,1.412
Ubald2,-0.25
Qrich2,-0.387
Gm11739,0.0
Prpsap1,-0.256
Gm29292,0.0
Sphk1,-4.746
Ube2o,1.336
Aanat,0.356
Rhbdf2,-3.796
Cygb,0.115
Prcd,0.502
Snhg16,0.128
St6galnac2,-0.657
BC018473,-0.298
St6galnac1,0.0
Mxra7,0.658
Jmjd6,-0.211
Mettl23,-0.657
Srsf2,-0.335
Mfsd11,-0.026
Mgat5b,1.644
Gm11728,0.0
Gm11731,0.0
Snhg20,0.011
Gm11730,-1.583
Sec14l1,-0.692
Sept9,-2.447
Gm16045,-0.946
Gm11729,0.017
Gm11732,0.0
Gm34418,0.326
Gm11733,1.278
Gm11734,-0.061
2900041M22Rik,0.149
Tnrc6c,-0.033
Tmc6,-1.889
Tmc8,-1.498
Gm11723,0.0
Gm11724,0.0
6030468B19Rik,0.0
Syngr2,-1.945
Tk1,-3.782
Afmid,-0.717
Birc5,-3.31
Tmem235,0.017
Tha1,-0.857
Gm11725,-0.647
Socs3,-3.676
Pgs1,0.693
Dnah17,-0.404
Gm11738,0.058
Cyth1,0.192
Usp36,-0.357
Timp2,-0.936
Cep295nl,-1.808
Lgals3bp,-0.676
Cant1,-0.564
C1qtnf1,-1.493
Gm11747,0.0
Gm11748,0.0
Engase,-0.224
Rbfox3,1.212
Gm11750,0.0
Gm11749,0.0
Enpp7,0.0
Cbx2,-0.427
Cbx8,-0.161
Cbx4,0.167
Gm11754,0.0
Gm11755,0.0
Tbc1d16,0.711
Gm11753,0.0
Gm11752,0.0
Ccdc40,1.905
Gaa,0.673
Eif4a3,-0.543
Card14,-0.3
Sgsh,-0.736
Slc26a11,-0.912
Rnf213,-2.252
A930037H05Rik,-0.276
Endov,-0.031
Nptx1,0.352
Gm11762,0.76
Rptor,0.249
Rptoros,-0.092
Chmp6,-0.015
Gm11767,-1.956
Gm11766,-0.124
Baiap2,-0.505
Aatk,-0.755
Cep131,0.076
Tepsin,0.318
Ndufaf8,-0.086
Slc38a10,-0.004
Gm11769,-0.272
2810410L24Rik,-0.863
Gm11770,0.048
2900052L18Rik,-1.591
Bahcc1,-0.432
Gm11772,-1.542
Actg1,0.555
0610009L18Rik,-0.3
Fscn2,-0.035
Faap100,0.11
Nploc4,0.461
Tspan10,0.0
Pde6g,0.212
Oxld1,0.419
Ccdc137,0.119
Arl16,1.004
Hgs,0.235
Mrpl12,0.555
Gm11788,0.0
Slc25a10,-1.096
Gm11789,1.112
Gcgr,1.398
Mcrip1,0.24
Ppp1r27,0.0
P4hb,-1.245
Arhgdia,0.491
Alyref,-0.394
Anapc11,0.315
Npb,-1.42
Pcyt2,-0.294
Sirt7,-0.484
Mafg,0.582
Pycr1,-0.7
Myadml2,1.609
Myadml2os,0.15
Notum,-1.146
Notumos,0.06
Aspscr1,0.167
Gm17178,0.101
Cenpx,-0.823
Lrrc45,-0.222
Rac3,1.8
Dcxr,-1.518
Cbr2,-3.064
Hmga1b,0.794
Rfng,0.588
Gps1,0.335
Dus1l,0.027
Fasn,0.056
Ccdc57,-0.97
Gm11773,0.0
Slc16a3,1.488
Csnk1d,-0.123
Gm28192,-0.52
Gm11775,0.0
Cd7,-1.97
Sectm1b,0.0
Sectm1a,-0.186
Gm11791,0.0
Tex19.2,0.0
Tex19.1,0.025
Uts2r,0.492
Ogfod3,0.168
Hexdc,0.503
Cybc1,0.04
Narf,0.482
Foxk2,0.695
Wdr45b,-0.425
Rab40b,-0.427
Fn3krp,0.235
Fn3k,1.769
Tbcd,0.65
Zfp750,-0.378
B3gntl1,-1.056
Metrnl,-3.029
Gm12589,-0.713
Gm29513,0.0
Gm15643,0.0
Ptchd3,0.0
Gm12590,0.0
Rab10os,-0.316
Rab10,0.137
Gm26520,-0.489
Kif3c,1.378
Gm48512,-0.493
1110002L01Rik,1.101
Asxl2,-0.646
Dtnb,0.738
Dtnbos,0.583
Dnmt3a,0.287
Dnmt3aos,-0.521
Pomc,0.985
Efr3b,0.686
Gm48001,0.0
Dnajc27,1.0
Adcy3,0.36
Cenpo,-0.739
Ptrhd1,0.661
4921501I09Rik,0.0
Ncoa1,-0.308
2900045O20Rik,1.304
Gm31938,-0.14
Gm46332,-0.334
Gm48610,0.477
AC241534.1,0.619
Itsn2,-0.117
Gm48678,-0.26
Fam228a,-0.399
Fam228b,-0.525
Pfn4,1.231
Sf3b6,0.006
Fkbp1b,2.381
Wdcp,-0.043
Mfsd2b,-0.2
Ubxn2a,0.587
Atad2b,-0.742
Klhl29,0.266
2810032G03Rik,0.521
Gm32442,0.499
Gm48619,0.93
1700101O22Rik,0.0
Gm32828,0.0
Gm48633,0.101
Apob,0.0
Gm33037,0.0
Ldah,0.227
Gm48898,0.006
Gdf7,0.0
Hs1bp3,0.026
Gm48071,0.0
Gm48075,0.0
Rhob,-0.627
5033421B08Rik,-0.061
Slc7a15,0.0
Pum2,-0.197
Gm4755,-0.334
Sdc1,-1.65
9930038B18Rik,-0.477
Gm47391,-0.61
Laptm4a,-1.575
Matn3,-0.323
Wdr35,-0.08
Ttc32,-1.16
Gm46323,0.186
Gm48762,0.0
Gm48764,0.157
1700022H16Rik,0.0
Osr1,-4.416
Gm48790,0.0
Gm48791,0.0
Nt5c1b,0.0
Rdh14,0.154
Gm38407,-0.036
7420701I03Rik,0.0
Kcns3,-1.946
9530020I12Rik,-0.188
Msgn1,0.0
Gen1,-0.725
Smc6,-0.431
Vsnl1,1.964
4930511A02Rik,0.108
Rad51ap2,-0.419
Gm47808,0.0
Gm47833,0.045
Gm34237,0.0
Fam49a,0.009
4921511I17Rik,-0.392
Platr19,0.058
Gm48187,0.0
4930519A11Rik,0.494
Gm40271,0.0
Mycn,0.578
Gm35208,0.0
Gm48209,0.0
Gm35298,0.0
Gm48213,0.0
Ddx1,0.147
Nbas,0.612
Gm48311,0.0
Gm35725,0.0
Gm35890,0.0
Gm48479,0.0
Gm48480,0.0
Lratd1,-1.262
Gm16497,0.0
4930448C13Rik,0.0
Gm48539,0.0
Trib2,0.67
Gm5432,0.0
Gm48558,0.142
Gm48584,0.139
Gm36235,-0.153
Gm48607,-0.021
Gm36372,-0.017
Gm48606,0.0
Gm48605,0.0
Lpin1,0.559
Ntsr2,0.978
Greb1,-0.806
Gm48140,0.0
Gm48227,0.0
E2f6,0.206
Gm36495,0.501
Rock2,-1.136
Pqlc3,-0.769
2410004P03Rik,-0.945
Gm48538,0.0
Kcnf1,0.108
Pdia6,-1.266
Atp6v1c2,0.611
Gm46336,0.0
Nol10,0.128
Gm36752,0.0
Odc1,-0.75
Gm36862,0.0
Gm48313,0.065
Hpcal1,1.431
5730507C01Rik,-0.476
Gm49764,0.0
Gm40849,0.0
Gm49957,0.0
Gm5784,-0.388
Gm29737,-0.347
Gm49769,1.934
Gm49371,0.372
Gm21863,0.0
Gm49692,0.0
Gm10479,0.0
Gm49698,1.898
Gm48693,0.0
Gm49700,-0.315
Asap2,-0.523
Gm30124,-0.451
Itgb1bp1,-0.288
Gm20535,-0.276
Cpsf3,-0.663
Iah1,-1.206
Adam17,-2.629
Gm49586,-0.96
Ywhaq,0.455
Gm4419,0.61
Gm4425,0.301
Gm47997,-0.274
2410018L13Rik,1.46
9030624G23Rik,0.451
Taf1b,-0.13
Grhl1,0.919
Klf11,-0.525
Cys1,-2.022
Rrm2,-2.679
Gm48896,0.0
2900060N12Rik,-0.412
Mboat2,-2.162
Gm36236,1.263
Kidins220,1.118
Gm47701,0.321
Id2,-0.397
Gm17746,-0.036
Gm36287,0.475
Gm47705,0.0
Gm47713,0.0
Gm36723,-0.62
Gm47733,0.0
Gm29687,0.0
4930480M12Rik,0.0
Gm29968,0.045
Rnf144a,-0.211
4930549C15Rik,0.0
Rsad2,-1.348
Cmpk2,1.07
1700020D12Rik,0.0
Gm47847,0.0
4933409F18Rik,0.0
Gm9866,2.014
Sox11,1.475
Gm4166,0.03
Gm45941,1.039
Gm31025,0.0
Gm47872,0.0
Gm47871,0.0
Dcdc2c,0.0
Allc,0.0
Colec11,0.078
Rps7,-0.033
Rnaseh1,-0.346
Adi1,-0.936
Trappc12,0.322
Eipr1,0.748
Gm48905,-0.025
Gm31508,0.529
4833405L11Rik,0.0
Gm31333,0.461
Gm20208,1.996
Myt1l,2.202
C630031E19Rik,0.516
Pxdn,-1.626
Tpo,-0.101
Gm15691,-0.13
Sntg2,-1.784
2310016D03Rik,0.0
Gm28806,0.0
Tmem18,-0.236
Alkal2,-3.069
Acp1,0.329
Sh3yl1,1.058
Fam110c,-0.412
Gm32443,0.0
6030469F06Rik,0.0
Gm6993,0.0
Lamb1,-4.768
Dld,0.016
Slc26a3,-0.435
Cbll1,0.143
Gm29542,-0.38
Slc26a4,0.824
Bcap29,0.956
Dus4l,-0.179
Cog5,-0.119
Gpr22,2.274
Gm48809,-0.261
Hbp1,-1.033
Prkar2b,0.995
Gm33111,0.027
5430401H09Rik,-0.586
Pik3cg,-3.865
Gm33308,0.0
Ccdc71l,-0.425
Gm40375,0.0
Nampt,0.462
Gm47948,0.017
4933406C10Rik,0.239
Sypl,-1.519
Cdhr3,0.091
F730043M19Rik,0.255
Gm16267,0.0
Atxn7l1,0.061
Atxn7l1os1,-0.078
Atxn7l1os2,0.0
Efcab10,1.98
Twistnb,-0.175
Gm40383,0.819
Ferd3l,0.0
Twist1,-3.432
Hdac9,0.577
Gm47357,0.089
Prps1l1,0.0
Snx13,-0.031
Ahr,-2.229
Gm48236,-0.558
Gm48237,-0.065
Gm34047,0.015
9130015A21Rik,-0.24
Agr3,0.0
Agr2,-1.635
Tspan13,1.161
Bzw2,0.118
Ankmy2,0.263
Lrrc72,0.38
Gm40392,0.0
Sostdc1,-4.769
Gm34215,-0.169
D630036H23Rik,-0.666
Crppa,-1.572
Gm40394,0.0
Gm48613,0.0
Gm48616,0.0
Gm48617,-2.453
Gm29007,0.0
Meox2,-5.262
Agmo,-4.454
Gm34408,0.0
Dgkb,1.639
Gm48715,0.545
4930428E07Rik,-0.048
Etv1,0.064
Gm34611,0.0
Gm34662,0.0
Gm34809,0.0
Gm47855,0.0
Gm34923,0.003
Gm47859,0.0
Gm47868,0.0
Arl4a,-0.208
Arl4aos,-0.283
Scin,-0.598
Lsmem1,-2.415
Gm17056,-3.699
Ifrd1,-1.407
Gm17024,-1.386
Gm7008,0.603
Zfp277,-0.441
Dock4,-0.001
Immp2l,0.088
Gm47375,0.0
Gm47376,-0.181
Gm47373,0.31
Gm47368,0.0
Lrrn3,0.13
Gm47371,0.0
Gm46348,0.0
Gm47013,0.0
Gm47020,0.0
Gm33340,0.0
Gm47030,0.0
Gm10165,0.0
Gm46349,0.0
Dnajb9,-0.624
Gm47096,-0.049
Pnpla8,0.268
Nrcam,0.791
Stxbp6,-4.574
Gm15902,-2.331
Gm48508,0.0
Gm9921,0.0
Gm33680,0.0
Gm48522,0.0
Gm48535,0.0
B230217J21Rik,0.0
Nova1,0.404
Gm48578,0.0
Gm34304,0.0
Foxg1,0.0
3110039M20Rik,0.0
1810007C17Rik,0.0
Gm40418,0.0
Prkd1,-2.624
Gm48779,0.0
Gm40421,0.0
1700008C04Rik,0.0
G2e3,-1.105
Scfd1,-0.395
Coch,1.157
Strn3,-0.382
Ap4s1,0.261
Hectd1,0.086
Heatr5a,-0.576
Dtd2,-0.317
Gpr33,0.0
Nubpl,-0.278
Gm47431,0.0
Gm35135,0.0
Gm35188,-0.569
Arhgap5,-1.129
1700031P21Rik,0.0
Gm35239,0.0
Akap6,1.772
Npas3,-1.412
1700030L22Rik,0.0
1700060O08Rik,0.0
Gm35818,0.136
Egln3,0.435
1700104L18Rik,0.0
Gm47552,0.0
Gm7550,0.0
Gm46328,0.0
Gm10465,0.0
Sptssa,-0.642
Gm40884,0.149
Eapp,-0.039
Snx6,-0.034
Cfl2,0.788
1700081N11Rik,-0.139
Baz1a,-3.283
Gm20403,0.0
2700097O09Rik,-0.54
Srp54a,-0.04
Fam177a,0.974
Srp54b,-0.304
1700047I17Rik2,0.348
Srp54c,-0.138
Ppp2r3c,0.424
Prorp,0.202
Psma6,0.272
Nfkbia,-3.11
Gm36634,-0.027
Aldoart2,0.0
Insm2,1.946
Ralgapa1,0.528
Brms1l,0.235
Gm47682,0.0
Gm19990,0.0
Mbip,-0.808
Sfta3-ps,0.0
Nkx2-1,0.0
Gm26973,0.0
C87198,0.0
Nkx2-9,0.0
Gm15524,0.0
Pax9,-2.126
Slc25a21,-0.994
Prps1l3,-0.202
Mipol1,-0.306
Gm16246,0.0
Foxa1,-0.471
Ttc6,0.195
4921518K17Rik,0.0
BC042761,0.0
Gm46329,0.0
Sstr1,1.531
Clec14a,-4.421
Gm47645,0.0
Gm17529,-0.101
Sec23a,0.663
Gemin2,-0.302
Trappc6b,0.944
Pnn,-0.806
Mia2,0.177
Fbxo33,-0.518
Gm48301,0.0
Gm20063,0.034
Lrfn5,1.259
Gm48421,0.0
Gm48422,0.0
Fscb,0.0
Gm527,-0.005
Klhl28,0.641
Togaram1,-0.252
Gm48559,0.0
Prpf39,-0.388
Fkbp3,0.666
Fancm,-0.164
Mis18bp1,-3.78
4930471E15Rik,0.0
Gm31063,0.0
Wdr20rt,0.0
Rpl10l,0.0
Gm47979,0.0
Mdga2,1.012
Gm47432,0.0
Gm47453,0.0
Gm47456,0.137
Gm47489,0.0
Gm47515,0.0
Gm2912,0.0
Gm47518,0.149
Gm31447,0.0
Rps29,-0.581
Lrr1,-1.433
Rpl36al,0.315
Mgat2,-0.461
Dnaaf2,-0.104
9330151L19Rik,0.201
Pole2,-3.711
Gm47545,-1.371
Klhdc1,-0.153
Gm15561,0.0
Klhdc2,0.522
Nemf,-0.094
Gm9887,-1.074
Arf6,-0.475
5830428M24Rik,-1.235
Vcpkmt,0.154
Sos2,-0.185
L2hgdh,-0.052
Dmac2l,0.367
Cdkl1,1.257
4930512B01Rik,-0.33
Map4k5,-0.86
Atl1,1.6
Sav1,-1.212
Nin,-1.183
Gm48695,-0.102
Abhd12b,1.231
Pygl,-0.516
F730035M05Rik,-0.102
Trim9,1.768
Gm48747,0.0
Gm32151,2.032
Tmx1,0.324
Gm48847,0.0
Gm32219,-2.635
Gm24474,-0.041
Gm48866,0.0
Gm32369,-0.716
Gm40437,-0.148
Frmd6,-3.562
Gm46355,-0.566
Gm10457,-0.38
Actr10,0.446
Psma3,0.25
3110056K07Rik,-1.31
Arid4a,-0.018
Tomm20l,0.0
Timm9,0.853
2700049A03Rik,-0.565
Dact1,-1.998
4930474H06Rik,-0.414
Gm33016,0.0
Gm40438,0.0
1700083H02Rik,0.0
4930404H11Rik,-0.378
9630002D21Rik,-1.238
Daam1,0.827
Gpr135,1.841
L3hypdh,-0.546
Jkamp,0.546
Ccdc175,0.0
Rtn1,2.299
Lrrc9,1.337
Pcnx4,0.704
Gm4756,0.0
Dhrs7,-0.025
Ppm1a,0.673
Gm33785,0.19
4930447C04Rik,1.64
Six6,0.0
Gm26709,0.0
Six1,-3.045
Six4,-0.874
Mnat1,-0.227
Trmt5,0.209
Slc38a6,-0.297
Gm48653,-0.336
D830013O20Rik,0.0
Gm33929,0.0
Gm48656,0.0
Gm34016,0.041
Tmem30b,-1.164
2210039B01Rik,-0.6
Prkch,-3.235
Gm8075,-0.529
Gm48823,0.0
Gm15283,-0.877
Hif1a,-0.666
Snapc1,0.63
Syt16,1.945
Gm29587,0.0
Dbpht2,1.134
Gm34552,1.44
Gm11042,0.0
Gm39473,0.0
4930442G10Rik,0.0
Kcnh5,0.802
Rhoj,-5.012
Gphb5,0.0
Ppp2r5e,0.032
Gm47689,-0.892
Wdr89,-0.234
AC124742.1,0.0
Sgpp1,0.05
Syne2,-1.909
Esr2,-0.196
Tex21,0.0
Gm47525,0.573
Mthfd1,-0.119
Gm34868,-0.737
Akap5,1.11
Zbtb25,-0.107
Zbtb1,-0.899
4930426I24Rik,-0.946
Hspa2,0.397
Ppp1r36,0.221
Gm10451,0.15
Plekhg3,-3.694
AI463170,-1.553
Sptb,1.175
Churc1,0.659
Fntb,0.034
Gpx2,0.58
Rab15,2.065
Max,-0.126
Gm35041,0.0
Gm35189,0.0
9530018F02Rik,-0.997
Fut8,-0.466
Gm35240,0.0
4930458K08Rik,0.322
Gm6657,0.0
Gm48226,-0.035
Gphn,0.125
Fam71d,0.143
Mpp5,-0.782
Atp6v1d,0.804
Eif2s1,0.109
Plek2,-0.043
Tmem229b,1.944
Plekhh1,1.094
Pigh,-0.095
9230116L04Rik,-0.652
Arg2,1.243
Gm48780,0.955
Vti1b,1.023
Rdh11,0.486
Rdh12,0.737
Zfyve26,-0.408
Rad51b,-2.576
9430078K24Rik,-0.098
Gm36660,-1.117
Gm47752,0.0
Zfp36l1,-5.185
1300014J16Rik,-1.36
2310015A10Rik,-0.068
Actn1,0.268
Gm47765,0.0
Gm47767,-0.248
Gm47766,-0.095
Dcaf5,0.757
Gm50278,0.061
Gm30025,-1.072
Exd2,-0.061
2310002D06Rik,0.629
Gm26777,1.485
Galnt16,-1.041
4933406B15Rik,0.0
Erh,0.091
Gm47879,0.0
Slc39a9,-0.076
Plekhd1os,0.229
Plekhd1,0.775
Ccdc177,1.971
Gm26796,0.72
Gm47941,0.49
Susd6,-1.045
1700052I22Rik,0.0
Gm20337,0.359
Srsf5,-0.748
Slc10a1,-0.921
Smoc1,-1.107
Slc8a3,1.73
Gm3693,0.602
Cox16,0.058
Gm4787,0.521
Adam4,0.143
Gm28370,0.16
Synj2bp,0.462
Gm17191,0.209
6530401F13Rik,1.093
Adam21,0.329
Med6,-0.538
Gm16572,0.0
Ttc9,0.978
Gm49654,1.938
Map3k9,1.737
4930423D22Rik,1.227
Gm47080,0.0
Pcnx,0.1
Gm49749,0.0
Gm48242,-0.2
Sipa1l1,-1.353
Rgs6,-0.407
1700085C21Rik,-0.004
Gm29530,0.0
Dpf3,-0.032
Dcaf4,0.093
Zfyve1,-0.089
Rbm25,-0.472
Gm29361,-0.465
Psen1,-0.12
Gm47666,0.0
Papln,-0.562
Numb,-1.608
Gm46367,0.0
Gm26571,-1.084
Riox1,-1.642
Heatr4,0.0
Acot2,-1.718
Acot1,-4.507
Acot4,0.62
4732463B04Rik,1.502
Acot3,0.351
Acot5,0.032
Acot6,-0.938
Dnal1,0.005
Pnma1,1.406
Elmsan1,-0.774
Gm31513,1.379
Gm47447,-1.246
Ptgr2,-0.334
Gm47484,-0.162
Zfp410,-0.312
Fam161b,0.825
Coq6,0.222
Entpd5,0.415
Bbof1,-0.173
Rnf113a2,-0.43
Aldh6a1,-1.151
Lin52,-0.36
Vsx2,0.0
Abcd4,-0.634
Vrtn,0.0
Syndig1l,1.336
Gm48573,0.0
Npc2,-0.176
Isca2,0.322
Ltbp2,-0.745
D030025P21Rik,0.675
Gm48709,0.082
Gm17139,0.026
Arel1,0.99
Gm17193,0.0
Fcf1,-0.07
Ylpm1,0.169
Prox2os,0.074
Prox2,-1.278
Dlst,0.353
Rps6kl1,1.805
Pgf,-0.424
Eif2b2,0.286
Mlh3,-0.302
Acyp1,0.483
Zc2hc1c,-0.127
Nek9,-0.185
Tmed10,-0.981
Gm47819,-0.089
Gm40477,0.7
Fos,-3.589
Gm32296,-1.392
Gm47863,-0.701
Jdp2,-0.496
Batf,-3.725
Flvcr2,-4.196
Erg28,-1.495
Ttll5,0.464
Gm26531,-0.74
Tgfb3,-1.319
Gm48008,-0.404
Ift43,-1.297
Gm805,0.019
Gpatch2l,0.019
4732487G21Rik,0.0
Esrrb,0.141
Vash1,-0.198
Angel1,0.488
Lrrc74a,0.0
Irf2bpl,-0.165
Cipc,-0.308
Zdhhc22,1.994
Tmem63c,1.552
Ngb,1.745
Pomt2,-0.522
Gstz1,-0.003
Gm6566,-0.958
Tmed8,0.407
Samd15,-0.413
Noxred1,0.412
Vipas39,0.264
Ahsa1,0.043
Ism2,0.176
Sptlc2,-0.505
Alkbh1,-0.725
Gm29362,0.0
Slirp,0.222
Snw1,-0.393
Gm5788,0.0
Gm8300,0.0
Oog1,0.0
Gm4027,0.0
Gm16381,0.0
Gm21319,0.0
Gm21936,0.0
BB287469,0.0
Gm2001,0.0
Gm2016,0.0
Gm2022,0.0
Gm2035,0.0
Gm2042,0.0
Gm2075,0.0
Gm6803,0.0
Gm2056,0.0
Gm16368,0.0
Gm10436,0.0
Gm8332,0.0
Gm5662,0.0
Gm5039,0.0
Adck1,0.455
3200001D21Rik,0.18
4930473H19Rik,0.0
Gm48665,0.0
Gm48664,0.0
1700040E09Rik,0.0
Nrxn3,1.994
Gm2270,0.0
Gm47684,0.029
Gm40538,0.0
Dio2,0.79
Gm26512,0.595
4930544I03Rik,0.0
1700105G05Rik,0.0
Cep128,-1.083
5430427M07Rik,0.0
Tshr,1.314
Gtf2a1,0.199
Gm47804,0.0
Ston2,-1.649
Gm8378,-0.431
Gm16876,0.0
Sel1l,-0.453
Gm40548,0.0
4930559C10Rik,0.0
Flrt2,-0.318
Gm47396,0.0
Gm47397,0.0
Gm40552,0.0
Gm35274,0.0
Gm35326,-0.76
Gm47415,0.0
Galc,-0.222
Gm47439,0.572
Gpr65,-4.728
Gm47566,0.0
Kcnk10,1.748
Gm40893,0.635
Spata7,0.932
Ptpn21,-1.708
Zc3h14,-0.784
Eml5,1.358
Ttc8,-0.142
Gm47109,0.073
Gm47116,0.102
4930474N09Rik,0.616
Foxn3,-0.067
Gm20682,0.305
3300002A11Rik,0.0
Gm26839,1.09
Gm47177,0.0
1700064M15Rik,1.132
Gm19951,0.514
Efcab11,-1.915
Gm47207,0.0
Tdp1,-0.82
Kcnk13,-2.032
4930477G07Rik,0.0
Psmc1,0.521
Nrde2,-0.22
Gm10433,0.394
Calm1,1.08
Gm40557,1.818
Gm10432,1.566
Ttc7b,0.97
Gm48383,0.0
Rps6ka5,-1.163
Dglucy,-0.086
Gpr68,1.503
Ccdc88c,-2.902
A630072L19Rik,-0.097
Gm36756,-0.526
Gm47639,0.0
Ppp4r3a,-1.187
D130020L05Rik,0.065
Catsperb,0.0
Tc2n,-2.138
Fbln5,-4.645
Trip11,-0.359
Gm20036,0.316
Atxn3,0.002
Ndufb1-ps,0.637
Cpsf2,0.439
Gm16339,0.0
Slc24a4,-0.851
Rin3,-4.178
Lgmn,-0.23
Gm30198,-0.632
Golga5,-0.567
Chga,1.51
Itpk1,-0.51
Gm20069,-0.388
Moap1,0.567
Tmem251,0.119
Ubr7,-0.095
Btbd7,-0.792
Gm47167,-0.801
Cox8c,0.353
Unc79,1.602
Prima1,0.655
Fam181a,-0.562
Gm29508,-0.15
Asb2,-1.635
Gm15523,0.0
Otub2,1.083
Ddx24,0.475
Ifi27,-0.182
Ifi27l2a,-3.236
Ifi27l2b,-0.034
Gm47267,0.0
Ppp4r4,0.554
Serpina10,0.0
Serpina6,0.0
Serpina16,0.0
Serpina1f,0.0
Serpina1b,-2.087
Serpina1d,-0.319
Serpina1a,0.0
Serpina1c,0.0
B430119L08Rik,0.0
Serpina1e,-0.21
Serpina11,0.0
Serpina9,-0.571
Serpina12,0.0
Serpina5,0.0
Serpina3a,0.0
Serpina3b,0.0
Serpina3c,0.018
Serpina3f,-0.97
Serpina3g,-0.034
Serpina3i,0.319
Serpina3j,0.0
Serpina3k,0.0
Serpina3m,0.0
Serpina3n,0.106
Gsc,-1.123
Gm10000,0.0
Gm49732,0.0
Dicer1,0.536
Clmn,-1.103
4930408O17Rik,0.018
Gm28875,-3.335
Syne3,-1.603
Gm47648,0.0
Snhg10,1.082
Glrx5,0.835
Tcl1b2,0.0
Tcl1b1,0.0
Tcl1b5,0.0
Tcl1b3,0.0
Tcl1b4,0.0
Tcl1,0.0
Tunar,1.141
Gm2721,0.069
Gm46376,0.0
D430019H16Rik,1.497
AU015791,-0.113
Gm47796,0.614
Bdkrb2,1.167
Bdkrb1,-0.443
Atg2b,0.315
Gskip,-0.46
Ak7,0.467
Papola,-0.587
Gm48807,0.057
Gm19554,0.19
Vrk1,-0.745
Gm46378,0.891
Gm32635,0.0
Gm47646,0.0
Gm17032,0.0
1700121N20Rik,0.0
Gm17033,0.0
4933406K04Rik,0.0
1700013N06Rik,0.0
Gm16087,0.158
Gm16086,0.0
Gm16085,0.0
Gm16084,0.0
Gm2800,0.0
Gm3234,0.0
3110018I06Rik,0.0
4930465M20Rik,0.0
Gm15208,0.0
Bcl11b,-1.965
Setd3,0.646
Ccnk,-0.362
Ccdc85c,0.353
Hhipl1,0.82
4930478K11Rik,0.0
Cyp46a1,1.49
Eml1,0.439
Gm16596,-0.081
Evl,1.441
Degs2,-0.814
Gm33467,0.0
Gm33682,0.0
Yy1,-0.453
Slc25a29,0.227
Slc25a47,-0.716
Wars,0.036
Wdr25,0.293
Begain,0.993
Dlk1,-2.086
Gm34081,0.073
Meg3,1.201
Rtl1,0.577
Rian,1.621
B830012L14Rik,1.116
Mirg,0.629
4930511J24Rik,0.0
Gm34667,0.0
Gm34719,0.0
3110009F21Rik,0.0
Gm34785,0.0
Gm40576,0.0
Dio3os,0.0
Dio3,-1.089
Ppp2r5c,0.724
Gm19605,-1.112
B930059L03Rik,0.643
Gm35558,0.367
Dync1h1,0.856
Gm17111,-0.012
1700001K19Rik,0.0
Hsp90aa1,1.102
Wdr20,-0.828
Mok,0.147
4921507G05Rik,-0.475
Gm26912,-1.153
Zfp839,-0.625
Cinp,0.564
Tecpr2,0.771
Ankrd9,-0.03
6030440G07Rik,0.078
Rcor1,-0.289
4930595D18Rik,0.294
Traf3,0.259
Amn,-0.734
A230087F16Rik,0.024
Cdc42bpb,0.258
Lbhd2,-4.426
Exoc3l4,-2.891
Gm10425,0.265
Tnfaip2,-3.89
Gm40578,-0.585
Gm266,-3.147
Eif5,0.068
2810029C07Rik,0.796
Mark3,-0.103
Gm48286,-0.435
Ckb,-0.387
Trmt61a,-0.167
Gm36635,-0.35
Bag5,-0.4
Apopt1,0.006
Gm15995,0.0
Gm15996,0.0
Klc1,1.498
Xrcc3,-0.635
Zfyve21,-2.623
Ppp1r13b,0.027
5033406O09Rik,-1.124
Gm36757,-1.311
Atp5mpl,0.524
Tdrd9,0.158
Rd3l,0.0
Aspg,0.527
Kif26a,0.938
E330035G20Rik,0.29
A730018C14Rik,1.939
B020018J22Rik,1.037
A530016L24Rik,-1.749
Tmem179,1.897
Inf2,-1.848
Adssl1,-1.972
Siva1,-1.838
Akt1,0.214
Zbtb42,-2.173
Cep170b,1.398
Pld4,-4.529
Ahnak2,0.433
Clba1,-0.182
Cdca4,-1.021
Gpr132,-3.173
1700127F24Rik,0.0
Jag2,0.847
Nudt14,-0.067
Gm26583,-0.66
Brf1,-0.485
Gm47541,0.0
Btbd6,0.674
9230104M06Rik,-0.458
Pacs2,0.179
Tex22,-0.066
Mta1,-0.028
Crip2,0.002
Crip1,-0.183
Tedc1,-1.747
Tmem121,0.104
Igha,0.275
Ighe,0.0
Ighg2c,0.297
Ighg2b,0.0
Gm37944,0.0
Ighg1,0.0
Ighg3,0.0
Ighd,-1.956
Ighm,-4.704
Ighj4,0.0
Ighj3,0.0
Ighj2,0.0
Ighj1,0.0
Ighd4-1,0.0
Ighd3-2,0.0
Ighd5-6,0.0
Ighd2-8,0.0
Ighd5-5,0.0
Ighd2-7,0.0
Ighd5-8,0.0
Ighd5-4,0.0
Ighd2-6,0.0
Ighd5-7,0.0
Ighd5-3,0.0
Ighd2-5,0.0
Gm37327,0.0
Ighd5-2,0.0
Ighd2-4,0.0
Ighd2-3,0.0
Ighd1-1,0.0
Adam6b,0.0
Ighd3-1,0.0
Gm16968,0.0
Adam6a,0.0
Ighv5-1,0.0
Ighv2-1,0.0
Ighv5-2,0.0
Ighv2-2,0.0
Ighv5-3,0.0
Ighv5-4,0.0
Ighv6-1,0.0
Ighv2-3,0.0
Ighv5-5,0.0
Ighv5-6,0.0
Ighv5-7,0.0
Ighv2-4,0.0
Ighv5-8,0.0
Ighv5-9,0.0
Ighv5-10,0.0
Ighv2-5,0.0
Ighv5-11,0.0
Ighv5-12,0.0
Ighv2-6,0.0
Gm37976,0.0
Gm37418,0.0
Ighv5-9-1,0.0
Gm38203,0.0
Ighv5-12-4,0.0
Gm38205,0.0
Ighv2-9-1,0.0
Gm37722,0.0
Ighv5-13,0.0
Ighv2-6-8,0.0
Gm7003,0.0
Ighv2-7,0.0
Ighv5-15,0.0
Ighv5-16,0.0
Ighv5-17,0.0
Ighv5-18,0.0
Ighv2-8,0.0
Ighv2-9,0.0
Ighv5-19,0.0
Ighv7-1,0.0
Ighv7-2,0.0
Ighv14-1,0.0
Ighv4-1,0.0
Ighv3-1,0.0
Gm37961,0.0
Ighv11-1,0.0
Ighv14-2,0.0
Ighv4-2,0.0
Ighv3-2,0.0
Ighv11-2,0.0
Ighv14-3,0.0
Ighv16-1,0.0
Ighv6-2,0.0
Ighv9-1,0.0
Ighv12-1,0.0
Ighv9-2,0.0
Ighv12-2,0.0
Ighv9-3,0.0
Ighv7-3,0.0
Ighv15-1,0.0
Ighv14-4,0.0
Ighv3-3,0.0
Ighv7-4,0.0
Ighv3-4,0.0
Ighv3-5,0.0
Ighv13-1,0.0
Ighv3-6,0.0
Ighv9-4,0.0
Ighv3-7,0.0
Ighv5-21,0.0
Ighv3-8,0.0
Ighv8-1,0.0
Ighv1-1,0.0
Ighv13-2,0.0
Ighv12-3,0.0
Ighv6-3,0.0
Ighv6-4,0.0
Ighv6-5,0.0
Ighv6-6,0.0
Ighv6-7,0.0
Ighv8-2,0.0
Ighv1-2,0.0
Ighv10-1,0.0
Ighv1-3,0.0
Ighv1-4,0.0
Ighv10-2,0.0
Ighv1-5,0.0
Ighv10-3,0.0
Ighv1-6,0.0
Ighv1-7,0.0
Ighv10-4,0.0
Ighv1-8,0.0
Ighv15-2,0.0
Ighv1-9,0.0
Ighv1-10,0.0
Ighv1-11,0.0
Ighv1-12,0.0
Ighv1-13,0.0
Ighv1-14,0.0
Ighv1-15,0.0
Ighv1-16,0.0
Ighv1-17-1,0.0
Ighv1-17,0.0
Ighv1-18,0.0
Ighv1-19-1,0.0
Ighv1-19,0.0
Ighv1-20,0.0
Ighv1-21-1,0.0
Ighv1-21,0.0
Ighv1-22,0.0
Ighv1-23,0.0
Ighv1-24,0.0
Ighv1-25,0.0
Ighv1-26,0.0
Ighv1-27,0.0
Ighv1-28,0.0
Ighv1-29,0.0
Ighv1-30,0.0
Ighv1-31,0.0
Ighv1-32,0.0
Ighv1-33,0.0
Ighv1-34,0.0
Ighv1-35,0.0
Ighv1-36,0.0
Ighv1-37,0.0
Ighv1-38,0.0
Ighv1-39,0.0
Ighv1-40,0.0
Ighv1-41,0.0
Ighv1-42,0.0
Ighv1-43,0.0
Ighv1-44,0.0
Ighv1-45,0.0
Ighv1-46,0.0
Ighv1-47,0.0
Ighv8-3,0.0
Ighv8-4,0.0
Ighv1-48,0.0
Ighv1-49,0.0
Ighv8-5,0.0
Ighv1-50,0.0
Ighv1-51,0.0
Ighv1-52,0.0
Ighv1-53,0.0
Ighv8-6,0.0
Ighv1-54,0.0
Ighv1-55,0.0
Ighv1-56,0.0
Ighv8-7,0.0
Gm30948,0.019
Ighv1-57,0.0
Ighv8-8,0.0
Ighv1-58,0.0
Ighv1-59,0.0
Ighv1-60,0.0
Ighv1-61,0.0
Ighv1-62,0.0
Ighv1-62-1,0.0
Gm19331,0.0
Gm37511,0.0
Gm38184,0.0
Ighv1-62-2,0.0
Ighv1-62-3,0.0
Ighv8-9,0.0
Ighv1-63,0.0
Ighv1-64,0.0
Ighv8-10,0.0
Ighv1-65,0.0
Ighv8-11,0.0
Ighv1-66,0.0
Ighv1-67,0.0
Ighv1-68,0.0
Ighv1-69,0.0
Ighv8-12,0.0
Ighv1-70,0.0
Ighv1-71,0.0
Ighv1-72,0.0
Ighv8-13,0.0
Ighv1-73,0.0
Ighv1-74,0.0
Ighv8-14,0.0
Ighv1-75,0.0
Ighv8-15,0.0
Ighv1-76,0.0
Ighv8-16,0.0
Ighv1-77,0.0
Ighv1-78,0.0
Gm42643,0.0
Ighv1-79,0.0
Ighv1-80,0.0
Ighv1-81,0.0
Gm42990,0.0
Ighv1-82,0.0
Ighv1-83,0.0
Ighv1-84,0.0
Ighv1-85,0.0
Ighv1-86,0.0
Zfp386,-0.31
Vipr2,-1.815
Gm20658,0.0
Wdr60,-0.847
Gm11027,-0.182
Gm48079,0.008
Esyt2,-0.41
D430020J02Rik,-1.322
Ncapg2,-1.501
Ptprn2,2.016
Gm10421,0.0
Gm5441,-0.14
Rapgef5,-0.258
A930023M06Rik,-0.135
Cdca7l,-3.202
Dnah11,0.246
Gm49602,0.452
Sp4,-0.09
D230030E09Rik,0.0
Sp8,0.0
Abcb5,0.0
Itgb8,-4.279
Macc1,-0.426
Gm48681,0.0
Tmem196,0.503
Gm46400,0.0
Gm40653,0.0
Gm48530,0.0
2810429I04Rik,0.576
Gdi2,0.268
Tasor2,-0.483
Asb13,0.513
Gm47695,0.0
Gm35190,-0.333
Calml3,0.0
Gm40655,0.0
Calm4,0.431
Calm5,0.05
Net1,-2.458
Tubal3,-0.043
Ucn3,0.0
Akr1c14,-3.869
Gm47904,-0.446
Akr1c18,-0.073
Gm47925,0.0
Akr1c13,-3.141
Akr1c19,-1.76
Akr1c12,-2.161
Akr1c6,0.0
Gm48010,0.0
Akr1c20,0.0
Akr1c21,0.0
Akr1e1,-0.022
Gm40658,0.0
Gm5444,0.0
Gm47450,-0.077
Gm40660,0.0
Gm35330,0.0
1700016G22Rik,-0.575
Klf6,-1.649
Gm47507,0.0
Gm46401,0.481
Gm47514,0.0
Gm47548,0.0
Gm47549,0.0
Gm35615,0.0
Gm28465,0.0
Pitrm1,-0.778
Pfkp,1.442
Gm40662,0.0
Gm40663,0.0
Gm36074,0.0
Gm48257,0.0
Adarb2,-0.126
Wdr37,0.834
Idi1,0.06
Gm9745,0.0
Idi2,0.0
Gtpbp4,-0.109
Gm36264,0.083
Larp4b,0.228
Gm48825,0.11
Dip2c,0.614
Gm36423,-0.185
Zmynd11,-0.17
Gm47802,-0.801
Chrm3,0.099
Gm47405,-0.183
Gm47404,-0.028
Gm26861,0.0
Gm47407,0.0
Gm36525,0.0
Gm47408,0.0
Gm47486,0.067
Ryr2,1.794
Mtr,-0.457
Actn2,0.555
Heatr1,-0.236
Lgals8,0.475
Edaradd,0.07
Gm30239,0.042
Ero1lb,0.627
Prl2c3,0.0
Prl2c2,0.0
Gm48544,0.0
Prl2c5,0.0
Gpr137b,-1.672
Nid1,-4.454
Gm48682,-0.249
Lyst,0.723
Gng4,1.722
Gm47882,0.3
Gm47884,0.0
B3galnt2,-0.972
Tbce,0.218
Ggps1,0.556
Arid4b,-0.527
Gm48027,-0.069
Hecw1,2.195
Gm30893,2.274
Mrpl32,0.446
Psma2,0.281
AW209491,0.937
Gm20043,0.0
Gm6556,-1.824
Gm26645,-2.543
Gli3,-4.479
4933412O06Rik,0.129
A530046M15Rik,0.0
Gm31450,0.0
Inhba,-3.124
Gm48444,0.0
Gm48491,0.0
Gm48492,0.0
Sugct,-0.377
Gm48503,0.0
Mplkip,-0.625
Cdk13,-0.487
Rala,0.57
Gm48754,-0.258
Yae1d1,-0.03
Gm48799,0.0
4930448F12Rik,0.0
Pou6f2,0.804
Gm48829,0.0
Vps41,0.462
Amph,0.923
Gm47658,0.0
Gm47661,0.0
Gm31887,0.0
Tcrg-V7,0.0
Tcrg-V4,0.0
Tcrg-V6,0.0
Tcrg-V5,0.0
Trgj1,0.0
Tcrg-C1,-1.761
Tcrg-V3,0.0
Trgj3,0.0
Tcrg-C3,0.0
Tcrg-C2,-0.746
Trgj2,0.0
Trgv2,0.0
Tcrg-V1,0.0
Trgj4,0.0
Tcrg-C4,-2.279
Stard3nl,0.329
9330199G10Rik,0.339
Epdr1,-0.024
Sfrp4,-1.942
Nme8,-0.015
Gpr141b,-0.462
Gpr141,-1.808
Elmo1,0.818
Gm32036,-2.799
Gm47664,-0.128
Aoah,-3.049
Olfr1370,0.0
Olfr1369-ps1,-0.171
Olfr263,0.0
Olfr1368,0.0
Gm47806,-0.593
Trim27,0.039
Gpx5,0.0
Gpx6,0.0
Olfr1367,0.0
Zscan12,-0.392
Zkscan3,-0.427
Pgbd1,0.431
4930470G03Rik,0.712
Zscan26,-0.302
Nkapl,-0.128
Gm40828,0.134
Zkscan4,-0.18
AK157302,-0.166
Gm11273,0.602
Zkscan8,-0.559
Olfr1366,0.0
Olfr1535,-0.03
Olfr1364,0.0
Olfr1362,0.0
Olfr11,0.0
Olfr1361,0.0
Olfr1360,0.0
Olfr1359,0.0
Hist1h2bl,-0.505
Hist1h2ai,-0.528
Hist1h3h,-0.188
Hist1h2bm,-1.373
Hist1h4j,-0.954
Hist1h4k,-0.672
Hist1h2ak,-1.262
Hist1h2bn,-1.133
Gm11274,-0.057
Hist1h1b,-3.318
Hist1h3i,-1.095
Hist1h2an,-0.775
Hist1h2bp,-0.746
Hist1h2bq,0.0
Hist1h2ao,0.0
Hist1h4m,0.0
Hist1h4n,-0.368
Hist1h2ap,-2.462
Hist1h2br,-0.748
Gm11280,0.0
Zfp184,0.125
Pom121l2,0.0
Prss16,0.048
Gm11290,0.0
Gm11292,0.0
Hist1h2ah,0.0
Hist1h2bk,-0.479
Hist1h4i,-1.29
Hist1h2ag,-1.259
Hist1h2bj,-0.532
Vmn1r188,0.0
Vmn1r189,0.0
Vmn1r191,0.0
Vmn1r192,0.0
Vmn1r193,0.0
Vmn1r194,0.0
Vmn1r195,0.0
Vmn1r196,0.0
Vmn1r197,0.0
Vmn1r198,0.0
Vmn1r199,0.0
Vmn1r200,-0.222
Vmn1r201,0.0
Vmn1r202,0.0
Vmn1r203,0.0
Gm11300,0.0
Vmn1r204,0.0
Vmn1r205,0.0
Vmn1r206,0.0
Gm11309,0.0
Vmn1r207-ps,0.0
Vmn1r208,0.0
Gm11314,0.0
Vmn1r209,0.0
Vmn1r210,0.0
Vmn1r211,0.0
Vmn1r212,0.0
Vmn1r213,0.0
Vmn1r214,0.0
Vmn1r215,0.0
Vmn1r216,0.0
Vmn1r217,0.0
Vmn1r218,0.0
Vmn1r219,0.0
Vmn1r220,0.0
Vmn1r221,0.0
Vmn1r222,0.0
Vmn1r223,0.0
4930557F10Rik,0.0
4933404K08Rik,0.0
4930586N03Rik,0.0
Zfp322a,0.38
Abt1,-0.122
C230035I16Rik,-1.652
Gm46404,0.189
Btn1a1,0.0
Btn2a2,0.0
Gm11335,-0.712
Hist1h4h,-1.812
Hist1h2af,-1.008
Hist1h3g,-0.718
Hist1h2bh,-1.877
Hist1h3f,-0.697
Hist1h4f,-0.509
Hist1h1d,-1.87
Hist1h3e,-0.623
Hist1h2ae,-1.665
Hist1h2bg,-1.379
Hist1h2bf,-2.139
Hist1h2ad,-0.544
Hist1h3d,-2.297
Hist1h4d,-0.925
Hist1h2be,-1.567
Hist1h1e,-0.861
Hist1h2ac,-1.956
Hist1h2bc,-2.57
Hist1h1t,-0.519
Hist1h4c,-0.818
Hfe,-3.064
Hist1h1c,-2.715
Hist1h3c,-1.97
Hist1h2bb,-0.997
Hist1h2ab,-1.096
Hist1h3b,-0.866
4930558J22Rik,0.0
Hist1h4b,-0.059
Hist1h4a,-1.395
Hist1h3a,-1.322
Hist1h1a,-1.03
Trim38,-0.117
Gm11337,0.0
Slc17a2,0.0
Slc17a3,0.0
Slc17a1,0.0
Slc17a4,0.0
Hist1h2ba,0.0
Hist1h2aa,0.0
Scgn,1.189
Gm11339,0.0
Carmil1,-0.464
Cmah,-1.414
Gm11342,0.279
Ripor2,-4.686
Armh2,0.0
Gmnn,-1.305
BC005537,0.217
Acot13,0.202
Tdp2,-0.838
D130043K22Rik,2.136
4932702P03Rik,0.552
Aldh5a1,0.797
9330162012Rik,1.356
Gpld1,0.439
Mrs2,0.816
Dcdc2a,0.63
Nrsn1,2.189
Gm11351,-0.101
1700092E19Rik,0.0
Hdgfl1,0.0
4921520N01Rik,0.0
Gm47888,0.0
Prl,0.0
Prl3d1,0.0
Prl3d2,0.0
Prl3d3,0.0
Prl3c1,0.0
Prl3b1,0.0
Prl3a1,0.0
4930511O05Rik,0.0
Prl6a1,0.0
Prl8a2,0.104
Prl2b1,0.0
Prl8a6,0.0
Prl8a8,0.0
Prl8a9,0.0
Prl8a1,0.0
Prl7b1,0.0
Prl7a1,0.0
Prl7a2,0.0
Prl7d1,0.0
Prl7c1,0.0
Prl2a1,0.0
Prl2c1,0.0
Prl4a1,0.0
Prl5a1,0.0
Gm11361,-0.307
Gm40841,1.317
2610307P16Rik,0.231
Gm34639,0.0
Sox4,-0.167
A330102I10Rik,2.329
Cdkal1,-1.133
Gm11364,0.0
E2f3,-0.025
Gm11365,0.0
Gm11368,0.0
Mboat1,-2.492
Agtr1a,-0.156
Gm48161,0.983
Uqcrfs1,0.692
4930519D14Rik,0.0
Dusp22,0.901
Irf4,-2.035
Gm29675,0.57
Exoc2,0.653
Hus1b,-0.306
Gm48662,0.0
4930401O12Rik,0.0
Gm11373,0.0
G630018N14Rik,0.044
Gm11376,0.0
A530084C06Rik,-0.119
Foxq1,-1.8
Gm11377,0.0
1700018A04Rik,0.0
Gm11378,0.0
Foxf2,-1.871
Gm11379,0.0
Foxc1,-3.83
Gmds,0.11
Gm35732,0.0
Gm11381,0.0
Gm48073,0.0
Mylk4,-0.107
D930007J09Rik,0.28
Wrnip1,0.386
Serpinb1a,-4.279
Serpinb1c,0.0
Serpinb6b,-2.393
Gm47662,-0.254
Serpinb9,-0.007
Serpinb9b,-0.144
Gm36099,0.0
Serpinb1b,0.661
Serpinb9c,0.0
Serpinb9d,0.0
Serpinb9e,0.0
Serpinb9f,0.0
Serpinb9h,0.0
Serpinb9g,0.0
Gm6093,0.0
Gm47916,0.0
Serpinb6d,0.0
Serpinb6e,0.0
Serpinb6c,-1.872
Serpinb6a,0.645
1110046J04Rik,0.911
Nqo2,0.168
Ripk1,-2.447
Bphl,-0.942
Tubb2a,1.641
4930447K03Rik,-0.369
Gm47076,-0.627
Tubb2b,1.975
Gm36500,-0.099
Psmg4,0.187
Slc22a23,-2.009
Gm40909,-0.431
Gm47127,-0.58
Pxdc1,-4.347
Gm15908,-0.027
Gm47150,0.0
Gm47151,0.0
Gm47152,0.0
Fam50b,0.268
Gm47157,0.0
Gm36839,-0.014
Prpf4b,-0.567
Fam217a,-1.891
4933417A18Rik,0.0
Eci3,-1.638
Gm16984,-0.338
Eci2,-0.613
Gm48626,0.0
Gm40910,0.207
Gm48629,0.0
4930529N20Rik,0.0
1700011B04Rik,0.0
1700019C18Rik,0.0
Gm48694,0.0
Gm48703,0.154
Gm48704,0.0
Gm48707,0.0
Cdyl,-1.107
Gm48708,-0.64
Rpp40,0.2
Gm48746,0.0
Gm30127,0.074
Ppp1r3g,-0.53
Lyrm4,0.052
Gm48770,-0.121
Gm48765,0.0
Fars2,-0.166
Gm48767,0.0
Gm46409,-0.388
Nrn1,-0.416
Gm30177,0.0
Gm49144,-0.127
Gm47675,-0.186
F13a1,-1.944
Gm30489,0.44
Gm47707,0.0
Gm30600,0.0
Gm47709,0.0
Gm47711,0.0
Ly86,-5.3
Gm4035,-1.274
Gm47730,0.0
Gm29459,0.0
Gm29458,0.0
Gm47731,-0.081
Gm47732,-0.074
Gm47734,0.0
Gm29590,0.0
Lncbate6,-0.979
Gm47751,0.0
Gm47754,-1.865
Gm40915,0.0
Gm40916,0.0
AI463229,-0.965
Gm49350,0.0
Gm40918,0.0
Gm31600,0.0
Rreb1,-4.273
Gm46411,0.0
Ssr1,-0.968
Cage1,0.817
Riok1,-0.249
Dsp,-0.26
Snrnp48,-0.306
Gm47990,0.0
Bmp6,-3.085
4930579J19Rik,0.0
Txndc5,-1.715
Gm31834,-0.773
Gm48056,0.0
Gm40922,0.0
Bloc1s5,0.346
Gm47400,0.096
Eef1e1,1.436
Gm46392,0.092
Gm47510,0.0
Gm47511,0.0
Gm47509,0.015
Slc35b3,-0.552
5033403F01Rik,-0.159
Gm47348,0.0
Gm3509,0.0
Gm47349,0.0
Gm47351,0.0
Gm47352,0.0
Gm32243,0.0
Gm40923,0.0
A230103O09Rik,0.61
Gm47316,-0.259
Ofcc1,0.0
Gm47039,0.0
Gm9979,-0.658
Tfap2a,-3.449
Gm47061,-1.855
Gm26688,-2.552
Gm47067,0.0
Gm48107,0.0
Gcnt2,0.34
Gm31683,-0.443
A730081D07Rik,0.005
Pak1ip1,0.163
Tmem14c,-0.21
Mak,0.055
Gcm2,0.0
Sycp2l,0.0
Gm48510,0.0
Elovl2,-1.361
Gm32063,0.0
Smim13,1.409
Gm17364,0.0
Nedd9,-2.537
Gm26877,0.154
Gm48571,0.0
Gm48570,0.0
Gm32401,-0.582
Gm32184,-0.064
Tmem170b,0.585
Gm5082,0.0
Adtrp,-0.244
1700061E18Rik,0.0
Gm28564,0.0
Gm10790,-0.655
Gm28707,-2.712
Hivep1,-0.098
Edn1,-0.727
Gm47118,0.0
Phactr1,1.176
Gm15810,0.085
Gm15809,0.437
Gm15813,0.0
Tbc1d7,0.073
Gfod1,1.602
Sirt5,0.116
Nol7,-0.258
Ranbp9,0.001
Gm47683,0.0
Gm32939,0.045
Mcur1,-1.061
Rnf182,1.447
Gm47728,0.0
Gm20751,0.706
Cd83,-3.48
Gm33115,0.0
Gm33195,-1.581
Gm2233,0.0
Gm33489,0.0
Gm33630,0.0
Gm5083,0.97
Gm33684,0.0
A330076C08Rik,0.265
Gm47781,0.0
Gm29676,0.0
Gm33958,0.0
Gm27007,0.0
1700029N11Rik,0.0
Gm34084,-3.012
Gm47792,-0.104
Gm34276,0.0
Gm47805,0.049
Jarid2,-0.144
Dtnbp1,-0.138
Gm40932,0.106
Gm47448,0.0
Gm34466,-0.344
Mylip,-2.105
Gmpr,1.521
Atxn1,0.162
Gm47460,0.0
4930453C13Rik,0.0
5033430I15Rik,1.026
Gm45949,0.0
Gm10113,0.011
Stmnd1,0.229
Rbm24,-1.005
Gm35110,0.0
Cap2,0.088
Gm47523,0.0
Fam8a1,0.513
Nup153,-0.361
Kif13a,-0.425
Gm48250,-0.593
2010001K21Rik,-1.965
Nhlrc1,0.094
Tpmt,-0.308
Kdm1b,0.084
Dek,-1.571
1700026N04Rik,-0.071
Rnf144b,-0.923
A930002C04Rik,-0.444
Gm48612,0.0
Gm35733,0.0
4930471G24Rik,0.19
G630093K05Rik,0.0
4931429P17Rik,-2.087
Gm36101,0.0
A330033J07Rik,0.143
Gm36346,0.366
Gm49291,0.553
Id4,-0.387
A330048O09Rik,-1.04
Gm48648,0.0
Zfp169,0.502
A830005F24Rik,1.43
6720427I07Rik,-1.403
Ptpdc1,0.349
Gm36550,0.0
Barx1,-0.508
Phf2,-0.916
Phf2os1,-0.025
Fam120a,-0.526
Wnk2,0.85
Ninj1,-0.074
Card19,0.64
Susd3,-4.111
Fgd3,-0.574
Bicd2,-0.142
Ippk,-0.237
Cenpp,-2.02
Tes3-ps,0.278
Ecm2,-4.644
Aspn,-6.059
Omd,-4.106
Ogn,-5.222
Nol8,0.314
Iars,0.727
Gm30302,0.0
Gm47977,0.0
Gm48051,0.0
4933433N18Rik,0.0
Gm906,0.0
Gm31126,0.0
Gm8739,0.0
Fbxw17,0.109
Gm47429,0.0
Nutm2,0.0
Gm904,0.0
Gm8765,0.0
4930518P08Rik,0.0
Spin1,0.572
Nxnl2,0.606
Gm32834,0.166
S1pr3,-3.32
Shc3,0.163
Cks2,-2.768
Secisbp2,-0.69
Sema4d,0.568
Gadd45g,-0.976
Gm26651,0.0
Gm48190,0.104
4921525O09Rik,0.0
Gm48199,0.0
Diras2,1.69
Syk,-1.875
BB123696,0.0
Auh,0.53
Nfil3,-0.426
Gm33424,0.008
Gm48336,0.0
Ror2,-2.101
Sptlc1,-0.833
Gm2762,1.187
Gm43262,0.0
Msx2,-0.622
Gm34022,0.0
9530014B07Rik,0.0
4930555G21Rik,0.0
Gm34278,0.0
Gm48548,0.334
E130119H09Rik,0.0
Gm34557,0.0
Gm48550,0.0
Drd1,-0.42
Sfxn1,0.638
Hrh2,0.078
Gm16578,0.09
Gm48615,0.0
Gm48623,0.68
Gm48622,0.113
Cplx2,0.898
Gm16248,0.0
Thoc3,0.167
Simc1,-0.204
4833439L19Rik,0.321
Arl10,-0.623
Nop16,0.083
Higd2a,0.306
Cltb,0.499
Faf2,-0.1
Rnf44,0.057
Cdhr2,0.728
Gprin1,1.852
Sncb,2.145
Gm16249,0.0
Eif4e1b,0.0
Tspan17,1.463
Gm29431,0.312
5330429C05Rik,0.543
4930526F13Rik,0.0
Unc5a,1.593
Hk3,-2.649
Uimc1,-0.623
Zfp346,0.443
Gm17617,0.0
Fgfr4,-1.469
Nsd1,-0.118
Rab24,-0.217
Prelid1,0.36
Mxd3,-3.076
Lman2,-1.488
Rgs14,-2.21
Slc34a1,0.228
Pfn3,1.38
F12,0.342
Grk6,0.288
Prr7,1.125
Dbn1,0.414
Pdlim7,0.274
Dok3,-0.979
Ddx41,-1.433
Gm46416,0.293
Fam193b,-0.127
Tmed9,-0.884
B4galt7,0.119
Gm15911,0.0
Caml,0.539
Ddx46,-0.344
B230219D22Rik,0.402
Txndc15,0.046
Pcbd2,0.102
4930451E10Rik,0.0
Catsper3,-0.037
Pitx1,-0.5
Gm47071,0.005
Gm28760,0.0
H2afy,0.447
Tifab,-3.591
4930550C17Rik,0.0
Neurog1,0.0
Cxcl14,-2.004
Gm10782,0.0
Gm3045,0.0
Slc25a48,0.0
Il9,0.0
Fbxl21,0.302
Lect2,-0.142
2010203P06Rik,0.0
Tgfbi,-5.187
Smad5,-0.864
Gm45623,-0.046
Trpc7,0.93
Spock1,1.325
Klhl3,0.8
Hnrnpa0,-0.388
1700066J03Rik,0.038
Gm48295,1.405
Idnk,0.676
Ubqln1,0.457
Gm48357,-0.24
Gm48441,0.0
Gkap1,-0.266
Gm26555,-0.285
Kif27,0.445
2210016F16Rik,-0.386
Hnrnpk,-0.319
Rmi1,-0.18
Gm47918,0.0
Slc28a3,-0.276
4930455J16Rik,0.0
Gm47947,0.0
Gm40968,0.0
Ntrk2,-1.56
Gm47423,-1.073
4930415C11Rik,0.0
Gm34307,0.0
Gm34354,-1.644
Gm47359,-3.07
Gm34558,0.0
Gm34672,-1.354
Gm47360,0.0
Gm34721,0.149
Gm34788,-0.578
4930455M05Rik,0.0
Agtpbp1,1.295
Naa35,0.074
Golm1,0.033
4921517D22Rik,0.0
Spata31d1a,1.229
Spata31d1b,0.0
Spata31d1d,0.145
Gm46419,0.0
4930528D03Rik,-0.054
1700014D04Rik,-0.158
Isca1,-0.166
Etohd2,0.074
Tut7,-0.428
Gm48194,0.227
Gm34961,-0.874
Gm48384,0.0
Gm19866,0.0
A530065N20Rik,-0.3
Gm48396,0.0
Gm48397,0.0
Gas1,-3.424
Gm48488,-0.123
Gm5084,-0.703
Gm35333,-0.128
Gm48500,0.0
A530001N23Rik,0.0
Dapk1,0.671
BC051665,0.0
Ctsll3,0.0
4930486L24Rik,-0.928
Ctla2b,-3.669
Tpbpb,0.0
Ctla2a,-2.207
Tpbpa,0.0
Gm40975,0.0
Ctsj,0.0
Ctsq,0.0
Ctsr,0.0
Cts6,0.0
Cts8,0.0
Cts7,0.0
Ctsm,0.0
Cts3,0.0
Gm49357,0.0
Gm48116,-0.182
Gm48228,-0.393
Gm40977,0.051
Zfp808,-0.533
Gm19792,1.368
Gm3604,-0.291
Gm49359,-0.295
Zfp934,-0.86
6720489N17Rik,-0.227
Platr25,-0.341
Gm5141,-0.599
Gm48795,-0.258
Fbp2,-0.203
Fbp1,-1.84
Gm48812,0.472
Aopep,0.834
Gm30409,-0.114
Gm47587,-0.088
Fancc,-0.999
Gm16133,-2.57
Gm16132,-0.606
Ptch1,-1.888
Gm30655,-0.658
Gm30709,0.0
1700024I08Rik,0.0
Gm47390,0.0
Gm47418,0.0
Ercc6l2,-0.536
Gm47424,-0.511
Hsd17b3,0.0
Slc35d2,-0.813
Zfp367,-1.17
Habp4,0.748
Cdc14b,0.218
1810034E14Rik,-1.635
Prxl2c,-0.793
Gm47003,-0.167
Ctsl,-0.857
Gm47123,-1.733
1700015C15Rik,0.0
Cdk20,-0.364
Gm31218,0.0
Fam240b,0.0
Gm47193,0.0
Gm47194,0.0
Cntnap3,-0.134
Spata31,0.0
Spata31d1c,0.0
Prss47,0.0
Mfsd14b,-0.921
Olfr465-ps1,0.0
Olfr466,0.0
Nlrp4f,0.357
Gm47249,0.0
Gm36445,-0.95
Gm47251,0.0
Gm10775,0.67
Zfp369,-0.09
Gm7762,0.0
Gm40983,0.122
Gm48168,0.0
Gm48166,0.0
Gm10139,0.0
Gm26639,0.0
Gm48170,0.0
Gm40987,0.0
Gm48221,0.0
Gm48222,0.0
Gm10324,0.0
AC192334.1,0.0
Gm48223,0.0
Gm10772,0.0
Gm26754,0.0
2410141K09Rik,0.0
Gm26806,0.0
Gm40988,0.0
Gm48412,0.0
Uqcrb,0.352
Gm10767,0.809
Mterf3,-0.76
Ptdss1,0.29
4933433G19Rik,-0.282
Zfp712,0.586
Gm46440,-1.279
Zfp708,0.066
Gm28557,-0.778
Rslcan18,-0.349
Zfp759,0.201
Gm48732,0.0
Rsl1,-0.662
Zfp455,-0.789
Gm49064,0.468
Zfp458,-0.059
F630042J09Rik,0.824
Zfp457,-0.116
Gm48824,0.0
Zfp595,-1.335
Gm17039,-0.347
Zfp456,-1.874
Zfp429,-1.785
Gm48900,0.0
Zfp459,-0.059
Zfp874a,0.32
Zfp874b,0.246
Gm48899,-0.401
Zfp58,-0.513
Zfp87,-0.174
Zfp748,-0.199
9430065F17Rik,0.399
Zfp729b,-0.151
Zfp729a,-0.293
Gm48095,0.0
Zfp738,0.141
Zfp65,0.354
Zfp85os,1.391
Zfp85,-0.515
Zfp493,0.289
4930525G20Rik,0.174
Zfp273,0.044
Gm10037,1.172
BC048507,0.425
Gm7969,0.0
Gm48419,0.0
Gm48423,0.0
Gm8016,0.213
Gm48436,0.0
Mtrr,0.007
Fastkd3,-0.068
Gm48556,0.0
1700001L19Rik,1.203
Adcy2,-0.504
Gm35161,0.141
Gm26844,0.0
Gm35514,0.0
Tent4a,-0.281
Nsun2,0.058
A530095I07Rik,-1.342
Srd5a1,-0.268
Gm17108,-1.379
Gm35618,0.048
Gm48819,0.0
Ube2ql1,1.588
4930547H16Rik,0.0
Med10,0.032
4933416O17Rik,0.066
1700084F23Rik,0.0
Gm3772,0.098
AU017674,0.0
4930520P13Rik,0.0
Ice1,0.057
1700100L14Rik,0.0
D030007L05Rik,-0.352
Gm36377,0.0
Gm36426,0.0
Gm36607,0.0
Adamts16,-1.777
Gm36529,-1.007
8030423J24Rik,0.0
1700112M02Rik,0.0
Gm40999,0.0
Irx1,0.0
Gm20554,0.0
Irx2,-1.057
Gm47902,0.0
D730050B12Rik,0.0
Irx4,0.0
Ndufs6,0.224
Mrpl36,-0.084
Eprn,-0.293
Lpcat1,-0.019
Slc6a3,0.958
Clptm1l,-0.146
Tert,0.4
Slc6a18,0.0
Slc6a19,1.661
Slc6a19os,0.0
Slc12a7,-0.317
Nkd2,-1.595
Trip13,-1.683
Brd9,-0.038
Gm41002,0.0
Zdhhc11,0.0
Gm15912,1.122
Tppp,1.446
Cep72,-0.824
Slc9a3,-0.442
Exoc3,0.402
Ahrr,0.197
Pdcd6,-0.451
Sdha,0.005
Ccdc127,-0.065
Lrrc14b,1.183
Zfp72,0.625
Ftl1-ps1,-0.624
Gm47428,-0.544
E430024I08Rik,-0.794
Gm49762,0.0
Zfp825,-0.026
Gm49763,0.0
Gm47467,-0.998
Gm47469,-1.16
Gm46430,-0.178
Erap1,-0.956
Cast,-1.03
Pcsk1,2.05
1700037F03Rik,0.0
Ell2,-1.175
Gm48302,-1.348
Glrx,0.77
Rhobtb3,-2.13
Spata9,-1.218
Rfesd,0.423
Gpr150,2.354
Arsk,-3.051
Ttc37,0.195
Fam81b,0.0
Gm31219,0.82
Mctp1,1.008
Slf1,-0.041
2210408I21Rik,0.089
Fam172a,-0.646
Pou5f2,-0.693
Gm38604,-1.147
3110006O06Rik,-0.206
Nr2f1,-3.661
A830082K12Rik,-3.547
Gm48399,0.0
Gm31946,-2.78
Gm32067,-0.291
Gm48402,0.0
Gm29318,0.0
Gm28526,0.0
Arrdc3,-0.765
1700023H06Rik,-1.422
5430425K12Rik,-0.188
Gm4211,0.727
9330111N05Rik,0.052
Gm49375,0.0
Adgrv1,0.436
Lysmd3,-0.794
Polr3g,1.191
Mblac2,1.292
Gm17259,0.032
Cetn3,0.073
Gm48155,0.0
2310067P03Rik,0.0
Mef2c,-4.378
C130071C03Rik,-2.841
Gm26803,-0.398
2810049E08Rik,-2.285
Gm4241,0.0
Gm17750,-1.311
A230107N01Rik,-0.168
Tmem161b,-0.167
Gm49223,-0.234
Ccnh,-0.03
Rasa1,-0.146
Cox7c,0.372
Gm34585,0.0
Edil3,-0.829
Hapln1,-3.367
Vcan,-2.202
Gm4117,-2.077
Xrcc4,-0.083
Tmem167,-0.41
Gm29680,0.0
Gm47520,0.03
Atp6ap1l,-0.106
Rps23,-0.301
Atg10,0.47
Gm47381,0.0
A830009L08Rik,-0.184
Gm29540,0.0
Ssbp2,-1.289
4833422C13Rik,-0.276
Acot12,-0.05
Zcchc9,-0.737
Ckmt2,-0.056
1700119I11Rik,0.0
Rasgrf2,1.602
Msh3,-0.139
Gm20379,-0.575
Dhfr,-1.028
C030017D09Rik,0.0
Ankrd34b,2.298
Fam151b,-0.664
Zfyve16,-0.344
Spz1,0.0
Serinc5,-1.373
Thbs4,-4.162
Mtx3,0.355
Gm31630,0.0
Cmya5,-1.138
Gm4814,0.108
A630019I02Rik,0.0
Tent2,-1.06
Homer1,-0.344
Jmy,-0.548
Bhmt,0.0
Gm15622,0.0
Bhmt2,0.0
Dmgdh,0.711
AW495222,0.0
Gm47210,-0.249
Arsb,-1.178
Gm47216,0.0
Lhfpl2,-1.737
Gm15907,0.0
Scamp1,1.225
Gm32089,0.0
Gm48102,0.0
Gm9776,-0.313
Ap3b1,-0.441
Gm48287,0.0
Gm32305,0.0
Gm32351,0.0
Tbca,0.789
Otp,0.249
Wdr41,0.66
Gm48350,0.0
Gm48420,0.832
Pde8b,0.282
Gm16243,0.0
Zbed3,-1.168
Aggf1,-0.874
Crhbp,1.933
S100z,0.0
F2rl1,-2.963
Gm48730,-0.105
F2r,0.486
Iqgap2,-4.164
F2rl2,0.996
AC171003.1,0.0
AC163685.1,0.0
Sv2c,1.32
Gm20075,0.434
Gm17190,0.068
Gm29543,1.135
Poc5,0.245
Ankdd1b,-0.538
Polk,-0.164
Gm17622,0.0
Col4a3bp,0.39
Gm48133,-0.041
Hmgcr,0.291
Ankrd31,0.0
Gcnt4,-1.503
Gm48597,0.0
1700029F12Rik,0.0
Fam169a,1.911
Gm6169,-0.031
Nsa2,-0.161
Gfm2,0.037
Hexb,-0.859
Enc1,0.394
C430039J16Rik,0.0
Gm33447,0.424
Lncenc1,1.201
Gm2379,-0.269
Gm41030,-0.067
Gm5086,-2.649
5330416C01Rik,0.009
Gm26619,-0.23
Gm10260,-0.348
Gm41031,0.0
Gm34388,0.258
Arhgef28,1.328
Utp15,0.156
Ankra2,0.805
Gm21976,0.0
Btf3,-0.089
Gm9828,0.537
Foxd1,-5.024
2310005E17Rik,0.018
Gm29501,0.0
Gm10320,-0.486
Gm48050,-0.352
Tmem174,0.0
Tmem171,-0.128
Gm9465,-0.574
Fcho2,-0.78
D130062J10Rik,-0.061
Gm47551,-0.773
Tnpo1,0.239
Gm35215,0.038
1700024P04Rik,0.0
Gm35279,0.31
A930014D07Rik,0.899
2310020H05Rik,0.0
Gm807,1.335
Zfp366,-2.886
Ptcd2,0.514
Mrps27,0.578
6430562O15Rik,0.32
Map1b,1.684
Gm26559,-0.14
Cartpt,1.849
Mccc2,0.001
Bdp1,-0.391
BC001981,0.024
Serf1,1.024
Smn1,-0.062
Naip2,-2.129
Naip5,-1.477
Naip6,-1.276
Naip1,0.0
Gtf2h2,-0.282
Ocln,-2.181
Gm48596,0.0
Marveld2,0.575
Rad17,-0.471
Ak6,0.414
Taf9,-0.24
Ccdc125,-2.131
Cdk7,-0.931
Mrps36,0.33
Cenph,-1.074
Ccnb1,-3.93
Slc30a5,-0.419
Gm29502,1.748
5930438M14Rik,0.493
4932411K12Rik,-0.12
Gm41043,-0.044
Gm47533,0.132
Gm29341,0.0
Pik3r1,0.377
Gm47007,0.0
Gm29927,-0.081
Cd180,-2.718
Mast4,-1.09
1700099I09Rik,-0.121
Gm17160,0.0
Gm30551,0.0
Srek1,-0.452
Erbin,-1.039
Gm47849,1.427
Gm47851,0.229
Nln,0.723
Sgtb,1.276
Trappc13,0.252
Shld3,-0.08
Trim23,0.385
Ppwd1,-1.025
Cenpk,-1.669
Adamts6,-0.867
Cwc27,-0.208
2610204G07Rik,0.0
Srek1ip1,-0.623
Shisal2b,1.15
Rgs7bp,1.4
4933425L06Rik,0.0
Rnf180,0.595
Htr1a,0.205
Gm10739,0.0
Gm30411,-0.419
Gm28989,0.0
Ipo11,-0.051
Gm28988,0.0
Dimt1,0.026
Kif2a,0.953
3830408C21Rik,0.34
Gm48684,-0.179
Gm31452,0.682
AI197445,-1.645
Gm32004,0.0
Gm32090,-1.473
1700006H21Rik,0.078
Zswim6,-1.492
B230220B15Rik,0.0
Ndufaf2,0.161
Smim15,-1.38
Ercc8,0.599
Elovl7,1.589
Gm2822,0.091
Depdc1b,-1.651
Pde4d,-0.099
Rab3c,1.862
Gapt,-0.79
Plk2,-0.806
Gm33045,0.0
Gm33172,-0.323
4930526H09Rik,0.0
Gm38397,0.0
3110015C05Rik,-0.068
Actbl2,0.0
Gm6270,0.0
Gpbp1,-0.294
Gm15290,0.0
Gm15288,0.0
Gm15286,0.0
Gm10198,0.0
Mier3,-1.09
Gm15287,0.023
Map3k1,-1.12
Gm15327,-1.02
Gm15325,0.0
Gm15324,-0.858
Gm15326,-1.912
Gm15322,0.0
Gm15323,0.0
Gm48802,0.119
Ankrd55,1.826
Gm48837,0.015
2810403G07Rik,-1.55
Gm48876,0.0
Gm48879,0.0
Il6st,-1.304
Il31ra,-0.349
Ddx4,0.687
Slc38a9,-0.122
Gm47827,0.0
Gm47850,0.0
Plpp1,0.564
Mtrex,0.065
Dhx29,0.24
Ccno,-1.804
Mcidas,0.153
Cdc20b,0.0
Gpx8,-5.112
4930563N14Rik,0.0
Gzma,-1.164
1700084D21Rik,0.0
Gzmk,0.086
Esm1,-3.99
BC067074,-2.667
Gm41071,0.0
4921509O07Rik,0.114
Gm34471,0.599
Snx18,-0.384
Hspb3,0.798
Gm34586,0.0
Arl15,-0.206
A430090L17Rik,-0.29
Ndufs4,0.253
Fst,0.546
Gm47040,0.06
4930467J12Rik,0.0
4930544M13Rik,0.0
Mocs2,-0.266
Itga2,-4.118
Itga1,-2.33
Pelo,-0.233
Gm10734,-1.53
Isl1,1.939
Gm47914,0.247
Gm47913,0.0
4930435F18Rik,0.113
Parp8,0.823
Gm6416,0.0
Emb,1.572
Gm17509,1.328
Hcn1,-1.235
4933413L06Rik,0.0
Mrps30,0.062
B430218F22Rik,0.762
1700003P14Rik,0.0
Gm10732,0.0
Fgf10,1.227
Gm16263,0.068
Gm47336,0.0
Nnt,-1.652
Paip1,0.269
4833420G17Rik,-0.405
Gm9752,0.0
3110070M22Rik,-0.513
Tmem267,0.424
Gm48265,0.0
Ccl28,0.498
1700074H08Rik,0.0
Hmgcs1,0.198
Gm48342,-1.124
Nim1k,-0.13
Gm41077,0.316
Zfp131,-0.375
AF067063,0.0
D13Ertd608e,0.0
Tcstv1,0.0
Gm21761,0.0
B020031M17Rik,0.0
Gm36161,-0.911
Gm36079,0.0
Gm21188,-1.341
Gm20767,0.0
Gm21818,0.0
Gm21762,0.0
Gm21731,0.0
AF067061,0.0
BC147527,-0.909
Tcstv3,0.0
Gm2888,0.029
Gm2897,0.881
Gm10340,0.0
Gm17188,0.0
Gm5795,0.485
D830030K20Rik,2.12
1700110I01Rik,0.0
Gm2956,0.0
Gm10413,0.0
Gm10409,0.0
Gm3005,0.108
Gm10408,0.0
Gm3012,0.0
Gm3020,0.0
Gm3043,0.0
Gm3002,0.353
Gm26886,0.0
Gm3033,0.0
Gm2916,0.0
Gm3029,0.0
Gm3095,0.0
Gm3099,0.0
Gm5796,0.665
Gm3115,0.0
Gm8108,0.093
Gm3127,0.0
Gm2974,1.023
Gm3138,0.0
Gm3149,0.0
2610042L04Rik,0.42
Gm3159,0.0
Gm3164,1.284
Gm3173,0.0
Gm3182,0.0
Gm26655,0.0
Gm3047,0.0
Gm8159,0.0
Gm3239,0.0
Gm7876,0.0
Gm3252,0.627
Gm9602,0.0
Gm3269,0.0
Gm3264,0.381
Gm26650,0.0
Gm3278,0.101
Gm8297,0.0
Gm3298,0.0
4930555G01Rik,0.0
Gm8281,0.712
Gm8279,0.0
Gm26552,0.0
Gm3317,0.0
Gm8271,0.0
Gm3526,0.0
Gm3542,0.0
Gm3500,0.246
Gm3194,0.0
Gm8246,0.0
Gm3187,0.0
Gm3488,1.558
Gm26893,0.0
Gm3532,0.0
Gm3383,0.0
Gm8265,0.0
Gm9603,0.0
Gm3373,0.118
Gm3424,0.0
Gm8237,1.125
Gm3248,1.138
Gm3453,0.0
Gm8206,0.729
Gm6337,0.0
Gm3468,0.9
Gm3476,0.0
Gm21560,0.0
Gm3411,1.22
Gm21103,0.0
Gm26630,0.0
Gm16440,0.0
Gm3591,0.473
Gm3594,0.0
Gm8356,0.0
Gm3629,0.0
Gm3460,0.0
Gm10251,0.0
Gm26680,0.0
Gm8050,0.108
Gm3636,1.695
Gm8362,0.0
Gm3642,0.0
Gm3667,1.879
Gm6356,0.0
Gm10406,1.536
Gm3685,0.0
Gm3696,1.52
Gm6676,0.0
Gm3512,1.722
Gm16434,0.0
Gm3727,0.0
Gm3739,1.265
Gm5797,0.0
Gm8374,0.0
Gm10339,0.0
4933406F09Rik,0.0
Gm3755,0.0
Gm3752,1.154
Gm3558,1.588
Gm10338,0.0
Gm10128,0.0
Gm16741,0.04
Flnb,-1.761
Gm45521,0.0
Dnase1l3,0.025
Abhd6,-0.056
Rpp14,0.202
Pxk,0.096
Pdhb,0.531
Kctd6,0.737
Acox2,0.0
Fam107a,-3.667
Oit1,-0.027
2610318M16Rik,0.0
4930452B06Rik,0.554
4930455B14Rik,0.0
Gm48370,0.0
Gm48371,0.0
Fhit,0.68
Gm48439,0.0
Fhitos,0.0
Gm3839,0.445
Gm48594,0.0
Gm48595,0.0
Ptprg,0.149
Gm3848,0.0
3830406C13Rik,0.249
D030051J21Rik,-1.058
Fezf2,0.0
Cadps,1.978
Gm48239,0.008
Gm48526,0.0
Gm5087,-0.651
Synpr,0.971
Sntn,0.0
Gm281,0.0
Gm11100,-0.182
Thoc7,0.356
Atxn7,-0.833
Psmd6,0.47
Olfr720,0.011
Gm48857,0.0
Olfr31,0.054
Gm48860,1.202
Il3ra,-1.301
Olfr721-ps1,0.0
Slc4a7,-0.278
Nek10,0.231
Gm31517,0.0
4921522A10Rik,0.0
Gm47758,0.0
Gm31577,0.189
Lrrc3b,2.121
B230110C06Rik,1.598
Gm47782,0.0
Gm31804,0.0
Gm47780,0.0
1700062C10Rik,0.0
Oxsm,-0.139
Gm47794,-0.595
Ngly1,-0.419
5430414B19Rik,-0.978
Gm47798,-0.832
Gm48163,-0.762
Top2b,-0.119
Rarb,-1.624
Gm48162,0.0
Thrb,-0.388
Gm48321,-0.008
Nr1d2,-0.619
Rpl15,0.086
Nkiras1,1.268
Ube2e1,0.608
Ube2e2,1.033
Gm48099,0.0
Gm21738,0.0
Gm48105,0.0
Gm2244,0.146
Gm2237,0.801
Gm5458,0.0
Gm41102,0.0
4930469B13Rik,0.0
Nid2,-5.217
Rtraf,-0.285
D14Ertd670e,0.0
Gm48283,0.76
Gng2,1.361
Saysd1,0.102
Kcnk5,-4.524
Gm48395,0.0
Kcnk16,0.089
Nudt13,-0.783
Ecd,0.004
Fam149b,0.281
Gm30054,-0.269
Dnajc9,-1.28
Mrps16,-0.227
Cfap70,-1.982
7330404K18Rik,0.019
Anxa7,0.223
Mss51,-0.405
Ppp3cb,1.047
1810062O18Rik,-0.57
Usp54,-0.793
2810402E24Rik,-1.204
Myoz1,-1.028
Synpo2l,-0.953
Sec24c,-0.147
6230400D17Rik,-0.35
Fut11,-0.252
Chchd1,0.357
Zswim8,0.065
Ndst2,-1.005
Camk2g,0.583
Gm30108,-0.515
Plau,-2.577
Vcl,-2.315
Ap3m1,-0.118
Adk,0.16
Gm30363,0.64
Kat6b,-0.53
Dupd1,-0.107
Dusp13,0.112
Gm15935,0.0
Samd8,0.022
Vdac2,0.27
Comtd1,0.986
A430057M04Rik,0.21
4931407E12Rik,0.0
Zfp503,-1.805
Lrmda,-2.193
Gm7480,0.0
4930405A10Rik,0.0
Gm47601,-1.248
Gm10248,-0.111
Kcnma1,1.918
Gm29626,0.0
4930519K11Rik,0.081
Gm31392,0.108
AC163638.2,0.0
Dlg5,0.223
Gm17105,0.07
E330034G19Rik,-2.527
Gm47774,0.0
Gm47814,0.251
Polr3a,0.12
Rps24,-0.148
4930542C16Rik,0.098
4930428N03Rik,0.457
Gm47906,0.075
Gm10398,0.0
Gm38408,0.367
Gm32123,0.041
Gm32224,0.132
4930572O13Rik,0.0
Zmiz1os1,-0.17
Gm26660,-1.074
Gm17747,0.0
Zmiz1,0.067
Gm47920,-0.903
Gm47921,0.0
Ppif,0.098
Ppifos,-0.174
Zcchc24,-4.545
Anxa11,-2.846
Anxa11os,0.0
Plac9a,-1.136
Tmem254a,-0.175
Cphx1,0.0
Duxbl1,-1.137
Gm9780,-3.281
Tmem254c,-0.05
Cphx2,0.0
Cphx3,-0.766
Duxbl2,0.0
Plac9b,-4.551
Tmem254b,0.0
Duxbl3,-1.209
Gm34059,0.0
4933413J09Rik,-0.376
Slmapos2,-0.385
Slmap,-1.013
Dennd6a,-0.746
Arf4os,-0.359
Arf4,-0.737
Pde12,-0.7
9930004E17Rik,-0.784
Dnah12,-0.044
Asb14,-0.205
Appl1,0.163
Hesx1,-0.332
Il17rd,-0.943
Arhgef3,0.031
Tasor,-1.174
Ccdc66,-0.411
Erc2,1.984
Gm45645,0.441
Wnt5a,-1.604
Gm2670,-0.079
Gm35164,0.0
Gm35217,0.034
Cacna2d3,1.627
Lrtm1,0.249
Gm48004,0.208
Gm48006,0.0
Gm48003,0.0
Gm48058,0.0
Gm41118,0.0
Gm35281,0.0
Gm47414,-0.353
Selenok,0.021
Actr8,0.244
Il17rb,-0.466
Chdh,-0.974
Cacna1d,0.879
CT009536.1,-0.236
Dcp1a,-0.735
Tkt,0.179
Prkcd,-1.1
Gm7644,-0.629
Rft1,-0.789
Sfmbt1,-0.086
1700087M22Rik,0.0
Stimate,-0.241
Mustn1,-5.754
Itih4,-0.289
Itih3,-1.892
Itih1,0.0
Nek4,-0.798
Spcs1,-0.179
Glt8d1,-1.552
Gnl3,-0.224
Pbrm1,-0.176
Smim4,-0.085
Nt5dc2,0.323
Stab1,-4.312
Nisch,0.226
Tnnc1,1.799
Sema3g,-3.174
Phf7,-0.387
Bap1,0.497
Dnah1,0.923
Gm35823,0.609
Gm49217,0.0
Gm49791,0.0
Capn7,0.3
Sh3bp5,0.195
Mettl6,-0.475
Eaf1,0.326
Colq,1.378
Hacl1,-1.011
Btd,-1.379
Ankrd28,-0.855
D830044D21Rik,0.067
4930425P05Rik,-0.311
Galnt15,-1.902
Dph3,-0.004
Oxnad1,-0.154
Msmb,0.0
Ncoa4,-0.181
Timm23,0.094
Parg,0.267
Gm17210,0.036
Gm46447,0.172
Gm48914,-0.561
Ogdhl,0.993
1700024G13Rik,0.228
Chat,0.917
Slc18a3,1.607
Gm2990,1.82
Ercc6,-0.052
Prrxl1,1.743
3425401B19Rik,-0.224
Gm28651,0.0
Tmem273,-3.038
Fam170b,0.0
Vstm4,-5.3
Wdfy4,-2.676
Lrrc18,-1.215
Arhgap22,1.344
Gm49030,0.0
Gm15512,0.049
Mapk8,0.589
Frmpd2,0.149
Ptpn20,0.388
Gm49108,0.0
4930503F20Rik,0.0
Gdf10,-1.984
Gdf2,0.0
Rbp3,0.0
Zfp488,0.0
Gm30083,0.0
Gm5460,0.0
A630023A22Rik,0.369
Antxrl,0.0
Anxa8,0.124
Gm30556,0.0
Npy4r,1.303
Gprin2,1.611
Syt15,-2.078
Gm49201,0.222
Shld2,-0.736
Glud1,0.156
Fam25c,0.044
Sncg,2.173
Mmrn2,-2.79
Bmpr1a,-0.649
Gm17110,0.0
9230112D13Rik,-0.152
Ldb3,0.738
Opn4,0.0
Gm49012,1.01
Gm49024,0.0
Gm49025,0.134
5830448L01Rik,0.756
Wapl,-0.822
A930038B10Rik,0.183
Gm49032,1.995
Grid1,-0.427
4930596D02Rik,0.0
4930474N05Rik,0.0
Ccser2,-0.351
Rgr,0.0
Lrit1,0.0
Lrit2,0.0
Cdhr1,2.319
2610528A11Rik,-0.673
Ghitm,0.474
Gm31393,0.0
Gm31456,0.0
Nrg3,2.081
Gm20641,0.0
Nrg3os,0.0
Gm20642,0.008
1700109I08Rik,0.0
Sh2d4b,-0.392
Tspan14,-2.483
Prxl2a,0.069
Dydc2,1.237
Gm47547,-2.701
Dydc1,0.0
Mat1a,0.0
Sftpa1,0.0
Mbl1,0.0
Sftpd,-0.075
Gm2832,0.0
Gm5798,0.0
Gm7945,0.0
Gm6482,0.0
Gm7954,0.0
Gm3486,0.0
Gm7970,0.0
1700049E17Rik2,0.0
Gm3072,0.0
Gm3676,0.0
Gm8068,0.0
Gm7929,0.0
Gm47189,0.0
Gm7980,0.0
1700049E17Rik1,0.0
1700024B05Rik,0.0
Gm6401,0.0
Gm3543,0.0
Gm7951,0.0
Gm17027,0.0
Gm3573,0.0
Gm17026,0.0
Gm9611,0.0
Gm7995,0.0
Gm8005,0.0
Gm8011,0.0
Gm8020,0.0
Gm8024,0.0
Gm17124,0.0
Gm3633,0.0
Gm10378,0.0
Gm3015,0.0
Gm10377,0.0
Gm21977,0.0
Gm8082,0.0
Gm10376,0.0
Gm8094,0.0
Gm8104,0.072
Gm49135,0.0
Gm7233,0.0
Gm8122,0.0
Gm8126,0.0
Gm9732,0.022
Gm8127,0.0
1700001F09Rik,0.0
Gm8138,0.0
Gm5799,0.0
Gm17654,0.0
Gm10375,0.0
Gm21154,0.0
Gm8165,0.0
Gm7324,-0.352
Gm16506,0.0
Gm6526,0.094
Gm49965,-0.028
Gm8180,0.0
Gm41138,0.0
Gm49083,-0.325
Ear1,0.0
Ear10,0.0
Gm8113,0.229
Ang5,0.0
Gm49087,0.0
Ang6,0.0
Gm3287,0.0
Gm49099,0.0
Gm49101,0.0
Ear2,-2.592
Gm3327,0.0
4930503E14Rik,0.279
1700047E10Rik,0.0
Gm8212,0.0
Gm32857,0.465
Gm8220,0.0
Gm5930,0.061
Gm8229,0.0
Gm3371,0.0
Gm8232,0.0
Gm49779,0.0
BC061237,0.0
Gm17093,0.0
AC160336.1,-0.269
Gm5624,0.0
Gm8247,0.0
Gm8257,0.141
Gm8267,0.066
Gm34060,0.0
Gm49145,0.0
Ptgdr,0.306
4930431P03Rik,0.0
Gm17173,-0.251
Ptger2,-0.184
Gm49180,0.0
Txndc16,-0.882
Gpr137c,0.818
Gm49194,0.755
Ero1l,0.266
Psmc6,0.322
Styx,-0.772
Gnpnat1,-0.167
Gm34250,0.0
Fermt2,-1.488
4930527F14Rik,-0.612
Gm41144,0.0
Gm49123,-0.136
Gm15601,-1.269
Gm49124,0.0
Ddhd1,-0.41
A530076I17Rik,-2.745
Gm15218,0.0
Gm49192,0.0
Gm15217,0.0
Bmp4,-0.263
Gm15222,-0.928
Gm15221,0.0
Gm48910,0.0
Gm48911,0.0
Gm34756,0.0
Gm48912,0.0
E130120K24Rik,0.0
Rubie,0.098
4933425B07Rik,0.0
D330046F09Rik,0.398
Gm48917,0.0
Gm48924,0.0
Cdkn3,-1.807
Cnih1,0.381
Gm48933,0.308
Gmfb,0.51
Gm10101,-0.586
Cgrrf1,-0.238
Gm48949,-0.015
Gm34934,-1.445
Samd4,-0.438
2810457G06Rik,-0.558
Gm15562,0.0
Gm10371,-0.443
Gch1,1.73
Wdhd1,-0.357
Gm49150,0.0
Socs4,-0.37
Mapk1ip1l,-0.052
Gm49189,-0.464
Lgals3,-2.226
Dlgap5,-3.242
Gm48975,0.0
Fbxo34,0.547
Gm35166,-1.005
Atg14,-0.158
Gm49004,0.0
Ktn1,-0.357
4930538L07Rik,0.0
Gm41148,0.0
Gm49302,0.0
Gm35360,0.0
4930447J18Rik,0.0
Gm49303,0.0
Gm49304,-0.034
Gm49305,0.0
Gm49306,0.0
Peli2,-1.959
1700128I11Rik,0.0
Tmem260,-1.011
Gm49519,-0.561
4930572G02Rik,-0.616
Gm49120,0.0
Gm35766,0.0
Gm49151,0.0
Otx2,0.0
Otx2os1,0.0
Gm49156,0.0
Gm534,0.0
4933429O19Rik,0.0
Exoc5,0.344
Ap5m1,-0.132
Naa30,0.504
Gm48935,0.089
ccdc198,0.04
Slc35f4,1.854
Gm48940,0.015
Armh4,1.711
Gm36146,0.0
Olfr722,0.0
Olfr723,0.0
Olfr724,0.0
Olfr725,0.0
Olfr726,0.0
Olfr727,0.0
Olfr728,0.0
Olfr729,0.0
Olfr730,0.0
Olfr731,0.422
Olfr732,0.0
Olfr733,0.0
Olfr734,0.0
Olfr735,0.0
Tlr11,-0.355
Olfr736,0.0
Olfr738,0.0
Olfr739,0.0
Olfr740,0.0
Olfr741,0.0
Olfr742,0.143
Olfr743,0.0
Olfr744,0.0
Olfr745,0.0
Olfr746,0.0
Olfr747,0.0
Olfr748,0.0
Olfr749,0.0
Ttc5,-0.047
Ccnb1ip1,-0.286
Parp2,-0.183
Tep1,-0.432
Gm26782,1.088
Klhl33,0.945
Osgep,-0.751
Apex1,0.138
Pip4p1,0.569
Pnp,-0.306
Pnp2,0.385
Rnase10,-0.307
Rnase9,0.0
Rnase11,0.0
Rnase12,-0.07
Olfr750,0.0
Rnase4,-0.527
Ang,-0.799
Eddm3b,0.0
Rnase6,-3.61
1810028F09Rik,0.0
Rnase1,-0.855
Rnase2b,0.0
Ang2,0.0
Ear14,0.0
Rnase2a,0.0
Gm21718,0.0
4930597G03Rik,0.0
Gm7247,0.0
Vmn2r88,0.0
Vmn2r89,0.0
Gm5622,0.141
Gm17175,0.0
Gm17174,0.0
Gm17078,0.0
Gm4181,0.0
Gm17079,0.0
Gm5800,0.0
Ang4,0.0
AY358078,0.0
Ear6,0.0
Mettl17,0.016
Slc39a2,-0.007
Ndrg2,-0.754
Tppp2,0.0
Rnase13,0.0
Gm49076,0.0
Arhgef40,-1.225
Gm16617,-0.464
Zfp219,-1.547
Tmem253,-0.722
Gm49086,0.931
Gm49256,0.011
Olfr221,0.0
Hnrnpc,-0.218
Rpgrip1,0.08
Supt16,-0.124
Gm26590,-0.995
Chd8,0.002
Rab2b,0.538
Tox4,-0.053
Mettl3,-0.113
Sall2,0.252
Olfr1513,0.0
Olfr1512,0.0
Olfr1511,0.0
Olfr1510,0.0
Trav1,0.0
Olfr1509,0.0
Olfr1508,0.0
Olfr1507,0.0
Trav2,0.0
Trav3-1,0.0
Trav4-1,0.0
Trav5-1,0.0
Trav6-1,0.0
Trav7-1,0.0
Trav6-2,0.0
Trav7d-2,0.0
Trav4d-2,0.0
Trav6d-3,0.0
Trav7d-3,0.0
Trav6d-4,0.0
Trav7d-4,0.0
Trav8d-1,0.0
Trav9d-1,0.0
Trav6d-5,0.0
Trav10d,0.0
Trav6d-6,0.0
Trav11d,0.0
Trav7d-5,0.0
Trav12d-1,0.0
Trav13d-1,0.0
Trav14d-1,0.0
Trav15d-1-dv6d-1,0.0
Trav3d-2,0.0
Trav9d-2,0.0
Trav4d-3,0.0
Trav5d-2,0.0
Trav12d-2,0.0
Trav9d-3,0.0
Trav5d-3,0.0
Trav12d-3,0.0
Trav13d-2,0.0
Trav14d-2,0.0
Trav15d-2-dv6d-2,0.0
Trav3d-3,0.0
Trav9d-4,0.0
Trav4d-4,0.0
Trav5d-4,0.0
Trav6d-7,0.0
C920008G01Rik,0.0
Gm30214,0.0
Trav13d-3,0.0
Trav8d-2,0.0
Trav16d-dv11,0.0
Trav13d-4,0.0
Trav14d-3-dv8,0.0
Trav15d-3,0.0
Trav7n-4,0.0
Trav9n-1,0.0
Trav6n-5,0.0
Trav10n,0.091
Trav6n-6,0.0
Trav11n,0.0
Trav7n-5,0.0
Trav12n-1,0.0
Trav13n-1,0.0
Trav14n-1,0.0
Trav15n-1,0.0
Trav3n-2,0.0
Trav9n-2,0.0
Trav4n-3,0.0
Trav5n-2,0.0
Trav12n-2,0.0
Trav9n-3,0.0
Trav5n-3,0.0
Trav12n-3,0.0
Trav13n-2,0.0
Trav14n-2,0.0
Trav15n-2,0.0
Trav3n-3,0.0
Trav9n-4,0.0
Trav4n-4,0.0
Trav5n-4,0.0
Trav6n-7,0.0
Trav7n-6,0.0
Gm43650,0.0
Trav13n-3,0.0
Trav8n-2,0.0
Trav16n,0.0
Trav13n-4,0.0
Trav14n-3,0.0
Trav15n-3,0.0
Trav7-2,0.0
Trav4-2,0.0
Trav6-3,0.0
Trav7-3,0.0
Trav6-4,0.0
Trav7-4,0.0
Trav8-1,0.0
Trav9-1,0.0
Trav6-5,0.0
Trav10,0.0
Trav6-6,0.0
Trav11,0.0
Trav7-5,0.0
Trav12-1,0.0
Trav13-1,0.0
Trav14-1,0.0
Trav15-1-dv6-1,0.0
Trav3-2,0.0
Trav9-2,0.0
Trav4-3,0.0
Trav5-2,0.0
Trav12-2,0.0
Trav12-3,0.0
Trav13-2,0.0
Trav14-2,0.0
Trav15-2-dv6-2,0.0
Trav3-3,0.0
Trav9-4,0.0
Trav4-4-dv10,-0.066
Trav5-4,0.0
Trav6-7-dv9,0.0
Trav7-6,0.0
Trav13-3,0.0
Trav8-2,0.0
Trav16,0.0
Trav13-4-dv7,0.0
Trav14-3,0.0
Trav15-3,0.0
Trav3-4,0.0
Trav12-4,0.0
B230359F08Rik,0.0
Trav17,0.0
Trav18,0.0
Trav19,0.0
Trav20,0.0
Trav21-dv12,0.0
Trdv1,0.0
Gm43647,0.0
Trav22,0.0
Trdv2-1,0.0
Trdv2-2,0.0
Trav23,0.0
Trdv3,0.0
Gm30275,0.0
Trdv4,-0.581
Trdd1,0.0
Trdd2,0.0
Trdj1,0.0
Gm43434,0.0
Trdj2,0.0
Trdc,-2.667
Trdv5,0.0
Traj61,0.0
Traj60,0.0
Traj59,0.0
Traj58,0.0
Traj57,0.0
Traj56,0.0
Traj55,0.0
Traj54,0.0
Traj53,0.0
Traj52,0.0
Traj51,0.0
Traj50,0.0
Traj49,0.0
Traj48,0.0
Traj47,0.0
Traj46,0.0
Traj45,0.0
Traj44,0.0
Traj43,0.0
Traj42,0.0
Traj41,0.0
Traj40,0.0
Traj39,0.0
Traj38,0.0
Traj37,0.0
Traj36,0.0
Traj35,0.0
Traj34,0.0
Traj33,0.0
Traj32,0.0
Traj31,0.0
Traj30,0.0
Traj29,0.0
Traj28,0.0
Traj27,0.0
Traj26,0.0
Traj25,0.0
Traj24,0.0
Traj23,0.0
Traj22,0.0
Traj21,0.0
Traj20,0.0
Traj19,0.0
Traj18,0.0
Traj17,0.0
Traj16,0.0
Traj15,0.0
Traj14,0.0
Traj13,0.0
Traj12,0.0
Traj11,0.0
Traj9,0.0
Traj8,0.0
Traj7,0.0
Traj6,0.0
Traj5,0.0
Traj4,0.0
Traj3,0.0
Traj2,0.0
Traj1,0.0
Trac,-1.997
Dad1,-0.155
Abhd4,-2.467
Olfr49,0.0
Gm43305,-2.724
5330426L24Rik,-0.067
Oxa1l,-0.535
Slc7a7,-0.112
Mrpl52,-0.094
Mmp14,-4.907
Gm10366,0.688
Lrp10,-1.005
Rem2,1.44
Prmt5,0.223
Haus4,-0.264
Ajuba,-4.981
4931414P19Rik,-0.465
Psmb5,0.573
Psmb11,-0.594
Cdh24,-1.518
Gm17606,0.0
Acin1,-0.088
4930579G18Rik,-0.462
1700123O20Rik,0.182
Gm29776,-0.344
Cebpe,-0.023
Slc7a8,1.22
Rnf212b,0.671
Homez,-0.006
Ppp1r3e,0.689
Bcl2l2,0.491
Pabpn1,-0.141
Slc22a17,0.339
Efs,-3.098
Il25,-2.691
Cmtm5,-4.5
Gm49130,-2.211
Myh6,-0.154
Mhrt,-0.889
Myh7,0.454
Gm29015,0.0
Gm17428,0.0
Gm31251,0.0
Ngdn,-0.257
Zfhx2os,-0.896
Zfhx2,1.749
Thtpa,0.214
Ap1g2,-0.373
Jph4,2.38
Dhrs2,-5.142
Gm49022,0.0
Dhrs4,-1.718
Carmil3,1.457
Cpne6,1.707
Nrl,1.585
Gm10876,0.133
Pck2,0.14
A730061H03Rik,-0.17
Dcaf11,0.093
Gm15932,0.0
Fitm1,-0.923
Psme1,-0.024
Emc9,1.334
Psme2,-0.248
Rnf31,-0.461
Irf9,-0.861
Rec8,1.67
Ipo4,0.668
Tm9sf1,-1.479
Gm49747,-0.636
Tssk4,-0.539
Mdp1,0.119
Nedd8,0.468
Gmpr2,-0.046
Tinf2,-0.808
Gm49067,0.0
Tgm1,-1.826
Rabggta,0.24
Dhrs1,-0.138
Nop9,-0.273
Cideb,-1.743
Ltb4r2,-0.439
Ltb4r1,-1.621
Adcy4,-3.22
Ripk3,-4.244
Nfatc4,-2.292
Nynrin,0.365
Cbln3,-0.392
Khnyn,-0.068
Sdr39u1,1.627
Gm48925,0.0
Cma1,-2.042
Cma2,0.0
Mcpt1,0.0
Mcpt9,0.0
Mcpt2,-0.197
Mcpt4,-1.233
Mcpt8,0.0
Ctsg,-0.036
Gzme,0.0
Gzmd,0.0
Gzmg,0.0
Gzmn,0.0
Gm4022,0.0
Gzmf,0.0
Gzmc,0.0
Gzmb,-0.19
Atp12a,-0.178
Gm10873,0.0
Rnf17,0.42
Cenpj,-0.288
Parp4,0.0
Gm16573,0.0
Mphosph8,0.572
Gm16973,-0.42
Pspc1,-0.09
Zmym5,-0.048
2410022M11Rik,-0.883
Zmym2,0.305
B020004C17Rik,0.0
Gja3,0.993
Gjb2,-3.457
Gm4491,0.0
Gjb6,-0.118
Cryl1,-0.577
Ift88,0.522
Ift88os,0.0
Il17d,-0.646
Eef1akmt1,0.773
1700039M10Rik,0.212
Xpo4,-0.527
Lats2,-2.912
Sap18,-0.137
Ska3,-2.474
Mrpl57,0.655
Zdhhc20,-0.634
Micu2,-0.534
3110083C13Rik,1.59
Fgf9,-1.862
Gm33321,0.0
Gm48447,0.0
Gm33472,0.0
Gm41162,0.0
Gm48453,0.0
1700129C05Rik,0.0
Gm5142,0.0
Rcbtb1,0.268
Phf11a,-1.495
Phf11b,-2.715
Phf11d,-3.563
Phf11c,-0.041
Setdb2,-0.893
Cab39l,-0.932
Cdadc1,0.229
Shisa2,-0.909
Atp8a2,1.9
4930563I02Rik,0.611
Gm49336,0.268
Mtmr6,0.938
Amer2,1.933
Gm29266,0.0
Spata13,-0.716
C1qtnf9,-2.436
Mipepos,0.0
Mipep,0.089
Tnfrsf19,-1.372
Gm41168,0.0
Sacs,1.065
Sgcg,-0.704
1700109G14Rik,0.356
Arl11,-3.537
Ebpl,0.514
Kpna3,0.585
4930556J02Rik,-0.045
Spryd7,1.174
Trim13,-1.633
Dleu2,-2.763
Kcnrg,-0.987
Gm27010,-2.504
Gm26916,-0.884
Gm27017,-1.096
Gm35419,0.0
Gm26969,-0.049
Dleu7,1.02
Rnaseh2b,-0.033
Gucy1b2,0.638
Gm4131,0.0
Fam124a,1.363
Serpine3,0.0
Ints6,-0.767
Wdfy2,-0.747
Defb48,0.0
Defb47,0.162
Defb43,0.0
Defb30,0.0
Defb42,2.382
Ctsb,0.144
Fdft1,0.839
Neil2,0.85
Gata4,-0.379
Gm49390,0.0
Gm5463,0.149
Blk,-1.366
Fam167a,0.348
Tdh,0.262
Gm17232,0.0
Mtmr9,0.942
Gm15918,0.734
Xkr6,0.901
Pinx1,-0.419
Sox7,-3.758
4930578I06Rik,0.0
Rp1l1,0.0
Prss55,0.058
Prss51,0.0
4930471C04Rik,0.0
Prss52,0.0
Gm17116,0.039
9630015K15Rik,0.143
Msra,-0.18
Gm47202,0.0
Mir124a-1hg,1.453
Kif13b,-0.081
Hmbox1,0.351
Ints9,-0.243
Extl3,-0.23
Gm30008,0.0
Gm41177,0.0
Fzd3,-0.362
Fbxo16,0.599
Gm48433,0.0
Gm48449,0.0
Zfp395,-1.12
Pnoc,1.281
Elp3,0.624
Nuggc,0.046
Scara5,-3.128
Pbk,-3.461
Esco2,-3.415
Ccdc25,0.309
Scara3,-4.518
Clu,0.588
Gulo,0.923
Adam2,0.208
Ephx2,-0.989
Chrna2,0.386
Ptk2b,-0.649
1700001G11Rik,0.723
Trim35,0.016
Gm41183,0.045
Stmn4,1.785
Adra1a,-0.947
Gm10032,0.0
Dpysl2,1.312
Gm5464,-0.387
Pnma2,1.966
Bnip3l,-0.345
Ppp2r2a,-0.212
Gm30806,0.292
Gm20675,-0.831
Ebf2,-4.031
Gm6878,-1.085
1700120O09Rik,-0.607
4930438E09Rik,0.0
Gm10860,-0.62
Gm38409,-0.057
Gm20667,-1.93
Cdca2,-3.417
Kctd9,-0.572
Gnrh1,-0.796
Dock5,-2.105
Gm31107,2.109
Nefm,1.694
Nefl,2.011
Gm47212,0.042
Gm31227,0.0
Adam7,0.0
Adamdec1,-1.645
Adam28,-0.023
Gm41192,0.0
Stc1,-2.38
1700092C10Rik,0.0
Nkx2-6,0.0
Nkx3-1,0.054
Slc25a37,-0.717
Gm27222,-0.961
Gm27223,0.0
Synb,0.0
Gm16677,0.002
Entpd4,0.0
Gm27221,0.0
Gm16867,-0.062
Gm27175,0.0
Gm27179,0.0
Gm27174,0.0
Entpd4b,0.0
Gm27176,0.0
Gm27177,0.0
Loxl2,-3.601
R3hcc1,0.302
Chmp7,0.457
Tnfrsf10b,-2.544
Rhobtb2,0.821
Pebp4,-0.609
Gm33524,-0.553
Egr3,-4.596
Bin3,-1.061
Ccar2,0.137
9930012K11Rik,-0.331
Pdlim2,-0.783
Sorbs3,-4.233
Gm49417,-0.937
Ppp3cc,0.27
Slc39a14,-0.666
Piwil2,-0.148
Polr3d,-0.083
Phyhip,1.543
Bmp1,-2.347
Sftpc,0.0
Lgi3,1.077
Reep4,-1.181
Hr,0.324
Nudt18,1.039
Fam160b2,-0.044
Dmtn,1.998
Fgf17,0.117
Npm2,-0.098
Xpo7,0.02
Dok2,-1.435
2410012E07Rik,0.485
Gfra2,-0.079
Gm49289,-0.255
Gm4251,0.191
4930429C20Rik,0.0
4930434J06Rik,0.0
Gm9195,0.0
Fndc3a,-0.099
Gm16549,-0.191
Gm49293,0.0
Gm41206,0.0
Cysltr2,-0.345
Rcbtb2,-0.671
Gm17233,-0.147
Rb1,-0.004
Lpar6,-2.778
Itm2b,-0.952
Med4,-0.392
Nudt15,0.285
Sucla2,0.607
Gm21750,0.0
Gm49165,0.0
Gm49164,-0.911
Gm49171,0.52
4933402J15Rik,0.0
Gm49175,0.0
Htr2a,-0.237
Esd,-0.012
Lrch1,-1.337
Gm10847,-0.346
Gm4278,0.0
Rubcnl,-2.555
Lrrc63,-0.139
Lcp1,-4.379
Gm15628,0.0
Gm15629,0.0
Cpb2,0.0
Zc3h13,-0.294
Gm49200,0.0
Siah3,1.34
Spert,0.0
Erich6b,0.0
Cog3,-0.197
Slc25a30,0.536
Gm4285,-1.325
Tpt1,-0.784
Gtf2f2,-0.253
Kctd4,-0.524
Gpalpp1,-0.227
Nufip1,-0.057
2900040C04Rik,0.0
Tsc22d1,0.1
E130202H07Rik,0.396
Serp2,2.195
1700108F19Rik,-0.014
4930431P22Rik,-0.229
Gm30246,0.0
Gm48968,0.0
Gm48969,-0.101
Lacc1,-2.438
Ccdc122,-1.874
Enox1,1.562
Gm49002,-0.006
Gm6994,0.688
Gm49003,0.0
Gm30467,0.093
Gm1587,0.082
Dnajc15,1.258
Epsti1,-2.453
Gm48954,0.096
Gm19301,0.08
Fam216b,0.118
Tnfsf11,-1.088
Akap11,0.86
Dgkh,0.621
Vwa8,0.171
Gm49016,0.0
Gm49015,0.0
Gm4632,-1.714
Zfp957,0.0
Rgcc,-3.478
Naa16,-0.691
Mtrf1,0.252
Kbtbd7,0.289
Kbtbd6,-0.629
Wbp4,0.503
Elf1,-2.183
Sugt1,0.365
Cnmd,-4.162
Gm49042,0.0
4930452G13Rik,-1.075
Pcdh8,-1.027
Gm9748,0.0
Gm6999,0.0
Gm10845,0.217
Gm49542,-0.42
Olfm4,-0.187
Gm49046,0.081
Gm41219,0.0
Gm49048,0.0
Gm49054,0.0
Gm32455,0.0
Pcdh17,-0.165
9630013A20Rik,-4.609
Gm32729,0.0
4930529K09Rik,0.0
Gm32815,1.225
Gm32913,-1.569
Diaph3,-2.965
Tdrd3,0.007
Gm33203,0.0
Pcdh20,0.907
Gm41225,0.0
Gm48941,0.0
4930474H20Rik,0.0
Gm33246,0.0
Gm48942,0.0
4930433E05Rik,0.0
Pcdh9,0.165
Gm33450,0.0
Spertl,0.0
Klhl1,0.863
Gm49007,0.0
Gm33525,0.0
Dach1,-0.933
Gm49018,0.0
Rpl36a-ps1,-0.089
Mzt1,0.105
Bora,-1.441
Dis3,-0.376
Pibf1,-0.296
Klf5,-2.481
Gm41230,0.0
Gm49225,0.0
Klf12,-2.127
4930517O19Rik,-0.029
Gm41231,-1.14
6330576A10Rik,0.0
Gm49237,0.0
Prr30,0.0
Tbc1d4,-0.415
Commd6,-0.49
Uchl3,0.308
Gm9922,-2.185
Lmo7,-1.653
Gm49292,0.175
Gm34589,-0.667
Kctd12,0.144
4933432I03Rik,0.034
Gm34643,-0.709
Acod1,-1.108
Cln5,-0.331
Fbxl3,-0.437
Mycbp2,0.843
1700087I21Rik,0.019
Gm34907,0.325
Scel,0.0
Slain1,0.26
Slain1os,0.0
Ednrb,-4.348
4930432J09Rik,-0.905
D130079A08Rik,0.0
Pou4f1,-0.348
Rnf219,0.002
D130009I18Rik,0.0
Rbm26,-0.537
Gm17066,-0.857
Ndfip2,-0.116
5430440P10Rik,-0.061
4930449E01Rik,0.0
Gm35909,0.043
9330188P03Rik,-3.383
Gm6145,0.183
Gm10076,-0.215
Gm48970,0.0
Spry2,-1.359
Trim52,0.0
Gm48972,0.0
Gm36107,-0.198
1700128A07Rik,-0.304
Gm48977,0.0
Slitrk1,-0.131
Slitrk6,-3.384
Gm48992,1.405
Slitrk5,0.238
Tpm3-rs7,-0.941
4930524C18Rik,0.0
Gm49010,0.0
1700100I10Rik,-0.067
Gm31072,0.0
Mir17hg,-1.868
Gpc5,0.855
4930505G20Rik,0.0
Gm20713,0.0
Gpc6,-1.04
Dct,-1.365
4930435M08Rik,0.0
Tgds,-0.84
Gpr180,-0.256
4933431J24Rik,0.388
Sox21,-0.22
Gm4675,-0.049
Gm9376,0.0
Gm32093,0.0
Gm26791,0.0
1700044C05Rik,0.026
Abcc4,0.979
Gm27198,-0.046
Cldn10,-1.495
Dzip1,-0.178
Gm49179,-0.252
Dnajc3,-1.447
Gm49768,0.225
Uggt2,0.331
Gm16835,1.398
Hs6st3,0.679
1700006F04Rik,0.0
4930404K13Rik,0.296
Oxgr1,0.0
Gm4681,0.133
Gm48997,0.28
Mbnl2,-0.169
Gm26679,0.146
Rap2a,-0.214
Gm49008,0.0
Gm17613,0.0
Gm41253,0.0
Ipo5,0.402
Farp1,-0.08
B930095G15Rik,1.059
Stk24,-0.479
Gm33299,0.0
Slc15a1,0.0
Gm49035,-0.073
Dock9,-1.541
1810041H14Rik,-0.27
Ubac2,-0.495
Gpr18,-1.125
Gpr183,-4.45
Timm8a2,-0.205
Gm49236,0.0
A330035P11Rik,-0.17
Tm9sf2,-0.675
Clybl,0.525
1700108J01Rik,0.0
Gm5089,0.0
Zic5,0.0
2610035F20Rik,0.0
Zic2,0.0
Gm10837,0.0
Pcca,-0.219
Ggact,-0.085
4930594M22Rik,-0.194
Tmtc4,0.028
Gm33906,0.0
Nalcn,1.668
Itgbl1,-2.091
Fgf14,1.865
Gm28932,0.0
1700024B18Rik,-0.272
4930404O17Rik,0.0
Gm49231,0.0
Selenop,-5.316
Ccdc152,-1.996
Ghr,-3.108
Fbxo4,-0.742
AW549877,0.243
Gm2093,-0.698
BC037032,-0.485
Oxct1,1.025
Gm15632,0.0
Plcxd3,2.391
C6,-0.161
Mroh2b,0.0
C7,-0.131
Card6,-2.067
Rpl37,0.027
Prkaa1,0.732
Gm15938,0.94
Ttc33,0.454
Ptger4,-0.537
Dab2,-4.926
Gm16311,0.0
C9,0.0
Fyb,-3.641
Gm2245,0.08
Rictor,-0.358
Osmr,-4.254
Lifr,0.228
Egflam,-3.635
Gm16029,-0.368
Gm49207,0.231
Gdnf,0.126
Wdr70,0.137
Nup155,0.012
Cplane1,0.391
Nipbl,-1.021
Gm49247,0.0
Gm31282,1.088
Gm49249,-0.487
Gm2310,0.0
Slc1a3,-4.681
Ranbp3l,-0.057
Nadk2,-0.514
Skp2,-0.957
Lmbrd2,1.104
Ugt3a1,0.0
Ugt3a2,0.0
Capsl,-0.459
Il7r,-3.05
Spef2,-1.654
Prlr,-2.77
Agxt2,0.0
Dnajc21,0.133
Brix1,-0.412
Rad1,-0.296
Ttc23l,-0.456
Rai14,-2.793
Gm10389,0.0
4930556M19Rik,-2.701
Gm19276,-0.177
C1qtnf3,-1.23
Amacr,-0.027
Slc45a2,0.0
Rxfp3,0.712
Adamts12,-5.002
Tars,-0.528
Gm49106,0.0
Gm49107,-0.404
Gm41271,-0.226
Npr3,-5.148
Gm5144,-3.746
1700047G03Rik,0.0
Sub1,0.286
Gm34759,-0.57
Zfr,0.484
Gm49240,0.0
Mtmr12,-0.933
1810049J17Rik,-0.059
Golph3,-0.129
Pdzd2,-3.091
6030458C11Rik,0.035
Drosha,0.389
Cdh6,0.122
Gm49113,0.0
Gm49116,0.0
4930557F08Rik,0.0
Gm41276,0.0
Gm49126,0.0
Cdh9,0.72
Gm49127,0.0
Gm49128,0.0
Gm41277,0.0
4921515E04Rik,0.0
C030047K22Rik,0.036
Cdh10,-1.753
Gm35496,0.0
Gm49160,0.0
Gm49162,0.0
Gm49166,0.0
Gm49685,0.209
Cdh12,1.328
Acot10,0.51
Cdh18,1.254
Gm49191,0.0
Gm49729,0.0
Gm35769,0.0
Gm2824,0.724
Gm35996,0.028
9230109A22Rik,0.0
4930445E18Rik,1.09
Basp1,2.088
Gm5468,1.127
Gm48956,0.0
Gm48957,1.805
Gm36642,-0.125
Myo10,-3.762
Retreg1,0.038
Zfp622,0.489
Gm41279,0.0
March11,2.186
Fbxl7,-1.04
Gm49267,0.0
Gm36899,0.017
Ank,0.109
Otulin,0.027
Otulinl,-0.665
Trio,-0.082
Gm31458,-0.723
Gm49233,0.0
Dnah5,0.433
Ctnnd2,0.127
4930570B17Rik,-1.806
9630009A06Rik,-2.128
4930430F21Rik,-0.193
Dap,-1.361
Ankrd33b,-1.585
Ropn1l,-0.566
Gm49208,0.304
March6,0.864
Gm49216,-0.222
Cmbl,1.599
Cct5,0.312
Atpsckmt,-0.743
Tas2r119,0.0
4930518I17Rik,0.0
Snhg18,-4.056
Sema5a,-1.729
4930465K09Rik,0.0
Gm41289,0.0
Gm32618,-0.203
Sdc2,-1.451
Gm32764,0.0
Cpq,-1.247
4930592A05Rik,0.0
Tspyl5,0.76
Gm41290,-0.042
Mtdh,-0.807
Laptm4b,-1.34
Matn2,-5.355
9430069I07Rik,0.0
Rpl30,-0.773
Erich5,-0.806
Rida,0.175
Pop1,-0.298
Nipal2,1.139
4930413F20Rik,1.726
Kcns2,1.907
Stk3,-0.906
Gm33497,0.0
Osr2,-5.513
BC048602,-0.012
Gm48960,0.273
Vps13b,0.138
Cox6c,0.165
Rgs22,0.017
Fbxo43,0.409
Polr2k,0.369
Spag1,-0.061
Gm41293,0.0
Rnf19a,-0.22
Gm33936,0.0
Gm34150,0.0
Gm34093,-0.307
Gm49224,0.0
Ankrd46,0.731
Snx31,1.143
Pabpc1,-0.615
Gm49262,0.0
Gm46515,0.246
Gm10385,0.03
Gm49263,0.0
Ywhaz,0.824
Gm49282,0.276
Gm10384,-0.455
Gm41300,0.0
Gm34590,0.375
Zfp706,-0.097
Gm26766,0.057
Gm16136,-1.886
Grhl2,-0.96
Gm16137,0.0
Ncald,1.394
Gm28221,0.678
Gm15941,0.038
4930447A16Rik,0.0
Gm15942,0.0
Gm15940,0.0
Gm35019,0.261
Rrm2b,0.806
Gm49085,0.245
Ubr5,0.46
Gm49312,0.573
Gm35167,-1.02
Odf1,0.108
Gm49313,0.929
Klf10,-1.892
Gm35248,0.649
Gm41307,-0.415
G930009F23Rik,-0.58
Azin1,0.029
Gm49077,-1.077
2310043O21Rik,0.0
1100001I12Rik,0.0
Atp6v1c1,1.017
Gm45924,0.0
Gm49097,-0.94
Baalc,1.684
Gm26704,-0.708
Fzd6,-2.687
Gm49786,-0.543
Cthrc1,-2.9
Slc25a32,-0.252
Dcaf13,-0.157
Rims2,1.744
Dcstamp,-0.084
Dpys,0.647
Gm16291,0.0
Lrp12,0.937
AU022793,-1.475
Gm33251,0.0
9330182O14Rik,0.0
Gm33301,0.011
Gm41311,0.0
Gm16294,0.0
Zfpm2,-1.021
Oxr1,0.245
Gm26854,-0.029
Abra,-0.374
Gm49439,0.0
Gm49441,0.0
Gm49452,0.0
Angpt1,-0.433
Gm17473,0.0
Rspo2,1.547
Eif3e,-0.137
Gm49271,1.624
Gm10373,0.994
Emc2,0.472
Tmem74,2.002
Trhr,0.037
Nudcd1,-0.032
Eny2,-0.202
Pkhd1l1,-0.793
Ebag9,0.018
Sybu,1.273
Kcnv1,1.171
1700022A22Rik,0.0
4930523O13Rik,0.0
4930548G14Rik,0.0
Csmd3,0.461
Gm41318,0.0
Gm49198,0.0
Trps1,-1.804
Gm48913,0.456
Gm19303,0.0
Gm34562,0.0
Eif3h,0.088
Utp23,-0.693
Gm34678,0.0
Gm48923,0.0
Rad21,-0.551
Aard,-1.959
Slc30a8,0.06
Gm41322,0.0
Med30,0.137
Gm34794,0.0
Ext1,-1.112
Samd12,1.616
1700015H07Rik,0.0
Gm7489,0.0
Tnfrsf11b,-2.386
Colec10,-0.38
Mal2,1.302
Ccn3,-0.217
Enpp2,-0.869
Gm26684,0.0
4930478E11Rik,0.0
Taf2,0.022
Dscc1,-2.271
Gm41325,0.0
Gm9920,-1.842
Deptor,-1.899
Col14a1,-4.823
1700040F17Rik,0.0
Gm49257,-0.37
Mrpl13,-0.066
Mtbp,-2.15
Sntb1,-3.389
Gm46516,-1.39
Gm49211,0.0
Gm49212,0.0
Has2,-3.116
Has2os,-3.161
Gm2582,0.0
Slc22a22,0.0
Zhx2,-1.832
Gm16006,-0.598
9330154K18Rik,0.0
Derl1,-0.717
Tbc1d31,-1.682
Fam83a,-0.58
9130401M01Rik,0.311
Gm29394,-0.126
Zhx1,-0.404
Atad2,-2.619
Wdyhv1,-0.47
Fbxo32,-1.995
Gm15943,0.497
Klhl38,-0.275
Anxa13,-0.349
Gm2675,0.0
Fam91a1,0.019
Fer1l6,0.068
Gm20712,0.605
Tmem65,0.51
Trmt12,0.505
Rnf139,-0.45
Tatdn1,0.416
Ndufb9,0.4
Mtss1,0.555
4930544F09Rik,-0.046
Gm36617,0.0
Sqle,0.181
Washc5,0.16
Nsmce2,-0.715
Gm36677,-0.313
Trib1,-2.331
Gm19510,0.0
4933412E24Rik,0.0
Gm2682,-0.614
Gm48946,0.0
Lratd2,-0.779
9930014A18Rik,-0.937
A1bg,0.0
4930402D18Rik,0.0
Gm38563,-0.892
Gm49497,0.0
Gm29904,0.0
Gm49498,0.0
D030024E09Rik,0.0
Myc,0.234
Pvt1,1.987
Gm41333,0.434
Gm30159,0.221
Gm41335,0.0
Gm49014,0.0
4930449C09Rik,0.0
Gm41336,0.0
Gm49019,0.0
Gsdmc,0.0
Gsdmc2,0.0
Gsdmc3,0.0
Gsdmc4,-0.568
Fam49b,0.405
Asap1,0.703
Gm20717,0.0
1700010G06Rik,0.0
Gm30563,0.0
Gm30691,0.0
Adcy8,1.275
Gm21798,0.0
Gm21961,0.0
Efr3a,0.666
Gm20405,0.128
Oc90,0.334
Hhla1,0.0
Kcnq3,1.683
Gm27153,-0.101
Gm27242,0.423
Gm30929,0.0
Lrrc6,1.735
Tmem71,-2.179
Phf20l1,-0.608
Tg,-0.781
Gm17140,0.0
Sla,-4.032
Ccn4,-3.804
Ndrg1,-2.24
Gm17035,-0.346
Gm2895,0.262
Gm31342,-0.074
St3gal1,-1.668
1700012I11Rik,0.0
Zfat,-0.727
Gm26621,-1.287
Gm20732,-0.485
Gm49415,0.0
Gm7125,0.0
Khdrbs3,1.102
Gm49422,1.077
4930504C09Rik,0.0
Gm19782,0.0
Fam135b,2.041
Col22a1,-1.873
Gm16308,0.0
Gm49457,0.0
Kcnk9,1.552
Gm49460,0.0
Trappc9,0.448
Peg13,0.901
Chrac1,-0.325
Ago2,0.675
Ptk2,-1.182
1700085D07Rik,0.0
Gm49066,0.46
Dennd3,-0.779
Slc45a4,0.047
1700010B13Rik,0.568
Gpr20,-1.072
Ptp4a3,-0.169
Mroh5,0.14
Gm6569,0.001
Gm32405,0.0
Adgrb1,1.664
Mroh4,0.0
Arc,-1.54
Jrk,0.127
4933427E11Rik,-0.116
Psca,0.0
Them6,1.265
Slurp1,-1.211
Lypd2,-4.565
Slurp2,-0.097
Lynx1,0.411
Ly6d,-2.543
Ly6g6g,0.0
Gm17189,0.0
Ly6k,-2.377
Gml,0.0
Gml2,0.0
Cyp11b1,0.0
Cyp11b2,0.0
Ly6m,-0.248
Gm39556,-1.577
Ly6e,-1.244
Ly6i,-0.822
Ly6a,-4.28
Gm28068,-0.783
Ly6c1,-4.168
Gm28502,0.0
Ly6c2,-2.312
Ly6g,0.0
Ly6g2,0.0
Ly6f,0.0
Ly6l,0.0
Ly6h,2.17
Gpihbp1,-4.783
Zfp41,-0.01
Gm46519,0.0
Top1mt,-0.03
Gm15945,0.0
Rhpn1,-2.581
Mafa,-1.206
Zc3h3,-0.633
Gsdmd,-4.737
Mroh6,0.0
Naprt,-3.978
Eef1d,-1.395
Tigd5,0.55
Pycrl,0.164
Tsta3,0.01
Zfp623,-0.112
Zfp707,0.21
Ccdc166,0.314
Mapk15,-0.172
Fam83h,-0.216
Iqank1,-0.075
Scrib,-0.845
Puf60,-0.464
Gm48952,-0.084
Nrbp2,-0.093
Gm41349,-0.239
Eppk1,-1.02
BC024139,-0.069
Plec,0.184
Parp10,-0.245
Grina,1.264
Mirt2,0.0
Spatc1,0.0
Smpd5,1.238
Oplah,0.611
Exosc4,0.342
Gpaa1,0.203
Cyc1,0.321
Sharpin,-0.036
Maf1,-0.378
Gm35339,-0.271
Hgh1,0.172
Tssk5,0.0
Mroh1,1.011
Bop1,0.639
Scx,1.982
Hsf1,-0.32
Dgat1,-0.212
Scrt1,1.739
Tmem249,0.015
Fbxl6,-0.454
Slc52a2,0.088
Adck5,0.406
Cpsf1,-0.04
Slc39a4,-1.736
Vps28,0.569
Tonsl,0.018
Cyhr1,0.174
Kifc2,1.077
Foxh1,0.0
Ppp1r16a,0.05
Gpt,-0.514
Mfsd3,0.137
Recql4,-0.539
Lrrc14,0.226
Lrrc24,1.287
C030006K11Rik,0.285
Arhgap39,-0.854
Zfp251,0.626
Zfp7,0.397
Gm49527,0.0
Commd5,0.077
Rpl8,-0.208
Zfp647,0.144
1110038F14Rik,-1.035
Gm35933,0.0
Gm49540,0.0
Mb,-0.115
Apol6,0.134
Rbfox2,1.406
1700109K24Rik,0.0
Apol7a,-0.276
Gm20688,0.0
Apol9a,1.046
Apol7b,0.0
4930571N24Rik,0.044
Apol10a,-0.108
Apol11a,0.0
Apol7c,-0.207
1700025B11Rik,0.0
Apol10b,-0.112
Gm36245,-0.122
Apol11b,0.709
Apol7e,0.0
Gm36329,0.0
Apol9b,0.287
Apol8,-0.121
Myh9,-1.564
Txn2,0.396
Foxred2,0.426
Eif3d,0.079
Gm17638,-0.067
Cacng2,2.245
A730060N03Rik,2.712
Ift27,-0.342
Gm49694,0.321
Pvalb,0.0
Ncf4,-4.527
Csf2rb2,-2.732
Csf2rb,-3.916
Tex33,-0.07
Gm49481,0.0
Tst,-3.946
Mpst,-0.921
Gm36644,0.0
Kctd17,0.143
Tmprss6,0.433
Il2rb,-1.675
C1qtnf6,-2.301
Gm49490,0.0
Sstr3,0.862
Rac2,-5.21
Gm36738,-1.077
Cyth4,-4.083
Elfn2,2.09
1700041B01Rik,0.0
Mfng,-1.755
Card10,-2.149
Cdc42ep1,-4.303
Lgals2,-0.771
Gm26634,-0.767
Gga1,0.195
Sh3bp1,-3.118
1700027A07Rik,0.305
Pdxp,2.133
Lgals1,0.072
Nol12,0.408
Triobp,-1.759
Gm10865,0.0
Gm17753,1.376
Gm49544,-0.181
H1f0,-1.246
Gcat,-0.019
Galr3,0.105
Gm3924,0.201
Ankrd54,-0.25
Eif3l,0.167
Micall1,-0.138
1700088E04Rik,0.225
Polr2f,-0.036
Sox10,-4.581
Gm10863,-4.216
Pick1,0.571
Slc16a8,-0.17
Baiap2l2,0.586
Pla2g6,0.799
Gm20420,-0.272
Maff,-1.779
Tmem184b,-0.181
Csnk1e,1.009
Gm16059,-0.044
Kcnj4,-0.175
Kdelr3,-5.742
Ddx17,-0.093
Dmc1,-0.996
Fam227a,0.043
Cby1,0.153
Tomm22,0.086
Josd1,0.293
Gtpbp1,-0.358
Sun2,-0.973
Gm16575,0.0
Gm16576,-0.591
Dnal4,-0.488
Nptxr,1.388
Cbx6,0.775
Gm10856,0.081
AC113595.1,-0.621
Apobec3,-1.801
Cbx7,-0.132
Pdgfb,-2.541
Gm41361,0.059
Rpl3,0.037
Syngr1,0.31
Tab1,-0.396
Mgat3,0.126
Mief1,0.354
AC140267.1,0.0
Atf4,-0.315
Rps19bp1,0.281
Cacna1i,0.526
Gm31369,0.0
Enthd1,0.0
Grap2,-1.644
Fam83f,-3.681
A430088P11Rik,-0.479
Tnrc6b,-0.303
Gm49512,0.116
Adsl,0.17
Sgsm3,0.692
Gm31462,-0.055
Mrtfa,0.295
4930483J18Rik,0.537
Mchr1,1.842
8430426J06Rik,0.235
Slc25a17,0.249
St13,-0.132
Xpnpep3,-0.175
Dnajb7,0.0
Gm17025,-3.24
Rbx1,0.367
Ep300,-0.545
L3mbtl2,0.457
Chadl,-1.128
Rangap1,0.843
Zc3h7b,0.161
Gm17597,-0.015
Tef,-0.243
Tob2,-1.717
Gm49476,-0.696
Phf5a,0.057
Aco2,0.475
Polr3h,-0.645
Csdc2,0.448
Pmm1,0.66
1700029P11Rik,0.0
Xrcc6,-0.264
Desi1,0.368
Snu13,0.233
4930407I10Rik,0.0
Mei1,0.021
Ccdc134,-0.96
Srebf2,0.322
Shisa8,0.374
Tnfrsf13c,-0.197
Gm49503,0.0
Cenpm,-1.897
1500009C09Rik,2.09
Sept3,2.266
Wbp2nl,0.0
Naga,-1.417
Pheta2,-2.163
Smdt1,0.644
Ndufa6,0.053
Cyp2d22,-4.184
Cyp2d11,0.0
Cyp2d10,0.0
Cyp2d9,0.0
Cyp2d12,0.0
Cyp2d34,0.0
Gm49431,0.0
Cyp2d40,0.0
Cyp2d26,0.263
Tcf20,0.165
Gm20324,0.217
Gm29019,0.374
Nfam1,-3.836
Serhl,-1.688
Gm17206,0.0
Rrp7a,0.662
Poldip3,-0.261
Cyb5r3,0.089
Gm49463,-0.659
7530414M10Rik,0.211
A4galt,0.636
Arfgap3,-0.423
1700001L05Rik,-0.315
Pacsin2,-0.816
Ttll1,1.214
Bik,-2.514
Mcat,0.222
Tspo,-0.247
Ttll12,0.405
Scube1,0.844
Mpped1,1.534
Efcab6,0.932
Sult4a1,2.045
Gm46526,1.933
Pnpla5,0.315
Gm33432,0.0
Pnpla3,0.087
Samm50,0.138
Parvb,1.259
Parvg,-2.493
Shisal1,1.991
Rtl6,0.91
Gm34095,0.0
Prr5,-1.022
Gm20556,0.0
Arhgap8,-1.721
Phf21b,0.105
4930513L16Rik,0.0
Gm29666,0.62
Nup50,0.035
5031439G07Rik,0.752
Upk3a,0.166
Fam118a,-0.33
Smc1b,-0.495
Ribc2,0.042
Gm19277,0.0
Fbln1,-3.256
Atxn10,0.808
7530416G11Rik,0.0
Wnt7b,-0.381
AU022754,-0.582
Gm49539,-0.935
Lncppara,-0.129
Ppara,-0.516
Cdpf1,0.122
Pkdrej,-0.206
Ttc38,-0.776
Gtse1,-2.388
Gm49548,0.0
Trmu,-0.171
Celsr1,-3.421
Gramd4,-0.342
Gm15722,0.0
Cerk,0.469
Gm15569,0.0
Tbc1d22a,0.23
A930001M01Rik,-0.912
Gm49464,0.0
4930543I03Rik,0.0
Gm49466,0.0
Gm49468,0.0
Gm49469,0.0
Gm49470,0.0
A930027H12Rik,0.0
Tafa5,-2.472
Gm49472,0.271
Gm35772,0.0
4930445N06Rik,0.0
B230214G05Rik,0.0
Zdhhc25,0.0
Brd1,-0.433
Zbed4,0.391
Alg12,-0.135
Creld2,-1.596
Pim3,-0.072
Gm20621,2.003
Ttll8,0.0
Mlc1,-1.545
Mov10l1,0.623
Panx2,1.878
1810021B22Rik,-1.047
Trabd,0.233
Selenoo,-0.228
Tubgcp6,0.473
Hdac10,0.273
Mapk12,0.844
Mapk11,1.513
Plxnb2,-1.712
Dennd6b,1.062
Ppp6r2,0.668
Sbf1,0.276
Adm2,0.0
Miox,0.0
Lmf2,-1.223
Ncaph2,-0.025
Sco2,0.769
Odf3b,-1.117
Klhdc7b,0.0
Syce3,0.0
Cpt1b,-0.533
Chkb,-0.23
C730034F03Rik,-0.326
Mapk8ip2,1.804
Arsa,-0.049
C230037L18Rik,0.837
AC137513.1,-0.241
Shank3,0.146
Gm15609,3.131
Acr,0.379
Rabl2,-0.148
Syt10,0.608
Gm36330,0.0
Alg10b,0.33
Gm36480,0.0
Cpne8,-0.137
Gm36618,0.0
Kif21a,0.261
Abcd2,-0.446
CN725425,0.0
Slc2a13,0.549
4933438A12Rik,0.0
Lrrk2,-0.603
Smgc,0.0
Muc19,0.0
Cntn1,1.471
Gm26760,0.174
Pdzrn4,-0.701
4930588J15Rik,0.0
Gm49418,0.0
Gm30085,0.0
Gm49420,0.0
Gxylt1,-1.416
Yaf2,0.359
Zcrb1,0.411
Pphln1,0.356
Prickle1,-1.595
Gm41386,0.0
Gm30339,-0.348
Gm49445,0.0
9430014N10Rik,0.0
Gm30564,0.0
Adamts20,-2.874
Pus7l,-0.368
Irak4,-2.565
Twf1,-0.678
Tmem117,1.099
Nell2,1.202
1700129L04Rik,0.0
Dbx2,0.932
Gm49169,0.293
Gm6961,0.019
A130051J06Rik,-0.219
Ano6,0.298
Gm49173,0.03
Gm17546,-0.596
Gm49172,0.328
D030018L15Rik,-0.034
2610037D02Rik,-0.811
4833422M21Rik,0.137
Arid2,-0.467
Scaf11,-0.578
Gm41392,0.319
Slc38a1,1.572
Slc38a2,-0.846
Slc38a4,-0.446
Gm32885,0.128
Amigo2,0.349
Pced1b,0.497
Rpap3,0.189
Endou,-3.779
Rapgef3,-3.386
Rapgef3os1,0.0
Rapgef3os2,-0.957
Slc48a1,0.557
Hdac7,-1.041
Vdr,-0.545
Tmem106c,-0.543
Col2a1,-3.007
Senp1,-0.659
Pfkm,1.2
Gm26513,-0.784
Asb8,0.443
Ccdc184,1.807
Olfr288,0.0
Olfr287,0.0
Olfr286,-0.003
H1fnt,0.0
Zfp641,0.784
Olfr285,0.0
Olfr284,0.0
Olfr283,0.0
Olfr282,0.0
Olfr281,0.0
OR5BS1P,0.0
Lalba,-0.303
Olfr279,-0.112
Kansl2,0.159
Ccnt1,-0.394
9330020H09Rik,0.211
4930415O20Rik,-0.506
Adcy6,-0.259
Gm29331,-0.188
Cacnb3,1.886
Ddx23,-0.38
Rnd1,-0.332
Gm34152,0.0
Ccdc65,0.789
Fkbp11,-1.138
Arf3,1.067
Wnt10b,-0.22
Wnt1,0.0
Ddn,-0.826
B130046B21Rik,-0.938
Prkag1,-0.43
Kmt2d,-0.314
5730414N17Rik,-0.04
Rhebl1,1.064
Dhh,-4.711
Gm49442,-1.645
Lmbr1l,-0.624
Tuba1b,0.705
Gm41396,1.229
Tuba1a,1.211
4930578M01Rik,1.581
Tuba1c,-3.913
Prph,2.246
Gm34284,0.0
Troap,-2.748
C1ql4,0.0
Dnajc22,-0.015
Spats2,0.386
Kcnh3,0.782
Mcrs1,0.295
1700120C14Rik,0.477
Fam186b,0.776
Prpf40b,0.459
Fmnl3,-2.44
Tmbim6,-1.644
Nckap5l,-0.121
Nckap5los,-0.655
Gm49484,-0.222
Bcdin3d,0.322
Faim2,2.233
Aqp2,-1.22
Aqp5,-1.902
Aqp6,0.0
Racgap1,-2.506
Asic1,0.549
Smarcd1,0.166
Gm17349,-0.051
Gm34939,0.138
Gm16537,-0.445
Gpd1,-3.639
Cox14,-0.071
Cers5,-0.337
Gm17058,-0.251
Lima1,-3.585
Gm17057,-1.592
Gm49494,-1.667
Fam186a,0.0
Gm21917,-0.364
Larp4,0.455
2310068J16Rik,0.298
Dip2b,-1.127
4930478M13Rik,-1.679
Gm49475,0.0
Atf1,-1.601
Tmprss12,0.0
Mettl7a1,0.129
Mettl7a3,0.653
Mettl7a2,0.0
Higd1c,0.342
Slc11a2,-0.009
Gm5475,-0.478
5330439K02Rik,1.111
Letmd1,0.561
Csrnp2,0.73
Tfcp2,0.005
Pou6f1,0.682
Gm27209,-0.32
Gm49492,1.113
1110013H19Rik,0.046
C330013E15Rik,0.09
Dazap2,-1.268
Smagp,-3.883
Bin2,-4.055
Cela1,0.481
Galnt6,-0.337
Galnt6os,0.0
I730030J21Rik,-4.66
Slc4a8,1.643
Gm35569,1.017
Scn8a,0.731
Gm47841,0.0
Fignl2,-0.857
Ankrd33,0.375
Acvrl1,-5.049
Gm16031,-0.085
Acvr1b,1.086
A330009N23Rik,-3.017
AU021063,0.0
Grasp,-3.313
Nr4a1,-3.554
Atg101,-0.237
Smim41,-5.001
Gm35853,-1.082
Krt80,-2.401
Gm671,0.0
Krt7,-0.691
Krt87,-0.826
Krt88,1.135
Krt81,0.116
Krt86,0.24
Gm49501,0.0
Krt83,0.033
Gm49425,0.0
Krt84,0.0
Krt82,0.0
Krt90,2.206
Krt75,0.0
Gm5414,0.0
Gm5478,0.0
Krt6b,0.0
Krt6a,0.0
Gm49428,0.0
Krt5,0.0
Krt71,0.148
Krt72,0.0
Krt73,0.0
Krt2,0.0
Krt1,1.927
Krt77,0.031
Krt76,0.0
Krt4,0.0
Krt79,-0.122
Krt78,0.36
Krt8,-1.691
Gm36026,0.0
Krt18,-2.315
Eif4b,0.092
Tns2,-2.072
Spryd3,1.33
Igfbp6,-5.125
Soat2,-1.446
Csad,-1.815
Zfp740,-0.972
Itgb7,-3.572
Rarg,-2.393
Gm9918,-0.801
Mfsd5,0.172
Gm49479,-0.338
Espl1,-1.507
Pfdn5,-0.03
Myg1,0.031
Aaas,-0.343
Gm36246,-0.282
Sp7,-2.15
Sp1,-1.629
Amhr2,-0.216
Prr13,0.994
Pcbp2,-0.339
Map3k12,0.979
Gm10337,0.0
Tarbp2,0.018
Npff,-0.638
Atf7,-0.402
Gm4544,-0.814
Atp5g2,0.176
Calcoco1,-0.135
Gm36560,0.0
Hoxc13,0.0
Hoxc12,0.0
Hotair,0.0
Hoxc11,0.0
Hoxc10,0.0
Hoxc5,0.0
Hoxc9,0.696
Hoxc8,0.751
Hoxc6,0.569
Hoxc4,0.768
Gm28876,0.572
Gm10830,-0.052
Gm28265,0.0
D930007P13Rik,-0.276
Gm49477,1.477
Smug1,0.119
Cbx5,0.117
Hnrnpa1,0.196
Nfe2,-0.351
Copz1,0.011
Gm49482,0.0
Gpr84,-2.339
Zfp385a,-0.763
Itga5,-4.218
Gtsf1,0.505
Gtsf2,0.0
Nckap1l,-4.021
Pde1b,1.483
Ppp1r1a,1.967
Glycam1,-0.127
Gm49272,0.0
Mucl1,0.197
Mucl2,0.0
Gm35912,0.0
Gm49504,0.0
Gm49507,0.0
Gm35974,0.0
Olfr161,0.0
Mefv,-0.577
Zfp263,-0.504
Gm41409,-0.469
Olfr15,0.0
Zfp174,-0.018
Zfp597,0.556
Naa60,0.252
1700037C18Rik,0.098
Cluap1,0.092
Gm15537,-0.351
Nlrc3,-0.858
Slx4,-0.24
Gm15879,0.176
Dnase1,0.0
Trap1,-0.148
Crebbp,-0.475
Adcy9,0.489
Srl,1.162
Tfap4,-0.672
Glis2,-1.416
Pam16,0.944
Coro7,0.422
Vasn,-1.603
Dnaja3,0.27
Nmral1,-0.087
Hmox2,0.784
Gm15859,-0.001
Cdip1,0.138
Gm15835,0.0
4930562C15Rik,-0.484
Ubald1,0.569
Mgrn1,-0.397
Gm16861,-1.14
Nudt16l1,0.044
Anks3,-0.417
Sept12,0.0
Smim22,-0.374
Gm42477,-0.031
Rogdi,1.098
Glyr1,0.14
Ubn1,-0.374
Ppl,-0.653
Sec14l5,-0.263
Nagpa,-1.308
AU021092,-3.975
Alg1,-0.185
Eef2kmt,-2.269
Gm15983,0.065
Gm41414,1.081
Rbfox1,2.268
1700123O21Rik,0.425
Gm49534,0.0
Tmem114,1.015
Mettl22,1.294
Abat,0.733
Tmem186,0.315
Pmm2,-0.53
Carhsp1,0.451
Gm5767,-0.447
Usp7,0.047
1810013L24Rik,0.185
Gm30371,0.087
Gm30567,0.0
Gm49448,0.0
Gm49451,0.0
Grin2a,-1.961
Rpl39l,-1.644
Gm49455,0.0
Atf7ip2,-0.545
Emp2,-4.114
Gm1600,0.0
Tekt5,-1.649
Nubp1,-0.1
Tvp23a,1.269
Ciita,-2.057
Dexi,-0.503
Clec16a,0.111
Gm15558,0.0
Socs1,-2.872
Tnp2,0.0
Prm3,0.0
Prm2,0.0
Prm1,0.0
Gm46563,0.0
Gm11172,0.0
Gm26822,-0.312
Rmi2,-2.967
Gm21859,-0.32
Litaf,-3.631
Gm10832,0.0
Snn,0.604
Txndc11,-0.612
Zc3h7a,-0.555
4930509G22Rik,0.192
Rsl1d1,-0.078
2610020C07Rik,-1.159
Gspt1,-0.525
Tnfrsf17,-1.419
Snx29,-0.114
Gm4279,0.0
4833415N18Rik,0.811
Cpped1,-0.106
Gm9961,0.0
Shisa9,-0.347
4930414F18Rik,0.13
Gm38619,0.0
1700003L19Rik,0.127
Ercc4,-0.023
Mrtfb,-1.141
Gm15738,0.07
Gm32817,0.771
2310015D24Rik,-0.385
Parn,-0.488
Bfar,-0.063
3110001I22Rik,-0.615
Pla2g10,0.0
Pla2g10os,0.0
Gm49432,0.0
Rrn3,0.556
Ntan1,0.157
Pdxdc1,-0.495
Mpv17l,0.652
Ifitm7,-0.149
Bmerb1,2.307
Marf1,-0.069
Nde1,-3.326
Myh11,-5.719
Fopnl,0.496
Gm15868,0.0
Abcc1,0.812
A630010A05Rik,0.0
Snai2,-2.169
Gm33696,0.0
Efcab1,1.685
Gm21897,0.0
Ube2v2,0.891
Mcm4,-2.272
Prkdc,-0.187
Mzt2,-0.156
Cebpd,-4.945
Spidr,-2.137
Pkp2,0.495
Yars2,0.438
Dnm1l,1.217
Gm49521,0.0
Fgd4,0.07
Olfr19,0.0
4933404G15Rik,0.0
Spag6l,1.56
Igll1,-0.326
Vpreb1,-1.15
Top3b,-0.364
Ppm1f,0.276
Gm49595,-0.117
Mapk1,0.602
1700056N10Rik,-0.107
Ypel1,1.288
Ppil2,0.044
Gm49584,0.0
2610318N02Rik,1.596
Sdf2l1,0.181
Ccdc116,1.831
Ydjc,1.884
Ube2l3,0.132
Rimbp3,0.802
Hic2,-0.268
Tmem191c,0.58
Pi4ka,0.48
Serpind1,-1.498
Snap29,0.522
Crkl,-0.017
Aifm3,-0.008
Lztr1,0.335
Thap7,0.176
Gm49785,1.008
Lrrc74b,-0.148
P2rx6,-0.425
Slc7a4,1.678
Smpd4,-0.223
Ccdc74a,-0.006
Med15,-0.225
Klhl22,0.366
Scarf2,-3.923
B830017H08Rik,1.406
Car15,0.051
Dgcr2,0.019
Tssk1,0.34
Tssk2,0.0
Ess2,-0.051
Gsc2,0.113
Slc25a1,1.33
Vpreb2,0.0
Gm49580,0.0
Dgcr6,0.43
Prodh,-2.013
Rtn4r,1.48
4933432I09Rik,-0.429
4930483P17Rik,1.166
Ccdc188,0.0
Zdhhc8,0.019
Ranbp1,0.124
Trmt2a,-0.491
Dgcr8,0.13
Tango2,0.926
Arvcf,0.333
Comt,-0.55
Gm15764,-1.345
Txnrd2,0.489
Gnb1l,0.058
Rtl10,-0.512
Tbx1,-3.024
4930588K23Rik,0.0
Gp1bb,1.283
Sept5,1.131
Cldn5,-5.161
Cdc45,-1.991
Ufd1,0.299
2510002D24Rik,0.496
Mrpl40,0.304
Hira,0.323
2010309G21Rik,0.0
Iglc1,-0.888
Iglj1,0.0
Iglc3,-0.538
Iglj3p,0.0
Iglj3,0.0
Iglv1,0.0
Iglc4,0.0
Iglj4,0.0
Iglc2,-1.686
Iglj2,0.0
Gm43388,0.0
Iglv3,0.0
Iglv2,0.0
Olfr164,0.0
Olfr165,0.0
Olfr166,0.0
Olfr167,0.0
Olfr168,0.0
Olfr169,0.0
Olfr170,0.0
Olfr171,0.0
Lamp3,0.087
B3gnt5,-0.596
A930003A15Rik,0.029
Gm49598,0.0
Klhl6,-4.535
Klhl24,0.08
Yeats2,-0.116
Map6d1,0.633
Gm49566,0.0
Parl,0.258
Cyp2ab1,0.0
Abcc5,0.607
Eif2b5,0.512
Gm16618,0.462
Dvl3,-0.078
Ap2m1,0.643
Abcf3,0.276
Gm49745,-0.296
Vwa5b2,1.856
Gm49748,0.0
Alg3,0.367
Eef1akmt4,-0.045
Camk2n2,2.166
Ece2,1.798
Psmd2,0.377
Eif4g1,0.257
Fam131a,1.319
Clcn2,-0.238
Polr2h,0.641
Thpo,-0.597
Chrd,-0.545
4833419O12Rik,0.0
Gm49742,0.0
Teddm3,0.181
Ephb3,-3.973
Gm49750,0.0
Gm16863,-0.093
Vps8,0.309
2510009E07Rik,-2.05
Ehhadh,-0.116
1300002E11Rik,-0.659
Map3k13,1.309
Gm49607,0.0
Gm26744,0.256
Tmem41a,1.628
Liph,-1.097
Senp2,-0.225
Igf2bp2,-2.836
Tra2b,-0.714
Etv5,0.2
Dgkg,1.47
9230117E06Rik,0.256
Gm15651,0.654
Crygs,0.248
Tbccd1,-0.176
Dnajb11,-0.316
Gm30505,0.0
Ahsg,0.0
Fetub,0.104
Hrg,0.0
Kng2,0.211
Kng1,0.0
Eif4a2,0.966
Rfc4,-0.526
6330408M09Rik,-0.606
Adipoq,-0.177
B630019A10Rik,-0.069
BC106179,-0.702
St6gal1,-0.436
Rtp1,0.817
Masp1,0.393
Gm45338,0.723
Rtp4,-2.587
Sst,1.239
Rtp2,0.0
Bcl6,-1.024
Gm37419,0.0
Gm49518,0.0
Gm46545,0.0
Gm31583,0.0
Gm32126,0.0
Gm31814,-1.23
Lpp,-3.143
A230028O05Rik,-0.395
Tprg,-0.646
Trp63,-1.969
Gm4524,-0.555
P3h2,-2.453
AU015336,-0.298
Cldn1,-4.752
Cldn16,0.0
Tmem207,0.0
Il1rap,-2.923
Gm20319,0.0
Gmnc,0.146
Ostn,-0.142
Gm32312,0.0
Uts2b,1.329
Ccdc50,0.084
Gm10823,0.0
Fgf12,1.346
Mb21d2,0.283
Plaat1,1.291
Atp13a5,0.0
Atp13a4,0.0
Opa1,0.822
Gm49636,-0.064
Gm26834,0.0
Gm32679,0.0
Gm26569,-1.374
Gm1968,0.0
4632428C04Rik,0.252
9030404E10Rik,0.512
Hes1,-3.772
1700025H01Rik,0.0
Gm26562,-1.115
Cpn2,0.0
Lrrc15,-1.754
Gp5,0.098
Atp13a3,-0.375
Tmem44,0.128
Lsg1,-0.131
Fam43a,-0.146
Gm49754,0.0
Gm49755,0.0
Gm49756,-0.67
Gm49757,0.0
Gm46565,-0.439
Xxylt1,0.242
Gm15742,0.0
Acap2,-0.632
Gm41442,-0.094
Ppp1r2,0.04
Gm49767,-3.296
Apod,-5.262
AV205837,0.0
Gm49736,0.0
Bdh1,0.948
Gm15743,1.03
Gm49695,0.0
Gm46560,0.0
Gm34256,-3.088
Gm536,-1.446
Dlg1,-1.053
Meltf,1.872
Pigz,0.496
0610012G03Rik,0.371
Ncbp2,0.264
Senp5,0.574
Gm49733,0.771
Pak2,-0.908
Pigx,-0.265
Cep19,0.563
Gm15729,0.0
Nrros,-3.415
Bex6,-0.025
Fbxo45,0.908
Wdr53,0.144
Smco1,0.434
Rnf168,-0.062
Ubxn7,0.155
Tm4sf19,0.0
Tctex1d2,0.866
Pcyt1a,-0.333
2210020O09Rik,0.0
Slc51a,-0.269
Zdhhc19,-0.213
Gm34680,0.756
Tfrc,1.306
Tnk2,0.263
Tnk2os,0.0
Muc4,0.1
Muc20,0.0
Smbd1,0.0
Gm26769,0.0
Rubcn,0.229
Fyttd1,0.323
Lrch3,-1.378
Gm17106,0.0
Iqcg,0.034
Rpl35a,-0.545
Lmln,0.127
Osbpl11,-0.261
Snx4,-0.31
1700007L15Rik,-0.326
Zfp148,-0.46
Slc12a8,-0.647
Heg1,-4.224
Gm15657,0.0
Muc13,-0.27
Itgb5,-3.469
Umps,-0.356
Gm15829,-0.236
Kalrn,1.177
Ropn1,0.0
Ccdc14,-0.687
Mylk,-4.857
1700119H24Rik,-0.135
E130310I04Rik,-0.711
Gm21691,0.35
Hacd2,-0.931
Adcy5,0.043
Sec22a,-0.369
Pdia5,-1.675
1600019K03Rik,0.823
Sema5b,-3.367
Slc49a4,0.445
Hspbap1,0.016
Gm26838,0.0
Parp14,-4.305
Dtx3l,-1.007
Parp9,-3.304
Gm15564,1.021
Kpna1,0.49
Wdr5b,-0.319
Fam162a,0.246
Ccdc58,-0.605
Csta1,0.028
Stfa2l1,0.0
Cstdc4,0.0
Csta3,0.0
Csta2,-1.261
Stfa1,-0.2
Cstdc6,0.0
Cstdc5,-0.677
Gm15845,0.0
Stfa2,0.0
Stfa3,-0.31
Casr,0.0
Gm49662,0.0
Cd86,-4.666
Ildr1,-0.315
Slc15a2,-2.595
Eaf2,-0.643
Iqcb1,0.598
2600002D14Rik,0.496
Golgb1,-0.232
4930565N06Rik,-0.285
Hcls1,-5.007
Fbxo40,0.0
Polq,-1.069
Stxbp5l,1.876
Gtf2e1,0.29
Rabl3,0.007
Hgd,-0.256
Gm46559,0.0
Ndufb4,0.448
Fstl1,-2.348
Gm36028,0.126
Lrrc58,0.456
Gpr156,1.442
Gsk3b,1.114
Nr1i2,0.0
Maats1,0.588
Maats1os,0.0
Cox17,0.161
Popdc2,-0.102
Pla1a,-3.128
Adprh,0.191
D930030I03Rik,0.022
Cd80,-2.106
Timmdc1,0.166
Poglut1,0.155
Tmem39a,-1.849
Gm17103,-1.453
Arhgap31,-3.129
B4galt4,-0.871
Upk1b,-0.509
Tex55,0.0
Gm15802,0.0
Igsf11,-3.868
Gm36742,0.0
Gm36903,0.0
Lsamp,0.694
Gm28750,0.0
Gap43,2.113
4932412D23Rik,0.0
Zbtb20,-0.858
Gm19522,-0.64
Gm9968,-1.163
Gm15713,0.0
Tigit,-0.323
Gm49735,0.308
Drd3,0.0
Qtrt2,-0.338
Ccdc191,-1.055
Zdhhc23,-0.258
Gramd1c,-2.518
Atp6v1a,1.147
Naa50,-0.611
Usf3,-0.546
Sidt1,0.703
Spice1,-0.751
Cfap44,-0.177
Boc,-1.608
Nepro,-0.298
Gtpbp8,0.492
Cd200r1,-2.394
Cd200r4,-1.386
Cd200r2,0.0
Cd200r3,-0.47
Ccdc80,-4.591
Slc35a5,0.109
Atg3,-0.061
Btla,-1.558
Cd200,-0.052
Gm609,-0.834
Gm17783,0.0
Slc9c1,0.0
Gcsam,-1.112
BC016579,0.0
Tmprss7,0.291
Tagln3,2.18
Abhd10,0.596
Gm15591,0.0
Phldb2,-3.994
Gm15640,-1.189
Gm15638,-0.256
Plcxd2,1.618
Cd96,-0.999
Gm4737,-0.233
Nectin3,-1.229
6430553K19Rik,0.352
Dppa4,0.0
Dppa2,1.024
Gm5485,0.0
Morc1,-0.052
Trat1,-0.051
Retnlb,0.0
Retnla,-0.541
Retnlg,-0.191
Dzip3,0.925
Cip2a,-1.441
Myh15,0.141
1700026J12Rik,0.0
Ift57,-0.115
Gm15518,0.0
Cd47,0.675
Bbx,-0.577
G730013B05Rik,0.0
Ccdc54,0.0
4930542D17Rik,-0.029
Dubr,0.419
1700116B05Rik,0.0
Gm32431,0.0
Gm29686,-1.423
Cblb,0.28
Alcam,0.682
4930404A05Rik,0.0
4930405D01Rik,0.0
Zpld1,0.061
Nfkbiz,-3.839
Nxpe3,0.958
Cep97,-0.244
Rpl24,0.008
Zbtb11os1,0.488
Zbtb11,0.135
Pcnp,-0.16
Trmt10c,-0.081
Senp7,0.002
Impg2,0.301
Abi3bp,-3.675
Tfg,0.153
Adgrg7,0.0
Tmem45a,-5.048
Gm15839,-1.397
Lnp1,0.827
Tmem45a2,-0.187
Tomm70a,1.007
Nit2,-0.159
Gm16892,-0.553
Tbc1d23,-0.561
Tmem30c,0.257
Gm26800,0.0
Cmss1,0.108
4921517D16Rik,0.0
Gm49579,-0.571
Filip1l,-2.126
Col8a1,-4.329
Gm49575,0.0
Gm49576,0.0
Gm49574,0.0
4930461C15Rik,1.206
Dcbld2,-0.055
St3gal6,-0.372
Gm813,0.0
E330017A01Rik,0.172
Gm49701,0.078
Cpox,0.325
Gpr15,0.0
Cldnd1,-0.593
Olfr172,0.0
Olfr173,0.0
Olfr175-ps1,0.0
Olfr177,0.0
Olfr178,0.0
Olfr180,0.0
Olfr181,0.0
Olfr183,0.0
Olfr186,0.0
Olfr187,0.0
Olfr190,0.0
Olfr191,0.0
Olfr193,0.0
Olfr194,0.0
Olfr195,0.0
Olfr196,0.0
Olfr198,0.0
Olfr199,0.0
Olfr201,0.0
Olfr202,0.0
Olfr203,0.0
Olfr204,0.0
Olfr205,0.0
Olfr206,0.0
Olfr209,0.0
Gabrr3,0.039
1700022E09Rik,0.0
Riox2,-0.04
Crybg3,-3.802
Arl6,0.639
4930547E14Rik,0.243
Epha6,0.089
Gm9017,0.0
Gm49615,0.0
Nsun3,-0.257
Arl13b,-0.96
Stx19,-0.438
Pros1,-3.678
Gm18870,0.0
Gm33912,0.0
Gm49622,0.0
Epha3,-1.788
Csnka2ip,0.0
4930453N24Rik,-0.269
Zfp654,-0.231
Cggbp1,0.068
Htr1f,0.174
Gm49631,0.0
Pou1f1,-0.158
Chmp2b,0.128
Vgll3,-4.277
Cadm2,0.677
1700010K23Rik,0.013
4933411O13Rik,0.0
Gm49648,0.0
4930428D20Rik,0.0
Speer2,0.0
Gm49655,0.0
Gbe1,-0.731
D16Ertd519e,0.092
Gm29823,0.0
4931420L22Rik,0.0
4930567J20Rik,0.0
8030451O07Rik,0.0
Robo1,0.467
4930500H12Rik,0.0
Robo2,0.273
Gm49678,0.0
Lipi,0.0
Rbm11,1.781
Hspa13,-0.254
Samsn1,-4.63
Gm15555,0.0
4930578N18Rik,0.0
Nrip1,-0.789
Gm49587,0.0
Gm45030,0.0
Gm30726,0.0
Gm45029,0.0
Gm30790,-0.2
1700041M19Rik,0.0
Usp25,-1.488
Mir99ahg,-4.228
Gm11146,0.0
Gm17333,-0.023
E330011O21Rik,-0.395
Cxadr,-0.299
Btg3,0.054
D16Ertd472e,-1.167
4930478L05Rik,-0.022
4930570E03Rik,0.9
Chodl,1.733
Tmprss15,0.36
1700066C05Rik,0.0
Ncam2,1.303
Gm49560,0.0
Gm41480,0.0
Gm21833,0.0
Gm41481,0.0
4930553E22Rik,0.0
A730009L09Rik,0.0
4930551I23Rik,0.0
Mir155hg,-2.021
Mrpl39,0.352
Jam2,-3.83
Atp5j,0.297
Gabpa,-1.322
App,0.126
Gm10791,-0.74
Gm49227,0.058
Gm49226,-0.038
Cyyr1,-1.891
Adamts1,-4.131
4930556C24Rik,0.0
Adamts5,-2.611
1700007H22Rik,0.0
Gm32357,0.0
Gm32461,0.0
Gm32624,-0.476
Gm38477,0.0
Gm32865,0.0
N6amt1,-0.001
Ltn1,0.041
Rwdd2b,0.725
Usp16,-0.264
Cct8,0.433
B130034C11Rik,0.828
Map3k7cl,-3.82
Bach1,-2.222
2810407A14Rik,-0.234
Grik1,1.55
Gm33255,0.0
4930420G21Rik,0.0
Cldn17,0.0
Cldn8,0.0
Gm49688,0.0
Krtap24-1,0.0
2310079G19Rik,0.0
Krtap26-1,0.0
Krtap27-1,0.0
2310061N02Rik,0.0
Krtap13-1,0.0
Krtap13,0.0
2310034C09Rik,0.0
2310057N15Rik,0.0
Gm5965,0.0
4930553J12Rik,0.0
Gm20741,0.0
Krtap14,0.0
Krtap15,0.0
Krtap19-1,0.0
Krtap19-2,0.0
Krtap19-3,0.0
Krtap19-4,0.0
Krtap19-5,0.0
Krtap19-9b,0.0
Krtap16-3,0.0
Krtap22-2,0.0
Gm10229,0.0
Krtap6-1,0.0
Gm10228,0.0
Krtap6-5,0.0
1110025L11Rik,0.0
Krtap6-3,0.0
Gm6358,0.0
Gm10061,0.0
Gm9789,0.0
Gm7735,0.0
1110057P08Rik,0.0
Krtap20-2,0.0
Krtap21-1,0.0
Krtap6-2,0.0
Krtap8-1,0.0
Krtap7-1,0.0
Krtap11-1,0.0
Gm49696,0.0
Tiam1,-0.726
Sod1,0.676
Scaf4,-0.27
Gm49707,0.0
Gm49708,-3.086
Gm49709,0.0
Gm49710,0.0
Hunk,0.024
Gm36001,-5.218
1110008E08Rik,0.0
Gm49714,0.0
Gm36169,0.0
Gm49715,0.0
Mis18a,-0.94
Mrap,0.178
Urb1,-0.333
Eva1c,0.176
Gm36363,-0.208
Cfap298,-0.251
4930534H18Rik,-0.18
Synj1,0.932
Gm15965,-0.284
4930404I05Rik,-0.608
Paxbp1,-0.491
4931406G06Rik,0.0
4932438H23Rik,-1.38
Gm41492,0.0
Olig2,0.0
Olig1,-0.118
Gm15966,0.0
Ifnar2,-2.076
Il10rb,-1.417
Gm49625,0.127
A930006K02Rik,0.526
Ifnar1,-1.088
Ifngr2,0.514
Tmem50b,1.201
Gm15964,-0.285
Dnajc28,0.829
Gart,-0.015
Son,-0.911
Donson,-0.262
Gm10785,-0.583
Cryzl1,0.091
Itsn1,-0.636
Gm15976,0.059
Atp5o,0.602
D430001F17Rik,0.414
Mrps6,0.54
Slc5a3,0.541
Gm16310,0.096
Gm41496,0.0
Gm41495,0.117
Gm29880,0.0
Kcne2,0.211
Smim11,-1.453
1700048M11Rik,0.0
Fam243,0.0
Kcne1,-0.772
Gm29805,0.0
Rcan1,0.493
Gm46555,0.0
2410124H12Rik,0.0
Clic6,-2.183
Gm49722,0.0
Runx1,-2.908
Gm26626,0.0
Gm49723,0.0
1810053B23Rik,0.112
1810044K17Rik,0.0
1700029J03Rik,0.0
Gm30695,0.0
Gm49725,0.0
Setd4,-0.034
Gm49961,0.0
Cbr1,0.7
Gm5678,-0.052
Cbr3,-3.795
Dop1b,1.006
2310043M15Rik,-0.167
Gm30881,-0.074
Morc3,-0.333
Chaf1b,-1.778
Gm49617,0.0
Cldn14,-0.354
Gm49618,0.0
2410003I16Rik,0.0
Gm49620,0.0
Sim2,0.0
Hlcs,0.478
Gm48984,0.0
Ripply3,-2.171
Pigp,0.005
Ttc3,1.442
Gm31323,0.0
Vps26c,-0.105
Dyrk1a,-0.063
Gm41505,0.18
Kcnj6,0.476
Gm31641,0.0
Kcnj15,-0.743
Gm49643,0.0
Erg,-3.654
Ets2,-1.914
1600002D24Rik,-0.102
2810404F17Rik,0.0
Gm15340,0.0
Psmg1,0.159
Brwd1,-0.303
Gm15342,-0.003
1700093J21Rik,0.316
Gm49953,-0.055
Hmgn1,-1.239
Wrb,0.985
Gm49928,0.0
Lca5l,0.48
Sh3bgr,0.472
B3galt5,1.017
Igsf5,0.634
Itgb2l,0.0
Pcp4,2.409
Dscam,2.02
Gm49907,0.0
Gm32509,0.187
Gm32432,0.0
Bace2,-2.503
Fam3b,0.47
Tmprss2,-0.301
Ripk4,0.217
Prdm15,-0.23
C2cd2,0.221
Zbtb21,-0.241
C030010L15Rik,-0.003
B230307C23Rik,-0.341
A630089N07Rik,-0.669
Scaf8,-0.098
Gm49797,0.117
Gm34035,0.135
Tiam2,-0.382
Tfb1m,0.229
Cldn20,0.051
1700102H20Rik,-1.013
Nox3,0.0
4930470H14Rik,0.0
4930548J01Rik,0.0
4930517M08Rik,0.0
4930579D07Rik,0.0
Gm41517,0.371
Arid1b,0.127
Gm29050,0.0
Tmem242,0.18
Ldhal6b,0.132
Zdhhc14,1.005
3300005D01Rik,-1.02
Snx9,-1.765
Synj2,-0.01
Serac1,-0.469
Gtf2h5,0.352
Tulp4,0.558
Tmem181a,0.39
Dynlt1a,0.829
Dynlt1b,-0.468
Dynlt1c,-0.349
Dynlt1f,-0.91
Sytl3,-2.387
Ezr,-1.98
4933426B08Rik,0.0
1700122H20Rik,0.0
Rsph3b,0.023
Gm49719,-0.267
Tagap1,0.489
Rnaset2b,-1.456
Gm1604b,0.0
Rps6ka2,0.69
Tcp10a,0.0
Ttll2,0.113
Unc93a2,0.506
Gm33086,0.0
Gm49632,0.076
Fndc1,-2.702
E430024P14Rik,0.15
Tagap,-3.728
Rsph3a,0.343
Gm1604a,0.717
Rnaset2a,-2.198
Fgfr1op,0.047
Ccr6,-0.4
Mpc1,0.64
4930506C21Rik,-0.629
Sft2d1,0.012
Prr18,1.654
T2,0.459
T,-0.12
Pde10a,0.736
Gm17087,0.0
1700010I14Rik,-0.283
6530411M01Rik,-2.304
C87487,0.0
Gm17728,0.0
Gm49807,-0.42
Pabpc6,0.0
Gm34684,-0.679
4930452A19Rik,-1.93
Gm49808,-0.44
Gm34799,0.0
Qk,-3.903
1700110C19Rik,-0.019
Pacrg,0.326
A230009B12Rik,-0.4
Gm16168,-1.103
Gm16169,-0.381
Prkn,0.451
Gm28505,0.0
Agpat4,1.136
Map3k4,-0.52
4732491K20Rik,0.224
Gm49964,0.0
Plg,0.0
Slc22a3,-2.264
C030013G03Rik,0.0
Slc22a2,-1.314
Slc22a1,0.373
Igf2r,-0.362
Airn,-0.757
Gm49959,-0.308
Gm49958,0.0
Mas1,0.0
Mrgprh,-0.336
Pnldc1,0.257
Gm49926,0.0
Mrpl18,-0.146
Tcp1,0.622
Acat3,-0.409
Acat2,0.887
Wtap,0.262
Sod2,0.17
Gpr31b,-0.34
Tcp10b,0.107
Unc93a,0.106
Gm49898,0.0
Smok2a,0.0
Smok2b,0.0
Gm36684,0.294
Tcp10c,0.0
2700054A10Rik,1.885
Gm16050,0.0
Gm16046,-0.424
Tcte2,1.294
Afdn,0.395
Gm7168,0.0
Gm7356,0.0
Gm7358,0.0
Dact2,1.864
Gm34510,0.0
Gm34567,0.0
Smoc2,-5.454
4930474M22Rik,0.112
Gm38551,0.0
Thbs2,-4.705
Wdr27,0.122
1600012H06Rik,-0.76
Phf10,-0.573
Gm3417,0.479
9030025P20Rik,-0.339
Gm3448,0.014
Gm3435,-0.295
Tcte3,0.452
Ermard,-0.244
Gm35455,0.0
Gm5091,0.141
Gm35576,1.755
Dll1,-0.74
Fam120b,0.533
Gm49668,-0.26
Psmb1,0.338
Tbp,-0.325
Pdcd2,0.471
Prdm9,-0.305
4933401D09Rik,0.0
Chd1,-1.082
Rgmb,0.183
Gm49778,0.0
BC002059,-0.505
Zfp960,-0.425
Zfp97,-0.638
Gm5165,-0.902
Gm6712,-0.459
AC154200.1,0.283
Riok2,-0.024
Gm26873,-0.016
Lix1,1.888
Lnpep,0.363
Vmn2r90,0.0
Spaca6,-0.822
Has1,-1.926
Fpr1,-1.164
Fpr2,-1.39
Fpr3,0.0
Fpr-rs4,0.0
Vmn2r124,0.039
Vmn2r91,0.0
Vmn2r92,0.0
Vmn2r94,0.0
Vmn2r93,0.0
Vmn2r95,0.0
Vmn2r96,0.0
Vmn2r97,-0.06
Vmn2r98,0.0
Gm49753,0.0
Vmn2r99,0.0
4930549P19Rik,0.0
Vmn2r100,0.0
Vmn2r101,0.0
Vmn2r102,0.0
Vmn2r103,0.0
Vmn2r104,0.0
Fpr-rs7,0.0
Fpr-rs6,0.0
Vmn2r105,0.0
Vmn2r106,0.0
Vmn2r107,0.0
Vmn1r224,-0.074
Vmn2r108,0.113
Vmn1r225,0.0
Vmn2r109,0.0
Vmn2r110,0.0
Fpr-rs3,0.0
Vmn1r226,0.0
Vmn1r227,0.0
Vmn1r228,0.0
Vmn1r229,0.0
Vmn1r230,0.0
Vmn1r231,0.0
Gm49761,0.0
Vmn1r232,0.0
Ppp2r1a,0.92
Vmn1r233,0.0
Zfp160,-0.501
Gm5092,0.0
Vmn1r234,0.0
Vmn1r235,0.0
Vmn1r236,0.0
Vmn1r237,0.0
Zfp677,-0.199
Gm49691,0.162
Zfp54,0.229
Zfp51,-0.468
Zfp53,-0.643
9330136K24Rik,-0.408
Zfp52,-0.182
Zfp948,-0.051
Gm41541,-0.561
Zfp983,0.564
Gm10226,0.377
Zfp760,-0.27
Zfp229,0.289
Zfp820,-2.184
Zfp995,0.219
Zfp942,-0.077
Zfp943,-0.051
Zfp947,0.559
Zfp994,0.017
Gm7072,-0.043
Zfp944,0.018
Zfp758,-0.651
Zfp946,0.961
Vmn2r111,0.0
Vmn2r112,0.0
Gm5493,1.213
Zfp945,0.015
Vmn2r113,-0.309
Vmn2r-ps130,0.0
Zfp40,0.651
Vmn2r114,-0.008
Vmn2r115,0.0
Vmn2r116,0.0
Vmn2r117,0.0
6330415G19Rik,1.507
Zfp213,-0.501
Gm49092,0.509
Zfp13,0.482
Zscan10,0.0
Mmp25,-1.271
Bicdl2,-1.003
Thoc6,-0.205
Hcfc1r1,0.894
Tnfrsf12a,-1.682
Cldn6,-0.034
Cldn9,-1.965
1520401A03Rik,0.817
Pkmyt1,-1.327
Paqr4,-0.942
Kremen2,0.343
9530082P21Rik,0.027
Flywch1,1.204
Gm49163,0.0
Gm16275,-0.293
Flywch2,1.45
Srrm2,-0.304
Elob,0.33
Prss33,0.745
Prss41,1.062
Prss32,0.331
Gm15947,-0.137
Prss21,0.0
Dcpp1,0.0
Dcpp2,0.0
Gm50057,-1.117
Gm41545,-0.671
Dcpp3,0.0
Sbp,0.0
Sbpl,0.0
Prss30,-0.585
Prss22,0.0
Prss27,-0.719
Kctd5,-0.149
Pdpk1,0.849
Gm50071,-0.652
Gm50070,0.167
Amdhd2,-0.443
Atp6v0c,1.026
Tbc1d24,1.038
Ntn3,-0.095
BC028777,0.223
Tedc2,0.061
Ccnf,-1.317
Abca17,0.531
Abca3,0.614
D330041H03Rik,-1.449
Rnps1,0.281
Eci1,-1.257
Dnase1l2,-0.691
E4f1,-0.568
Pgp,-0.035
Mlst8,0.194
Bricd5,-2.957
Gm50062,0.0
Caskin1,1.233
Traf7,-0.954
Rab26,-0.283
Rab26os,0.289
Gm33508,0.252
Pkd1,-0.361
Tsc2,0.243
Nthl1,-1.72
Slc9a3r2,-0.937
Npw,-0.953
Zfp598,-0.273
Syngr3,2.229
Gfer,-0.027
Noxo1,-0.851
Tbl3,-0.032
Rnf151,0.163
Rps2,-0.071
Snhg9,-0.117
Ndufb10,0.465
Rpl3l,-0.281
Msrb1,0.199
Hs3st6,-0.216
Gm50022,-1.994
Meiob,-0.255
Hagh,0.728
Fahd1,0.319
Igfals,0.0
Nubp2,0.384
Spsb3,0.356
Eme2,0.207
Mapk8ip3,1.042
Mrps34,0.422
Nme3,0.257
Jpt2,-0.259
Cramp1l,-0.128
Ift140,0.22
Tmem204,-4.277
Telo2,0.026
Ptx4,-0.065
Clcn7,0.019
Ccdc154,-0.108
Gm38655,0.272
BC003965,-0.061
Unkl,0.35
Gnptg,0.016
Tsr3,0.527
Baiap3,0.299
Ube2i,-0.7
Prss34,0.0
Prss28,0.0
Prss29,0.0
Tpsab1,-0.321
Tpsb2,-1.584
Tpsg1,-1.087
Cacna1h,-2.744
Tekt4,0.0
Sstr5,0.142
Gm33727,-0.872
Gm50025,0.0
Gm33801,0.0
Gm50026,0.0
Sox8,-2.924
2810468N07Rik,-2.027
Lmf1,-0.448
4930541O19Rik,0.0
Gm50312,0.0
Gng13,0.279
Chtf18,-1.611
Rpusd1,0.644
Mslnl,0.135
Msln,-1.859
1700080C20Rik,0.0
Ciao3,0.0
Haghl,-0.02
Ccdc78,-1.883
Fam173a,-0.033
Metrn,-3.783
Fbxl16,1.573
Wdr24,0.383
Jmjd8,-0.89
Stub1,0.112
Rhbdl1,0.25
Rhot2,0.358
Wdr90,-0.885
Mcrip2,0.116
Mettl26,0.358
Wfikkn1,-0.308
Rab40c,0.099
Gm16278,0.073
Pigq,0.154
Nhlrc4,0.051
A930017K11Rik,0.27
D630044L22Rik,0.0
Capn15,-0.294
1700022N22Rik,-0.341
Rab11fip3,0.315
Decr2,0.449
Nme4,0.073
Tmem8,1.311
Mrpl28,0.239
Axin1,-0.464
Pdia2,0.059
Arhgdig,2.104
Rgs11,1.216
Fam234a,-1.078
Luc7l,0.461
Gm50013,-0.878
Gm50015,0.0
Neurl1b,-0.161
Gm50269,-0.176
Gm34455,-1.829
Dusp1,-1.34
Gm50275,0.0
Ergic1,0.3
Gm17218,0.0
Atp6v0e,-1.403
Crebrf,-0.579
Bnip1,0.189
Nkx2-5,0.0
Gm17382,-0.107
Gm20468,-0.177
Gm41555,0.0
Kifc5b,-1.67
Phf1,0.249
Cuta,-0.273
Syngap1,0.133
Zbtb9,0.097
Gm50254,-0.765
Ggnbp1,-1.427
Bak1,-1.633
Gm50295,-3.964
Itpr3,-4.584
Itpr3os,0.0
Uqcc2,0.217
Gm50316,0.0
Ip6k3,-0.445
Lemd2,-0.302
Gm26724,-0.822
9630028I04Rik,2.555
Gm50328,0.0
Gm49793,0.0
Gm10505,0.105
Gm49795,1.058
Gm49794,-0.215
Gm49796,0.0
Grm4,1.157
Gm49774,-1.009
Hmga1,1.081
AI413582,1.131
C130040N14Rik,0.977
Nudt3,0.446
Gm49741,0.303
Rps10,-0.28
Gm15420,-0.871
Pacsin1,1.89
Spdef,0.93
Gm15458,0.0
Ilrun,0.163
Snrpc,-0.263
Uhrf1bp1,0.422
Taf11,0.178
Gm49801,-1.936
Anks1,-0.157
Gm15597,0.0
Gm49802,0.0
Gm35290,-2.638
Tcp11,0.412
Scube3,-1.269
C230013L11Rik,-0.07
Zfp523,0.005
Def6,-0.456
Gm49874,0.575
Ppard,-1.751
Fance,-0.416
Gm49886,0.0
Gm49889,0.459
Rpl10a,-0.111
Tead3,-4.15
Tulp1,-1.983
Fkbp5,0.528
Gm49838,-0.013
Gm22146,-1.176
Gm20109,0.687
E230001N04Rik,-0.167
Gm41506,0.0
Armc12,0.0
Clpsl2,0.0
Clps,0.068
Lhfpl5,2.231
Srpk1,0.474
Slc26a8,0.614
Mapk14,-0.303
Gm4356,0.132
Mapk13,-0.463
Gm49864,-0.2
Brpf3,-0.545
Gm35883,0.0
Pnpla1os,0.0
Pnpla1,-0.157
4930539E08Rik,-0.301
1700030A11Rik,0.0
Gm16191,-0.062
Pxt1,-0.258
1700063J08Rik,-1.327
Kctd20,0.519
Stk38,-0.568
Gm16196,-1.166
Gm16195,0.0
Srsf3,-0.35
Gm41556,-0.783
Trp53cor1,-2.755
Cdkn1a,0.582
Rab44,0.059
Cpne5,1.516
Ppil1,0.123
Gm50068,0.0
BC004004,-0.086
Pi16,0.121
Gm46603,0.103
Mtch1,0.402
Fgd2,-3.528
Gm36486,-0.214
Gm36199,0.981
Gm26885,-0.594
Pim1,-0.318
Gm17657,-0.126
Tmem217,0.422
Tbc1d22b,0.909
Tbc1d22bos,-0.116
2010106G04Rik,0.557
Rnf8,0.676
Gm20161,0.0
Cmtr1,0.395
Ccdc167,0.702
1810014P07Rik,0.0
Gm50016,0.0
Mdga1,1.275
Gm16758,1.106
Gm50017,0.0
Gm50019,0.0
Zfand3,0.059
Btbd9,0.221
Gm50250,-0.492
Gm50240,-0.265
Glo1,-0.503
1700097N02Rik,-1.182
Dnah8,-0.469
Gm41561,0.539
Gm9937,0.014
Gm50242,0.0
Glp1r,0.972
Gm10503,-0.085
Gm41562,0.216
Umodl1,0.0
Gm50249,0.0
Abcg1,0.236
Tff3,-0.082
Tff2,0.0
Gm15318,0.0
Tff1,0.0
Tmprss3,0.0
Ubash3a,-0.327
Gm50218,1.401
Rsph1,1.004
Slc37a1,1.136
Pde9a,1.054
Gm9902,-0.061
Gm50138,0.329
Wdr4,0.474
Gm50103,0.283
Ndufv3,0.757
Gm50105,0.113
4833413E03Rik,0.0
AC166172.1,-0.691
Pknox1,-0.09
Gm50107,0.155
Cbs,-0.519
U2af1,-0.081
Gm50222,0.0
Cryaa,-0.511
Gm50225,0.0
Gm49999,0.0
Sik1,-1.331
Gm50000,0.0
2310015A16Rik,0.0
Hsf2bp,0.119
Rrp1b,-0.347
Gm17276,0.563
Notch3,-5.05
Ephx3,-1.023
Brd4,-0.164
Gm26549,-0.497
Akap8,-0.384
Akap8l,-0.378
Wiz,0.111
Rasal3,-3.55
A530088E08Rik,-1.118
Pglyrp2,-0.656
Cyp4f39,0.783
Cyp4f17,-0.964
Cyp4f16,-0.162
Cyp4f37,0.0
Cyp4f40,0.0
Cyp4f15,-1.839
Gm50046,0.329
Zfp871,-0.366
Gm17115,-0.155
Zfp811,-0.176
Gm26693,-0.457
Zfp799,-0.197
Gm50050,-1.304
Zfp870,-0.965
Gm50051,0.0
Cyp4f14,-2.858
Cyp4f13,-1.515
Zfp472,-0.743
Zfp952,0.069
Zfp763,-0.031
Zfp563,0.126
Morc2b,1.353
Olfr55,0.0
Olfr239,0.0
Olfr1564,0.061
Zfp955a,-0.21
Olfr63,0.0
Zfp955b,-0.12
Zfp81,0.41
Zfp101,-0.946
Actl9,-0.224
Gm4125,0.0
Adamts10,-0.753
Myo1f,-4.213
Zfp414,0.268
Pram1,-1.19
Hnrnpm,-0.762
March2,0.255
Rab11b,0.15
Gm17251,-0.321
Angptl4,-3.156
4931413I07Rik,0.0
Kank3,-0.873
Rps28,-0.423
Ndufa7,0.246
Cd320,0.356
Smim40-ps,0.0
Kifc1,-2.3
Smim40,-0.034
BC051226,0.711
Daxx,-0.095
Tapbp,-0.823
Zbtb22,-0.06
Gm19412,0.389
Rgl2,-0.407
Pfdn6,0.291
Gm50037,0.0
Wdr46,-0.117
B3galt4,0.202
Rps18,-0.356
Vps52,0.187
AA388235,0.533
H2-K1,-2.77
Ring1,-0.562
Gm26940,0.0
H2-Ke6,-0.215
Slc39a7,-0.716
Rxrb,-0.081
Col11a2,-1.691
BC051537,-1.005
H2-Oa,-2.22
Gm50333,0.0
Brd2,-0.212
H2-DMa,-0.096
Gm50336,-0.741
Gm50335,0.0
H2-DMb2,-2.17
H2-DMb1,-4.091
Psmb9,-3.042
Tap1,-2.974
Psmb8,-2.398
Gm20496,-0.019
Tap2,-2.091
Gm15821,-0.684
H2-Ob,-1.744
H2-Ab1,-5.336
H2-Aa,-4.822
Gm20513,-0.807
H2-Eb1,-4.484
H2-Eb2,-0.163
Btnl2,-0.298
Btnl1,0.0
BC051142,0.51
Btnl4,0.0
Btnl6,0.0
Notch4,-0.629
Gpsm3,-0.385
Pbx2,-0.015
Ager,-1.091
Rnf5,0.385
Gm20463,-0.443
Agpat1,0.321
Egfl8,-5.643
Ppt2,-0.317
Prrt1,0.081
Gm20461,0.0
Fkbpl,0.589
Atf6b,-0.136
Tnxb,-5.051
C4b,-3.835
Cyp21a1,-0.69
C4a,-0.099
Stk19,0.019
Dxo,-0.174
Skiv2l,-0.032
Nelfe,-0.365
Cfb,-3.129
C2,-3.835
Zbtb12,-0.45
Ehmt2,-0.098
Slc44a4,-0.475
Neu1,-0.035
1110038B12Rik,-0.197
Hspa1b,-3.155
Hspa1a,-3.592
Gm20481,0.0
Hspa1l,-1.465
Gm10501,0.897
Lsm2,-0.334
Vars,-0.057
Vwa7,1.421
Sapcd1,-0.961
Msh5,-1.352
Clic1,-0.082
Ddah2,-0.602
Mpig6b,-1.502
Ly6g6c,-0.546
Ly6g6d,-2.726
Ly6g6e,-2.854
Ly6g6f,-4.59
Abhd16a,0.158
Ly6g5c,0.0
Ly6g5b,-1.288
Csnk2b,0.35
Gpank1,0.469
Gm20522,0.049
D17H6S53E,-0.762
Apom,-0.131
Bag6,0.202
Prrc2a,-0.238
Gm17705,-0.812
Aif1,-4.297
Lst1,-0.209
Ltb,-0.681
Tnf,-5.122
Lta,-0.348
Nfkbil1,0.03
Gm16181,-0.442
Atp6v1g2,2.036
Ddx39b,-0.074
H2-D1,-1.141
H2-Q1,-0.862
H2-Q2,-0.01
Gm11131,-2.047
H2-Q4,-4.86
H2-Q6,-2.735
H2-Q7,-1.624
H2-Q10,-1.864
Pou5f1,-0.834
Gm19553,0.0
Tcf19,-2.156
Cchcr1,-3.022
Psors1c2,-0.908
Cdsn,0.352
2300002M23Rik,0.0
Sfta2,-0.212
Gm9573,0.0
Mucl3,-0.012
Gm20483,0.0
Vars2,0.016
Gtf2h4,-0.539
Ddr1,0.042
Gm4577,0.518
Gm20443,-0.068
Gm20442,-0.647
4833427F10Rik,-0.079
Ier3,-2.18
Flot1,1.028
Tubb5,1.525
Mdc1,-0.594
Ppp1r18os,-1.105
Nrm,-2.154
Ppp1r18,-2.036
Dhx16,-0.7
2310061I04Rik,1.272
Gm16279,-0.206
Atat1,-0.233
Mrps18b,0.666
Ppp1r10,-1.265
Abcf1,0.034
Prr3,0.73
Gnl1,-0.044
Gm20508,-0.276
A930015D03Rik,0.057
H2-T24,-0.67
H2-T23,-1.638
H2-T22,-2.144
Gm6034,-0.048
Gm11127,-0.791
Gm7030,0.0
BC023719,0.0
Gm19684,0.0
2410017I17Rik,0.0
Gm8909,-0.187
Gm20478,-0.457
H2-T3,-0.279
Gm20546,-0.086
Rpp21,0.399
Trim39,0.075
H2-M10.2,0.0
H2-M10.1,0.0
H2-M10.3,0.0
H2-M10.4,0.0
H2-M11,0.0
H2-M9,0.0
H2-M1,0.0
H2-M10.5,0.0
H2-M10.6,0.0
Trim26,-0.283
Trim15,0.0
Trim10,-0.233
Trim40,0.0
Trim31,0.0
1700031A10Rik,-0.063
Rnf39,0.0
Ppp1r11,0.881
Znrd1,-0.648
Znrd1as,0.091
2410137M14Rik,0.292
H2-M5,0.768
Zfp57,0.776
Mog,-0.17
Gabbr1,1.184
Olfr90,-0.108
Olfr91,0.0
Olfr92,0.0
Olfr93,0.0
Ubd,0.0
Olfr94,0.0
Olfr95,0.0
Olfr96,0.0
Olfr97,0.0
Gm20429,0.0
Olfr98,0.0
H2-M3,-0.124
Olfr99,0.0
Olfr101,0.0
Olfr102,0.0
Olfr103,0.0
Olfr104-ps,0.0
Olfr105-ps,0.0
Olfr106-ps,0.0
Olfr107,-0.088
Olfr108,0.0
Olfr109,0.0
H2-M2,-0.1
Olfr110,0.0
Olfr111,0.0
Olfr112,0.0
Olfr113,0.0
Olfr114,0.0
Olfr115,0.0
Olfr116,0.0
Olfr117,0.0
Olfr118,0.0
Olfr119,0.0
Olfr120,0.0
Olfr121,0.0
Olfr122,0.0
Olfr123,0.0
Olfr124,0.0
Olfr125,0.0
Olfr126,0.0
Olfr127,0.0
Olfr128,0.0
Olfr761,0.0
Olfr129,0.0
Olfr130,0.0
Olfr131,0.0
Olfr132,0.0
Olfr133,0.0
Olfr134,0.0
Olfr135,0.0
Olfr138,0.0
Olfr137,0.0
Olfr136,0.0
Esp36,0.0
Esp34,0.0
Esp31,0.0
Esp24,0.0
Gm21903,0.0
Esp23,0.0
Esp22,0.0
Esp18,-0.058
Esp16,0.0
Esp15,0.0
Gm26917,-0.896
Gm42418,-1.09
AY036118,-1.589
Esp38,0.0
Gm49835,0.0
Pgk2,0.0
Crisp3,0.0
Crisp1,0.0
Esp8,0.0
Esp6,0.0
Gm44501,0.0
Esp4,0.0
Esp3,0.0
Esp1,0.0
Crisp2,0.0
Rhag,0.0
9130008F23Rik,-1.385
Glyatl3,0.0
Cenpq,-1.535
Mmut,-0.305
Gm49857,-0.441
Ptchd4,0.67
Opn5,0.0
Adgrf4,0.197
Adgrf2,0.2
Cd2ap,-0.491
Tnfrsf21,0.208
E130008D07Rik,1.926
Adgrf1,-0.303
Adgrf5,-4.847
Mep1a,0.084
Ankrd66,-1.88
Pla2g7,-2.585
1700071M16Rik,0.0
Tdrd6,-0.963
Slc25a27,0.532
Cyp39a1,-3.188
Rcan2,1.525
Enpp5,0.317
Enpp4,0.172
Clic5,-3.116
Gm49872,0.0
Runx2,-2.509
Runx2os3,0.0
Runx2os2,0.0
Runx2os1,-1.794
Supt3,0.374
Gm35097,0.06
Cdc5l,-0.165
B230354K17Rik,0.289
Spats1,1.661
Aars2,0.334
Tcte1,0.494
Tmem151b,2.091
Nfkbie,-0.429
Slc35b2,-1.673
Hsp90ab1,0.914
Slc29a1,-0.611
Gm17080,0.046
Mymx,0.208
Capn11,0.859
Tmem63b,0.514
Gm16172,-0.343
Mrpl14,0.247
1600014C23Rik,-0.299
F630040K05Rik,-0.352
Gm35692,-0.118
4930542M03Rik,0.0
Gm41584,0.0
Gm49805,0.0
Vegfa,-0.599
Gm36200,0.038
Mrps18a,0.572
Rsph9,0.408
Mad2l1bp,-0.038
Gtpbp2,-0.011
Polh,-0.899
Xpo5,0.233
Polr1c,-0.033
Yipf3,-0.276
Lrrc73,1.859
Tjap1,-1.067
Dlk2,1.153
Abcc10,-0.092
Zfp318,0.394
Crip3,0.638
Slc22a7,0.548
Ttbk1,2.007
Gm47119,0.0
Dnph1,0.3
Cul9,0.543
Srf,-1.21
Ptk7,-4.312
Klc4,-0.022
Mrpl2,0.098
Cul7,-0.094
Rrp36,-0.298
Klhdc3,0.319
Mea1,0.858
Ppp2r5d,0.024
Pex6,-0.043
Gnmt,-0.073
Cnpy3,-0.777
Ptcra,-0.672
2310039H08Rik,-0.626
Rpl7l1,-0.593
Bicral,0.461
Tbcc,0.344
Prph2,0.037
Ubr2,-0.181
Trerf1,-0.164
Mrps10,0.411
Guca1b,-0.321
Guca1a,-1.319
1700001C19Rik,0.558
AI661453,-0.863
Taf8,-0.956
Ccnd3,-1.905
Bysl,0.486
Med20,-0.166
Usp49,-0.704
Tomm6,0.21
Tomm6os,0.53
Prickle4,0.329
Frs3,1.57
Frs3os,0.146
Pgc,-0.228
Tfeb,-3.185
Mdfi,-3.943
Foxp4,-0.454
Gm15556,-0.073
1700122O11Rik,0.0
A730006G06Rik,0.0
1700067P10Rik,0.0
Gm49946,0.0
9830107B12Rik,0.0
A530064D06Rik,0.0
Trem1,-0.857
Trem3,-0.955
Treml4,-0.764
Treml2,-1.607
B430306N03Rik,-0.801
Trem2,-5.359
Treml1,-0.706
Nfya,-0.813
Oard1,-0.489
Gm49893,-0.393
Apobec2,0.571
Tspo2,-0.445
Unc5cl,-0.14
Gm49896,0.0
Gm45330,0.0
Lrfn2,0.755
1700008K24Rik,0.0
Gm17830,0.0
Gm20540,-0.025
Mocs1,-1.006
Daam2,-3.854
Kif6,0.056
Gm16555,0.653
Gm16554,0.0
Rftn1,0.686
Gm49901,-0.657
Gm37173,0.0
Gm41597,0.0
AY702103,0.0
Dazl,1.092
Gm49906,0.0
Plcl2,0.573
Tbc1d5,-0.418
C330011F03Rik,0.0
Gm31143,1.764
Satb1,0.716
Gm20098,0.0
Gm19585,-1.149
Gm41600,0.0
Gm49912,0.0
Gm5094,0.0
Gm27217,-0.01
Kcnh8,-1.885
Efhb,-1.71
Rab5a,-0.284
Gm49915,-0.95
Pp2d1,-0.374
Kat2b,-1.079
Sgo1,-3.177
Sult1c2,0.0
Sult1c1,0.0
Slc5a7,1.224
1700025K24Rik,0.0
Gm32055,0.0
St6gal2,1.733
Vmn2r118,0.0
Pot1b,-0.88
Adgre4,-0.9
Zfp119a,-0.416
Zfp959,-0.493
Zfp119b,-0.25
Ebi3,0.415
Gm16712,0.14
Yju2,-0.764
Shd,1.582
Fsd1,1.816
Stap2,-0.238
Mpnd,0.635
Sh3gl1,-1.597
Chaf1a,-1.387
Ubxn6,0.84
Hdgfl2,-0.205
Plin4,-0.544
Plin5,1.018
Lrg1,-3.398
Sema6b,-0.32
Tnfaip8l1,-2.626
Mydgf,-0.426
Dpp9,0.193
A230051N06Rik,2.302
Fem1a,0.428
Ticam1,-1.626
Plin3,-4.847
Arrdc5,0.0
Uhrf1,-3.293
Kdm4b,0.173
Ptprs,0.234
Znrf4,0.0
Gm20219,-0.024
Safb2,-0.654
Safb,-0.099
Micos13,0.025
Rpl36,-0.157
Lonp1,-0.045
Catsperd,0.992
Ranbp3,-0.276
Vmac,-0.508
Ndufa11,0.753
Nrtn,-2.002
Dus3l,0.329
Prr22,0.418
Rfx2,-1.471
Acsbg2,0.141
1700061G19Rik,-0.395
Mllt1,0.123
Acer1,0.0
Gm49887,0.0
Clpp,0.296
Alkbh7,0.438
Pspn,0.0
Gtf2f1,-0.166
Gm17949,-1.004
Khsrp,-0.795
Slc25a41,0.031
Gm17168,0.0
Slc25a23,-0.195
Crb3,-0.546
Dennd1c,-2.411
Gm49888,0.0
Tubb4a,1.844
Gm11110,-0.318
Tnfsf9,-3.522
Cd70,0.795
Tnfsf14,-0.875
C3,-0.549
Gpr108,-0.398
Trip10,-2.143
Vav1,-4.194
Adgre1,0.879
Vmn2r120,-0.032
Gm21834,0.0
Cntnap5c,0.96
A330072L02Rik,0.0
Pdzph1,-2.011
Nudt12os,0.0
Nudt12,0.458
Gm49853,0.0
Gm29051,0.0
Gm33890,0.0
Gm49860,0.0
Efna5,1.273
Fbxl17,0.435
4930405O22Rik,-0.151
Fer,-0.426
A930002H24Rik,-0.176
Pja2,0.635
AU016765,1.304
Man2a1,0.442
Gm17133,0.0
Dreh,0.396
4930583I09Rik,0.0
Tmem232,-0.426
Vapa,-0.056
Txndc2,-0.215
Rab31,-1.978
Ppp4r1,-0.503
Ralbp1,0.59
Gm49870,0.062
Gm49871,0.475
Gm35550,-0.11
Twsg1,-1.011
Ankrd12,0.036
Ndufv2,0.266
Washc1,-0.267
Ddx11,-0.996
Gm20742,0.0
Gm49932,0.298
Mtcl1,1.243
Gm49937,1.001
Rab12,-1.132
Gm49938,0.0
Themis3,0.0
Ptprm,-0.917
1700016K05Rik,-0.015
Gm47471,0.0
Gm9984,-0.107
Gm36201,0.0
Lrrc30,0.0
Lama1,-0.104
Arhgap28,1.188
Gm49944,0.0
Gm49945,0.0
Gm36252,0.048
L3mbtl4,1.191
Tmem200c,1.36
Gm38593,1.295
Epb41l3,0.703
2410021H03Rik,0.0
Gm36487,0.0
Gm49894,0.0
Zbtb14,-0.29
A930029G22Rik,-0.107
C030034I22Rik,-0.408
Akain1,1.962
A730049N16Rik,0.0
Gm49895,0.0
Gm36594,0.185
Dlgap1,-0.085
5031415H12Rik,-0.444
Gm41609,-0.798
Gm20703,-2.179
Tgif1,-5.315
Gm26510,-1.791
Gm41611,-1.235
Myl12b,0.328
Myl12a,-2.798
Myom1,-1.978
1600022D10Rik,-0.672
Lpin2,0.244
Emilin2,-4.178
4930471L23Rik,0.0
Gm4566,0.0
Smchd1,-0.889
Gm4707,-1.047
Ndc80,-2.75
Spdya,-0.16
Trmt61b,1.208
Gm30091,0.0
Wdr43,-0.349
Togaram2,1.523
Gm15641,0.0
Pcare,0.01
Clip4,0.738
Alk,1.575
Ypel5,0.207
Lbh,-0.478
Gm30420,0.0
Lclat1,0.45
E330032C10Rik,-0.44
Capn13,0.0
Galnt14,1.832
Gm49876,0.0
Gm49878,0.151
D630014O11Rik,0.312
Ehd3,0.807
Xdh,-2.394
Srd5a2,0.039
Gm31084,0.095
Memo1,0.122
Dpy30,0.558
Spast,0.423
Slc30a6,-0.412
Nlrc4,-1.175
Yipf4,-0.057
Gm31645,0.547
Birc6,0.155
Gm26749,-0.294
Ttc27,0.161
Gm50020,0.0
Gm50021,0.0
Gm31759,0.0
Gm31818,0.0
Ltbp1,-3.591
Rasgrp3,-3.847
Fam98a,0.25
Gm4710,0.0
Gm50028,0.0
Gm32282,0.692
Crim1,0.33
Fez2,-0.092
Gm50034,0.0
Vit,-4.629
Strn,-0.143
Heatr5b,0.221
Gpatch11,0.417
Eif2ak2,-0.925
Sult6b1,0.014
Cebpzos,0.38
Cebpz,-0.044
Ndufaf7,0.385
Prkd3,-3.061
Qpct,-0.684
Cdc42ep3,-0.677
Rmdn2,0.094
Cyp1b1,-2.72
Gm33055,0.0
Gm49984,0.0
1700106O07Rik,0.0
Gm49985,0.0
Atl2,0.229
Gm41625,0.0
Hnrnpll,-0.544
Galm,-2.824
Srsf7,-0.694
Ttc39d,-0.089
Gemin6,-0.201
Dhx57,0.861
Gm50087,-0.031
Morn2,0.775
Arhgef33,1.133
Gm10190,-0.151
Sos1,0.604
Cdkl4,0.611
Gm33373,0.866
Map4k3,-0.307
C230072F16Rik,0.0
Tmem178,-1.726
Thumpd2,-1.623
Gm50044,0.0
Slc8a1,1.723
Gm11096,0.0
Gm19689,-0.688
Gm29052,0.0
Gm46606,-3.171
Pkdcc,-2.914
Eml4,0.192
Cox7a2l,0.249
Kcng3,0.0
Mta3,-0.201
Haao,-0.496
C430042M11Rik,0.519
1810073O08Rik,-0.1
Gm41639,-0.75
Gm35229,-0.991
Gm41638,0.0
8430430B14Rik,-0.04
Gm35551,-0.425
Gm49967,0.0
4933433H22Rik,-1.437
Gm19696,0.0
Zfp36l2,-3.618
Gm36279,0.0
Thada,0.049
Plekhh2,-1.755
4930500A05Rik,0.0
Gm49969,0.0
Dync2li1,-0.214
Abcg5,-0.335
Abcg8,0.0
Lrpprc,0.89
Gm49981,0.0
1110020A21Rik,-0.098
Ppm1b,0.39
Slc3a1,0.36
Prepl,0.718
Camkmt,-0.126
Six3os1,0.0
Six3,-0.338
Gm28528,0.0
Six2,-0.277
CJ186046Rik,0.0
Gm29418,0.0
Gm30117,0.0
Srbd1,-0.191
Prkce,0.465
2010106C02Rik,-0.095
Gm10309,-0.287
Epas1,-3.137
Gm29168,0.0
Tmem247,0.0
Gm50011,0.0
Atp6v1e2,0.121
Rhoq,0.291
Gm50012,-0.908
Pigf,0.14
Cript,0.657
Socs5,0.139
C330024C12Rik,-0.642
Mcfd2,-1.593
4833418N02Rik,-1.288
Ttc7,-0.571
Gm15978,0.118
0610012D04Rik,-0.354
Stpg4,0.771
Calm2,1.449
Gm30794,0.01
Gm30938,0.419
Gm28676,0.0
Gm30984,0.101
Gm46587,0.364
Epcam,-1.076
Msh2,0.119
Kcnk12,0.946
Gm50039,0.0
Rpl36-ps4,0.0
Msh6,-0.472
Fbxo11,-0.104
Gm26612,0.0
Gm31499,0.0
Gm31615,-0.253
1700116H05Rik,0.0
Foxn2,-1.376
Ppp1r21,0.394
Ston1,-3.12
Gm50056,0.04
Gtf2a1l,0.043
Lhcgr,-3.518
Fshr,0.0
4933400B14Rik,0.0
Gm4719,0.0
Gm50061,0.0
Gm10184,0.101
Gm41653,0.012
Nrxn1,1.918
4930480K15Rik,0.104
Gm10308,0.173
Gm15404,-0.303
Gm49991,-0.288
Gm41654,0.0
Adcyap1,1.647
Mettl4,-0.178
Gm1976,1.228
Gm20939,-0.285
Vmn1r238,0.0
Crem,0.024
Gm6225,-0.522
Cul2,0.723
Bambi,-2.713
Lyzl1,0.0
Map3k8,-2.398
4833419F23Rik,-1.02
Gm26865,0.147
Mtpap,-0.225
Gm50023,-0.403
Gm50024,0.0
Jcad,-2.699
Gm10556,0.0
Svil,-1.329
Gm26682,-0.459
Zfp438,-1.001
Gm50064,-0.411
Gm50065,0.0
Gm10125,0.157
Gm26575,-0.482
Zeb1,-0.508
Gm34804,0.0
Arhgap12,0.16
Kif5b,-0.295
Gm17036,0.099
Gm41664,-0.08
Epc1,-0.346
Gm28529,-0.266
4921524L21Rik,0.0
Rab18,-0.087
Gm50081,0.0
Gm2350,0.0
Mkx,-0.114
Gm46633,-0.154
Armc4,0.69
Mpp7,-0.432
Gm9993,-0.4
Wac,-0.322
Gm35031,0.0
Fzd8,-3.196
Gjd4,0.0
Ccny,-0.53
Cetn1,0.0
Colec12,-4.393
Thoc1,-0.302
Usp14,1.071
Rock1,-1.696
Greb1l,0.988
Esco1,-0.338
Snrpd1,0.07
Abhd3,-2.009
4930563E18Rik,0.0
Mib1,-0.075
Mir133a-1hg,0.0
1010001N08Rik,-0.96
Gata6,-3.442
Rbbp8,-0.959
Gm50069,0.475
Gm6277,0.702
Cables1,0.324
Tmem241,-0.185
Riok3,0.498
Rmc1,0.483
Npc1,-1.541
Gm15956,0.372
Ankrd29,1.59
Lama3,-1.02
Gm29200,0.0
Ttc39c,0.724
Gm50063,0.138
Gm41668,0.0
Cabyr,0.053
Osbpl1a,-0.035
Gm49970,-2.731
Impact,0.718
Hrh4,0.0
Gm41669,0.0
AC103362.1,0.0
Zfp521,-1.121
8430422H06Rik,0.0
Gm29992,0.0
Gm50097,0.0
Ss18,-2.241
Psma8,-1.511
Taf4b,0.244
Kctd1,-1.158
4933424G05Rik,-0.678
Gm2629,-1.695
Gm50035,-0.346
E430002N23Rik,0.0
A830021F12Rik,0.0
Aqp4,-3.458
Gm50048,-0.185
Chst9,0.248
Gm50076,0.0
Cdh2,-0.163
Gm15485,0.0
Gm15328,0.003
1700001G01Rik,0.058
4930545E07Rik,0.0
Gm50084,0.0
Gm31086,0.0
Dsc3,0.0
Dsc2,0.808
Dsc1,0.0
Dsg1c,0.0
Dsg1a,0.0
Dsg1b,0.0
Dsg4,0.0
Dsg3,0.247
Dsg2,0.517
Gm16090,0.08
Ttr,0.756
B4galt6,1.098
Trappc8,0.231
Rnf125,-1.74
Rnf138,-0.299
Mep1b,0.016
Garem1,-0.602
Gm50049,0.0
Klhl14,0.0
4930426D05Rik,0.0
Ccdc178,0.0
Asxl3,0.445
Nol4,1.281
Dtna,0.793
Gm47898,0.0
Gm15972,-1.107
Mapre2,-0.225
Zfp397,-0.958
Zfp35,0.226
Zfp24,-1.191
Ino80c,0.317
Galnt1,-0.531
Gm38410,-0.045
2700062C07Rik,-0.0
Rprd1a,0.068
Slc39a6,0.844
Elp2,0.622
Mocos,-1.159
Fhod3,1.283
Gm9955,0.025
Tpgs2,1.242
AW554918,-0.24
Celf4,2.165
Gm3227,-0.01
0710001A04Rik,0.479
Gm50304,0.66
Gm33228,1.67
Gm49976,0.0
Gm49978,0.0
Gm33674,0.0
BC051408,-0.349
Gm33948,0.0
4930578E11Rik,-0.093
4930527G23Rik,0.0
Gm49980,0.567
Pik3c3,0.219
Rit2,1.976
Syt4,1.901
Gm26658,0.753
Slc25a46,0.835
B930094E09Rik,-0.442
Sap130,-0.394
Ammecr1l,-0.219
Gm26533,-0.404
Polr2d,-0.047
Wdr33,-0.397
Sft2d3,-0.498
Lims2,-2.089
Gpr17,-2.234
Myo7b,0.228
Gm16344,0.0
Iws1,-0.152
4933435E02Rik,0.0
Proc,0.403
Gm26717,0.002
Map3k2,0.373
Ercc3,0.229
A830052D11Rik,0.399
Bin1,0.437
Gm35060,0.0
Gm44577,0.0
Gypc,-5.166
Tslp,-1.908
Wdr36,0.331
2310026I22Rik,0.326
Camk4,1.895
Stard4,0.036
Nrep,0.318
Gm10549,0.009
Epb41l4aos,-0.108
Epb41l4a,0.699
Gm50265,0.064
Apc,0.712
Srp19,0.247
Reep5,0.909
Pkd2l2,-0.017
Fam13b,0.311
Wnt8a,0.0
Nme5,0.813
4933408B17Rik,-0.912
Brd8,-0.529
Kif20a,-2.925
Cdc23,-0.3
Gfra3,-0.618
Cdc25c,-2.849
Gm3550,-0.587
2010110K18Rik,-0.945
Fam53c,0.414
Kdm3b,-0.772
Reep2,1.852
Egr1,-3.482
Etf1,0.023
Hspa9,0.14
Gm36037,-0.35
Gm3587,0.0
Ctnna1,-3.214
Lrrtm2,-0.713
Gm50146,0.0
Sil1,-0.787
Gm50145,-0.055
Gm50149,-0.169
Snhg4,1.537
Matr3,0.364
Gm50163,0.0
Paip2,0.347
Slc23a1,-0.681
Mzb1,-1.582
Prob1,0.23
Spata24,-0.271
Dnajc18,0.341
1700066B19Rik,1.084
Ecscr,-4.707
Tmem173,-3.525
Ube2d2a,0.129
Cxxc5,0.297
Gm29417,-0.846
Gm50399,-0.586
Gm41693,0.0
Gm36315,-0.646
C330008A17Rik,0.445
Gm50405,0.0
Psd2,1.795
Nrg2,1.173
4930471G03Rik,0.143
Pura,0.402
Igip,0.734
Cystm1,2.004
Pfdn1,0.285
Hbegf,-2.613
Gm50199,0.0
Slc4a9,0.137
Ankhd1,-0.731
Eif4ebp3,-0.367
Sra1,-0.051
Apbb3,1.46
Slc35a4,-0.864
E230025N22Rik,0.231
Cd14,-5.577
Tmco6,-0.205
Ndufa2,0.112
Ik,0.085
Wdr55,0.82
Dnd1,-0.137
Hars,0.876
Hars2,-0.179
Zmat2,0.365
Pcdha1,0.896
Gm37751,0.352
Pcdha2,1.542
Pcdha3,1.237
Pcdha4,1.694
Gm38225,0.525
Pcdha5,1.094
Gm37753,0.0
Pcdha6,1.278
Pcdha7,1.864
Pcdha8,0.831
Pcdha9,1.794
Pcdha11,1.728
Gm10545,0.079
Pcdha12,1.596
Pcdhac1,1.157
Pcdhac2,1.076
Gm10544,-1.432
Gm38097,-1.02
Pcdhb1,0.0
Pcdhb2,0.47
Pcdhb3,0.759
Pcdhb4,0.482
Pcdhb5,0.339
Pcdhb6,0.425
Pcdhb7,0.513
Pcdhb8,0.016
Pcdhb9,0.826
Pcdhb10,-0.068
Pcdhb11,0.524
Gm37446,0.0
Pcdhb12,0.686
Pcdhb13,0.884
Pcdhb14,0.245
Pcdhb15,0.289
Pcdhb16,0.265
Pcdhb17,-0.013
Pcdhb18,0.464
Pcdhb19,0.053
Pcdhb20,0.31
Pcdhb21,0.243
Pcdhb22,0.035
4930517L18Rik,0.0
Slc25a2,0.804
Taf7,-1.071
3222401L13Rik,-2.048
Pcdhga1,-0.912
Gm37118,0.0
Pcdhga2,-1.276
Pcdhga3,-0.433
Pcdhgb1,-0.796
Pcdhga4,-0.706
Pcdhgb2,-1.024
Pcdhga5,-0.743
Pcdhga6,-0.74
Gm37165,0.651
Pcdhga7,-0.514
Pcdhgb4,-1.486
Pcdhga8,-0.381
Pcdhgb5,-1.142
Pcdhga9,-0.727
Pcdhgb6,-0.713
Gm26672,-0.276
Pcdhga10,-0.927
Pcdhgb7,-0.309
Pcdhga11,-0.218
Pcdhga12,-0.473
BC037039,-0.847
Pcdhgc3,-1.618
Pcdhgc4,-0.253
Pcdhgc5,-0.754
Gm38182,-0.283
Gm29994,-1.011
Diaph1,-0.277
Hdac3,0.152
Rell2,2.316
Fchsd1,0.619
Arap3,-4.311
Gm30093,0.636
Pcdh1,0.131
2010320O07Rik,-3.299
1700086O06Rik,0.548
Dele1,-0.451
Pcdh12,-3.543
Rnf14,1.107
Gnpda1,-1.018
Ndfip1,0.55
Spry4,-0.095
9630014M24Rik,1.436
Fgf1,1.062
Gm5820,-0.076
Arhgap26,1.203
Gm15334,0.0
Gm15336,-0.154
Gm15337,-1.029
Nr3c1,-2.704
Gm50397,0.0
Gm30961,0.0
Pabpc2,-0.113
Gm41708,0.0
Gm50395,0.0
Gm50396,0.021
Yipf5,-0.681
Gm31087,1.771
Kctd16,1.768
Gm31019,0.0
C030017B01Rik,2.654
Gm31205,0.0
Gm50410,0.142
Prelid2,-1.857
Grxcr2,0.446
Sh3rf2,-0.963
Plac8l1,0.6
Lars,0.18
Gm4013,-0.703
Rbm27,-0.444
Pou4f3,0.0
Tcerg1,-0.152
Gpr151,0.0
Gm50214,0.0
C030004G16Rik,0.878
Ppp2r2b,1.88
4933407I08Rik,0.0
4930588A03Rik,0.114
Stk32a,1.162
Dpysl3,1.545
Eif3j2,0.199
AC156546.1,2.133
Jakmip2,1.843
Spink1,-2.972
Scgb3a2,-0.029
Gm94,0.0
Gm41715,0.0
Gm50207,0.0
Spink5,0.0
Spink14,0.0
Spink6,0.0
Spink12,0.0
Gm37797,0.0
Gm10267,0.0
Spinkl,0.0
Spink11,0.0
Gm10542,0.0
Npy6r,-1.499
Gm41717,-0.074
Myot,0.0
Dcp2,-0.05
Mcc,-2.212
A930012L18Rik,0.164
Ythdc2,-0.105
Gm31706,1.227
Kcnn2,0.933
A330093E20Rik,-0.206
Trim36,1.846
Pggt1b,-0.375
Ccdc112,0.551
Gm4107,0.198
Fem1c,-0.221
Ticam2,-2.651
Tmed7,-0.756
Eif1a,0.283
Gm3734,-0.848
Cdo1,-0.314
Atg12,0.812
Ap3s1,0.736
Lvrn,-3.404
Arl14epl,-0.375
Gm49974,0.0
Commd10,-0.467
Hspe1-rs1,-0.207
Gm49975,-0.247
Sema6a,-2.354
Gm50086,0.0
9130209A04Rik,0.0
Gm50223,0.0
Gm5095,0.054
Gm41720,0.0
Gm4146,0.0
G630055G22Rik,0.0
Eno1b,0.705
Gm50229,0.0
1700044K03Rik,0.0
Dtwd2,-0.341
Gm16283,-0.643
1700065O20Rik,0.0
Dmxl1,-0.464
Tnfaip8,-4.838
C030005K06Rik,-2.044
Hsd17b4,-1.431
Fam170a,0.0
Pudp,0.0
Prr16,-0.215
Gm50446,0.0
Ftmt,0.0
Srfbp1,-0.461
Lox,-4.478
Gm41724,-0.058
Zfp474,0.0
1700034E13Rik,0.0
Gykl1,0.0
Sncaip,-1.166
Ancv1r,0.139
Snx2,-0.521
Snx24,-1.376
Ppic,-5.393
Prdm6,-2.561
Gm19466,-0.105
Cep120,0.964
Csnk1g3,0.574
Redrum,0.069
Gm50361,0.0
4933434P08Rik,0.0
9330117O12Rik,0.795
Gm33732,0.283
Zfp608,-0.585
Gm4221,-2.635
AC163347.1,-1.102
Gm4230,0.0
Gramd3,-3.558
Aldh7a1,-1.303
Phax,0.329
Tex43,0.0
Gm50288,0.0
Lmnb1,-2.064
March3,-1.748
Gm15345,-0.113
C330018D20Rik,-0.38
Megf10,-4.529
Gm50201,0.0
Prrc1,-0.689
4930511M06Rik,-0.505
Gm19500,-0.501
Ctxn3,-0.281
1700066O22Rik,0.0
Ccdc192,-0.457
2210409D07Rik,0.0
Gm19519,-0.114
Slc12a2,-1.699
Fbn2,-3.47
Slc27a6,1.019
Isoc1,1.625
Gm50227,0.0
Adamts19,-1.371
Minar2,2.586
Chsy3,-0.341
Gm38695,0.0
Gm4951,-2.209
Gm4841,-0.109
Gm50237,0.0
F830016B08Rik,-1.116
Iigp1,-2.992
Smim3,-2.566
Dctn4,0.291
Rbm22,-0.499
Myoz3,-0.169
Synpo,-1.413
Ndst1,-0.399
Rps14,-0.633
Cd74,-6.104
Tcof1,-0.345
Arsi,-4.116
Camk2a,1.277
Slc6a7,-0.106
Cdx1,0.0
Pdgfrb,-4.778
Csf1r,-5.455
Hmgxb3,0.004
Slc26a2,-1.493
Pde6a,-0.235
Ppargc1b,0.686
Lncbate10,1.388
Gm46637,1.522
Arhgef37,0.401
Csnk1a1,-0.247
Bvht,-0.424
Carmn,-3.887
Il17b,0.351
Gm38165,1.829
Pcyox1l,0.216
Grpel2,0.497
1500015A07Rik,0.218
Afap1l1,-1.921
Ablim3,1.635
Sh3tc2,-3.908
Gm41750,0.513
Adrb2,-0.719
Gm9949,0.225
Htr4,0.385
Fbxo38,-0.089
Spink10,1.3
Gm36368,0.0
Spink7,0.035
Spink13,0.0
2700046A07Rik,-1.272
Gm50128,-0.065
Apcdd1,-0.506
Napg,0.948
Piezo2,-3.642
Gm26972,0.0
Txnl1,0.206
Wdr7,0.992
Gm50106,0.0
St8sia3os,0.47
St8sia3,1.974
Onecut2,2.158
Fech,-0.705
Nars,0.591
Atp8b1,-4.624
Gm50353,0.0
Gm29860,0.0
A330084C13Rik,0.063
Nedd4l,0.384
Gm50368,0.0
Gm29966,-0.264
Alpk2,-1.355
F730048M01Rik,-0.352
Gm41757,0.0
Gm50221,0.0
Gm50228,0.0
Malt1,-1.246
Gm30018,0.319
Gm41760,0.481
Zfp532,0.143
Gm50115,-0.412
AC132307.1,0.176
Oacyl,-1.985
Sec11c,-0.065
Gm30094,0.0
Grp,0.788
Rax,0.118
Raxos1,0.0
Cplx4,0.14
Lman1,-1.168
Gm50142,0.0
Ccbe1,0.321
Gm50143,0.0
Gm15958,0.283
Pmaip1,-3.455
Gm9926,-0.546
Gm50161,0.0
Gm30190,0.0
Gm22219,0.0
Gm50162,0.0
Mc4r,0.518
Gm19784,0.0
Gm50164,0.0
Gm50165,0.0
Gm50166,0.474
Gnal,2.075
Gm50169,-0.226
Chmp1b,-0.976
Mppe1,-0.764
Impa2,-0.807
B430212C06Rik,1.646
Cidea,1.91
Tubb6,-3.589
Afg3l2,0.362
Prelid3a,0.879
Spire1,-0.221
Cep76,-0.536
Psmg2,0.027
Ptpn2,-1.071
4930549G23Rik,-0.674
Gm26910,-0.186
Seh1l,-0.447
Cep192,-1.454
Ldlrad4,-0.772
Gm41764,-1.395
Fam210a,0.341
Rnmt,0.521
Mc5r,-0.477
Mc2r,-0.041
Gm29677,0.0
Gm30641,-0.061
Gm50260,-0.173
4930546C10Rik,0.0
Gm31294,0.0
A730085E03Rik,-0.154
Gm4402,0.0
Tcf4,-0.102
Gm50215,0.0
Ccdc68,-1.355
1700061H18Rik,0.0
4930448D08Rik,-0.087
Rab27b,1.963
Dynap,0.0
AC124764.1,0.0
4930503L19Rik,-0.448
Stard6,-0.183
Poli,-0.037
Mbd2,-0.666
Gm50261,0.0
Dcc,1.567
Gm31819,0.0
Gm31908,0.0
Mex3c,-0.657
Smad4,-0.33
Gm32548,0.0
Elac1,0.347
Me2,0.037
Mro,-2.295
Mapk4,1.125
D730045A05Rik,0.063
Gm9925,-0.13
Ska1,-3.278
Cxxc1,-0.531
Mbd1,-0.391
Cfap53,-0.94
Myo5b,0.06
1700120E14Rik,0.0
Acaa2,-1.547
Lipg,-3.189
9030625G05Rik,0.0
Rpl17,-0.105
BC031181,0.462
Dym,0.261
Gm20544,0.425
Smad7,-0.342
Ctif,1.182
Gm10532,0.205
1700034B16Rik,0.0
Zbtb7c,0.533
1700003O11Rik,0.0
2900057B20Rik,0.0
BC026513,-0.898
Smad2,0.033
Gm31933,0.0
Skor2,0.0
Ier3ip1,0.351
Hdhd2,-0.062
Katnal2,-0.3
Pias2,-0.41
Gm7276,0.138
St8sia5,-0.521
Gm50284,0.0
Loxhd1,0.091
Rnf165,1.238
8030462N17Rik,-0.367
A330094K24Rik,1.678
Haus1,-0.157
Atp5a1,0.391
Pstpip2,-0.196
F830208F22Rik,-0.465
Epg5,0.404
Siglec15,0.0
Slc14a1,-2.141
Slc14a2,0.0
Gm6133,-0.19
4931439C15Rik,0.0
Setbp1,-2.031
Pard6g,-1.6
Gm21886,0.0
Adnp2,0.031
Gm41787,0.0
Rbfaos,-0.051
Rbfa,0.177
Gm16286,0.39
Txnl4a,0.528
Hsbp1l1,1.779
Pqlc1,-0.247
Kcng2,0.593
Gm26676,-0.685
Ctdp1,-0.422
Gm50209,0.165
Gm41790,-0.652
Nfatc1,-4.555
Gm50211,0.0
Atp9b,-0.06
Gm47272,0.0
Sall3,0.0
Gm27239,0.0
Gm50424,0.0
Gm50423,0.145
4930594M17Rik,0.0
Gm30192,0.0
Gm30288,0.0
Gm50412,0.0
Gm41792,0.0
Gm50414,0.0
Gm50290,0.0
Gm50291,0.0
Gm46614,0.0
Gm30454,0.0
Gm50292,0.0
Gm30593,0.0
Gm50294,0.0
Gm50298,0.0
B020010K11Rik,0.085
Galr1,0.068
Mbp,-3.119
Zfp236,-0.389
Gm46620,-0.428
Gm50350,0.0
Gm41793,-1.354
Gm50351,-0.409
2210420H20Rik,0.0
Gm50356,0.0
4930445N18Rik,-0.766
Gm30889,0.722
Zfp516,-1.725
4930592I03Rik,-0.456
AC142100.1,-0.784
Gm50437,0.0
1700095A13Rik,0.0
4921531P14Rik,0.0
Gm31265,0.0
Gm31503,0.0
Gm50413,0.0
4933401L05Rik,-0.465
Gm50415,0.0
Gm50416,0.0
Gm50417,0.0
Gm50418,0.0
Gm31621,-0.367
Gm50419,0.0
Tshz1,-0.908
Zadh2,-0.427
Gm31854,0.0
Gm50309,0.0
Zfp407,-0.338
Gm50311,0.0
Cndp1,-1.377
Gm50314,0.0
Cndp2,0.233
D030046N08Rik,-0.538
Dipk1c,-3.72
Gm38576,-0.559
Gm17266,0.0
Cyb5a,-0.151
Gm16146,-0.402
Fbxo15,0.122
Timm21,-1.21
Gm50370,0.0
Neto1,1.442
Gm50384,0.0
Gm50386,0.0
Cbln2,2.1
Gm5096,0.0
Gm50401,0.0
Socs6,-0.137
Rttn,-0.445
Cd226,-1.157
Dok6,0.996
Gm18280,-0.056
Tmx3,-0.304
Gm45871,-0.129
1700030N03Rik,0.0
Gm50428,0.0
Gm50427,0.0
Gm50426,0.0
Ighmbp2,0.031
Mrpl21,0.196
Cpt1a,0.297
Tesmin,-1.12
Gal,1.856
Ppp6r3,-0.497
Gm48696,-1.072
Gm48683,0.0
Lrp5,-3.364
Gm36608,0.215
1810055G02Rik,-0.916
Gm36787,-0.217
Gm50375,-0.254
Kmt5b,-0.623
Gm16066,0.082
Chka,-0.432
Gm50383,-0.673
Tcirg1,-3.122
Ndufs8,0.233
Aldh3b1,-1.109
Unc93b1,-3.297
Aldh3b3,0.0
Aldh3b2,0.365
Acy3,-3.182
Tbx10,0.0
4833408A19Rik,-0.541
Nudt8,0.292
Gm16312,0.0
Doc2g,0.27
Ndufv1,0.354
Gstp1,0.125
Gstp2,-1.636
Gstp3,-1.43
Cabp2,0.0
Cdk2ap2,-0.518
Pitpnm1,1.084
Aip,0.463
Tmem134,-0.468
Cabp4,0.006
Gpr152,-0.421
Coro1b,-1.092
Ptprcap,-2.913
Rps6kb2,-0.086
Carns1,-0.222
Gm17552,-0.706
Tbc1d10c,-0.507
Ppp1ca,0.285
Gm50251,0.0
Rad9a,-0.275
Gm30082,1.0
Clcf1,-3.361
Pold4,-0.235
1500032F14Rik,-0.528
Ssh3,-0.214
Ankrd13d,1.372
Gm50152,-0.172
Grk2,0.491
Kdm2a,-0.247
Rhod,-3.647
A930001C03Rik,-0.098
Syt12,0.365
2010003K11Rik,0.391
Pcx,-0.375
Lrfn4,0.259
Rce1,-0.52
Gm960,0.935
Sptbn2,1.662
Rbm4b,-0.273
Rbm4,-0.053
Rbm14,-0.344
Gm21844,-0.056
Ccs,-0.882
Ccdc87,1.511
Ctsf,-0.101
Actn3,-0.195
Zdhhc24,0.35
Bbs1,0.447
Dpp3,0.608
Peli3,1.206
Mrpl11,0.527
Npas4,1.092
Slc29a2,0.178
B4gat1,0.047
Brms1,-0.059
Rin1,-0.406
Cd248,-3.77
Tmem151a,1.883
Gm46658,-0.514
Yif1a,-0.452
Cnih2,2.406
Rab1b,0.144
Klc2,1.687
Gm10817,0.75
Pacs1,0.105
Sf3b2,-0.072
Gm50203,0.564
Gal3st3,0.723
Gm42064,0.787
Catsper1,0.0
Cst6,1.245
Banf1,-0.107
Eif1ad,0.176
Sart1,-0.228
D330050I16Rik,0.07
Tsga10ip,0.0
4930481A15Rik,-0.073
Drap1,0.01
AI837181,0.258
Fosl1,-0.85
Ccdc85b,0.164
Fibp,-0.686
Ctsw,-2.346
Efemp2,-3.367
Mus81,-0.501
Cfl1,0.144
Snx32,1.273
1700020D05Rik,0.022
Ovol1,-0.151
1810058N15Rik,0.0
Ap5b1,-0.265
Rnaseh2c,-1.235
Kat5,0.114
Rela,-1.112
Sipa1,-2.568
Pcnx3,-0.427
Map3k11,-1.417
Gm50315,-0.458
Kcnk7,-1.965
Ehbp1l1,-0.148
Gm16538,0.0
Fam89b,0.233
Znrd2,0.529
Ltbp3,-1.924
Scyl1,-0.188
Malat1,-1.463
Neat1,-1.791
Frmd8os,-0.965
Frmd8,-1.976
Slc25a45,-2.974
Tigd3,-0.059
Dpf2,0.058
Gm42067,1.517
Cdc42ep2,-1.258
Pola2,-1.216
Slc22a20,0.0
Capn1,0.435
Gm10814,0.81
Syvn1,0.021
Mrpl49,0.336
Fau,-0.131
Znhit2,0.536
Tm7sf2,0.213
Vps51,0.271
Tmem262,0.035
Zfpl1,-0.053
Cdca5,-3.338
Gm550,-0.034
Naaladl1,-0.749
Sac3d1,0.353
Snx15,0.612
Arl2,0.793
Batf2,-1.234
Majin,0.156
Gpha2,-0.047
Ppp2r5b,1.516
Atg2a,-0.103
Gm14963,-0.32
Ehd1,-0.104
Cdc42bpg,-1.254
Men1,-0.276
Map4k2,-0.319
Gm14966,-0.94
Sf1,-0.469
Pygm,-3.774
Rasgrp2,-3.382
Gm14965,0.452
Nrxn2,2.191
Gm14964,0.38
Slc22a12,0.0
2410152P15Rik,0.0
Gm14968,0.0
CAAA01066123.1,-0.942
Rps6ka4,-1.019
Ccdc88b,-0.595
Prdx5,-0.344
Trmt112,0.322
Esrra,-0.906
Catsperz,-3.657
Kcnk4,-0.187
Gpr137,0.413
Bad,0.332
Plcb3,-0.506
Ppp1r14b,-0.018
Fkbp2,0.105
Vegfb,0.652
Dnajc4,-0.112
Nudt22,-0.532
Trpt1,0.457
Fermt3,-3.607
Stip1,0.264
Macrod1,-0.083
AC109619.1,0.913
Flrt1,0.757
Otub1,0.577
Cox8a,0.503
Naa40,-0.285
Rcor2,0.819
Mark2,-0.019
Gm17227,-0.365
Spindoc,0.058
Gm50232,-0.734
1700105P06Rik,-0.144
2700081O15Rik,-0.045
Rtn3,1.169
Atl3,-0.259
Plaat3,-5.203
Lgals12,-0.403
Plaat5,-0.513
Slc22a19,0.0
Slc22a26,0.0
Slc22a27,0.0
Slc22a28,0.0
Slc22a29,0.109
Gm41804,1.18
Slc22a30,0.0
Slc22a8,0.565
Slc22a6,0.0
9830166K06Rik,0.78
Chrm1,1.882
Slc3a2,-0.323
Snhg1,-0.394
Wdr74,0.579
1700092M07Rik,0.081
Stx5a,-0.804
Nxf1,-0.514
Tmem223,-0.034
Tmem179b,-1.654
Taf6l,-0.262
Polr2g,0.325
Zbtb3,0.03
Ttc9c,0.003
Hnrnpul2,-0.05
Gng3,2.308
Bscl2,0.576
Lrrn4cl,0.009
Ubxn1,-0.217
Uqcc3,0.365
Lbhd1,0.021
Gm49403,0.0
1810009A15Rik,-0.741
Ints5,-0.242
Ganab,-0.225
B3gat3,0.619
Rom1,0.715
Eml3,-1.003
Gm10353,-0.873
Mta2,-1.644
Tut1,-0.174
Eef1g,0.57
Ahnak,-2.934
Scgb1a1,-1.773
Asrgl1,-1.06
Gm9750,-0.634
Gm50321,-1.128
Scgb2a2,0.0
Gm50322,-0.495
Incenp,-1.239
Gm50340,-0.139
Gm36913,0.436
Fth1,-0.386
Best1,0.312
Rab3il1,-2.142
Fads3,-0.072
Fads2,-1.517
Fads1,-1.113
Gm10143,-1.851
Fen1,-0.936
Tmem258,-0.16
Myrf,-0.812
Dagla,-0.834
Gm30042,-0.486
Syt7,1.626
Lrrc10b,-0.531
Ppp1r32,0.202
Sdhaf2,0.187
Cpsf7,-0.326
Tmem216,-0.576
Tmem138,-0.201
Cyb561a3,-0.661
Tkfc,0.609
Ddb1,0.125
Vwce,-0.506
4930524O05Rik,0.0
Pga5,-0.983
2210404E10Rik,0.0
Vps37c,0.1
Cd5,-1.396
A430093F15Rik,-1.339
Cd6,-0.319
Slc15a3,-3.809
Gm10802,-0.718
Tmem132a,0.059
Tmem109,-1.185
Prpf19,-0.085
Zp1,-0.258
Ptgdr2,-0.358
Ccdc86,-0.314
Ms4a10,0.0
Ms4a15,0.0
Ms4a18,0.0
Gm28347,0.0
AW112010,-4.457
Ms4a8a,-2.302
1700017D01Rik,0.0
1700025F22Rik,0.0
Ms4a13,0.0
4930526L06Rik,-0.122
Ms4a12,0.0
Ms4a1,-0.956
Ms4a5,0.0
Ms4a14,-2.341
Ms4a7,-5.471
Gm28935,0.0
Ms4a4a,-1.044
Ms4a4c,-2.541
Ms4a4b,-2.875
Ms4a6c,-5.063
BE692007,-1.169
Gm8369,-1.613
Gm19261,0.0
Ms4a6b,-4.82
Ms4a4d,-4.278
Ms4a6d,-3.95
Ms4a2,0.0
Ms4a3,0.289
Oosp2,0.209
Oosp1,-0.206
Oosp3,0.0
Cblif,0.202
Mrpl16,0.663
Stx3,0.595
Olfr1417,0.0
Olfr1418,0.0
Olfr1419,0.156
Olfr1420,0.0
Patl1,-0.663
Osbp,0.081
Olfr1423,-0.163
Olfr1424,0.0
Olfr1425,0.0
Olfr1426,0.0
Olfr1427,0.0
Olfr1428,0.0
Olfr76,0.0
Olfr1555-ps1,0.0
Olfr1431,0.0
Olfr1432,0.0
Olfr262,0.0
Olfr235,0.0
Olfr1434,0.0
Olfr1436,0.0
Olfr1437,0.0
Olfr1438-ps1,0.0
Olfr1440,0.0
Olfr1441,0.0
Pfpl,0.0
Mpeg1,-4.9
Dtx4,-0.699
A330040F15Rik,0.434
Gm47243,0.0
Gm47242,0.284
Fam111a,-1.797
Gm4952,0.536
Glyat,0.455
Olfr1442,0.0
Olfr1443,0.0
Keg1,0.0
Gm15962,0.0
Cntf,-1.826
Zfp91,-0.28
Lpxn,-2.304
Gm5244,-0.405
Olfr1444,0.0
Olfr1445,0.0
Olfr1446,0.0
Olfr1447,0.0
Olfr1448,0.0
Olfr1449,0.0
Olfr1450,0.0
Olfr1451,0.0
Olfr1453,0.0
Olfr1454,0.0
Olfr1457,0.0
Olfr1458,0.0
Olfr1459,0.02
Olfr1461,0.0
Olfr1462,0.0
Olfr1463,0.0
Olfr1465,0.0
Olfr1466,0.0
Olfr1467,0.0
Olfr1469,0.0
Olfr1471,0.0
Olfr1472,0.0
Olfr1474,0.0
Olfr1475,0.0
Olfr1477,0.0
Olfr1480,0.0
Olfr1484,0.0
Olfr1487,0.0
Olfr1489,0.0
Olfr1490,0.0
Olfr1491,0.0
Olfr1493-ps1,0.0
Olfr1494,0.0
Olfr1495,0.0
Olfr1496,0.0
Olfr1497,0.0
Olfr1499,0.0
Olfr1500,0.0
Olfr1501,0.0
Olfr1502,0.0
Olfr1504,0.0
Olfr1505,0.0
Tle4,0.647
Gm50348,-0.863
Psat1,-2.426
Cep78,-0.34
C130060C02Rik,-0.135
Gnaq,0.601
Gm50362,-0.25
Gna14,-0.373
Vps13a,-0.149
Gm32341,0.225
Foxb2,0.0
Prune2,1.563
Gm50276,0.0
Gm50277,0.0
Gcnt1,-3.788
Rfk,0.332
Pcsk5,-5.028
Gm50181,0.0
Gm50182,0.0
Ostf1,-1.582
Nmrk1,-0.788
Carnmt1,-1.296
D030056L22Rik,0.338
Gm50202,0.0
Trpm6,-0.726
Rorb,0.624
Gm50212,0.0
Gm41815,0.0
Gm50216,0.0
Gm3728,1.759
Gm32629,0.0
1500015L24Rik,0.0
Anxa1,-5.659
C730002L08Rik,0.091
Aldh1a1,-2.587
Aldh1a7,-1.365
Tmc1,0.122
Gm32750,0.0
4930554I06Rik,0.0
AC106834.1,-1.298
Gm50236,0.0
Zfand5,0.236
Gm50255,0.331
Gda,1.179
1110059E24Rik,-0.128
Abhd17b,-0.271
Cemip2,-0.798
Gm50130,-0.79
Gm50133,0.0
Gm41819,0.0
Gm50134,0.167
Trpm3,-2.62
Gm27151,-0.221
C330002G04Rik,-0.688
Gm50136,-0.757
2410080I02Rik,-1.892
Klf9,-1.914
Smc5,-0.641
Gm41821,0.0
Mamdc2,-4.175
Gm50445,0.0
1700028P14Rik,0.154
Ptar1,-0.498
Gm50299,0.0
Apba1,1.592
Gm50301,0.014
Fam189a2,0.827
1700021P04Rik,0.0
Tjp2,-1.433
Fxn,0.264
Pip5k1b,-0.46
Pip5k1bos,0.0
Fam122a,-0.213
Gm50341,0.0
Tmem252,-1.547
Pgm5,-0.758
Gm10053,0.857
Foxd4,0.0
Cbwd1,0.032
Dock8,-2.754
Kank1,-3.991
Dmrt1,0.0
Dmrt3,0.0
2610016A17Rik,0.0
Dmrt2,0.0
1700048O14Rik,0.0
Gm50376,0.0
Gm50377,0.0
Gm50378,0.0
Gm34808,0.0
Gm48775,0.0
Smarca2,0.097
Gm20616,0.0
4931403E22Rik,0.0
Gm815,0.0
Gm35438,-1.507
Vldlr,-3.595
Gm50114,0.0
Kcnv2,-0.284
Gm35554,0.0
Pum3,-0.255
Rfx3,-0.368
Gm20407,0.0
Gm28228,0.0
Glis3,-1.795
4933413C19Rik,0.0
D930032P07Rik,0.0
Slc1a1,0.41
4430402I18Rik,-0.398
Plpp6,0.369
Cdc37l1,-0.374
Ak3,-0.27
1700018L02Rik,-0.7
Gm9895,0.175
Rcl1,0.065
Jak2,-0.361
Insl6,-0.474
Rln1,0.18
Plgrkt,-1.654
Cd274,-0.107
Gm36043,-0.541
Pdcd1lg2,-0.345
A930007I19Rik,-1.274
Ric1,-0.604
Ermp1,0.145
Mlana,0.784
9930021J03Rik,-0.198
Gm50373,0.0
Ranbp6,1.047
Il33,-5.421
Trpd52l3,0.0
Uhrf2,-0.323
Gldc,-0.886
Mbl2,1.286
Dkk1,1.691
Prkg1,-1.382
Cstf2t,-0.32
A1cf,0.0
9130016M20Rik,0.0
Asah2,-0.787
Sgms1,-1.678
Gm50210,-0.538
2700046G09Rik,-0.169
Rpl9-ps6,-0.164
Minpp1,0.308
Gm36419,0.202
Papss2,-4.17
Atad1,0.334
Pten,0.038
Gm36860,0.0
Gm29863,-2.407
Gm29946,0.0
Lipo4,0.0
Lipo3,-0.046
Gm8978,0.0
Lipo2,0.885
Lipo1,0.0
Lipf,0.0
Lipk,1.321
Lipn,0.0
Lipm,0.254
Ankrd22,-0.052
Stambpl1,1.016
Acta2,-6.685
Fas,-3.907
Ch25h,-1.841
Gm26902,0.211
Lipa,-1.003
Ifit2,-0.828
Ifit3,-2.41
Ifit1bl1,0.962
Ifit3b,-1.337
Ifit1bl2,-0.054
Ifit1,-1.074
Slc16a12,-1.717
Pank1,0.538
Kif20b,-3.291
Gm50137,0.0
Gm50140,0.0
Gm41836,0.0
A830019P07Rik,-0.309
Htr7,0.944
Rpp30,-0.374
Ankrd1,-0.012
Gm32081,0.0
Gm32027,0.0
Gm50147,-1.181
Gm47735,0.0
Pcgf5,-1.775
F530104D19Rik,0.0
Hectd2,-0.2
Hectd2os,0.064
Ppp1r3c,-1.035
Tnks2,-0.5
Fgfbp3,-0.75
Btaf1,-0.576
Cpeb3,0.894
A330032B11Rik,0.388
March5,0.288
Ide,0.24
Kif11,-2.277
Hhex,-4.499
1700122C19Rik,0.0
Exoc6,0.201
Cyp26c1,0.0
Cyp26a1,0.0
Myof,-4.608
I830134H01Rik,-0.77
Cep55,-3.37
Ffar4,-0.843
Rbp4,-0.979
Pde6c,0.0
Fra10ac1,0.225
Lgi1,-0.629
Gm42723,0.0
Slc35g1,-0.499
Plce1,-2.095
Gm28991,0.0
Noc3l,-0.118
Tbc1d12,-0.313
Hells,-1.761
Cyp2c55,0.656
Cyp2c65,0.485
Cyp2c66,0.0
Cyp2c29,0.0
Cyp2c38,0.0
Cyp2c39,0.0
Cyp2c67,0.0
Cyp2c68,0.0
Cyp2c40,0.0
Cyp2c69,0.0
Cyp2c37,0.0
Cyp2c54,0.0
Cyp2c50,0.0
Cyp2c70,0.0
Pdlim1,-4.406
Sorbs1,-2.464
A930028N01Rik,-1.91
Aldh18a1,-0.329
Gm27042,0.705
Tctn3,-0.787
Entpd1,-4.087
Gm50132,0.0
Cc2d2b,0.047
Ccnj,-0.214
E030044B06Rik,-0.23
Zfp518a,-0.839
Blnk,-2.424
Dntt,0.465
Opalin,0.0
Tll2,-0.436
Tm9sf3,-0.544
Pik3ap1,-3.985
Lcor,-0.116
Slit1,0.898
Arhgap19,-1.661
Frat1,1.452
Frat2,-0.807
Rrp12,0.609
Pgam1,0.968
Exosc1,-0.369
Zdhhc16,0.09
Mms19,0.024
Ubtd1,0.332
Ankrd2,1.615
Hoga1,-0.292
4933411K16Rik,0.084
Morn4,1.522
Pi4k2a,0.46
Avpi1,-0.045
Marveld1,-1.609
Zfyve27,0.441
Sfrp5,-5.592
Golga7b,1.853
Crtac1,1.224
Gm34299,0.5
R3hcc1l,-0.326
Gm16541,0.09
Loxl4,-1.275
Pyroxd2,-1.555
Gm19437,0.0
Hps1,-0.725
Gm16244,0.08
Hpse2,-1.096
Gm34517,0.0
Gm47936,0.674
Cnnm1,1.91
Gm47938,0.0
Got1,1.205
Gm50194,0.0
Gm34636,0.0
Gm20467,0.0
Nkx2-3,0.0
Gm34922,1.064
Slc25a28,-0.04
BC037704,-0.008
Entpd7,-0.402
Cox15,0.615
Cutc,-0.594
Abcc2,1.003
Dnmbp,-1.188
Gm50217,0.09
Cpn1,-0.443
Cyp2c23,-0.125
Erlin1,-0.524
Chuk,-0.247
Cwf19l1,0.239
Bloc1s2,0.8
Pkd2l1,0.0
Scd3,0.009
Gm50323,-0.429
Scd2,-0.272
Gm50334,-0.944
Scd4,-1.035
Scd1,-1.373
Gm50337,0.0
Gm35406,0.0
Wnt8b,0.0
Sec31b,0.011
Ndufb8,0.467
Hif1an,0.289
Gm35460,0.0
Gm26644,0.182
Gm35610,0.0
Pax2,0.117
Gm20395,0.0
1700039E22Rik,0.0
Slf2,-0.372
4930414N06Rik,0.0
Sema4g,0.936
Mrpl43,0.342
Twnk,-0.054
Lzts2,-1.005
Pdzd7,0.697
Sfxn3,0.697
Gm35867,0.73
Kazald1,-1.424
Tlx1,-1.211
Tlx1os,0.0
Lbx1,0.0
Gm28578,1.282
Gm29594,0.018
1700016H03Rik,0.0
Btrc,0.121
Poll,0.223
Gm17018,1.069
Fbxw4,-0.077
Fgf8,0.0
Npm3,-1.449
Gm15491,-0.47
Oga,0.695
Kcnip2,0.42
Armh3,0.285
Gm50196,-0.54
4930505N22Rik,0.326
Hps6,0.376
Ldb1,-0.346
Pprc1,-0.531
Nolc1,-0.142
Gm50306,0.0
Elovl3,-0.268
Pitx3,0.071
Gbf1,0.133
Gm16726,0.71
4833438C02Rik,-2.939
Nfkb2,-3.3
Psd,1.865
Fbxl15,-0.142
Cuedc2,-0.039
Mfsd13a,1.531
2310034G01Rik,0.477
Actr1a,0.824
Sufu,-0.947
Trim8,-0.551
Arl3,0.259
Sfxn2,-1.7
Wbp1l,-0.691
Gm36602,0.0
Cyp17a1,0.0
Borcs7,0.432
As3mt,0.522
Cnnm2,0.202
Gm50431,0.264
Nt5c2,0.63
Ina,2.292
Pcgf6,0.61
Taf5,-0.291
Atp5md,0.789
Pdcd11,-0.312
Calhm2,-2.009
Calhm1,0.0
Calhm3,0.0
Neurl1a,1.387
Gm36693,-0.012
Gm50339,0.065
Sh3pxd2a,-1.933
Stn1,-0.674
Gm19557,-0.257
Slk,-0.105
Gm50358,0.0
Gm16068,0.0
Col17a1,-0.56
Gm50281,0.0
Gm50282,0.0
Sfr1,-0.569
Cfap43,-0.361
Gsto1,0.27
Gsto2,-1.662
Itprip,-1.873
Cfap58,0.3
Gm50430,0.0
Sorcs3,-0.539
Gm50441,0.0
Gm50442,0.0
Sorcs1,-2.476
Gm45352,-2.426
Gm26629,0.0
Gm50302,0.0
Gm50330,0.0
Gm50329,0.0
Ins1,0.0
Gm50331,0.0
Gm50332,0.0
AA387883,-0.936
Xpnpep1,-0.265
1700054A03Rik,0.0
Gm30381,0.0
Add3,-1.495
1700001K23Rik,-0.613
Mxi1,-1.236
Gm30541,-0.537
Gm10197,-0.149
Smndc1,-0.751
8030456M14Rik,-0.121
Mirt1,-0.918
4833407H14Rik,-0.31
Gm50394,-0.713
Dusp5,-1.764
Nutf2-ps1,0.155
Smc3,-0.51
Rbm20,0.337
Gm16299,-0.408
Pdcd4,-0.695
Bbip1,-0.112
Shoc2,0.813
4930484I04Rik,0.0
Adra2a,0.236
Gm50186,-0.222
Gm50191,0.0
Gpam,-1.974
Gm31356,-1.435
Tectb,-0.374
Gucy2g,-0.073
Acsl5,0.623
Zdhhc6,-0.206
Vti1a,0.058
Tcf7l2,-2.121
Ppnr,-2.038
D730002M21Rik,0.0
Gm31912,-0.675
Habp2,-0.261
Nrap,-1.184
Gm17197,1.482
Casp7,-0.667
Plekhs1,-0.126
Dclre1a,-0.709
Nhlrc2,-1.248
Gm32441,0.0
Gm32492,0.0
Adrb1,-1.075
Gm50100,0.0
Ccdc186,0.136
Tdrd1,0.821
Vwa2,0.0
Afap1l2,-4.887
Ablim1,0.604
4930449E18Rik,0.0
B230217O12Rik,2.03
Gm50270,0.507
Fam160b1,0.04
Gm50271,0.283
Trub1,0.176
6720468P15Rik,1.1
Gm32932,0.17
Gm50285,2.097
Atrnl1,0.876
Gm50287,0.0
Gm16277,0.0
Gfra1,-2.445
Ccdc172,0.0
1810007D17Rik,0.0
Pnlip,0.698
1810035K13Rik,0.0
Pnliprp1,0.0
Pnliprp2,-0.064
1700019N19Rik,0.0
Hspa12a,-0.043
Eno4,-0.461
Shtn1,0.815
Vax1,0.0
Kcnk18,0.268
Gm29261,0.033
Slc18a2,1.241
Pdzd8,0.268
Gm33756,0.0
Emx2os,0.0
Emx2,0.0
2700089I24Rik,0.0
Gm19956,0.0
Gm50411,0.0
Gm17203,-1.011
Rab11fip2,0.469
Gm4219,0.076
E330013P04Rik,0.089
Fam204a,-0.345
Gm28351,0.0
Prlhr,-0.173
Cacul1,0.533
Gm46652,0.478
Nanos1,1.513
Eif3a,-0.017
Fam45a,-0.187
Sfxn4,0.235
Prdx3,0.511
Grk5,-1.236
Zfp950,-0.123
Gm7102,0.016
Gm6020,0.0
Csf2ra,-0.016
Gm21060,0.0
Btbd35f23,0.0
Btbd35f24,0.0
Btbd35f11,0.0
Btbd35f18,0.0
Btbd35f10,0.0
Btbd35f16,0.0
Btbd35f3,0.0
Btbd35f28,0.0
Btbd35f20,0.0
Btbd35f17,0.0
Btbd35f4,0.0
Btbd35f27,0.0
Mycs,0.0
Btbd35f7,0.0
Gm26618,0.578
Nudt11,1.601
AU022751,0.072
Nudt10,1.659
Bmp15,-0.776
Shroom4,-3.335
Dgkk,0.195
Ccnb3,0.0
Akap4,0.0
Clcn5,-0.113
Usp27x,0.209
Gm14379,0.034
2010204K13Rik,-1.003
Ppp1r3f,0.836
Flicr,0.101
Foxp3,-0.323
Ccdc22,-0.042
Cacna1f,-0.615
Syp,2.091
Gm14703,0.569
Prickle3,-1.896
Plp2,-0.327
Magix,-2.738
Gpkow,-0.279
Wdr45,-0.086
Praf2,0.98
Ccdc120,1.335
Tfe3,-0.457
Gripap1,0.644
Kcnd1,0.823
Otud5,-0.344
Pim2,1.39
Slc35a2,-0.744
Pqbp1,0.243
Timm17b,-0.146
Gm10491,0.0
Gm10490,-0.428
Pcsk1n,2.148
Eras,-0.057
Hdac6,0.566
Gata1,-0.058
Glod5,0.501
Gm14820,-0.018
Suv39h1,0.38
Was,-3.343
Gm6787,-0.482
Wdr13,0.56
Rbm3,0.009
Rbm3os,0.145
Tbc1d25,0.938
Ebp,0.031
Porcn,0.463
Ftsj1,-0.318
Slc38a5,-1.999
Ssxb10,0.0
Ssxb9,0.0
Ssxb1,0.0
Ssxb2,0.0
Gm14459,0.0
Ssxb6,0.0
Ssxb3,0.0
Ssxb8,0.0
Ssx9,0.0
Ssxb5,0.0
Gm6592,0.0
Gm5751,0.0
B630019K06Rik,1.794
Fthl17b,0.0
Fthl17c,0.0
Fthl17d,0.0
Fthl17e,0.0
Fthl17f,0.0
4930402K13Rik,0.0
Lancl3,2.234
Gm14862,0.035
Xk,1.647
H2al1m,-0.368
H2al1k,0.0
Cybb,-5.396
H2al1o,0.0
Dynlt3,0.774
Hypm,0.0
H2al3,0.0
Sytl5,0.042
Srpx,-4.723
Rpgr,0.273
Otc,-0.327
Tspan7,0.514
Mid1ip1,-0.291
Gm14493,-0.166
H2al1a,0.0
H2al1b,0.0
H2al1c,0.0
H2al1d,0.0
H2al1e,0.0
H2al1f,0.0
H2al1g,0.0
H2al1h,0.0
H2al1i,0.0
H2al1j,0.0
Bcor,0.006
Gm14635,0.0
Atp6ap2,0.724
1810030O07Rik,-0.665
Med14,0.238
Gm14634,1.18
5730405O15Rik,-0.194
Usp9x,0.592
2010308F09Rik,0.473
Ddx3x,-0.309
Nyx,0.403
Cask,0.05
Gpr34,-4.958
Gpr82,-0.695
H2al1n,0.0
Gm14505,0.0
Drr1,0.0
Cypt1,0.0
Maoa,1.171
Maob,1.387
Ndp,0.472
Efhc2,1.702
Fundc1,-0.448
Dusp21,0.0
Kdm6a,-0.281
Dipk2b,-2.44
Gm14636,-3.683
Gm26652,-1.224
Tex13c3,0.0
Chst7,0.654
Slc9a7,1.304
Rp2,-1.003
Jade3,0.064
Rgn,1.223
Ndufb11,0.188
Rbm10,-0.306
Uba1,0.6
Cdk16,0.608
Usp11,0.693
Araf,1.008
Syn1,2.173
Timp1,-3.147
Cfp,-1.579
Elk1,-0.525
Uxt,-0.412
A230072C01Rik,-0.672
Zfp182,-0.507
Spaca5,0.0
Zfp300,-0.007
Ssxa1,0.0
Gm21876,0.0
4930453H23Rik,0.0
Gm6938,0.366
Agtr2,-0.671
Slc6a14,0.0
Gm28269,0.0
Gm28268,0.0
Klhl13,-0.648
Wdr44,0.318
Gm4907,0.09
Gm4985,0.0
Gm27192,0.0
Gm5934,0.0
Gm4297,0.0
Gm5935,0.0
Gm5169,0.0
Gm1993,0.0
E330010L02Rik,0.0
Gm5168,0.0
Gm2012,0.0
Gm2030,0.0
Slx,0.0
Gm14525,0.0
Gm6121,0.0
Gm10230,0.0
Gm2101,0.0
Gm10058,0.0
Gm2117,0.0
Gm4836,0.0
Gm10147,0.0
Gm2165,0.0
Gm10096,0.0
Gm2200,0.0
Gm3669,0.0
Gm10488,0.0
E330016L19Rik,0.0
Gm14632,0.0
Gm7437,0.0
Gm14974,0.0
Gm10487,0.0
Btbd35f29,0.0
Spin2f,0.0
Btbd35f26,0.0
CT867961.1,0.0
Spin2e,0.0
Btbd35f25,0.0
Gm21637,0.0
CT868697.1,0.0
Btbd35f2,0.0
Btbd35f1,0.0
Gm5926,0.0
Btbd35f21,0.0
FQ976806.1,0.0
Btbd35f12,0.0
Btbd35f15,0.0
Btbd35f13,0.0
Btbd35f14,0.0
Btbd35f6,0.0
CU019598.1,0.0
Spin2g,0.0
Btbd35f8,0.0
Gm14552,0.0
Gm10486,0.0
Gm2309,0.0
Gm14553,0.0
Gm14819,0.0
Dock11,0.729
Il13ra1,0.237
Zcchc12,1.984
Lonrf3,-1.738
Gm6268,0.0
Gm14569,0.0
Pgrmc1,0.239
Akap17b,1.497
Slc25a43,0.7
Slc25a5,-0.116
Gm14549,-0.077
C330007P06Rik,-0.465
Ube2a,0.242
Nkrf,1.378
Gm15008,0.0
Sept6,1.364
Sowahd,0.0
Rpl39,-0.252
Upf3b,-0.298
Nkap,0.677
Akap14,-0.068
Ndufa1,0.402
Rnf113a1,0.606
Gm9,0.0
Rhox1,0.0
Rhox2a,0.0
Rhox3a,0.0
Rhox4a,0.0
Rhox3a2,0.0
Rhox4a2,0.0
Rhox2b,0.0
Rhox4b,0.0
Rhox2c,0.0
Rhox3c,0.0
Rhox4c,0.0
Rhox2d,0.0
Rhox4d,0.0
Rhox2e,0.0
Rhox3e,0.0
Rhox4e,0.0
Rhox2f,0.0
Rhox3f,0.0
Rhox4f,0.0
Rhox3g,0.0
Rhox2g,0.0
Rhox4g,0.0
Rhox3h,0.0
Rhox2h,0.0
Rhox5,1.064
Rhox6,0.0
Rhox7a,0.0
Rhox8,-0.298
Rhox7b,0.0
Rhox9,0.0
Btg1-ps1,0.0
Btg1-ps2,0.0
Rhox10,0.0
Rhox11,0.0
Rhox12,0.0
Rhox13,0.0
Zbtb33,-0.108
Tmem255a,0.638
Atp1b4,0.0
Lamp2,-1.167
Gm7598,0.114
Cul4b,0.148
Mcts1,0.762
C1galt1c1,-0.066
Gm14565,-0.041
6030498E09Rik,-0.468
Cypt15,0.0
Cypt14,0.0
Gm14643,0.0
Gria3,-1.091
Thoc2,-0.808
Xiap,-0.149
Stag2,-0.963
Tex13c2,0.0
Sh2d1a,-1.077
Tenm1,1.154
Tex13c1,0.0
Dcaf12l2,-0.377
Dcaf12l1,1.739
Prr32,0.0
4930515L19Rik,0.0
Actrt1,0.0
Gm29242,0.0
Smarca1,1.2
Ocrl,0.99
Apln,-2.386
Xpnpep2,-1.173
Sash3,-3.637
Zdhhc9,0.693
Utp14a,-0.246
Bcorl1,-0.54
Elf4,-3.674
Aifm1,0.334
Rab33a,2.051
Zfp280c,-0.81
Slc25a14,0.77
Gpr119,0.819
Rbmx2,0.011
Gm595,0.0
Enox2,-0.081
Gm14696,0.062
Gm14697,0.0
Arhgap36,1.64
Olfr1320,0.0
Olfr1321,0.0
Igsf1,0.57
Olfr1322,0.0
Olfr1323,0.0
Olfr1324,0.0
Firre,-0.091
Stk26,0.514
Frmd7,-0.101
Rap2c,-0.483
Mbnl3,-1.988
Hs6st2,-2.295
Usp26,0.0
1700080O16Rik,0.0
Gpc4,-5.036
Gpc3,-4.067
Gm14582,0.0
A630012P03Rik,0.0
Kis2,-0.234
Ccdc160,-0.192
Phf6,0.065
Hprt,0.902
Gm28730,-1.475
C430049B03Rik,-4.744
Plac1,-1.239
Fam122b,0.053
Fam122c,0.049
Mospd1,-0.403
Etd,0.067
Gm14597,0.808
Rtl8c,0.966
Rtl8a,1.406
Rtl8b,1.336
4930502E18Rik,1.249
1700013H16Rik,0.0
Zfp36l3,0.0
Xlr,-4.253
Gm15482,0.0
Gm16405,0.0
Gm16430,0.0
Slxl1,0.0
3830403N18Rik,-2.11
Gm773,0.0
1600025M17Rik,0.0
Zfp449,-0.218
Gm2155,1.665
Smim10l2a,1.878
Gm2174,0.0
Ints6l,-0.729
Gm648,-0.367
Mmgt1,0.294
Slc9a6,0.839
Fhl1,0.129
Map7d3,-3.431
Adgrg4,0.0
Brs3,0.0
Htatsf1,-0.296
Vgll1,0.0
Gm14718,0.0
Cd40lg,-0.232
Arhgef6,-2.594
Rbmx,-1.447
Gm364,0.0
Gpr101,0.0
Zic3,0.0
4930550L24Rik,0.082
Fgf13,1.104
F9,-0.309
Mcf2,1.64
Atp11c,0.308
Gm7073,0.0
Gm14661,0.0
Sox3,-3.647
Gm14662,-2.569
Gm14664,-1.231
Cdr1os,1.74
Cdr1,0.03
Ldoc1,1.091
4933402E13Rik,0.0
4931400O07Rik,0.0
Tslrn1,-0.219
Gm6760,0.0
3830417A13Rik,0.0
Slitrk4,1.27
Ctag2,0.0
4930447F04Rik,-0.397
Slitrk2,-3.284
1700036O09Rik,0.0
Gm1140,0.0
Gm14692,0.0
4933436I01Rik,0.0
Fmr1,-0.639
Fmr1nb,-0.735
Gm14698,-0.629
Gm6812,0.0
Gm14705,0.0
Aff2,0.967
1700111N16Rik,0.0
1700020N15Rik,0.0
Ids,1.118
1110012L19Rik,0.271
4930567H17Rik,0.0
Tmem185a,0.006
Mamld1,-0.508
Mtm1,-0.093
Mtmr1,0.106
Cd99l2,0.468
Gm16189,0.0
Hmgb3,0.439
Gpr50,0.0
Vma21,-0.338
Gm1141,-0.312
Prrg3,-0.373
Fate1,-0.41
Cnga2,-0.173
Magea4,0.0
Gabre,-1.937
Magea10,0.0
Gabra3,-0.343
Gabrq,-1.07
Cetn2,0.037
Nsdhl,0.209
Gm14684,0.0
Zfp185,-1.534
Pnma5,0.286
Pnma3,1.315
Xlr4a,-0.756
Xlr3a,0.06
Gm20455,0.0
Xlr5a,0.0
Gm14685,0.0
DXBay18,0.0
Xlr5b,0.0
Spin2d,0.0
Xlr3b,0.051
Xlr4b,-0.645
F8a,0.92
Xlr4c,-0.257
Xlr3c,0.0
Xlr5c,0.0
Gm45015,0.0
Zfp275,-0.001
Gm18336,0.0
Gm26726,0.0
Zfp92,1.25
Trex2,0.0
Haus7,-0.337
Bgn,-5.104
Atp2b3,1.876
Dusp9,-0.339
Pnck,1.528
Slc6a8,-1.168
Bcap31,-0.018
Abcd1,0.322
Plxnb3,-4.559
Srpk3,-2.288
Idh3g,0.183
Ssr4,-0.192
Pdzd4,1.353
Gm14817,0.234
L1cam,0.719
Arhgap4,-1.53
Avpr2,0.0
Naa10,0.081
Renbp,-3.37
Hcfc1,0.218
Irak1,-0.007
Mecp2,0.193
Opn1mw,0.591
Tex28,0.0
Tktl1,-0.528
Flna,-2.999
Emd,-0.249
Rpl10,-0.2
Dnase1l1,-2.116
Taz,-0.218
Atp6ap1,0.479
Gdi1,1.261
Fam50a,-0.586
Plxna3,0.667
Lage3,-0.871
Ubl4a,0.106
Slc10a3,-1.166
Fam3a,-0.843
Ikbkg,0.318
G6pdx,0.231
Gm6880,0.0
Olfr1326-ps1,0.0
Olfr1325,0.0
Gm5640,0.0
Gm6890,0.0
Gm5936,0.0
Gab3,-0.739
Dkc1,-0.645
Mpp1,0.303
Smim9,0.211
F8,0.335
Fundc2,-0.159
Cmc4,-0.272
Mtcp1,-0.878
Brcc3,0.285
Vbp1,0.666
Gm15384,0.0
Rab39b,1.592
Gm15063,-0.869
4933407K13Rik,-1.136
Pls3,0.138
Gm14715,0.0
Gm14707,0.0
Gm14717,0.0
Cldn34b3,0.0
Cldn34b4,0.0
Cldn34d,0.0
Tbl1x,-0.532
Prkx,-0.281
Gm14742,0.0
Pbsn,0.0
Gm14744,0.0
5430402E10Rik,0.0
Obp1a,0.0
Gm5938,0.0
Obp1b,0.0
Gm14743,0.0
4930480E11Rik,0.0
Prrg1,-2.751
Fam47c,0.0
Cfap47,1.086
Mageb16,0.181
Tmem47,-0.359
4930595M18Rik,0.0
Dmd,-2.29
Tsga8,0.0
Fthl17a,0.0
Tab3,0.448
Gk,0.007
Gm14764,-0.056
Gm14762,-0.696
5430427O19Rik,-3.219
Samt3,0.0
Nr0b1,0.327
Mageb4,0.0
Il1rapl1,-2.744
Gm27000,0.37
Pet2,0.0
4932429P05Rik,0.0
4930415L06Rik,0.0
Gm44,0.0
Gm14773,0.0
Mageb2,0.0
Gm5072,0.0
Gm8914,0.0
1700084M14Rik,0.0
Gm14781,0.0
Mageb5,0.0
Mageb1,0.0
Mageb18,-0.432
Gm5941,0.0
1700003E24Rik,0.0
BC061195,0.0
Arx,-0.115
Pola1,-1.602
Pcyt1b,0.781
Pdk3,-0.617
AU015836,0.0
Gm14798,0.042
Zfx,-0.94
Eif2s3x,0.443
Klhl15,-0.349
Fam90a1b,0.102
Apoo,0.957
Gm14827,0.615
Maged1,0.239
Gspt2,0.897
Zxdb,-0.107
Gm39526,-0.116
Spin4,-2.634
Arhgef9,0.361
Amer1,-0.002
Asb12,0.0
Pfn5,0.0
Zc4h2,0.633
Zc3h12b,-0.352
1700010D01Rik,0.0
Las1l,-0.344
Msn,0.243
F630028O10Rik,-1.865
Vsig4,0.0
Hsf3,-0.231
Heph,-4.252
Gpr165,0.906
Pgr15l,0.244
Eda2r,-1.787
Ar,-2.201
Ophn1,-0.6
Yipf6,-0.534
Stard8,-4.465
Efnb1,-3.155
Gm14812,-1.288
Gm14809,-0.145
Gm14808,-1.946
Pja1,0.313
Tmem28,0.977
Eda,-3.668
Awat2,-0.319
Otud6a,0.0
Igbp1,-0.153
Dgat2l6,0.0
Awat1,0.0
P2ry4,0.0
Arr3,0.0
Pdzd11,0.072
Kif4,-3.586
Gdpd2,-3.156
Gm14866,0.0
Gm14902,-0.593
Dlg3,-0.033
Tex11,0.318
Slc7a3,1.41
Snx12,0.492
Foxo4,-1.863
Gm614,0.0
Il2rg,-3.471
Med12,-0.86
Nlgn3,-0.141
Gjb1,-1.457
Zmym3,0.458
Nono,-0.17
Itgb1bp2,0.331
Taf1,-0.137
Ogt,-0.257
Cxcr3,-1.463
Gm4779,-0.151
8030474K03Rik,-0.434
Nhsl2,0.095
Rtl5,1.164
Pin4,0.489
Ercc6l,-2.44
Rps4x,-0.267
Cited1,0.132
Gm14858,0.0
Hdac8,-0.494
Phka1,0.041
Gm3880,0.0
Gm9112,0.0
Dmrtc1b,0.0
Dmrtc1c1,0.0
Dmrtc1c2,0.0
1700031F05Rik,0.0
Dmrtc1a,0.383
1700011M02Rik,0.0
1700018G05Rik,0.0
Nap1l2,1.962
Cdx4,0.0
Chic1,0.266
Gm26952,-0.156
Tsx,-0.407
Tsix,-0.966
Xist,-1.007
Jpx,-0.467
Ftx,0.033
Zcchc13,0.0
Slc16a2,0.275
Rlim,-0.71
Nexmif,1.74
Abcb7,0.211
Uprt,0.005
Zdhhc15,0.343
1700121L16Rik,0.0
Magee2,1.205
5530601H04Rik,-0.303
Pbdc1,-0.185
Magee1,1.466
5330434G04Rik,1.675
Cypt2,0.0
Fgf16,-0.08
Atrx,-0.475
Magt1,-1.09
Cox7b,0.682
Atp7a,0.569
Tlr13,-3.007
Pgk1,0.922
Taf9b,0.732
Fnd3c2,0.0
Fndc3c1,-0.237
Cysltr1,-3.859
Gm5127,-0.677
Rtl3,-3.038
Lpar4,-3.386
P2ry10,-1.797
P2ry10b,-2.777
Gpr174,-1.052
Itm2a,-4.413
Tbx22,0.0
2610002M06Rik,0.485
Tent5d,0.0
Gm732,0.0
Brwd3,-0.773
2810403D21Rik,-1.397
Hmgn5,-1.519
Sh3bgrl,-0.116
Gm6377,-3.024
Gm44593,0.0
Pou3f4,-2.012
Cylc1,0.0
Rps6ka6,1.351
Hdx,0.64
Gm45194,0.269
Tex16,0.233
4933403O08Rik,0.0
Apool,-0.3
Satl1,0.0
2010106E10Rik,0.043
Zfp711,0.855
Pof1b,-0.525
Gm14936,0.0
Chm,0.148
Dach2,-0.725
Klhl4,-0.077
Ube2dnl1,0.0
Ube2dnl2,0.0
4930555B12Rik,0.0
Cpxcr1,0.0
H2afb2,0.0
H2afb1,0.0
Gm28579,0.0
Tgif2lx2,0.0
Tgif2lx1,0.0
Gm14929,0.0
Pabpc5,1.352
Pcdh11x,-1.283
H2afb3,0.0
Nap1l3,1.634
Gm17521,0.0
Cldn34c1,-0.043
Astx6,0.0
Gm17577,0.0
Gm14951,0.0
BX088531.1,-0.04
Astx2,0.0
Gm17412,0.0
Cldn34c2,0.0
Gm14950,0.0
Gm17467,0.0
Astx5,0.0
BX571804.1,-0.033
Vmn2r121,0.0
Astx1a,0.0
CR974424.1,0.0
Astx4a,0.0
CR974480.1,0.0
Astx4b,0.0
CR628363.1,0.0
Astx1b,0.0
CR628363.2,0.0
CU041232.1,0.0
CU041232.2,0.0
BX571788.1,0.0
Astx4c,0.0
BX571788.2,0.0
Astx1c,0.0
CR974488.1,0.0
Gm17522,0.0
Astx4d,0.0
BX119993.1,0.0
Astx3,0.0
4932411N23Rik,0.0
Gm382,0.0
4921511C20Rik,0.0
Cldn34c4,0.0
4930558G05Rik,0.0
Diaph2,-0.681
Pcdh19,-0.288
Tnmd,-3.327
Tspan6,0.244
4930570D08Rik,0.0
Srpx2,-2.974
Sytl4,-0.091
Cstf2,0.34
Nox1,-0.089
Xkrx,-0.315
Arl13a,0.0
Trmt2b,0.107
Tmem35a,1.827
Cenpi,-2.491
Drp2,-0.353
Taf7l,0.0
Timm8a1,0.019
Btk,-3.57
Rpl36a,-0.233
Gla,-0.428
Hnrnph2,-0.243
B230119M05Rik,-0.049
Armcx4,0.73
Armcx1,0.65
Armcx6,-1.226
Armcx3,-0.128
Armcx2,0.49
Nxf2,-0.67
Zmat1,-0.772
3632454L22Rik,1.728
Gm15020,0.0
Gm15023,0.0
Tceal6,2.188
Pramel3,0.0
Gm15017,0.0
Gm5128,0.0
Gm7903,0.0
AV320801,0.0
Gm15015,0.0
Nxf7,-1.832
Prame,0.0
Tcp11x2,0.04
Tmsb15a,0.163
Armcx5,0.389
Gprasp1,1.41
Bhlhb9,0.631
Gprasp2,1.282
Arxes2,1.334
Arxes1,1.404
Bex2,1.996
Nxf3,0.269
5730412P04Rik,0.0
Bex4,1.578
Tceal8,-0.344
Tceal5,1.91
Bex1,1.881
Tceal7,1.831
Tceal9,-0.732
Bex3,1.358
Kir3dl2,0.0
Kir3dl1,0.0
Tceal3,1.059
Tceal1,0.417
Morf4l2,-0.072
BC065397,-0.226
Glra4,0.0
Plp1,-4.766
Rab9b,1.489
H2bfm,0.0
Tmsb15b2,1.194
Tmsb15b1,0.351
Slc25a53,0.313
Zcchc18,1.725
Fam199x,0.395
Esx1,0.0
Il1rapl2,0.0
Tex13a,0.0
Nrk,-3.572
Serpina7,0.0
4930513O06Rik,0.0
4933428M09Rik,0.0
Pwwp3b,0.16
Platr21,0.0
Trap1a,0.0
Radx,1.019
Rnf128,0.255
Tbc1d8b,-2.227
Gm15013,-0.099
Ripply1,0.0
Cldn2,-0.251
Morc4,-2.225
Rbm41,-1.034
Nup62cl,0.285
Pih1h3b,0.0
Gm15046,0.0
Frmpd3,1.025
Prps1,0.677
Tsc22d3,-0.01
Mid2,-0.871
Eif2c5,-0.306
Tex13b,0.0
Vsig1,0.0
Psmd10,0.122
Atg4a,-0.641
Col4a6,-2.244
Col4a5,-4.593
Irs4,0.0
Gm15295,0.0
Gm15294,0.0
Gm15298,0.0
Gucy2f,0.0
Nxt2,-1.563
Kcne1l,-2.189
Acsl4,1.156
Tmem164,0.696
Ammecr1,-0.474
Rtl9,-0.045
Chrdl1,-3.906
Pak3,1.956
Capn6,-3.646
Dcx,2.155
A730046J19Rik,-0.178
Alg13,-0.576
Trpc5,0.0
Trpc5os,0.0
Rtl4,0.121
Lhfpl1,-0.237
Amot,-1.351
Htr2c,0.176
Il13ra2,-0.103
Vmn1r239-ps,0.0
Lrch2,0.77
Gm15128,0.0
Gm15080,0.0
Gm15107,0.0
Gm15114,0.0
Gm8334,0.0
Gm15127,0.0
Luzp4,0.0
Gm15099,0.0
Ott,0.0
Gm15092,0.0
Gm15093,0.0
Gm15100,0.0
Gm15085,0.0
Gm15086,0.0
Gm10439,0.0
Gm15097,0.0
Gm15091,0.0
Gm15104,-0.146
Tmem29,0.828
Apex2,-0.095
Alas2,-2.271
Pfkfb1,-0.035
Tro,1.71
Maged2,-0.407
Gm27191,0.0
Gnl3l,1.58
Fgd1,-0.435
Tsr2,0.593
Gm15138,0.191
Wnk3,1.551
A230072E10Rik,0.676
Fam120c,-0.026
Phf8,-0.053
Huwe1,0.26
Hsd17b10,-0.479
Ribc1,-0.837
Smc1a,-0.538
Iqsec2,0.571
Kdm5c,-0.199
Kantr,1.092
Tspyl2,0.311
Gpr173,0.284
3010001F23Rik,0.587
Cldn34a,0.0
Shroom2,-1.301
Gpr143,-0.07
Usp51,1.237
Mageh1,0.139
9530051G07Rik,1.309
Foxr2,0.635
Rragb,1.387
Klf8,1.024
Ubqln2,0.795
Cypt3,0.0
Kctd12b,-4.111
Gm45022,0.404
Nbdy,1.443
Spin2c,1.043
Samt1,0.0
4921511M17Rik,0.0
Gm10057,0.0
Gm15140,0.0
4930524N10Rik,0.0
Samt4,0.0
Samt2,0.0
Cldn34b1,0.0
Magea6,0.0
Magea3,0.0
Magea8,0.0
Magea2,0.0
Magea5,0.0
Magea1,0.0
Cldn34b2,0.0
Sat1,-2.522
Acot9,0.41
Prdx4,-1.037
Ptchd1,1.951
Gm15156,0.051
Gm15155,1.269
Phex,-0.56
Sms,1.631
Mbtps2,-0.029
Yy2,0.0
Smpx,-0.403
Gm15169,0.045
Klhl34,-0.107
Cnksr2,0.837
Rps6ka3,-0.9
Eif1ax,0.278
Map7d2,1.732
Bclaf3,-0.403
Sh3kbp1,-1.103
Map3k15,-0.721
Pdha1,0.356
Adgrg2,0.553
Gm15241,0.0
Phka2,-0.103
Gm15243,0.0
Ppef1,0.715
Rs1,0.0
Cdkl5,0.572
Gja6,-0.345
Scml2,-1.123
Gm15262,0.0
Rai2,0.773
Nhs,0.415
Gm15202,0.0
Reps2,0.727
Gm15201,1.244
Rbbp7,-0.118
Txlng,0.146
Syap1,-0.506
Ctps2,0.391
S100g,0.077
Grpr,0.425
Rnf138rt1,1.483
Ap1s2,1.129
Zrsr2,0.334
Car5b,-3.183
Siah1b,-0.314
Cltrn,0.209
Ace2,-3.228
Bmx,-3.536
Pir,0.645
Vegfd,-0.296
Piga,-1.507
Asb11,-0.949
Asb9,-0.443
Mospd2,-0.208
Fancb,-1.954
Gm17604,0.0
Glra2,1.132
Gemin8,-1.568
Gpm6b,-4.123
Ofd1,-0.272
Trappc2,0.415
Rab9,-0.669
Tceanc,0.099
Egfl6,-2.176
Gm15226,-0.033
Gm1720,-1.584
Gm15230,0.0
Gm8817,-0.247
Gm15232,-1.561
Gm15228,0.0
Tmsb4x,0.238
Tlr8,-0.511
Tlr7,-3.388
Prps2,0.333
Gm15239,0.0
Frmpd4,1.553
Msl3,-0.498
Arhgap6,-1.83
Gm15261,-2.786
Amelx,0.0
Hccs,-0.075
Gm15246,0.288
Gm15245,0.0
Mid1,-1.027
4933400A11Rik,-0.26
G530011O06Rik,-1.317
Gm15726,-0.64
Gm15247,-0.75
Gm21887,0.151
Asmt,0.0
Gm29277,0.0
Gm29089,0.0
Zfy1,0.0
Uba1y,0.0
Gm28588,0.0
Gm28587,0.0
Kdm5d,-0.34
Eif2s3y,-0.525
Gm29650,0.724
Uty,-0.107
Ddx3y,-0.635
Usp9y,0.0
Zfy2,0.0
H2al2c,0.0
Sry,0.0
H2al2b,0.0
Gm4064,0.0
Rbmy,0.0
Gm10256,0.0
Gm10352,0.0
Gm29289,0.0
Gm21677,0.0
Gm21693,0.0
Gm21704,0.0
Gm21708,0.0
Gm3376,0.0
Gm28242,0.0
Gm28357,0.0
Gm29351,0.0
Gm29349,0.0
Gm20918,0.0
Gm29353,0.0
Gm21820,0.0
Gm29158,0.0
Gm21854,0.0
Gm20914,0.0
Gm28171,0.0
Gm28173,0.0
Gm29194,0.0
Gm21778,0.0
Gm29198,0.0
Gm29193,0.0
Gm28430,0.0
Gm28593,0.0
Gm20873,0.0
Gm28919,0.0
Gm21719,0.0
Gm28444,0.0
Gm20830,0.0
Gm28442,0.0
Gm28445,0.0
Gm28999,0.0
Gm21244,0.0
Gm28998,0.0
Gm28398,0.0
Gm28395,0.0
Gm28394,0.0
Gm28393,0.0
Gm20826,0.0
Gm28576,0.0
Gm28575,0.0
Gm28571,0.0
Gm28570,0.0
Gm29049,0.0
Gm20825,0.0
Gm29046,0.0
Gm29043,0.0
Gm29044,0.0
Gm20824,0.0
Gm28147,0.0
Gm28331,0.0
Gm20815,0.0
Gm29364,0.0
Gm29363,0.0
Gm21292,0.0
Gm21721,0.0
Gm29329,0.0
Gm21812,0.0
Gm21874,0.0
Gm20821,0.0
Gm21310,0.0
Gm28509,0.0
Gm20834,0.0
Gm28510,0.0
Gm20737,0.0
Gm29527,0.0
Gm29522,0.0
Gm20777,0.0
Gm28955,0.0
Gm28954,0.0
Gm20828,0.0
Gm28656,0.0
Gm29554,0.0
Gm20812,0.0
Gm37739,0.0
Gm20807,0.0
Gm38084,0.0
Gm37231,0.0
Gm21891,0.0
Gm21425,0.0
Gm37252,0.0
Gm21828,0.0
Gm21440,0.0
Gm21454,0.0
Gm37147,0.0
Gm38159,0.0
Gm21725,0.0
Gm37870,0.0
Gm37378,0.0
Gm21866,0.0
Gm20773,0.0
Gm37561,0.0
Gm37263,0.0
Gm21767,0.0
Gm37130,0.0
Gm37467,0.0
Gm38363,0.0
Gm30174,0.0
Gm30353,0.0
Gm30686,0.0
Gm30737,0.0
Gm37654,0.0
Gm37572,0.0
Gm37344,0.0
Gm37059,0.0
Gm31942,0.0
Gm37440,0.0
Gm37577,0.0
Gm20822,0.0
Gm21809,0.0
Gm20877,0.0
Gm38003,0.0
Rbm31y,0.0
Gm37865,0.0
Gm36941,0.0
Gm21904,0.0
Gm37937,0.0
Gm20772,0.0
Gm20831,0.0
Gm37286,0.0
Srsy,0.0
Gm38028,0.0
Gm21764,0.0
Ssty1,0.0
Gm38072,0.0
Gm37473,0.0
Gm37656,0.0
Gm38127,0.0
Gm38361,0.0
Gm38209,0.0
Gm21822,0.0
Gm37734,0.0
Gm38013,0.0
Gm37948,0.0
Gm34550,0.0
Gm37544,0.0
Gm34716,0.0
Gm37635,0.0
Gm35070,0.0
Gm35134,0.0
Gm37998,0.0
Gm38168,0.0
Gm37740,0.0
Gm36261,0.0
Gm37898,0.0
Gm36467,0.0
Gm37927,0.0
Gm36929,0.0
Gm38174,0.0
Gm29866,0.0
Gm36950,0.0
Gm20909,0.0
Gm20865,0.0
Gm37462,0.0
Gm38370,0.0
Gm38054,0.0
Gm37690,0.0
Gm31571,0.0
Gm32114,0.0
Gm37075,0.0
Gm38371,0.0
Gm37657,0.0
Gm37721,0.0
Gm21366,0.0
Gm33954,0.0
Gm37538,0.0
Gm34217,0.0
Gm37952,0.0
Gm37454,0.0
Gm37840,0.0
Gm37574,0.0
Gm35670,0.0
Gm37687,0.0
Gm38296,0.0
Gm36345,0.0
Gm37157,0.0
Gm20809,0.0
Gm37434,0.0
Gm30045,0.0
Gm21921,0.0
Gm37112,0.0
Gm37071,0.0
Gm37547,0.0
Gm30705,0.0
Gm21773,0.0
Gm37451,0.0
Gm37875,0.0
Gm31422,0.0
Gm37798,0.0
Gm37346,0.0
Gm38136,0.0
Gm37808,0.0
Gm32181,0.0
Gm28853,0.0
Gm28852,0.0
Gm28858,0.0
Gm20890,0.0
Gm28245,0.0
Gm28246,0.0
Gm28249,0.0
Gm28250,0.0
Gm28244,0.0
Gm29021,0.0
Gm28880,0.0
Gm21488,0.0
Gm28454,0.0
Gm28878,0.0
Gm29399,0.0
Gm28799,0.0
Gm28798,0.0
Gm20894,0.0
Gm28938,0.0
Gm29122,0.0
Gm28985,0.0
Gm28725,0.0
Gm28984,0.0
Gm28987,0.0
Gm28986,0.0
Gm28129,0.0
Gm28127,0.0
Gm28128,0.0
Gm28132,0.0
Gm28130,0.0
Gm28131,0.0
Gm29316,0.0
Gm29315,0.0
Gm28216,0.0
Gm28217,0.0
Gm28092,0.0
Gm28091,0.0
Gm29580,0.0
Gm28089,0.0
Gm28088,0.0
Gm29579,0.0
Gm29582,0.0
Gm21529,0.0
Gm29581,0.0
Gm21539,0.0
Gm29578,0.0
Gm21780,0.0
Gm28486,0.0
Gm28487,0.0
Gm28488,0.0
Gm28491,0.0
Gm28490,0.0
Gm21562,0.0
Gm28298,0.0
Gm21572,0.0
Gm28297,0.0
Gm21723,0.0
Gm28296,0.0
Gm21821,0.0
Gm28295,0.0
Gm21842,0.0
Gm28170,0.0
Gm28764,0.0
Gm28762,0.0
Gm28763,0.0
Gm21094,0.0
Gm21588,0.0
Gm28761,0.0
Gm21599,0.0
Gm28765,0.0
Gm21916,0.0
Gm29191,0.0
Gm28210,0.0
Gm29074,0.0
Gm28518,0.0
Gm28519,0.0
Gm28520,0.0
Gm20838,0.0
Gm21626,0.0
Gm28521,0.0
Gm21633,0.0
Gm28522,0.0
Gm28517,0.0
Gm29532,0.0
Gm29531,0.0
Gm28464,0.0
Gm29656,0.0
Gm29655,0.0
Gm29653,0.0
Gm29654,0.0
Gm29080,0.0
Gm29081,0.0
Gm29077,0.0
Gm29078,0.0
Gm29225,0.0
Gm29226,0.0
Gm20855,0.0
Gm29386,0.0
Gm29384,0.0
Gm28260,0.0
Gm28264,0.0
Gm28463,0.0
Gm28585,0.0
Gm20896,0.0
Gm28470,0.0
Gm28469,0.0
Gm28332,0.0
Gm28333,0.0
Gm28336,0.0
Gm28338,0.0
Gm28811,0.0
Gm28810,0.0
Gm20835,0.0
Gm29027,0.0
Gm29028,0.0
Gm29023,0.0
Gm29025,0.0
Gm28212,0.0
Gm20905,0.0
Gm28820,0.0
Gm29671,0.0
Gm20738,0.0
Gm28545,0.0
Gm28547,0.0
Gm28771,0.0
Gm28772,0.0
Gm20897,0.0
Gm28774,0.0
Gm28775,0.0
Gm28176,0.0
Gm28786,0.0
Gm29360,0.0
Gm29497,0.0
Gm29498,0.0
Gm36782,0.0
Gm29839,0.0
Gm28595,0.0
Gm21865,0.0
Gm29433,0.0
Gm29215,0.0
Gm21882,0.0
Gm21801,0.0
Gm28850,0.0
Gm21914,0.0
Gm28617,0.0
Gm28619,0.0
Gm28993,0.0
Gm28994,0.0
Gm21797,0.0
Gm20795,0.0
Gm28427,0.0
Gm21800,0.0
Gm28426,0.0
Gm28425,0.0
Gm28834,0.0
Gm29537,0.0
Gm29274,0.0
Gm29275,0.0
Gm29276,0.0
Gm29645,0.0
Gm28312,0.0
Gm29042,0.0
Gm28311,0.0
Gm28310,0.0
Gm28568,0.0
Gm29286,0.0
Gm29285,0.0
Gm28280,0.0
Gm28278,0.0
Gm28279,0.0
Gm21739,0.0
Gm28886,0.0
Gm29426,0.0
Gm28887,0.0
Gm29444,0.0
Gm29445,0.0
Gm28457,0.0
Gm28458,0.0
Gm28461,0.0
Gm28460,0.0
Gm28851,0.0
Gm28456,0.0
Gm29648,0.0
Gm29646,0.0
Gm28549,0.0
Gm29210,0.0
Gm29213,0.0
Gm28550,0.0
Gm28604,0.0
Gm28565,0.0
Gm28566,0.0
Gm28697,0.0
Gm28554,0.0
Gm21256,0.0
Gm29056,0.0
Gm29098,0.0
Gm29373,0.0
Gm29370,0.0
Gm29166,0.0
Gm28194,0.0
Gm20792,0.0
Gm28754,0.0
Gm28753,0.0
Gm29070,0.0
Gm28553,0.0
Gm28726,0.0
Gm29270,0.0
Gm29271,0.0
Gm21209,0.0
Gm28681,0.0
Gm28684,0.0
Gm28679,0.0
Gm28870,0.0
Gm29511,0.0
Gm29117,0.0
Gm20883,0.0
Gm29116,0.0
Gm29321,0.0
Gm21117,0.0
Gm28317,0.0
Gm28318,0.0
Gm28313,0.0
Gm28315,0.0
Gm28316,0.0
Gm28944,0.0
Gm28945,0.0
Gm28947,0.0
Gm20920,0.0
Gm28948,0.0
Gm28950,0.0
Gm29063,0.0
Gm28197,0.0
Gm28735,0.0
Gm21258,0.0
Gm28732,0.0
Gm28733,0.0
Gm28233,0.0
Gm28235,0.0
Gm28236,0.0
Gm20747,0.0
Gm29250,0.0
Gm29252,0.0
Gm29248,0.0
Gm28908,0.0
Gm20929,0.0
Gm28276,0.0
Gm28274,0.0
Gm28291,0.0
Gm28293,0.0
Gm29305,0.0
Gm29303,0.0
Gm29557,0.0
Gm29301,0.0
Gm20931,0.0
Gm29555,0.0
Gm28355,0.0
Gm28352,0.0
Gm21858,0.0
Gm28201,0.0
Gm28202,0.0
Gm28206,0.0
Gm28207,0.0
Gm28208,0.0
Gm29222,0.0
Gm29221,0.0
Gm29220,0.0
Gm29405,0.0
Gm29406,0.0
Gm29404,0.0
Gm28964,0.0
Sly,0.0
Gm28709,0.0
Gm28965,0.0
Gm21943,0.0
Gm28532,0.0
Gm28966,0.0
Gm28961,0.0
Gm28962,0.0
Gm28963,0.0
Gm29466,0.0
Gm29467,0.0
Gm20963,0.0
Gm28326,0.0
Gm28325,0.0
Gm28284,0.0
Gm29368,0.0
Gm21861,0.0
Gm21413,0.0
Gm28073,0.0
Gm21419,0.0
Gm28074,0.0
Gm21428,0.0
Gm28072,0.0
Gm29672,0.0
Gm29131,0.0
Gm29130,0.0
Gm20978,0.0
Gm29132,0.0
Gm21450,0.0
Gm28889,0.0
Gm28890,0.0
Gm28891,0.0
Gm28691,0.0
Gm28692,0.0
Gm28690,0.0
Gm28689,0.0
Gm28687,0.0
Gm20987,0.0
1700040F15Rik,0.0
Gm29207,0.0
Gm29204,0.0
Gm29206,0.0
Gm29203,0.0
Gm21497,0.0
Gm29612,0.0
Gm29343,0.0
Gm29342,0.0
Gm28600,0.0
Gm21518,0.0
Gm20823,0.0
Gm29547,0.0
Gm29209,0.0
Gm29549,0.0
Gm29421,0.0
Gm21627,0.0
Gm29060,0.0
Gm29061,0.0
Gm29625,0.0
Gm29628,0.0
Gm29622,0.0
Gm29265,0.0
Gm20908,0.0
Gm28252,0.0
Gm28254,0.0
Gm20924,0.0
Gm29457,0.0
Gm20736,0.0
Gm28561,0.0
Gm29584,0.0
Gm28134,0.0
Gm28135,0.0
Gm28133,0.0
Gm28137,0.0
Gm28138,0.0
Gm29379,0.0
Gm29380,0.0
Gm29381,0.0
Gm20852,0.0
Gm29003,0.0
Ssty2,0.0
Gm28612,0.0
Gm28613,0.0
Gm29219,0.0
Gm29632,0.0
Gm29082,0.0
Gm29217,0.0
Gm29636,0.0
Gm29662,0.0
Gm29660,0.0
Gm20937,0.0
Gm29450,0.0
Gm29449,0.0
Gm20816,0.0
Gm29447,0.0
Gm29446,0.0
Gm20817,0.0
Gm28633,0.0
Gm28462,0.0
Gm29409,0.0
Gm28632,0.0
Gm33815,0.0
Gm28824,0.0
Gm28081,0.0
Gm28079,0.0
Gm28082,0.0
Gm21118,0.0
Gm29423,0.0
Gm29425,0.0
Gm20888,0.0
Gm28238,0.0
Gm28431,0.0
Gm28432,0.0
Gm28842,0.0
Gm28839,0.0
Gm28668,0.0
Gm20869,0.0
Gm28482,0.0
Gm28485,0.0
Gm20870,0.0
Gm20843,0.0
Gm29182,0.0
Gm29255,0.0
Gm20903,0.0
Gm28259,0.0
Gm29616,0.0
Gm29108,0.0
Gm29110,0.0
Gm21913,0.0
Gm28174,0.0
Gm29416,0.0
Gm28789,0.0
Gm20814,0.0
Gm29278,0.0
Gm28606,0.0
Gm20850,0.0
Gm21776,0.0
Gm21173,0.0
Gm29313,0.0
Gm29311,0.0
Gm29309,0.0
Gm28702,0.0
Gm28701,0.0
Gm28704,0.0
Gm28540,0.0
Gm21650,0.0
Gm28541,0.0
Gm28538,0.0
Gm29569,0.0
Gm20867,0.0
Gm29568,0.0
Gm29566,0.0
Gm29565,0.0
Gm29564,0.0
Gm29146,0.0
Gm28664,0.0
Gm28663,0.0
Gm28817,0.0
Gm28816,0.0
Gm20806,0.0
Gm28813,0.0
Gm20917,0.0
Gm28421,0.0
Gm28422,0.0
Gm20916,0.0
Gm29606,0.0
Gm29190,0.0
Gm21760,0.0
Gm28157,0.0
Gm28696,0.0
Gm28898,0.0
Gm28897,0.0
Gm29324,0.0
Gm20911,0.0
Gm28741,0.0
Gm28743,0.0
Gm28124,0.0
Gm28126,0.0
Gm21317,0.0
Gm29472,0.0
Gm29473,0.0
Gm28226,0.0
Gm28225,0.0
Gm28827,0.0
Gm28832,0.0
Gm28472,0.0
Gm21095,0.0
Gm28475,0.0
Gm21394,0.0
Gm29338,0.0
Gm21409,0.0
Gm28758,0.0
Gm29071,0.0
Gm28348,0.0
Gm28972,0.0
Gm28970,0.0
Gm28971,0.0
Gm20854,0.0
Gm28346,0.0
Gm28345,0.0
Gm29090,0.0
Gm28152,0.0
Gm28823,0.0
Gm28220,0.0
Gm20820,0.0
Gm28218,0.0
Gm29302,0.0
Gm28440,0.0
Gm29091,0.0
Gm29297,0.0
Gm28365,0.0
Gm21477,0.0
Gm28367,0.0
Gm20906,0.0
Gm28109,0.0
Gm28108,0.0
Gm28104,0.0
Gm28103,0.0
Gm28102,0.0
Gm28718,0.0
Gm29162,0.0
Gm28866,0.0
Gm28405,0.0
Gm28406,0.0
Gm29436,0.0
Gm28977,0.0
Gm28407,0.0
Gm29392,0.0
Gm29393,0.0
Gm21294,0.0
Gm28672,0.0
Gm28670,0.0
Gm28673,0.0
Gm28674,0.0
Gm21996,0.0
Gm28930,0.0
Gm29504,0.0
Gm20837,0.0
Gm28300,0.0
Gm28301,0.0
Gm21860,-1.394
Gm47283,-0.183
Gm21748,0.0
mt-Nd1,0.075
mt-Nd2,0.116
mt-Co1,-0.005
mt-Co2,-0.079
mt-Atp8,-0.187
mt-Atp6,-0.191
mt-Co3,-0.111
mt-Nd3,0.041
mt-Nd4l,-0.025
mt-Nd4,-0.012
mt-Nd5,-0.053
mt-Nd6,-0.47
mt-Cytb,-0.105
AC125149.3,-0.089
AC125149.5,0.0
AC125149.1,0.0
AC125149.2,0.0
AC125149.4,0.0
AC133103.4,0.0
AC133103.6,0.0
AC133103.7,0.0
AC133103.5,0.0
AC133103.1,0.0
AC133103.3,0.0
AC168977.2,0.0
AC168977.1,0.22
CAAA01118383.1,-0.771
Vmn1r186,0.0
AC102264.1,0.0
AC132444.1,0.0
AC132444.3,0.0
AC132444.5,0.0
AC132444.4,0.0
AC132444.2,0.0
Csprs,-0.242
AC132444.6,0.0
Vamp7,0.642
CAAA01165726.1,0.0
Spry3,1.824
Tmlhe,-0.586
AC087559.3,0.0
AC087559.2,0.0
Ccl21c,0.0
AC140325.2,0.0
AC140325.1,0.0
AC140325.3,0.0
AC140325.4,0.0
Vmn2r122,0.0
CR974586.2,0.0
CR974586.3,0.0
CR974586.5,0.0
CR974586.4,0.0
4933409K07Rik,1.423
CR974586.1,0.0
Gm10931,0.017
CT868723.1,0.0
CAAA01147332.1,-0.994
AC164084.2,0.0
AC164084.3,0.0
AC164084.1,0.0
AC165294.1,0.0
AC165294.2,0.0
AC165294.3,0.0
AC125178.1,0.0
AC125178.3,0.0
AC125178.2,0.0
AC123873.3,0.0
AC123873.1,0.0
AC123873.2,0.0
AC126035.1,0.0
Gm16367,0.0
AC163611.1,0.0
AC163611.2,0.0
AC140365.1,0.0
AC124606.2,0.0
AC124606.1,0.0
AC133095.2,0.0
AC133095.1,0.0
AC234645.1,0.0
AC149090.1,0.129
4933401J01Rik,0.0
Gm26206,0.0
Gm18956,0.0
Gm37180,0.935
Gm37363,1.108
Gm37686,0.564
Gm37329,0.578
Gm7341,0.0
Gm38148,0.93
Gm10568,0.055
Gm38385,0.0
Gm27396,0.0
Gm6101,0.0
Gm37483,0.0
Gm7357,-0.176
AC129937.1,0.0
Gm38076,0.0
Gm7369,0.0
Gm6085,1.007
Gm6119,0.206
Gm2053,-0.032
Gm6123,-0.017
Gm37144,-1.207
Gm37988,-0.188
Gm6104,0.054
Gm37277,-0.527
Gm17100,0.604
Gm37079,0.319
Gm17101,0.702
Gm7182,0.0
Gm37567,0.0
Gm38264,-0.119
Gm36965,0.0
Gm37429,0.0
Gm19214,0.0
Gm2147,0.0
Gm7417,0.0
Gm19026,-0.027
Gm42492,0.0
Gm7449,-0.23
Gm37108,0.198
Gm37275,0.0
Gm37225,0.0
Gm37489,0.0
Gm5694,0.0
Gm26983,-0.419
Gm38372,-0.418
Gm9826,0.0
Nras-ps2,0.0
Gm23274,0.0
Gm19002,0.0
Gm18984,0.0
Gm37791,0.0
Gm7470,0.0
Rps2-ps2,-0.267
Gm38216,0.0
Gm38024,-0.281
Gm16284,-0.012
Gm38259,1.101
Gm37005,-0.224
Gm15452,0.0
Gm36964,-0.071
Gm6152,0.0
Gm7445,0.0
Gm7493,0.0
Gm37629,1.153
Gm38008,0.0
Gm37143,0.54
Gm6187,0.0
Gm18299,0.0
Gm7512,0.0
Gm24765,0.0
Gm18300,0.0
Gm6161,0.0
Gm6195,0.0
Snord87,0.0
E330040D14Rik,0.53
AC102570.1,0.0
1700047N06Rik,0.0
Gm37569,-1.031
Gm38005,0.0
Gm15604,-0.104
AC102469.1,0.0
Gm15603,0.0
Gm37133,0.0
Gm5522,0.0
Gm28659,-0.205
Gm24173,0.0
Gm28686,0.0
Gm37410,0.0
Gm38178,0.435
Gm29273,-0.226
Gm38069,0.772
Gm7560,0.0
AC161927.1,-0.437
Mir6341,0.0
Gm2383,0.0
Gm6216,0.0
Gm37162,-0.308
Gm5250,0.0
Gm38376,0.067
Gm37409,-0.422
Gm38223,-0.901
Gm37702,-0.766
Gm23169,0.0
Gm38120,-0.741
Gm38380,-0.556
AC121538.1,0.0
Gm7593,0.0
Gm38319,-1.484
Gm26273,0.0
Gm5523,-0.252
Gm36947,0.627
Gm37400,1.115
Gm37444,1.806
Gm37412,0.598
Smt3h2-ps4,0.0
Rpl5-ps1,0.596
Gm26345,0.0
Gm10566,0.0
Gm38116,0.828
Gm37138,0.34
Gm25227,0.0
Gm25168,0.0
Gm6060,-0.294
Gm28669,0.572
Gm37509,-0.945
Gm7634,-0.518
Gm38249,-0.013
Gm38342,-0.299
Idi1-ps5,-0.432
Gm29649,0.0
Gm5828,0.0
4921511E07Rik,0.0
Gm28785,0.0
Gm5251,0.0
Rbm6-ps1,1.049
Gm6075,0.0
Gm25166,0.0
Gm7690,0.0
Gm18775,0.0
Gm17969,-0.128
Gm28755,0.0
Gm45784,0.0
Defb44-ps,0.0
Gm17837,-0.11
Gm5252,-0.21
Gm24075,0.0
Gm28343,0.0
Gm28344,0.0
Gm10075,0.0
Gm28341,0.0
Gm4849,-0.355
Gm38382,0.0
Gm37315,0.185
Gm15795,0.0
Gm24162,0.0
Mir206,0.0
Mir133b,0.0
Gm20587,0.0
Gm24723,0.0
Gm24171,0.0
Gm28064,1.095
Gm2693,0.0
Gm38224,0.028
Gm7094,0.037
Gm4956,-0.078
Gm21909,0.0
Gm16329,0.0
Gm16327,0.0
Gm2709,0.0
Gm16533,0.0
Gm16328,-0.127
Gm36949,0.489
Gm7658,0.078
Gm38243,0.234
Gm5696,0.0
Gm28239,0.0
Gm26866,0.0
Gm7761,0.0
Ppp1r14bl,-0.118
Gm24176,0.0
Gm6420,-0.291
Mir30a,0.0
Mir30c-2,0.0
Gm20954,0.0
Gm7784,0.0
Gm26524,-0.409
Gm37580,-0.273
Gm26607,0.0
Gm26418,0.0
Tubb4b-ps2,-0.43
Gm28439,-0.424
Gm10222,0.159
Gm28438,0.141
Gm28437,0.217
Gm10925,0.132
Gm28661,0.03
Gm29216,0.15
Gm28594,0.0
Gm9443,-1.085
Gm15702,0.0
Gm20172,0.124
AC122187.1,-0.436
Gm37543,-0.417
Gm37331,-0.183
Gm37211,0.11
Gm37862,-0.304
Gm38286,-0.272
Gm37880,-0.175
Gm25294,0.0
Gm37011,0.459
Gm29214,0.117
Gm37051,-0.524
Gm38260,0.002
Gm37628,-0.014
8030445P17Rik,-0.397
Gm38198,-0.207
Gm37077,-0.134
Gm37895,-0.297
Gm36952,-0.143
Gm37602,-0.163
2900022M07Rik,0.201
2900002M20Rik,-0.598
Gm9884,0.649
Gm18443,0.0
Gm19123,0.0
Gm24064,0.0
AC157803.1,0.0
Gm19641,0.0
Gm18776,0.0
Gm19028,0.0
Gm38089,0.0
Gm7846,-0.255
Gm5697,0.0
Gm6462,0.0
Gm18033,0.0
Mir6342,0.0
Gm5525,-0.104
Gm53035,0.0
Gm7858,0.0
AC124469.1,0.0
Gm6473,0.0
Gm2914,-0.27
Gm37522,-1.046
Gm37906,-1.978
Gm9458,0.0
Gm7893,0.0
Dnaaf6,0.0
Gm26145,0.0
Gm4850,0.0
Gm28645,0.0
Gm6489,0.0
AC139321.1,0.0
Eef1a1-ps2,0.0
Gm19680,0.342
Gm23032,0.0
Gm7910,0.0
Gm25814,0.0
Gm37999,0.443
Gm37110,0.0
Gm37911,-0.016
Gm9839,0.0
Gm37792,-0.506
Gm24732,0.0
Gm37426,0.631
Gm37151,0.0
Gm28624,0.0
Gm7114,0.019
Gm4785,0.0
Gm24901,0.0
Gm2987,0.0
Gm25792,0.0
Gm18799,0.383
Gm7933,-0.25
Gm23453,0.0
Gm29228,-0.632
Gm37618,-1.361
Gm17813,0.0
1700001G17Rik,-0.772
Gm38173,0.051
Gm37905,0.0
Gm15455,0.103
Gm37067,0.46
Gm37354,-1.778
Gm28631,0.0
Gm23792,0.0
Gm38157,0.078
Mir6896,0.0
A930005N03Rik,-0.259
Gm37385,0.0
Gm5266,-0.053
Gm3052,-0.655
Mir5103,0.0
Gm28416,0.0
Gm28419,0.0
Gm28418,0.0
Gm36984,0.0
Gm29730,0.0
AA619741,0.0
Gm37224,-0.161
Gm37845,0.0
AC107738.1,0.0
Gm37127,-1.658
Gm19430,0.0
Gm37670,0.0
Gm8009,-0.064
Gm38027,0.0
Gm25096,0.0
Gm25634,0.0
Gm8022,0.0
Gm38049,0.0
Mir6897,0.0
Mir6898,0.0
Gm37909,-0.014
Gm42417,0.0
Gm6428,-0.208
Gm18828,0.0
Gm37506,0.172
F830112A20Rik,-0.597
Rpl12-ps1,-0.084
AC122872.1,-0.273
1700074A21Rik,0.0
Gm37135,0.0
4930594C11Rik,-0.691
Gm43213,-1.967
Cracdl,-0.851
4930470B04Rik,-0.124
Gm19863,0.0
Gm34727,-0.716
AC132381.1,0.0
Gm38135,0.0
2610300A13Rik,0.0
Gm6621,0.716
Gm37309,-1.273
Gm37091,0.0
Mir6349,0.0
Gm20428,0.0
Gm3617,-0.517
Gm37265,-0.268
Gm24826,0.0
Snord89,0.0
Gm23722,-0.749
Gm5100,0.0
4930456G14Rik,0.087
Gm37347,0.295
Gm38070,-1.754
Gm17970,-0.341
Gm37435,0.0
Gm5973,0.0
Gm5267,0.0
Gm8176,0.0
Gm37047,0.0
4930420N18Rik,-0.262
Gm23126,0.46
Gm8210,0.0
Gm29610,0.0
Gm29041,0.0
Gm37536,-0.7
Gm38228,-2.182
Gm16103,0.0
Gm19587,0.0
Gm8241,0.0
Gm26352,0.0
Gm15838,-0.027
Gm29247,0.0
Gm15833,-0.04
Gm5700,0.0
Txn-ps1,-0.05
Gm37626,-1.9
Gm16102,0.0
Gm38110,0.517
Gm3489,-0.238
Gm19480,0.0
Gm3496,0.0
Gm5268,-0.069
Gm38211,-1.721
Gm8296,0.0
Gm7063,0.0
Gm8304,0.0
AC109305.1,0.0
Gm23974,0.0
Gm8307,0.0
Gm23984,0.0
Gm28906,0.0
Gm5526,-0.093
Gm18303,0.0
Gm9496,0.0
Rpl23a-ps1,0.0
Gm3852,0.0
Stk-ps2,0.332
Gm18849,-0.217
AC122879.1,0.0
Gm8326,-0.138
Gm37393,-0.738
Gm28527,-0.145
Gm28825,0.0
Gm4852,0.0
Gm38090,0.0
Mir6350,0.0
Gm18117,0.0
Gm37196,0.0
Gm8337,0.112
Gm19206,0.0
Gm5974,0.0
Gm23240,0.0
Gm28830,0.0
Gm8354,0.0
Gm19124,0.0
Gm8357,0.0
Gm28740,0.0
Gm8367,0.0
Gm6757,0.0
Gm3605,0.0
Gm28388,0.0
Gm8384,0.0
Gm8391,0.0
Gm20118,0.0
Gm5253,-0.143
Gm37535,-1.159
Gm8419,0.0
Gm8420,0.432
Gm28177,0.0
Gm3940,-1.323
Gm18301,-0.115
Gm5975,0.0
Gm23460,0.0
Gm5976,0.0
Rps27a-ps1,-0.511
Gm53065,0.0
Gm5527,-0.259
Gm37242,0.205
Gm28650,0.0
Gm16107,0.0
Gm24349,0.0
Gm28778,0.0
Gm28551,0.706
Gm18800,-0.198
Gm50478,0.0
Gm28779,0.0
Gm6799,0.0
Gm6801,0.0
Gm37863,-0.374
Mir7681,0.0
Gm24251,0.0
Gm37633,0.627
AC124175.1,0.0
Gm36955,-1.101
Gm19637,0.0
Gm37370,-0.829
A130048G24Rik,-2.974
E330011M16Rik,-1.057
Gm17971,-1.553
Gm5147,0.0
Gm16581,0.0
Gm6822,-0.361
Gm8292,-1.063
Btf3-ps17,0.0
Gm8531,0.0
Gm38056,-1.698
Gm6644,-0.305
Gm37382,-0.299
Gm36986,0.0
Gm28900,0.0
Gm4081,0.0
Gm5254,0.0
Gm22371,0.0
Gm8581,0.0
Gm37373,0.036
Gm17929,0.0
AC109807.1,0.0
AC112971.1,0.0
Gm24548,0.0
Gm37607,0.799
AC118698.1,0.775
Gm29389,0.0
Gm18802,0.0
Cbx3-ps7,0.0
Gm20257,0.281
Gm28803,0.0
Gm3841,-0.244
Gm37760,-0.301
Gm28802,0.0
Gm25502,0.0
Gm19125,0.0
Gm37737,-0.59
D430013B06Rik,-2.53
Gm29596,0.117
Snord70,0.0
Gm26293,0.0
Gm26287,0.0
Snord11,0.0
Gm38125,-0.471
Gm37977,-0.224
Gm37531,-1.398
Gm18829,0.322
Gm15464,-1.026
Gm29332,0.0
6030460B20Rik,0.215
Gm11575,-0.32
Gm11576,-0.542
Gm11578,1.092
Gm38388,0.0
Gm11577,0.0
Eif4a-ps4,-0.047
Gm37198,-3.339
Gm11609,-0.415
Gm11581,0.531
Gm38137,-0.67
Rpl18-ps1,-0.671
Gm11582,0.0
Gm37039,-1.041
Rpl17-ps1,-1.178
Gm11590,0.0
Gm11591,0.0
Gm36943,0.0
Gm28094,0.0
Gm37205,-0.862
Gm38012,-1.156
Gm38278,-0.468
Gm38075,0.422
Gm29640,0.0
Gm29641,0.0
Gm38351,0.176
Gm11600,0.0
Gm11599,0.063
Gm37121,-0.429
Gm44468,0.0
Gm24942,0.0
Rps13-ps7,0.609
Rps27-ps1,0.0
Gm26457,0.0
Snora41,-0.344
1700039I01Rik,0.0
AL669947.1,0.0
Gm11606,0.0
Gm11605,0.302
Gm22281,0.0
Gm12748,0.0
Gm13751,0.596
Gm13754,0.146
Mir6899,-0.177
Gm13750,0.269
Gm28980,0.0
Gm38058,-0.153
Rpl31-ps24,0.0
Rpl10a-ps1,-0.567
Gm24788,0.0
Gm8550,0.0
Gm7329,0.054
Gm28845,0.0
Gm28927,0.0
Gm28926,0.0
Gm28925,0.0
Gm28923,0.0
Gm28922,0.0
AC166985.1,0.0
Gm28728,0.0
Gm5255,0.0
Gm8805,-0.279
Gm8809,0.0
Gm15659,0.0
Gm8812,0.0
Gm24729,0.0
Gm25411,0.0
Gm37181,-0.538
Gm37570,-3.076
Gm38387,-0.444
Gm38162,-1.414
Gm15789,1.06
6820402A03Rik,-1.551
Gm37285,-0.833
Gm37755,-0.558
Gm38218,-0.179
Gm15793,0.166
Gm27934,0.0
Gm25832,0.0
Rpl31-ps14,-0.161
Gm15826,0.0
Gm26342,0.0
Kif22-ps,0.0
Gm37957,0.0
Gm37100,0.0
AC138285.1,0.0
Gm15670,0.0
Gm25542,0.0
Gm19335,0.0
Gm37735,-0.279
Gm37769,-0.061
Gm37061,-0.331
Gm8840,0.0
Pced1c-ps,0.0
Gm37930,-0.239
Gm23879,0.0
Gm28580,-0.243
Gm38272,0.0
Gm37456,0.0
Gm23422,0.0
AC157794.1,0.0
Gm16236,-0.283
Gm8870,-0.075
Gm6947,0.0
Gm5829,-0.335
Gm5256,0.0
Gm37217,0.0
Gm5528,-0.465
Gm8885,-0.309
AC120136.2,-0.203
AC120136.3,0.0
AC120136.4,0.0
AC120136.1,0.461
Marchf4,0.48
Gm15843,0.321
Gm18035,0.0
Gm45859,0.0
Gm38106,0.0
Gm29184,0.0
Gm9553,0.0
Mir6351,0.0
Mir1928,0.0
AC113473.1,0.0
Gm37503,0.378
Gm37931,0.284
Mir26b,0.0
Gm37733,-1.586
Mir375,0.0
Gm37744,-0.18
Gm29253,1.391
Gm50472,0.0
Gm37264,-0.114
Gm15181,0.0
Gm15183,0.0
Gm15180,0.0
Gm15182,0.0
Gm5257,0.0
Gm29068,0.0
Mir6343,0.0
Gm38265,0.0
Mir6352,0.107
Gm28385,0.0
Gm26263,0.0
Gm2102,-0.696
Gm37884,0.226
Gm28995,-0.206
4833412K13Rik,-1.689
FO082332.1,0.0
Gm6159,-0.126
Gm5830,0.0
AC166333.1,0.0
Gm19027,0.0
Gm24160,0.0
Gm37886,0.0
Gm10555,0.222
Gm5529,0.0
Gm28071,0.0
Gm28058,0.0
AC083817.1,0.0
Gm38339,0.0
Gm37932,-0.844
Gm37902,-1.293
Gm37262,-1.746
Gm6189,-1.074
Gm37645,-1.636
Gm38062,-2.886
A630081D01Rik,-2.333
Gm29124,0.0
Gm28066,0.0
Gm37210,0.0
Gm6198,-0.088
Gm5530,0.0
Gm7516,0.0
Gm37114,0.0
Mir6344,0.0
Gm19552,-1.434
Gm19257,0.0
Gm36999,-0.744
Gm17764,0.0
Gm7553,0.0
Gm7539,0.0
Gm29518,0.0
Gm29519,0.0
Gm6244,0.0
Gm6374,0.0
Gm37517,-0.105
Gm37989,0.0
Gm24555,0.0
Gm37058,0.12
Gm18304,0.0
Mir6353,0.0
Gm37959,1.048
Gm37925,1.544
Mir5126,0.0
Gm38374,-3.092
Gm37738,-1.875
Gm15433,0.0
Gm29284,0.0
Rpl19-ps1,0.727
Gm7582,0.0
Gm53056,0.0
Gm2389,0.0
Gm18342,0.0
Gm16038,0.0
Gm52951,0.0
Gm6264,-0.181
Gm52950,-0.472
Gm7609,-0.968
Gm16026,-0.37
Gm2619,0.0
Gm7281,0.0
Gm52955,0.0
Gm2427,0.0
Gm7592,-1.025
AC147806.1,0.0
Mir8096,0.0
Gm18180,0.936
Gm22786,0.19
Gm37914,-1.363
Gm21972,-0.279
Gm5258,0.763
Gm28627,0.0
Snora75,0.0
Mir3535,0.495
Snord82,0.0
Gm45908,0.0
Rpl30-ps6,-0.157
Gm37152,-0.422
Gm37022,-0.349
Gm29097,-0.265
Gm37485,-1.142
Gm38142,-1.532
Gm38010,0.377
Gm37541,0.46
Gm38021,-1.987
Gm6136,0.327
Gm37967,-0.724
Gm37017,0.992
Gm37447,-1.176
Akp-ps1,-1.038
Gm29372,0.0
Gm26187,0.0
AC158961.1,0.0
Gm17181,0.0
Gm6153,0.0
Gm25395,0.103
Scarna6,0.0
4833421G17Rik,-2.524
Gm38365,-1.856
Gm5832,0.281
Gm15375,0.0
Gm52970,0.0
Gm52971,0.0
Gm15373,0.0
Gm15372,-0.161
Gm15370,0.0
Gm15369,0.0
Gm15374,0.0
Gm15371,0.0
Gm52972,0.0
Gm15368,-0.781
Gm15376,0.752
Gm38130,0.184
Gm29335,1.563
Gm4753,0.0
Gm18699,0.0
Gm38312,-0.549
Gm5259,0.0
Gm37297,-0.507
Gm37521,0.173
Gm38277,0.0
Gm35048,-0.664
Gm36970,-0.684
4930474B08Rik,0.0
Gm7776,-0.082
Gm7785,-0.73
Gm28381,0.0
Gm19085,0.603
Gm37600,-0.1
Gm37048,-0.142
Gm37036,-1.333
Gm7837,0.548
Mir6900,0.0
Gm28478,0.0
Gm44098,0.0
Gm44099,0.0
Mir149,0.0
AC131059.1,0.0
Gm18697,0.05
Mir6901,0.0
Gm7867,-0.773
Mir6902,0.0
Mir6345,-0.412
Gm26446,0.0
Gm17415,0.127
Septin2,-0.923
Gm37250,0.231
Gm22089,0.0
Gm18666,0.0
Gm7889,0.0
Gm7891,-0.049
Gm7895,0.043
Gm23389,0.0
Gm23181,0.0
Gm5264,0.0
BC055308,-0.388
Gm15427,-0.909
AC102483.1,0.0
Gm37642,-1.661
Gm37761,0.0
AC158229.1,0.0
Gm37076,0.0
AC124172.1,0.0
Gm1833,0.41
Gm26078,-0.056
Slco6b1,0.0
Gm9499,0.0
Gm6430,-0.062
Gm7133,0.0
Gm7135,0.0
Gm37171,-0.071
Macir,-0.018
Gm53038,1.396
Gm37140,0.568
Btf3-ps1,0.535
AC157923.1,0.0
Gm7952,0.0
Gm29462,0.0
Gm3555,0.143
Gm29460,0.766
Gm23434,0.0
Gm18248,0.0
Prdx2-ps1,1.066
Gm37877,0.134
Gm19029,0.0
Gm23602,0.0
Gm29668,0.0
Gm29667,0.0
Gm18700,0.0
Gm18185,0.0
Gm29334,0.0
Gm28801,-0.289
Psmb6-ps2,-0.227
AC164418.1,0.0
Gm18969,-0.306
Gm28188,-0.196
Gm24122,0.0
Gm28623,0.0
Gm23036,0.0
Gm53054,0.0
Gm20281,0.0
Gm22034,0.0
Gm18728,0.0
Gm23965,0.0
Gm29141,0.0
Gm37789,-0.723
Gm18447,0.0
Gm29140,0.0
Gm5260,0.0
Gm29592,0.0
Gm29011,-0.328
Gm38031,-2.02
Gm36969,-1.054
Gm29013,-0.808
Gm29014,0.0
AC124553.1,0.0
Capza1-ps1,-1.565
Gm20302,-0.368
Gm8004,0.0
Gm37566,-0.336
Gm10193,0.0
Gm37779,-0.025
AC132123.1,0.0
Gm18801,0.0
Gm37372,0.272
Gm26509,0.302
Gm38235,-1.058
Gm6651,0.0
Mir3473f,0.174
Gm37053,-0.489
Pou2f3-rs1,0.0
Gm8080,-0.022
Gm15388,-0.233
Gm8084,0.0
Gm15390,-0.38
Gm8089,0.755
Gm24553,0.0
Serpinb10,-0.517
AC110090.1,0.0
Gm22438,0.0
Gm18448,0.0
Gm28282,0.0
Gm5702,0.0
Gm38212,0.0
Gm28283,0.0
Gm6679,0.0
Gm17847,0.0
Gm28281,0.0
Gm22159,0.0
Gm8141,-0.64
Gm18552,0.0
Gm3332,0.0
Gm6693,0.0
Gm38255,-2.636
Gm36944,-2.022
Gm19927,0.0
Gm8173,-0.573
Gm37934,0.0
Gm6028,0.055
Gm17752,0.0
Gm6717,0.0
Gm19086,0.0
Gm18406,-0.366
Gm22331,0.0
Gm8204,0.0
Gm28190,0.0
Gm17946,0.0
Gm18181,0.0
Gm4854,0.0
Gm17916,-0.559
Gm28263,0.0
Gm17777,0.0
Gm24030,0.0
Gm28361,0.0
Gm28362,0.0
Gm28359,0.0
Gm18182,0.0
Gm28169,0.0
Gm7195,0.0
Gm28358,0.0
Gm29489,0.0
Gm29490,0.0
Gm29104,0.0
Gm7200,0.0
Gm26080,0.0
Rnu4atac,0.0
Gm28466,0.0
Gm28882,0.0
Gm23497,0.0
Gm28467,0.0
Mir6346,0.0
Gm8321,0.0
Gm3508,0.175
Gm29454,-0.222
Gm25322,0.0
Gm37219,-0.186
Gm3851,-0.113
Gm37745,-1.014
Gm29657,0.0
Gm8338,0.0
Gm29658,0.0
Gm3551,-0.096
Gm17973,0.0
Gm29344,0.0
Gm37043,0.0
Gm38283,-0.225
Gm37174,-0.834
Gm15393,-0.349
Gm8217,0.0
Gm28591,0.0
Gm37920,-1.727
Gm15394,0.0
Gm8392,0.0
Gm24547,0.0
Gm36982,0.0
Gm25771,0.0
Gm29192,0.0
Gm37970,0.0
Gm8403,0.0
Gm28911,0.0
Gm20058,0.0
Gm28912,0.0
Gm37478,0.0
Gm37221,0.0
Gm24791,0.0
Gm37066,-0.125
Gm37781,-0.146
Gm37396,0.447
Gm38263,-0.12
Gm28929,0.0
Gm18875,0.0
Gm37551,0.0
Gm38073,0.164
Gm25578,0.0
Gm28299,0.0
Gm37717,-0.169
Gm18444,0.0
Gm37161,0.0
Gm37936,-0.203
Gm38177,-0.637
Gm5261,0.0
Gm37772,-1.181
Gm37510,-1.719
Gm8451,-0.913
Gm23370,-0.851
Gm23734,-0.275
Gm38301,0.05
Gm38248,-1.01
Rpl28-ps1,-0.182
Gm37625,0.153
Gm38026,-0.452
Gm29383,-0.281
Gm37588,-0.374
Gm37868,0.329
Gm37407,-0.018
Mir128-1,0.0
Gm23902,0.0
Gm29598,0.0
Gm29597,0.0
Gm25384,0.0
Gm6170,-0.134
Gm29599,0.842
Gm23056,0.0
Gm38240,0.066
Gm38330,0.0
Gm36951,-0.421
Gm15790,0.157
Rpl31-ps9,-0.254
Gm37479,-0.147
Gm37064,0.1
Gm37278,0.0
Gm29428,0.0
Cd55os,0.0
Gm37109,0.093
Gm37283,-0.052
Gm23623,0.0
Gm29427,-1.153
C4bp-ps1,0.0
Gm37163,-0.183
Gm25549,0.0
Gm37084,-1.078
Gm17796,-0.098
Gm38262,-0.779
Gm37954,-0.19
Gm29487,-0.354
Gm8532,0.0
Gm29105,-0.413
Gm38067,-2.344
Gm37676,-0.509
Gm29103,0.0
Gm37120,-0.873
Mir135b,0.0
Gm7241,0.0
AC160545.1,0.0
Gm22609,0.0
Gm38308,0.0
Gm29257,-0.53
Gm26616,-1.323
Golt1a,0.279
Gm8596,0.0
Gm23939,0.0
Mir6903,0.0
Gm37368,-0.151
Gm10537,0.0
Gm18970,0.0
Gm38140,-1.387
Gm8618,-0.121
AC124110.1,-0.194
Mgat4f,-0.071
Gm37935,-0.061
Gm25612,0.0
Gm15454,-0.168
Tuba5-ps,0.0
Gm37949,0.228
Gm37677,-0.336
AC117827.1,0.0
mmu-mir-5104b,0.0
Ptprv,-0.83
Gm4204,-0.097
Mir1231,0.0
2610012C04Rik,0.637
Gm37333,0.151
Gm28883,0.455
Gm36938,0.0
Gm37014,0.0
Gm29486,0.0
Gm29485,0.0
Gm24086,0.0
Mif-ps1,0.0
Gm29718,0.0
Gm17781,0.0
Gm23763,0.0
Gm25609,0.0
Gm37057,0.0
1700006P03Rik,0.0
Gm23534,0.0
Gm37903,0.15
Gm22727,0.0
Gm37099,-0.992
Gm37293,0.0
Gm37298,-4.769
Gm37124,-3.472
A130050O07Rik,-4.784
D130019J16Rik,-4.466
Gm37534,-4.869
Mir181a-1,0.0
Mir181a-1hg,-4.063
Mir181b-1,0.0
Gm37632,-2.819
A130071D04Rik,-2.975
Tent2-ps2,0.0
1700113B19Rik,-0.03
Gm28500,0.0
Gm37080,0.096
Gm37101,-1.421
Gm8790,0.0
Gm3933,0.0
Gm37045,-0.553
Gm37423,-1.832
Gm18553,0.0
Gm16305,-0.339
Gm37470,-0.496
Gm43544,-1.008
Gm37655,0.534
Gm16304,0.0
Gm37718,-1.006
Cfhr3,0.0
AL837518.1,0.0
Cfhr4,0.0
AC115748.1,0.0
Gm16332,0.0
Gm5837,-0.734
Gm5834,0.0
Gm38266,-0.151
Gm26048,0.0
Gm38019,-0.135
Gm37777,-0.08
Gm37371,0.0
Gm4845,0.0
AC109806.1,0.0
Gm37599,0.0
Gm37142,0.0
Gm37604,0.0
Gm18183,0.0
Gm28724,0.0
Gm37796,0.0
Gm5835,-0.593
AL592433.1,0.0
Gm6397,-0.387
Gm25663,0.0
Rbm6-ps2,0.0
Gm7266,-0.231
Gm8856,0.0
Gm22681,0.0
Gm6550,0.0
Gm5262,-0.07
Gm25460,0.0
Gm28392,0.0
Gm38269,0.0
Gm5263,-0.052
Gm38187,-0.535
Gm15583,0.0
Gm37749,-0.287
Gm9931,0.0
Gm17867,0.0
Gm38284,0.36
Gm29516,0.0
Gm22966,0.0
Gm19891,0.0
Gm18505,0.0
Gm4034,-1.27
Gm29022,0.0
Gm5703,0.0
Gm15443,-0.464
Gm18751,0.0
Gm18701,0.111
Gm37630,0.0
Gm38189,0.0
Gm37096,0.0
Gm37775,-0.319
Gm23535,0.0
Gm19136,-0.268
Gm9687,-0.844
Rbm3-ps,-0.831
Gm4322,0.0
Gm37764,0.138
Ska2l-ps,0.0
AC139129.1,0.0
Gm37671,0.0
Gm19087,0.0
Gm8941,0.0
Mir7682,0.0
Gm37893,-1.285
Gm36527,-2.332
Gm29072,-0.208
Gm19503,-0.13
Niban1,-1.024
Gm25279,-0.401
Gm8964,0.0
Gm38238,0.775
Btf3-ps14,-0.378
Gm7278,-0.766
1700040K01Rik,0.0
Gm8976,0.187
Gm38009,-1.751
Gm8818,-1.835
Gm25588,0.0
Gm37669,0.0
Gm6652,0.0
5530400K19Rik,0.0
Gm38352,-0.238
Mir8114,-0.055
Gm25336,0.0
Gm18727,0.0
Gm29441,0.0
Gm8850,-1.796
Gm37089,0.0
Gm37539,0.587
Gm38038,0.0
Gm36934,0.0
Gm37383,-1.068
Gm23744,0.0
Gm9694,-1.184
9430034N14Rik,-1.616
Gm38113,0.0
A430050A11Rik,-2.36
Gm37648,-0.744
Csnk2a1-ps3,0.046
Gm38043,-1.011
Gm19918,0.0
Gm15428,0.0
Gm28693,-0.549
Gm37802,-1.364
Gm37943,-1.612
Gm10531,0.0
Gm30694,0.0
Gm37788,-0.085
Gm37578,-0.55
Gm6058,-0.181
Gm37060,-0.337
2810025M15Rik,0.392
Gm37682,0.0
Gm7412,0.0
Gm37713,0.0
Gm38213,0.0
Gm38256,0.0
AC100539.1,0.0
Gm37861,-0.244
Mir488,0.0
Gm37367,0.03
Gm37848,-0.025
Gm4953,0.0
Gm7430,0.0
Gm37115,-1.768
Gm37088,0.0
Mir1843b,0.0
Gm31256,-0.278
Gm37757,0.0
Gm37731,0.464
Gm24719,0.0
4933417C20Rik,-2.007
Mir1927,0.0
9430087J23Rik,-0.744
Gm37212,-0.506
Gm37215,-0.695
Gm38302,-1.292
6720464F23Rik,-0.368
Gm23528,0.0
Gm37873,0.22
Gm38329,-0.254
Gm38126,-0.953
Gm24988,0.0
Gm6177,0.0
Gm37052,-1.072
Gm37809,-1.311
Gm37653,-1.233
AC119204.1,0.103
Gm37729,1.287
Gm37072,0.973
Gm26224,0.0
Gm22489,0.0
Gm22357,0.0
Gm23212,0.0
Snord78,0.0
Gm50452,0.0
Snord80,0.0
Snord47,0.0
Gm25789,0.0
Gm6185,-0.92
Gm19057,0.0
Gm37638,-0.096
Gm15429,0.0
Gm5049,-0.146
Gm37357,-0.261
Gm7496,-0.007
Gm37767,0.027
Mir199a-2,0.0
Mir214,0.0
Gm16101,0.0
Gm10176,-0.267
Gm5705,0.0
Gm27616,0.0
Gm22671,0.0
Gm37049,0.0
Gm22434,0.0
AC116817.1,0.0
Gm37644,0.086
Gm24940,0.0
Rpsa-ps1,-0.828
AC116420.1,0.0
Gm2343,-0.169
Gm37119,0.0
Gm16588,0.0
mmu-mir-12178,0.0
Gm37411,-0.383
Gm37732,0.0
D630023O14Rik,-0.3
Gm37403,-0.266
Gm16550,0.0
Gm38368,-0.129
Gm24637,0.0
Gm37860,-0.44
Gm18186,0.402
Gm38210,0.0
Gm37559,0.112
Gm18407,0.0
Gm34767,0.0
AC090495.1,-3.276
Gm32999,-1.308
Gm37856,-1.492
Gm17976,-1.034
Gm7626,-0.422
Gm16418,-0.098
Gm33354,0.0
Gm4954,0.0
Gm37904,-0.144
Gm6286,-0.18
Gm17868,0.0
Gm37994,-0.139
Mir6347,0.0
Gm37232,-0.06
AC113970.1,0.0
Gm37524,-0.152
Gm38381,0.162
Mir6348,0.0
1700063I16Rik,0.0
Mir6354,0.0
Gm5265,0.0
Gm18900,0.433
Gm36980,0.0
AC115766.1,0.0
Gm37586,0.0
Gm6345,0.65
Gm7299,-0.69
AC113490.2,-0.362
AC113490.1,-0.088
Gm2962,-0.256
Gm37030,-0.071
Gm26110,0.0
mmu-mir-6546,0.0
Rpl27-ps1,-0.726
Gm25151,0.0
Gm37154,-0.92
Gm37097,-0.409
AC083892.1,0.0
Gm9765,0.0
Gm37450,0.0
Mir7683,0.0
Gm37981,0.0
Gm37010,-1.043
Tma7-ps,0.0
Gm37693,0.0
Gm19030,0.0
AC091521.1,0.0
Gm38164,-1.652
Gm10171,0.0
Gm37145,0.0
Gm7804,0.0
Gm37125,0.45
Gm2710,-0.134
Gm38051,0.0
Gm24817,0.0
9430083B18Rik,-0.32
Gm26077,0.0
Gm42472,0.0
Gm42475,0.0
Olfr1409-ps1,0.0
Olfr1407-ps1,0.0
Gm18752,0.0
Gm7871,-0.232
Ifi203-ps,-1.524
Gm7897,-0.099
Gm38050,0.0
Gm18445,-0.299
Olfr431-ps1,0.0
Olfr428-ps1,0.504
Olfr1566-ps1,0.0
Olfr258-ps1,0.0
Olfr421-ps1,0.0
Gm43440,0.0
Olfr416-ps1,0.0
5730408A14Rik,1.983
Gm25560,0.0
AC122854.1,-0.114
Gm37668,-0.079
Gm38081,0.706
Gm37916,0.0
Gm17965,0.0
Gm38152,-0.49
Gm17966,-0.154
Gm26104,0.0
3110062G12Rik,-0.637
Gm38104,-0.726
Mir350,0.0
Gm38158,-0.221
Gm38053,0.0
Gm37246,-0.538
Gm37490,-0.512
Gm37519,-0.181
Gm37960,0.142
Gm37106,0.092
Gm37598,0.021
Gm38146,0.434
Gm37706,0.083
Gm37463,-0.455
Gm38328,0.0
mmu-mir-12179,0.0
Gm37858,-0.936
Gm16585,-1.233
Gm37313,0.0
AC113044.1,0.0
Gm8010,0.0
Gm8023,-0.393
Gm37486,-0.846
Gm38300,0.473
Gm24919,0.0
Gm24405,1.218
Gm34176,0.359
Gm5561,-0.433
Gm15480,0.0
Gm37070,0.098
Gm38169,0.649
Gm38331,-0.399
Gm5069,0.827
Gm37033,-2.716
Gm37390,-2.871
Gm36933,-2.96
Gm37984,-0.518
Mir6904,0.0
Gm8101,-0.289
Gm24836,0.0
Gm20305,0.0
Gm18036,-0.16
Gm36961,0.0
Gm37431,0.0
Gm37086,0.08
Gm17967,0.206
Gm6606,-0.124
Fgfr3-ps,-0.56
Rpl35a-ps2,0.0
Gm8146,-0.084
2900069G24Rik,0.0
Gm16547,0.0
Gm16539,0.0
Gm37664,0.0
Gm23690,0.0
2700078F05Rik,-0.016
Gm38359,0.609
Gm37018,0.753
Gm37258,0.535
Gm37177,0.0
Gm17968,-1.141
Gm5706,0.0
Gm10517,-1.229
Gm37069,0.491
Gm8197,0.0
Gm37516,0.0
Gm37542,0.0
BC085271,-2.619
Fam177b,0.0
Gm37339,-0.084
Gm8214,0.0
Gm38332,-0.066
2900092O11Rik,0.0
Gm23349,0.0
Rpl21-ps1,-0.31
Gm38358,-0.292
Mtarc1,1.006
Mtarc2,-0.12
Mir1981,0.0
Mir664,0.0
Mir194-1,0.0
Mir215,0.0
Gm37785,-0.493
Gm52958,-0.157
5033404E19Rik,0.949
Gm9722,0.0
Gm38268,0.0
Gm37272,0.0
Gm37491,0.0
Gm26169,0.0
Gm37849,0.415
Gm3809,-0.18
Gm19058,0.0
Gm15508,0.0
Gm43497,0.0
Gm43496,0.172
Gm37254,-0.414
Gm37929,0.0
Gm52967,0.0
Gm38315,0.266
Gm25095,0.0
Gm25269,0.0
Gm37178,0.0
Gm18698,0.0
AC121882.1,0.0
Pdcd5-ps,0.192
Gm38122,0.0
Gm37239,-0.12
Gm30280,-0.249
Gm38245,0.344
Gm23153,0.0
Gm37095,-0.717
Gm8407,-0.903
Gm37074,0.685
Gm2272,-0.178
Gm37688,0.0
9430037O13Rik,-1.849
Gm37349,-0.978
AC157810.1,0.0
Gm26203,0.0
Gm20203,0.0
Gm32460,0.0
Mir3473c,0.0
Gstp-ps,0.355
Gm37055,0.0
AL365317.1,-0.061
Gm38360,0.0
A730013G03Rik,-0.595
Gm2367,-0.193
Gm37103,0.0
Gm38118,-1.83
Gm37691,-0.063
Gm37942,0.0
Gm38022,0.0
Gm38322,0.0
Mir205,0.0
Gm21362,0.0
Gm37783,-1.128
Gm37674,-0.77
Gm38036,-0.733
2900035J10Rik,-1.01
Gm19777,0.0
Mir3962,0.0
Gm37334,-0.971
9630010A21Rik,-0.001
Mir29b-2,0.0
Mir29c,0.0
Gm37366,0.045
Gm37132,-0.172
Gm37887,0.0
Gm38046,0.0
Gm38194,0.0
Gm37392,0.134
Gm22005,0.46
Gm13186,-0.153
Gm13182,-0.354
Gm13183,-0.004
Gm13181,0.0
Gm2639,0.273
Gm13188,0.0
Gm23691,0.0
Gm13196,0.0
Gm13176,0.0
Gm13194,0.0
Gm13193,0.0
Gm13192,0.0
Gm13198,0.0
Gm23118,0.0
Gm13197,0.0
Gm13216,-0.578
Gm13384,0.0
1700014B07Rik,-0.224
Gm38386,-0.612
Gm37340,0.0
Gm24340,0.0
Gm13210,0.0
Gm13254,0.0
Gm13255,0.0
Gm13217,-0.689
Gm13221,0.0
Gm13220,0.0
Dreg1,0.0
Gm37866,0.236
C630004M23Rik,-0.388
Gm23608,-0.243
Mir466m,0.0
Mir466f-1,0.0
Mir669f,0.0
Mir669e,0.0
Mir669b,0.0
Mir669d,0.0
Mir466f-2,0.0
Mir669l,0.0
Mir669d-2,0.0
Mir466f-3,0.0
Mir297a-2,0.0
Mir466o,0.0
Mir467c,0.0
mmu-mir-466b-1,0.0
Mir669a-3,0.0
mmu-mir-669k,0.0
mmu-mir-467a-1,0.0
Mir466b-8,0.0
mmu-mir-669a-1,0.0
Mir669g,0.0
mmu-mir-669j,0.0
mmu-mir-467a-2,0.0
mmu-mir-466e,0.0
mmu-mir-669a-4,0.0
mmu-mir-467b,0.0
mmu-mir-466c-1,0.0
mmu-mir-467a-3,0.0
mmu-mir-669p-1,0.0
mmu-mir-466b-2,0.0
Mir466b-3,0.0
Mir467e,0.0
Mir466p,0.0
Mir467d,0.0
Mir466,0.0
Mir297c,0.0
Mir669c,-0.152
Mir669a-2,0.0
Mir297b,0.0
Mir466d,0.0
Mir669m-1,0.0
Mir669m-2,0.0
Mir466n,0.0
Mir669o,0.0
Mir466g,0.0
Mir466h,0.0
Mir297a-3,0.0
Mir466l,0.0
Mir297a-4,0.0
Mir669i,0.0
Mir669h,0.0
Gm18547,-0.18
Gm13265,0.0
Gm13263,0.0
Gm37343,0.0
Gm23877,0.0
Gm26478,0.0
Gm13297,0.0
Gm13294,0.0
Gm36932,-3.848
Gm37520,-2.089
Gm37766,-2.221
Gm37851,0.299
Gm37730,0.204
4933403L11Rik,0.0
Gm13292,0.0
Gm13296,0.0
Gm37975,-0.815
Gm13260,0.0
Gm37881,-0.875
Gm34768,0.0
Gm13310,0.0
Gm37701,0.0
Gm37289,-0.842
Gm37255,-0.978
Gm38014,-0.499
Gm13321,0.0
AL929209.1,0.0
Gm37824,-0.478
Gm37811,-0.543
Gm37356,-0.267
Gm37742,-0.461
Gm38156,-0.037
Gm37780,-1.27
Gm37160,0.425
D930036K23Rik,0.51
Gm37894,-0.957
Gm37499,0.018
Gm13320,0.587
Mir511,0.0
Gm37697,-0.2
Gm10849,0.0
Gm38105,-0.053
Gm13268,-0.213
Gm13312,0.0
2900092N22Rik,-0.404
Gm13314,0.0
Gm13311,0.0
Gm37006,-0.079
Gm13315,0.0
Gm38273,-0.074
Gm13316,0.0
Gm37437,-0.292
Gm37891,-0.193
Gm36930,0.237
Gm38257,-2.065
Gm13313,-0.262
Gm13367,0.0
Gm13366,0.0
Gm13365,0.0
Gm13368,0.0
Gm37595,-0.174
AL845417.1,0.0
Gm6587,0.0
Gm37416,0.0
Gm13326,0.0
Gm13325,0.0
Mir6419,0.0
Gm13323,0.059
Gm13329,0.0
Mir7655,0.0
Gm25147,0.0
Gm13351,-0.615
Gm13350,-0.368
Gm13349,-1.662
Gm13353,0.0
Gm13355,-0.08
Gm13352,-0.112
Gm13333,-0.221
Gm13332,0.0
Gm13345,0.0
Gm13343,0.0
Gm13347,0.0
Gm24670,0.0
Gm13361,0.417
Gm13363,0.0
Gm13360,0.0
Gm13328,0.96
AL845528.1,0.0
Gm13377,0.0
Gm13378,-0.748
Gm13379,0.473
AL772387.1,0.0
Gm24886,0.0
Gm13337,-0.064
Gm13342,0.0
Gm13341,-0.479
Gm13340,-0.582
Gm13339,-0.208
Mir3967,0.0
Gm13338,0.0
Gm13356,0.0
A130006I12Rik,0.165
Gm14441,-0.256
Gm13357,-1.555
Gm13423,-0.024
Potegl,0.032
Gm13422,0.018
Gm38309,0.073
Gm13331,-0.279
Sh3d2c-ps1,0.0
Gm13392,-0.343
Gm13410,-0.17
Gm37703,0.0
Gm13409,0.0
Gm27193,0.0
Gm13418,0.0
Gm38383,-0.145
Gm13416,0.78
Gm13459,-0.105
Gm38147,-1.292
Gm37139,-0.831
Gm13370,0.0
Gm13369,-0.088
AL732585.1,0.0
Gm24875,0.0
Mir7664,0.0
Gm53031,0.0
Gm22572,0.0
Mir3087,0.0
Gm13433,-0.128
Gm13432,0.0
Lcn15,0.0
Gm13542,1.085
Mir6996,0.0
Gm13358,0.0
Gm20532,0.0
Mir126a,0.0
Mir126b,0.0
Snora43,0.0
Snora17,-0.111
Gm13359,-0.075
Gm23969,0.0
Gm22879,0.0
Gm24134,0.0
AL773563.1,0.0
Gm13397,-0.441
Mir7578,0.0
Gm25541,-0.058
Rpsa-ps9,-0.834
Gm22675,0.0
Mir3088,0.0
Gm13385,0.0
Gm13386,0.0
Gm13394,0.0
Gm13396,0.0
Mir133c,0.0
Gm13401,0.0
Gm9823,-0.256
AL845323.1,0.0
Mir219a-2,0.0
Mir219b,0.0
Mir6997,0.0
Dync2i2,0.148
Slc39a1-ps,-0.268
Gm28035,-0.569
Gm28038,0.0
Mir3089,0.0
Gm13400,-0.351
Gm22516,0.0
Gm13426,-0.252
Mir6998,0.0
Gm13424,0.0
AL929275.1,0.0
Gm13608,-0.493
Mir7674,-0.253
AL808027.3,0.0
AL808027.2,0.0
Gm13611,0.273
Gm23363,0.0
Mir199b,0.0
AL808027.1,0.0
Gm13413,-0.338
Gm37169,0.0
Gm23369,0.0
Mir1954,0.0
Gm26236,-0.171
Mir8093,0.0
Mir2861,0.0
Mir3960,0.0
Gm24165,0.0
AL845471.1,0.0
Niban2,0.11
Snora65,0.0
Gm38299,0.926
Gm23546,0.0
Gm13537,0.0
Gm38011,0.0
Gm13529,0.0
Gm13407,0.0
Gm13406,0.0
Gm13408,-0.054
Gm13414,0.0
AL929106.1,0.0
Gm13419,0.111
AL929068.1,-1.43
Gm24905,0.0
Gm13450,-0.473
Gm43128,0.121
Glo1-ps,0.313
Gm43761,-0.55
Gm13444,0.0
Gm13445,-0.39
Gm43760,0.283
Gm10829,0.0
Gm43764,0.532
Gm13428,-1.35
Gm43621,-0.288
Olfr334-ps1,0.0
Olfr335-ps,0.0
Olfr336-ps1,0.0
Olfr337-ps1,0.0
Gm13430,0.0
AL929054.1,0.0
Gm47783,0.0
Olfr343-ps1,0.0
Gm13438,0.0
Gm13436,-0.239
Olfr349-ps1,0.0
Btf3-ps9,0.0
Olfr359-ps1,0.0
Gm13439,0.0
Gm13437,-0.398
Olfr363-ps,0.0
Gm13435,0.0
Olfr367-ps,0.0
AL929572.1,0.281
Snord90,-0.175
Gm17893,-0.992
Gm44063,-0.406
Gm13543,-0.457
Mir5128,-0.449
Gm44283,0.352
Gm44443,-0.763
Gm44291,-0.657
Gm25081,-0.065
Gm13588,-0.057
Gm44062,-0.425
Gm35808,-0.438
Gm44183,0.0
Gm13586,-0.913
Adgrd2-ps,0.438
Gm44146,-0.408
Rpl15-ps4,-0.129
Mir181a-2,0.0
Gm44144,-0.212
Mir181b-2,-0.364
5730507A11Rik,0.461
Gm13473,-0.074
Gm13474,0.0
AL844588.1,0.788
Gm18791,-0.078
Gm16523,-1.121
Gm44027,-1.475
Gm13511,-0.392
Gm13504,0.0
Vmn2r-ps2,0.0
AL928639.1,0.0
Gm13506,0.0
Gm13454,0.0
Gm13451,0.0
Gm13452,0.0
Gm43944,0.0
Gm43970,0.0
AL773531.1,0.0
Gm13453,-0.331
Gm13457,0.0
Gm13458,0.0
Gm13455,0.0
Gm24467,0.0
Gm13456,-0.937
Gm13462,-0.056
Gm13460,0.0
Gm13461,2.014
Gm13463,0.0
Mir6336,0.473
AL928809.1,0.0
Gm13464,-0.097
Gm13477,-0.741
Mir5129,0.0
Gm13475,0.0
Gm13478,0.0
Gm13466,0.0
Gm23072,0.0
Gm13469,0.0
Gm25264,0.0
Gm13471,0.0
Gm13482,0.0
Gm25338,0.0
Gm13472,-0.05
Gm13489,0.0
Gm13510,-0.314
Ap2m1-ps,-0.912
Gm13508,-0.448
Gm25215,0.0
Gm13525,1.584
Gm13486,0.377
Gm13488,0.0
Gm13487,-0.571
Gm13484,0.0
Gm13498,-0.536
Gm13500,0.0
Gm23505,0.0
Gm13494,0.0
Gm13491,0.0
Gm13492,0.0
Gm13493,-0.152
Gm13495,-0.357
Gm13521,0.0
Gm13541,0.0
Bloc1s2-ps,0.0
Gm13548,-0.483
Gm25898,0.0
Gm13501,0.0
Gm13503,0.0
Idi1-ps1,0.458
Gm23315,0.0
Gm22298,-0.25
Gm13505,0.0
Gm14035,0.0
Gm14034,0.0
Gm24549,0.0
Gm25489,0.0
Gm14032,0.0
Gm13517,-0.084
Gm13615,0.0
Gm13518,0.0
Mir195b,0.0
Gm13527,0.0
Gm13526,-0.122
Gm13535,-1.89
Gm13531,0.0
Gm13532,-0.049
Gm13533,0.0
Gm25388,0.0
Gm13534,-0.284
Gm13545,0.0
Gm17409,0.0
Gm13559,0.058
Gm13560,0.0
Gm13557,0.0
Gm13550,-0.293
Gm13551,-0.303
Gm13549,0.0
Gm13552,0.0
Gm13574,-0.688
Gm13570,-1.072
Ldha-ps,0.0
Marchf7,-0.918
Rpl10a-ps4,-0.995
Gm13566,0.0
Gm13567,-0.092
Gm13579,0.0
Gm13581,0.0
BX322625.1,0.0
Gm13626,0.0
Gm13555,0.0
Gm13590,-0.775
Gm22020,0.0
Gm52982,0.0
BX293558.1,0.0
Gm13577,0.0
Gm13576,0.0
Gm13578,0.0
AL935171.1,0.0
Gm13592,0.437
Gm13593,0.0
Mir6337,0.0
Gm24138,0.106
Gm52953,0.0
BX284648.1,0.0
Gm13616,0.0
Rpl35-ps1,-0.197
Gm13627,0.504
Gm13600,0.0
Gm13602,0.0
Gm23328,0.0
Mir7224,0.0
Gm13604,-0.154
Gm13603,0.0
Mir6335,-0.067
Gm37964,1.06
Gm13607,0.699
Gm13597,0.0
Gm49461,-0.39
Gm13612,-0.22
Gm37159,-2.132
Gm38236,-1.168
Gm37651,-1.65
Gm37747,-1.577
Gm37666,-1.394
Gm38377,-1.236
Gm13614,0.0
Gm13622,-0.98
Gm13623,1.083
Gm13624,0.0
Rpl9-ps7,0.144
Gm37026,-0.149
Gm16510,0.0
Gm13633,0.0
Gm13641,-0.886
Gm13642,0.0
Gm13739,-0.118
Gm26408,0.0
Rpl36a-ps4,-0.537
Rps13-ps8,0.0
Eif1-ps3,0.0
Pex13-ps,0.0
Ak3l2-ps,0.0
Hspe1-ps5,0.0
Gm13665,-0.717
Gm13666,-0.193
Gm13664,0.0
Gm13640,0.0
Gm13668,0.301
AL929455.1,0.279
AL929455.2,0.0
Mrpl23-ps1,0.121
AL928644.1,0.0
Gm13672,0.0
Gm28309,0.0
Mir10b,0.0
Gm28230,-0.174
Gm14425,-0.486
Gm14427,-0.23
Rps6-ps4,0.299
Gm13653,-0.886
Gm18494,0.0
Gm37243,0.0
Gm13655,0.0
Gm24574,0.103
Gm13669,0.0
Gm13670,-0.238
AL928867.1,0.0
Gm13650,-0.352
Gm13651,0.0
Gm13649,0.0
Gm13726,-0.136
Gm14460,0.0
Gm14464,-0.621
Gm14463,0.0
Gm17014,0.0
Gm37004,0.0
Gm14466,0.0
Gm14469,0.0
Gm14465,0.0
Gm22606,0.0
Gm13673,0.0
Gm13674,0.829
Gm13687,0.361
Gm13689,-0.678
Gm24461,0.0
Gm13688,0.674
Mir684-1,0.0
Gm13690,0.0
Gm25420,0.0
Gm4735,0.0
Gm22652,0.0
Gm13700,0.0
Gm13755,0.0
Gm13756,0.0
BX293555.1,0.0
Gm13677,0.0
Gm13675,0.0
Gm13676,0.0
Gm13678,0.0
Gm13680,-1.463
Gm13679,0.0
Gm13682,0.0
Gm13681,0.0
Gm13683,0.0
Gm13685,0.0
Dnmt3l-ps1,-0.972
Gm13692,0.0
Gm13702,0.0
Gm13711,-0.077
Gm52947,0.0
Gm52948,0.0
Gm28635,0.0
Mir130a,0.0
Gm13712,0.752
Lrrc55os,0.792
AL928793.1,0.0
Gm13714,0.0
Olfr989-ps1,0.0
Olfr990-ps1,0.0
Olfr991-ps1,0.0
Gm23716,0.0
Fads2b,0.0
Olfr997-ps1,0.0
Olfr999-ps1,0.0
Olfr1001-ps1,0.0
Olfr1003-ps1,0.0
Olfr1004-ps1,0.0
Olfr1005-ps1,0.0
Olfr1007-ps1,0.0
Olfr1010,1.342
Gm49332,0.0
Olfr1017-ps1,0.0
Gm13720,0.0
Olfr1021-ps1,0.0
Gm24037,0.0
Gm40020,0.0
Olfr1027-ps1,0.0
Olfr1035-ps1,0.0
Gm13722,0.033
Olfr1038-ps,0.0
Olfr1041-ps1,0.0
Olfr1050-ps1,0.0
Gm13719,0.0
Gm48554,0.0
Olfr1059-ps1,0.0
Gm20734,0.0
Olfr1060-ps1,0.0
Olfr1063-ps1,0.0
Olfr1064-ps1,0.0
Olfr1069-ps1,0.0
Gm48628,0.0
Olfr1070-ps1,0.0
Olfr1073-ps1,0.0
Olfr1075-ps1,0.0
Gm5023,0.0
Olfr1077-ps1,0.0
Olfr1078-ps1,0.0
Olfr1081-ps1,0.0
Olfr1083-ps,0.0
Olfr1088-ps1,0.0
Olfr1091-ps1,0.0
Olfr1092-ps1,0.0
Olfr1096,0.0
Gm48002,0.0
Olfr1103-ps1,0.0
Olfr1108-ps1,0.0
Gm13733,0.0
Nlk-ps1,0.0
Gm13730,0.0
Olfr1114-ps1,0.0
Gm13735,-0.138
Gm13732,-0.309
Gm13728,0.0
Olfr1117-ps1,0.0
Gm13729,0.0
Gm13737,0.0
Gm13731,-0.101
Olfr1119-ps1,0.0
Gm1826,-0.245
Gm13738,0.0
Olfr1127-ps1,0.0
Gm13736,0.054
Gm13740,-0.062
Gm13744,0.0
Gm13743,-0.273
Gm13742,0.0
Olfr1139-ps1,0.0
Olfr1142-ps1,0.0
Olfr1144-ps1,0.0
Olfr1146-ps1,0.0
Olfr1147-ps1,0.0
Olfr1149-ps1,0.0
Gm13745,0.0
Olfr1159-ps1,0.0
Olfr1165-ps,0.0
Olfr1169-ps1,0.0
Olfr1171-ps1,0.0
Olfr1172-ps1,0.0
Olfr1174,0.0
Olfr1175,0.0
Olfr1182,0.0
Olfr1187-ps1,0.0
Gm13758,0.0
Gm47581,0.0
Olfr475-ps1,0.0
Olfr1213,0.0
Gm13761,0.0
Gm5035,0.0
Gm18164,0.0
Gm18165,0.0
Gm18166,0.0
Olfr1227-ps1,0.0
Olfr1235-ps1,0.0
AL929555.1,0.0
Olfr1244-ps1,0.0
Olfr1266-ps1,0.0
Olfr1267-ps1,0.0
Olfr1268-ps1,0.0
Gm4222,0.0
Gm13768,0.0
Gm18953,0.0
Olfr1273-ps,0.213
Gm13767,0.0
Olfr1274,0.596
Rpl30-ps3,-0.18
Gm13772,0.0
Gm32514,0.0
Gm17661,0.0
Gm13777,-0.308
Gm23390,0.0
Gm13787,0.268
Gm13770,0.0
Snord67,-0.082
Gm13771,-1.037
Gm13776,-0.319
Gm10805,0.0
Mir6999,0.0
Mir1955,1.328
Gm13786,-0.821
Gm13785,-0.871
Mir7000,0.0
Gm13815,0.0
Mir7221,0.0
Mir7222,0.0
Gm13792,0.0
Mir7001,0.0
Gm13818,0.0
Gm1335,-1.004
Gm27027,0.0
Mir129-2,0.0
Mir129b,0.0
Mir670,0.0
Itpa-ps1,0.0
Gm13788,0.0
Gm24318,0.0
AL731558.1,0.0
Gm13798,0.0
Gm13797,0.0
Gm37175,0.0
Gm13801,0.0
Gm17075,0.0
Gm17076,0.0
Gm22313,-0.139
Gm13803,-0.213
Gm13804,0.0
Gm13806,0.0
Gm13809,0.0
Gm13808,0.0
Gm13811,0.0
Gm13813,0.0
Gm13812,0.0
Gm13810,0.0
Iftap,-0.552
Gm20693,0.0
Gm13921,-1.878
Gm13866,0.0
Gm13868,-0.991
AL844155.1,0.0
Gm10038,0.0
Gm13873,0.0
Gm37220,0.0
Gm13996,0.0
Gm13878,0.0
Gm13880,-0.03
Gm13877,0.0
Gm13875,-0.285
Gm13879,0.0
Gm13876,0.0
Gm24644,-0.411
Gm10912,-0.007
Gm22501,0.0
Gm13882,0.0
Mir1902,0.0
Gm13870,0.0
Gm13884,0.0
AL844603.1,0.0
Gm13885,-0.416
Gm13886,0.13
Gm13887,0.0
Gm13888,0.0
Gm13890,0.0
Rpl10-ps1,0.0
Dcdc5,1.104
Gm13992,0.0
Gm14013,0.0
Gm22813,0.128
Gm13901,0.0
Gm13902,0.0
Gm13900,0.0
Gm13904,0.0
Gm24885,0.0
Gm13903,0.0
Gm9864,-0.466
AL773512.1,0.0
Gm23749,0.0
AL845281.1,0.0
Gm13916,0.0
Gm13915,0.0
Gm13913,0.0
Gm13914,0.0
Rpl35a-ps4,0.0
Hadhb-ps,-1.363
Gm13924,0.0
Gm13925,0.0
Gm13932,0.0
Gm13937,0.0
AL845518.1,0.0
Gm13935,0.171
Gm10794,0.0
A26c3,0.0
Gm13961,0.938
Olfr1285,0.0
Olfr1292-ps1,0.0
Gm44713,0.0
Olfr1296-ps1,0.0
Gm44840,0.0
Olfr1300-ps1,0.0
Gm13922,0.0
Gm13930,0.0
Olfr1304-ps1,0.0
AL935124.1,0.0
Olfr268-ps1,0.0
Gm13928,0.0
Gm13929,0.0
Olfr1319-ps1,0.0
Gm21985,0.0
Gm13940,0.0
Gm22676,0.0
Gm26505,0.0
Gm13967,-0.489
Gm21596,-1.032
Mir7002,0.0
Gm13975,0.0
Gm13973,0.0
Cdin1,0.228
Mir1951,0.0
2810405F15Rik,0.0
AL844561.1,0.0
Gm13991,-0.612
Gm25514,0.0
Gm13981,0.0
Mir674,0.0
Rap1a-ps2,-0.132
Gm25189,0.0
Gm36979,0.0
Gm25308,0.0
Gm29232,0.0
Gm13983,0.0
Gm14016,0.0
Uqcrh-ps2,-0.373
Gm14138,-0.324
Gm14175,0.0
Gm14208,0.0
n-R5s204,0.0
H3f3c,-0.402
Gm14383,-0.266
Gm25857,0.0
Gm23814,-0.2
Gm13998,-0.47
Mir7665,0.0
Gm28042,0.0
Gm52968,-0.306
Gm22865,0.0
Gm14213,0.0
Gm23858,0.0
Gm14001,0.0
Gm14000,0.0
Gm22953,0.0
Gm14017,-0.164
Gm14018,0.0
Gm14021,0.42
Gm14020,-0.356
Golm2,0.043
Gm14050,0.0
Gm14058,0.0
Rps12-ps10,-0.968
Gm24409,0.0
Gm14086,-0.43
Bambi-ps1,-2.303
Slc28a2b,-4.967
AEKR01077154.1,-0.502
Mir147,0.0
Gm13988,0.0
AL929451.1,0.0
AL845292.1,0.0
Gm10774,0.0
Gm14212,-1.269
Mir3473g,-0.354
Gm10766,-0.775
Gm52974,0.0
Gm14229,0.0
Gm22889,0.0
Gm14245,0.0
Gm23101,0.0
Gm14006,0.0
Gm14008,0.0
Gm14007,0.0
Gm14028,-0.081
Gm14026,-0.265
Gm4430,0.407
Gm25703,0.0
Gm14039,0.0
Spcs2-ps,-0.069
Gm14046,0.086
Mir6339,0.0
Gm22424,0.0
Gm24665,-0.197
AU015228,0.0
Snord110,0.0
Gm24451,-0.15
Gm23187,0.0
Gm23650,0.0
Snord57,0.0
Gm14044,0.964
Gm14042,-0.086
Gm28372,0.0
9530056E24Rik,-0.391
Gm14057,-0.487
Gm14048,1.386
Gm14049,0.45
Mir6973b,0.0
Mir103-2,0.0
Snrpert,-2.041
Gm22902,0.0
Gm14283,0.0
Gm14304,0.0
Gm14282,0.0
Gm14281,0.0
Lamr1-ps1,0.0
Prn,0.0
Gm14052,-0.018
Rpl23a-ps4,-0.268
Gm14099,0.0
Gm14098,0.0
Gm22245,0.0
Gm14101,0.0
Gm25704,0.0
Gm14103,0.0
Gm14094,-0.489
Gm27449,0.0
Mir3090,0.0
AL831753.1,0.0
Gm14037,0.0
Gm14038,0.16
Gm14036,-0.709
Gm26227,0.0
Pak5,1.146
Gm14056,0.0
Gm14054,0.0
Gm36967,0.0
Gm14053,0.233
AL844167.1,0.0
Mir1952,0.0
Gm14065,0.0
Gm14067,0.0
Gm14069,0.0
Gm14071,0.0
Gm14070,0.0
Rps19-ps7,-0.389
Gm14073,0.0
AL844528.1,-0.232
AL929027.1,0.0
Calr-ps,0.126
Zcchc9-ps,0.0
AL844582.1,0.0
Fau-ps1,0.04
Rpl26-ps5,0.0
Rbmx2-ps,0.302
Gm22310,0.0
Gm14083,0.0
Gm14082,0.0
Gm11644,0.0
Gm11645,0.0
Rps13-ps6,0.0
Gm11673,-0.161
Gm11686,0.0
Gm11687,0.34
Gm11688,-1.649
Gm26165,0.702
Snord17,-0.908
Gm11700,0.0
Gm11701,0.0
Zfp133-ps,0.083
Gm11743,0.0
Gm11746,0.0
Gm11759,-0.258
Gm11763,0.0
Gm11764,-0.389
Gm14117,0.0
Gm14111,0.0
AL928876.1,0.0
Gm14116,0.0
Gm14115,0.0
Gm14113,0.0
Gm14109,0.0
Gm14107,0.0
Gm14106,-0.192
AL845297.1,0.0
Gm14108,0.0
Gm24221,0.0
Gm14119,-0.323
Gm25866,0.0
Gm38221,0.0
Gm14129,0.0
Gm10750,0.0
Gm14132,0.0
Gm14131,0.0
Gm14130,0.121
Gm14140,0.0
Gm14125,-0.096
Gm14126,-0.136
Gm14122,-0.037
Gm14127,0.0
Gm14121,-0.741
Gm14128,-0.413
Gm23598,0.0
Gm14143,0.0
Gm14142,0.0
Gm14141,0.0
Gm22187,0.0
AL845175.2,0.0
AL845175.1,0.0
Gm23005,0.0
AL845308.2,0.0
AL845308.1,0.0
Gm14148,0.0
BX679657.1,0.0
Gm14150,-0.32
Gm14159,0.0
Gm14153,0.0
Mir1953,0.0
Rps15a-ps7,-1.005
Gm14165,1.362
Gm27343,0.0
Gm14158,0.0
Gm14156,0.0
AL845162.1,0.0
Gm14163,0.0
Gm14162,0.0
Mir5622,0.0
Gm14472,-0.098
Gm14494,-0.928
Gm52978,0.0
Gm21850,0.0
Gm14497,0.0
Gm14197,0.104
Rpl5-ps2,-1.285
Gm14215,0.0
Gm14227,-0.211
Mir695,0.0
Gm14239,-0.997
Gm14238,0.0
Mipep-ps,-0.143
Gm20637,0.0
Mir499,0.0
Gm22334,0.0
Gm14240,0.0
Gm28036,0.0
Gm37274,-0.684
Rbm12,-0.36
Gm14251,-0.812
Gm14253,-0.786
Rpl21-ps9,0.0
Norad,0.318
Gm14173,-0.328
Gm14172,0.145
Gm14231,0.0
5730471H19Rik,0.0
Gm37790,-1.307
4930518I15Rik,-0.232
Gm14278,0.0
Gm14248,-0.265
Gm14247,-0.338
Gm14276,-1.671
Gm14277,-0.821
AL669828.1,0.0
Gm14279,-1.153
Gm14287,0.0
Gm25407,0.0
Gm23463,0.0
Gm14176,0.0
Mir7685,0.0
Gm24411,0.0
Gm26003,0.0
Gm25187,0.0
Gm25129,-0.078
Gm14201,-0.124
Gm14202,0.0
Gm14200,0.0
Gm24379,0.0
Mir3474,0.0
AL663062.1,0.0
Gm14219,-0.305
Gm11445,0.0
Gm11446,0.0
Gm14220,0.0
Gm11447,0.0
Gm25561,0.0
Gm5270,0.0
Gm11448,-0.091
Gm11449,-0.669
Gm22936,0.0
Gm11450,-0.179
Gm11451,-0.414
Gm11452,0.0
Gm11453,0.0
Mir7003,0.0
Gm25881,0.0
Mir7678,0.0
Gm20458,0.0
Gm25512,0.0
Gm24473,0.0
Gm11456,1.105
Gm25569,0.0
Gm11460,0.0
Gm11461,0.0
Gm11462,0.0
Gm14267,-0.243
Gm11470,-0.307
Gm25878,0.0
Gm23201,0.0
Snord12,0.0
Gm11472,-0.38
Gm11471,0.0
Gm11473,-0.11
Gm11474,0.239
Gm11475,-0.28
Gm20431,0.0
Gm52960,0.0
Gm20716,0.157
Gm14237,0.0
Gm22704,0.0
Gm14234,0.0
Mir7004,0.0
Gm25214,0.0
Gm34294,-0.336
AY702102,-0.431
Gm14270,-0.259
Gm14269,-0.44
Gm14263,-0.176
Gm26489,0.0
Gm14274,0.0
Gm14303,-1.248
Ppp4r1l-ps,0.035
Mir6340,0.0
Gm18917,0.0
Gm14371,0.0
Gm14336,0.256
Atp5k-ps2,-0.345
Vamp7-ps,1.316
Mir296,0.0
Mir298,0.0
Rpl30-ps5,0.0
Gm14385,0.0
Vmn1r-ps1,0.0
Gm16354,-0.049
Gm14445,0.419
Gm14439,0.484
Gm14387,0.622
Gm14392,0.0
Gm16355,0.0
Gm14442,-0.259
Gm14438,0.0
Gm14298,0.0
Gm14297,0.0
Gm16359,0.0
Gm16358,0.0
Rps8-ps2,0.0
Gm2020,0.0
Gm16356,0.0
Gm16357,-0.141
Gm6182,0.0
Gm17258,0.0
Gm1980,0.0
Zfp968-ps,-0.204
Gm16362,0.0
Gm14307,0.0
Gm14301,-0.113
Gm14390,0.0
Gm14405,0.0
Gm14417,0.0
Gm14402,-0.267
Gm14421,-0.325
Gm14407,-0.398
Gm14415,0.725
Gm14411,-0.616
Gm14416,-0.494
Gm14413,0.0
Gm14400,0.0
Gm14404,0.0
Gm14414,0.0
Gm16363,-0.152
Gm14324,0.353
Gm14429,-0.375
Rps8-ps5,0.804
Gm14428,0.0
Gm14314,0.0
Gm14292,0.0
Gm14293,0.0
Gm14294,0.0
Gm14300,-0.088
Gm14299,-0.208
Mir7005,0.0
Mir3091,0.055
Mir1a-1,0.0
Mir133a-2,0.0
AL732560.1,0.0
Mir124a-3,0.0
Gm24892,0.0
Gm14398,0.0
Gm7645,-0.452
Gm52976,0.0
Slc2a4rg-ps,0.194
Gm22708,0.0
Gm25184,0.0
Mir7006,0.0
Gm25879,0.0
Gm14489,0.0
Gm5466,0.292
Gm37338,0.0
Gm8747,0.0
Gm37000,0.0
Rps24-ps2,-0.659
Pou5f1-rs3,0.0
Gm2077,0.0
Gm8775,-0.165
AC122735.1,0.0
Gm34023,0.0
Gm38131,0.0
Gm37029,0.0
Gm22944,0.0
Gm37763,0.0
Gm37801,0.0
Gm6140,-0.109
AC113318.1,0.0
Gm10748,-0.055
Gm17934,0.0
Gm6162,0.0
Gm38298,0.0
Gm18658,0.0
Gm5272,0.0
Gm38291,0.0
Olfr289-ps1,0.0
Gm22074,0.0
Gm8823,1.304
Gm37918,-0.127
Gm8826,0.969
Gm23592,0.0
Gm29747,0.0
Gm7103,-0.104
Gm5841,-0.38
Gm24614,0.0
1700003N22Rik,0.0
Gm18822,0.0
Gm38007,0.0
Gm23670,0.0
Gm37647,0.16
Gm15467,-0.382
Gm15466,-0.041
Gm37616,0.0
Gm8860,0.624
Gm38001,-0.574
Gm17806,0.0
Gm6236,0.0
Gm17877,0.0
Gm37308,0.0
Gm37389,0.0
4632432E15Rik,-0.797
Gm37421,0.0
1700029B24Rik,0.0
A930014E01Rik,0.0
Gm38364,0.0
Gm38303,0.0
Gm37831,0.0
Gm18692,-0.366
Gm37244,0.0
Gm22795,0.0
Gm21631,0.0
Gm37832,0.0
Gm8919,0.0
Gm37996,0.0
Gm2429,0.0
Gm8935,-0.137
Gm8939,0.0
Gm38317,0.0
Gm37813,-0.281
Gm37197,0.0
Gm37164,-0.309
Gm2474,0.147
Gm19114,0.0
Gm23112,0.0
Gm38311,0.0
Gm6300,0.837
Gm37358,0.0
Gm8955,0.0
Gm8957,0.0
Gm17119,0.0
Gm38151,0.0
Gm5843,0.0
Gm16399,-0.083
Gm7132,0.0
Gm6321,-0.56
Gm7343,0.0
Gm37836,0.0
Gm25863,0.0
Gm26485,0.0
AC124731.1,0.0
Gm5283,0.0
Gm24963,0.0
Gm6350,0.0
Gm19694,0.0
Gm38154,0.0
Mir124a-2,0.0
Gm23441,0.0
Gm19175,0.0
Gm5844,0.059
AC103399.1,0.0
Gm43834,-0.64
Gm6369,0.0
Pgk1-ps3,0.0
Gm37317,0.0
Gm42944,0.0
Gm30341,0.0
Gm37979,-0.454
AC157815.1,-0.188
Gm6141,0.0
Gm18864,0.0
Gm7442,0.0
4632415L05Rik,0.02
Gm37523,0.0
Gm17771,0.48
Mir7007,0.0
Gm18426,0.0
Gm42594,0.0
Gm18491,0.0
Gm38323,0.0
Gm18493,0.0
Gm37480,0.0
Gm7488,0.308
Gm43160,0.0
Gm43675,0.0
Gm17935,0.0
7530428D23Rik,0.819
Gm43671,0.0
Gm5842,-0.794
Rprl2,-0.315
Gm37636,-0.061
Gm26354,0.0
Spin3-ps,0.0
Gm37889,0.0
Gm36983,0.0
Gm37492,0.0
Gm7536,0.028
Gm24704,0.0
Gm42774,0.0
Gm37136,0.0
Gm38002,0.0
Gm10259,0.0
Gm6197,0.0
Gm4855,0.0
AC112666.1,0.0
Gm37659,0.0
Gm7558,0.0
Gm25152,0.0
Gm37191,0.0
Gm43345,0.0
Gm43344,-0.274
Mir3092,0.0
Gm26040,0.0
AC118206.1,0.0
Gm37098,0.0
Gm37537,-0.255
Mir466q,0.0
Gm6505,0.0
Gm37924,0.0
Gm38029,0.538
Gm37965,1.102
Mir551b,0.0
Mir21b,0.154
Gm37557,0.0
Gm37281,0.0
Gm38066,-1.263
Gm38197,-0.347
Gm10258,-0.773
Gm38362,0.277
Gm37024,-0.454
Gm37652,-0.79
Gm38153,0.0
1600017P15Rik,-0.087
Gm38080,0.243
9530022L04Rik,-0.51
Gm2979,0.106
Mir7008,0.0
Gm6558,0.0
Gm37834,-0.433
Gm37770,0.308
AC156552.1,0.0
Gm36990,-0.229
Gm37123,-0.991
Gm37353,-0.178
Gm15574,0.0
Gm23214,0.0
Gm37443,-0.674
Gm19445,-0.94
Gm37128,0.0
Gm37031,-0.235
Gm24780,0.0
Gm37398,0.0
Gm5845,0.85
Gm42694,0.0
Gm18611,0.0
4930502C17Rik,0.0
AC115078.1,0.0
Gm9791,0.0
Gm43667,-0.087
Gm43668,0.035
Gm5708,0.0
Mir1897,0.0
Gm42692,-1.597
Gm42693,-0.29
Gm43206,0.0
Mir6378,0.0
Gm43078,0.0
Gm7733,0.0
Ube2l3-ps1,0.0
AC157780.1,0.0
Gm43203,-0.676
Gm7741,0.0
8430422M14Rik,0.361
Gm43080,-0.832
B230207O21Rik,-0.216
Gm43205,0.326
Pou5f1-rs11,0.0
Gm17835,0.563
Gm17887,0.091
Mir7009,0.0
Smim43,0.177
Gm11550,0.0
Gm12377,0.0
Gm12376,0.0
Gm12582,1.123
Gm12583,-0.491
Gm12584,0.0
Gm43822,-2.536
Gm43439,0.0
Gm12540,-0.615
Gm43488,-0.161
Gm42923,-1.17
Gm43484,-2.097
Gm12564,0.0
Gm12565,0.0
Gm42922,-0.435
Gm43820,-0.919
Gm43414,-0.18
Rps23-ps1,-1.061
Rpl31-ps15,-0.56
Gm26404,0.0
Gm42752,-0.58
Gm42753,0.0
Gm7799,-0.231
Gm42751,0.0
AC144631.1,0.0
Rpl21-ps10,0.062
Gm2965,0.0
Gm25574,-0.092
3830422I06Rik,-0.271
Gm7815,0.0
Gm7824,0.0
Gm43308,0.0
Gm43008,0.0
Gm9845,-0.235
AC157927.1,0.0
Gm42781,0.683
AC157927.2,0.0
Gm23796,0.0
AC157927.3,0.0
Gm42786,0.0
Gm42785,-0.271
Gm16114,0.0
Gm2011,0.542
Gm10731,0.0
Gm44136,0.412
Gm44524,0.0
Gm22043,-0.855
Gm42436,0.065
Gm42437,0.029
Gm25487,0.0
Gm6069,0.0
Gm38047,-0.447
Gm37268,0.597
Gm7899,-0.276
Gm37348,1.027
Gm37846,0.978
Gm38274,0.0
Gm37533,0.0
Gm38044,0.0
Gm9723,0.0
Gm18865,0.0
Gm36976,-0.263
Gm29739,0.0
Gm32175,0.0
Gm37746,0.0
Gm37365,0.0
Gm38128,0.0
Gm37597,0.0
Gm38124,0.939
5930409G06Rik,0.38
Gm36996,0.0
Gm2136,-0.894
Gm37345,-0.973
Gm37835,0.0
Gm38166,0.0
Gm32340,0.0
Gm25796,0.0
Gm23337,0.0
Gm26081,0.0
Gm18843,0.0
Gm37445,0.0
Mir6379,0.0
Gm10356,0.754
Gm5274,0.0
Gm23891,0.0
Rpl23a-ps5,-0.403
Gm10730,0.0
AC132259.1,0.0
Gm2229,0.0
Gm7977,0.0
Gm37295,0.0
AC132108.1,0.0
Gm37819,0.0
Gm37684,0.0
Gm5846,0.0
Gm22480,0.0
Gm37424,-0.127
Gm38261,0.0
Gm38088,0.0
Gm2328,0.0
Gm29741,0.0
AC107689.1,0.0
Gm37550,0.0
Gm37826,0.0
Gm37692,0.0
Gm2345,0.0
Gm37498,-1.361
AC140259.1,0.0
5830415G21Rik,-1.077
Gm38237,-0.259
Gm37199,-3.658
Gm37461,-4.435
Gm24503,0.0
Gm37548,-4.346
Gm37843,-0.27
Gm37209,0.0
Gm38357,-2.134
4930577N17Rik,-0.236
Gm37399,-1.128
Gm37203,0.0
Gm9442,0.48
Gm37646,-0.18
Gm38160,0.366
Gm37968,-1.191
Gm38200,-1.941
Gm38334,0.0
5430433H01Rik,0.0
Gm38247,0.289
Gm37261,0.0
Gm10729,0.433
Gm37342,0.092
3110080O07Rik,0.191
Gm38000,-0.1
Gm37675,1.108
Gm38252,-0.168
Gm10728,0.146
Gm38055,-0.42
Gm37526,-0.53
Gm37465,0.134
C130089K02Rik,0.521
5430420F09Rik,0.341
Olfr1398-ps1,-0.337
Gm38034,-1.716
Gm34303,-0.538
Gm10293,0.0
AC121850.1,0.0
Gm37007,-0.171
Gm42898,-0.692
Gm42899,-0.819
C130075A20Rik,-1.156
Gm43804,-0.919
Gm43805,0.228
Gm43472,0.0
Gm43471,0.0
6430500D05Rik,0.383
Gm23675,0.0
Gm6073,0.0
Gm6204,-1.849
Gm10727,0.0
Gm24851,0.0
Gm8109,-0.127
Gm18018,0.0
AC121785.1,0.0
Gm5641,-1.133
B020017C02Rik,0.0
Gm10254,-0.258
Gm43555,0.0
Gm25132,-0.302
Gm19817,-0.302
Gm9831,-0.165
Gm42607,0.979
Gm42608,0.383
AC115945.1,-0.144
Gm43548,0.486
4933417G07Rik,-0.259
mmu-mir-12194,0.0
Gm22784,-0.131
Gm42840,1.031
Gm42842,0.338
Gm42841,0.234
Gm42843,0.052
AC133194.1,0.0
Gm2622,0.0
AC118000.1,0.0
AC118000.2,0.0
Gm8177,0.089
Gm43424,0.0
Gm18660,-0.248
mmu-mir-12195,0.0
Gm5276,0.0
AC119854.1,0.0
Gm16016,0.0
Mir6377,0.0
Gm43437,0.27
BB187690,-0.428
Gm43098,0.0
Gm6394,-0.408
Gm9645,-1.233
Gm17951,0.084
Gm42511,0.0
Gm18867,-0.621
Gm42513,-0.297
Gm5537,0.0
Gm26166,0.0
Gm43730,0.0
Gm20128,-0.092
6720482G16Rik,0.167
Gm8234,0.231
AU022133,0.341
A930028O11Rik,0.186
Gm22491,0.0
Gm25572,0.0
Rpl13-ps6,-1.349
Gm43589,0.913
Gm37715,0.0
Gm8276,-0.586
Gm38288,-0.382
Gm37771,0.0
Gm4856,0.0
Gm5709,0.0
Gm37926,0.0
Aadacl2fm2,0.0
Gm38208,0.0
Gm37579,0.0
Gm5539,0.0
4930449A18Rik,-0.405
Gm2756,-0.26
Aadacl2fm3,0.0
Aadacl2fm1,0.0
Gm9696,-0.202
Gm18427,0.0
Gm24382,0.0
Tgif1-ps,0.0
Gm37589,-4.004
Gm37488,-1.303
Gm38280,0.0
Gm33707,0.0
Gm36985,0.0
Gm8325,-0.128
AC084053.1,0.0
Gm37719,0.0
Gm19901,0.0
AC115705.1,0.0
Gm8349,0.0
Gm9700,0.0
Gm37404,0.0
AC122883.1,0.0
Gm18382,0.0
Gm9701,0.101
Gm22433,0.0
Gm8388,-0.233
AC121993.1,0.0
Gm37279,0.0
Gm16162,0.0
Gm16129,0.0
Gm34379,0.0
Vmn2r-ps3,0.0
Gm22165,0.0
Gm5139,-0.073
Gm18294,-0.106
Gm23897,0.0
Vmn2r-ps4,0.0
Vmn2r128,-0.54
Vmn2r-ps6,0.0
Vmn2r-ps7,0.0
Gm20656,0.0
Vmn2r-ps8,0.0
Vmn2r-ps9,0.0
Gm20657,-0.162
Vmn2r-ps10,0.0
Vmn2r-ps11,0.0
Gm26939,0.0
Vmn2r-ps12,0.0
Gm25222,0.0
Vmn2r-ps13,0.0
Gm5540,0.0
Gm34780,-0.426
Gm37009,-1.037
4931440P22Rik,-0.597
Gm22279,0.0
Gm5847,-0.1
Gm38233,0.0
Mir8120,0.0
Gm37776,-0.527
AC110245.1,0.0
Gm37131,-0.246
Gm37037,-0.635
Gm35106,0.0
Gm37078,-0.992
Gm19024,-0.217
Gm6546,0.0
Gm37822,0.0
Gm26442,0.0
Gm36973,0.0
Tpi-rs2,0.0
Gm37330,0.0
Gm50014,0.0
Gm17952,0.0
Gm6555,0.0
Gm38356,0.0
Gm43516,0.0
AC122870.1,0.0
Gm42568,0.616
Gm25919,0.0
Gm8515,0.0
Gm412,0.0
Gm37601,0.0
Gm18717,-0.262
Iqcj,0.454
Iqschfp,0.0
Gm10292,0.0
Gm10723,0.24
Gm22073,-0.097
Gm10040,0.057
Gm7270,0.0
Gm17641,-0.536
Gm20689,-1.825
Gm20690,0.0
Gm18588,-0.496
Gm20691,0.0
Gm48183,-1.128
Mir15b,0.0
Mir16-2,0.0
Gm22009,-0.967
Gm37558,-1.676
Gm17214,0.0
Gm17212,-0.708
Gm17213,0.0
Gm8565,-0.35
Gm37380,0.0
AC162790.2,0.0
Rpl32-ps,-0.161
AC162790.1,-0.156
Gm17895,0.0
Gm23484,0.0
Gm37784,0.0
Gm37681,0.0
Gm37585,0.0
Gm23477,0.0
Gm6631,0.0
Gm37213,0.0
Gm10780,-0.214
Gm8599,0.0
Gm38305,0.042
Gm19194,0.494
Gm8604,0.0
Gm37617,0.0
Gm3351,0.0
Gm37603,0.0
Gm37901,0.0
Gm22451,0.0
Gm37056,-0.305
Gm37725,0.0
Gm8625,0.0
AC134843.1,0.0
Gm6098,0.0
Gm37050,0.0
Gm8643,-0.251
Gm37464,0.0
Gm17836,0.0
Gm37672,0.677
Gm37193,0.0
Gm25846,0.0
Gm37685,0.4
Gm18428,0.0
Gm37897,0.81
Gm37290,0.0
Gm19231,0.0
Gm23644,0.0
Dnmt3a-ps1,0.0
Gm37806,0.0
Gm38195,0.0
Gm37576,-0.122
Gm18719,0.0
Gm6677,0.0
Gm8684,0.0
Gm6680,-0.167
Gm43326,0.0
Gm15442,0.0
Gm18952,0.0
Gm17953,0.0
Gm5277,-0.052
Gm10291,0.134
Gm9762,-1.132
AC164560.1,0.0
Gm24150,-0.258
Gm35067,0.0
Gm37973,-0.513
Gm26420,0.0
Gm19066,0.0
Gm43839,-0.31
Gm38295,0.0
AC138456.1,0.0
Gm6706,-0.558
Gm29808,0.0
Gm37300,0.0
Gm4857,0.0
Gm22531,0.0
Mir7010,0.0
AC126248.1,0.0
Gm35323,0.0
Gm43347,0.0
Rpl28-ps2,-0.102
AC141473.1,0.0
Gm7115,0.0
Gm36981,-0.903
Gm8813,-0.343
Gm38241,-0.382
Gm37726,-2.069
Gm38041,0.0
Gm38313,-0.101
Mir466k,0.0
4933425M03Rik,0.794
AC138528.1,0.0
Gm38030,-0.288
Gm9790,-0.747
Gm27811,0.0
Gm25188,0.0
Snord73a,0.0
Snord73b,-0.124
Gm37493,0.0
Gm23025,0.0
Btf3-ps12,0.0
Gm26343,0.0
Gm23850,0.0
Gm25039,0.0
Gm3788,-0.24
Gm37025,-0.517
Gm23376,0.0
Gm37207,0.0
Cd1d2,-0.538
Gm8869,0.0
Gm18403,0.0
Gm37575,0.0
Gm24472,0.0
Gm10705,-0.233
Etv3l,0.176
Gm25167,0.0
Gm3745,-0.397
Gm19439,-0.381
Mir3093,0.0
Mir9-1,0.0
Gm38392,0.0
Gm37116,0.233
Gm21956,0.0
Gm6821,0.0
Gm42814,-0.512
Mir7011,0.0
Gm5979,-0.113
Mir1905,0.0
Rtraf-ps,-1.145
AC145168.1,0.0
Gm25820,-0.749
Gm10253,0.795
5830417I10Rik,-1.112
Gm23054,-0.409
AC127377.1,0.0
AC127377.2,0.0
Gm24403,0.0
Gm43738,-0.271
Gm22935,0.0
Gm29704,0.0
AC161600.1,0.0
Gm43737,0.56
Mir92b,0.0
AC132327.1,0.0
Gm22642,0.0
Gm10702,0.475
AC102392.1,0.0
Gm8969,0.0
Aqp10-ps,0.0
Gm24046,0.0
Gm24608,0.0
Mir7669,0.0
Gm53012,-1.408
Mir190b,0.0
Gm23723,-0.562
Gm43712,-1.07
Gm24185,0.0
Mir7012,0.0
Gm45477,-1.482
Gm45354,-0.077
Gm43595,0.0
Gm24593,0.0
Gm23464,0.0
Gm42674,0.0
Gm19739,0.0
Gm42579,0.0
Gm5284,0.0
Gm35013,-0.195
Gm43235,0.0
Gm9023,0.0
Gm7166,0.0
4930529C04Rik,0.716
S100a7l2,0.0
Mif-ps3,-0.36
Gm52952,0.0
Gm5850,0.0
Gm37087,0.0
Gm5851,0.0
Gm37752,0.0
Gm37428,0.0
Sprr2c-ps,0.0
Sprr2g,0.0
Gm37377,0.214
Rpl13-ps4,0.28
Gm4202,-0.168
Gm38078,0.0
Gm24481,0.0
Gm22577,0.0
Gm38040,0.0
Tdpoz8,0.0
Gm37361,0.0
Gm37501,0.0
Gm18432,0.0
AC158361.1,0.0
Rplp0-ps1,0.0
Gm37922,0.538
Gm37913,0.288
Gm37857,0.0
Gm18296,0.618
Gm5278,-1.476
Gm36953,-0.13
Gm29950,0.0
Gm5541,0.0
Gm38207,0.0
Gm18433,0.0
Tdpoz6,0.0
Gm38086,0.0
Gm5852,0.0
Gm37430,0.0
Gm9113,0.0
Gm9116,0.0
Gm37185,0.0
Tdpoz9-ps1,0.0
Gm37104,0.0
Gm37807,0.0
Gm37481,0.0
Gm9121,0.0
Gm9124,0.0
Gm37085,0.0
Tdpoz9,0.0
Gm37081,0.0
Tdpoz7,0.0
Gm37778,0.0
Gm37155,0.0
Gm5542,0.0
Gm9131,0.0
Gm37882,0.0
Gm5543,0.0
Gm37001,0.0
Gm16560,0.0
Spopfm2,0.0
Spopfm3,0.0
Gm16584,0.0
Gm4982,0.0
Gm9141,0.0
Spopfm1,0.0
Gm16561,0.0
AC164562.1,-0.105
Gm43743,-0.07
Gm42464,-1.053
Gm30023,0.0
Gm15235,0.0
Rpl31-ps11,-0.058
Gm10972,0.0
BC021767,-0.313
Gm15264,0.0
Gm43711,0.0
Gm15263,0.0
Gm26279,0.0
Mir7013,0.0
Gm24920,0.0
Gm22301,0.0
Mir8099-1,0.0
Gm9169,0.078
Gm42578,-0.052
Gm37500,-1.058
Gm5070,-0.226
Gm9173,0.0
Gm4349,-0.966
Gm42672,-1.704
Hmgb1-ps5,-0.599
Gm42671,-2.197
Rps10-ps1,-1.301
E330034L11Rik,-1.331
Mir7014,0.0
Gm43436,-0.177
Gm26361,-0.749
Gm17815,-0.249
Gm43375,0.514
Gm20940,0.0
Gm43554,0.0
Gm22027,-0.085
H2ac21,-1.769
H2ac20,-2.354
H2bc21,-0.441
H3c15,0.364
H2ac19,0.277
H2ac18,-0.098
Gm20634,0.016
H3c14,0.0
H4c14,0.165
Gm38227,-0.812
H3c13,-1.534
H2bc18,-2.497
AC093350.1,0.0
Rnu1b1,0.0
Rnu1b2,0.0
Pafah1b1-ps1,-0.435
Gm21960,-0.084
Terc,0.0
AC121792.3,0.0
AC121792.4,0.0
Gm9207,0.0
Rnu1b6,0.0
Gm43534,0.0
AC121792.2,0.0
6330549D23Rik,-1.094
Gm42957,-0.682
Rpl21-ps11,0.0
Gm22581,-0.394
Gm42783,0.133
Gm42782,-0.662
Gm43222,0.0
Gm24435,0.0
Gm42508,0.58
Gm43073,-0.15
Gm43075,-1.286
Mir7225,0.0
Gm42819,-3.073
Gm42820,-0.432
Gm9771,-0.294
Gm42821,0.0
Gm19210,0.0
Gm19211,0.0
Gm5853,-0.19
Gm9678,0.0
Gm12399,0.0
Gm12400,0.0
Gm12427,0.0
Gm12428,1.319
Gm12431,0.0
Gm12432,0.0
Gm12433,0.0
Gm12441,-0.202
Gm22341,0.0
Gm24216,0.0
Gm18982,-0.299
Mir6481,0.0
Gm12449,0.0
M6pr-ps,0.0
Gm12448,-0.188
Gm22505,0.0
Rpl36-ps7,-0.239
Tra2b-ps,0.0
Gm25802,0.0
Gm12464,0.0
Gm12485,0.0
Gm12488,0.084
Gm12486,0.0
Tpt1-ps1,-0.146
Gm12490,-0.494
Gm10355,-0.334
Gm43467,0.0
Gm43243,0.0
Gm18894,0.0
Gm43245,-0.036
Gm19202,0.478
Gm42677,-0.216
Gm42816,0.0
Gm33952,0.0
Gm33866,0.0
Gm22826,0.0
Gm27024,0.0
2410024N13Rik,0.0
Gm43060,0.0
Gm25009,0.0
AC121833.1,0.0
Gm25199,0.0
AC123057.1,0.0
Gm15986,0.0
Gm43064,0.501
Gm15602,0.0
Gm17956,-0.321
Gm23077,0.0
Gm9273,0.0
AC146300.1,0.0
Gm43582,0.554
Gm29560,0.561
Gm24223,0.0
Gm29572,0.0
Gm6485,-3.268
Gm43584,0.0
Gm4525,-0.105
Gm53046,0.0
Atp5pb,0.179
Gm42890,-1.167
Gm4540,-0.212
Gm9504,0.0
Gm4248,0.0
Gm43709,0.0
Gm6522,0.0
Gm43212,0.0
Gm38244,-0.093
Gm43070,0.0
Gm43071,-2.39
Gm38271,0.0
Gm38253,-1.425
Gm5279,0.0
Gm43233,0.0
Gm5075,-0.92
4930554G22Rik,0.0
Gm43745,0.0
Gm9515,0.0
Gm12489,0.0
Gm12494,0.0
Gm12497,-0.099
Gm43746,-0.094
Gm12502,0.137
Gm12499,0.0
Gm25592,0.0
Gm12501,0.0
Gm43099,-0.153
Gm22942,0.0
Gm43438,0.0
Elapor1,0.442
Gm23336,0.0
Gm37859,0.717
Scarna2,-1.117
Gm43435,-0.395
Gm12517,-0.079
Gm43097,0.0
Gm13865,0.0
Gm25681,0.0
Gm12535,0.0
Gm42516,-0.282
Gm43405,0.0
Gm19185,0.0
Gm43406,0.0
AC119155.1,0.0
Gm43404,0.0
AC111013.1,0.0
Gm43407,0.0
Gm9314,0.0
Gm42905,0.0
Gm43854,0.0
Gm25519,0.0
Gm43853,0.0
Gm4859,0.0
Gm9317,0.0
Gm42526,0.0
Gm43587,0.0
Utp14b-ps1,0.0
Gm5548,0.0
Gm38395,0.0
Amy2b,0.0
Amy2-ps1,0.0
Gm17954,0.0
Gm17775,0.0
Gm18163,0.0
Gm43749,0.0
Gm23750,0.0
Gm19147,0.0
Gm18429,0.0
Gm22337,0.0
Gm43669,0.0
Gm42687,0.0
Gm43107,0.0
Gm43108,0.0
Gm43106,0.0
Gm6649,-1.014
Mir669n,0.0
AC108909.1,0.0
5330425B07Rik,-0.21
Gm22361,0.0
Gm26358,0.0
Gm4596,1.25
Gm43651,-0.09
Gm9761,0.431
Gm42940,0.278
Gm43191,0.0
mmu-mir-3473h,0.0
Gm43520,0.0
Gm43521,0.0
Gm29736,0.0
Gm43542,0.0
Gm42892,0.273
Gm9332,-0.213
Gm18430,0.0
Gm9632,0.025
Gm19243,0.0
Gm4321,0.0
Mir137,0.0
Gm37773,0.378
Gm37928,0.77
Gm32444,0.784
Gm43410,1.48
Gm23432,0.0
Gm4332,-0.752
Gm43300,-1.48
Gm42804,0.0
Gm18384,0.0
Gm23733,0.0
Gm25013,0.092
Gm42927,0.293
Gm43444,-0.058
Gm42926,0.0
Gm10652,-0.486
Gm5710,0.0
Tlcd4,0.3
AC110195.1,0.0
Gm9353,-0.047
Gm30517,0.0
Gm5711,-0.563
Gm42928,-1.741
Gm42929,-0.241
Gm43823,-0.297
Gm42777,0.779
Gm43609,-0.662
4633401B06Rik,-0.414
Gm42776,-0.085
Gm42593,0.0
Gm42544,-0.964
Gm43158,0.0
Gm43157,0.0
Gm9361,0.0
Gm4609,0.0
Gm6061,-0.95
Mir760,0.0
AC134918.1,0.0
Mir7657,0.0
Gm42994,-0.679
Gm5981,-0.45
Gm34139,0.0
Gm9364,0.0
Gm43285,0.991
Gm43286,0.0
Gm43744,0.0
Gm43287,0.125
Gm43288,-0.734
Gm43283,0.072
Gm22713,0.0
Gm43590,0.0
Snora24,0.0
Gm9369,0.0
Gm42510,-0.593
AC111100.1,-0.363
Gm15400,0.103
Gm15399,0.0
Gm9372,0.0
Gm42824,0.0
Gm4617,-0.424
4921527H02Rik,0.0
Gm22575,0.0
AC113287.1,0.0
Gm9379,0.0
Gm9381,0.0
Gm42826,-0.97
Gm18916,0.0
Gm43327,0.318
Gm20568,-0.103
Gm43011,-1.235
Gm43010,-1.792
Gm43009,-1.02
Gm43006,-0.638
Gm43005,-1.023
Gm42515,-0.251
Gm42514,-0.471
A930036I15Rik,0.955
Gm43322,0.343
Gm43765,0.941
Gm25501,0.0
Gm43750,1.293
Gm43751,0.855
Gm42974,1.05
C230031I18Rik,0.808
Gm42973,0.665
Gm42972,1.227
Gm42971,0.67
Gm42970,0.875
Gm42969,0.997
Gm43355,0.0
Gm42525,1.616
Gm43354,0.064
Mir302b,0.0
Mir302c,0.0
Mir302a,0.0
Mir302d,0.0
Mir367,0.0
Gm16238,-0.203
1500005C15Rik,-1.17
Gm42587,-1.696
Gm43654,-1.275
Gm43652,-1.763
Gm10650,0.0
Gm43656,0.0
Gm22293,0.0
Gm4410,0.0
Gm9387,0.116
Gm43697,0.0
Gm42628,0.0
Gm42629,0.0
Gm42630,-0.14
Gm5712,0.0
Rpl7a-ps7,0.0
Gm43072,-0.68
Gm9396,-0.313
Gm42663,0.0
Gm9397,0.0
AC164078.1,0.0
Gm43210,0.467
Gm43211,-0.198
Gm42837,0.0
Gm42998,-1.271
Gm43524,-0.05
Gm5982,0.0
Gm43350,0.427
5830437K03Rik,-0.485
Gm5855,0.0
A430072C10Rik,-0.598
Gm42449,-3.608
Gm18492,-0.192
Gm43116,0.0
Gm42881,-0.655
Olfr375-ps1,0.0
AC127260.1,-0.259
Gm9402,-0.45
Gm42872,-1.049
Gm22322,0.0
Gm42876,-0.802
Gm9403,-1.082
Gm23196,0.0
Gm19148,0.0
Gm42874,-0.061
Gm42873,-0.236
Gm49316,0.0
Gm23011,0.0
Gm37228,0.0
Gm43193,0.0
Mir1895,0.0
Gm43559,0.0
Gm43558,0.0
Gm6077,0.0
Gm4860,0.0
Gm43036,0.0
Gm43035,0.0
Gm2142,0.0
Gm18546,0.0
Gm43033,0.0
2810428J06Rik,-1.75
Gm43379,-1.335
Gm42807,-0.027
Gm16100,0.0
Oaz2-ps,0.0
Gm43430,-1.524
Gm43429,-1.694
Gm43428,-1.809
Gm18330,0.0
Gm43602,-0.172
Gm5281,-0.28
Gm9408,0.0
Gm43402,0.0
Gm42822,-2.065
4930599N24Rik,-0.104
Gm9409,0.567
AC129775.1,0.0
Gm30946,0.0
Gm25080,-0.27
Mir6380,0.0
H2az1,-0.337
Gm43088,0.522
Gm15460,-0.561
Gm23467,0.0
Adh6-ps1,-0.25
Gm43724,0.0
Gm43725,0.0
Mir1956,-0.225
Gm43726,-0.071
Gm9415,0.0
Gm6057,0.0
Gm43723,-0.241
Gm16060,-1.277
Gm43162,-2.039
Gm4862,0.0
Gm43163,0.0
AC110257.1,0.0
Gm2451,0.0
Mir7j,0.0
Gm4863,0.0
Gm19184,0.0
Gm19080,0.0
Gm31211,0.0
Gm6214,0.0
Gm43276,0.0
AC158307.1,0.0
Gm43826,1.243
Gm6059,0.01
AC102108.1,-0.572
Gm43802,0.0
Mir6381,0.0
Gbp2-ps,0.0
Gm19166,0.0
Gm24457,0.0
Gm25965,0.0
Gm31306,0.043
Gm2574,0.0
Gm38006,0.0
Gm24728,0.0
Gm2505,0.0
Gm5857,-2.383
Rpl9-ps8,0.0
Gm9419,0.0
Gm17743,-0.431
Gm16215,0.0
Clca4c-ps,0.0
Gm43408,0.0
Rpl36a-ps2,-0.289
Dnai3,-0.335
Gm25627,0.0
Gm43334,0.0
Gm22078,0.0
Gm36259,0.0
Gm9480,-0.498
Gm19104,0.339
Gm10288,-0.145
Gm6074,0.0
Gm37803,0.0
Gm23131,0.0
Gm43576,0.0
Gm38068,0.0
Gm43575,0.0
AC138591.1,0.0
Gm42647,0.0
Gm26468,0.0
Rpsa-ps10,-1.34
Gm6439,0.0
Mir3963,0.0
Gm43469,-0.155
Gm43473,0.0
AC153149.1,0.0
Gm43618,-0.566
Gm25056,0.0
Gm2939,0.587
Gm2860,0.102
Gm9682,0.0
Gm16198,-0.043
D630002J18Rik,-0.267
Gm43185,-0.315
Gm42967,-0.734
Gm43859,-0.695
Gm43858,-0.402
Gm43857,-1.325
Rpl29-ps1,0.0
Gm16232,0.237
Gm42710,-0.182
A530083M17Rik,0.447
4930597L12Rik,0.0
Gm22206,0.0
Gm43833,0.0
Gm10042,-0.173
Gm25757,0.0
Gm24395,0.0
Snord45b,0.0
Gm24494,-0.192
Snord45c,0.0
Gm3076,0.97
Gm42541,0.826
Gm42540,-0.151
Gm18589,0.0
Gm37890,0.0
Gm26456,0.0
Gm37482,-0.509
Gm5285,0.0
Scp2-ps1,0.0
Gm37449,0.0
Gm37324,0.0
Gm23038,0.0
Gm37102,-0.324
Gm37515,0.377
Gm6510,0.0
Gm42886,0.0
Gm42946,-0.651
Gm42942,0.046
Gm42943,-0.146
Gm43528,-0.871
Gm15578,0.0
Gm43527,-0.369
Gm43526,-0.449
4930566N20Rik,-0.212
Gm24373,-0.027
AC119802.3,0.0
AC119802.2,0.0
AC119802.1,0.0
Gm5983,0.0
Mir186,0.0
Gm5550,0.0
Gm6520,0.272
Gm43314,-0.502
Gm42611,-1.163
Gm43362,-1.561
Gm42968,0.0
Gm43485,0.433
Gm43486,0.0
Gm43487,0.0
Gm9423,0.0
Gm43655,0.115
Gm43307,0.352
Gm23941,0.0
Vmn1r-ps2,0.0
Vmn1r-ps3,0.0
Gm11783,0.0
Gm11786,0.0
Gm11784,0.0
Gm11785,0.054
Gm11787,0.0
Mir3471-2,0.0
Gm11805,0.0
Gm22781,0.0
9430025C20Rik,-1.142
Gm24016,0.0
Gm24125,0.0
Rps10-ps3,-0.338
Gm11780,0.0
Gm26436,0.0
Bpnt2,-0.115
Gm11779,0.0
Gm11781,0.0
Gm24337,0.0
Gm11796,0.0
Gm11797,0.0
Gm11798,0.0
Gm37689,-0.343
Gm11803,0.0
Gm11801,0.0
Gm22473,0.0
Gm11804,0.0
Gm11794,0.0
Gm23860,0.0
Gm11800,0.0
Gm11799,0.0
Gm37386,0.0
Gm11810,-0.621
Gm11809,0.103
Rps18-ps2,-0.099
Gm23423,0.0
AL671970.1,0.0
Gm24152,0.0
4930448K20Rik,0.0
Gm11834,0.0
Gm11835,0.0
Gm11814,0.0
Gm11813,0.0
Gm12920,0.0
Mir3471-1,0.0
Gm12918,0.571
Gm12919,0.0
Rps11-ps3,0.0
Gm11829,0.0
Mir684-2,0.0
Gm11830,-0.25
Gm11821,-0.195
Gm11822,-0.089
Gm11833,-0.131
Gm11839,-0.499
Gm11841,0.456
Gm11843,-0.206
Cibar1,0.257
Gm22180,0.0
Gm11847,0.0
AL806527.2,0.0
Gm37985,-0.638
AL806527.1,0.0
Gm11819,0.0
Gm11826,-0.34
Gm11825,-0.072
Gm24068,0.0
Gm11824,-0.372
Gm24908,0.0
Gm11836,0.0
Gm11838,0.0
Gm11845,0.0
Gm24317,0.0
Gm11856,0.0
Gm11859,0.0
Gm11857,0.0
Gm11858,0.0
Gm11855,0.0
Gm26148,0.0
Mir6400,0.0
Gm11869,0.39
Gm11870,-1.07
Gm11874,-0.055
Gm11865,0.0
Gm37355,0.0
Gm11864,0.0
Gm24978,0.0
Gm11862,0.0
Gm23975,0.0
Gm11848,0.0
Gm11850,0.0
Gm11849,0.0
Gm11860,-0.092
Gm11852,0.0
Gm11854,0.0
Gm11853,0.0
Gm11868,0.0
Gm12392,0.0
Gm12393,0.0
Gm11877,0.0
BX649549.1,0.0
Gm11873,0.0
Gm11871,0.0
Gm22817,0.0
Gm25977,0.0
Gm11875,-0.065
AL672159.1,0.0
Gm11876,0.0
Gm11885,-0.092
Gm11880,0.0
Gm11882,0.0
Gm24607,0.0
Gm37900,-0.524
Gm11878,-0.038
Gm11881,0.0
Gm11879,0.0
Gm11888,0.0
Gm11889,-0.427
Gm11890,0.0
Gm11892,0.0
Gm11891,0.0
Prdx6-ps2,-0.094
Gm11897,0.0
Gm11894,0.0
Gm25975,0.0
Gm11896,0.0
Gm11893,0.191
Gm24977,0.0
Gm24042,0.0
Gm11898,0.0
Gm11895,-0.042
Gm24965,0.0
Bhmt-ps1,0.0
Gm11903,0.0
Gng2-ps1,0.138
Gm11905,0.0
Gm11904,0.0
Gm11902,0.0
Gm11901,0.0
Gm25173,0.0
AL844856.1,0.0
Gm11914,-1.24
Tpm3-rs2,0.0
Gm11911,0.0
Gm11907,0.0
Gm25378,0.0
Mif-ps11,0.0
Gm11909,0.0
Gm11910,0.0
Gm11912,0.0
Gm11913,0.0
Gm11918,0.0
Gm11919,-0.083
Gm11923,0.0
Gm11925,0.0
Gm11920,0.0
Gm25705,0.0
Gm11922,0.0
Gm11926,0.0
Gm26254,0.0
Gm11927,0.0
Gm11928,-0.286
Gm11929,0.0
Gm11933,-0.273
Gm11936,0.0
Gm11941,0.0
Gm11942,-1.184
Gm11943,0.0
Btf3-ps8,0.0
Gm11930,0.0
Mir8118,0.0
Gm11935,0.0
Gm24341,0.0
Gm25623,0.0
Gm12751,-0.148
Gm12752,0.0
Gm12754,0.0
Gm12351,0.0
Gm12350,-0.389
AL928738.1,0.0
Gm12363,0.0
Gm12361,1.027
Gm12362,-0.05
Gm12366,0.688
Gm12368,0.0
Gm12365,0.0
Gm12369,-0.077
Gm12370,-0.165
Mir876,0.0
Mir873a,-0.11
Mir873b,0.0
Taf9-ps,0.0
Rpl23a-ps6,0.0
Gm22732,0.0
AL805951.1,0.0
Gm12375,0.0
Gm12378,0.0
Gm12379,0.0
Gm12380,0.0
Gm12382,0.0
Gm25581,0.0
Gm12383,-0.245
Gm23607,0.0
Gm12385,0.0
Gm12384,-0.24
Gm12386,0.0
Gm22850,0.0
Gm12387,0.0
Gm26087,0.0
Gm12388,0.0
Gm12389,-0.445
Gm23338,0.0
Gm12391,0.0
Gm12390,0.0
Mir207,0.0
Psenen-ps,-0.445
Mir5123,0.0
Gm12397,-0.081
Mir3094,0.0
Gm25637,0.0
Gm12402,0.0
Gm12403,-0.283
Gm22888,-0.146
Gm24837,0.0
Gm23090,0.0
Gm12401,-0.779
Gm26049,-0.265
Gm26084,0.0
Dnai1,-0.404
Gm12407,0.118
Gm10601,-0.066
Gm13302,0.0
Ccl21d,0.0
Ccl19-ps1,0.0
Gm21093,0.0
Gm37530,0.218
Gm21104,0.117
Gm2457,0.0
1700045I11Rik,-0.129
Gm13301,0.0
Gm10600,0.0
Gm5859,0.0
Gm17081,0.0
Gm10599,0.0
Gm50470,0.0
Gm50471,0.0
Gm3883,0.0
BX666061.1,0.0
Gm2163,0.0
Gm52989,-0.137
Gm2564,0.0
Gm21955,0.455
Gm23709,0.0
Gm25010,0.0
Gm12481,0.458
AL732626.1,0.0
Olfr269-ps1,0.0
Olfr29-ps1,0.0
Gm12492,-0.291
Ptma-ps2,-1.443
Mir5106,0.0
Gm12677,0.0
Gm12455,0.0
Gm24376,0.0
Mir5120,0.0
4930517J16Rik,0.0
5730488B01Rik,-0.167
Gm12463,-1.273
Gm12566,0.0
Gm12585,0.0
Gm22055,0.0
Gm12411,-0.559
Gm12412,-0.042
Gm12444,0.0
Gm12445,0.0
Gm12447,0.67
Gm12443,0.0
Gm22247,-0.068
Gm12425,0.0
Gm12422,0.0
Gm12424,-0.092
Gm12423,0.0
Gm12430,-1.166
Gm38343,-0.043
Gm22670,0.0
Mir1958,0.0
Gm12435,0.0
Gm12439,0.211
Gm12438,0.0
Gm23746,0.0
Gm12442,0.0
Gm22685,0.0
Gm12453,0.0
Rbpj-ps1,0.0
Gm12451,0.0
Gm12452,0.0
Gm26424,0.0
Pgap4,0.483
Gm12459,0.368
Gm12458,0.0
Gm25485,0.0
Gm12460,-0.121
Amd-ps4,0.0
Gm23043,0.0
Gm24943,0.0
Gm22042,0.0
Gm12461,0.0
Gm12465,-0.33
Gm12466,-0.12
Gm12467,0.0
Gm12475,0.0
Tmc4-ps,0.0
Vma21-ps,0.0
Gm12482,0.105
Olfr274-ps1,0.0
Gm47786,0.0
Cct3-ps1,0.249
Olfr271-ps1,0.0
Lexis1,-0.572
AL833806.1,0.0
Mexis,-0.392
Gm12495,0.0
Gm12470,0.623
Rps15a-ps8,-1.164
n-R5s185,0.0
Gm12468,-0.369
Gm23745,0.0
Gm24177,0.0
Gm12469,-0.181
Gm25687,0.0
Tpt1-ps2,-0.105
Gm12477,0.0
Gm12479,-0.007
Gm12515,0.0
Gm12509,0.0
Gm12508,-0.276
Gm12512,0.0
Gm25419,-0.121
Gm12516,0.0
Gm12513,0.0
Gm22150,0.0
Gm12507,0.0
Gm12520,0.0
Gm12518,0.0
Gm26144,0.0
Mir32,0.0
Gm25053,0.0
Gm22300,0.0
Gm12537,0.0
Gm12538,1.598
Gm12539,0.0
Gm26138,0.0
Mir3095,0.0
Gm12577,-1.889
Gm12578,0.0
Gm12579,0.0
Gm20503,0.0
Gm12593,0.0
Rpsa-ps11,-0.694
Gm12527,0.0
Gm12529,-1.06
1700018M17Rik,0.0
Gm12543,-0.646
Mup-ps1,0.0
Mup-ps2,0.0
Mup-ps3,0.0
Mup-ps29,0.0
Mup-ps28,0.0
Mup-ps4,0.0
Mup-ps26,0.0
Mup-ps6,0.0
Mup-ps24,0.0
Mup-ps5,0.0
Mup-ps7,0.0
Mup-ps8,0.0
Gm21286,0.0
Mup-ps9,0.0
Mup-ps10,0.0
Mup-ps11,0.0
Mup-ps12,0.0
Mup-ps13,0.0
Mup-ps14,0.0
Mup-ps15,0.0
Gm12573,0.0
Mup-ps16,0.0
Mup-ps23,-0.329
Mup-ps17,0.0
Mup-ps18,0.0
Mup-ps19,0.0
Mup-ps20,0.0
Mup-ps21,0.0
AL683829.1,0.0
Gm24117,0.0
Gm25391,0.0
Gm11481,0.0
Gm11480,0.0
Mir455,0.0
Gm11212,0.0
Gm11483,-2.832
AL691484.1,0.0
Gm24234,0.0
Rpl17-ps4,-0.537
Gm23950,0.0
Gm11218,0.0
Gm11219,0.0
Gm11484,0.0
Gm25480,0.0
Gm11220,0.0
Gm11403,0.0
Hmgb1-rs18,0.0
Gm11249,-1.255
Gm23738,0.0
Tcp1-ps1,0.0
Gm24697,0.0
AL805944.1,0.0
Gm11404,0.0
Gm11221,-0.969
Gm11222,0.0
Gm11223,1.569
Gm11224,0.71
Gm11225,1.14
Ywhaq-ps3,0.0
Gm11227,0.0
Gm11229,0.0
Rps18-ps1,-0.607
Gm11231,0.0
Gm11233,0.0
Gm11235,0.0
Gm5287,0.0
Gm25653,0.0
Gm11251,0.0
Gm25769,0.0
Gm11486,0.0
Gm11485,0.0
Gm11488,0.0
Gm24170,0.0
Gm13867,0.0
Gm11760,0.103
Gm11405,0.0
Gm26379,0.0
Gm11254,0.0
Gm11258,0.0
Gm11253,0.0
Gm11257,0.0
Gm12912,0.0
Csnk2a1-ps4,0.0
Gm11259,0.0
Gm11256,0.0
Gm11241,0.0
Gm11252,0.0
Gm11242,0.0
Gm11243,0.0
Gm11244,0.0
Gm11245,0.0
Gm11246,-0.325
Gm11260,0.0
Gm11262,0.0
Gm25836,0.0
Gm11263,-0.478
Gm11409,0.0
Gm11407,0.12
Gm11408,0.0
Gm11410,-0.129
Gm11406,0.0
AL670884.1,0.0
Gm25803,0.0
Gm11765,0.0
Gm11411,-0.02
Gm11268,0.0
Gm24884,0.0
Gm11248,0.0
Gm11185,-0.106
BX571885.1,-1.461
Gm11414,-0.124
Gm10154,-0.337
Gm25899,0.0
Gm27046,-0.199
Cbx3-ps3,0.0
Gm12416,-0.06
Gm12421,-0.477
Gm12420,0.0
Gm27579,0.0
Gm12418,-0.292
Gm12419,0.0
Gm12417,0.0
Gm12413,0.0
Gm25811,0.0
Gm12550,0.0
Gm26017,0.0
Scarna8,0.0
Gm12551,-0.417
Gm12630,-0.206
Gm12604,0.0
Gm12646,0.0
Mir491,-0.559
Gm12645,0.0
Ifna-ps1,0.0
Mrpl48-ps,-0.923
Gm12601,0.0
Pramel32,0.0
Gm13281,0.0
Gm13273,0.0
Gm13282,1.002
Gm49884,0.0
Gm13286,0.0
Gm10583,0.0
Gm10582,0.0
Gm13284,0.0
Gm10581,0.0
Gm10580,0.0
Mir31,0.0
Gm12607,-2.044
Gm26490,0.0
Tgif2-ps1,0.0
Gm12608,0.0
Gm12633,0.0
Gm12634,0.0
Gm12635,0.0
Gm12636,0.0
Gm12632,0.0
Gm25244,0.0
Gm12643,-0.075
Gm12644,0.0
Gm12653,0.769
Mir6402,0.102
Gm12667,-0.056
Gm12669,0.642
Gm12671,0.0
Gm12638,0.0
Gm22605,0.0
Gm12639,0.0
Gm12641,0.33
Gm12642,0.0
Gm23443,0.0
AL807234.1,0.0
Gm12640,0.0
AL807234.2,0.0
Gm12650,0.0
Gm12647,0.0
Gm12654,0.0
Gm12656,-0.169
Gm12657,0.0
Mir872,0.0
Gm12693,0.807
Gm12704,0.122
Gm25004,-0.264
Gm20651,0.0
Gm53021,0.0
Hspe1-ps6,0.0
Cyp2j7-ps3,0.0
Cyp2j7-ps2,0.0
Cyp2j7-ps1,0.0
Cyp2j15-ps,0.0
Cyp2j14-ps,0.0
Gm27521,0.0
Gm12696,-0.483
Gm12697,-0.122
Gm12691,-0.372
Gm12692,0.0
Gm12787,0.0
Gm24203,0.0
Gm12788,-0.366
Gm12846,-1.736
Gm17376,0.0
Gm12851,0.0
Gm12852,0.275
Gm10305,-0.871
Gm37556,0.0
Gm12685,0.0
Gm12686,0.0
Gm12684,0.0
Gm12683,0.0
Gm37117,0.0
Gm12687,-0.269
Gm26425,0.473
Gm12706,0.0
Ccdc50-ps,-0.975
Gm12700,0.0
Gm10577,0.0
Gm10576,-0.063
Gm22100,0.0
Gm24468,0.0
Gm12785,-0.629
AL627251.1,-1.102
Gm25124,0.0
Gm12793,-0.441
Mir101a,0.0
Gm12795,0.0
Pramel17,0.0
Gm12791,-0.704
Gm12797,0.0
Gm12792,-1.85
Pramel18,0.0
Pramel19,0.0
Gm12799,0.318
Gm24869,0.0
Dynlt5,-3.801
Dnai4,-1.456
Gm12710,1.039
Gm12716,-0.223
Gm12715,-0.772
Gm25877,0.0
Gm12719,0.0
Gm12717,0.0
Gm12721,0.0
Gm12722,0.0
Gm12723,0.0
Gm12726,-0.811
Gm12727,0.0
Gm26047,0.0
Hspd1-ps4,-0.782
Gm12731,0.0
Gm37253,0.0
Gm53010,0.0
Gm12745,0.0
Gm12850,-0.242
Gm12870,0.0
Gm12899,0.0
Gm12906,0.0
Gm23354,0.188
Mir6397,0.0
Gm12742,0.0
Gm12740,0.0
Gm12738,0.389
AL627238.1,0.0
AL627238.2,-0.294
Gm12739,0.7
Gm23138,-1.102
Gm25827,-0.121
Gm22345,-0.179
Gm20731,0.024
Gm12741,0.16
Gm12736,-0.603
Mir761,0.0
AL627103.1,0.0
Gm12749,-0.162
Gm22497,0.0
Gm12803,0.0
Gm12808,0.0
Gm12806,0.0
Gm12807,-0.258
Gm12804,0.409
Gm12805,0.0
Gm12961,-0.491
Gm12960,-0.036
Gm12820,0.0
Gm12815,0.0
Gm12819,0.0
Gm12821,0.251
Gm12814,0.0
AL645481.1,0.269
Gm12817,0.0
Gm12816,0.557
Gm12818,0.0
Gm12813,0.0
Gm12825,0.0
Gm53026,0.0
Gm15741,0.0
Gm23230,0.0
Gm24045,-0.33
Cyp4a28-ps,0.0
Cyp4a29-ps1,0.0
Gm53032,0.0
Gm12834,0.0
Cyp4a30-ps,0.0
Gm12837,0.0
Gm12838,0.0
Gm12833,0.0
Cyp4b1-ps1,0.0
Cyp4b1-ps2,0.242
Gm12848,0.0
Gm12849,0.0
Gm12854,-0.103
Gm49337,0.0
Llph-ps1,0.0
Gm25707,-0.165
Gm12950,0.0
Gm25137,0.0
Rpl36-ps8,-0.074
Gm12994,0.899
Gm12993,0.171
AL671671.1,0.0
Gm12998,-0.08
Gm12997,0.0
Gm22335,0.0
Dynlt4,-0.241
Best4-ps,0.0
Gm13015,0.0
Gm22980,-0.257
Snord38a,0.0
Gm26330,0.0
Snord55,0.946
AL671866.2,-0.228
AL671866.1,0.0
AL671866.3,0.0
Gm12826,0.0
Gm12844,-0.338
Gm12842,0.0
Gm23382,0.0
Mir7226,0.0
Hyi,0.308
Gm12858,0.0
Gm12859,0.0
Gm12857,0.0
Olfr1343-ps1,0.0
Gm12855,0.0
Olfr1332-ps1,0.0
Gm12856,-0.072
Gm24352,0.0
Gm12864,0.0
Mir1957a,0.0
Gm37817,-0.129
Ldha-ps2,0.0
Gm50484,-0.087
Gm12954,0.0
Gm12956,0.0
Gm12955,0.0
Gm12957,-0.288
AL645563.1,0.0
Gm12959,-1.598
Mir30c-1,0.0
mmu-mir-30e,0.0
Gm12871,0.303
Gm24678,0.0
Mir7015,0.0
Gm23540,0.0
Gm12882,-0.157
Gm12881,0.0
Gm12879,-0.146
Gm12890,0.0
Gm12889,-0.212
Gm12885,0.0
Gm12884,0.0
Gm12883,0.0
Gm12880,0.0
Gm26162,0.0
Gm12878,0.0
Gm12892,-0.403
Gm12896,0.0
Gm12897,0.0
Gm12893,0.0
Gm12895,0.652
Gm12877,0.0
Gm12874,0.0
Gm12875,0.0
Gm12876,0.0
Gm12872,0.0
Gm12873,0.0
Gm12891,0.0
Gm17244,-0.907
Gm12901,0.0
Gm12900,-0.256
Gm25788,0.217
Gm22154,0.0
AL606917.1,0.0
Gm12924,-0.361
Mir6398,0.0
Gm12926,0.0
Gm12922,0.549
AL683811.1,-0.088
Gm12904,0.0
D130007C19Rik,0.05
Gm12903,-0.82
Gm12902,-0.288
Gm37667,0.0
Gm12917,-0.381
Mir697,0.0
Mir698,-0.042
Gm12931,0.0
Ftl2-ps,-1.002
mmu-mir-692-2,0.0
Rpl28-ps3,0.073
Gm25323,-0.094
Adprs,-0.097
Gm12929,0.0
Gm12928,0.0
Gm12935,0.0
Gm12934,0.335
Mir7119,0.0
Gm12936,-0.248
Gm12933,-0.425
Gm12937,-0.3
Gm24161,-0.277
Gm25604,0.0
Gm12939,0.0
Gm12941,-0.287
Gm12944,-1.483
Gm25600,0.0
Gm12943,0.0
Gm22221,0.0
Gm12948,0.0
Gm12947,0.0
Gm12969,0.0
AL607086.1,0.0
Gm12980,0.0
Gm24621,0.0
Mir8119,0.0
Mir7016,0.0
Gm12967,0.0
Gm10571,-0.168
Gm23845,-0.075
Gm12966,-1.023
Snord85,0.0
AL627104.2,0.0
AL627104.1,0.0
Gm22660,0.0
Gm25261,0.0
A930004J17Rik,-1.581
Gm12978,0.0
Gm50475,0.0
Gm13214,0.0
Gm37711,0.455
Gm13215,-1.066
Rps15a-ps4,-0.7
Gm13252,-0.067
Rnu11,-0.45
Snora16a,0.0
Snora44,0.0
Snora61,0.0
Snord99,0.0
Snora73b,-0.552
Snora73a,-0.081
Gm23055,0.0
AL805897.1,0.0
Gm24762,0.0
Gm13022,-0.084
Gm22767,-0.3
Gm13033,-0.784
Mir7017,0.0
Gm13259,-0.775
Mir5122,0.0
Gm13213,-0.736
Mir7227,0.0
Gm25270,0.0
Gm12985,0.0
Gm22523,0.0
Zpld2,0.0
Gm13131,-0.541
Gm13195,0.0
Gm13250,0.206
Mir6403,0.0
Gm12983,0.0
Gm12982,-0.258
Gm12991,0.0
Gm12990,-0.304
Mir700,0.0
Gm37270,0.0
Gm12989,-0.106
Gm12988,-0.123
Gm13000,0.0
Gm13006,0.0
Gm13007,-0.425
Gm13009,-0.212
Gm13013,-0.076
Gm12987,-1.858
Gm12986,-0.292
Gm37583,-0.216
Gm23834,0.0
Gm13005,0.0
Gm13002,-0.261
Rpl31-ps10,-0.475
Mir7018,0.0
BX000694.1,-0.329
Mir6399,0.0
Mir7019,0.0
Rpl38-ps1,-0.453
Gm25280,0.0
Pla2g2a,0.0
Hspe1-ps4,0.0
Slc66a1,0.206
Gm52956,0.0
Gm13019,0.0
Ccnd3-ps,0.0
Gm21969,0.0
Mir7020,0.0
Mir2139,0.0
Gm9867,0.0
Gm50453,0.0
Gm26226,-0.208
Gm13047,0.0
C630004L07Rik,-0.826
Gm13076,0.0
B330016D10Rik,0.186
Gm13059,0.0
Gm37624,0.0
Mir7021,0.0
Gm13038,0.0
Gm13039,0.18
Gm22039,0.0
Eef2-ps2,-0.132
Anp32b-ps1,-0.174
Gm13045,0.0
Pramel12,-0.874
Gm13042,0.0
Gm13046,0.0
Gm13041,0.0
Pramel20,0.0
Gm13058,0.0
Gm13080,0.0
Pramel21,0.0
Pramel22,0.0
Gm13085,0.0
Gm13082,0.0
Pramel23,0.0
Pramel24,0.0
Gm13087,0.0
Gm13081,-0.309
Pramel25,0.0
Pramel26,0.0
Pramel27,0.0
Pramel11,0.0
Gm13100,0.0
Gm13106,0.0
Pramel16,0.0
Pramel28,0.0
Pramel14,0.0
Gm13108,0.0
Gm13104,0.0
Pramel29,0.0
Gm13123,0.0
Gm13120,0.0
Gm13130,0.0
Pramel30,0.0
Gm13122,0.0
Pramel31,0.0
Pramel15,0.0
Pramel13,0.0
Pramel13os,-0.147
Gm52990,0.0
Gm13118,0.0
Aadacl4fm1,0.0
Gm13121,0.0
Gm13126,0.0
Aadacl4fm2,0.0
Gm13127,-0.297
Aadacl4fm4,0.0
AAdacl4fm3,0.0
Gm25938,0.0
Aadacl4fm5,0.0
Prdx2-ps2,0.0
Gm38074,0.0
Gm13024,-0.291
Gm13224,0.0
Gm13230,-0.042
Gm13223,0.0
Smarca5-ps,-1.671
Gm13229,0.0
Gm21978,0.0
Gm13228,0.0
Gm13226,0.734
Gm13222,0.0
Zfp268,-3.681
Gm13234,0.0
Gm13231,0.0
Gm13249,0.0
Gm13239,0.0
Gm13232,0.845
Gm13244,0.0
Gm13243,0.0
Vmn2r-ps15,0.0
Znf41-ps,0.553
Gm13238,-0.601
Gm13246,0.0
Gm13036,0.0
Gm13034,-0.397
Gm13035,0.0
Gm13170,-0.032
Gm13167,0.0
Gm13169,0.0
Gm13168,-0.102
Vmn2r-ps17,0.0
Gm13241,-0.396
Gm13245,-0.139
Gm13237,0.0
Gm13233,0.0
Gm13240,0.0
Vmn2r-ps16,0.0
Gm20760,0.0
Gm13140,-0.309
Gm13149,0.0
Gm13153,0.0
Gm13160,0.0
Gm13142,-0.454
Gm13162,0.0
Vmn2r-ps18,-0.361
Gm13146,-0.303
Gm13163,0.0
Gm13147,-1.19
Gm13158,0.0
Gm13135,-0.717
Gm13144,0.0
Gm8178,0.0
Gm13161,-0.113
Vmn2r-ps19,0.0
Gm15951,0.0
Vmn2r-ps20,-0.156
Gm13141,-0.175
Gm13155,0.0
Gm13137,0.0
Gm13136,-0.883
Gm13148,0.246
Rps19-ps3,1.286
Gm13156,-0.686
Gm13207,1.53
Chchd2-ps,0.073
Mir7022,0.0
Gm23303,0.0
Gm24002,0.0
Gm23318,-0.271
Gm13204,0.0
Gm9506,-0.573
Rpsa-ps12,-1.222
Trmt112-ps2,1.192
Gm13071,0.722
Gm24381,0.0
Mir5616,0.0
Mir7023,0.0
Gm13065,0.0
Gm13064,0.0
Mir34a,0.0
Gm37795,-1.377
Gm53001,0.0
AL606971.1,0.0
Gm13094,-0.632
Gm13092,-0.359
mmu-mir-12196,0.0
Rps15a-ps3,-0.876
Gm23405,0.0
Gm37141,0.0
Gm9768,0.109
Gm13077,0.0
Gm13172,0.0
Gm25880,0.0
Gm13117,0.0
Gm13114,0.0
Gm26036,0.0
Gm13132,-0.322
AL670227.1,0.0
Gm13171,1.124
Gm22573,-0.112
AL627204.1,0.745
Gm37090,0.206
Gm25982,0.0
Mir429,0.0
Mir200a,0.0
Mir200b,0.0
Mir7658,0.0
AC245278.1,0.0
Vmn2r129,0.0
Vmn2r125,0.0
V1rg10,0.0
Gm3027,0.0
Gm18187,0.0
Gm8706,0.0
Gm43529,0.0
Gm6486,0.0
Gm3053,0.0
Gm43530,0.0
Gm8715,0.0
Gm18985,0.0
Gm15772,-0.32
Gm43679,-0.819
Rps4x-ps,0.621
Wdr46-ps,0.294
Gm15750,0.0
Gm22897,0.0
Pttg1ip2,-0.433
Gm30652,0.121
Gm43219,0.0
Gm15459,-0.595
Gm38697,0.0
Gm23838,0.0
Gm42718,-0.142
Gm42719,0.0
Gm24686,0.0
Gm3203,0.135
Gm43324,0.0
Gm5714,-0.247
Gm24525,0.0
Tubb4b-ps1,-0.414
Gm42598,-0.313
Gm42597,0.0
Gm43841,0.372
Gm4960,0.0
Gm8802,0.0
Gm43478,0.0
Gm15730,-0.211
Gm21759,0.0
Gm23993,-0.166
Gm42490,-0.032
Gm42685,-1.435
Gm42684,-0.199
Gm42686,-0.208
7330423F06Rik,-0.745
Gm17936,-0.418
Gm15610,-0.194
Gm37153,0.0
Gm24666,-0.347
Gm7332,-0.806
Elapor2,0.413
Gm15733,0.0
Mir879,0.0
Gm42455,1.26
Gm23312,0.0
Gm35212,0.093
Gm42832,-0.267
Gm6586,0.0
Gm5715,-0.159
Gm28685,0.0
Gm17091,0.0
Gm4959,0.0
Gm42828,0.0
Gm42834,0.0
Gm42833,0.0
Gm3321,0.0
Gm8861,0.0
Gm8874,0.0
AC174780.1,0.0
Gm8891,0.0
Gm8896,0.0
Gm29745,0.0
Gm43540,-0.335
Gm21040,0.0
Gm8920,0.0
Gm8924,0.0
Gm8929,-0.228
Gm29755,0.0
Gm5288,0.0
Gm38242,0.0
Gm42910,0.0
Gm8925,-1.388
Gm42909,-0.155
Gm42580,0.0
Gm10481,0.0
Gm6641,0.856
Gm10108,0.0
Gm42680,0.0
Gm43130,0.0
Gm42676,0.0
Gm42675,-0.698
Gm43719,-0.197
Gm43718,0.0
Gm4751,0.0
Gm6647,0.0
Gm6650,0.0
Gm8968,0.0
Gm35702,0.0
Dnd1-ps,0.0
Gm43519,-2.299
Gm43523,-1.598
Gm42446,1.451
Gm42447,0.871
Gm42448,0.986
Gm42444,1.177
Gm42445,0.272
Gm43663,1.766
Gm43662,1.177
Gm43665,1.446
Gm42452,0.0
Gm42454,0.0
AC156995.1,0.0
Gm42453,-0.116
Gm42451,0.0
Gm43490,0.878
Gm43491,-0.049
Gm8984,0.0
Gm43489,-0.637
Gm42975,-0.178
Gm8991,0.0
Gm42855,0.0
Gm6673,0.0
Gm21999,0.0
Gm7047,0.0
Gm3527,-1.002
Gm17889,0.0
Gm23822,0.0
Gm43032,0.816
Gm32102,0.0
Gm21009,0.0
Gm25335,0.0
AC113596.1,0.0
Gm25761,0.0
Gm43680,0.0
Gm3544,-0.143
1110060G06Rik,-0.277
Rpl31-ps5,-0.098
Gm43216,-0.438
Gm22490,0.0
Rpl31-ps21,0.0
Gm18830,0.0
Gm42660,0.0
Gm43215,-0.809
Gm43214,0.0
Gm6543,0.248
Gm8539,-0.376
mmu-mir-12197,0.0
Gm15719,-0.335
Gm15715,0.0
Gm16111,0.0
Dnaja1-ps,0.0
Gm19666,-0.42
AC119906.1,0.0
Gm16113,0.0
Gm16112,0.0
Gm25459,0.0
Gm43110,-0.097
Gm15421,-0.331
AC121548.1,0.0
Gm9057,-0.403
Rpl17-ps5,0.0
Gm24512,0.0
Gm9523,0.0
Gm6560,-0.137
Gm21846,0.004
Gm43169,0.0
Gm6564,-0.176
Gm43722,0.0
Gm43058,-0.579
Gm42509,0.46
AC117614.1,0.0
Gm43054,-1.72
4933427G23Rik,0.11
AC117663.2,0.0
AC117663.1,0.0
Gm22054,0.0
AC117663.3,-0.106
Gm9534,0.0
Gm6745,-0.749
Gm18038,0.0
Gm3724,0.26
Gm43389,-0.569
Gm5575,-1.038
Gm43828,0.0
Gm43827,0.0
Gm9836,0.0
AC113055.1,0.0
Gm22333,0.0
Gm10472,-1.576
Gm10221,0.445
Mir671,0.0
1700022A21Rik,0.0
Gm19088,0.0
Gm42585,-0.762
Hspe1-ps3,-0.206
Gm20432,-0.601
Gm18343,-0.053
Gm22656,0.629
Gm43141,0.0
Gm43143,-0.724
Gm43142,0.0
Gm21168,1.03
Gm5067,1.341
Gm6089,1.098
Gm18957,0.325
Gm42844,0.0
Gm29784,0.0
Gm16056,-0.132
Gm16057,0.0
Gm43776,1.36
Gm43502,0.067
Gm43433,0.0
Gm20239,0.0
Gm43096,0.0
Gm5551,0.0
Gm17695,-0.076
Gm4865,-1.275
Gm43611,-0.033
Gm43610,0.0
Gm10290,-0.012
Gm43161,0.0
AC115028.1,0.0
Gm7420,-0.322
C79130,0.877
AC164700.1,0.0
Gm6083,0.0
Gm42570,0.025
Gm43117,0.0
Gm5552,-0.198
Gm2213,-0.212
Gm1969,0.0
Gm43386,0.0
Mir1960,0.0
Gm16288,-0.89
Fam166c,0.0
Mir5625,0.0
AC105298.1,0.0
Gm43808,0.075
5930420M18Rik,0.743
Abhd1,0.148
Gm9924,-0.216
Gm29609,0.515
Gm42798,-0.818
Gm19457,0.0
Gm43659,0.0
4930478M09Rik,0.0
Gm43059,-0.735
2900076G11Rik,-1.09
Gm43809,0.0
Mir3473e,-0.28
Gm43810,-1.365
Gm43811,-1.49
mmu-mir-12198,0.0
Gm10463,-0.661
AC111030.1,0.0
Gm9555,0.0
Gm15615,0.0
Gm5864,0.0
Gm43312,-1.424
Gm43313,-2.39
Gm15613,0.0
Gm42964,-0.255
Gm43812,-0.425
Gm10461,-1.544
Gm43694,0.944
Gm50482,0.0
Gm43852,-1.378
Gm2420,0.0
Gm20671,0.0
Gm43692,-0.604
Gm2623,-0.585
Gm24003,0.0
Gm43693,-0.736
Gm43849,0.0
Rpl35a-ps5,0.182
AC122203.1,0.0
Gm15936,0.0
5033423K11Rik,0.742
Gm43850,0.0
Gm10459,0.0
Gm42965,0.0
G630022F23Rik,-0.288
Gm10059,0.206
Gm30708,-0.103
Mir7024,0.0
Gm42847,0.147
Gm19798,-0.371
Gm43459,0.0
Gm25918,0.0
Gm5553,0.0
AC102620.1,0.0
Gm42559,-0.743
Gm26931,0.0
Gm43457,-1.584
Gm22847,0.0
Mir7036b,0.0
Gm42867,-0.182
mmu-mir-467g,0.0
Mir3097,0.0
4930442P19Rik,0.092
Gm43377,0.702
Gm43860,0.419
Plk-ps1,0.0
H2af-ps1,0.0
Mir7689,0.0
Gm42936,0.0
Gm42507,-0.212
Gm24878,0.131
Gm25767,0.0
Gm40318,0.0
Gm42506,0.0
AC110238.1,0.0
Gm42935,0.0
Gm15732,0.0
Gm43762,0.0
Gm42858,0.397
Gm15796,0.125
Gm22249,-0.269
4930421P07Rik,0.0
Gm22779,0.0
Gm42857,0.0
Gm43456,0.0
Gm5291,0.0
4930421C12Rik,0.0
Gm25377,0.0
Gm42528,-0.119
Gm7816,-0.807
Gm2810,0.045
Gm23022,0.0
4930519E07Rik,0.0
Gm4754,0.0
Gm43806,0.0
Gm5298,0.0
Mir6414,0.0
Gm20156,0.0
Gm7181,-0.455
Gm5554,0.0
Gm42553,-0.298
Gm42552,-0.36
Gm42551,-0.1
6030400A10Rik,0.048
Gm43022,-1.697
Gm43023,-0.82
Gm42462,-1.234
Gm43182,-0.35
Gm43181,0.0
Gm7882,0.0
Gm5292,-0.554
Gm43183,0.0
Gm43184,0.0
Gm42966,-0.028
Gm42429,0.0
Gm42427,0.097
E430021H15Rik,-2.332
Gm42983,-3.608
Gm42698,0.0
Gm43114,0.0
Gm5865,-1.19
Gm42981,0.223
8030487O14Rik,-0.866
Gm43506,0.612
Gm43505,0.0
Gm43508,-0.958
Gm43504,0.299
Gm43503,-0.264
E030026E10Rik,-0.882
Gm43509,-0.121
Gm10205,0.0
Gm42519,0.271
Gm42521,0.66
Gm42520,0.069
Gm43367,0.0
Gm43366,-0.313
1600023N17Rik,-0.763
Gm36401,-1.266
Gm43201,-1.017
Gm29036,0.537
Gm43200,-2.115
4930449I04Rik,-0.562
Gm7931,0.0
Gm43093,0.0
Gm43092,0.0
Gm43601,0.0
Gm17824,0.0
Gm3010,0.0
Gm43427,0.0
Gm43426,-0.606
Gm42536,-0.724
Gm42537,0.053
Mir218-1,0.134
Gm42534,-0.107
Gm42535,-0.268
Gm43831,1.262
Gm43648,1.0
Gm19031,1.101
Gm43829,1.144
Gm43830,0.7
Gm43319,1.093
Gm42919,0.815
Gm43321,1.149
Gm43320,0.727
Gm10025,0.808
Gm10048,1.447
Gm43318,0.846
Gm43341,1.055
C030015E24Rik,0.916
Gm43317,1.344
Gm43316,1.094
Gm42766,1.176
Gm43046,0.955
Gm43047,1.238
Gm42767,0.753
Gm42768,0.912
Gm42769,0.79
Gm42770,1.057
Gm43048,0.537
Gm42771,0.844
Gm42772,0.618
Gm19932,0.0
Gm43670,-0.745
2900064K03Rik,0.57
Gm5555,0.894
Gm7988,-0.22
Gm42461,-0.709
Gm42460,-0.234
Gm7205,0.0
Mir8117,0.0
AC102749.1,0.0
Gm42459,0.0
Gm4962,-0.137
Gm43014,-0.575
Gm43015,0.0
Gm40319,0.0
Gm42614,-1.448
Gm42615,-1.095
Gm42613,-0.204
Gm43605,-0.471
Gm43606,0.634
Gm42616,1.326
Gm42617,0.308
Gm43175,-0.218
Gm43174,-0.076
Mir6417,0.0
Gm43176,-0.242
Gm43178,-1.074
Gm43180,0.932
Gm43686,0.992
Gm5866,0.0
Gm43664,0.0
Gm23532,0.0
Gm43268,0.367
Gm43266,1.5
AC139037.1,0.0
Gm15820,0.0
Gm18451,0.0
Gm8069,0.0
AC162884.1,0.0
Gm43781,0.0
Gm24235,0.0
Gm43779,0.0
Gm25513,0.0
Gm43780,-1.378
Gm43396,0.0
Gm43199,0.0
Tent2-ps1,-0.588
Gm43778,0.149
Gm20223,0.0
Gm43705,0.0
Gm43315,0.0
Gm42977,0.0
Gm23896,0.0
Gm24902,0.0
Gm23015,0.0
Gm3283,-0.136
Gm8115,-0.107
Gm18901,0.0
Gm43706,-0.093
Gm6615,0.0
Gm8121,-0.32
Gm43002,0.0
Gm42634,0.0
Gm42635,-0.256
Gm42481,-0.112
Gm42480,-0.612
Gm42482,-0.3
Gm17977,0.798
Gm43715,-0.602
Gm42479,-0.356
Gm42478,-0.093
Gm42639,-0.114
Gm42640,0.147
Gm42484,-0.551
Gm37720,0.285
Gm42483,-0.553
Gm42486,-0.068
Gm42976,0.0
Gm43045,-0.148
Gm42999,0.0
Gm22536,0.0
Gm43394,0.0
Gm6632,0.0
Gm43395,-0.06
AC121780.1,0.0
Gm43044,0.0
AC121769.1,0.0
Gm43043,0.0
Gm43041,-0.366
Gm42862,0.0
Gm43392,0.0
Gm43393,0.0
Gm42861,0.0
Cbfa2t2-ps1,0.129
Gm23331,0.0
Gm43390,0.0
Gm3372,0.0
Gm23708,0.0
Gm42860,0.0
Gm8182,0.0
Gm43382,0.0
Gm43383,0.0
Gm43384,0.0
Gm42430,0.0
Gm22273,0.0
Gm43238,0.0
AC135359.1,0.0
Gm43237,-3.23
Gm43753,-4.308
Gm9954,-0.469
Gm3687,-0.145
Gm43840,0.0
Gm25608,0.0
Gm22559,0.0
Gm15824,-0.038
Gm43721,-1.831
Gm15823,-1.069
Gm6044,-1.683
4930526M16Rik,0.0
Gm43836,0.0
Gm43835,0.0
Gm42566,0.0
C230096K16Rik,-2.504
AC130535.1,0.0
Gm21011,-0.121
Mir574,0.0
Gm43627,-1.767
Gm43628,-1.848
1110003F10Rik,-0.97
Gm43311,-0.484
Gm43552,0.0
Gm43289,-0.683
Gm43290,-0.45
4930589O11Rik,-0.894
Gm42725,1.16
Gm40309,-1.148
Gm42727,-0.8
Gm42729,-0.07
Gm24399,0.0
Gm42728,-1.32
C030017G13Rik,-1.133
Gm42648,-2.114
Gm42645,-0.684
Gm42646,-1.468
Gm43004,-4.043
Gm43769,-3.224
4930480C01Rik,-0.827
Gm43771,-2.551
Gm43775,-1.026
Gm43323,-0.63
Gm22929,0.0
Gm43772,0.0
Gm15794,-0.816
Gm3822,-0.302
AC131752.1,0.0
Gm43790,-0.406
Gm43793,0.182
Gm16273,0.0
Gm43792,-0.136
Gm43794,-0.382
Gm43343,-0.343
Gm43795,0.422
C530043K16Rik,-0.271
Gm43279,1.161
Gm43280,-0.076
Gm6517,-0.128
Gm43281,-0.138
Gm43282,-0.257
Gm42713,0.0
Gm33167,0.455
Gm42632,-1.032
Gm20072,0.113
1700025A08Rik,-0.556
Gm42735,-0.252
Gm42737,0.48
D630030B08Rik,-0.794
Gm42466,-0.754
Gm42736,-1.223
Gm43027,-0.115
Gm43028,-0.137
Gm43025,0.0
Gm43026,0.0
AC116375.1,0.0
Gm23605,0.0
Gm42850,0.0
Gm43842,0.0
D130004A15Rik,-0.047
Gm43371,-0.153
Gm43373,-0.37
Gm43374,-0.155
Gm43230,-0.236
Gm43229,-0.48
Gm42888,-0.357
AC107770.1,-0.252
Gm5867,-0.08
Gm42887,0.0
3110031N09Rik,-0.533
Gm26044,0.0
Gm23661,0.0
Gm43139,0.0
Gm23067,0.0
AC114600.1,0.0
Gm42652,0.0
Gm42653,-0.122
Gm15617,0.0
Gm15616,0.0
Gm42569,0.0
Atp10d,-0.053
Gm25768,0.0
Gm19560,0.0
AC129608.1,0.0
Gm43815,-0.99
Gm34144,0.04
Slc10a4-ps,0.461
Gm5297,-0.589
Gm43717,-0.2
Gm43499,-1.678
Gm9870,0.265
Zar1-ps,0.08
Gm42668,0.417
Gm42572,-1.079
Gm42571,-2.21
Gm42734,0.0
Gm42733,-0.446
Gm42732,-0.609
Gm34583,-0.304
Gm35960,-0.204
Gm43798,0.0
Gm15653,-0.355
Gm43799,0.864
Gm43417,1.096
Gm43415,0.567
Gm43416,-0.434
Snora26,0.0
A330058E17Rik,0.4
Gm42599,0.072
Gm15981,-0.148
Gm15982,-1.071
6720475M21Rik,-1.73
Gm43167,0.147
Gm43747,-0.925
Gm17906,-0.112
Gm42577,0.116
Gm42576,-1.431
Gm18593,0.0
Gm2040,0.0
Olfr1401-ps1,0.0
Gm42803,0.531
Mir7025,0.0
Gm42799,-0.138
Gm18345,0.0
Gm24502,0.0
Gm43102,-0.198
Gm38180,0.0
Gm6051,0.0
Apc-ps1,0.581
Ube2n-ps1,0.57
Gm43658,-0.443
Gm42666,0.0
Gm42665,0.0
A730089K16Rik,0.899
Cracd,0.349
Gm7494,0.0
2310040G07Rik,0.143
mmu-mir-12199,0.0
AC165975.1,0.0
Gm19060,0.0
Mir5098,0.0
Gm42758,0.0
Pea15b-ps,0.0
Gm22011,0.0
Gm31049,0.0
Gm42673,0.0
Mthfr-ps1,0.0
Gm43232,0.0
Gm25756,0.0
Gm43234,0.0
Gm18452,0.0
Gm23429,0.0
AC158548.1,0.0
Gm22974,0.0
Gm2199,0.111
Gm43594,-1.639
Gm43084,0.556
2900064F13Rik,0.373
1700008H02Rik,0.0
Rpl7-ps7,-0.713
Mir1187,0.0
Gm24129,0.0
Gm43217,0.0
AC161442.1,0.0
Gm15626,0.0
Gm25765,0.0
Gm25806,0.0
Gm24792,0.0
Gm4866,-0.156
Hmgn2-ps1,0.0
Gm43531,0.0
Gm21006,0.0
Gm24626,0.0
Gm43564,0.0
Gm2287,0.63
Gm24524,-0.496
AC100746.1,0.0
Gm43055,0.0
Gm21461,0.0
AC160532.1,0.0
Gm24121,0.0
Gm20121,-0.315
Gm53044,0.0
Gm7631,-0.04
Gm5869,-0.31
Gm18635,0.0
Gm42465,0.0
Gm31230,0.0
Gm42795,0.0
Gm5717,0.0
Gm43369,0.0
Gm19418,0.0
Gm7646,0.0
Gm7652,0.0
Gm42796,0.0
Idi1-ps2,0.0
Gm21049,0.0
Gm43370,0.0
Gm43638,0.0
Mir3969,0.0
Gm43368,0.0
Gm21043,0.0
AC074046.2,0.0
Gm42845,0.0
AC074046.1,0.0
Gm7337,0.0
Gm28434,0.0
Gm7709,-0.329
Gm42623,0.0
Gm42622,0.0
Gm42621,0.0
Gm42164,0.0
Gm7048,0.095
Smr2l,0.0
Gm43431,0.0
Gm7721,0.0
Gm43432,0.0
Gm15682,0.0
Gm42911,0.0
Mkrn1-ps1,-0.243
Gm6366,0.0
Gm43515,0.064
Gm25758,0.0
Eif5al3-ps,-0.479
Gm43363,-0.405
Gm2602,0.0
Gm43090,0.0
Gm43085,0.0
AC115067.1,0.0
AC144927.1,0.0
Trmt112-ps1,0.0
Gm7832,-0.697
Gm19649,0.0
Gm43596,0.0
Gm5558,0.0
Gm43039,-0.987
Thap6,-0.495
Gm22728,-0.078
Gm15710,-0.339
Gm43040,-0.358
Gm25290,-0.205
Gm23031,0.0
Cxcl11,-0.263
Gm2673,-0.286
Mir6415,0.0
Mir1961,0.0
Gm6450,0.0
Gm25521,0.0
Gm22915,0.0
Gm43172,0.0
Gm43173,-0.04
Septin11,-0.159
Gm43682,-0.882
Gm43681,-0.262
Gm2986,-1.414
Kat2b-ps,0.0
Gm18118,0.0
Gm43224,0.0
Pramel33,0.0
Pramel34,0.0
Gm43225,0.0
Gm43226,0.0
Gm7919,0.0
Gm43227,0.0
Pramel35,-0.151
Pramel36,0.0
Gm6346,0.0
Gm3089,0.0
Pramel37,0.0
Pramel38,0.0
Pramel39,0.0
Pramel40,0.0
BC080696,0.0
Pramel41,0.0
Pramel42,-0.171
Pramel43,0.0
Pramel44,0.0
Gm42561,0.0
Gm7663,0.0
Gm3176,0.0
Gm7647,0.0
Gm42661,0.0
Gm7939,0.0
Pramel45,0.0
Pramel46,0.0
Gm6468,0.0
Pramel47,0.0
Gm32072,0.0
Gm7961,0.0
Gm42662,0.0
Pramel48,0.0
Pramel49,0.0
Gm6348,0.0
Gm3302,0.0
Pramel50,0.0
Gm42714,0.0
Gm5559,-0.103
AC148327.1,0.0
Gm7993,-0.258
Gm2840,0.106
Gm42605,-0.094
Gm42603,-1.511
Gm42602,-0.727
Gm24623,0.0
Gm43147,-0.271
Gm43148,0.207
Gm43144,0.469
Gm43145,0.899
Gm5560,0.049
C430019N01Rik,-0.705
Gm42759,-0.733
Gm42760,0.0
Gm8041,0.0
Gm8048,0.0
E030032P16Rik,-0.242
Gm43767,0.0
Mir703,-1.742
Gm24279,0.0
Gm3470,0.0
Gm16228,0.882
Gm43249,0.0
Gm8091,0.895
Gm42690,-0.094
AC109196.1,-0.687
Gm19620,0.898
Gm43510,0.0
Gm43511,-1.646
Gm43513,-1.408
Gm26286,0.0
Gm42987,-0.244
Cycs-ps2,0.131
Gm43103,0.0
Gm43273,0.857
Gm43272,-0.604
Gm42934,-0.125
Gm43787,-0.643
Gm17978,0.0
Gm42933,0.0
Gm42932,0.0
Gm42522,1.225
Gm43789,0.292
Gm18702,0.0
Gm42619,0.0
Gm15844,-0.901
Gm43546,0.0
Gm25721,0.0
Gm43547,-1.906
AL731554.1,0.0
Gm8200,0.0
Gm43545,-1.093
Mir5619,0.0
Gm43333,-0.522
Gm42793,-1.507
Thoc2l,-0.95
AC123687.1,-0.471
Gm8258,-0.517
AC125005.1,-0.33
Gm43856,-0.235
Gm43855,0.0
Gm5870,-0.84
Gm43302,0.0
Gbp11,-1.335
Gm42141,-2.515
Rps15a-ps5,-1.679
Gm10359,0.0
Gm43818,0.0
Gm43817,-0.858
Gm19566,-0.233
AC124083.1,0.0
Gm5987,0.0
Gm38433,0.0
Gm42915,0.0
Gm28039,0.0
Gm17937,0.0
Gm43421,-0.687
Gm8365,0.0
Olfr719-ps,0.0
Gm43422,-0.679
Gm43423,-1.344
Gm8145,0.0
Gm42900,-1.513
Gm22557,0.0
Gm8152,-0.481
n-R5s173,0.0
Gm9727,0.987
Gm42669,-0.311
5830411K02Rik,-2.863
Gm43593,-0.112
Gm16007,0.0
Gm43592,0.227
Snord21,0.0
Gm22270,0.0
Gm26387,0.069
Gm9850,-0.216
Rps19-ps8,-0.076
Gm7118,0.0
Gm8190,0.0
Gm43083,0.0
Gm43081,-0.094
AC124107.1,0.0
Gm34319,-0.121
Gm10086,-0.285
Gm43364,-0.348
Gm43365,0.096
Gm18594,0.0
Gm10417,-0.057
Vmn2r-ps21,0.0
Gm42627,0.0
Gm18971,0.0
Gm18595,0.0
Gm5871,0.0
Gm8473,-0.274
Gm7171,0.0
Gm18555,0.0
Gm8488,-0.332
Gm8493,0.0
Vmn2r-ps23,-0.182
Gm8508,0.0
Gm10416,0.018
Gm15484,-0.18
Gm26277,-0.096
Gm15791,-0.416
Gm32996,0.0
Mir7026,0.0
AC161348.2,-0.871
Gm26079,0.0
Gm22395,-0.221
AC161348.1,-0.769
Gm42779,-0.279
Gm15989,-0.236
Gm42778,1.023
Mir701,-0.271
Gm15988,0.0
Gm42780,0.11
Gm43677,-0.778
Gm43676,0.116
Gm27680,0.0
Gm43119,-0.878
Gm43759,-0.364
Gm43758,0.0
4933415J04Rik,0.0
Gm22740,0.0
Gm43247,-0.053
Gm43246,0.261
F830115B05Rik,0.342
4930557B06Rik,0.0
Gm43094,0.0
4930405N21Rik,1.458
Gm43353,-0.449
Mir7229,0.0
Mir7230,0.0
Gm3511,-1.259
Gm19931,-0.15
Gm43335,-0.526
Gm43336,-1.05
Gm22056,0.0
Gm17833,0.0
Gm42913,-0.212
Gm13784,0.0
Mir7027,0.0
Mir7028,0.0
Ywhaq-ps2,0.0
Gm13821,-0.375
Mir6240,-1.21
Gm13823,0.0
1810017P11Rik,0.0
C730045M19Rik,-1.225
Gm13827,-0.462
Rpl37rt,-0.029
Gm13828,0.451
Gm13831,0.072
Gm13829,-0.794
A930005G22Rik,0.491
Gm43231,-0.307
AC159539.2,0.689
AC159539.1,0.599
Gm13836,-0.206
Mir7029,0.0
Mir7030,0.0
Gm13841,0.0
Gm42473,0.0
Gm42471,-0.965
Gm17420,0.0
4933424N20Rik,-0.167
Gm42853,0.929
4933430H06Rik,0.376
Gstm2-ps1,0.0
4930569F06Rik,0.0
Gm7478,0.0
Gm43637,-0.018
Gm3786,0.4
Gm42546,-0.765
Gm15727,-0.095
Gm42550,1.021
Gm37028,0.0
Gm42545,-0.566
Gm26411,0.0
Spring1,0.572
AC125061.1,0.145
Btf3-ps11,-0.175
Gm43785,-0.396
Gm43788,-1.301
Gm43275,-1.968
Gm43274,-1.446
Gm43052,-1.073
Gm43051,-0.733
Gm43784,0.0
Gm43399,-0.107
Gm42655,-0.257
2510016D11Rik,-1.017
Gm42657,0.0
Gm43068,0.0
Oas1b,-1.283
Gm7573,0.0
Gm42656,-0.064
Gm42930,-0.898
Gm26205,0.0
Gm24671,0.0
Gm43420,-0.983
Gm15546,0.0
4930477O15Rik,0.337
Gm42878,0.209
Gm15547,-0.105
Gm42879,-0.259
Gm43571,-0.282
Gm42866,-1.155
Mir7031,0.0
4933437G19Rik,0.037
Gm42748,-1.406
Gm15481,-0.533
Gm15842,-0.945
Gm42830,0.043
Gm15846,-1.097
Gm43359,-0.241
Gm43360,-0.116
Gm43361,-0.936
Gm22965,0.022
Gm43541,-0.251
Mir8115,0.0
Gm10064,-0.403
Gm43684,-1.592
Gm43411,-3.529
Gm44574,0.0
Gm43412,-1.115
Gm6444,0.051
Gm43413,-1.447
Rpl35a-ps6,0.0
Gm23458,-0.718
Gm42907,-0.97
Gm42908,-1.57
Rpl31-ps6,0.008
Mir7647,0.0
Gm43133,-1.004
Gm24840,0.0
Gm42651,-0.341
Gm43797,1.11
Gm43518,0.0
Mir7032,0.0
Gm37939,-1.012
Gm43339,-1.64
Gm43340,-1.119
Gm37415,-0.19
Gm15621,-0.845
Gm43034,-0.244
Gm42633,-0.686
Gm43752,0.0
Gm43756,0.242
mmu-mir-12200,0.0
Gm4868,0.0
Gm7774,0.0
AC158900.1,0.0
Gm37700,0.0
Gm24839,0.0
Gm42955,-0.196
9430087B13Rik,1.218
Gm43474,-0.533
Gm17132,0.0
Gm17131,0.473
Gm42497,0.0
Gm42496,0.0
Gm42499,0.0
Gm42498,-0.182
4930553I04Rik,0.267
Rps16-ps2,-1.376
Gm40332,-0.451
Gm42979,-0.575
Gm6139,0.0
Septin14,0.0
Gm23245,-0.857
Snora15,0.0
Gm42790,-0.712
Gm42986,-1.941
Gm43482,-1.177
2210412B16Rik,-0.828
Ndufa12-ps,0.442
Gm15921,-0.3
Gm42467,-2.031
Gm43418,0.425
Gm42894,-0.629
Gm42897,-0.487
Gm42896,0.27
Gm43165,-0.463
Gm42589,-0.163
Gm42588,0.78
Gm42591,-0.468
Gm43483,-1.178
Gm42443,-0.496
Gm42442,-0.209
C230071H17Rik,0.558
Gm42441,-0.165
Gm42440,0.86
Gm42438,-0.733
Gm42991,0.263
Gm42992,0.448
2610011E03Rik,-0.036
Gm42993,-0.082
Gm42995,0.782
Gm42996,0.727
Gm42989,0.754
Gm43019,-0.205
Gm43018,-0.723
Gm43187,0.623
Gm43188,-0.369
Gm43186,0.215
Gm38373,0.0
AC116815.1,0.0
Gm42625,0.0
Gm10051,-0.35
Gm17979,0.0
Gm7902,-0.426
Gm2404,0.042
1700030N18Rik,0.0
B230377A18Rik,0.369
Gm43481,-2.926
Mir3965,0.0
Gm16020,-0.498
Gm42885,-0.037
2700029L08Rik,-0.032
Mir7228,0.0
Gm50473,0.0
Gm50474,0.0
9030607J07Rik,0.564
AC084109.1,0.0
Rps29-ps,0.0
Gm43372,-0.228
Abhd11os,0.127
Gm25492,0.0
9430007M09Rik,-0.117
Mir7033,0.0
Gm42731,-0.103
Gm43123,-1.155
Gm15607,-0.711
Gm21839,0.0
Gm16061,-0.119
Mir7034,0.0
AC084162.1,0.0
Gm42533,-0.476
Mir7035,0.0
Gm5050,-0.078
A430110C17Rik,-4.235
Mir721,-0.245
Gm38082,-3.307
Gm43649,0.0
Mir702,0.0
Gm7284,0.0
Gm26989,0.0
Gm31160,-0.154
Gm20768,-0.263
Mir8116,0.0
Mir7036,0.0
Gm43013,0.0
Gm43012,0.88
Rpl36-ps9,-0.104
Mir6418,0.0
Gm7285,-0.931
Gm16089,0.386
Gm20605,0.097
Gm15753,-1.24
Gm43494,0.0
Gm3103,0.0
Gm15502,0.0
Gm8099,-0.157
Gm4963,-0.26
Gm29127,0.0
Gm43493,0.0
Mir25,0.0
Mir93,0.0
Mir106b,0.0
Gm22956,0.0
Gm43720,-0.42
Pvrig-ps,0.0
Got2-ps1,0.633
AC157588.1,0.0
Cyp3a61-ps1,0.0
Gm48029,0.0
Gm5564,-0.323
Vmn2r-ps24,0.0
Gm15497,-0.369
Gm42815,0.382
Gm38232,0.0
Foxl3,0.472
Mir339,0.0
AC140216.1,0.0
Gm42424,-0.233
Mir7037,0.0
Gm26938,0.0
Gm43704,-0.424
Gm43702,-2.687
Gm43195,-0.35
Gm43338,-0.097
Mir7038,0.0
Kif19b,0.157
Gm42805,0.0
Gm32158,0.0
Gm6433,0.875
Gm43708,1.317
Gm43556,0.0
Gm43557,0.189
Gm24131,0.0
Gm26970,0.0
Gm43037,0.0
Gm31274,0.5
Gm15770,0.214
Gm43380,0.0
Gm7291,0.59
Gm42501,1.2
Gm43398,0.257
9530056K15Rik,0.105
Gm4870,0.0
Gm9497,0.0
Gm42502,-0.329
Gm42503,-0.102
Gm42421,0.0
AC121917.1,0.0
Gm43615,0.0
Gm26925,-0.321
Gm43267,-0.598
Gm15709,0.0
Gm6272,0.0
AC131728.1,-1.167
Gm23995,0.0
Mir7039,0.0
Gm43563,0.0
Gm43561,0.0
Gm50458,0.0
Gm9710,-0.358
Gm42636,-0.641
Gm2314,0.0
Gm42859,0.0
Gm42863,-0.084
Gm43381,0.0
Selenok-ps7,0.0
Cyp3a63-ps,0.0
Gm43626,0.0
Gm19089,0.0
Gm42431,0.0
Gm43624,0.0
Gm43115,0.0
Gm8454,-0.164
Gm43239,0.0
Gm8458,0.0
Gm34248,-0.683
Gm15739,-1.296
Gm8494,-1.348
Gm25091,0.0
Gm23202,0.0
Rps10-ps4,-0.347
Gm24556,0.0
Mir7k,0.0
Gm29778,0.019
Gm6054,-0.803
Gm29793,-0.207
Gm43461,-0.308
Gm43460,-1.204
Gm42883,-1.481
Gm43155,0.0
Gm35648,-0.226
Gm10167,-0.628
Gm43553,0.0
Gm19617,0.0
1700013A02Rik,0.0
Gm29815,0.0
Gm43600,0.0
Gm8615,-0.498
Gm24105,0.0
Gm20488,-0.563
Gm43152,-0.354
Gm2566,0.0
Gm5566,-0.043
Gm21048,0.0
Gm36378,-0.061
Gm52977,0.0
Gm18753,1.057
AC154885.2,0.0
Gm15933,0.0
AC154885.1,0.0
Gm23641,0.0
Gm24630,0.0
Gm26013,0.0
Gm8675,0.499
Gm42906,0.0
Gm7041,-0.167
Vmn2r-ps25,0.0
Vmn2r-ps26,-0.233
AC120011.1,-0.202
Gm43038,0.0
AC120011.2,0.0
Vmn1r-ps5,0.0
Vmn1r-ps6,0.0
Vmn1r261,0.0
Gm42642,0.0
Gm42959,0.0
Gm2651,0.0
Gm42960,0.0
Gm42961,0.0
Gm18222,0.0
Gm43196,-1.171
Gm43198,0.0
Gm43197,-3.214
Gm43294,-0.244
Mir653,0.0
Mir489,0.0
Gm44221,0.0
Gm44055,0.0
Gm44057,0.0
Gm8602,0.0
Gm44379,0.0
Gm44380,0.0
Gm2522,0.0
AC026891.1,0.0
Gm37883,0.0
Gm43921,-1.58
Gm18289,0.0
Gm26696,-0.057
Gm44432,-0.801
Gm44121,0.0
Gm26828,-0.245
Gmfg-ps,-2.767
Gm26814,-0.705
Gm26736,-0.458
Gm26556,0.0
Gm44250,-0.194
Gm44424,-0.227
Gm8649,0.0
Gm27018,0.0
Gm8652,0.0
Gm18006,0.0
Gm5873,0.156
Gm44094,0.0
Dlx6os2,0.0
AC122240.1,0.0
Gm27190,0.0
Gm8669,0.0
Gm44046,-0.492
Gm44048,0.0
Gm8676,0.0
Gm8686,0.0
Gm43961,-1.189
Gm43962,0.0
Rnps1-ps,-1.173
Gm45062,-0.302
Gm8428,0.0
Gm26075,0.0
AC156290.1,0.0
Gm16042,-0.118
Gm35736,0.0
Gm5110,0.0
Gm18421,0.0
Gm2691,0.0
Gm43960,-1.339
AC132610.1,0.0
Gm8744,-0.436
Gm6578,-0.04
Gm32222,0.0
Gm16123,0.0
Gm15529,0.0
Gm44472,0.0
Gm5300,0.0
Gm24985,0.0
Gm725,0.0
Gm2796,-0.838
AC139884.1,0.0
Gm44412,0.0
Gm44411,-0.074
Gm19252,0.0
Gm23760,0.0
Gm8820,0.0
Gm23013,0.0
Gm44446,0.0
Gm44039,0.0
Gm43924,-0.264
Gm43990,0.225
Gm43991,0.0
Gm43993,0.0
Gm3148,0.0
Gm5721,0.0
AC024950.1,0.0
Gm13898,0.0
Gm13899,-1.262
Gm43533,-1.003
Gm42852,1.059
Gm43844,0.393
Gm43845,-0.13
Gm15593,0.0
Gm15596,0.0
Gm15595,0.0
Gm43843,0.263
AC136215.1,0.0
Gm43228,0.0
Gm5874,0.0
Gm43498,-0.374
Gm6655,0.0
Eif3s6-ps4,0.0
Mir6370,0.0
Gm22828,0.0
Gm18482,0.0
Gm43501,0.0
Gm42581,0.0
Gm19102,0.0
Gm23960,0.0
Gm26373,0.0
Gm42583,1.095
Gm42584,0.931
5330437M03Rik,-0.042
Gm42573,-0.283
Gm43630,0.0
Gm8927,-0.174
Gm8930,0.61
Gm18861,0.0
Gm43629,0.0
Gm8945,0.0
Gm5989,0.0
Gm8950,0.0
Gm5301,0.0
C130093G08Rik,0.0
Gm20706,-0.256
Gm42689,0.0
Gm42856,-1.61
Gm18327,0.0
Gm22267,0.0
Gm5302,0.0
Gm24443,0.0
Gm22529,0.0
Gm6719,0.0
Gm24691,0.0
Gm42474,0.0
Gm42801,-0.148
Gm26310,0.0
Mir592,0.0
Gm42547,-0.634
Gm42549,-0.272
Gm42548,-0.355
Gm5303,-0.498
Gm43264,0.0
Gm37321,0.067
Gm37978,-1.419
Gm37940,-0.754
Mir129-1,0.0
Gm25589,0.0
Gm26021,0.0
Gm43029,-0.952
Gm13717,-3.277
4930528J11Rik,-0.502
Gm13724,-0.148
Gm24536,-0.132
Gm13725,0.0
Smkr-ps,-0.969
Mir182,0.0
Mir96,0.0
Mir183,0.0
Gm14528,0.0
Mir335,0.0
Mir29a,0.0
Mir29b-1,0.0
5330406M23Rik,0.121
Gm13835,-0.159
Gm37728,0.61
Gm43800,0.316
Gm13852,0.0
Gm42895,-1.227
Gm22321,0.0
Gm1401,0.0
Gm13854,-0.407
Gm43168,-1.435
Gm43164,-0.284
Gm13859,-0.225
Gm13858,0.143
Gm13857,-0.355
Gm13864,0.318
Gm13862,0.0
Gm13863,0.4
Gm43748,-0.895
Gm23435,0.0
Gm43442,-0.059
Gm23273,0.0
Gm43443,0.271
AC113126.1,0.0
Mir490,-0.096
Gm43441,0.025
Gm2189,-0.083
Gm7452,0.564
Gm7463,0.0
Ybx1-ps2,0.724
Atp6v0c-ps2,0.144
Gm7492,0.0
AC157667.1,0.0
Gm23231,0.0
Gm7504,0.0
Gm43578,0.0
Rpl30-ps1,-0.871
Gm16563,0.049
Mir7670,0.0
Gm15697,-0.429
Gm23010,0.0
Gm42963,0.501
Gm26008,0.0
Gm25402,0.0
Gm27826,-0.307
Gm42420,-0.07
Fth-ps2,-1.701
Gm7554,0.0
Gm7556,-0.358
Gm37995,1.234
Gm37673,1.015
Gm37003,-0.05
Dennd11,-0.573
Gm43295,-0.439
Gm38276,-0.125
Gm38015,0.0
Gm37878,0.0
Gm38294,0.0
Gm2719,0.0
Gm18964,0.0
Gm38306,0.0
Gm5409,0.0
Gm37301,0.0
Gm29813,0.0
Gm37841,0.0
Gm38018,0.0
Gm27549,0.0
Gm37527,-0.096
Gm34701,0.0
AC153915.1,0.0
Gm44470,0.0
Gm4877,-0.169
Olfr454-ps1,0.0
Gm44030,0.339
Gm44032,0.0
Gm44034,0.0
Gm22363,-0.27
AC121317.1,0.0
Olfr451-ps1,0.0
Olrf445-ps1,0.0
Olfr443-ps1,0.0
Olfr442-ps1,0.0
Olfr440-ps1,0.0
Olfr439-ps1,0.0
Olfr237,0.0
Olfr436-ps1,0.0
Gm21827,0.0
Gm44253,0.0
Gm15550,0.0
Gm5990,0.0
Gm7783,0.0
Gm22939,0.0
Gm44211,0.0
Gm44212,0.0
Gm44213,0.04
B230112I24Rik,1.057
Gm43879,1.242
Gm43872,1.09
Gm43885,1.379
Gm43889,1.016
Gm43874,1.145
Gm43869,1.404
6330419E04Rik,1.037
Gm43882,0.647
Gm43884,0.813
Gm43880,0.997
Gm43876,1.016
Gm43886,0.843
Gm43871,0.919
Gm43873,0.934
Gm43877,0.906
Gm43888,0.879
Gm43887,-0.247
Gm43870,1.474
Gm43881,1.2
Gm25161,0.0
Gm43875,1.298
Rbpj-ps3,-1.538
Gm18484,-0.074
Gm35931,0.0
Gm43883,1.101
Gm6352,0.56
Gm18584,0.0
A930035D04Rik,-0.329
Gm44282,0.0
Gm44141,-0.388
Gm25283,0.0
Rny3,-0.211
Rpl31-ps7,-0.392
Rny1,0.031
Mir704,0.0
Rpl35a-ps7,-0.145
Gm44041,-1.45
Zfp783,0.16
Gm6443,0.0
Gm22122,0.0
Gm7880,0.0
Zfp862-ps,-0.14
Gm10243,0.0
Gm7887,-0.635
Gm53041,-0.198
Gm45021,0.0
Gm44965,-0.074
Gm44262,0.0
Gm28053,0.0
Gm17834,0.0
Gm24348,0.0
Gm10242,0.0
Gm18538,0.0
Gm19172,0.0
Gm18539,0.0
Gm19173,0.0
Gm19253,-0.625
Gm7890,-0.892
Gm18010,0.088
Gm43980,-2.668
Gm18011,0.0
Gm17060,-0.127
Gm5305,0.0
Gm44219,0.0
Gm18007,0.0
Gm26289,0.0
Mir6371,0.0
Gm44054,0.0
Gm4782,0.0
Gm8035,0.0
Gm8038,0.0
Gm8039,0.0
Gm18765,0.0
Gm3017,0.0
AC153376.1,0.0
Gm31579,0.0
Gm44402,0.0
Mir148a,0.0
Rps8-ps3,-0.076
Rps19-ps14,0.0
Gm28308,0.0
5730596B20Rik,0.102
Mir196b,0.0
9530018H14Rik,-0.243
Gm44294,0.0
Gm8129,0.0
Gm15054,-0.255
Gm44445,-1.154
Gm44434,-2.202
Gm24355,0.0
Gm43966,-0.238
Gm43967,0.582
Gm15572,-0.077
Gm15573,0.353
Gm8143,0.0
AC084326.1,0.0
AC069141.1,0.0
Gm44080,-1.379
AC079130.1,0.0
Gm5306,-0.404
AC073297.1,0.0
Gm15526,0.0
Gm44008,-0.163
Gm44185,0.628
Gm24230,0.0
AC044804.1,0.0
Gm22493,0.0
Gm10209,-0.797
Gm3793,-1.837
Gm44049,0.0
Vmn1r-ps8,0.0
Vmn1r-ps9,0.0
Vmn1r-ps10,0.0
Vmn1r-ps11,0.0
Gm45193,0.0
Gm19244,-0.363
Gm37397,0.45
Pyurf,0.305
Gm26712,0.0
Gm44114,0.038
Gm25726,0.0
Vmn1r-ps12,0.0
Gm20660,0.0
Vmn1r-ps13,0.0
Rps15-ps2,-0.154
Vmn1r-ps14,0.0
Vmn1r-ps15,0.671
Gm6695,0.0
Vmn1r-ps16,0.0
Vmn1r-ps17,0.0
Gm20718,0.0
Vmn1r-ps18,0.0
Vmn1r-ps19,0.0
Gm20674,0.0
Vmn1r-ps20,0.0
Gm44016,0.0
Vmn1r-ps21,0.0
Gm20673,-0.339
Vmn1r-ps22,0.0
Vmn1r-ps23,0.0
Gm20672,0.0
Gm43899,-0.098
Gm45061,0.476
Gm19165,0.0
AC163031.1,0.0
Gm43905,0.0
AC140395.1,0.0
Gm18012,-0.402
AC120132.1,0.0
n-R5s162,-0.377
Gm44389,0.0
Mageb16-ps2,0.0
Gm43864,-1.015
Gm43867,0.0
Gm18838,0.0
Gm43892,0.0
Gm43898,0.0
Gm43896,0.908
Gm43897,0.0
Gm43895,-0.14
Gm19237,0.0
Gm44088,0.0
Gm44092,0.0
Gm18540,0.0
Gm5001,0.0
Gm19131,-0.323
Nasp-ps1,0.0
Gm22212,0.0
Gm44075,0.0
Gm20144,0.0
Gm25205,0.0
Gm18839,0.0
Gm44038,0.0
Gm15534,0.0
Gm17147,-0.067
Gm44419,0.0
Gm3549,0.0
Gm44058,0.0
Gm44059,0.0
Gm20177,0.0
Gm44060,0.0
Gm44061,0.0
Gm8479,0.0
Gm18716,-0.098
Gm18913,-0.79
Gm15490,0.0
Gm20445,-0.463
Gm44404,0.0
Gm23625,0.0
Gm5876,0.0
Gm44289,0.0
Gm31520,0.0
Gm44281,0.0
Gm44233,0.0
AC122874.1,0.0
Gm19764,0.0
Gm6786,0.0
Gm5307,0.0
Gm6794,-0.047
Gm44261,0.0
Gm4045,-0.119
Vmn1r-ps24,0.0
Gm9794,-1.191
Gm15644,0.334
Gm29848,-0.319
Gm25260,0.35
Gm8566,-0.521
Gm44052,0.0
Gm44050,-0.062
AC130822.1,0.0
Gm8574,0.0
Gm44208,0.0
Gm4761,0.0
Gm44083,-0.165
4930515G16Rik,0.0
Gm9728,-0.096
Rpl18a-ps2,0.0
Gm5308,0.0
Rpl18a-ps3,0.0
Gm18980,-0.116
Gm22425,0.0
Gm24911,0.0
Gm9729,0.0
Gm25910,0.0
Gm5309,0.0
Gm43171,0.0
Gm43170,0.0
Gm4873,0.0
Gm25436,0.0
Gm43007,0.0
Gm42612,0.0
Gm5310,0.0
Gm25833,0.0
Gm40414,0.0
Gm43710,0.0
Rn7s6,-0.143
Gm42818,0.0
Gm8828,0.0
Gm8836,0.0
Gm11065,0.0
Amd-ps5,0.0
Gm8848,0.0
Gm8853,0.0
Gm6157,0.0
Gm8862,0.0
Gm8872,-0.255
Gm42773,0.0
AC153612.1,0.0
Gm23346,-2.625
Gm43292,-3.958
AC155842.1,0.0
Gm23485,0.0
Gm43906,-0.876
Rpl34-ps1,0.569
Mir8112,0.0
Gm44321,-0.915
Gm1070,-0.567
Gm44111,0.0
Gm44130,-1.517
Gm44186,0.0
Gm44194,-0.416
Gm6063,1.196
Gm44768,-0.201
Rpl19-ps9,-0.265
Gm44769,0.322
Gm44770,1.084
Gm44771,-0.149
Gm17825,-0.458
Snord94,0.0
Gm19078,-0.638
Gm8952,0.0
Gm44604,0.0
Gm29438,0.756
Particl,0.766
Gm45053,-1.128
Gm37969,-1.199
Gm38114,-0.791
Gm38320,0.0
Gm37736,-1.725
D530018E20Rik,-0.848
Gm18402,0.0
Gm24533,0.0
Gm40377,-0.587
Gm44475,0.0
Olfr210-ps1,0.0
Gm4374,0.164
Gm44225,0.0
AC122926.1,0.0
Gm23924,0.717
Gm8992,0.0
Gm8993,0.0
Gm6210,-0.899
Gm8999,0.0
4933439N06Rik,-0.194
Gm9001,-0.268
Gm5995,0.0
Gm22283,0.0
Gm44126,-0.475
Gm44163,-0.164
AC131340.1,0.0
Gm44234,0.003
6330415B21Rik,0.765
Gm44435,0.996
Gm44433,0.887
Gm44235,0.639
Gm44438,1.341
Gm44286,0.67
Gm44288,1.505
Gm44437,1.838
Gm44255,0.0
Gm21045,0.0
Gm5576,-0.287
Gm21392,0.0
Gm6072,0.0
AC159471.1,0.0
Gm5311,0.503
Gm6261,0.0
Gm44240,0.432
Gm44228,0.712
Gm44230,1.216
Gm20371,0.438
Gm44241,0.628
Gm44229,0.872
Gm44242,1.475
Gm44231,0.122
Gm43900,1.173
Gm43901,0.0
Gm26264,0.0
Gm22530,0.0
Gm4874,0.0
Gm38840,0.0
1700097M23Rik,0.181
Mir7232,0.0
Mir468,0.0
Gm31861,0.0
Gm44209,0.874
Gm6312,0.0
Gm19287,-0.061
Gm43985,0.0
Gm43981,0.0
Mir7040,0.0
Gm37092,0.245
mmu-mir-3470a,0.0
Gm42688,-0.583
Gm43890,-0.697
Mir6374,0.0
5430434F05Rik,-1.679
Gm18537,-0.075
Gm7424,-0.08
AC090649.1,0.0
Gm25054,0.0
Gm7443,0.0
Gm23014,0.0
Gm5312,-0.376
Gm6342,0.794
Gm44750,-1.363
Gm5138,0.0
Gm43919,-0.391
Gm7498,-0.133
Gm7507,-0.203
AC153373.1,0.0
Gm44011,0.317
Npm3-ps1,-0.276
Gm43954,0.0
Gm43955,0.0
Gm43957,0.0
Gm43959,0.0
Gm10444,0.0
Gm44285,0.0
Gm22893,0.0
Spr-ps1,-0.089
Mir705,0.0
Gm44023,0.0
Gm43588,-0.377
Gm42600,-0.581
Alms1-ps1,0.702
Alms1-ps2,-0.72
mmu-mir-6375,0.0
Ptges3-ps,0.631
Gm43309,0.0
Gm18290,-0.178
Nat8b-ps,-0.026
Gm7542,0.902
Gm44090,0.489
Gm19596,-0.176
Gm43917,0.0
Gm7545,0.0
Gm10443,0.375
Gm18862,0.0
Gm44790,0.0
Gm28720,0.03
Gm28719,-0.722
Gm44369,-0.52
Gm44292,-1.617
Gm44153,-1.51
Gm44152,-1.45
Gm44093,0.786
Gm44415,-0.879
Gm44416,-1.445
Gm44417,0.22
9530013L04Rik,-0.859
Gm44414,-1.684
Gm44198,-1.24
E230015B07Rik,0.103
Gm5879,-1.252
Gm45140,-0.118
Gm44423,-1.052
9930120I10Rik,-1.271
B130021K23Rik,-2.997
Gm44064,0.506
Rps19-ps9,-0.18
H1f10,0.502
Gm44168,0.776
4933412L11Rik,-0.263
Gm44187,-1.116
Mir6376,0.0
Gm44388,0.0
Gm44430,-0.206
Gm44005,-0.497
Gm43999,0.201
Gm43937,0.0
Gm44001,0.695
Gm36189,0.011
Gm44178,-0.529
Gm44203,0.0
Gm44207,0.0
Gm43903,-0.669
Vmn1r-ps25,0.0
Vmn1r-ps26,0.0
Vmn1r-ps27,-0.116
Vmn1r-ps28,0.0
Vmn1r-ps29,0.0
Vmn1r-ps31,0.0
Gm20534,0.0
Gm20426,0.04
Vmn1r-ps32,0.0
Gm4287,0.0
Vmn1r-ps34,0.0
Gm43891,0.0
C030015A19Rik,0.904
Gm44236,0.0
Rpl21-ps12,-0.442
Gm25185,0.0
Ppp1r2-ps2,-0.395
Gm44002,0.0
4930402H05Rik,0.0
Gm30437,0.0
4930471M09Rik,-1.595
Gm4575,-0.208
Gm44629,0.0
Gm45215,0.0
Gm45217,-0.366
4930517G19Rik,-0.114
Gm45828,-0.196
Gm44981,-0.255
Gm44712,0.822
Gm44711,-0.395
Gm44095,-0.918
Gm44249,-0.473
Gm44803,-0.149
Gm44024,-0.11
Gm17797,0.0
Gm44224,-0.706
Gm5313,0.0
Gm43923,-0.616
Gm44220,0.454
Gm25094,0.0
Gm44181,0.0
Gm22312,0.0
Gm7812,-0.259
Gm23035,0.0
Gm22840,0.0
Gm44307,0.0
Gm19908,0.0
Gm7825,0.0
Gm44315,-0.094
Mir7041,0.0
Gm43997,0.0
Gm7833,0.0
Gm44100,0.0
AC131700.1,0.0
Gm17822,0.0
Gm5723,0.0
Gm7838,0.0
Gm5881,-0.394
Gm22971,0.0
Gm26011,0.0
Gm44065,0.194
Gm26175,-0.373
Gm19653,0.0
Gm25852,0.0
AC122031.1,0.417
Gm44102,-0.149
AC131676.1,0.0
Gm23703,0.0
Gm15531,-0.324
Mdfic2,1.012
Gm32308,0.0
Gm32381,0.0
mmu-mir-12201,0.0
Gm20696,-0.67
Gm44104,-0.998
Btf3-ps6,0.04
Gm6681,0.107
Tpt1-ps3,-2.752
2010109P13Rik,0.0
Gm18422,-1.359
Gm44045,-2.545
Gm44044,-2.276
Gm23234,0.0
Gm6565,0.0
Gm44108,0.0
Gm44116,-0.935
Gm15576,-0.218
Gm19692,-0.147
4930595O18Rik,0.0
Gm43941,-0.091
Gm43942,0.0
Gm19726,-0.705
9530086O07Rik,-1.231
Gm43953,-0.979
Gm43947,-2.12
Gm43946,-2.607
Gm44171,0.0
Gm32453,0.0
Gm44177,0.0
Gm7924,-0.28
Gm44189,0.989
Gm44422,0.0
Mir6373,0.0
Gm26022,0.0
Gm44429,0.0
Gm44449,0.0
Gm44295,0.0
Gm44439,0.147
Gm7946,0.702
Gm44441,0.726
Gm24784,0.0
Gm44440,-0.334
Gm44436,0.015
Gm25656,0.0
Pou5f1-rs5,0.0
Gm18100,0.0
Gm5315,-0.316
Gm23339,0.0
Gm4602,0.0
AC153908.1,0.0
Gm6064,0.0
Gm44399,0.0
Gm44277,0.0
Gm19177,0.0
Gm44279,0.0
Rpl36-ps12,0.113
Gm44101,-0.376
Mir7661,0.0
Gm16433,-0.861
Gm38167,0.0
Gm6749,-0.201
Gm29781,0.0
Gm32858,0.473
Gm44125,0.0
Gm4605,0.0
Gm44161,-0.141
Gm44162,0.0
Gm19039,0.0
Gm20386,0.283
Gm44192,0.0
Gm44193,0.818
Gm44336,0.0
Gm15519,-0.182
AC157095.1,0.0
Gm5578,0.632
Gm6134,0.0
Gm43865,0.0
Gm8083,0.0
Gm23244,0.0
Gm43868,-0.709
Gm22591,0.0
Gm43935,0.18
Gm20589,0.522
Gm44280,-1.362
Gm43928,0.0
Gm44232,0.0
Gm43963,-0.398
Gm43912,0.863
Mir7042,0.0
Gm44033,0.0
Gm43911,0.0
Gm43932,0.0
Gm8132,0.0
Gm19040,-1.424
Gm53039,0.0
Gm44332,-0.096
Gm44331,0.0
AC149276.1,0.0
Gm44010,0.0
Gm18325,0.661
Gm44157,-0.106
Gm14335,-1.385
Gm24008,0.0
Gm44180,0.0
Mir7660,0.0
Snora7a,0.0
Gm43866,-0.235
H1f8,-0.872
Gm8203,-1.009
Gm8213,0.219
Gm44103,0.641
Marchf8,0.272
Gm23527,0.0
Gm44237,0.407
Gm44076,0.0
Eif4a3l2,-0.117
AC160973.2,0.0
AC160973.1,0.0
Gm18485,0.0
Gm44154,-0.062
Mir7043,0.0
Gm22882,0.0
Gm43926,-0.263
Gm43929,0.0
Gm43930,0.0
Rpl28-ps4,-0.189
Gm6227,0.0
Gemin6-ps,0.0
4933440N22Rik,-0.541
Gm43863,-1.51
Gm4875,-0.163
Mir7044,0.0
Gm23908,0.0
Gm18223,-0.113
Gm18981,0.131
Gm15532,0.0
Gm16199,0.0
Mir706,0.0
AC156951.1,0.0
Gm24592,-0.401
Gm44074,0.0
Gm44124,0.0
Gm17812,0.0
Gm44260,-0.979
Minpp1-ps,0.0
Gm44014,-0.318
Gm43922,0.0
Gm43933,0.0
Gm43934,0.0
Gm43945,-0.121
Gm44018,0.0
Gm44173,0.0
Mug4-ps,0.0
Gm44184,0.0
Gm10319,0.0
Mug-ps1,0.0
Gm6637,-0.264
Gm44227,0.0
Gm50492,0.0
Gm19254,0.0
Rps27a-ps3,-0.372
Gm16557,0.0
Gm8459,0.0
Gm26168,0.0
AC158651.1,0.0
Gm10420,-0.056
Gm10224,0.128
Gm4482,-0.314
Gm5112,-0.364
Mir7231,0.0
Gm5316,0.696
Gm44132,0.0
Gm44147,0.0
Gm22946,0.0
Gm5883,-0.164
AC164094.1,0.0
Vmn2r-ps31,0.0
AC164094.2,0.0
AC140334.2,0.0
Vmn2r-ps32,0.0
AC140334.1,0.0
Gm22724,0.0
Gm23079,0.0
Gm5317,0.0
Gm44823,0.0
A330044P14Rik,0.0
Gm22763,0.0
Gm24843,0.0
Vmn2r-ps33,0.0
Gm22916,0.0
Vmn2r-ps34,-0.119
Gm23554,0.0
Gm6423,0.0
Gm6308,0.0
AC124470.1,0.0
Gm44007,0.361
Gm50463,0.0
Gm18840,0.0
Gm23547,-0.375
Gm29008,0.0
Mir141,0.0
Mir200c,0.0
Gm45234,-0.121
Rnu7,0.0
Gm32536,0.0
AC164563.1,0.0
Gm44597,-0.739
2010008C14Rik,-0.387
Mir7045,0.0
Gm23751,-0.727
Scarna10,-0.524
Mir3098,0.0
Gm44487,0.0
Mir8113,0.0
Gm44259,0.0
Gm24175,0.0
Gm16303,0.0
Gm24947,0.0
Gm44431,0.0
Gm33320,0.0
Gm29788,0.372
Gm17808,0.0
Gm43125,0.0
Gm43124,0.0
Gm18995,0.0
Tpi-rs11,-0.27
Gm4968,0.529
Gm7308,-0.236
Gm43636,-0.2
Gm42458,-0.112
Gm43631,0.0
Gm34091,0.121
Gm43633,-1.709
Gm42739,0.0
Gm42741,0.0
4921513H07Rik,-0.314
Mir7233,0.0
Gm42811,0.0
Gm44056,-0.617
Gm18609,0.873
Gm4691,0.115
Gm19065,0.0
Gm8703,-0.27
Gm21893,0.0
Rpl18-ps2,-0.913
Gm44371,-0.297
Gm44596,0.0
Gm43965,-0.012
Stambp-ps1,0.0
Gm8719,0.0
Gm5318,0.0
Gm8724,-0.364
Gm44478,0.0
Gm5884,-0.204
Gm44420,0.0
Clec2j,0.0
Gm44216,0.0
Gm44215,0.295
Gm43907,0.0
Gm44511,0.0
Gm44078,-1.279
Gm8774,0.0
Gm44223,0.0
AC159305.1,0.0
mmu-mir-7649,0.0
Gm8778,0.0
BC064078,0.03
Gm16186,0.0
Gm43992,0.0
Klrb1-ps1,0.0
Gm26160,0.0
Clec2m,-0.552
Clec7a,-0.57
Gm44120,-0.264
Gm44243,-0.445
Gm44251,0.0
Gm7309,0.0
Mir680-1,0.0
Gm44135,-1.6
AC171002.1,0.0
Klrh1,-0.306
Gm16242,0.0
Gm44248,0.0
AC090563.1,0.0
Gm15854,-0.062
AC090127.3,0.0
Klra11-ps,0.0
Gm43988,0.0
AC090127.2,0.0
AC090127.1,0.0
Klra14-ps,0.0
AC090127.4,0.0
Klra13-ps,-0.132
AC087336.1,0.0
Gm6584,-0.151
Gm15861,0.0
Gm6590,0.0
Gm53052,0.0
Gm27013,0.0
Gm44526,0.0
Gm8816,0.0
Gm26996,0.0
Gm26914,0.0
Gm27047,0.0
Gm53051,0.0
Gm20997,0.0
Gm44527,0.0
Gm18423,0.0
Gm44525,0.0
Gm44118,0.0
Gm21940,0.0
Gm44128,0.0
Gm44988,0.0
Gm44828,0.0
Gm44989,0.0
Gm44133,0.0
Gm44134,0.0
Gm44149,0.0
Gm44150,0.0
Gm8837,0.0
Gm5581,0.0
Gm5582,0.0
Gm44182,0.0
Gm44958,-1.326
Gm22362,0.0
Gm18688,0.0
Gm16571,-0.406
Hmgb1l,0.0
Gm43943,0.0
Gm43973,0.0
Prb3-ps,0.0
Gm43975,0.0
Gm4736,0.0
Gm43976,0.0
Gm43978,0.0
Gm44687,0.0
Gm43979,0.0
Gm44990,0.0
Gm44727,0.0
Gm44726,0.0
Gm44003,0.0
Gm5154,0.0
Gm45063,0.0
Gm18326,0.0
Gm44070,0.0
Gm44137,0.0
Gm44138,0.0
Tas2r145-ps3,0.0
Tas2r111-ps2,0.0
Gm44139,0.0
Gm44142,0.0
Tas2r142-ps5,0.0
Tas2r146-ps1,0.0
Gm44425,-0.237
Gm44426,0.0
Gm18689,0.0
Gm18690,0.0
Gm18691,0.0
Gm8921,0.0
Tas2r141-ps4,0.0
Gm45769,-0.428
Gm7039,0.0
Gm34149,0.0
Gm44239,0.0
Gm5885,0.0
Gm44245,0.0
Gm34224,0.0
Gm34314,0.0
Gm44247,0.0
Gm44252,0.0
Gm6375,-0.273
Gm5886,-1.064
Gm43968,0.0
Gm8956,-0.123
Gm43982,-0.85
Gm43984,-0.513
1700051K13Rik,-0.069
Gm43952,0.0
Gm44084,-0.666
Gm29803,0.0
Gm22881,0.0
Gm34391,0.0
Gm44274,0.0
Dynlt1-ps1,-0.874
Gm25136,0.0
Gm26105,0.0
Eif4a3l1,0.0
Gm15476,0.0
Gm6728,0.233
Gm44131,0.0
Rpl36a-ps3,-0.339
Gm44401,0.168
Gm4714,0.0
H4f16,-0.431
Gm43969,-0.516
H2aj,-0.177
Gm44069,0.0
Gm30055,-0.323
4930480K02Rik,-0.118
Gm44106,-0.689
Gm44266,0.0
Gm9038,0.0
AC134828.1,0.0
Gm44267,0.0
Gm44268,0.0
Gm25434,0.0
4930443G03Rik,0.0
Gm37269,0.084
Gm43940,0.0
Gm44112,0.0
Gm44156,0.0
Gm44155,0.0
Gm44158,0.0
Gm44159,0.0
Gm3961,0.0
1700102F20Rik,0.0
Gm5051,0.0
Gm44013,-0.187
Rpl38-ps2,0.491
Gm43925,0.0
Gm43927,0.0
Gm7384,0.0
Gm10400,1.249
Gm43958,0.772
Gm18159,0.0
AC134836.1,0.0
Gm7468,0.0
Gm44312,0.0
Gm44306,0.0
Gm23272,0.0
Gm44068,-0.667
Gm22792,0.0
Gm43910,-0.593
Gm44164,-2.235
Rps25-ps1,-1.086
Gm44428,-1.598
Gm15707,0.0
Gm23498,0.0
1700073E17Rik,-0.22
Gm25373,0.0
Gm43909,0.572
Gm43931,-0.285
Gm44086,-2.475
Gm44087,-0.125
Gm15720,-0.439
Gm6654,-0.148
Gm44270,-1.24
Gm6266,-0.297
4930447C11Rik,0.0
Gm35876,-0.411
Gm7571,0.0
Gm15766,0.103
4933406L23Rik,-0.14
4732416N19Rik,-1.015
Gm15763,0.0
Rps4l,0.249
Gm44021,0.843
Gm44022,1.098
Gm15778,0.215
2610017A05Rik,-0.5
Gm43908,0.373
Gm7618,-0.703
AC140327.1,0.0
Gm25539,0.0
Gm15779,-0.15
Gm15781,0.0
Gm49058,0.024
Gm22578,0.0
Gm15780,-0.098
Gm23462,-0.185
Gm10388,-0.924
Gm15782,0.0
Gm15784,0.0
Gm15786,0.0
Gm15783,0.0
Gm15785,-0.133
Gm44043,0.813
Gm44473,0.0
Gm3104,0.0
Gm18198,0.0
Gm6727,0.0
Gm7353,-0.71
Gm44451,0.0
Gm44459,0.0
Gm29708,0.0
Gm3375,-0.132
Mir290a,0.0
Mir290b,0.0
Mir291a,0.0
Mir292,0.0
Mir292b,0.0
Mir291b,0.0
Mir293,0.0
Mir294,0.0
Mir295,0.0
Gm20553,0.0
Gm5340,0.0
Gm44256,0.292
Gm23450,0.0
Gm44165,0.0
Gm51440,0.0
Gm44921,0.0
Mir3572,0.0
Gm15922,0.0
Gm15930,0.0
Gm15925,-0.141
Gm10693,-0.102
Gm44580,0.0
Gm3189,0.0
Gm7363,0.14
Gm15928,-0.224
Gm23741,0.0
Gm5319,0.0
Gm44807,0.0
Gm15926,0.0
Gm15923,0.0
Gm15931,-0.131
Gm44881,0.0
Gm45013,0.0
Atp6v0c-ps1,0.0
Gm9463,0.0
Gm18973,0.0
Gm6855,-0.61
Gm44878,0.161
Gm24537,0.0
Gm5320,0.0
mmu-mir-12202,0.0
Gm44973,0.0
Gm38941,0.0
Gm45133,-0.828
Gm47692,0.0
Gm45146,0.0
AC155171.1,0.0
Gm18757,0.0
Gm45147,0.0
Gm44543,0.0
Vmn1r-ps40,0.0
Gm44821,0.0
Gm44820,0.0
Gm20399,0.0
Vmn1r-ps45,0.0
Vmn1r-ps46,0.0
Gm5321,-0.643
4933431C10Rik,-1.125
Gm45841,0.0
Gm16307,-0.123
Gm20715,0.203
Olfr1345-ps1,0.0
Gm7587,0.0
Gm44862,1.159
Gm44863,-0.26
Mir3099,0.0
Gm44585,-0.026
Gm44584,0.125
Gm22649,-0.288
Gm44586,0.646
Gm44587,0.075
Zfp264,0.0
Gm53037,0.0
Pafah1b1-ps2,0.0
Gm6828,0.0
Gm44583,0.0
Gm44697,0.0
Vmn2r-ps35,0.0
Gm45844,0.653
Gm18190,-0.082
Mir5620,0.0
Gm45415,-0.131
Gm45783,1.604
Gm3912,0.423
Vmn2r-ps36,0.0
Gm3563,0.0
Gm6842,0.0
Gm7648,0.0
Gm7651,0.0
Vmn2r-ps37,0.0
Vmn2r-ps38,0.0
Vmn2r-ps40,0.0
Gm7230,0.0
Gm3978,0.0
Gm20438,-0.34
Gm18200,0.0
Gm4073,0.0
Gm3675,0.0
2810047C21Rik1,0.0
Gm3665,0.0
Gm3654,0.0
Vmn2r-ps45,0.0
Gm7696,0.0
Vmn2r-ps46,0.0
Vmn2r-ps47,0.0
Vmn2r-ps49,0.415
Gm3584,0.0
Gm3956,0.0
Gm3585,0.0
Gm3962,0.0
Gm18191,0.0
Vmn2r-ps44,0.0
Gm48598,0.0
Gm20482,0.0
Vmn2r-ps43,0.0
Gm45530,0.0
Vmn2r-ps42,0.0
Zfp419,0.0
Gm5583,0.0
Gm18201,0.0
Vmn2r-ps41,-0.305
Gm4011,0.0
Gm3623,0.0
Gm3616,0.0
Gm20287,0.0
Gm3611,0.0
Gm3972,-0.129
Gm18199,0.0
Gm45351,-0.212
Vmn2r-ps51,0.0
Vmn2r-ps52,0.0
Gm45403,0.0
Gm3702,0.0
Gm6850,0.0
Gm20679,0.0
Vmn1r-ps47,0.0
Vmn1r-ps48,0.0
Gm45402,0.0
Gm45400,0.0
Gm45401,0.0
Nlrp4d,-0.158
Gm3726,0.0
Gm30645,0.0
Gm18193,0.0
Vmn1r-ps49,0.0
Vmn1r-ps50,0.0
Vmn1r-ps51,0.0
Gm6900,0.0
Vmn1r-ps52,0.0
Gm5130,0.0
Gm45438,0.0
Zscan4a,0.0
Gm18781,0.0
Gm7203,0.0
Gm4903,0.0
Gm7836,0.0
Gm18638,0.0
Gm45279,0.0
mmu-mir-297a-1,0.0
Gm7786,0.0
Gm7789,0.0
Gm18122,0.0
Gm45327,0.0
Gm45395,0.0
Gm33601,0.0
Gm7151,0.0
Gm4157,0.0
Gm3774,0.0
Gm38430,0.0
Gm18204,0.0
Gm6909,0.0
Gm9689,0.0
Gm39481,0.0
Gm5996,0.0
Gm9652,0.0
Gm19683,0.0
Gm45870,0.0
Gm45596,0.0
Gm45598,0.796
Gm18123,0.0
Gm18639,0.0
Gm9604,0.0
Gm7839,-0.131
Gm45382,0.0
Gm7207,0.0
Gm45550,0.0
Gm45551,0.629
Gm45549,0.0
Gm18124,0.0
Gm18640,0.0
Gm3816,0.0
Gm7848,0.0
Gm7210,0.0
Gm45500,0.0
Gm18641,0.0
Vmn1r-ps53,0.0
Gm45283,0.0
Gm18850,0.0
Gm19093,0.0
Gm45616,0.0
Gm45617,0.0
Gm6929,0.0
Vmn1r-ps55,0.0
Gm34779,0.0
Gm18851,0.0
Vmn1r-ps56,0.0
Tpt1-ps4,0.0
Gm45387,0.0
Vmn1r-ps57,0.0
AC147643.1,0.0
Gm3836,0.0
Vmn1r-ps58,0.0
Gm17737,0.0
Gm45429,0.0
Vmn1r-ps59,0.0
Gm18597,0.0
Gm17850,-0.13
Vmn1r-ps60,0.0
Gm18854,0.0
Gm10179,-0.222
Vmn1r-ps61,0.0
Gm45562,0.0
Vmn1r-ps62,0.0
Gm45498,0.0
Vmn1r-ps63,0.0
Gm45365,0.0
Gm19201,0.0
Vmn1r-ps64,0.0
Gm45364,0.0
Vmn1r-ps65,0.0
Gm45367,0.0
Vmn1r-ps66,0.0
Vmn1r-ps67,0.0
Vmn1r-ps68,0.0
Vmn2r-ps53,0.0
Gm15877,0.128
Gm45475,0.0
Gm15773,0.038
AC139131.1,0.119
Gm6946,0.257
Gm18205,0.0
1700047O18Rik,-0.514
Gm4247,0.0
Gm18194,-1.613
Gm45315,-0.094
Gm26325,0.0
Gm4270,0.0
Gm7965,-0.106
Gm4879,0.0
Gm45525,0.0
Vmn1r-ps69,0.0
Rps8-ps4,-0.382
Pla2g4c-ps,0.0
Gm45268,0.0
Rpl7a-ps14,0.0
AC156985.1,0.0
Gm44254,0.0
Bsph2-ps,0.0
Zbed4-ps1,0.0
Kat6b-ps1,-0.316
Tmem167-ps1,0.0
Sult2a-ps1,0.0
Zbed4-ps2,0.0
Kat6b-ps2,0.0
Sult2a-ps2,0.0
Tmem167-ps2,0.0
Zbed4-ps3,0.0
Tmem167-ps3,0.0
Sult2a-ps3,0.0
Sult2a-ps4,0.0
Rpap3-ps1,0.0
Rpap3-ps2,-0.177
Phf20-ps,-0.213
Mrps36-ps3,0.0
Crs-ps,0.0
Obox4-ps1,0.0
Obox4-ps2,0.0
Nlrp5-ps,-0.14
Obox4-ps3,0.0
Zfp-ps,0.0
Ranbp2-ps1,-0.857
Obox3-ps7,0.048
Obox3-ps1,0.0
Obox4-ps4,0.0
Gtpbp4-ps1,0.0
Ranbp2-ps2,0.0
Obox4-ps36,0.0
Obox4-ps37,0.0
Gm26056,0.0
Obox3-ps2,0.0
Obox4-ps5,0.0
Gtpbp4-ps2,0.0
Ranbp2-ps3,0.0
Obox4-ps38,0.0
Obox4-ps39,0.0
Ranbp2-ps4,0.0
Obox4-ps6,0.0
AC166932.1,0.0
Obox3-ps3,0.0
Obox4-ps7,0.0
Gtpbp4-ps3,0.0
Ranbp2-ps5,0.0
Obox4-ps8,0.0
Obox4-ps9,0.0
Obox3-ps4,0.0
Obox4-ps10,0.0
Gtpbp4-ps4,0.0
Ranbp2-ps6,0.0
Obox4-ps11,0.0
Obox4-ps12,0.0
Obox4-ps13,0.0
Obox4-ps14,0.0
Obox4-ps15,0.0
Obox4-ps16,0.0
Obox4-ps17,0.0
Obox4-ps18,0.0
Obox4-ps19,0.0
Obox4-ps20,0.0
Obox4-ps21,0.0
Obox4-ps22,0.0
Obox4-ps23,0.0
Mrip-ps,-1.838
Obox3-ps5,0.0
Obox4-ps24,0.0
Gtpbp4-ps5,0.0
Obox4-ps25,0.0
Obox4-ps26,0.0
Ranbp2-ps7,0.0
Ranbp2-ps8,0.0
Obox4-ps27,0.0
Obox4-ps28,0.0
Obox4-ps29,0.0
Obox3-ps6,0.0
Obox4-ps30,0.0
Ranbp2-ps9,0.0
Ranbp2-ps10,0.0
Obox4-ps31,0.0
AC132457.1,0.0
Obox4-ps32,0.0
Gtpbp4-ps6,0.0
Obox4-ps33,0.0
AC183955.1,0.0
Obox4-ps34,0.0
Ranbp2-ps11,0.0
Ranbp2-ps12,-0.183
Gtpbp4-ps7,0.0
Ass-ps1,0.0
Snord23,0.0
Gm24576,-0.495
Gm45409,0.0
Gm26473,0.0
Gm45508,-0.169
AC164880.1,0.0
Gm17826,1.044
Gm17981,-0.602
Gm44589,0.0
Gm24708,0.0
Gm29725,0.0
Ceacam-ps1,0.0
Gm8209,0.388
Gm5586,-0.178
2700080J24Rik,-0.446
Gm25815,-0.391
4833404L02Rik,0.0
Gm45219,0.0
Gm7287,-1.036
Gm45032,0.0
Gm5418,0.0
Gm9519,0.0
Psg-ps1,0.0
Gm45150,0.0
Gm6065,0.0
Gm45149,0.0
Gm5322,0.0
Gm9521,0.0
Gm33626,0.0
Gm5997,0.0
Gm45104,-0.531
Gm44871,0.0
Gm8314,0.0
Gm45156,0.0
Gm4880,-0.098
AC151412.1,0.0
Gm19091,0.0
Gm44657,0.0
Gm19092,0.0
Gm44656,0.0
Gm44654,0.0
Gm44655,0.0
Gm44563,0.0
Gm44564,0.0
Gm44566,0.0
Gm44565,0.0
AC149065.1,0.0
Gm44561,0.0
Sycp1-ps1,0.411
Gm19126,0.0
Gm18855,0.0
Gm10676,-0.015
Mir3100,0.0
Meiosin,0.658
Mir330,0.0
Gm25134,0.435
Mir343,0.0
Gm23099,0.0
Gm45167,0.784
Gm44805,0.0
Gm45114,-0.117
Gm44660,0.659
Gm16184,-1.841
Gm44651,0.0
Rpl7a-ps8,-0.82
AC130530.1,0.0
Gm18877,0.0
Vmn1r240,0.0
Gm44598,0.0
Vmn1r241,0.0
Vmn1r242,0.0
Gm18049,0.0
Gm18455,0.0
Gm4501,0.0
Vmn1r243,0.0
Vmn1r-ps79,0.0
Vmn1r244,0.0
Vmn1r245,0.0
Vmn1r246,0.0
Gm8486,0.0
Vmn1r-ps71,0.0
Gm18052,0.0
Gm18458,0.0
Gm4526,0.0
Gm4528,0.0
Vmn1r-ps73,0.0
Vmn1r-ps74,0.0
Gm18054,0.0
Gm18460,0.0
Gm4536,0.0
Vmn1r-ps75,0.0
Gm18055,0.0
Gm18461,0.0
Gm4541,0.0
Vmn1r-ps76,0.0
Gm18056,0.0
Gm4545,0.0
Gm18462,0.0
Gm8600,0.0
Gm18463,0.0
Gm4548,0.0
Vmn1r247,0.0
Vmn1r248,0.0
Gm44554,0.0
Vmn1r249,0.0
Vmn1r-ps77,0.0
Gm18057,0.0
Gm18464,0.0
Gm16443,0.0
Vmn1r-ps78,0.0
Gm18058,0.0
Gm18465,0.0
Vmn1r250,0.0
Vmn1r251,0.0
Vmn1r252,0.0
Gm18059,0.0
Gm4557,0.0
Gm18466,0.0
Gm4558,0.0
Vmn1r253,0.0
Vmn1r-ps70,0.0
Vmn1r254,0.0
Vmn1r255,0.0
Vmn1r256,0.0
Gm18060,0.0
Gm18467,0.0
Gm8685,0.0
Vmn1r-ps80,0.0
Vmn1r257,0.0
Gm18061,0.0
Gm18468,0.0
Gm4207,0.0
Gm44825,0.0
Gm19900,0.0
Gm8708,0.0
Gm18469,0.0
Gm4574,0.0
Vmn1r258,0.0
Vmn1r259,0.0
Vmn1r260,0.0
Gm16456,0.0
Gm18062,0.0
Gm18470,0.0
Gm8728,0.0
Vmn1r-ps83,0.0
Gm18063,0.0
Gm18471,0.0
Krt8-ps,0.0
Gm18598,0.0
Gm18306,0.0
Vmn1r-ps84,0.0
Gm8745,0.0
Gm18195,0.0
Vmn1r-ps85,0.0
Gm17780,0.0
Gm44576,0.0
Gm18206,0.0
Gm10175,0.267
Gm5324,0.0
Ptma-ps1,-0.398
Gm44943,0.0
Gm18126,0.0
Gm50477,-0.357
Gm44513,0.0
Gm15465,0.0
Gm17982,0.0
Gm53033,0.433
2200007N16Rik,0.0
Gm44971,0.0
Gm36776,0.0
Gm44972,0.0
Gm18207,0.137
Erfl,0.0
Mir7046,0.0
Mir7047,0.0
Mir6537,0.0
Mir7048,0.0
Gm5587,-0.314
Gm20949,0.0
Gm15495,0.0
Gm4607,-0.195
Gm29763,0.0
Gm45226,0.0
Gm4613,-0.224
Gm23921,0.0
Gm45228,0.0
Gm6434,0.0
Gm45227,0.0
Gm45225,0.0
Cyp2b27-ps,0.0
Rnf170-ps,-0.307
Gm29920,0.0
Cyp2b26-ps,0.0
Gm8902,-0.118
Vmn1r-ps86,0.0
Gm44964,0.0
AC120367.1,0.0
Gm45034,0.0
Cyp2a21-ps,0.0
Api5-ps,0.0
Gm4290,-0.068
Gm50480,0.0
Gm29754,0.0
Gm44640,-0.795
Gm21983,0.0
Mir3101,0.0
Mir1191,0.0
Gm44641,0.0
Gm15570,0.0
Gm20479,0.0
Pgam1-ps2,0.242
Gm52980,-0.682
Gm10046,-0.101
Prkcz2,-0.271
AC139063.1,0.0
Gm10651,0.111
Gm24356,0.0
Gm31024,-0.229
Gm45011,-0.296
Gm18672,0.0
AF357399,-0.591
Gm6518,0.0
1700028B04Rik,0.759
Gm53047,0.0
Gm19880,0.0
Mir7049,0.0
Mir1963,0.0
Gm17113,0.0
4932431P20Rik,0.449
4930432E11Rik,-0.404
AC112789.1,0.0
Gm44954,0.103
Mir1964,0.0
Gm6579,-0.321
Gm17199,0.0
Mir7668,0.0
Gm44873,-0.716
C230062I16Rik,-0.021
Mif-ps4,-0.296
Gm26920,0.0
Gm44872,0.0
Gm10988,0.557
Gm5113,0.444
Gm44600,0.0
Rps12-ps5,0.0
1700020L13Rik,-0.247
Gm50483,-0.128
Gm25259,-0.106
Gm30646,-0.169
Rps12-ps4,-0.776
1700019A23Rik,0.0
Gm38670,0.0
Gm49396,-0.487
Mir3569,0.0
Gm21982,0.0
Gm4883,-0.116
Usf2-ps1,0.0
Mir7050,0.0
Gm9569,0.0
Gm37292,0.725
Scgb1b1-ps,0.0
Scgb2b1,0.0
Scgb2b4-ps,0.0
Scgb1b4-ps,0.0
Scgb1b28-ps,0.0
Gm29492,0.0
Scgb2b5-ps,0.0
Scgb1b5-ps,0.0
Scgb2b28-ps,0.0
Rpl23a-ps8,0.0
Scgb2b6,0.0
Scgb1b6-ps,0.0
Gm4373,0.0
Rpl23a-ps9,0.0
Gm9114,0.0
Gm29627,0.0
Scgb2b8-ps,0.0
Scgb1b8-ps,0.0
Gm6669,0.0
Gm9120,0.0
Gm21673,0.0
Scgb2b9-ps,0.0
Scgb1b9-ps,0.0
Gm5329,0.0
Scgb2b29-ps,0.0
Gm9127,0.0
Gm29262,0.0
Gm29263,0.0
Scgb2b10,0.0
Rpl23a-ps10,0.0
Scgb2b30,0.0
Gm9135,0.0
Gm28256,0.0
Gm28257,0.0
Gm9142,0.0
Gm28862,0.0
Rpl23a-ps11,0.0
Gm9146,0.0
Gm5116,0.0
Scgb2b13-ps,0.0
Scgb1b13-ps,0.0
Gm5327,0.0
Gm9149,0.0
Gm21135,0.0
Scgb2b14-ps,0.0
Scgb1b14-ps,0.0
Gm5058,0.0
Gm29429,0.0
Scgb2b31-ps,0.0
Gm4398,0.0
Gm29432,0.0
Gm28408,0.0
Scgb2b16-ps,0.0
Scgb1b16-ps,0.0
Gm9156,0.0
Gm28409,0.0
Scgb2b32-ps,0.0
Gm4405,0.0
Gm28383,0.0
Gm28384,0.0
Gm28992,0.0
Rpl23a-ps7,0.0
Scgb2b33,0.0
Gm9162,0.0
Gm28559,0.0
Gm6003,0.0
Gm9167,0.0
Gm5732,0.0
Gm28794,0.0
Gm5731,0.0
Scgb1b34-ps,0.0
Scgb1b21,0.0
Gm12770,0.0
Gm12771,0.0
Scgb2b22-ps,0.0
Scgb1b22-ps,0.0
Scgb2b23-ps,0.0
Scgb1b23-ps,0.0
Rpl23a-ps12,0.0
Gm12782,0.0
Gm28614,0.0
Gm12768,0.0
Scgb2b25-ps,0.0
Scgb1b25-ps,0.0
Gm12757,0.0
Gm28615,0.0
Gm12765,0.0
Scgb1b26-ps,0.0
Gm28184,0.0
Gm12773,0.0
Gm12755,0.0
Gm12760,0.0
Gm12779,0.0
Gm12778,0.309
Gm12783,0.0
Garre1,-0.66
BC060293,-1.207
Gm6096,-0.273
Gm44567,-2.135
Gm12774,-0.283
2310043P16Rik,-1.993
Gm12780,0.0
Gm25922,0.0
Gm45094,-0.621
Gm24505,0.0
Wdr88,0.0
Gm44636,-0.211
Gm18254,0.0
Gm18558,0.0
Rpl17-ps9,-0.387
Gm9211,-0.325
Gm38285,0.27
Gm37452,-0.259
Gm38340,0.025
E230020A03Rik,0.019
Gm37827,-0.086
6720469O03Rik,-0.961
Gm44806,-0.182
Gm44882,-0.96
Gm44883,-2.105
Gm22302,0.0
Gm22203,0.0
Gm28581,0.0
Gm9220,0.0
Gm4451,0.0
Gm28453,0.172
AC110908.1,0.0
Gm6818,0.0
Gm28583,0.0
Gm6605,0.0
Gm6819,0.0
Gm4454,0.0
Gm20749,0.0
Gm29086,0.0
AC237159.1,0.0
Gm21115,0.0
Gm21276,0.0
Gm21122,-0.245
Gm29085,0.0
1700010N08Rik,0.0
AC238840.1,0.0
Gm21129,0.0
Gm21136,0.0
Gm21142,0.0
Gm21152,0.0
AC147801.1,0.0
Gm28451,0.0
Gm1982,0.0
Gm1988,0.0
Gm6124,0.0
Gm16387,0.0
Gm9226,0.0
AC129176.1,0.0
Gm29258,0.0
Gm9271,0.0
AC109210.1,0.0
Gm5590,0.0
Zfp939,-0.305
Gm28455,-0.618
Gm44573,0.1
Gm33989,-0.838
Gm17983,0.0
Gm2058,-0.587
Gm26327,0.0
Gm2021,0.0
Gm9230,0.0
4930435C17Rik,0.0
Gm37302,0.179
Gm38199,0.0
Gm6851,-0.131
Gm50466,0.0
Gm45008,0.0
Gm25784,0.0
Gm29293,0.0
Gm45171,0.0
Topbp1-ps2,0.0
Gm45172,-0.245
Gm28061,0.0
Gm9239,0.0
Gm6820,0.0
Gm2128,0.0
Gm28060,0.0
Gm28667,0.0
Gm5896,0.0
Gm6866,0.0
Gm45691,0.0
Gm9244,0.0
Gm44520,0.0
Topbp1-ps1,0.0
Gm2108,0.0
Gm17791,-0.312
Gm9246,0.0
Gm20449,-0.583
Gm44521,0.0
Gm15470,0.0
Gm17217,0.0
Gm45078,-0.395
Gm9252,0.0
Vmn2r-ps54,-0.049
Gm6872,0.0
Cd9-ps,-0.111
Vmn2r-ps55,0.0
Vmn2r-ps56,-0.218
Vmn2r-ps57,-0.201
Hmgb1-ps7,-0.488
Gm7224,0.0
Ccnb1-ps,0.0
Gm2308,-0.206
Gm44519,0.0
Vmn2r-ps58,0.0
Gm5594,0.0
Vmn2r-ps59,0.0
Vmn2r-ps60,0.0
Gm6887,-0.118
Gm19246,-0.278
Gm44523,-0.115
Gm18128,0.0
Gm6004,0.0
Gm7211,0.0
Gm9266,0.0
Gm9294,-0.041
Vmn2r-ps158,0.0
Gm44538,0.0
Rpl18a-ps4,0.0
Gm10351,0.0
Gm44539,0.0
Gm10298,0.0
Gm44540,0.0
Gm52993,0.0
Gm38999,0.0
Etfbl,0.274
Gm44816,0.038
Mir7051,0.0
Gm9278,0.0
Siglecl1,-0.65
Gm44817,0.0
Gm44814,0.0
Gm45173,0.0
Klk2-ps,0.0
Klk1b7-ps,0.0
Gm44945,0.0
Klk1b2-ps,0.0
Gm45198,0.0
Gm45135,0.0
Klk1b10-ps,0.0
Gm45195,0.0
Klk1b12-ps,0.0
Klk1b18-ps,0.0
Klk1b28-ps,0.0
Gm45196,0.0
Klk1b19-ps,0.0
Gm45197,0.0
Klk1b14-ps,0.0
Gm45026,0.0
Klk1b15-ps,0.0
Gm45125,0.0
Gm45127,0.0
Gm45126,0.0
Gm45122,0.0
Klk1b23-ps,0.0
Gm45136,0.0
Gm44779,0.0
Gm44605,-0.18
Gm45134,0.0
Gm10109,0.487
Gm28496,-1.091
Gm26247,0.0
Snord88c,0.0
AC152939.1,0.0
Gm23991,0.0
Gm18905,0.0
Gm18307,0.0
Gm7238,-0.137
Gm44757,0.0
Gm45124,-0.919
Mir7052,0.0
Mir7053,0.0
Gm44833,0.0
Gm18256,0.0
Gm29791,-0.161
Mir707,0.0
D7Bwg0826e,0.217
Mir7054,0.0
Mir150,0.0
Snord35b,0.0
Gm45713,0.0
Snord35a,-0.744
Snord34,0.0
Mir5121,0.0
Snord32a,0.0
Mir7055,0.0
Kash5,0.586
Gm23585,0.0
Rpl14-ps1,-0.336
Gm10252,-0.307
Gm45808,0.0
Gm45478,0.0
AC167242.1,0.0
Gm45444,-0.32
Odad1,-0.177
Gm9712,-0.039
Gm45674,0.0
Gm18706,0.0
Gm45487,0.0
Gm9860,0.0
AC090652.1,-0.155
Gm45310,0.0
Gm45629,-0.395
Saa-ps,-0.369
Gm9392,-0.731
Gm5331,-0.204
Gm45628,0.0
Gm45737,-0.421
Gm19248,-0.058
Gm31941,0.0
LOC102637012,0.0
Mir7056,0.0
Mrgprx3-ps,0.0
Gm45085,0.0
Gm29479,0.0
AC138678.1,0.0
Gm7255,0.0
Mrgprc4-ps,0.0
Mrgpra14,0.0
Gm9322,0.0
Mrgprc1-ps,0.0
Gm2707,0.0
Gm28288,0.0
Mrgprc3-ps,0.0
Gm5733,0.0
Gm18348,0.0
Gm29563,0.0
Mrgprc7-ps,0.0
Gm18349,0.0
Mrgpra18-ps,0.0
Gm18350,0.0
Gm5734,0.0
Mrgprc2-ps,0.0
Mrgprb7-ps,0.0
Gm28666,0.0
Mrgprb12-ps,0.0
Gm18351,0.0
Gm28665,0.0
Gm18352,0.0
Gm26950,0.0
Gm18356,0.0
Mrgprb13,0.0
Gm18357,0.0
Mrgprb9-ps,0.0
Gm18353,0.0
Mrgprb11-ps,0.0
Gm45041,-0.399
Gm18559,0.0
Gm45207,0.0
Gm37613,0.0
Gm44913,-1.682
Gm38059,-1.776
Gm44822,-0.8
Gm9343,0.0
Gm21032,0.0
Gm21033,0.0
Gm21034,0.0
Gm21035,0.0
Gm21036,0.0
Gm21037,0.0
Gm16478,0.0
Gm45002,0.0
Gm9354,-0.574
Gm45072,0.134
Gm42402,0.0
Gm7336,-0.404
Gm45001,-0.142
Gm9357,0.0
Gm44683,0.0
Gm20074,0.0
Gm6181,-0.071
Gm22444,0.0
AC102318.1,0.0
Mir6238,0.0
Gm44682,0.0
Gm5776,-0.628
Gm6290,0.0
Gm44895,0.076
Gm44897,-1.036
Gm44896,0.0
Gm44894,-0.307
4833421K07Rik,0.028
Gm17838,0.0
Gm24116,0.0
Gm44898,0.048
Gm9367,0.0
Gm44615,0.0
Gm26482,0.0
Gm17907,0.0
Gm44616,-0.523
Gm44509,0.464
Gm44508,-0.141
Gm44510,-1.791
Rps12l1,-0.524
AC102121.1,0.0
Gm19187,0.0
Gm44979,0.0
Gm17984,0.0
Gm44976,0.0
Gm44977,0.0
Gm17987,-0.166
Gm18642,0.0
Mir6389,0.0
Gm44853,0.0
Gm44708,0.619
Gm5596,-0.051
Gm34272,0.0
Gm18127,0.0
Gm23911,0.0
AC102304.1,0.0
Gm44852,0.0
Gm45157,0.0
Gm44936,-2.466
Gm44937,-2.285
Gm6226,-0.259
Gm44938,-0.116
Gm18453,0.0
Gm9373,0.0
Gm9375,0.0
Gm45189,0.0
Gm9377,0.0
Gm44743,0.0
Gm44742,-0.232
9330162G02Rik,-0.197
Gm44562,0.716
Gm44559,0.879
Gm44560,0.674
Gm44830,0.216
Gm44829,0.439
A230103L15Rik,0.541
Gm25499,0.0
Gm24966,0.0
AC167971.1,0.0
Gm22496,0.0
AC167971.2,0.0
AC169674.3,0.0
AC169674.8,0.0
AC169674.32,0.0
AC169674.5,0.0
AC169674.43,0.0
AC169674.14,0.0
AC169674.6,0.0
AC169674.40,0.0
AC169674.28,0.0
AC169674.36,0.0
Gm26230,0.0
AC169674.39,0.0
AC169674.11,0.0
AC169674.21,0.0
AC169674.20,0.0
AC169674.38,0.0
AC169674.47,0.0
AC169674.41,0.0
AC169674.10,0.0
AC169674.37,-0.083
AC169674.45,0.0
AC169674.2,0.0
AC169674.9,0.0
AC169674.18,0.0
AC169674.25,0.0
AC169674.30,0.0
AC169674.49,0.0
AC169674.4,0.0
AC169674.48,0.0
AC169674.46,0.0
AC169674.29,0.0
AC169674.13,0.0
AC169674.27,0.0
AC169674.12,0.0
AC169674.35,0.0
AC169674.24,0.0
AC169674.34,0.0
AC169674.15,0.0
AC169674.7,0.0
AC169674.17,0.0
AC169674.33,0.0
AC169674.16,0.0
AC169674.23,0.0
AC169674.19,0.0
AC169674.26,0.0
AC169674.22,0.0
AC169674.1,0.0
AC169674.31,0.0
AC169674.44,0.0
AC169674.42,0.0
Gm24983,0.0
Gm24027,0.0
AC171272.10,0.0
AC171272.29,0.0
AC171272.16,0.0
AC171272.8,0.0
AC171272.6,0.0
AC171272.15,0.0
AC171272.26,0.0
AC171272.3,0.0
AC171272.30,0.0
AC171272.31,0.0
AC171272.24,0.0
Gm23254,0.0
AC171272.14,0.0
AC171272.7,0.0
AC171272.11,0.0
AC171272.23,0.0
AC171272.27,0.0
AC171272.22,0.0
AC171272.28,0.0
AC171272.33,0.0
AC171272.21,0.0
AC171272.32,0.0
AC171272.13,0.0
AC171272.2,0.0
AC171272.17,0.0
AC171272.19,0.0
AC171272.4,0.0
AC171272.25,0.0
AC171272.20,0.0
AC171272.18,0.0
AC171272.9,0.0
AC171272.1,0.0
AC171272.12,0.0
AC171272.5,0.0
AC168073.11,0.0
AC168073.2,0.0
AC168073.47,0.0
AC168073.19,0.0
AC168073.37,0.0
AC168073.12,0.0
AC168073.35,0.0
AC168073.29,0.0
AC168073.25,0.0
AC168073.27,0.0
AC168073.48,0.0
AC168073.10,0.0
Gm25089,0.0
AC168073.51,0.0
AC168073.38,0.0
AC168073.17,0.0
AC168073.6,0.0
AC168073.5,0.0
AC168073.20,0.0
AC168073.30,0.0
AC168073.45,0.0
AC168073.18,0.0
AC168073.1,0.0
AC168073.7,0.0
AC168073.31,0.0
AC168073.8,0.0
AC168073.41,0.0
AC168073.32,0.0
AC168073.13,0.0
AC168073.9,0.0
AC168073.24,0.0
AC168073.21,0.0
AC168073.40,0.0
AC168073.52,0.0
AC168073.26,0.0
AC168073.46,0.0
AC168073.33,0.0
AC168073.34,0.0
AC168073.28,0.0
AC168073.36,0.0
AC168073.49,0.0
AC168073.3,0.0
AC168073.15,0.0
AC168073.44,0.0
AC168073.4,0.0
AC168073.42,0.0
AC168073.22,0.0
Gm44831,0.438
AC168073.16,0.0
Gm26504,0.0
AC168073.14,0.0
AC168073.50,0.0
AC168073.23,0.0
AC168073.39,0.0
AC168073.43,0.0
AC221015.28,0.0
AC221015.24,0.0
AC221015.23,0.0
AC221015.8,0.0
AC221015.13,0.0
AC221015.22,0.0
Gm22584,0.0
AC221015.34,0.0
AC221015.9,0.0
AC221015.38,0.0
AC221015.3,0.0
AC221015.5,0.0
AC221015.36,0.0
AC221015.33,0.0
AC221015.41,0.0
AC221015.27,0.0
AC221015.12,0.0
AC221015.30,0.0
AC221015.37,0.0
AC221015.26,0.0
AC221015.29,0.0
AC221015.11,0.0
AC221015.42,0.0
AC221015.1,0.0
AC221015.18,0.0
AC221015.39,0.0
AC221015.14,0.0
AC221015.35,0.0
AC221015.25,0.0
AC221015.10,0.0
AC221015.15,0.0
AC221015.31,0.0
AC221015.2,0.0
AC221015.32,0.0
AC221015.7,0.0
AC221015.21,0.0
AC221015.6,0.0
AC221015.17,0.0
AC221015.4,0.0
Gm26097,0.0
AC221015.16,0.0
AC221015.20,0.0
AC221015.40,0.0
AC221015.19,0.0
AC172750.9,0.0
AC172750.4,0.0
AC172750.10,0.0
AC172750.7,0.0
AC172750.11,0.0
AC172750.14,0.0
AC172750.1,0.0
Snord116l2,0.0
AC172750.15,0.0
AC172750.6,0.0
AC172750.8,0.0
AC172750.17,0.0
AC172750.16,0.0
AC172750.12,0.0
Snord116l1,0.0
AC172750.13,0.0
AC172750.2,0.0
AC172750.5,0.0
AC172750.3,0.0
Gm22373,0.0
Snord64,0.0
Snord107,0.0
Gm18908,0.0
Gm7367,-0.423
Gm18129,0.0
Gm30196,0.0
Gm3198,0.0
Gm10297,0.661
Gm7394,0.0
Gm38451,0.702
Ube2nl,0.0
Mir344d-1,0.0
mmu-mir-344d-2,0.131
mmu-mir-344d-3,0.129
Mir344e,0.0
mmu-mir-344h-1,0.0
Mir344b,0.07
Mir344c,-0.18
Mir344,0.0
Gm19032,0.0
Gm3257,-0.098
Mir344-2,0.0
Mir344g,0.0
Gm23431,0.0
Mir344f,0.0
mmu-mir-344i,0.0
Atp5l-ps1,-1.183
Vmn2r-ps61,0.0
Gm22494,0.0
Gm9445,-0.159
Gm32111,0.0
Gm44741,0.316
Gm5898,0.534
Gm3307,0.584
Gm7482,0.0
Gm44720,0.0
Gm44627,0.896
AC148977.1,0.0
Gm44722,0.0
Mir211,0.0
Gm44719,0.0
Mir6416,0.0
Gm44765,-0.199
Gm45212,-0.47
Gm45082,-0.105
Gm44721,0.914
AC135860.1,0.0
Gm17908,0.0
Gm17918,0.0
Gm44794,-0.439
Gm44795,0.0
Gm44792,0.0
Gm7546,0.0
AC165968.1,0.0
Gm7551,0.0
Gm45213,0.0
Gm23042,-0.169
Gm18988,-0.411
Gm45080,0.303
Mir7057,0.0
Gm44754,0.0
Gm44610,-0.299
Gm45098,-0.16
Gm10623,0.587
AC123030.1,0.0
Gm44755,-0.058
Gm44609,0.0
Gm17909,-0.247
Gm45101,0.0
Gm44667,-2.198
Gm44668,-2.698
Gm23233,0.0
Gm32983,0.0
Gm45100,0.0
Gm44669,-0.002
Gm45102,0.371
Gm7583,0.433
Gm44666,0.0
4930405G09Rik,-0.885
Gm44888,-1.658
Gm44887,0.0
Gm5334,0.0
Gm23795,0.0
Gm5342,0.0
Gm44533,0.0
AC118708.1,0.0
Gm44535,0.0
Gm7627,0.0
Gm44690,0.0
4933423L19Rik,0.0
Gm24120,0.0
Gm7656,-0.342
Gm44811,0.0
Gm44809,0.0
Gm34783,0.0
Gm45066,0.714
Gm10172,0.357
Gm7675,0.0
Gm44688,0.0
Gm17988,0.0
Gm37620,0.0
Rpl17-ps10,-1.481
Kansl2-ps,-0.087
Gm7693,0.0
Gm5335,0.0
Gm44758,0.051
Gm44645,0.114
Gm44553,-1.323
Gm44552,-2.116
C130083A15Rik,-2.494
Chaserr,-1.158
Gm26176,-0.226
Gm4971,0.0
Idi1-ps4,0.0
Gm45007,0.0
A830073O21Rik,-0.961
Gm45005,0.0
Gm45006,0.0
Mir7234,0.0
Gm45003,0.046
Gm7726,0.0
Gm44903,0.0
Gm44902,0.0
Gm10161,0.0
Gm44962,0.0
Gm44834,-2.538
Gm44695,-2.333
Gm44835,-0.858
Gm44694,-0.803
Gm26729,-0.299
Gm45139,-0.321
AC140191.1,0.0
Gm45211,-0.213
AC140191.2,0.0
Gm5597,0.0
2310001K20Rik,0.602
Gm45210,-0.316
Gm44879,0.0
Gm44608,0.0
Gm23239,0.0
Gm44607,-0.04
Gm45059,-0.207
Mir7-2,0.0
Gm44815,0.0
Gm44639,-0.379
Gm39041,-0.38
Gm16017,-0.184
Gm10616,-0.34
Mir9-3,0.0
A330074H02Rik,-0.263
2900037B21Rik,-0.178
Gm37608,0.612
Gm45170,-0.216
Gm44705,0.48
Gm44974,-1.002
Gm44950,0.05
Gm44951,-1.271
Gm45203,-1.137
Gm45206,-0.499
Gm15504,0.0
Gm15544,-0.07
Ndufab1-ps,-0.03
Gm44931,0.473
Gm16171,-0.146
Gm45718,-1.146
Gm18782,0.157
Gm44967,-1.962
Ndufs6b,-0.42
Gm7180,-0.625
Rpl7a-ps9,0.604
Cpeb1os1,0.559
Mir1839,0.0
Gm37829,0.311
Gm45698,-0.911
mmu-mir-12203,0.0
Gm18806,0.0
Gm45845,0.0
Gm45867,-1.532
Gm45088,-0.732
4833418N17Rik,0.0
Gm45089,0.137
Gm44919,0.0
Gm44917,-0.981
Gm45807,0.484
Gm44916,-1.411
Gm6112,0.0
Gm22934,0.0
Gm44845,0.0
Gm44723,0.929
Gm7957,0.0
Gm45838,0.178
Phgdh-ps1,0.0
Gm7964,-0.942
3110009M11Rik,0.0
Gm44531,0.0
Gm44530,-0.283
Gm49493,0.041
Gm22177,0.0
Gm44826,0.0
AC101776.1,0.0
Gm45174,-2.393
Gm44928,0.0
Tprgl-ps1,0.0
Vmn2r-ps62,0.0
Gm6155,-0.711
Tprgl-ps2,0.0
Gm18560,0.0
Vmn2r-ps64,0.0
Vmn2r-ps65,0.0
Vmn2r-ps66,0.0
Vmn2r-ps67,0.0
Gm18358,0.0
Vmn2r-ps68,0.0
Gm20414,0.0
Gm20415,0.0
Vmn2r-ps69,0.0
Gm18359,0.0
Gm44578,-0.381
Vmn2r-ps70,0.0
Gm18360,0.0
Vmn2r-ps72,0.0
Vmn2r-ps73,0.0
Gm18779,0.0
Gm18354,0.0
Vmn2r-ps75,0.0
Vmn2r-ps76,0.0
Vmn2r-ps77,0.0
Vmn2r-ps78,0.0
Vmn2r-ps79,0.0
Vmn2r-ps80,0.0
Vmn2r-ps81,0.0
Vmn2r-ps82,0.0
Vmn2r-ps83,0.0
Vmn2r-ps84,0.0
Vmn2r-ps85,0.0
Vmn2r-ps86,0.0
Gm20480,0.0
Olfr306-ps1,0.0
Gm45541,0.0
Olfr300-ps1,0.0
Gm17919,0.0
Olfr296-ps1,0.0
Vmn2r-ps87,0.0
Gm19203,0.0
Gm44925,0.0
Gm6230,0.0
AC122517.1,0.0
Gm44926,0.0
Gm44927,0.0
Gm44848,-0.199
Gm44847,0.146
Gm24249,0.0
Gm44846,0.499
Gm25345,0.0
Gm15661,0.0
Rps13-ps2,-0.724
Gm8183,0.0
Gm6240,0.0
Gm44704,-0.246
Gm44996,-0.166
Gm2546,-0.059
Gm15744,0.0
Gm45793,-0.331
Gm45120,-0.417
Gm44860,-0.625
Gm44861,-0.309
Btf3-ps5,0.0
Gm45223,-0.804
Gm45222,-1.091
Gm45221,-1.297
Gm45220,-0.118
Gm44907,-0.184
AC112262.1,0.0
Gm45162,0.0
A930002H02Rik,0.142
Gm45161,0.093
Gm45178,0.724
Gm45179,0.238
Gm45176,0.023
Gm45177,0.192
Gm45182,1.529
Gm24552,0.0
Gm45183,1.912
Gm44678,-0.182
Gm44679,0.313
Gm44675,1.374
Gm44676,1.183
Gm44677,0.736
Gm44680,0.839
Gm44681,0.973
Gm23928,0.0
C030038I04Rik,1.811
Gm45130,1.083
Gm45129,0.299
Gm45131,0.755
4931412I15Rik,-0.068
B230206I08Rik,0.773
Gm45201,1.375
Gm37008,0.694
6430511E19Rik,-1.307
Gm45199,-0.331
Gm45200,-0.231
9530078K11Rik,-0.427
Gm31663,0.555
Gm25860,0.0
Gm44715,0.467
Gm15501,0.403
Gm45038,-0.122
Gm8285,0.0
Gm45039,-0.129
Bc1-ps1,0.0
Gm18197,0.0
Gm5899,0.0
Gm44602,0.0
Gm19761,0.0
AC162878.2,0.0
Gm8309,-0.39
Gm44603,0.0
AC162878.1,0.0
Gm5037,0.0
Gm8319,-0.194
Mir708,0.0
Mir6394,0.0
Rps11-ps5,0.0
Gm22226,0.0
Gm16053,0.265
Gm24412,0.092
Ywhaq-ps1,0.0
Rpl15-ps5,-1.476
Gm45186,-0.358
Gm44590,-0.089
Gm44980,0.0
Gm2926,0.279
Gm44978,0.0
Gm23040,0.0
Gm45132,0.116
Gm15506,-0.598
Gm8398,0.0
Gm23479,0.0
Gm33882,0.035
Gm44975,-0.899
Gm45185,0.601
Gm18943,1.013
Snord15b,0.0
Snord15a,0.806
Mir326,0.0
Gm44914,-0.292
Gm25409,0.0
Gm44551,0.0
Gm19182,0.0
A930030B08Rik,-2.53
Gm18959,-2.864
Gm17931,0.0
Gm7067,0.0
Gpx2-ps1,-0.761
Gm44571,-1.537
Gm37716,-1.428
Gm8463,-0.304
Gm44648,0.0
Cox20b,-0.78
Gm14382,0.233
Gm45209,0.0
Gm3200,-0.535
Gm44953,-0.093
Mir3102,0.0
Gm44545,-0.219
Gm45070,0.0
Gm5735,-0.334
Gm6341,-0.895
Gm47324,-0.068
Gm45344,-0.709
Gm45548,0.361
Gm45837,0.0
Mir139,0.0
Art2a,-0.139
Gm7027,0.018
Gm45380,0.481
Gm45319,0.664
Gm8523,-0.733
Gm45312,-0.119
Gm45313,-0.225
Xntrpc,0.007
Trpc2,0.0
Gm18255,0.0
Gm45399,-2.505
Gm8556,0.0
Olfr546-ps1,0.0
Gm5339,0.0
Gm2996,-0.209
Gm45687,0.0
Gm45527,0.0
Gm45688,0.0
Gm24210,0.042
Olfr562-ps1,0.0
Olfr563-ps1,0.0
Olfr565-ps1,0.0
Gm45689,0.0
Olfr567-ps1,0.0
AC161520.1,0.0
Olfr580-ps1,0.0
Olfr581-ps1,0.0
Olfr587-ps1,0.0
Gm15120,0.0
Gm15116,0.0
Olfr590-ps1,0.0
Olfr595-ps1,-0.222
Olfr602-ps1,0.0
Olfr621-ps1,0.0
Olfr626-ps1,0.0
Olfr260-ps1,0.0
Gm15115,0.0
Hbb-bh3,0.0
Hbb-bh0,0.0
Dnajc19-ps,-0.273
Gm45655,0.0
Olfr634-ps1,0.0
Gm4886,0.0
Olfr636-ps1,0.0
Olfr637-ps1,0.0
Olfr643,0.0
Olfr647-ps1,0.0
Olfr650-ps1,0.0
Gm8667,-0.235
Gm24846,0.0
AC142110.1,0.0
Gm45471,-0.48
AC142110.2,0.0
Gm16464,-0.579
Gm6574,0.0
Trim30e-ps1,0.0
Usp17le-ps,0.0
Olfr660-ps1,0.0
Gm6593,0.0
Olfr662-ps1,0.0
Olfr663,0.0
Olfr664,0.0
Gm4887,-0.109
Gm45275,0.0
AC125170.1,0.0
Gm45273,0.0
Gm5900,0.0
Olfr673-ps1,0.0
Olfr674-ps1,0.0
Gm8913,0.0
Gm17989,0.0
Gm17990,-0.067
Olfr682-ps1,0.0
Gm45374,0.0
Olfr687,0.0
Gm45331,0.0
Gm4972,-0.08
Gm45667,-0.555
Gm45632,0.234
Gm45799,0.647
Gm22504,-0.433
Mrps36-ps2,-0.836
Gm15645,-0.223
Gvin-ps1,-0.612
Gm45684,-0.479
Gvin2,-2.714
Gvin-ps2,-0.422
Gm27228,0.0
Gvin-ps3,0.311
Gm27149,0.0
Gm8982,0.0
Gvin-ps4,-1.211
Gm27150,0.0
Gvin-ps5,-0.262
Gvin-ps6,-3.157
Gm22372,0.0
Gvin-ps7,-2.262
Gvin3,-2.572
Gm44857,0.0
Olfr696-ps1,0.0
Gm44582,0.0
Olfr712-ps1,0.0
Gm17991,0.0
Gm45023,0.0
Gm3765,0.0
Gm19033,0.0
5330417H12Rik,0.0
Olfr468-ps1,-0.077
Gm5002,0.0
Olfr471-ps1,0.0
Gm10156,0.0
Gm9449,0.0
Gm6702,0.0
Gm45375,0.0
Gm4199,0.0
AC151899.1,0.0
Gm18944,0.0
Gm6007,-0.288
Olfr489-ps1,0.0
Gm44594,0.0
Gm45392,0.0
Olfr496-ps1,0.0
Gm44611,0.0
Olfr499-ps1,0.0
Olfr500-ps1,0.0
Olfr501-ps1,0.0
Gm5053,0.0
Gm18410,0.0
Gm44865,0.0
Olfr505-ps1,0.0
Gm19127,0.0
Olfr511-ps1,0.0
Gm45232,0.0
Olfr515-ps1,0.0
Gm17992,0.0
AC121989.1,-0.1
Gm9105,-0.238
Snora3,0.0
Gm24888,0.294
Denn2b,-0.419
4930431P19Rik,0.339
AC132584.1,0.0
Gm23100,-0.401
Gm25636,-2.019
Snora23,-0.59
AA474408,-0.274
Gm45819,-0.908
AC147244.1,0.0
Gm9132,-1.179
Gm9064,-0.099
Gm17219,-0.335
Gm10087,-0.196
Gm18907,0.0
B430319F04Rik,-0.122
Irag1,-0.223
Gm23262,-0.945
Gm45378,0.003
AC150312.1,-0.018
Gm5338,0.0
Gm45588,-0.079
Gm23345,0.0
Gm24154,0.0
Gm45473,-0.377
Gm5599,0.0
Gm15994,-0.324
Gm45614,-1.022
Gm18780,-0.047
Gm33828,0.0
Gm45454,-0.172
Gm18599,0.0
Gm15500,0.039
AC102792.1,0.0
Rps4l-ps,-0.131
Rpl19-ps10,-0.137
Gm4353,-0.27
Snord14a,0.0
Gm45033,-0.733
C430039J01Rik,-0.317
Gm45031,0.0
Gm6008,0.0
Gm4366,-0.201
AC114582.1,0.0
AC114582.2,0.0
Gm45153,-1.192
Gm25683,-0.102
Gm45084,-2.42
Gm23229,0.0
Gm32766,0.587
Gm44652,0.009
AC122912.1,0.0
Gm45236,-0.108
1700016B15Rik,-0.657
Gm44550,-0.119
Gm26147,0.0
Gm4083,0.0
Gm23321,0.0
Gm37518,0.0
Ppp1ccb,0.416
Gm19963,0.0
Gm44966,0.0
Gm25217,0.0
4930560O18Rik,-0.396
Gm9165,0.0
Gm16475,0.0
E130201H02Rik,-1.663
Gm45113,-0.58
Gm45112,0.001
AC099930.1,0.0
Gm44661,-0.304
Gm45047,-0.309
Gm9234,0.0
Gm25924,0.0
Gm9905,0.195
Gm45137,-1.119
Gm27991,0.0
Gm44901,-2.496
2210406H18Rik,-0.106
Gm9240,0.0
4930486N12Rik,0.0
Gm44740,0.0
Gm44986,-0.434
Gm16326,0.0
Gm44985,0.0
Gm29977,0.0
Gm23614,0.0
Gm45191,-2.952
Gm44664,-1.566
Gm44663,-1.515
Gm14388,0.289
Gm44745,-2.65
Gm14389,0.0
Gm44746,-2.0
Gm44749,-0.317
Gm29759,0.0
4930413G21Rik,-0.781
Gm6905,-0.948
Gm45846,-0.118
Gm23788,-0.207
Gm25759,0.0
Gm23168,0.0
AC122882.1,0.0
Gm45093,0.0
Glud-ps,-0.062
Gm21957,0.0
AC125160.1,0.0
4930533L02Rik,0.0
Gm4973,0.0
Katnip,-0.808
Gm44874,0.191
Gm17137,0.427
Gm17136,0.461
Gm44703,0.0
Gm10155,-0.116
Mir7058,0.0
Gm45141,-0.454
Gm24596,-0.37
Gm25579,-0.1
Mir7059,0.0
Gm6939,0.0
Snrp1c-ps1,-0.466
Gm44824,0.0
Gm44855,0.0
Tlcd3b,0.656
Gm44856,0.0
Gm23445,0.0
Gm44735,-0.704
Gm21984,-0.059
Pagr1b,0.0
AC122863.1,0.0
Gm18561,0.0
Gm44940,-0.138
Gm25735,-0.217
AC122537.1,0.0
Septin1,-3.072
Gm44729,-0.606
Gm17511,-0.736
Smt3h2-ps2,0.0
AC136146.1,0.0
Gm33080,0.0
Gm45110,-1.384
Mir7060,0.0
Gm42715,-0.428
Snora30,-0.102
Gm44760,-0.548
Mir762,0.0
Gm49388,0.0
9430064I24Rik,-0.118
Gm45204,0.431
AC149222.1,-0.382
Gm21974,0.0
2200002A13Rik,0.985
Gm45205,-1.072
Gm19366,-0.786
Gm5738,0.0
Gm9299,0.0
Gm22809,0.0
Gm49368,-0.247
Gm45700,0.0
Gm17831,0.0
Rusf1,0.199
Mir3103,0.0
Gm6916,-0.744
Gm44650,0.0
2610306O10Rik,-0.73
Gm7258,-0.405
Gm43580,0.0
Gm16044,0.007
Gm44673,-0.655
Gm4768,0.0
Gm4259,0.0
Gm23847,0.0
Gm5903,-0.397
Gm45719,-0.194
Gm4275,0.0
4930513N20Rik,-0.448
Gm6108,-0.224
Mir7061,0.0
Cdcp3,0.0
Gm52996,0.0
Gm44624,-1.444
Gm44625,-0.254
Gm18600,-0.608
Gm44984,0.0
Gm45105,0.0
Gm16477,0.0
Gm4585,0.0
Gm44547,0.0
Gm33146,0.0
Gm44891,-0.168
Gm4587,0.0
Gm45501,-1.177
B930086L07Rik,-0.383
Gm15483,1.68
Gm19514,-1.48
Gm9333,-0.404
Gm45532,-1.029
Gm45597,-0.491
Gm24581,0.0
4930544L04Rik,0.0
Mir1962,0.0
Gm45240,-0.159
Gm45440,0.0
Gm45439,0.0
Gm9341,0.0
Gm45426,0.0
Gm5904,-0.431
Gm9347,0.094
Gm45280,-0.222
Gm45499,0.0
Gm45514,0.074
Gm17841,-0.16
Gm45683,0.0
Gm5650,0.0
AC149217.1,0.0
Gm45506,0.0
Gm18258,0.494
Gm9358,-0.098
Gm45668,0.0
Gm45328,-0.377
Gm4459,0.179
Rpl21-ps13,-0.229
Gm7380,0.263
Mir6401,0.0
Gm4974,0.0
Mir7686,0.0
Mir202,0.0
Spef1l,0.055
Mir7062,0.0
Scart1,-0.019
Scart2,-0.746
Gm6314,0.0
Olfr528-ps1,0.0
Olfr529-ps1,0.0
Gm6376,-0.171
Olfr534-ps1,0.0
Olfr537-ps1,0.0
Olfr540-ps1,-0.157
Olfr542-ps1,0.0
Gm29799,0.0
Gm45785,0.0
Gm15542,-0.37
Gm45717,0.0
Gm7514,-0.436
Gm45299,0.0
Gm5905,0.132
Gm22019,0.0
Mir210,0.0
Gm25725,0.0
Gm4535,-0.021
Snora52,0.0
Gm45416,-0.748
Mir7063,0.0
LXEJ02004842.1,0.0
Mir3104,0.0
Gm45630,-1.273
Gm25416,0.0
Gm45417,0.0
Gm25370,0.0
Gm19094,0.0
Gm47762,0.0
Gm2431,0.0
Gm10013,0.0
Gm5054,0.012
Gm49369,0.0
Gm26143,0.0
Mir675,0.0
Gm49394,0.0
Mir483,0.0
Gm7290,-0.344
Gm38321,0.0
Gm37235,0.0
Gm37364,-0.902
Gm38095,-0.939
Gm38065,1.025
Gm23297,0.0
Mir7064,0.0
Gm15580,-0.699
Gm44998,-0.078
Mir6404,0.0
Mir3105,0.0
Gm44999,0.0
Gm10152,-0.584
Gm9711,0.0
Gm44634,0.0
Gm7346,0.0
Gm18210,0.0
Vmn2r-ps88,0.0
Gm44775,-1.209
Rps23rg1,-0.912
Rps23-ps2,-0.613
Gm44776,0.0
Rprl3,0.0
Gm7381,0.0
Gm7389,0.0
Gm45048,0.0
Gm7397,0.0
Gm45049,0.0
Gm7407,-0.464
Gm16589,-0.714
Gm49320,0.0
Gm44869,0.0
Gm45118,0.0
Gm7434,-0.615
Gm45117,-0.369
Gm6070,0.0
Gm36956,0.186
Vmn2r-ps89,0.0
Gm7451,0.0
Gm45224,0.0
Gm7461,-1.401
Gm2676,0.0
Gm44959,0.0
Gm6334,-0.116
Gm44960,0.0
Gm9457,-0.363
Gm44961,0.0
Rpl21-ps14,0.064
AC110744.1,0.0
Gm5739,0.0
Gm5605,-1.013
Gm6426,1.193
Gpi-ps,-0.75
Gm2734,0.0
Gm44843,0.0
Gm44842,0.0
Gm24288,0.0
Gm44844,-0.29
Gm44909,0.0
Gm7506,0.0
Gm44911,0.0
Gm44910,0.0
Gm44908,0.0
AC139223.1,0.0
Gm25169,0.0
Gm45160,0.0
Leat1,0.507
Gm2448,0.0
E230020D15Rik,-0.61
Gm45074,-1.064
Gm45073,-1.07
Mir7654,0.0
Gm18393,0.0
Gm44542,0.816
Gm44541,0.612
Gm44518,1.169
4930435N07Rik,0.683
Gm44797,1.539
Gm44800,1.314
Gm44801,1.02
Gm44798,1.594
Gm44799,0.557
2900027M19Rik,1.12
Gm44802,1.394
Gm44789,0.734
Rps16-ps3,-0.288
Gm45042,0.0
Gm44716,-2.686
Gm20100,-2.129
Mir7238,0.0
Gm45592,-0.451
Gm7562,0.0
Gm7600,-0.211
Gm6524,0.0
Gm45420,0.0
Gm18991,0.302
Gm45560,0.04
Gm38671,0.0
Gm15349,0.0
Gm15352,0.292
Gm17022,-0.251
Mir7065,0.0
Mir1968,0.0
E330037G11Rik,-0.471
Gm25014,0.0
9530085L11Rik,-0.46
Gm45410,-0.216
Gm7669,-0.135
Gm24698,0.0
Gm7676,0.08
Gm45520,0.0
Gm10699,0.82
Gm3160,-0.098
Gm26184,0.0
Gm37844,-0.245
Gm45276,0.0
Gm15678,0.0
Gm24231,0.0
Gm45678,0.0
Gm45677,0.0
Gm45675,-0.372
Gm7128,-0.155
Mir3106,0.0
Gm45393,0.0
Gm45394,0.0
Gm25278,0.0
3110080E11Rik,-1.569
Gm25665,0.0
Gm24469,0.0
Gm25763,0.0
Gm17149,-0.234
Gm45493,-0.069
Gm45770,0.89
Gm22551,0.0
Gm15366,0.0
Gm45826,0.0
Defa-ps12,0.0
Gm15357,0.0
Defa-ps13,0.0
Defa-ps14,0.0
Defa-ps15,0.0
Rpl19-ps11,-0.085
Gm15358,0.0
Gm16425,0.0
Selenot-ps,0.0
Gm6483,-0.188
Gm7760,0.0
Gm10060,-1.21
2610005L07Rik,-0.433
Gm7807,0.0
6820431F20Rik,-0.4
Gm20786,0.0
Gm40466,-0.53
Gm45754,0.0
Gm20778,0.0
Gm21769,0.092
Gm21811,0.561
Gm21182,0.0
Gm21092,-0.181
Gm21112,0.0
Gm20946,0.0
Gm20797,0.0
Gm20945,-0.157
Gm20796,0.834
AC161189.1,0.0
Defa-ps3,0.0
Gm6689,-0.099
Defa38,-0.518
AC129197.1,0.0
Gm2869,0.0
Defa-ps4,0.0
AC166039.1,0.0
Defa41,0.0
Defa-ps5,0.775
Defa-ps6,-0.277
Defa-ps7,0.0
Gm15303,-0.109
Defa40,0.0
Defa-ps8,0.0
Gm15300,0.0
AC129174.1,0.0
Gm15302,-0.485
Defa-ps16,0.0
Gm15305,0.0
Defa-ps18,0.469
Gm15309,0.0
Defa42,0.0
AC239604.1,0.0
Gm15304,0.085
Defa-ps17,0.0
Gm24423,0.0
Gm15311,0.0
Gm15312,0.0
Defa43,0.048
AC133094.1,0.0
Gm15314,-0.237
Gm15313,0.0
Defa-ps9,0.0
Defa-ps1,0.488
Defa39,-0.443
AC134533.1,0.0
Gm7869,0.0
Defa-ps10,0.0
Defa-ps11,0.0
Gm15316,0.0
Gm45796,0.0
AC117665.1,0.0
Rpl30-ps2,-0.138
Gm45452,0.0
Gm6009,-0.234
Gm45453,-0.078
Gm24735,0.0
Gm45555,-2.015
Gm10043,-0.233
Gm15815,0.024
Mir486,0.0
Mir3107,0.0
B230112G18Rik,0.599
Gm45412,0.277
Gm24335,0.0
Gm45165,1.179
Gm45166,0.0
AC117207.1,0.0
Gm44620,0.0
9130214F15Rik,-0.337
Gm26208,0.0
Gm45528,0.73
Gm45745,-2.686
Mir8108,0.0
Gm39147,0.0
Gm10689,-0.223
Gm24992,-0.05
Gm45343,-1.267
Gm45342,-0.413
6430710M23Rik,-0.362
Gm45413,-1.201
Gm45692,0.0
Gm45251,0.013
Gm50479,0.0
Gm45647,0.0
Gm19164,0.0
Gm45266,-1.791
5430430B14Rik,-0.061
Gm9731,-0.094
AC158566.1,0.0
Gm45861,0.0
Gm24202,0.0
Gm45751,0.714
Gm8096,0.0
Gm8100,-0.221
Gm9911,0.443
Gm45652,-0.098
Svet1,0.274
Nudc-ps1,-0.758
Gm45492,0.0
Gm6853,0.0
Gm45252,0.0
Snord13,-0.483
Gm8051,0.0
Gm8168,0.0
Gm19096,0.0
Gm53049,0.0
Gm5117,0.688
Gm22140,0.0
Gm6877,0.0
Hmgb1-rs17,0.951
AC127551.1,-0.565
Gm45817,0.0
MG954301.1,0.0
Gm45269,1.295
Mir6395,0.0
Gm6100,0.0
Gm8254,0.0
Gm4889,0.938
Gm8268,0.0
Gm8291,0.0
Rpl31-ps23,-0.444
Gm45626,0.0
Gm45566,0.0
Rps12-ps24,-0.038
Gm5787,-0.215
Gm26150,0.0
Gm19140,0.0
Gm45690,0.0
Gm10683,0.0
Gm8342,0.0
Gm3433,0.0
Gm7319,0.0
Gm45523,0.0
Gm45522,0.0
Gm25126,-0.402
Gm6203,0.187
Gm45654,0.0
Gm16205,0.0
Gm16204,0.362
Mir383,0.0
Gm53016,0.0
AC154907.1,0.0
AC168314.1,0.356
Gm20948,0.0
Gm17766,0.0
Gm45398,0.0
Zfp148-ps1,-0.125
Gm18644,0.0
Gm5609,-0.074
Gm2033,-0.263
Gm7082,0.127
Mir7666,0.0
Gm45660,0.0
Gm8423,0.0
Gm2080,0.0
Gm5749,0.268
Gm8436,0.0
Gm5345,0.854
Gapdh-ps14,-0.212
Smarce1-ps1,-0.79
Hspd1-ps1,0.0
Zfp353-ps,0.0
AC115967.1,0.0
Gm6180,0.567
Gm26181,0.0
Gm18414,0.0
Gm45590,0.0
Gm6284,0.0
Gm2221,0.0
Adam34l,0.0
Gm5347,0.0
Gm35629,0.0
Gm6011,0.0
Gm6303,0.0
Gm45657,-0.176
Gm45658,0.0
Gm19855,0.0
Gm37972,0.0
Gm45753,0.0
Gm45458,0.0
AC158351.1,0.0
Gm45457,-1.494
Gm25309,0.0
Gm45512,0.0
Gm15878,0.0
Gm45693,-0.201
Actg-ps1,0.0
Gm10313,0.0
Gm24669,0.0
Gm8575,0.0
Gm45255,0.0
Gm45245,0.0
Gm45244,0.0
Gm45481,-0.226
Gm45537,-0.407
Gm22857,0.0
Gm45575,0.0
Gm8623,0.399
Gm2607,-0.19
Gm32842,-0.165
Gm45772,-0.073
Gm25830,0.054
Gm45832,1.151
Gm45577,1.147
Gm45697,0.904
Gm45696,0.101
Gm45324,1.679
Gm45259,-0.448
Gm23986,0.0
Gm45386,0.0
Gm8679,0.0
Gm17911,0.0
Gm6458,0.0
Gm24929,0.0
Gm9892,-1.206
Gm6463,0.0
Gm25813,-0.181
Gm45673,0.0
Gm9685,0.0
Gm23666,0.0
Gm22841,0.0
AC108413.1,0.0
Gm19921,0.0
Gm45553,1.021
Gm45263,-0.561
Gm45265,-0.151
Gm45264,-0.154
Gm45262,0.0
A230085B16Rik,0.0
9330121K16Rik,-0.07
Gm8734,0.0
Gm20586,0.0
Gm18320,0.0
Gm45610,0.0
Gm7351,0.0
Gm45366,-0.163
Gm45540,-0.264
Gm7419,0.0
Gm24375,0.0
Gm2767,-0.136
Gm6503,0.801
Gm7328,0.0
Gm17994,0.0
Hdnr,0.339
Gm6012,0.492
Gm25379,-0.364
Gm10284,0.202
Gm45534,-1.647
Gm45360,-1.655
Gm19269,-2.008
Gm45358,-2.691
4930412F12Rik,-1.489
Gm45644,-0.231
Gm45633,0.0
Gm45635,-0.124
Gm45634,0.785
Gm45636,0.372
Gm15881,0.0
AC164310.1,0.932
Gm7499,0.0
Gm5740,0.0
Gm26164,0.0
Gm45651,1.121
Stambp-ps2,0.0
Gm23329,0.0
Gm45485,0.0
Gm45484,0.206
Gm45809,0.684
Gm45483,1.055
Gm16179,0.12
Gm10015,-0.178
Gm7432,0.0
Gm18066,0.0
Gm2961,0.005
Hspd1-ps2,0.0
Gm2975,0.0
Gm7561,-0.862
Gm22324,0.0
Gm45461,0.912
Gm45516,0.797
Gm24236,0.0
Gm45517,1.039
Gm18645,0.0
Gm5350,0.0
Gm24580,0.0
Gm35713,0.0
Gm45513,0.0
Mir710,0.0
Gm10997,0.0
Gm45405,0.0
Gm45242,0.302
Gm45886,0.0
Gm45448,0.0
Gm45445,-0.098
Gm48810,0.0
Gm7619,0.0
Gm45249,0.0
Gm7624,0.0
AC102212.1,0.0
Marchf1,0.129
Gm23515,0.0
Gm15355,0.0
Gm26123,0.0
AC139159.1,0.0
Gm16330,0.0
LOC665443,0.0
Gm25275,0.0
Gm7639,0.372
Gm24274,0.0
Gm24677,0.0
Gm45880,-0.1
Gm9755,-0.34
Gm36247,0.0
Gm44391,0.0
Gm22018,-0.095
Gm45739,-0.312
Gm19170,0.0
Gm15654,0.0
Gm15549,-0.328
Gm45780,0.0
Gm33178,0.075
Gm7684,-0.216
Gm7688,0.0
Gm10033,0.185
Gm25661,0.0
Gm45850,0.0
Rps7-ps1,0.0
Gm3365,-1.933
Gm20422,0.0
Gm7730,0.15
Mir7066,0.0
Gm25906,0.0
1700020G03Rik,0.584
Gm45546,-0.777
6330537M06Rik,-0.653
Mir7240,0.0
A230052G05Rik,-0.439
Mir7067,0.0
Snora68,0.0
Mir1969,0.0
Gm10654,-0.101
Aprt-ps,0.902
Gm7850,0.0
Niban3,-0.229
Mir6769b,0.0
Gm45756,0.0
Gm18860,0.0
Gm29705,0.0
Gm5373,0.671
Vmn2r-ps91,0.0
Ccnb2-ps,-0.186
Gm45694,0.354
Gm45734,-0.143
Gm18924,0.0
Gm25052,0.0
Gm45544,0.0
Gm45735,0.0
AC162522.1,0.0
Gm45543,0.0
Gm39197,-0.078
Gm45779,-0.034
Gm3835,-0.215
Mir7068,0.0
Gm18646,0.527
Gm35857,-2.133
Gm45705,-1.034
Gm45706,-0.2
Gm45704,0.172
Gm45791,-0.245
Mir28b,0.0
Gm7943,0.0
Crry-ps,0.165
Gm7948,0.0
Gm2059,0.175
Gm9644,0.0
Gm45907,0.0
Umpk-ps,0.0
Gm7984,-0.434
Gm19885,0.0
AC118474.1,0.0
Gm38270,0.0
Gm7901,0.778
Gm22544,0.0
Gm45742,0.0
AC116882.1,0.0
Gm7069,0.0
Gm7990,-0.008
Gm5353,0.0
Gm24838,0.0
Gm23260,-0.077
Gm45407,-0.758
Gm45286,-1.426
Gm45714,0.44
Gm23981,0.0
Gm45288,0.0
Gm45574,0.0
Gm2225,-0.736
Gm2253,0.0
Gm47209,0.0
Gm45446,0.671
Gm8054,0.0
AC123597.1,0.0
Gm39288,0.0
AC120841.1,0.0
Gm8077,0.0
Gm8079,0.0
Tpd52-ps,-0.445
Gm27006,-0.387
Gm45434,0.0
Gm45433,0.0
Gm45432,0.0
Gm33096,0.0
Gm5909,-0.775
Gm45872,-0.531
Gm7997,0.0
Gm4891,0.0
Gm4899,0.0
Gm45539,0.0
Gm5354,0.0
Gm17169,0.0
Gm17072,0.0
Gm25267,0.0
Gm9520,-0.315
AC121136.1,0.0
Gm25138,0.0
Gm8167,0.0
Gm9655,0.04
Gm18212,-0.136
Gm10645,0.688
Gm17999,0.479
Gm15660,0.0
Gm5910,0.0
Gm33242,0.0
Gm18000,0.0
Gm18001,0.0
Ddx39a,-0.565
Mir1668,-0.289
Gm45778,-3.066
Mir8111,0.0
Misp3,-0.373
Mir1199,0.0
Mir709,0.0
Brme1,-0.122
Mir181d,0.0
Mir181c,0.0
Gm37352,-1.365
Mir23a,0.0
Mir27a,0.0
Mir24-2,-0.088
Mir3074-2,0.0
Gm45608,0.0
Gm23626,0.0
Gm50464,-0.402
Mir7069,0.0
Get3,0.129
Gm25506,0.0
AC163703.1,0.0
Mir7070,0.0
Gm45317,0.0
Gm45316,0.0
Gm22336,0.0
Gm45594,-0.341
1700051O22Rik,-0.669
Gm45424,0.0
Mir8109,0.0
Gm16167,-0.241
Gm23904,0.0
Gm24490,0.0
Gm16177,0.0
Gm22305,0.0
Fth-ps3,-0.295
Gm24781,0.0
Rps13-ps1,-0.737
Gm18602,0.0
Gm2716,0.0
Gm53040,1.109
Gm9988,-0.19
Mir7071,0.0
Gm45497,0.0
Gm45496,-0.437
Gm17995,0.0
Gm17910,0.0
Rps6-ps2,-0.255
Gm45504,0.0
Mir8110,0.0
Gm6625,0.0
Gm5356,0.0
AC100893.1,0.0
Gm24212,0.0
Gm45638,0.0
Gm45640,-0.273
Gm45643,0.316
Gm6658,-0.391
Gm45363,-0.428
Gm22428,0.0
Gm45665,0.0
Gm8489,0.0
Gm45662,-0.89
Gm45428,-0.002
Gm45427,0.0
Gm45292,0.056
Gm45289,-1.089
Gm45290,-0.505
Gm45294,-0.419
Gm45293,-0.467
Gm45295,0.0
Gm9619,0.035
Gm2875,0.0
Gm24254,0.0
Gapdh-ps16,-0.093
Gm45910,0.0
Gm45909,0.0
Gm45727,0.0
Gm53022,0.0
Gm45786,-0.323
Gm45873,-0.798
Rpl10-ps5,0.0
Gm45804,-0.185
Mir138-2,0.0
Ap3s1-ps2,-0.187
Mir7072,0.0
Psme3ip1,0.157
Gm45797,-1.206
Gnb1-ps3,0.0
Gm7418,-0.043
Gm10286,-0.322
Gm45757,0.525
Gm45758,-0.104
Gm45854,-0.905
Gm45853,-2.153
1700112L15Rik,0.0
Gm5912,0.0
Gm6013,0.179
Gm26493,0.0
Mir7073,0.0
Gm26265,0.0
Gm45762,-2.307
Gm45760,-0.002
Gm8637,-0.124
AC122370.1,0.0
Gm5131,0.0
Gm25160,0.0
Gm45247,0.0
Gm5913,-0.762
Gm7191,0.0
Gm45246,-0.15
Gm17997,0.0
Gm7192,0.0
Gm23494,0.0
Gm29817,0.0
Gm45297,0.035
AC102643.1,0.0
Gm15681,-0.135
Gm8688,0.0
Gm19232,0.0
Impdh2-ps,-0.521
Gm5742,0.0
Gm45296,0.0
Gm5361,0.0
Gm22223,0.0
Gm45422,0.0
Gm45257,-0.732
9430099M06Rik,0.731
Gm45258,-1.148
Gm8730,-0.283
Gm8748,0.0
Gm45663,0.306
Gm45887,-0.135
Gm45750,2.044
Gm45711,0.0
Gm45710,-0.059
Gm45878,-0.263
Gm45731,-0.27
Gm22148,0.0
Gm7208,0.0
Gm5159,0.0
Gm52979,0.0
Gm6831,0.0
Gm45782,0.0
Matr3-ps2,-0.087
Ces2d-ps,0.0
Gm8798,0.0
Gm52949,0.0
Gm5743,0.0
Gm45725,0.0
Gm45724,0.0
Gm8804,0.0
AC164311.2,0.0
AC164311.1,-1.946
Gm24629,0.0
Mir328,0.0
Gm8838,-0.08
Gm45855,0.534
Mir1966,0.0
Gm38384,-2.776
Gm5915,-2.752
Mir7074,0.0
Gm22972,0.0
Gm10073,-0.419
Derpc,-0.254
Rpl10-ps2,-0.179
Gm22085,0.0
Gm16209,-0.151
Mir7075,0.0
C630050I24Rik,-0.276
Rps18-ps3,0.074
Rps26-ps1,-0.224
Gm45900,-1.21
Mir140,0.0
Gm8940,0.0
Gm38042,0.832
Gm38318,1.223
Mir3108,0.0
Gm1943,-0.389
Snord71,-0.26
Gm25321,0.0
Gm45795,0.0
Gm45888,-0.065
AC140227.1,0.0
Gm22701,0.0
Snord111,0.0
Gm22193,0.0
Gm26132,-0.497
Gm53030,0.0
Mir3473d,0.0
Gm38523,0.0
Gm45712,-0.403
Gm24793,0.0
Mir1957b,0.0
Mir7076,0.0
Gm6793,-0.138
AC114648.1,0.0
Gm22827,0.0
Gm3635,0.0
Gm25766,0.0
Gm24291,0.0
Gm45789,0.0
Gm23677,0.0
Gm5357,0.0
Gm10620,-0.323
Gm20694,0.0
Mir7077,0.0
Mir7078,0.0
Gm45776,0.0
Gm10617,-0.069
Gm25200,0.0
Gm45722,0.0
AC108830.1,-0.073
Gm22999,0.0
Rps13-ps4,-1.259
Gm45747,0.0
Galnt2l,0.0
Gm38379,-0.76
Cibar2,0.33
1700016A09Rik,-0.648
Mir7687,0.0
Gm45834,-0.081
Gm27021,0.0
Gm33142,-0.284
Gm18709,-0.361
Gm37609,0.0
Gm17786,-0.27
AC121975.1,0.0
9530085P06Rik,0.0
Gm37497,-0.153
Gm17709,-0.73
Mir7237,0.0
Gm26497,-0.123
Gm45857,-0.049
Mir6396,0.0
Gm15899,0.0
Gm45743,1.083
Gm45893,-0.863
Gm16378,-0.555
AC132287.1,-0.633
Snord68,0.0
Mir7079,0.0
Mir7080,0.0
Rps12-ps9,-0.932
Gm45842,0.0
Gm27956,-0.682
Gm38092,0.652
n-R5s100,0.0
AC141881.14,0.0
AC141881.18,0.0
n-R5s103,0.0
n-R5s104,0.0
n-R5s105,0.0
AC141881.15,0.0
AC141881.9,0.0
n-R5s108,0.0
AC141881.12,0.0
n-R5s110,0.0
n-R5s111,0.0
AC141881.16,0.0
n-R5s113,0.0
AC141881.7,0.0
AC141881.10,-0.056
Gm25018,0.0
n-R5s117,0.0
AC141881.2,0.0
AC141881.11,0.0
AC141881.3,0.0
n-R5s121,0.0
n-R5s122,0.0
n-R5s123,0.0
n-R5s124,0.0
AC141881.17,0.0
AC141881.6,0.0
AC141881.1,0.0
n-R5s128,0.0
AC141881.4,0.0
AC141881.13,0.0
AC141881.5,0.0
Gm26391,0.0
n-R5s133,0.0
n-R5s134,0.0
Rn5s,0.0
n-R5s136,0.311
AC141881.19,0.0
n-R5s138,0.0
n-R5s139,0.0
Gm22109,0.0
n-R5s141,0.0
n-R5s142,0.0
n-R5s143,0.0
n-R5s144,0.0
Gm25212,0.0
n-R5s146,0.0
Gm22291,0.0
Gm23284,0.0
n-R5s149,0.0
AC141881.8,0.0
Gm45865,0.0
Gm4342,-0.658
Gm17827,0.0
Mir1967,0.0
Gm3889,0.0
Gm24459,-0.041
Gm9172,0.0
Gm45856,-0.328
Gm16163,-0.109
Gm45874,-0.297
Gm45876,0.281
Gm6091,0.0
Gm26397,-0.314
Gm38574,-0.289
Gm5358,0.0
Gm6921,0.0
Mir21c,0.0
Mir1903,0.0
Gm9204,-0.087
AC156608.1,-0.116
Gm45746,-0.269
Gm26100,0.005
Gm22545,0.0
AC148114.1,0.0
Gm21399,1.702
Mir101c,0.0
Gm32390,0.0
Gm7344,0.0
Olfr369-ps1,0.0
Gm24918,0.0
Gm23275,0.0
Gm5362,0.264
Gm5363,0.0
Gm45860,0.0
Gm7390,0.019
Gm24896,0.0
Gm48506,0.0
Gm6015,0.0
Gm48640,0.0
Gm9662,0.0
Gm21089,0.0
Gm48674,0.0
Gm23097,0.0
Gm48675,0.0
Gm47741,0.0
Mmp1a,0.0
Gm47616,0.0
Gm19212,-0.06
Cbx3-ps8,0.0
Gm10709,-0.278
Mir5618,0.0
Gm19324,0.0
Gm7495,0.0
1700128F08Rik,0.0
Mir1899,0.0
Gm47517,0.0
Gm16485,0.191
Gm22815,0.0
Gm47333,-0.103
Mir6237,0.0
AC117684.1,0.214
Gm46103,1.548
Gm7529,0.962
Gm18488,0.0
Gm47029,0.0
Gm18934,0.0
Gm18160,0.0
Gm47035,0.0
Gm47037,0.0
Gm29785,0.0
Gm7570,0.0
Gm21070,0.0
MH423686.1,-0.597
5330432J10Rik,-1.425
Phxr4,-1.414
Gm47089,-0.485
Gm47105,0.0
Gm7588,0.0
mmu-mir-12204,0.0
Gm47321,-0.164
Gm47318,0.0
Gm47317,0.0
Kdm4dl,0.0
Gm47090,0.0
4930584E12Rik,0.0
Gm19790,0.0
Gm18997,0.0
Gm15586,0.0
Gm47154,0.102
Mif-ps6,-0.351
Gm18789,0.0
Gm22658,0.0
Mir7650,0.0
Gm24455,0.0
Gm24299,0.0
Gm25791,0.0
Gm22620,0.0
Gm24357,0.0
Gm23455,0.0
Gm22579,0.0
Gm48142,0.188
Gm48141,-0.172
Scarna9,-0.24
Gm24339,0.0
Gm2517,0.0
Gm48634,0.0
Gm7642,0.0
Gm5119,0.0
Gm48711,0.0
Gm48726,-0.448
Gm5611,0.151
Gm2594,0.0
Gm48846,0.0
Gm48848,0.0
Gm4977,0.0
Gm48849,0.0
Gm7680,0.0
Gm48850,0.0
Gm48856,0.0
Gm7692,0.0
Gm19178,0.0
Gm19174,0.0
Gm5612,0.0
Gm24546,0.0
Olfr831-ps1,0.0
Olfr833-ps1,0.0
Gm45814,0.0
Olfr838-ps1,0.0
Olfr840-ps1,0.0
AC119987.1,0.0
Gm7751,0.0
Olfr848-ps1,0.0
Gm23048,0.0
Olfr852-ps1,0.0
Gm45730,0.0
Olfr856-ps1,-0.292
Gm7769,0.0
Olfr858-ps1,0.0
Olfr861-ps1,0.0
Gm7808,-0.474
Olfr863-ps1,0.0
Olfr864-ps1,0.0
Olfr865-ps1,0.0
Gm25425,0.0
Gm45815,0.0
4921534A09Rik,-0.397
Gm29761,-0.896
Gm48729,0.0
Gm48738,-0.234
Gm23316,0.0
Gm46142,-0.665
Gm48069,-0.125
Gm53025,0.0
Gm24067,0.0
Gm23008,0.0
Gm50491,-0.059
Mir7081,0.0
Mir1900,0.0
Gm49373,0.434
Gm38431,-1.026
Raver1,-0.203
Mir7082,0.0
Gm48303,0.0
Mir199a-1,0.0
Gm20519,-0.257
Gm7904,0.0
Mir1946b,-0.307
Mir7083,0.0
Gm47873,0.0
Odad3,-0.01
Gm49318,0.0
Gm6581,-0.226
Mir7084,0.0
Gm18227,1.241
Rpl15-ps3,0.0
Gm18228,0.0
Gm48478,-2.236
Gm48627,-1.545
Gm18225,-0.973
Gm10182,0.0
Gm6607,0.0
Gm48652,0.0
Gm2976,0.0
Gm16165,1.08
Gm16164,0.0
AC154658.1,0.0
Gm3011,0.0
Gm47638,0.0
Gm3028,0.0
Gm47668,0.0
Gm47670,0.0
Gm47674,0.0
Gm22380,0.0
Amd-ps6,0.0
Gm48255,0.0
Gm18377,0.0
Gm10180,0.0
Gm8031,-0.36
Septin7,0.083
Gm48272,-0.838
Gm18891,0.566
Gm8049,0.0
Gm25861,0.0
Gm25346,0.0
Gm48330,0.0
Gm48331,0.0
Gm48337,0.0
Gm19113,0.0
Gm48373,0.0
Gm5120,-0.044
Gm48673,-0.945
Gm48858,0.106
Gm18585,0.0
Gm8106,0.0
AC154850.1,0.0
Gm19640,0.0
CT572989.1,0.0
Gm47714,0.0
Rps2-ps12,-0.968
Gm47717,0.0
Gm16071,-0.149
CT025678.1,0.0
Gm7244,0.0
Gm8162,0.0
5033425B01Rik,-0.275
Gm18226,0.0
Gm18820,0.0
Gm8171,-0.168
Gm3756,0.987
Tpi-rs4,0.0
Gm47481,-0.627
Gm47496,-0.822
Gm47536,0.159
Gm22060,0.0
Gm38292,-2.094
Gm38346,-3.457
Gm37474,-2.592
Gm37082,-4.55
Gm27163,-0.073
Gm37167,0.83
Gm37192,0.438
Gm37758,-1.036
Gm10698,0.043
Gm25439,0.0
Gm27165,0.0
Gm27161,0.0
Gm38217,0.921
AC140448.1,0.0
Gm5614,-0.965
2610105M22Rik,0.0
Gm25630,-0.452
Gm6762,0.0
Gm10105,0.0
Gm27235,0.0
Gm36974,-0.025
Gm48348,0.0
Gm48391,-0.163
Gm3867,0.0
Gm48401,-0.433
Gm48407,0.0
Gm27160,0.0
Gm27218,0.0
Gm48431,0.0
Gm49367,0.0
Gm48443,-0.405
Gm27219,0.552
Gm48717,-0.665
Gm10177,-0.093
Gm47640,-0.078
Gm18329,0.0
Gm47643,-1.433
Gm47652,-0.638
Gm47945,0.0
Gm47963,-0.93
Gm8343,0.0
Tpt1-ps5,-1.388
Olfr151,0.0
Gm24764,0.0
Gm47005,0.0
Gm6796,0.0
Olfr879-ps1,0.0
Olfr880-ps1,0.0
Gm45701,0.0
Olfr882-ps1,0.0
Olfr886-ps1,0.0
Gm17798,0.0
Olfr892-ps1,0.0
Olfr897-ps1,0.0
Olfr1543-ps1,0.0
Gm23271,0.0
Olfr908,0.0
Olfr915,0.0
Gm49385,0.0
Gm47449,0.0
Gm47458,0.0
Gm5010,0.0
Gm47347,0.0
Gm19709,0.0
Olfr925-ps1,0.0
Olfr927-ps1,0.0
Olfr928-ps1,-0.061
Olfr929-ps1,0.0
Gm20953,0.0
Olfr931-ps1,0.0
CT025680.1,0.0
Olfr936,0.0
Gm8543,0.0
AC073947.1,0.0
Gm47085,0.0
Olfr941-ps1,0.0
Olfr942-ps1,0.0
Gm47100,0.0
Olfr946-ps1,0.0
Olfr947-ps1,0.0
Gm21041,0.0
Olfr949-ps1,0.0
Olfr950-ps1,0.0
Olfr953-ps1,0.0
Olfr956-ps1,0.0
Gm24278,0.0
Olfr962-ps1,0.0
Olfr964-ps1,0.0
Olfr966-ps1,0.0
Gm47219,0.0
Gm47229,0.0
Olfr977-ps1,0.0
Gm18892,0.0
1700001J11Rik,0.0
Gm47266,0.0
Gm48114,0.672
Gm5055,-0.321
Gm48288,0.0
AC158355.2,0.0
AC158355.1,0.0
Gm48565,-0.784
Gm18586,-0.145
Gm48611,-1.034
Gm6885,0.0
Gm48710,0.0
Gm25401,0.0
Gm48739,-0.592
Gm49317,-0.135
Gm48736,0.0
Mir100,0.0
Mirlet7a-2,0.0
CT009696.1,-0.05
Mir125b-1,0.0
Gm48737,-0.333
Gm8707,0.0
6720432D03Rik,-0.298
AC156631.1,0.0
Gm5831,-0.318
Tlcd5,0.102
Rpl26-ps6,0.0
Gm5364,0.0
Gm47542,0.219
Gm23326,0.0
Gm47345,-1.127
Gm47327,-0.38
5830462O15Rik,-1.747
Gm47255,0.0
Gm10686,-0.27
H2ax,-0.645
Gm10080,0.017
9430081H08Rik,-0.265
Gm26306,0.0
Mir7085,0.0
Gm9830,-0.053
Gm22540,-0.384
Gm47205,-0.245
Gm30671,-0.59
E030022I16Rik,-2.121
Gm47234,-1.981
Gm47238,0.0
Gm3953,-0.582
Gm47239,-0.154
Gm24166,0.0
Gm48562,-2.014
Gm48314,-1.232
Gm26249,0.0
Gm19121,-0.339
Gm48720,-4.769
Gm48840,-2.961
Gm47596,0.0
Gm20612,0.0
Mir7086,0.0
Gm47964,-0.157
Gm48135,0.0
AC159893.1,0.0
2610028D06Rik,-0.612
Gm7286,0.0
Gm49338,-0.285
Gm24646,0.0
Mir7087,0.0
Gm47528,0.0
Gm22659,0.0
Gm22805,0.0
Gm8863,0.0
AC140841.1,0.0
Gm47160,0.0
Gm47161,0.0
AC121870.1,0.0
Gm47198,0.355
Gm47197,0.818
Gm47213,0.0
Gm47215,-0.092
Gm47236,0.0
AC154373.1,0.0
Nxpe1-ps,-0.023
Gm5616,-0.592
Cldn25,0.0
CT025676.1,0.0
AC159319.1,0.0
Gm8907,0.0
Gm4042,0.0
AC123614.1,0.0
Gm25558,-0.098
Hoatz,-0.442
Mir34c,0.0
Mir34b,-0.156
Gm7293,0.81
Gm8959,0.144
Gm6981,-0.367
Mir6244,-0.151
Gm25562,0.0
Btf3-ps15,0.0
Gm47981,0.0
Gm47986,0.0
Mir130c,0.0
Gm22304,0.0
Rps6-ps3,0.626
n-R5s85,0.0
Gm48292,0.0
Gm16380,0.0
Gm48345,0.0
AC159816.1,0.0
Gm7368,0.0
Mir5710,0.0
Rab7-ps1,-0.375
Gm47886,-0.201
Gm7395,0.0
Gm15625,-0.243
Gm5917,-0.352
Gm23407,0.0
Gm7435,1.476
Gm7439,0.0
Gm7444,-0.207
Gm37842,0.2
Gm36940,-1.932
AC159819.1,-0.157
Gm47175,-0.442
Gm47178,0.0
Gm19936,0.0
Gm18996,-0.044
Gm5121,-0.266
D9Wsu149,1.01
Gm18103,0.0
Gm6166,-0.014
Gm47174,0.0
1600029O15Rik,-0.113
Mir6385,-0.574
Gm10657,0.075
Gm20620,0.0
Gm7589,-1.09
Rps11-ps1,-0.925
Gm49759,-0.973
Btf3-ps2,0.0
Gm2735,-0.122
Gm48805,-0.381
Gm47676,0.811
Gm22099,0.0
Gm47740,0.0
Gm17853,0.42
AC122220.1,0.0
Gm47240,0.0
Gm34424,0.0
Gm47241,0.0
Gm19208,0.0
Mir5133,0.0
Gm7653,-0.098
Gm10653,-0.519
Gm47274,0.0
Gm24526,0.0
Gm6082,0.0
AC159821.1,0.0
Gm25995,0.0
Gm6257,-0.783
Gm2553,0.0
Gm18541,0.135
Gm23344,0.0
AC160118.1,0.0
Gm22571,0.0
AC160118.2,-0.058
Gm22455,0.0
Gm24289,-0.112
Gm24347,0.0
AC110235.1,-0.453
Rnu5g,0.767
Gm16218,-0.186
Gm19219,1.92
Gm47192,0.0
Gm17875,-0.375
Gm16073,0.0
Gm23248,0.0
Gm22657,0.0
Gm23428,0.0
Gm10647,-0.562
Ppp1r2-ps4,0.151
Gm22145,0.0
Mir190a,0.0
Gm47110,0.0
Mir7241,0.0
Mir7242,0.0
Gm7787,0.0
Gm22382,0.0
Gm19987,0.0
AC157085.1,0.0
Gm47169,0.0
Gm7802,0.0
Gm18587,0.0
Gm4978,0.0
Mir3109,-0.657
CT009708.1,0.0
Gm47203,0.0
Gm18745,-0.116
Gm47233,-0.245
Gm24257,0.0
Mir5626,0.0
Gm24615,0.0
AC158995.1,0.0
Gm22229,0.0
Gm3436,0.469
Gm47268,0.0
Gm48124,0.0
Gm6018,0.0
Gm27220,0.0
Gm37660,-0.765
Gm38057,-2.83
Gm38111,-2.378
Gm18821,-1.754
Gm37879,-2.827
Gm27152,0.0
Gm37663,-2.224
Gm37023,-1.416
A430027C01Rik,-2.126
Gm37137,-3.242
Rpl15-ps2,-0.076
Gm25045,0.0
Gm7863,-0.348
Uba52-ps,0.404
Gm7870,-0.312
Gm25163,0.0
Gm19353,-2.09
Gm17828,-0.805
Gm37983,-2.831
Gm37303,-2.574
Gm37581,-0.437
Gm37150,-0.186
Gm27254,0.0
Gm36948,-4.459
Gm19427,-1.188
Gm37105,-1.673
Gm18014,-0.171
Gm23057,-0.452
A530064N14Rik,-0.132
Gm7265,-0.253
Gm37955,0.372
Gm36936,-0.366
Gm27203,0.0
A730062M13Rik,-0.35
Gm37234,-0.557
Gm44503,0.0
AC158997.1,0.0
Gm37710,-0.321
Gm38192,-1.258
Pigbos1,0.191
Gm27186,-0.399
Gm20509,0.0
Gm38215,-0.498
Gm5745,0.0
Gm37611,0.0
Gm27148,0.0
Gm37326,-0.293
AC132267.1,0.0
Gm24141,0.0
Nr1h2-ps,0.0
Gm27189,-0.065
Gm27233,0.0
Gm22315,0.0
Gm20649,0.0
mmu-mir-1970c,0.0
Gm2981,-0.958
Gm9719,0.866
Gm16353,0.0
Gm18015,-0.552
Gm5366,-0.401
AC115880.1,0.0
Gm7972,-0.442
Gm48789,-0.727
Gm48822,1.331
Gm37871,-0.024
Gm3671,0.0
Gm47723,-0.856
Gm34005,-0.335
Gm38083,0.819
Gm27156,0.0
Gm27245,0.0
Gm22938,0.0
Gm27155,0.0
Gm18486,0.0
Gm27158,0.0
Gm5746,0.0
Gm27210,0.0
Gm38254,0.0
4930590H14Rik,0.0
Gm21013,0.0
Gm19572,0.0
Gm47824,0.0
Gm23609,0.0
Gm47829,0.0
Gm8058,0.0
Cilk1,-0.215
C920006O11Rik,0.047
Gm3126,0.0
Dppa5b,0.0
Dppa5c,0.0
Gsta5,0.715
Gm8074,0.0
Gm8087,0.0
Gm8093,0.089
Gm26377,0.0
Gm47497,0.0
Gm46138,0.0
Gm8116,-0.964
Gm47498,0.0
Gm18863,0.0
Gm47500,0.0
Timm29-ps1,0.0
Aldoa-ps3,0.0
Aldoa-ps4,-0.322
Gm35262,0.0
Gm8125,0.0
Gm20477,0.0
Gm8131,0.752
Gm46146,0.0
Gm20648,0.0
Gm18292,0.0
Gm27225,0.0
Gm8151,0.0
Gm9531,0.006
Gm37837,0.605
Gm19228,0.0
Gm15896,0.0
Gm23748,0.0
Gm22836,0.0
Gm24393,0.0
Gm27249,0.0
Gm27248,0.0
Gm2065,-0.271
Gm38279,-0.578
Rps27a-ps2,-0.123
Gm37307,1.726
Gm28552,0.0
Gm28477,0.0
AC156638.1,0.0
Gm29164,0.0
Gm26146,0.0
Gm18487,0.0
Gm8226,0.0
Gm26126,0.0
Gm48811,0.0
Gm8228,-0.477
Gm28070,0.0
Gm36927,0.0
Gm25125,0.0
4933431K14Rik,0.66
Gm22830,0.0
Gm5619,0.471
Gm18766,0.0
Gm18016,0.0
Gm16202,-0.239
Gm17530,-0.863
Gm38230,-0.735
Gm22138,0.0
Gm37484,-0.331
Gm37941,0.785
Gm8282,0.0
Gm37012,0.552
Gm9540,0.0
AC125049.1,0.0
Gm37375,0.0
D030062O11Rik,-0.378
Gm37374,0.0
Gm9541,0.0
AC215885.1,0.0
Gm23176,0.0
Gm28877,0.0
Gm2324,0.0
Gm5368,0.0
Gm5066,0.0
Gm47620,0.0
mmu-mir-12205,0.0
Gm10163,0.0
Gm20537,0.019
CT025673.2,0.0
CT025673.1,0.0
Gm22985,0.0
Gm26461,-1.609
Gm29603,0.0
AC163666.1,0.0
Gm38214,0.092
Gm37226,-0.306
Gm37560,-0.267
Gm26082,0.0
Gm37614,0.0
Gm9775,-0.105
CT030259.1,0.0
Gm23707,0.0
Gm37833,-0.087
Gm37993,0.0
CT030686.1,0.0
Gm19498,0.0
Gm26423,0.0
Gm29094,0.0
Gm38091,0.0
AC121793.1,0.0
Gm47410,0.0
Gm29608,0.0
Mir184,0.0
Gm17944,0.0
Tmem41b-ps,0.694
9430062P05Rik,-1.214
Gm16200,0.066
Gm22717,0.0
Gm22866,0.0
Gm2497,0.0
Gm29605,0.0
Gm29604,0.0
Gm37665,0.0
Gm20561,0.0
Gm5620,-0.959
Gm36960,0.0
Gm29602,-0.228
Gm37812,0.0
Gm18378,0.0
Gm37457,0.0
Gm37040,0.0
A730094K22Rik,0.0
Gm37477,-0.135
Gm37987,0.0
Gm26101,0.0
Mir6386,0.0
Gm15493,-0.103
Gm25417,0.0
Gm38391,-0.65
Gm37545,0.0
Gm2495,0.0
Gm29396,0.0
Gm29397,-0.106
Gm9621,0.0
Gm47165,0.0
Gm5369,0.0
Gm24200,0.0
Gm5370,0.0
Gm28934,0.0
Gm39404,0.0
Gm24178,0.0
Mir7656,0.0
Gm47168,-0.23
Gm37805,-0.38
Gm8449,-0.206
AC159895.1,0.0
Gm19193,-0.012
Gm28164,0.0
Gm25582,0.0
Itpa-ps2,0.0
Gm24004,0.0
Gm38375,-0.876
Gm37195,-1.447
Gm28924,0.0
Gm50488,-0.132
Gm8495,-0.571
Gm19280,0.0
Gm28688,0.0
Gm8520,0.147
Gm10123,-0.907
Gm8524,0.0
Gm18291,-0.051
Rpl7a-ps10,-0.185
Gm5371,0.0
Gm29241,0.0
Gm29240,0.0
A030012G06Rik,0.0
Gm25607,0.0
Gm37661,0.71
Gm28530,-1.043
Gm37113,-0.25
Gm47147,0.0
Pisrt1,0.0
Gm37282,0.0
Gm37917,0.0
Gm38226,-0.219
Gm5920,0.0
Gm33700,0.0
Gm33778,0.0
Gm28266,0.0
Gm2950,-0.228
Gm38327,0.47
Gm47199,0.0
Gm18914,-0.157
Gm37249,0.072
1700008A23Rik,0.439
Gm23949,0.0
Gm23594,0.0
Gm8641,0.0
4930540E01Rik,0.0
Gm28267,0.0
Gm47803,0.0
Gm8661,0.0
Gm37204,-1.716
Gm38297,-1.472
Gm3081,-1.644
Gm3096,0.0
Gm37553,-1.658
Gm37962,-0.422
Gm37621,-0.989
Gm37953,-1.506
Gm38344,-0.298
Gm37314,-1.426
Gm24338,0.0
Gm3121,0.0
Gm28660,0.0
AC138288.1,0.0
Gm29385,0.0
Gm5161,-0.31
Gm47932,-0.622
Gm47933,-0.301
Gm47934,0.0
Gm37460,0.593
Gm31326,-0.262
Gm37562,-0.082
n-R5s88,-0.078
Gm37945,0.0
Gm37260,0.0
Gm25300,-0.049
Mir7243,0.0
Gm47983,0.0
Gm7364,0.0
Gm29143,0.0
Gm17950,0.0
Gm36957,0.0
Gm36958,0.447
Gm18655,0.0
Gm47427,0.0
Gm22595,0.0
Gm37166,0.03
Gm29600,0.0
Gm37649,0.648
Gm38032,0.85
Gm5372,-0.323
Gm28305,0.0
Gm37200,-0.885
Gm37750,0.0
Gm47000,-0.43
Gm46999,0.0
Hmgb1-rs16,-0.578
Gm37563,-0.043
Gm28996,0.0
Mir2136,0.0
Gm25904,0.0
Gm38077,-1.619
Gm47103,0.143
Gm47102,-0.42
Gm37582,0.0
Gm7436,0.421
Gm5621,-0.052
Gm22720,0.0
Gm38314,0.0
Gm24631,0.0
Gm36993,0.0
Gm9451,0.0
Mir135a-1,0.0
Mirlet7g,0.0
AC152452.1,0.0
AC152452.2,0.601
Gm17205,-0.154
Gm22454,0.0
Gm17117,0.506
Gm23595,0.0
AA543401,0.0
AL672070.1,0.0
Gm17040,-0.536
Gm19721,-0.96
A930036K24Rik,-0.235
Gm37436,-1.48
Gm23856,0.0
Gm20661,-1.063
Gm20662,0.0
Mir7088,0.0
Gm37201,0.0
Gm37247,0.646
Gm37230,-0.279
Gm37568,-1.457
Rps2-ps11,-1.767
Iho1,0.085
Gm25456,0.0
mmu-mir-12206,0.0
Gm37475,0.426
Gm38366,-2.915
Gm37678,-0.559
Mir191,0.0
Mir425,0.0
Gm49209,0.0
Gm24259,0.0
Gm23034,0.0
Gm37714,0.184
Gm37284,-0.297
Mir711,0.0
AC164438.3,0.0
AC164438.2,0.0
AC164438.1,-0.271
Gm42494,-0.414
Fbxw23,0.0
Gm43089,0.0
Gm42755,-0.326
Gm43209,0.0
3000002C10Rik,-0.106
Mir7089,0.0
Gm4644,0.0
Gm4734,-1.208
Gm42433,0.529
Gm42432,-0.626
Gm23377,0.0
Gm43622,-0.877
Mir6236,-1.619
Gm42638,0.04
5830462I19Rik,-0.126
Gm42763,-1.564
Mir8107,0.0
Gm43127,0.0
Gm43535,0.0
Gm43814,0.178
Rp31-ps19,0.0
Gm26409,0.0
Gm42527,0.0
Mir128-2,0.0
AC160127.1,0.0
Gm7183,-0.527
Gm25059,0.0
Gm52983,0.0
Gm7780,0.483
Gm23889,0.0
Stmn1-rs1,0.172
Mir467h,0.0
Gm9487,0.0
Gm5921,-0.323
AC107851.1,0.0
Gm9385,-0.917
Gm18489,0.0
Gm20397,0.0
Gm20396,0.0
2610509F24Rik,0.0
Gm22479,0.0
Gm18935,-0.145
Gm10157,-0.301
Mir26a-1,0.0
Gm10608,0.519
Slc22a13b,0.092
Gm47050,0.035
Gm24044,0.0
Gm26448,-0.228
Snora62,-0.161
Gm37111,0.0
Gm15566,-0.159
Gm15565,0.872
Gm7229,0.0
Gm47062,0.0
Gm47063,0.0
Gm18101,0.0
Mir7090,0.0
Gm17157,0.0
C230053D17Rik,-1.05
Gm47092,-1.938
Gm47097,-0.769
Gm47108,0.675
Gm47111,-0.605
Gm47115,0.0
Gm49343,0.0
Gm47122,-0.359
4632418H02Rik,-0.962
AC120394.1,0.0
Mir8106,-0.081
Gm47129,0.0
Gm47130,-0.295
Gm47135,0.806
Mir138-1,0.0
Gm47137,0.372
Zfp660,0.08
AC125374.1,0.0
Gm47145,0.0
Gm46136,0.62
Gm47146,0.0
Gm47148,-1.605
Gm49323,0.0
Gm47159,-0.589
Gm23323,0.0
Scp2-ps2,-0.977
Gm47173,0.422
Gm47171,0.0
Gm10052,0.355
Gm17020,0.0
Gm2774,0.593
Gm47180,0.0
Gm47179,-0.771
Nlrp4g,0.0
Gm47182,0.0
Gm47183,-0.183
Gm47185,0.0
Gm30674,0.0
Gm3318,0.0
Gm8155,-0.453
Gm48097,0.0
Gm6667,0.0
Gm18703,0.0
Gm16149,0.0
Gm16148,0.0
Gm16074,-1.072
Gm25515,0.0
Gm25369,0.0
Gm22739,0.0
Gm3266,0.0
Gm25694,-0.264
Gm48836,0.0
AC162385.1,0.0
Gm47679,0.0
Gm3213,0.0
Gm47755,0.0
Gm4921,0.0
Gm15536,0.0
Gm21321,0.0
Gm46209,-0.262
Gm48121,0.0
Gm16254,-0.272
Gm15560,-0.057
Mir5104,0.0
Gm24726,0.0
Gm24374,0.0
Gm25410,-0.309
4930553I21Rik,-1.228
Gm48743,0.671
Gm48744,-0.058
Gm48750,0.0
Gm48751,-0.095
Gm48753,0.0
Gm9930,-0.356
Gm48755,-0.804
Gm48758,0.0
Gm48760,0.0
Gm6150,0.0
Gm19161,0.714
Gm25635,0.0
Gm48282,0.0
Gm25682,0.0
Gm48280,0.0
Gm44555,0.0
Gm15568,-0.066
Gm48326,0.0
Gm5177,-0.318
Gm23601,0.0
Gm48400,0.0
Gm48406,0.0
Gm48666,0.0
Gm25979,0.0
Rpl17-ps11,0.0
Gm48679,0.0
AC101984.1,0.0
Gm9797,0.011
Gm22546,0.0
Gm48698,0.0
Gm23680,0.0
Gm25139,0.0
Gm48798,-0.371
Gm23044,0.0
Gm7525,0.0
AL691505.1,0.0
Gm47402,-0.075
AC134867.1,0.0
Gm8330,0.176
4930444K16Rik,0.0
Gm24343,0.0
Gm37299,0.0
Gm10335,0.033
Gm48068,-0.313
Gm8355,-0.206
Gm47699,0.0
Gm23892,0.0
Gm47703,0.0
Gm18188,0.0
Gm7198,-0.062
Gm46188,0.0
Gm9535,0.0
Gm18557,0.0
Gm5178,0.0
Gm5948,0.0
Gm18039,0.0
Gm47736,0.0
Gm47768,0.0
Gm7584,0.0
Gm17711,0.0
Gm48229,0.0
Gm18942,0.0
Gm48297,0.143
Tpi-rs5,0.0
Gm48546,0.0
Gm7213,0.0
Gm48563,-0.838
AC153891.1,0.0
Gm48714,-0.573
Rpl32l,-1.094
Gm30285,0.399
Mir6413,0.0
Gm48537,-0.237
Gm17229,-2.007
Gm17230,0.028
Rps2-ps3,0.0
Gm10826,-0.86
Gm2467,0.0
Fkbp1a-ps2,0.0
Gm48385,-0.298
Gm48386,0.0
AC156947.1,0.0
Gm23839,0.0
Gm8540,0.0
Gm7672,0.0
Gm18637,0.0
Gm2539,-0.209
Gm19791,0.0
Gm7678,0.0
Gm4895,0.263
Gm1972,0.0
Hmgb1-ps8,-0.385
Gm26528,-0.531
C920009B18Rik,-0.578
Gm5421,-0.228
Gm16531,0.0
Gm26585,-0.28
Mir7663,0.0
Gm17794,0.0
Gm47787,-0.093
AC153914.1,0.0
Snora33,0.0
Gm23130,0.0
Taar7c-ps,0.0
Gm15136,0.0
Gm6884,0.0
Gm53002,0.0
Gm15272,0.0
Gm6893,0.0
AC159502.1,0.0
Mir6905,0.0
Gm4777,0.0
Gm7791,0.0
Gm25016,0.0
Gm47830,-0.097
Gm47924,0.0
Gm19801,0.0
Gm8681,0.597
Gm6906,0.0
Gm47930,0.0
Gm4739,-1.414
Gm5649,0.0
Gm48864,0.0
Gm8709,0.0
Gm48891,0.0
Gm48892,-0.207
Gm30534,0.006
Gm17917,-0.609
Gm48083,0.0
Gm36962,-2.129
Gm18041,0.0
Gm47696,0.0
Gm18972,-0.381
Gm10145,0.0
Gm18507,0.0
Gm47834,-0.214
4930519F09Rik,-0.892
Gm47835,0.0
Gm22811,0.0
Gm18508,0.0
Gm30619,0.0
Gm9824,0.0
Gm9996,0.328
Gm49353,1.032
AC153912.1,-0.399
Gm47483,-2.264
Gm30698,0.331
Gm24286,0.0
Gm18903,0.0
Gm20276,0.0
Gm46197,0.0
Gm10275,-0.085
Gm6390,0.0
Gm232,0.074
Gm8767,-0.397
Gm2829,-0.216
Gm4780,0.0
AC153380.1,-0.147
Gm48232,0.59
Gm48233,0.62
Gm48335,0.653
Gm48334,0.87
Gm5171,-1.371
Gm48862,0.0
AC153968.1,0.0
AC164177.1,0.0
Gm7333,0.0
Gm5422,-0.175
Gm48865,-0.465
Supt4b,-0.858
Gm48092,0.435
Gm47687,-0.616
Gm47693,-0.452
Gm7909,-1.923
Gm8793,0.0
Gm47704,-0.316
Gm18189,-0.051
A230081H15Rik,-1.186
C030006N10Rik,-0.477
Gm18704,-0.198
Gm47700,-0.271
Gm47702,0.158
Gm47831,0.0
Gm47845,0.0
Gm19073,0.0
Gm47842,0.549
Gm29884,0.0
Gm47844,-0.399
Gm20304,0.0
Gm47908,0.0
Gm47910,1.3
Gm47911,0.234
Gm47929,0.0
Gm10327,-0.349
Gm47935,0.0
Gm47940,0.0
Gm48018,0.0
Gm7940,-0.424
Gm48034,0.1
Gm47445,-0.679
Gm18346,0.0
Gm47485,0.68
Gm47508,-1.34
Gm18252,0.0
Gm8834,0.0
Gm26341,0.0
Gm47044,0.0
Gm18729,0.0
Gm40623,0.0
Gm47046,0.0
Gm47048,0.0
Gm47054,0.0
Gm22554,0.0
Gm38231,0.0
Gm48172,0.0
Gm24889,0.0
Gm48173,0.0
AC156504.1,0.0
Gm48198,0.0
AC153538.1,0.0
Gm17779,0.0
Gm6477,-1.366
Gm6963,-0.289
2900078I11Rik,-0.387
Gm8899,-1.107
Gm22105,-1.742
Gm16210,0.0
Idi1-ps3,0.0
Mfsd4b2,0.0
Gm31848,0.0
Mfsd4b3-ps,0.614
Gm48839,-0.22
Gm8055,0.0
Gm25613,0.0
Gm37786,0.604
Snord3a,-0.578
Gm47867,-0.585
Gm8948,0.0
Gm18671,0.0
Gm17795,0.0
Gm19611,0.0
AC166165.1,0.0
Gm18305,0.0
Gm18986,0.0
AC122332.1,0.0
Gm47473,0.0
Mir3473b,0.0
Gm47099,0.0
9930024M15Rik,-0.408
Tdg-ps2,0.0
Gm15197,-0.315
Gm15198,-0.136
Gm26464,0.0
Gm48670,-2.971
Gm29245,0.0
Gm16546,-0.129
Gm47857,-0.166
Rps19-ps11,0.0
Gm47856,-1.124
Gm3699,0.083
Mtres1,0.097
Rpl26-ps1,-0.216
Gm9034,0.0
Gm10812,0.0
Gm5949,0.0
Gm18669,0.0
Speer5-ps1,-0.606
Mir1929,0.0
Gm5950,0.0
Gm22087,0.0
Gm47388,-0.235
Gm22503,0.0
Gm6983,-0.434
Gm4795,0.146
Gm26016,0.0
Gm47433,0.0
AC155715.1,0.0
Gm47504,-0.079
Gm47503,1.405
Gm47502,-0.251
Gpx4-ps2,0.189
AC158799.1,0.0
Gm23481,0.0
Gm19994,0.0
Gm25650,0.0
Gm47562,0.0
Gm3442,0.0
Gm19137,0.0
Gm9068,0.0
Gm47571,-0.833
Gm47331,-0.116
Gm47332,0.0
Gm47353,0.0
Gm47355,-0.771
Gm24256,0.0
Gm47356,-0.585
Gm47364,0.0
Gm47377,0.0
Gm47379,0.0
Gm3473,0.0
Gm47378,0.0
Gm47380,0.0
Gm50490,-0.582
Gm47017,-1.391
Gm47023,-0.249
Gm47016,-0.711
Gm47022,0.539
Gm48123,0.0
Gm48125,0.0
Gm48128,0.258
Gm48130,0.0
Gm48131,0.0
AC153532.1,0.0
Gm48132,-0.309
Gm48269,-0.187
Gm48270,0.069
Gm48271,0.0
Gm48273,0.612
Gm46223,-0.117
Gm48274,0.0
Gm6991,0.0
Gm46199,-0.248
Gm48332,-1.143
Gm18120,-0.088
Gm48333,0.012
Gm26257,0.0
Gm5040,0.0
Gm49339,1.145
Gm48484,0.0
Gm48786,-0.595
Gm48787,0.0
Gm48788,0.0
Gm23906,0.0
Gm47626,-0.031
Gm20630,-0.192
Gm18513,0.0
Gm6627,-0.859
Gm47580,-1.892
Rps19-ps10,-0.209
Gm47608,1.526
Gm47607,-0.395
Gm47609,0.0
Gm47610,0.0
Gm47611,0.482
Gm47612,0.0
Zfa-ps,-0.384
Gm47624,-0.658
Gm47623,-0.221
Gm47621,-1.098
Gm47637,0.0
Gm17823,-1.709
Gm47641,1.586
Tmem229b-ps,0.0
Gm47722,-0.196
Gm47737,0.0
4930466K18Rik,-0.039
Gm47967,-0.164
Gm47968,-0.274
AC153522.1,0.0
Gm47970,0.0
Gm25602,0.0
Gm31849,-0.246
Gm46190,0.0
Gm29794,-0.163
Rps8-ps1,0.19
Gm9118,-0.004
Gm9795,-0.275
Gm31931,0.0
Gm24594,0.0
Gm24285,0.0
Gm48055,0.0
Gm7001,0.0
Gm9129,0.0
Gm19256,0.0
Rpl48-ps1,0.0
Gm5777,-0.36
Gm10807,0.0
Gm19459,0.0
Gm23058,0.0
Gm18042,0.801
Gm6494,0.767
Gm9987,-0.138
Septin10,-0.052
Gm23223,0.0
Gm53043,-0.108
Gm10273,0.0
Gm17148,-0.185
Gm7399,-0.085
AC155939.1,-0.11
Gm7413,0.119
Mir6906,0.0
AC153517.1,0.0
Gm19972,0.002
Mir6408,0.0
Mir466j,0.0
Rpl27a-ps1,0.113
Gm48077,-0.215
Gm48074,-0.408
Gm17829,0.0
Gm47594,-0.421
Macroh2a2,0.349
Mir5108,0.0
Gm5750,1.073
Gm47919,0.0
Gm5424,0.417
Mir7662,0.0
Kifbp,0.273
AC122539.1,0.0
Gm18514,0.0
Mir7215,0.0
Gm47261,0.0
Gm48145,0.0
Snord98,-0.156
Gm48146,-1.237
Gm48353,-0.658
Gm26479,0.0
Gm25862,0.0
Gm16128,0.0
Gm38063,0.0
Gm19337,-1.479
Gm47615,-1.312
Gm7530,0.042
Gm10118,0.92
AC113544.1,0.0
Gm7540,0.0
Gm4796,0.0
Gm19116,0.0
Gm22829,-0.056
Gm22594,0.0
Gm47894,-0.149
Gm18777,-0.104
Gm26359,0.0
Gm47516,0.0
Gm10797,0.0
Gm47574,0.0
4930543I11Rik,0.0
Gm29774,0.0
Gm7594,0.0
Gm24172,0.0
Gm47211,0.0
Gm18636,0.0
Gm46231,-0.155
AC132435.1,-0.501
Gm9877,-0.36
Gm20108,0.0
Gm29783,1.011
AC087891.1,0.0
Gm32025,0.0
Gm6331,0.0
Rpl19-ps2,0.0
Gm46233,0.0
Gm4797,0.0
Gm19074,0.0
Gm47045,0.0
Gm4798,0.0
Gm6362,0.0
Gm5080,0.0
Gm22937,0.0
1700049L16Rik,0.0
Gm47060,0.0
Gm9923,-0.64
Gm24984,0.0
Gm47094,0.702
Gm37438,0.0
Gm5778,0.449
Gm47098,-0.467
Gm19168,0.0
Gm6407,0.686
Gm7034,0.0
Gm6419,0.248
Gm40692,0.0
Gm46234,-0.143
Gm5779,-0.261
Gm48158,0.0
Gm48148,0.0
Gm9985,0.0
Gm26402,0.0
Gm19688,-0.501
Gm19326,0.0
Gm20441,0.0
Gm47744,0.0
Gm16221,-0.361
Gm16219,0.0
Mir6409,0.0
Gm19217,0.0
Gm2628,-0.233
Mir678,0.0
Gm37782,0.0
Gm7775,0.0
Gm49325,0.0
Mir1930,0.0
Gm18119,0.056
Gm48160,0.0
Gm48179,0.0
Gm48180,0.0
Gm48178,0.0
Gm22394,0.0
Gm22871,0.0
Gm47976,0.682
AC160405.1,0.0
Gm47992,-0.988
Mir7659,0.0
Gm10146,-0.196
Mir6907,0.0
Mir6410,0.0
Mir6908,0.0
4933436P19Rik,-0.185
Gm30232,0.0
Gm9978,0.217
Gm5951,0.0
Vmn2r-ps92,0.0
Gm30346,-1.354
Gm37514,0.0
Gm7842,0.0
Gm47476,0.737
Gm47495,0.0
Mir6909,0.0
Gm25794,0.0
Mir6910,0.0
Gm19810,-0.798
AC151846.2,0.0
AC151846.1,0.0
Fam174c,0.123
Mir6911,0.0
Gm47793,0.0
2610034O05Rik,0.0
Mir6912,0.0
Mir1982,0.0
Gm3828,0.0
Mir5615-1,0.0
Mir5615-2,0.0
Snord37,-0.089
4930442H23Rik,0.116
Mir3057,0.0
Gm48551,0.482
Mir6913,0.0
Mir1191b,0.0
Gm16106,0.003
Gm47527,0.0
Gm8112,0.0
Gm8249,-0.33
Gm47529,0.0
Gm5173,0.0
Gm47537,0.0
Gm8264,0.0
Gm8137,0.0
Gm8274,-0.212
Gm47539,0.0
Gm8153,0.239
Gm47546,0.0
Gm8158,0.0
Gm8290,-0.885
Gm46194,-0.1
Gm33378,-1.864
Gm8170,0.04
Gm18556,0.0
Gm47572,-1.102
Gm47573,0.368
Gm47382,0.0
Gm8188,0.104
Gm47809,0.0
Gm19186,0.0
Ap3m1-ps,0.041
Gm47560,0.0
Gm47073,-0.692
Gm4799,-0.717
Gm10773,-0.999
Gm47170,0.0
Gm47244,0.0
Gm47245,-0.103
Gm47247,0.0
Gm37908,0.0
Gm5425,-0.351
1700092E16Rik,0.0
Gm18251,0.0
Gm25657,0.0
AC122238.1,0.0
Psma5-ps,-0.936
Gm6713,0.0
Gm6714,0.0
Gm21026,0.0
Gm47362,0.0
Gm47363,0.0
Gm47366,0.0
Gm47365,0.0
Gm47367,0.0
Gm9466,0.0
Gm19612,0.0
Gm6721,0.0
Gm19624,0.0
Gm47006,0.188
Gm48175,-0.102
Gm24430,0.281
Gm9583,0.0
Gm21027,0.143
Gm48448,0.587
Gm48450,0.0
Gm48451,0.0
Gm48454,0.666
Gm48460,0.116
Gm46191,-0.171
Gm48461,0.0
Gm48463,0.0
Gm48464,0.377
Gm48465,0.159
Gm48466,-0.109
Gm48473,0.0
Gm48474,-0.11
Gm48475,0.0
Gm19989,0.0
Gm18876,0.0
Gm5174,0.0
1810014B01Rik,-0.567
Fabp3-ps1,-0.634
Gm49358,0.0
Gm16270,0.133
Gm16269,0.0
Gm10764,-0.097
AC125329.1,0.0
Gm48120,-0.027
Gm48195,0.0
Tyms-ps,0.0
Gm48307,-0.348
Gm48308,-0.313
Gm6653,0.353
Gm26357,0.0
Gm17980,0.0
Gm48476,0.0
Gm48752,0.0
Gm8435,0.0
Gm48106,0.0
Gm48108,0.0
Gm29807,0.0
Gm46192,0.0
Gm48144,-0.203
Gm4925,0.621
Gm48087,0.0
AC134539.1,0.0
Gm5780,-0.318
Gm18670,0.0
Gm47589,0.0
Gm47592,0.258
Gm47590,-0.378
Gm25390,0.0
Gm24119,-0.159
Gm47081,0.0
Gm18705,0.242
AC142407.1,0.0
Gm47083,0.0
Gm47084,0.0
Gm47091,0.0
Mir135a-2,0.0
Mir1251,0.0
Gm8512,0.0
Gm47124,0.0
Gm18043,0.0
Gm25884,0.0
Gm4800,0.0
Gm3523,0.0
Gm24241,-0.14
Gm47993,0.0
Gm49783,-1.946
Mir1931,-3.974
Gm47344,0.0
Mir7688,-0.695
Gm8580,0.0
Gm3571,0.747
AC124686.1,0.0
Gm48126,-0.072
Mir331,0.0
Gm48191,-0.264
Gm49628,-2.426
Gm18391,0.0
Gm48372,-0.671
Gm26122,0.143
Mir7211,0.0
Gm48658,0.0
Gm49167,0.414
Gm48718,-0.109
Gm48868,0.0
Gm48874,0.262
Gm48880,-0.868
Gm47600,0.0
Gm3619,0.0
Mir3058,0.0
Gm47669,0.0
Gm47724,0.0
Gm24433,0.0
Gm49817,0.056
Gm48425,0.0
Gm20091,0.345
Gm8601,0.0
Gm48507,0.0
Gm6859,-0.275
Gm48509,0.0
Gm48555,0.0
Gm8613,0.0
Gm18515,0.0
Mir3966,0.0
Gm25658,0.0
Gm48687,0.0
Gm37631,0.0
Gm48761,0.667
Gad1-ps,0.0
Gm48085,-0.036
Gm18409,0.0
Gm47579,0.0
Gm17870,-0.038
Gm47627,0.0
Gm8689,0.0
Gm9476,0.0
Gm47632,-0.251
Gm47628,-0.34
Gm47630,0.0
Gm4898,0.0
Gm8701,0.0
Gm8711,0.0
Gm4308,0.0
Gm4310,0.0
Gm8723,0.0
Gm4781,0.0
Gm47673,-0.56
Gm47325,0.0
Gm19233,0.0
Gm26278,0.0
Gm47032,0.0
Mir3059,0.0
Gm47025,0.0
Gm26988,0.0
Gm47142,0.0
Gm5175,0.0
Gm25376,0.0
Gm47164,-0.141
Gm8768,0.102
Gm47220,0.0
Gm47222,0.0
Gm26923,0.0
Gm47225,0.0
Gm25143,0.0
Gm47227,0.0
Gm47228,0.0
Gm22339,0.0
Mir6411,0.0
Gm22945,0.0
Gm25522,0.0
Gm48184,0.0
Gm25587,0.0
Gm25422,0.0
Gm36997,-0.23
Gm48206,-1.163
Gm48205,-0.275
Gm48203,-1.461
Gm15666,-1.006
Gm48204,-1.316
Gm15664,0.0
Gm48207,-1.681
Gm48298,-0.816
Gm25342,0.0
Gm8796,0.0
Gm48363,-0.473
Gm48376,0.0
Gm48377,-0.395
Rps15a-ps1,0.0
Gm48379,0.0
Gm48380,0.0
Olfr1556-ps1,-0.124
Gm19007,1.252
Gm18040,0.0
Gm19181,0.0
Gm24745,0.0
Gm38117,0.0
Gm47999,0.0
Gm23105,0.0
Gm47466,1.887
Gm47472,0.991
Gm47477,1.046
Gm23041,0.775
Gm47329,0.0
3110043J17Rik,-0.579
Gm36935,0.241
Gm47337,0.124
Gm47339,-0.517
Gm47340,-0.347
Gm47338,0.212
Gm47055,0.603
Gm47058,0.0
Gm23698,0.0
Gm22186,0.0
Gm22236,0.0
Gm48851,-0.453
Rpl6l,-0.336
Gm8873,-0.118
Gm17849,0.306
mmu-mir-12180,-0.062
Gm25117,-1.32
Gm5176,-0.61
Gm47864,0.665
Gm46193,0.0
Gm19005,-0.138
Gm37189,-0.095
Gm47866,0.0
Gm47880,0.0
Gm7269,0.0
Gm6808,-0.121
Gm15914,0.0
Gm48047,0.0
Gm47492,0.0
Gm26596,-0.395
Gm22507,0.0
Gm47519,0.0
Gm47522,0.0
Gm47534,0.0
Gm40810,0.0
Gm47538,0.0
Gm38333,0.0
Gm48104,0.0
Gm38281,0.0
AC160945.1,0.0
Gm8942,0.524
Gm10752,-0.197
A130012E19Rik,-1.974
Gm8960,-0.334
Gm47625,-0.196
Gm26495,0.0
Gm49344,-2.2
Gm46203,0.0
Gm48403,0.0
Gm5781,0.0
Gm10936,0.0
Gm9002,0.0
Gm9004,-0.076
Kifc5c-ps,0.0
AC132139.1,0.0
Gm47899,0.0
Gm37852,0.0
Gm9585,0.0
Gm9029,0.0
Gm9030,0.0
Gm9035,0.433
Gm49751,-0.234
Gm47434,-0.337
4932442E05Rik,-0.373
Gm10744,-0.121
Gm26976,0.0
Gm18904,0.0
Gm19090,0.0
Gm40778,0.0
Gm47341,0.0
Gm47024,0.904
Gm47342,0.534
Gm47026,0.063
Gm48115,0.0
Gm48118,0.0
Gm38141,0.0
Mir763,0.0
Gm24298,0.0
Gm38289,0.0
Gm37505,0.0
Gm10743,0.0
Gm16166,0.921
Gm10741,0.0
Gm48426,0.0
Gm4478,-0.825
Gm18730,-0.139
Gm50454,0.0
Gm48804,0.387
Gm48826,0.0
Gm48827,-0.572
Gm48828,0.0
Gm9081,0.0
Gm48875,0.0
Gm48878,-0.891
Mir6412,0.0
Mir8104,0.0
A430028G04Rik,-3.159
Gm47582,-1.01
D630033A02Rik,-1.109
Mirlet7i,0.0
Gm47726,-0.239
Gm22958,0.0
Gm47801,-0.466
Gm19169,-0.528
Gm18510,0.0
Gm47837,0.0
4930503E24Rik,-0.329
Gm47840,0.0
Gm47862,-0.278
Gm9102,0.0
Gm4510,0.0
Gm47965,0.0
Mir378d,0.0
Gm9111,0.0
Gm24179,0.0
Gm6333,0.0
Mir26a-2,0.0
Mir546,0.0
Marchf9,0.383
Gm4178,0.0
Gm23664,0.0
Mars1,0.291
Gm6283,0.0
Gm23819,0.0
Gm48815,0.0
Rdh16f1,0.0
Rdh18-ps,0.0
Gm15905,0.0
Gm15900,-0.11
Gm23996,0.0
Gm47949,0.0
Gm10120,-0.155
Snord59a,0.0
Mir677,0.0
Gm4556,0.0
Gm52965,0.654
Gm23241,0.0
Gm23182,-0.152
Mir6914,0.0
Mir6915,0.0
Gm26347,0.233
Mir8105,0.0
Mir6916,0.0
Gm9176,1.136
Mir6917,0.0
Gm9182,0.0
Gm6336,-0.386
Rpsa-ps2,0.105
Gm25494,0.0
Olfr778-ps1,0.0
Gm25764,0.0
Olfr779,0.0
Olfr783-ps1,0.0
Olfr793-ps1,0.0
Olfr795-ps1,0.0
Olfr797-ps1,0.0
AC163678.1,0.0
Gm24717,0.0
AC134333.1,0.0
Gm43977,0.0
Olfr1542-ps1,0.0
Gm5181,0.0
Gm9560,0.0
Gm48514,0.0
Ctdsp2-ps,0.0
Gm18755,1.166
Gm35405,0.292
Gm23793,0.0
Ftl1-ps2,-0.732
Pisd-ps1,0.465
Gm11400,-0.514
Fau-ps2,-0.333
Gm11945,0.0
Gm11949,0.0
Gm11950,0.0
Gm11951,-0.15
Gm16518,0.0
Gm24013,0.0
Gm11952,0.0
Gm11953,0.0
Gm11954,-0.318
Gm11955,0.0
Gm11957,0.0
Mir3060,0.0
Gm11956,0.0
AL731658.1,0.0
Gm11960,-1.809
Mir6918,0.0
AA413626,-1.569
Gm24958,0.0
Gm25142,0.0
Gm30172,0.0
Gm11962,0.0
Gm22471,0.0
Gm11964,-0.701
Gm11965,0.0
Ube2d-ps,0.38
Gm11966,-0.165
Rps15a-ps6,-0.833
Gm11969,-1.26
Gm11401,-0.447
Mir7651,0.0
H2az2,-0.943
Gm11970,-0.306
Gm11971,0.0
Gm11972,0.0
Gm22123,0.0
Snora9,0.0
Gm24000,0.0
Gm11975,-0.288
Gm24313,0.0
Snora5c,0.0
Gm11978,-0.663
Gm11980,0.0
Gm11976,0.0
Gm11977,0.0
Gm11979,-0.2
AL669825.1,0.0
Gm11982,0.0
Gm11984,0.0
Ccdc201,0.0
Gm27393,0.0
Gm11987,0.0
Gm11988,0.0
Gm11989,0.0
Gm11990,0.0
AL645571.1,0.0
Gm11991,-0.595
Gm11993,-0.247
Gm36954,0.0
Eif3s6-ps1,-0.201
Gm11996,0.0
Gm11997,-0.078
Gm12598,0.0
Gm26458,0.0
Gm12599,0.0
Gm25058,0.0
Gm24036,0.0
Gm12001,0.0
Gm22156,0.0
Gm22789,0.0
Gm12003,0.093
Gm12004,0.0
Gm12005,-0.29
Gm12006,0.0
Gm12007,0.0
Gm12008,0.0
Gm12009,0.0
AL663040.1,0.0
Gm25490,0.0
Gm12010,0.0
Gm37319,0.0
Gm12011,-0.19
Gm12012,0.0
Akt2-ps,0.238
Gm12663,0.442
Gm12664,-0.208
BX255277.1,0.0
Gm12014,0.0
Gm12013,-0.157
Gm12015,0.0
Gm12016,0.0
Gm12017,0.0
Gm12019,0.214
Gm12020,-0.516
Gm37869,0.0
Gm12021,0.0
Gm12024,0.0
AL626770.1,0.0
Gm23093,0.0
Gm23021,0.279
Gm37818,0.438
2900018N21Rik,1.035
2610001A08Rik,0.935
Gm37439,0.0
Gm12025,0.0
Gm12026,-0.187
Gm23386,0.0
Glns-ps1,0.0
Gm12028,0.4
Gm12029,0.0
Gm12030,0.0
Gm26253,0.0
Rpl12-ps2,0.0
Gm12033,0.0
Gm12034,0.274
Gm12035,0.0
Gm12036,0.24
Gm12038,0.0
Gm22807,0.0
2610024D14Rik,-0.27
Gm12040,0.0
Gm12041,0.0
Gm23582,-0.098
Gm12039,-0.255
Gm12042,-1.151
Mir1933,0.0
Gm12044,0.0
Gm12045,0.0
Gm12046,0.0
Pgam1-ps1,0.0
Gm12047,0.0
Rpl15-ps1,-0.079
Rpsa-ps3,0.0
Gm12053,0.0
Gm12057,0.498
Gm12058,0.19
Commd1b,0.556
Gm24917,0.0
Gm24398,0.0
Gm22753,-1.338
Gm47279,0.0
Gm12062,0.0
Gm12067,0.0
Gm24255,0.0
Gm23514,0.0
Mir6372,0.0
AC083815.1,0.0
Gm12713,-0.321
Gm6899,0.0
Gm12071,0.0
Gm12070,0.0
Gm12072,0.0
Gm12073,0.0
Gm12074,0.0
Gm24850,0.0
BX088648.1,0.0
Gm12075,0.0
Gm12077,0.0
Gm3810,0.0
Gm12079,0.0
Gm12080,-0.2
Gm6685,-0.229
Mir216b,0.0
Mir216c,0.0
Mir217hg,0.0
Mir216a,0.0
Mir217,0.0
Rpsa-ps5,0.162
BX000351.1,-1.035
Gm12085,0.0
Gm23109,0.0
Gm12086,0.0
Gm12087,0.0
Gm12090,0.403
Gm12091,-0.307
Gm12093,0.0
Fem1al,0.262
Gm12094,1.036
Gm22588,0.0
Gm12095,0.0
Gm12096,-0.032
Gm12098,-0.875
Gm12097,-1.067
Gm12099,0.0
Gm12101,-0.527
Gm12103,0.0
Gm12104,0.106
Gm12102,0.0
Gm12105,-0.221
Gm12106,0.0
Gm38061,0.0
Gm12109,0.587
AL662780.1,0.0
Gm8192,0.0
Gm12110,-0.047
Gm12112,-0.497
Rpsa-ps4,-0.595
Gm12115,0.0
Anp32-ps,0.043
Gm12118,0.441
Gm22022,0.0
AL772234.1,0.0
Gm26070,0.0
Gm12123,0.174
Mir218-2,0.0
Mir103-1,0.0
Gm12124,-0.059
Gm12125,0.0
Gm22127,0.0
Gm12129,-0.181
AL731673.1,0.0
Gm12131,0.0
Gm24192,0.0
Gm12133,0.0
Gm12134,0.0
Gm12135,0.0
Gm12136,0.0
Gm12137,0.0
Gm12138,0.0
Gm24446,0.0
Hmgb1-ps1,0.0
Gm12140,0.0
Hspd1-ps3,-1.01
Btf3-ps7,0.0
Gm12143,0.0
Gm9972,0.0
AL772227.1,0.0
Mir146,0.0
Gm12151,0.0
Gm12149,0.0
Gm12152,0.0
Gm12155,0.0
Gm12156,0.0
Gm37695,0.482
Gm38087,0.0
Gm37312,0.0
Gm12161,0.0
Gm22284,0.0
Gm12163,-0.358
Gm12164,0.0
Gm12165,-0.189
Mir8100,0.0
Mir7239,0.0
Gm12568,-1.427
Gm12168,-0.489
Gm12170,0.0
Rpl9-ps2,0.0
Gm12173,0.0
Gm12174,-0.111
Gm12175,0.0
Gm12176,-0.25
Gm23039,0.0
Gm12178,-0.109
Gm12179,0.0
Gm12180,-0.245
Gm12181,0.0
Gm24422,0.0
Gm12182,0.0
Gm12183,-1.928
Gm25296,0.0
Snord96a,0.0
Snord95,0.0
Gm12186,0.0
Gm12187,-0.076
Gm12188,0.82
Gm12189,0.0
1700024J04Rik,-0.575
Gm12190,0.0
Gm12191,-0.527
Gm12192,0.0
Gm12193,-1.198
Mir340,0.0
Gm12194,-0.269
Mir6919,0.0
Gm12196,0.0
Mir804,0.0
Olfr1379-ps1,0.0
Gm12661,0.0
Olfr1376-ps1,0.0
Gm12202,0.0
Gm12201,-0.145
Olfr1374-ps1,0.0
Gm12203,0.0
Msantd5,0.0
AL645602.1,0.0
Gm26061,0.0
Mir3061,0.0
Olfr1372-ps1,-0.336
Gm12206,-0.503
Skp1,0.095
Gm12208,-0.091
Gm12209,0.0
Gm12210,0.0
Gm11189,0.0
Gm11188,-0.122
Gm25930,0.873
Mir6920,0.0
Gm9837,-0.563
Gm9945,-1.518
Rpl9-ps3,0.908
Septin8,0.3
Rps2-ps4,0.31
Gm12213,0.0
Mir7671,0.0
Gm17334,0.19
Gm12217,0.0
Gm12218,1.407
Gm50459,0.0
Gm12220,0.0
Gm12219,0.563
Gm12221,0.0
Gm12222,0.413
Gm12226,0.041
Gm12225,0.0
Gm24198,0.0
Gm12229,-1.192
Gm12230,-0.29
Atp5pb-ps,-0.105
Mup-ps22,-0.5
Gm12235,0.0
Gm22884,-0.314
Mir7652,0.0
Gm12237,0.0
Gm12240,0.0
Gm24253,0.0
Gm12241,0.0
Gm22603,0.0
Gm12242,0.0
Gm24582,-0.038
Gm12244,0.085
Gm12245,0.0
Gm12247,0.0
Gm12250,-2.43
Gm5038,0.0
Gm12251,-0.256
Gm12252,0.0
Olfr333-ps1,-0.387
Gm12254,0.38
Gm12255,0.0
Olfr329,0.0
Olfr326-ps1,0.0
Lypd8l,0.108
AL645802.1,0.0
Gm12570,0.0
H2bu2,-0.716
H2bu1-ps,-1.814
H2aw,-0.403
H3f4,-0.191
Gm10434,-0.612
Gm12263,-0.213
Gm12262,0.0
Gm12261,-0.091
Gm5027,0.0
Olfr225,0.0
AC068808.1,-0.569
Mir6921,0.0
Mir6922,0.0
Gm12266,0.12
Gm12268,-0.049
Gm12267,-0.308
Gm12622,0.0
Gm12628,0.0
Gm12623,0.0
Gm12621,0.0
Gm12627,0.0
Gm12613,0.0
Gm12614,0.0
Gm12615,0.0
Gm12626,0.0
Gm12625,0.0
Gm12619,0.0
Gm12624,0.0
Gm12612,0.0
Gm12616,0.0
Gm12620,0.0
Gm12617,0.0
Mir5100,0.0
Gm23341,0.0
Gm12611,0.0
Gm12618,-0.802
Gm12269,-0.221
Rps13-ps5,0.254
AL669884.1,0.0
Gm12271,0.0
AL646042.1,0.0
Gm12274,0.0
AL592080.1,0.0
Gm12275,-0.017
Gm12276,-1.561
Snord49b,0.0
Snord49a,0.0
Snord65,-0.441
Gm12281,0.0
Wsb2-ps,0.0
Gm24151,0.0
Gm12285,0.0
Gm12286,-0.114
Gm12287,-0.206
Gm12288,0.0
Hmgb1-ps3,0.0
Gm12291,0.0
Gm12294,1.135
Gm53042,0.0
Gm12293,0.0
Gm26128,0.0
Mir744,-0.036
Gm12297,0.0
AL645988.1,0.0
Mir6923,0.0
Gm12303,0.0
Gm12304,0.0
Mir6406,0.0
AL603662.1,0.0
Mir3062,0.0
AL645902.1,0.0
Snord118,-0.444
Gm12306,0.0
Gm23194,0.0
Gm22442,0.0
Gm12308,-0.395
Gm12309,-0.373
Mir467f,0.0
Mir1934,0.0
Gm24029,0.0
Gm25835,-0.779
AL603707.1,0.0
Tnfsfm13,0.311
Gm12307,0.015
Mir6924,0.0
Gm12310,0.0
Mir324,0.0
Gm12311,0.0
Mir497b,0.0
Mir497,0.0
Mir195a,0.0
Gm21988,0.085
Gm12312,-0.106
Gm12313,0.0
Gm12314,0.0
Mir7115,0.0
Gm12317,-0.086
Gm10418,0.486
Mir6925,0.0
Gm12318,0.0
Rpl23a-ps2,-0.348
Gm12322,-0.262
Gm22297,0.0
Gm12321,0.0
Gm15377,0.0
AL663042.1,0.0
Nlrp1c-ps,-0.132
AL663042.2,0.0
Gm48818,0.129
Gm22927,0.0
Gm23226,0.0
Mir6338,0.0
Gm12712,-0.41
Gm24143,0.0
Gm6733,-1.105
Gm26121,0.0
Gm16021,-0.049
Gm49340,0.0
Olfr377-ps1,0.0
Gm17811,0.0
Olfr75-ps1,-0.321
Gm44922,0.0
Olfr379-ps1,0.0
Gm44923,0.0
Olfr383-ps1,0.0
Gm12327,0.0
Olfr387-ps1,0.0
Gm44665,0.0
Olfr388-ps1,0.0
Gm22381,-0.061
Gm12328,-0.401
Olfr391,0.0
Gm12329,-0.178
Gm44638,0.0
Gm44575,0.0
Olfr396-ps1,0.0
Olfr22-ps1,0.0
Gm12331,-0.131
Olfr400-ps1,0.0
Olfr404-ps1,0.0
Olfr405-ps1,0.12
Olfr407-ps1,0.0
Olfr408-ps1,0.0
Olfr409-ps1,0.0
AL604065.1,0.0
Gm12332,0.0
Gm24211,0.0
Gm16032,0.0
AL607024.1,0.157
Mir6926,0.0
Snord91a,0.117
Gm22771,-0.313
Gm22733,-0.395
AL662892.1,0.0
Gm12335,0.093
Rps12-ps19,-0.761
Mir212,-0.545
Mir132,0.0
Gm12337,-0.318
Mir22,0.0
Mir3971,0.0
Gm12338,-0.008
Gm12340,0.0
Tlcd3a,0.39
Gm12341,0.0
Rpl36-ps2,-1.27
Gm22772,0.0
Mir423,-0.203
Gm12344,-0.038
Gm12345,0.0
Gm24989,0.0
Gm12346,-0.129
mmu-mir-12181,0.0
Gm12734,0.076
Gm12732,-0.105
Gm12733,0.0
AL591136.1,0.0
Gm11191,0.386
Mir144,0.0
mmu-mir-451a,0.0
Gm12571,1.564
Mir7653,0.0
Snord42a,0.88
Snord4a,0.0
Snord42b,0.0
D11Bhm181e,0.0
Gm22947,0.0
Gm17235,-0.528
Gm11196,-0.135
Gm11197,0.0
Gm23219,0.221
Gm11200,0.0
Gm9964,0.0
Gm11198,1.126
Gm11199,-0.623
Gm23293,0.0
Gm25867,0.0
Gm24887,0.0
Mir193a,0.0
Mir365-2,0.0
Gm24454,0.0
Gm11203,0.0
Gm11204,0.0
Gm11207,0.103
Gm11416,0.088
1700071K01Rik,1.289
AL645969.1,0.0
Gm11421,0.0
Gm11422,0.0
Gm11420,-0.106
Gm11424,0.0
mmu-mir-7679,0.0
Gm11425,-0.205
Slfn10-ps,-1.264
Gm48434,-0.413
Gm48467,0.0
Gm48468,0.0
Gm48469,0.0
Gm48477,0.0
Gm48490,0.0
Gm11427,-1.445
AL603711.1,0.0
Snord7,-0.46
Gm23951,0.0
AL596122.1,0.0
Gm11433,0.0
Atp5k-ps3,0.973
Gm11432,0.0
Gm11430,0.0
Gm11429,0.0
Gm11434,-0.131
Gm37391,0.402
Gm11440,0.0
Gm11439,-0.574
Rpl13-ps1,0.816
AL596183.2,0.0
AL596183.1,0.0
Akirin1-ps,0.0
Mir5110,0.0
Gm11443,0.0
Atp5l-ps2,0.376
AL596256.1,-0.549
Gm26439,0.0
Mir21a,0.0
Gm11478,-0.679
mmu-mir-12182,0.0
Gm22387,0.0
Gm9378,0.0
Mir301,0.0
Gm11490,0.0
Gm22883,0.0
Rnu1a1,0.0
AL669902.1,0.0
Snord3b1,0.0
AL669902.2,0.138
Snord3b3,0.0
Snord3b4,0.0
Gm11489,0.574
Snord3b2,0.0
Septin4,0.024
Gm25968,0.0
Mir142b,-0.197
Mir142,0.0
Gm11504,0.0
Gm11507,0.0
Gm11509,0.0
Mir378b,0.0
Gm11510,-1.727
Gm23507,0.0
2210409E12Rik,-0.23
Gm22534,0.0
Gm45883,0.0
Gm11511,0.0
Gm11512,-0.137
Gm22762,0.0
Gm11516,0.0
Gm11498,0.0
Gm11500,0.0
Gm11501,0.0
Gm25113,0.0
AL731728.1,0.0
Gm11502,0.0
Gm11506,0.0
Gm20390,0.072
Gm11518,-0.091
Gm11540,0.0
Gm11545,0.0
Gm11546,0.0
AA623943,0.0
Gm11543,0.0
Gm11544,0.0
A430060F13Rik,0.0
Gm22456,0.0
H1f9,-0.24
Gm11514,0.0
Gm11522,0.184
Polr2k-ps,-0.865
Gm24725,0.0
Mir3063,0.0
Gm37179,0.0
AL603682.1,0.0
Gm22423,0.0
Gm11539,-0.39
Mir196a-1,0.0
Mir10a,0.0
Gm11531,-0.12
Gm11517,-0.665
Mir152,0.0
Gm11524,0.0
Gm11533,0.0
Mir8103,0.0
Gm11573,0.0
Gm11572,0.449
Mir7235,0.0
Gm11594,0.127
Mir6927,0.0
Mir8102,0.0
Atp5l2-ps,1.157
Snora21,-1.143
Gm11633,-0.893
Gm11631,0.0
Gm11604,-0.915
Mir5119,0.0
Gm25106,-0.267
Srsf3-ps,-0.916
Gm22059,0.0
AL591067.1,-0.255
Gm23451,0.0
Gm12358,0.0
Gm14182,0.0
Gm11557,-0.263
4930415H17Rik,0.0
Gm52959,0.0
Gm52961,0.0
Gm52962,0.0
Gm14186,0.0
Gm14193,0.0
Gm52963,-0.269
Gm14188,0.0
Gm11556,0.0
AL590992.1,0.0
Gm11566,0.0
Gm11560,-0.714
Gm11561,0.0
Gm11553,0.0
Gm11558,0.0
Gm52966,0.0
Gm11597,0.0
Gm11598,-0.446
Gm10039,0.41
Mir7116,0.0
Odad4,0.474
Gm53036,0.0
Gm44544,0.0
Mir6928,0.0
Gm11617,0.0
Gm11618,0.0
Gm11619,0.0
Gm52986,0.0
Gm25475,0.0
Gm27029,0.302
Mir6929,0.0
Gm11625,-0.67
AL590994.2,-0.26
AL590994.3,0.0
AL590994.1,0.0
AL590994.4,0.0
Rnu2-10,0.0
Rpl27-ps2,-0.179
Gm11584,0.0
Gm11585,0.0
Mir8101,0.0
Hrob,-1.498
Mir6930,0.0
Gm11628,-0.981
Mdk-ps1,-0.017
Gm25337,0.0
Psmb5-ps,-0.321
Gm11637,-0.086
Gm16342,0.0
Gm22683,0.0
Mir6931,0.0
Efcab15,0.52
Gm11643,-0.29
Gm8738,0.62
Gm22743,0.244
Gm11660,0.0
Gm11661,-0.215
Gm11663,-0.511
Gm11662,-0.183
Gm11623,0.0
Gm11621,-0.402
Gm11622,-0.123
Gm11624,-0.232
Gm25362,0.0
Gm11620,0.0
Marchf10,0.243
Gm11652,0.884
Gm11653,0.447
Gm9910,0.749
Ace3,0.0
Gm10840,-1.12
Gm23645,-0.229
Snord104,-0.602
Gm22711,-0.838
AL603664.1,0.0
Mir3064,0.0
Gm11708,0.0
Rps12-ps26,-0.066
Gm11718,0.0
Gm11719,-0.22
Gm11649,0.0
Mir6932,0.0
Gm52957,0.0
Mir7223,0.0
Gm11667,0.0
Olfr1397-ps1,0.0
Rpl23a-ps14,-0.153
Gm11668,0.0
AL732612.1,0.0
Gm11658,0.0
Gm22378,0.0
Gm11675,-0.502
Gm11676,0.0
Gm11677,0.0
Gm11679,0.0
Gm16487,0.371
Gm11693,-0.149
Gm11736,-0.174
Gm11692,0.0
Gm11689,0.0
Dnai2,-0.013
Btf3-ps13,0.0
Gm11699,-0.652
Mir3968,0.0
Gm11694,-0.082
AL645470.1,0.0
Gm25364,0.0
Gm11702,0.0
Gm11703,-0.529
Gm23699,0.0
Gm11704,0.0
Mir5621,0.0
Gm26413,-0.053
Cdk3,0.167
Gm52964,0.0
Rps11-ps2,-0.188
Rpl36-ps1,0.0
Gm11742,0.715
Snord1c,0.0
Snord1b,0.0
Snord1a,0.0
Gm11735,0.0
Mir6516,0.0
Gm11745,-0.203
Septin9,-0.235
Gm8624,-1.707
Gm20708,0.0
Gm11726,0.0
Mir6933,0.0
Gm11737,-1.785
Mir6934,0.0
Mir1932,0.0
Gm11761,0.0
Mir338,0.0
Mir3065,0.0
Gm47846,0.0
Mir6935,0.0
Gm3807,-1.058
Mir6936,0.0
Gm11771,0.0
Gm11774,-0.442
Gm22152,0.0
Gm11792,0.0
Gm11793,0.0
Gm11790,0.0
Mir7236,0.0
Gm11866,0.0
AL663041.1,0.0
Gm12586,0.0
Gm12587,-0.363
Gm12591,0.0
Gm9071,0.0
Gm18244,0.0
Gm9072,0.0
Gm48310,0.0
Gm9075,0.0
Gm9077,0.347
Gm18774,0.0
Gm45925,-0.156
Gm48511,1.565
Gm31332,-1.302
Rps7-ps2,-0.3
Gm9088,0.0
Gm48122,0.0
Gm48210,0.248
Gm17816,-0.354
Gm29696,0.0
Gm3625,0.053
Gm17541,-0.754
Gm23676,0.0
CT025683.1,0.0
Gm6682,0.075
Gm20348,-0.118
Gm23167,0.0
Gm9110,0.0
Gm48532,0.197
Gm5652,-0.22
Gm48599,0.0
Gm48608,1.251
Gm4927,0.0
Gm3678,0.0
Gm46311,0.0
Gm9139,0.0
Nfyc-ps,-0.077
Gm18337,-0.151
Gm18387,-0.081
Gm48076,0.504
BC106175,-0.555
AC166361.1,0.0
Gm7099,-0.15
Gm18696,0.0
Gm23979,0.0
Gm48774,0.0
Gm22845,0.0
Gm5182,1.373
Gm48792,-0.013
Gm48793,-0.593
Gm48794,0.0
Gm48886,0.0
Gm4928,-0.713
Pgk1-rs7,0.589
Gm48082,-0.106
Gm48088,-0.102
1700034J04Rik,0.0
Mir7675,0.0
Gm47807,0.0
Gm4803,0.0
Gm47821,-0.217
Gm47822,0.0
Gm6867,0.0
Tubb2a-ps2,0.168
Gm25610,0.0
Gm4294,-0.315
Cyria,-0.163
Gm34637,0.771
AC107703.1,0.0
3732407C23Rik,-0.051
Rpl36-ps3,-0.531
Gm48201,0.0
Rpl21-ps2,0.281
Gm24208,0.0
Gm48309,0.602
Gm35638,-0.111
Gm6736,0.0
AC154517.2,0.0
AC154517.1,0.0
Gm4929,0.0
Gm49374,0.0
Gm7126,0.0
Gm9194,-0.168
Gm48482,-0.107
Gm48498,1.316
Gm9847,0.0
AC132221.1,0.0
Gm48504,0.0
Gm26449,0.0
Gm9202,0.0
Gm36128,0.0
Gm19084,0.0
Gm48541,0.96
Gm17915,0.0
Gm4804,-0.097
Mir6387,0.0
Gm48557,-0.183
Gm18114,0.0
Gm48291,0.0
Gm22303,0.0
Gm10054,-0.765
Mir3066,-0.045
Gm22748,-0.968
Gm48290,0.0
Gm49326,-0.363
Gm48315,0.0
Gm49329,0.468
Gm49331,0.418
B430203G13Rik,-0.168
Gm49327,0.276
Gm48317,0.0
Gm49330,0.0
Gm48319,0.0
Gm48318,0.0
Gm49328,-0.503
Gm48347,0.0
Gm9229,0.0
Gm48354,0.0
Gm48355,0.0
Bnip3l-ps,-0.248
Gm40879,0.0
Gm19368,0.0
Gm46312,0.0
Gm7093,0.0
Gm9231,0.0
Zfp996,0.0
Gm48392,-0.18
Gm19786,0.0
Gm48398,-0.352
Gm48409,0.0
Gm49760,-1.375
Gm9237,-0.226
Gm48411,0.0
Gm48446,0.0
Gm46313,0.0
Gm40847,-0.298
Gm49370,0.0
Gm46338,0.0
Gm48472,0.0
Gm9249,0.0
Gm48516,0.0
Gm9158,0.0
Gm48523,0.0
Gm48525,0.0
Gm48528,0.0
Gm5953,0.724
Gm48540,0.0
Gm46339,-0.074
Gm9255,0.0
Gm48576,0.0
Gm6802,0.0
Gm6943,0.0
Gm49372,0.0
Gm48625,0.0
Gm9257,0.0
Gm48635,0.0
Gm48636,0.0
Gm48637,0.0
Gm48638,0.0
Gm48641,0.86
Gm9259,0.0
Gm48643,0.0
Gm49379,0.0
Gm48644,0.0
Gm48645,0.0
Gm40853,0.0
Gm48647,0.0
Gm49381,0.0
Gm9265,0.0
Gm49382,0.0
Gm48667,0.312
Gm48668,0.0
Gm9269,-0.291
Gm49690,0.0
Gm49697,0.0
Gm40881,0.0
Gm49929,0.0
Mrto4-ps1,0.0
Gm48669,0.0
Gm4012,0.0
Gm48688,0.0
Gm16476,-0.091
Gm49699,-0.153
1700030C10Rik,0.078
Gm28503,0.0
3110053B16Rik,0.45
Zfp125,-0.304
Gm10478,-0.276
Gm21989,0.0
Gm5977,0.0
Gm25821,0.0
Gm22766,0.0
Gm19196,0.136
Gm4036,0.0
Mrto4-ps2,0.0
Gm9289,0.0
Gm20486,0.0
Gm6838,0.0
Gm49248,0.0
Gm49251,0.0
Gm48012,0.0
Gm48016,-0.27
Gm49377,0.376
Gm40864,0.0
Gm48019,0.0
Gm48020,0.0
Gm17391,0.0
Gm48030,0.0
Gm48031,0.0
Gm48032,0.0
Gm48033,0.0
Gm21941,0.0
Gm48035,-0.154
Gm48037,0.0
Gm20336,0.31
Gm48039,0.0
Gm48041,0.0
Gm48042,0.0
Gm48043,0.0
Gm49686,0.0
Gm48044,0.0
Gm48046,0.0
Gm48064,0.0
Gm9293,0.0
Gm9292,0.0
Gm47383,0.0
Gm47384,0.0
Gm47385,-0.049
Gm47386,0.0
Gm20472,0.0
Gm20473,0.0
Gm9285,0.0
Gm47393,0.0
Gm47420,0.0
Gm47421,0.0
Gm9286,0.0
Gm47422,0.0
Gm20474,0.0
Gm49386,0.0
Gm9305,0.0
Gm9309,0.0
Gm10330,-0.373
Gm38699,-0.001
Gm47437,0.0
Gm47440,0.0
Gm46342,0.0
Gm47441,0.0
Gm47442,0.0
Gm47443,0.0
Gm17330,0.0
Gm47444,0.0
Gm5954,0.0
Gm47446,0.0
Gm21297,-0.361
Gm4120,0.0
Gm47478,0.0
Gm9315,0.0
Gm16372,0.138
Gm47482,0.0
Gm6969,-0.518
Gm48895,0.0
Gm9318,-0.24
Gm26211,0.0
Gm48897,-0.33
Gm19340,-0.081
Gm9321,0.0
Gm47750,0.0
Mir6538,0.0
Gm47799,0.0
Gm46344,-0.021
Gm47860,0.722
Gm24326,0.0
AC159197.1,0.0
Gm47878,0.0
Mir6937,0.0
Gm48904,-1.493
Gm48080,0.0
Gm6989,0.0
Ryk-ps1,0.0
Gm6992,0.0
Gm18502,0.0
Gm25408,0.0
Gm48100,0.0
Gm18024,0.0
Gm48117,0.0
Gm32899,0.0
Gm24613,0.0
Gm9359,0.0
Gm29541,0.0
Gm48524,0.0
Gm48808,-0.327
Gm18029,-0.994
Gm25913,0.172
Gm47928,0.0
Gm17820,0.0
Gm47937,0.0
Gm18726,-0.074
Gm19056,0.0
Gm18622,-0.438
Gm47961,0.0
Gm24922,0.0
Gm47506,0.0
Polr1f,-0.613
AC164616.1,0.0
Gm9368,0.0
Gm9370,-0.093
Gm18025,-0.311
4921508M14Rik,0.0
Gm24429,0.0
Gm10933,-1.303
Gm48137,-0.596
Mir680-3,0.0
AC132434.1,0.0
Gm48264,0.0
Gm46317,0.0
Gm7002,-0.405
Gm9472,-0.254
Gm5434,0.0
Gm18115,-0.197
Gm48369,-2.973
Gm19046,-0.708
AC145348.1,0.0
Gm25438,0.0
Gm7252,-0.098
Mir5099,0.0
Gm18026,0.0
Gm48660,-0.059
Gm48713,0.682
Gm35755,1.145
Gm18338,0.0
Gm48813,0.378
Gm4257,0.0
Gm18442,0.0
Gm47832,0.0
Gm19563,0.0
Gm18591,0.0
Gm24069,0.0
Gm24434,0.0
Gm18116,-0.083
Gm4263,0.0
Gm18939,-0.396
Mir1938,-0.437
Gm47954,0.0
Gm19441,0.637
Gm7239,0.0
Gm19220,-0.879
Gm18246,1.352
Gm18954,-0.097
AC139319.1,0.0
Gm47374,-0.388
Gm47369,0.269
Gm47012,0.0
Gm7242,0.0
Gm26326,0.0
Gm47036,-0.536
AC154313.1,0.0
Gm47056,-0.246
Gm7370,-0.406
Mir5627,0.0
Gm2027,0.615
Gm48181,0.345
Gm48182,0.772
Gm6125,0.0
Gm15901,-0.054
Gm24731,0.0
AC154300.1,0.0
Gm48517,0.0
Gm48518,0.0
Gm24948,0.0
Gm18112,0.0
Gm48531,0.0
Gm7422,0.032
Gm48536,-0.211
Gm33869,0.462
Gm48543,-0.065
Gm48542,-0.62
Gm36971,0.0
Gm2089,0.0
Gm7392,-0.2
Gm46327,0.0
Gm48587,0.0
Gm1818,-0.578
Gm29818,0.0
AC124542.1,-0.255
AC123929.1,0.0
Gm7456,0.0
Gm18623,0.0
Gm43517,0.0
Gm48659,0.0
Gm19599,0.0
Gm25015,0.0
Gm7476,-0.357
Gm7481,0.0
Gm48777,0.0
Gm7172,0.599
Rps11-ps4,-0.114
Gm18503,0.0
Gm22663,0.0
Gm19309,0.394
Gm47399,0.0
Gm32220,0.0
AC155819.2,0.0
AC155819.1,0.0
Gm47488,0.0
AC155233.1,-0.056
Gm22220,0.0
Gm47553,-0.334
Gm7557,0.0
Gm6218,-0.527
Mir1892,0.0
Gm36262,-1.303
CT030142.7,0.83
Rpl31-ps17,-0.391
CT030142.5,0.0
CT030142.3,-1.664
Gm2395,-0.076
CT030142.2,0.0
CT030142.1,0.0
Gm2412,-0.272
CT030142.6,0.0
CT030142.4,0.0
Gm27014,-0.169
Gm24296,0.0
Gm46350,-1.577
Gm7511,-0.784
Gm2436,0.0
Gm48340,0.0
Fam177a2,0.484
Gm2446,0.0
Gm48352,0.0
Gm49376,-0.313
Rpl18a-ps1,-1.148
Gm48655,-0.147
Gm9812,0.115
Gm22296,0.0
Gm5183,0.0
Gm5184,0.0
Gm25917,0.0
Cox6c2,-0.088
Gm18027,0.0
Gm47720,0.0
Gm25760,0.0
Gm38103,0.0
Gm48835,0.0
Gm18339,0.0
Gm11025,0.0
Gm2568,0.0
Gm37291,0.0
Rpl26-ps2,0.0
Gm47617,0.0
Gm18873,0.0
Gm2649,0.0
Gm47647,0.0
Gm22973,0.766
Gm5786,0.408
Rpl21-ps3,0.0
Gm24233,-0.782
Gm27299,-0.455
Gm48258,0.0
Gm7719,0.0
Gm4930,0.0
Gm48263,0.0
Gm18242,0.0
Gm48268,0.0
Gm7727,0.0
Gm24377,0.0
Gm22673,0.0
Gm48285,0.0
Gm29809,0.0
Gm48289,0.0
Gm32936,0.0
Gm18871,0.0
Gm20049,0.0
Gm7739,0.0
Gm6068,0.0
AC124354.1,0.0
Gm38172,0.0
Gm48304,0.0
Gm48305,0.0
Gm7745,0.0
Nanog-ps2,0.0
Gm30738,0.0
Gm48328,0.0
Gm7753,0.0
Gm24750,0.0
Gm48358,-0.018
Gm2754,0.0
Gm48359,0.0
Gm7754,1.529
Gm48365,-0.287
Gm6353,0.0
Gm48366,-0.053
Gm48367,0.0
Gm48368,-0.717
Spanxn4,0.0
Gm19134,0.0
Tspyl-ps,0.0
Gm48378,0.0
Gm7763,1.048
Gm5185,0.0
Gm48415,0.0
Gm48416,0.0
Gm48417,-0.392
AC156632.1,0.0
Gm48418,-0.118
Gm5653,0.0
Gm24066,0.0
Dnajb6-ps,-0.853
Gm4806,0.0
Rpl7a-ps1,0.0
Gm25970,0.904
Gm47870,-0.201
Gm47869,0.0
Gm47973,0.0
AC159885.1,0.0
Gm26015,0.0
Gm25599,0.0
AC131332.1,0.0
AC131332.2,0.0
Gm47975,0.0
Gm2915,0.0
Gm47982,0.824
Gm19001,-0.077
Gm47988,0.96
Gm23826,0.0
Gm18940,0.0
Gm47989,0.0
Gm47987,1.325
Gm48059,0.0
Gm48060,0.0
AC122924.1,0.0
Rpl17-ps3,1.342
Gm26256,0.0
Gm17821,0.0
Gm47452,0.0
Gm20102,0.0
Hspe1-ps1,0.0
Gm47454,0.0
Gm47457,1.021
Gm19176,0.0
Gm19047,0.0
Gm47490,0.0
Gm47491,0.0
Gm7868,-0.489
Gm15571,-0.142
Gm24499,-0.152
Rn7s1,0.0
Gm49383,0.0
Gm49384,0.0
Rn7s2,0.0
Gm18113,-0.62
Gm24449,0.0
Mir681,0.0
Gm18030,0.025
Gm6316,0.37
Gm3086,0.283
Gm19144,0.147
Gm19221,-0.735
Gm23579,0.0
Gm47290,0.0
Gm19045,0.0
Gm7959,0.0
Gm47555,0.0
Gm47556,-0.249
Gm7985,-0.806
Gm7986,-0.414
Gm18243,0.0
Ly6e-ps1,0.0
Gm48143,0.537
Gm38170,0.261
mmu-mir-9718,0.0
AC159274.1,0.0
Snapc1l,0.0
S100a11-ps,-0.275
1700086L19Rik,0.931
Gm9544,0.081
Gm47618,0.0
Gm47619,0.0
Gm47690,-0.129
Rplp2-ps1,0.0
Mir5101,0.0
Gm7862,-0.078
Gm47526,0.0
A430103D13Rik,0.008
Gm25563,0.054
Gm47053,0.0
Mir5135,0.0
Gm47218,-1.316
Gm24775,0.0
Gm25926,0.0
Gm48177,0.363
Gm48196,0.0
Gm4864,0.0
Gm24070,0.0
Gm8219,0.0
Gm24994,0.0
Gm18899,-0.418
Gm48225,-0.846
Gm48224,0.0
Gm48231,-0.037
Gm48230,0.359
Gm8255,0.0
Gm17195,-1.562
Gm17194,0.0
Gm5654,0.0
Gm8275,-0.309
Mir1843a,0.0
AC163282.1,0.0
Gm46364,0.327
Gm23817,-0.349
Gm47852,0.0
Gm47874,-0.052
AC127337.1,0.11
Mir3067,0.0
Gm20498,0.44
Gm3695,-0.138
Hspe1-ps2,-0.157
Gm24853,-0.904
Gm16570,-0.313
Gm5435,0.0
Gm8358,0.0
Gm22149,0.0
4930423C22Rik,0.445
4933436F18Rik,0.0
1700030I03Rik,0.0
Gm47184,0.0
Gm6722,0.07
Gm18592,0.152
Gm47681,-0.345
Gm47748,-0.154
Gm3791,-2.042
Gm47943,0.0
Gm49366,0.0
Gm8385,0.0
Mideas,-1.485
Gm19327,-2.128
Gm5436,-1.029
Gm38355,-0.328
Gm45930,0.0
Mir6938,0.0
Gm46369,0.83
Gm47820,-0.385
Gm47817,-0.612
Gm33312,-0.249
AC117240.1,0.0
Gm47901,0.0
Gm37804,0.0
Gm48101,0.0
Gm8504,0.0
Gm22004,0.0
Gm17138,0.0
Gm10095,-0.032
Gm15745,0.0
Gm18499,0.0
Gm48806,0.159
Gm48873,0.0
Gm8557,-0.966
Mir3068,0.0
Gm18983,0.0
Gm18624,0.0
Eif1ad12,0.0
Gm18625,0.0
Gm49362,0.0
Eif1ad8,-0.033
Gm18626,0.0
Gm48110,0.0
Gm18615,0.0
Eif1ad6,0.0
Gm48153,0.0
Gm3742,0.0
Ubl5b,0.0
Gm21937,0.0
Gm52984,0.0
Gm48150,0.0
Gm21559,0.0
Gm21569,0.0
Eif1ad19,0.0
Gm21939,-0.184
Gm48152,0.0
Eif1ad13,0.0
Gm48149,0.0
Gm48154,0.0
Eif1ad2,0.0
Gm48151,0.0
Gm21038,0.0
Ubl5c,0.0
Gm1995,0.0
Gm18627,0.0
Eif1ad3,0.0
Gm49363,0.0
Eif1ad4,0.0
Gm18616,0.0
Eif1ad14,0.0
Gm18628,0.0
Gm48389,0.0
Gm48388,0.0
Gm2099,-0.3
Gm46992,0.0
Eif1ad17,0.0
Eif1ad16,0.0
Eif1ad11,0.0
Gm18629,0.0
Gm46993,0.0
Gm18247,0.0
Gm46998,0.0
Gm46997,0.0
Gm46994,-0.229
Gm46995,0.0
Gm46996,0.0
Gm5789,0.0
Gm18617,0.0
Eif1ad18,0.0
Gm5442,0.0
Gm8587,0.0
Gm48459,0.0
Gm48487,0.0
Gm33654,0.0
Gm5955,0.0
Gm8605,0.0
Gm48513,0.0
Gm8607,0.0
Gm18630,0.0
Pramel51,0.0
Gm18631,0.0
Gm48553,-0.098
Gm48560,0.0
Eif1ad10,0.0
Gm18618,0.0
Gm48561,0.0
Eif1ad7,0.0
Gm21039,0.0
Gm7104,0.0
Gm8634,0.0
Gm48564,-0.119
Gm18619,0.0
Eif1ad15,0.0
Eif1ad9,0.0
Gm18632,0.0
Gm8655,0.0
Gm48572,0.0
Gm18620,0.0
CT485612.1,0.0
Gm48577,0.0
Gm6190,0.0
Gm5655,-0.578
Gm48642,-0.102
Gm19540,-0.245
Gm37980,0.0
Gm48692,1.12
Gm48700,0.987
Gm47686,0.0
Gm2139,0.0
n-R5s65,0.0
Gm23195,0.0
Gm47688,0.0
Gm18968,0.0
Gm47742,0.0
Gm18388,0.0
Gm18827,0.0
Gm25776,0.0
Gm21051,0.0
Gm18621,0.0
Rpl31-ps1,-0.291
Gm21614,0.0
Gm47984,0.0
Gm40598,-0.144
Gm6841,0.0
Gm18500,0.0
AC140344.1,0.0
Gm47998,0.0
Gm21007,0.0
Gm23249,0.0
Mir8099-2,0.0
Gm9726,0.058
Gm7119,0.0
Gm18749,0.0
Gm18504,0.0
Gm48011,0.0
Gm4808,0.0
Gm48013,0.0
CT010455.1,0.0
AC125487.1,0.0
Rpl17-ps2,0.0
Gm48014,0.687
Gm48015,0.466
1700019M22Rik,0.0
Gm47394,-0.092
Gm47395,0.0
Gm6863,-0.455
Gm5186,0.0
Gm2398,0.0
Gm8785,0.0
Gm6869,1.145
Gm35412,0.0
Gm47567,-0.201
5330409N07Rik,0.707
Gm47346,-0.162
Gm25486,0.0
Gm47370,0.397
Gm47372,0.709
9430031K09Rik,-1.903
D230049E03Rik,-0.016
Gm48062,-0.232
Gm48063,0.96
A930040O22Rik,0.528
Rpl30-ps8,-0.204
Gm19898,-0.042
Gm47139,-0.404
Gm47138,-0.602
Gm47132,-0.182
4930556H04Rik,0.0
Gm47196,-0.277
Gm47208,0.014
Gm19238,0.295
Gm47206,-0.383
Gm48147,0.0
9530050K03Rik,0.491
Gm48296,0.122
Gm48382,-0.161
Gm48381,0.002
Gm49703,-1.126
Gm48586,-0.805
Gm48585,-1.221
Gm2614,-1.174
Gm25801,0.0
Gm48771,1.023
Gm8482,0.903
Gm53034,0.0
Mir1190,0.0
Gm21056,0.878
Kif4-ps,0.0
Gm18848,0.0
Gm18795,0.0
Mylf-ps,-0.201
AC122507.1,0.0
Gm16285,0.0
AC125355.1,0.0
Gm20701,0.0
Gm20702,-0.261
Ndufb1,0.211
Gm25203,0.0
Gm37019,-1.084
Gm28373,-1.307
Mir1936,0.0
Gm28051,0.0
Gm21971,0.0
Gm20604,0.507
Gon7,-0.216
Gm47042,-0.169
Gm47166,-1.71
Gm7143,-1.664
Gm47201,0.098
Gm45777,0.0
9330161L09Rik,0.113
Gm47260,-1.418
Gm18501,-0.104
Gm5656,0.0
Gm17142,0.0
Gm17042,0.0
Gm17043,0.0
Gm8893,0.0
Gm6918,0.0
Gm8895,0.0
Gm17198,0.0
Gm28577,0.0
Gm37496,0.0
Serpina4-ps1,0.0
Serpina3d-ps,0.0
Serpina3e-ps,0.0
Gm8918,0.0
AC142112.1,0.0
Serpina3h,-0.822
mmu-mir-12183,0.0
Serpina3l-ps,0.0
Gm24334,0.0
Gm47650,-0.183
Mir3069,0.0
Gm47672,0.0
AC163040.1,0.0
Gm3191,0.0
Gm17031,0.0
Gm17053,0.0
Gm9599,-0.216
Gm5187,0.106
Gm17052,-0.074
Gm9006,-0.623
Gm15636,0.0
Mir342,0.0
Gm48048,-0.387
Gm34220,-0.299
Mir345,0.0
Gm22079,-0.267
5033424D13Rik,0.0
Gm47980,-0.632
Gm18405,0.0
Mif-ps7,0.0
Gm27528,0.0
Mir1906-1,0.0
Mir770,0.0
Mir673,0.0
Mir493,0.0
Mir337,0.0
Mir3544,0.0
Mir540,0.0
Mir665,0.0
mmu-mir-3070-1,-0.112
mmu-mir-3070-2,0.0
Mir431,0.0
Mir433,0.0
Mir127,0.0
Mir434,0.0
Mir432,0.0
Mir3071,0.0
Mir136,0.0
Mir341,0.0
Mir1188,0.0
Mir370,0.0
Gm24564,-0.012
AF357426,0.0
Gm24895,0.0
DQ267100,0.0
AC152063.2,0.0
DQ267101,0.0
Gm23508,0.0
AC152063.1,0.0
Gm26922,0.0
DQ267102,0.0
Gm25357,0.0
Gm37899,0.426
Gm23347,0.0
AF357428,0.899
Gm23736,0.883
AF357341,0.0
Mir882,0.0
Gm22981,0.0
Gm25856,0.0
Gm23787,-0.106
Gm25854,0.0
Gm22205,0.0
Gm25224,0.217
Mir379,0.0
Mir411,0.0
Mir299a,0.0
Mir299b,0.0
Mir380,0.0
Mir1197,0.0
Mir323,0.0
Mir758,0.0
Mir329,0.0
Mir494,0.0
Mir679,0.0
Mir1193,0.223
Mir666,0.0
Mir543,0.0
Mir495,0.0
Mir667,0.0
Mir376c,0.0
Mir654,0.0
Mir376b,0.0
Mir376a,0.0
Mir300,0.0
Mir381,0.0
Mir487b,0.0
Mir539,0.0
Mir544,0.0
Mir382,0.0
Mir134,0.0
Mir668,0.0
Mir485,0.0
Mir453,0.0
Mir154,0.0
Mir496a,0.0
Mir377,0.0
Mir541,0.0
Mir409,0.0
Mir412,0.0
Mir369,0.0
Mir410,0.0
Mir3072,0.0
Gm9661,0.0
Gm3379,-0.018
Gm47187,0.0
Gm47188,0.0
4930425K24Rik,0.0
Mir1247,0.0
Gm6988,0.0
Gm9063,0.0
Gm47195,0.0
Mpc1-ps,0.33
Gm48405,-1.314
Rps19-ps6,-0.21
Gm48630,0.0
Gm48631,-0.444
Gm46379,-0.014
Gm48632,-0.701
Snora28,0.0
Gm48248,-0.233
Coa8,0.179
Gm19195,-1.065
AC152065.1,-0.185
Gm3565,0.0
Mir3073a,0.0
Mir3073b,0.0
Mir203,0.0
Gm20368,-0.228
Gm38123,0.112
Mir6939,0.0
Gm30238,-0.129
Mir6940,0.0
Gm5189,0.0
Gm47474,0.0
Mir6941,0.0
Gm43310,0.0
Gm25622,0.0
AC160982.1,0.0
Gm17421,0.0
Gm9134,0.0
Gm9136,0.0
Gm5190,0.0
Ighd6-2,0.0
Gm37227,0.0
Ighd6-1,0.0
Ighd5-1,0.0
Gm9517,1.023
AC090887.1,0.0
Gm37187,0.0
Rpl26-ps3,0.0
Gm37838,0.0
Gm18551,0.0
mmu-mir-7094-1,0.0
mmu-mir-7094-2,0.0
AC090843.1,0.0
Gm9227,0.0
Gm7142,0.0
Gm7019,0.0
Gm9236,0.0
Gm18340,0.0
Gm9238,0.0
Rpl7a-ps2,0.0
Gm5660,0.0
Gm9245,0.0
Gm6105,0.0
Gm44782,0.0
Mir6388,0.0
Gm9251,0.0
Gm18341,0.0
Gm19843,0.0
Gm5034,0.0
Gm9256,0.191
Olfr241-ps1,0.0
Gm9260,0.0
Gm48618,0.0
Gm48620,-0.17
AC105950.1,0.0
Dync2i1,0.098
Gm25112,0.0
Gm27649,0.0
Gm6750,0.0
Gm17807,1.291
Gm48119,-0.572
Mir153,0.0
AC139993.1,0.0
Gm18955,-0.207
Gm20613,0.0
AC139238.1,0.0
Gm9267,0.0
Gm18441,0.0
Gm29689,0.0
Gm6171,0.0
Gm18921,0.0
AC140349.1,0.0
Ncoa4-ps,-0.63
Gm18032,0.0
Gm9279,0.0
Gm48685,0.0
Gm9280,-0.73
Gm48686,0.0
Gm27236,0.171
Gm8598,0.0
Gm49287,0.0
Gm17177,0.639
Gm18783,0.0
Gm48519,0.0
Gm4900,0.0
Gm48520,0.0
Speer6-ps1,0.0
Gm9616,-1.246
Gm8616,-0.093
Gm16505,-0.481
Gm19163,0.0
Gm48838,-0.715
Gm47813,-1.325
Gm47853,0.0
Gm18857,0.0
Gm47905,-0.283
Gm2123,0.0
Marcksl1-ps4,0.0
Gm9973,0.184
Gm47951,0.759
Rpl29-ps2,-0.141
Gm24790,0.0
Gm47451,0.0
AC133498.1,0.0
2900042G08Rik,0.0
Gm10029,0.087
Gm48238,0.0
2900024D18Rik,0.0
Gm8725,0.0
Gm48251,0.0
Gm48252,0.0
Gm48253,0.0
Gm9742,0.0
Gm5191,0.0
Gm48259,-0.138
Gm48261,0.0
Gm10357,0.0
Gm48260,-0.322
Gm48262,0.0
Gm48327,0.402
Gm48375,-0.726
Gm48374,0.467
Gm48574,-0.339
Rpl10a-ps2,1.005
Gm25274,0.0
AC124732.1,0.0
AC124732.2,0.0
Gm48649,0.0
Gm48650,0.0
Gm28155,0.0
Gm8784,0.01
Gm46391,0.0
Gm48887,-0.775
Gm48890,-0.069
Gm48870,-0.007
Gm48869,0.835
Gm48889,-0.0
Gm48871,0.526
Gm48872,0.436
Gm48888,0.395
Gm47826,-1.105
Gm47401,0.0
Gm47406,0.355
Gm47411,-0.029
9330159N22Rik,0.0
Gm25496,0.0
Zp4-ps,0.306
Gm47487,0.0
Gm47494,1.074
Gm26956,0.0
Gm47493,0.828
Gm47323,0.0
Gm16419,0.197
Gm47322,-0.905
Gm47021,0.0
Gm5445,-0.546
Gm5928,-0.756
Ero1b,0.133
CT954220.1,0.0
Gpr137b-ps,-0.172
Gm48440,0.0
Gm48445,-0.536
Gm48455,0.0
Gm48456,0.0
Gm48458,0.0
Gm2399,0.0
Gm7042,0.0
Gm18262,0.0
Gm2544,0.0
Gm18878,0.0
Gm48527,0.0
Gm18263,0.0
Gm32300,0.0
Gm18879,0.0
Gm9628,0.0
Gm18259,0.0
Gm10811,-0.164
Gm18880,-0.181
Gm48588,0.0
Gm48589,0.0
Gm2423,-0.854
Gm5374,0.0
Gm48590,0.0
CT030184.1,0.0
Gm7040,0.0
Gm18562,0.0
CT030184.2,0.0
Gm48661,0.0
Gm48672,0.0
Gm7426,0.0
Gm48783,-1.414
Gm7441,0.49
Gm7446,0.0
Gm7046,0.0
Gm18856,0.029
Gm48017,0.0
Gm26129,-0.118
Gm2492,-0.272
Gm47011,1.259
Gm48096,0.0
Gm32526,0.0
Gm19189,0.0
Gm48329,0.0
Gm48338,0.0
Gm9512,0.0
Gm48343,0.0
AC173210.1,0.0
Gm48408,0.0
B230303A05Rik,0.79
A530058O07Rik,-0.381
Gm48928,0.0
AC154742.1,-0.058
Gm6562,-0.627
Gm31711,0.0
Gm48493,0.0
Gm48494,0.0
Gm48496,0.0
Gm48497,-0.347
Gm7537,0.0
Gm48499,0.0
Gm27043,0.0
AC154662.1,0.0
Gm48502,0.629
Gm17890,0.0
Gm48501,-0.582
AC156569.1,0.0
Gm48621,-0.378
8430406P12Rik,-0.345
Mir466i,0.0
Gm48624,-1.889
AC154828.1,-0.318
Gm18859,0.0
Gm18362,-0.364
Gm32699,0.23
Gm5628,-0.539
A930027P06Rik,-0.199
Gm48776,0.0
Gm48778,0.0
Vdac3-ps1,0.473
Gm6575,0.0
Gm48800,0.0
Gm26172,0.0
Gm47659,-0.303
Gm18065,0.0
Gm47660,0.0
Trgv7,0.0
Trgv4,-0.62
Trgv6,0.84
Trgv5,0.0
Trgc1,-0.124
Trgv3,-0.073
Trgc3,0.0
Trgc2,-1.999
Trgv1,-0.264
Trgc4,-1.42
Gm42683,-0.498
Gm18131,-0.083
Gm18363,0.0
Gm47606,0.0
Gm19154,0.0
Gm5446,0.0
Gm47665,0.575
Gm47657,-1.4
Gm47721,0.0
Gm7611,0.0
Gm7614,0.0
Gm47727,-0.333
Gm11270,0.0
Gm53020,0.0
Gm11271,-0.325
Mir6942,0.0
Gm50481,-0.259
Mir1896,0.0
Gm23779,0.0
Cox5b-ps,0.109
Zfp389,0.099
H2bc13,-1.962
H2ac13,-0.846
H3c10,-0.637
H2ac14,-0.322
H2bc14,-2.163
H4c11,-0.292
H4c12,-0.966
H2ac15,-2.244
H2bc15,-2.578
H1f5,-6.097
H3c11,-2.712
H2ac22,-1.638
H2bc22,-1.393
H2bc23,0.0
H2ac23,-0.929
H4c17,0.0
H4c18,-0.636
H2ac24,-2.163
H2bc24,-0.862
Gm11278,0.0
Mir1983,-0.158
Gm11279,0.0
Gm11281,-0.112
Gm11282,-0.138
H2ac12,-0.134
H2bc12,-1.555
H4c9,-0.259
H2ac11,-2.085
H2bc11,-3.291
Gm48356,0.482
Vmn1r-ps92,0.0
Vmn1r-ps93,0.0
Gm11285,-0.135
Vmn1r-ps94,0.0
Vmn1r-ps95,0.0
Vmn1r-ps96,0.0
Vmn1r-ps97,0.0
Vmn1r190-ps,0.0
Gm11284,0.0
Vmn1r-ps99,0.0
Gm11295,0.0
Vmn1r-ps100,0.0
Gm48489,0.0
Vmn1r-ps101,0.0
Vmn1r-ps102,0.0
Vmn1r-ps103,0.0
Vmn1r-ps104,0.0
Gm11298,0.0
Vmn1r-ps106,0.0
Vmn1r-ps107,0.0
Vmn1r-ps108,0.0
Vmn1r-ps109,0.0
Vmn1r-ps110,0.0
Gm11307,0.0
Vmn1r-ps111,0.0
Vmn1r207,0.973
Vmn1r-ps112,0.0
Vmn1r-ps113,0.0
Gm11313,0.0
Vmn1r-ps114,0.0
Vmn1r-ps116,0.0
Gm23774,0.0
Vmn1r-ps117,0.0
Gm11320,0.0
Gm11321,0.0
Vmn1r-ps120,0.0
Gm11322,0.0
Gm11318,0.0
Vmn1r-ps123,0.0
Vmn1r-ps125,0.0
Gm19153,0.0
Vmn1r-ps126,0.0
Gm11325,0.0
Vmn1r-ps127,0.0
Vmn1r-ps128,0.0
Vmn1r-ps131,0.0
Vmn1r-ps132,0.0
Vmn1r-ps133,0.0
Gm11331,0.0
Vmn1r-ps135,0.097
Gm11333,0.0
Gm11334,-0.394
H4c8,-0.128
H2ac10,-1.561
H3c8,-1.479
H2bc9,-1.703
H3c7,-1.438
H4c6,0.117
H1f3,-3.743
H3c6,-1.487
H2ac8,-2.858
H2bc8,-0.213
H2bc7,-2.297
H2ac7,-1.742
H3c4,-0.568
H4c4,-1.326
H2bc6,0.115
H1f4,-2.787
Gm11398,0.0
Gm22452,0.0
H2ac6,-0.638
H2bc4,0.065
H1f6,-0.305
H4c3,-0.47
Gm11338,0.355
H1f2,-0.123
H3c3,-3.447
H2ac5-ps,-0.194
H2bc3,-2.366
H2ac4,-3.185
H3c2,-0.922
H4c2,-0.985
H4c1,-0.454
H3c1,-2.155
H1f1,-4.187
Snrp1c-ps2,0.0
H2bc1,0.0
H2ac1,0.0
Gm11343,0.0
Gm11340,0.0
Gm23340,0.0
Gm11341,0.0
Gm53019,0.0
Gm11344,-0.406
Gm22013,0.0
Gm11346,-1.819
Gm22358,0.0
mmu-mir-12184,0.0
Gm47605,0.0
Gm11348,0.41
F830002E08Rik,0.0
Tpi-rs8,0.0
Gm11349,0.121
Gm11350,0.0
Gm11352,0.0
Gm47881,0.588
Gm11353,0.009
Gm47883,0.0
Gm11354,0.0
Gm11355,0.0
Gm53000,0.0
Gm11356,0.0
Gm11357,0.0
Gm11358,-0.28
Gm11359,0.0
AL627326.1,0.0
Gm34165,0.0
Gm11360,0.0
Gm18881,0.0
Gm47019,0.0
Rps18-ps5,0.309
Gm47172,0.0
Gm6081,-1.95
Mir6368,-0.707
Gm17528,0.0
Gm11362,-3.63
Gm11363,-0.143
AL513025.1,0.0
Gm47259,-0.395
Gm11367,-0.184
Gm23206,0.0
Gm11366,0.0
Gm11369,0.0
Gm11370,0.0
Gm5447,0.127
Gm11371,0.0
Gm11372,0.0
Gm22330,0.0
Gm23351,0.0
Gm25186,0.093
AL645783.1,0.0
Gm48883,0.425
Gm11380,-0.631
Gm48885,-0.8
A730091E23Rik,-0.386
AL645799.1,0.0
Serpinb1-ps1,0.0
Gm11382,0.0
Gm11384,0.0
Gm11383,0.0
Gm11385,0.0
Gm47788,0.0
Gm11387,0.0
Gm11386,0.0
Gm11393,0.0
Gm25043,0.0
Gm5194,0.0
Gm11388,0.0
Gm11389,0.0
Gm26701,0.0
Gm11392,0.0
Gm11394,0.0
Gm11395,0.0
Vmn2r-ps94,0.0
Gm17083,-0.203
Gm17084,0.0
Gm47065,0.0
Gm47086,0.0
Gm6129,0.134
Gm47120,0.0
Gm36758,-0.022
Gm47149,0.0
Gm8231,0.0
Gm8245,0.0
Gm47217,-0.172
Gm22674,0.0
Gm22126,0.0
Gm48706,-0.631
Gm48756,0.0
Tmed10-ps,1.303
Gm18132,0.0
Gm48769,0.0
Gm48766,-1.463
Gm48763,0.0
Gm8277,-0.245
4933436N17Rik,0.137
Gm26395,0.0
Gm18643,0.0
Gm47753,0.0
Gm49351,0.0
Gm10129,0.365
Gm47978,0.0
Gm47991,0.0
Gm47994,-0.186
Gm6200,-0.232
Gm47530,-0.158
Gm5195,0.0
Gm47361,0.0
Gm23972,0.0
AC155272.1,0.0
Gm8352,0.0
Gm47038,0.0
Gm47041,0.0
Gm6245,1.259
Gm7201,0.0
Gm35160,0.0
Mir5124a,0.0
Gm48192,-0.429
Gm48188,0.0
5530402G07Rik,-0.715
Gm48344,-0.276
Rps17-ps1,-0.246
Gm48569,-0.89
Gm37698,0.0
Gm22157,0.0
Gm6049,0.0
Gm47125,0.0
Gm15812,0.0
Gm47597,0.0
Gm26064,0.691
Gm7214,0.0
Gm23117,0.0
Gm27036,0.0
Gm23104,0.0
Hsp25-ps1,0.264
Gm9817,0.055
Gm8513,0.146
Gm47455,0.0
Gm24620,0.6
Gm22960,0.0
Gm48325,0.0
Gm5790,0.0
Gm18807,0.0
Gm48581,0.0
CT010472.1,0.0
Gm8588,-0.397
Mirlet7d,0.0
Mirlet7f-1,0.0
Mirlet7a-1,0.0
Gm37238,-1.992
AC147162.1,0.0
Rpl17-ps6,0.0
Gm25394,-0.109
Gm23482,0.0
Gm19334,0.209
Gm270,-0.086
Gm7251,-0.253
Gm272,0.0
Gm8672,0.0
Gm19011,0.0
Gm48009,0.0
Gm8674,0.0
Gm10784,0.0
Gm17611,0.0
Gm6554,0.0
Gm48052,0.0
LOC667541,0.0
Gm8700,0.0
Gm48054,-0.178
Gm47412,0.0
Gm2645,0.0
Gm47413,0.0
mmu-mir-683-1,0.0
Gm20789,0.0
Gm2654,0.0
Gm19009,0.0
Gm22199,0.0
H2af-ps2,0.044
Gm29787,0.0
Gm6056,0.0
Gm47554,0.0
Gm22806,-0.093
Gm37872,0.0
Gm5449,0.128
Gm18974,-0.144
Gm18473,0.0
Gm2830,0.151
Gm24195,0.0
Gm16250,0.0
Gm6344,0.392
Gm46415,-0.078
Gm47816,-1.648
Mir6943,0.0
Mir6944,0.0
Mir6945,0.0
Gm47072,0.0
Macroh2a1,0.116
Gm25148,0.0
Gm47104,0.0
Gm17878,0.0
Gm24716,0.0
Gm22777,0.0
Gm48174,0.0
Gm48176,0.0
Mir874,0.0
Gm48432,-1.266
Mir6369,0.0
Mir7-1,0.0
AC154222.1,0.0
Gm3131,0.0
Gm47942,0.0
Rpl13-ps2,0.0
C630044B11Rik,-0.684
Gm34245,0.0
A930015P04Rik,0.071
Gm47246,-0.88
Gm47269,0.0
Gm49354,0.0
Gm48390,0.0
Gm10779,0.0
Gm48582,-0.426
Gm48583,0.0
Gm10312,-0.401
Gm49392,-0.217
Gm49393,0.0
Gm49391,0.0
Gm40976,0.0
Gm18064,0.0
Gm49398,0.0
Cts8-ps,0.0
Gm5664,0.0
Cts7-ps,-0.152
Gm47825,0.0
Ctsm-ps,0.0
Gm47848,0.0
Gm49352,0.0
Gm7622,-0.172
Gm6474,0.155
Gm6436,0.855
Gm9595,0.0
Selenok-ps4,0.0
Gm7240,-0.525
Gm35619,0.0
Selenok-ps8,-0.082
Gm3325,-1.438
Gm6478,-0.239
Selenok-ps5,0.0
AC124426.1,0.0
Gm36501,-0.347
Gm3333,-0.0
Gm3338,-0.115
Gm23855,0.0
Gm48690,-0.43
Selenok-ps6,0.473
Gm48691,0.359
Gm48699,-0.113
Gm48701,-0.09
Zfp935,0.0
Gm7664,0.0
AC122357.1,-0.626
Gm36298,0.235
Gm7045,-0.437
Gm48735,-0.49
Gm48734,-1.143
mmu-mir-713,0.0
Gm21963,-0.476
AC156572.1,0.0
Gm7049,-0.527
Gm47584,-0.286
Gm47583,0.462
Gm47586,-0.22
Gm47603,0.279
Gm47585,-0.404
Gm47602,-0.078
Mir23b,0.0
Mir27b,0.0
Mir3074-1,0.0
Mir24-1,0.0
Gm47588,-0.975
Gm16134,0.0
A930032L01Rik,-0.957
Gm47387,0.0
Gm47417,0.0
Gm7695,1.648
Gm47513,0.473
Gm46424,0.186
Gm47004,-0.129
Gm53045,0.0
Gm49230,0.0
Gm7712,-0.183
Gm4810,0.0
Gm47190,0.0
Gm47191,0.0
Gm5791,0.35
Gm4935,0.0
Gm7065,0.0
Eif1-ps2,-0.017
Gm4811,-0.314
Gm6888,0.0
Gm3785,0.0
Gm24130,0.0
Gm47250,0.0
Gm47254,-0.192
Gm47258,-1.807
Gm3800,-0.143
Gm47263,0.0
Gm47264,0.0
Vmn2r-ps95,0.0
Gm7768,-0.115
Gm48103,0.0
Gm21930,0.0
Gm48111,-0.48
Cbx3-ps5,0.0
Vmn2r-ps96,0.0
Hmgb1-ps11,0.0
Gm48136,0.0
Gm48165,0.469
Gm48171,0.0
Gm48169,0.0
Gm48167,0.0
Cbx3-ps2,0.0
Vmn2r-ps97,0.0
Gm3829,0.0
Gm48164,0.0
Gm48185,0.0
Gm48186,0.0
Gm53057,0.0
Gm19118,0.0
Vmn2r-ps98,0.0
Gm38428,0.0
Gm7822,0.0
Vmn2r-ps99,0.0
Cbx3-ps1,0.0
Gm48218,0.0
Gm48219,0.0
Vmn2r-ps100,0.0
Gm48220,0.0
Rybp-ps,-0.542
Zfp997,0.0
Gm50489,0.0
Gm45965,0.0
Vmn2r-ps102,0.0
Gm48240,0.0
AC173345.1,0.0
Gm48241,0.0
Vmn2r-ps103,0.0
Gm48245,0.0
AC192333.1,0.0
Gm18260,0.0
Gm48246,0.0
C330022B21Rik,1.115
Vmn2r-ps104,0.0
Gm48247,0.0
Gm48244,0.0
Gm19119,-0.073
Gm48243,0.0
Zfp998,0.0
Gm48322,0.0
Gm48323,0.0
Vmn2r-ps105,0.0
Gm46427,0.0
Gm48351,0.0
Gm48360,0.0
Gm49399,0.0
Gm10769,-0.515
Gm49532,0.0
Gm48361,0.0
Zfp640,0.0
Vmn2r-ps106,0.0
Gm40989,0.0
Gm48404,0.0
Gm7896,0.0
AC163660.1,0.0
Gm48413,0.0
Vmn2r-ps108,0.0
Gm48414,0.0
Gm10323,0.956
Cbx3-ps4,0.0
Vmn2r-ps109,0.0
Gm5451,-0.752
Gm7911,-0.361
Gm48705,0.163
Gm17938,-0.052
Gm48733,-0.155
Gm49646,0.0
Gm9626,-0.059
Gm28044,0.1
Zfp953,-0.742
Gm28041,0.0
Gm38307,-0.597
Gm7928,0.0
Gm26965,0.0
Gm49345,0.0
Gm26587,0.333
Gm26875,0.0
Gm48894,0.0
Gm9894,0.0
Gm9625,0.016
Gm48424,0.0
AA414992,-0.381
Gm48429,0.0
Gm26929,-0.163
Gm7979,-0.091
Gm48593,-0.443
Gm37122,0.0
Gm4812,0.0
Gm48676,-0.235
Gm17872,0.417
Gm48816,0.0
Gm48817,0.0
Gm18313,0.0
Gm20288,0.0
Gm47655,0.0
Gm47656,-0.148
Gm26018,0.0
Gm47706,-0.049
Gm38191,0.0
Mir466f-4,0.0
Gm47811,0.0
Gm47812,0.0
Gm4052,0.0
Gm47836,0.0
Rpl9-ps4,-0.092
Gm47838,-0.257
Gm4057,0.0
Gm47890,0.0
Rpl31-ps2,0.0
Gm48000,0.0
Gm10263,-0.784
Gm8062,0.23
CT010471.1,0.0
Gm10126,0.0
Gm6263,0.0
Gm16125,0.0
Gm8227,0.0
Mir692-3,0.0
Gm47435,0.0
Gm5626,-0.476
Gm47470,0.0
Gm6296,-1.275
Hnrnpa1l2-ps,-0.167
Gm19095,-0.053
Gm48234,0.0
Gm48235,-0.109
Gm8278,0.0
Gm3926,0.0
Gm4149,-0.133
Mir682,0.0
Gm23012,0.0
Gm23127,0.0
Gm8288,-1.202
Gm24163,0.0
Gm15528,-0.125
Gm6311,1.018
Gm23319,0.0
Gm4165,0.0
Gm48639,0.13
Gm48078,0.093
AC112671.1,0.0
Gm21959,0.0
Gm15740,-1.125
Gm8185,0.251
Gm29844,-0.191
Gm9634,0.46
Atp5c1-ps,-0.046
Gm26088,0.0
Gm48254,-1.016
C130051F05Rik,-0.7
Gm18990,0.0
Gm5042,0.0
Gm46387,0.0
Gm3963,0.0
Gm6317,0.0
Gm8345,0.0
Gm25383,0.0
Gm38349,0.0
Gm48470,0.0
CT010454.1,0.0
Gm48471,-0.321
Gm19320,0.0
Gm5197,0.0
Gm24635,0.0
Gm8371,-0.477
Gm46388,-0.113
Gm48568,0.0
Gm48549,0.0
Gm4813,0.0
Gm8399,-0.306
Gm18517,0.191
Gm48566,0.071
Gm48567,0.0
Gm48113,-0.472
F830210D05Rik,0.0
Gm24295,0.0
Gm4936,-0.221
Mir3961,0.0
Gm48156,0.0
Gm48067,-0.774
Gm33366,-0.043
Mir9-2,0.0
Gm6411,0.0
Gm5452,0.0
Gm8447,0.0
Gm8456,0.0
Gm46432,-0.073
Gm26927,0.0
Gm26913,-0.198
Gm4059,0.0
Gm4066,0.0
Gm47745,0.0
Gm4076,-0.479
Gm47746,0.0
Gm37641,0.0
Gm47635,0.0
Gm5666,0.0
Gm47636,0.0
Gm46396,0.0
CT009759.1,0.0
Gm22574,0.0
Gm27025,0.0
AC156575.1,0.0
Gm47642,0.0
Gm18265,0.0
Gm21232,-0.089
Gm19239,-0.123
Gm47649,0.0
Gm27044,0.0
Gm47651,0.0
Gm8526,0.0
Gm47653,0.0
Gm19139,0.0
Gm5667,0.0
Gm8546,-0.369
Gm16318,0.0
Gm24507,0.0
Gm37727,0.0
Gm37054,0.0
Gm37708,0.0
Gm21726,0.0
Gm36966,0.0
Gm47521,0.0
Gm18518,0.0
Gm17450,0.0
Gm4130,-0.615
Gm22778,0.0
Gm5199,0.0
Gm2076,-0.22
Gm47075,-1.625
Gm47088,-0.914
Gm47155,-0.581
Gm18960,0.415
Gm6109,-0.322
Gm30155,0.0
Gm15620,0.0
Mir5624,0.0
Gm24737,0.49
Cycs-ps3,0.0
Gm5668,0.111
Gm36991,0.0
Gm48316,0.0
Gm46389,0.0
Gm48349,-0.31
Snora47,0.0
Gm22661,0.0
Gm48712,0.0
Gm48731,0.0
Gm48745,-0.183
Gm50469,-0.26
Gm32880,0.0
Gm24032,0.135
AC129327.1,0.0
Gm23955,-0.076
Gm8712,-0.141
Cert1,-0.095
Gm48138,-1.437
Gm46436,-0.362
Gm48139,-0.636
Gm48575,0.0
AC154851.1,0.0
Gm48580,0.0
Gm48579,0.0
Gm48609,0.0
Gm48881,0.0
Gm8756,-0.078
Gm48090,0.0
Gm48070,0.0
Rps18-ps4,-0.416
Rps18-ps6,-1.624
Gm47577,-0.551
AC133507.1,0.372
Gm2445,0.0
Gm37425,0.0
Gm48049,0.0
Gm4815,0.0
Gm47550,0.0
Gm18134,-0.067
Rpl27a-ps4,-0.039
Gm47052,0.0
H2bl1,0.0
Gm47057,-0.134
5330431K02Rik,0.609
Gm47158,0.152
1700012J22Rik,0.0
Gm24471,0.0
Gm18413,0.0
Naip3-ps1,0.0
Naip3,0.0
Gm18601,0.0
Rpl31-ps13,0.0
Gm48452,-0.417
AC158536.1,0.0
Gm8847,0.0
AC165159.1,0.0
Gm24261,0.0
Gm16335,0.0
Gm37830,-0.079
Gm41041,0.0
Gm10257,0.0
Gm6114,0.0
Hmgb1-ps9,0.045
Gm2534,-0.473
Gm36994,0.0
Gm19010,0.0
Gm36638,-2.244
Gm19108,0.0
Gm17832,0.0
Gm38133,0.0
Gm47008,0.0
Gm47014,0.0
Gm6211,-0.879
Gm5454,0.0
Gm16416,0.0
AC159301.1,0.0
Gm4938,0.0
Nt5el,-0.231
Gm25631,-0.07
Gm48208,0.0
AC154697.1,0.0
Gm48211,0.0
Gm48212,0.0
Gm48214,0.0
Olfr717-ps1,0.0
Gm7054,0.0
Gm48216,0.0
Dph3b-ps,0.0
Gm24527,0.0
Lrrc70,-1.318
AC154328.1,0.0
Gm48457,0.358
Gm2726,0.0
Gm2736,0.0
Apoo-ps,0.084
Gm32376,0.12
Gm30747,0.0
Gm8990,0.0
Rps3a3,0.33
CT025614.1,0.0
Mir582,0.0
Mir1904,0.0
Gm5455,0.0
Gm48533,0.0
Gm48534,0.0
Gm30839,0.0
Gm48547,0.0
Gm15285,0.0
Gm15289,-0.097
Gm49496,0.0
Gm10736,0.0
Setd9-ps,-0.25
Gm9025,0.0
Gm31104,0.0
Gm37427,0.0
Gm3226,0.065
Gm18883,0.0
Gm26943,0.0
Gm8795,-0.164
Mir449c,0.0
Mir449b,0.0
Mir449a,0.0
Gm10735,-1.266
Gm9848,0.0
Gm49564,0.0
Cspg4b,0.083
Gm31191,0.0
Gm47426,0.0
Gm6343,-0.115
Gm47462,0.0
Gm47463,0.0
Gm47464,0.0
Gm47479,-0.554
Gm37907,0.0
4631422I05Rik,-1.046
Gm47558,-0.643
Gm47569,0.0
Gm41073,0.0
Gm47776,-0.307
Gm49395,-0.853
CT009494.1,0.0
Gm18759,0.0
Gm47891,0.0
Gm6035,-0.817
Gm47892,0.0
Gm18135,0.0
Gm47893,0.0
Rpl34-ps2,-0.118
Gm29764,0.0
Gm47912,0.0
Gm29767,-0.229
Gm48026,0.0
Gm18945,0.0
Gm6421,0.0
Gm5200,-0.1
Gm26349,0.0
Gm9633,0.0
Gm47563,0.0
Gm9098,0.0
Gm47330,0.0
Gm18361,0.0
Gm47335,0.0
Gm48300,0.0
AC123738.1,0.0
Gm21358,0.11
Gm37619,0.0
Gm21181,0.0
Gm20784,0.0
Gm21370,0.0
AC238811.1,0.0
AC238811.2,0.0
Gm31544,0.0
Gm21378,0.0
Gm20769,0.0
Gm20763,-0.22
Gm20900,-0.892
Gm9637,0.0
Gm5630,0.129
Gm33022,0.0
Gm6122,0.0
Gm48098,0.0
Gm8584,-0.099
Gm8582,0.0
Gm48785,0.0
Gm7089,0.0
Gm18275,0.0
Gm48782,-0.08
Gm48781,0.0
Gm15916,0.0
Gm22499,0.0
Gm4939,-1.033
Gm6781,-0.285
Gm22350,0.0
Gm7084,0.0
CU024892.1,0.0
Gm48481,0.0
Gm6773,-0.073
Gm19290,0.425
Gm48320,0.0
Gm48312,0.0
Pou5f1-rs6,0.0
Gm18078,0.0
Tpi-rs9,0.0
Gm47797,0.306
Rpl31-ps3,-2.006
Gm8517,-0.93
Gm8514,0.0
Gm47779,0.0
Gm10403,0.0
Gm47763,0.0
Gm47759,-0.185
Gm47756,0.0
Gm47743,0.414
Gm18142,0.0
CT025538.1,0.0
Gm19018,-0.05
Gm8483,0.0
Gm21063,0.0
Gm6734,0.0
Gm48859,0.0
Gm3895,0.0
Csnk2a1-ps1,0.0
Gm25964,0.0
Gm3637,0.0
Rpl19-ps4,-0.066
Gm15913,0.0
Gm48515,-0.222
Gm5457,-0.729
Gm48266,1.014
Gm18077,-0.05
Gm17805,0.0
Gm48267,0.574
Gm24578,0.0
Gm49355,0.253
Gm48603,-0.04
Gm48600,-1.052
Gm48601,1.381
Gm48602,0.423
Gm8438,-0.079
Gm48592,0.0
AC158396.1,0.0
Mir5124b,0.0
Rpl21-ps4,0.433
Slc25a5-ps,-1.422
Gm48437,0.424
Gm22053,0.0
Gm48442,-2.843
Gm48430,-0.86
Gm48438,-0.948
Mnd1-ps,-0.388
Hmgb3-ps,0.0
Gm18071,0.0
Gm9800,-0.574
Gm20241,0.0
Cfap20dc,-0.419
Gm8416,0.0
Gm8396,0.0
Gm26661,0.0
Gm10044,0.004
Gm47876,0.0
Gm17121,0.0
Gm3760,0.0
Gm8379,0.0
Gm5456,0.0
Gm16525,0.0
Gm47764,0.0
Gm47749,0.0
Gm47747,0.0
Gm3466,0.0
Gm33933,0.0
Lamtor3-ps,0.0
Gm8340,0.0
Gm3618,0.0
Gm21772,0.0
Gm3208,0.0
Gm26991,0.0
Gm3275,0.0
Gm17045,0.0
Gm3261,0.0
Gm17048,0.0
Gm17047,0.0
Gm3242,0.0
Gm17046,0.0
Gm17158,0.0
Gm26557,0.0
Gm3170,0.0
Gm3344,0.0
Gm26731,0.0
Gm8266,0.0
Gm26746,0.0
Gm3348,0.0
Gm17126,0.0
Gm3339,0.0
Gm3326,0.0
Gm3140,0.0
Gm17069,0.0
Gm10410,0.0
Gm8305,0.0
Gm3091,0.0
Gm3084,0.0
Gm17073,0.0
Gm26898,0.0
Gm8164,0.0
Gm3030,0.0
Gm17074,0.0
Gm17170,0.0
Gm17086,0.0
Gm17085,0.0
Gm11105,0.0
Gm17152,0.0
Gm11107,0.0
Gm17129,0.0
Gm2907,0.0
Gm26570,0.0
Gm21965,0.0
Gm2877,0.0
Gm2871,0.0
Gm2866,0.0
Gm17107,0.0
Gm11109,0.0
Gm8324,0.0
Gm8323,0.0
Gm26817,0.0
Gm17223,0.0
Gm4904,0.0
Gm17222,0.0
Gm17221,0.0
Gm17051,0.0
Esd-ps,0.0
Gm48109,0.0
Gm36704,0.0
Gm7352,0.0
Gm18577,0.0
Gm49800,0.0
Gm48157,0.0
Gm17030,0.0
Gm7371,0.0
Gm49341,-0.255
Gm48339,0.0
Gm48394,0.0
Gm24912,0.0
Gm2048,0.0
Mir6946,0.0
AC121599.1,-0.058
Gm6128,0.0
AC163681.1,-0.067
Gm23502,0.186
Gm37590,0.0
C130012C08Rik,0.735
Gm5670,0.0
Gm7473,0.0
Gm46443,0.496
5430425E15Rik,0.0
Gm6158,-0.806
Gm52992,-0.065
Mir7210,0.0
Gm52991,0.0
Gm49098,-0.029
Gm52995,0.0
Gm19034,-0.192
AC161374.1,0.0
Gm53003,0.0
Gm18276,0.0
Gm53004,0.0
AC154573.1,-0.199
Gm41109,0.0
Gm53005,0.0
Gm47907,-0.543
Gm47909,0.0
Mir3075,0.0
1700054O19Rik,-0.182
Gm27185,0.0
Gm19013,0.0
Gm18578,0.0
Crb1-ps,0.0
Gm24031,0.0
Gm2178,0.079
Gm18215,0.0
Gm7565,-0.974
Mir7672,0.0
Gm41115,0.0
Gm7591,-0.401
Gm49616,-0.545
Gm25697,0.0
Gm7604,0.0
Gm18398,0.514
Gm20242,1.238
Gm18079,0.0
Gm6043,0.327
Gm48005,0.0
AC154262.1,0.0
Gm7633,0.0
Mir6947,0.0
Gm18760,-0.832
Gm50467,-0.175
Gm47570,-0.228
Gm18072,-0.139
Gm47576,0.0
Gm7621,1.143
Gm18681,0.0
Mir3076,0.0
Gm15667,-0.085
Snord69,0.0
Gm24916,0.0
Snord19,0.0
Gm49094,0.0
Gm5459,0.0
Gm49252,-0.528
Gm49270,-0.706
Gm49387,0.0
Gm49308,-0.872
Gm49309,-1.084
Gm22876,0.0
AC154846.2,0.0
Gm49084,0.0
AC154846.1,0.0
Gm18909,0.0
Gm23946,-0.283
Gm49196,0.252
Gm7707,0.393
Gm49743,-0.077
Gm7734,0.0
Gm49029,0.0
Gm25498,0.0
Gm6340,0.0
Gm49037,0.0
Gm46448,0.221
Gm26228,0.0
Gm49129,0.0
Gm24998,0.0
Gm7778,0.0
Rpl23a-ps3,-0.093
Gm18884,0.0
Gm49168,0.0
Gm18813,0.0
Gm49203,0.0
Gm49202,0.0
Gm3219,-0.32
Gm48953,0.0
Mir346,0.0
Gm49034,0.0
Gm19016,0.031
Gm49039,0.0
Gm49040,0.0
Gm46474,0.0
Gm19129,0.0
Gm7853,0.0
Gm48663,0.0
Gm24394,0.0
Gm17940,0.0
Gm25204,0.0
Gm47885,0.0
Gm18834,0.34
Gm22469,0.0
Gm23909,0.0
Gm47971,0.0
Gm5203,-0.065
Gm5204,0.0
Gm47974,0.0
Gm18523,0.0
Gm35389,0.0
Eif1-ps1,-1.392
Gm4817,0.0
Gm48028,0.0
CU062626.1,0.0
Gm2791,0.0
Gm5205,0.0
Gm48040,-0.198
Gm7920,0.0
Gm47114,0.0
Gm7925,0.0
AC124400.1,0.0
Gm9671,0.0
Gm2855,0.0
Gm7953,0.0
Gm2878,0.0
Gm6490,0.0
Gm17061,0.0
Gm17159,0.0
Gm3077,0.0
Gm8065,0.0
Gm17062,0.0
Gm9890,0.0
Gm17063,0.0
Gm2930,0.0
Gm7991,0.0
1700091H14Rik,0.0
Gm17064,0.0
Gm17166,0.0
Gm17165,0.0
Gm17038,0.0
Gm17164,0.0
Gm2951,0.0
Gm2959,0.0
Gm49360,0.0
Gm2966,0.0
Gm48134,0.0
Gm8032,0.0
Gm17204,0.0
Gm17162,0.0
Gm5929,0.0
Gm3008,0.0
Gm17161,0.0
Gm3025,0.0
Gm7152,0.0
Gm48217,-0.359
Gm3102,0.0
Gm3111,0.0
Gm6536,-0.023
Gm3123,0.0
Gm49873,0.0
Cdv3-ps,-0.862
Gm8114,0.0
Gm3141,0.0
Gm49141,-0.262
Gm7316,0.0
Gm49146,0.604
Gm17153,0.0
Gm17155,0.0
Gm17154,0.0
Gm9597,-0.822
Gm49315,0.0
Gm49072,0.0
Gm21162,0.0
Gm3216,0.0
Gm3221,0.0
Gm8046,0.103
Gm8161,0.0
Gm9672,0.0
Gm17208,0.0
Gm49078,0.0
Gm49080,0.0
Gm9587,0.0
Gm49082,0.0
Gm49081,0.0
Ear-ps12,0.0
Ang-ps2,0.0
Ear-ps9,0.0
Ear-ps8,0.0
Ang-ps3,0.0
Gm9550,0.0
Ear-ps7,0.0
Ear-ps10,0.0
Gm8194,0.0
Ear-ps2,0.0
Ang-ps1,0.0
Gm16545,0.0
Gm49102,-0.033
Gm49103,0.0
Gm18216,0.0
Gm8207,0.0
Gm49104,0.0
Gm49110,0.0
Gm6532,-0.269
Gm49111,0.0
Gm49109,0.0
Gm8224,0.0
Gm3370,0.0
Gm21991,0.0
Gm17184,-0.038
Gm17183,0.0
Gm16439,0.571
Gm8256,0.0
Gm9593,0.0
Gm21754,0.0
Gm6541,0.0
Gm49142,0.0
Gm17187,0.0
Gm49143,0.0
Gm17070,0.0
Gm34198,0.0
Gm16976,-0.156
Gm18524,0.0
Gm49148,0.0
Gm49147,0.0
Mir327,0.0
Gm49364,-0.049
Gm21010,0.0
Gm49181,0.0
Gm49183,0.0
Gm49184,-0.219
Gm15765,0.0
Ero1a,0.072
9630050E16Rik,-0.747
Gm5206,-0.174
Gm49125,-0.857
Mir5131,0.0
Gm7206,0.0
Gm15516,0.0
Gm8317,-0.31
Gm15220,0.0
Gm46475,0.0
Gm6580,0.0
Gm37257,0.0
Ubb-ps,0.199
Gm49319,0.613
Gm18761,0.0
Gm48939,-0.573
Gm48958,-0.916
Mir378c,0.0
Gm49132,-0.388
AC159006.1,0.0
Gm49134,-0.299
Gm18811,-2.009
Gm49136,0.0
Gm49137,-1.122
Gm49149,-0.063
Gm24378,-0.315
Gm9502,0.783
Gm49190,-0.477
AC123665.1,0.0
Gm8353,0.0
Gm48986,-1.653
Gm6616,0.0
Gm6055,0.031
9530086P17Rik,-0.13
Gm49310,-0.643
Gm49307,-2.455
Gm6498,0.0
Gm18962,0.0
Gm3534,0.092
Gm49096,-0.179
Gm49154,0.0
Gm48909,-0.653
AC166574.1,0.0
Gm49153,0.7
Gm22699,0.0
Gm49152,0.0
Gm46453,0.0
Gm49155,0.0
Gm23470,0.193
Gm49204,-1.741
Rpl19-ps3,-0.322
Gm48936,0.058
Gm22116,0.0
Gm16082,0.133
Gm48950,0.204
Gm48948,-0.258
Gm8417,0.0
Gm49133,0.0
Gm37194,-1.431
Olfr737-ps1,0.0
Gm19109,0.0
Gm45192,0.0
Gm18762,0.0
AC140280.1,0.0
Gm10916,-2.136
Gm48938,0.0
Rpph1,-0.176
Gm49342,0.0
Gm38316,-0.663
Gm8518,0.0
Gm49038,0.0
Ear-ps1,0.0
Gm49245,0.0
Gm7106,0.0
Gm7107,-0.189
Gm16289,0.0
Vmn2r-ps110,-0.336
Vmn2r-ps111,0.0
Gm16290,0.0
Gm19156,0.0
Gm19157,0.0
Gm19158,0.0
Gm17186,0.0
Gm49261,0.0
Ear-ps3,0.0
Ear-ps4,0.0
Gm6047,0.0
Ear-ps5,0.0
Gm22354,0.0
Gm8586,-0.986
Gm49258,-0.419
Snord8,-0.336
Gm43766,-0.882
Gm23758,0.0
Gm26328,0.0
Gm4742,0.0
Gm37504,0.0
Gm43250,0.0
Gm43512,1.244
Gm36382,0.0
Gm36448,0.0
Gm42988,0.0
Gm5408,0.0
Gm6740,-0.172
Rps19-ps2,0.299
Gm8704,0.0
Gm43104,-0.245
Trav7d-6,0.0
Gm6755,0.0
Rps19-ps1,-0.157
Gm3922,0.0
Gm18711,0.0
Gm43551,0.0
Gm43550,0.0
Trav13-5,-1.622
Gm43304,0.0
Gm3945,-0.172
5430430K15Rik,-0.374
AC164433.1,0.0
Rnu6-ps1,0.0
Mir686,0.0
Mir6948,0.0
Gm17772,0.0
Gm8865,1.011
Gm20521,0.0
Mir208a,0.0
Mir208b,0.0
Gm10364,0.241
Gm20687,0.0
Gm49020,-0.303
Gm23596,0.0
Gm46455,0.0
Gm49021,0.0
Gm6852,0.0
Gm49023,0.0
Gm8894,-0.198
Gm49117,0.0
Gm49378,0.0
Gm49299,0.0
Gm25887,0.0
Mcpt-ps1,0.131
Gm48927,0.0
Gm48934,0.0
Gm5801,-0.366
Mir6949,0.0
AC091783.2,0.0
Gm9547,0.0
AC091783.1,0.0
Gm8961,0.0
Gm8963,0.0
AC091783.3,0.0
Gm24118,0.0
Gm4819,-0.004
Gm48200,0.0
Gm24392,0.0
Btf3-ps18,0.444
Gm4479,-0.386
Gm48906,0.0
Gm22498,0.0
Gm22218,0.0
Gm8983,-0.782
Gm48725,0.0
Gm8996,0.0
Gm23593,0.0
Gm8971,-0.479
Gm29717,0.132
Gm15836,0.0
Gm49361,0.0
Gm26440,-0.118
Gm20430,-0.141
Mir3077,0.0
Gm22738,-0.433
Gm9012,-0.095
Gm17109,0.0
Gm18080,0.0
Gm25614,0.0
Gm9022,0.0
Rpl13-ps3,-0.466
Phf11,0.0
Gm16301,-0.785
Gm18073,-1.036
Gm19716,-0.543
Gm9013,-1.381
Gm6913,0.0
Gm16261,-0.226
Nupl1,-0.394
Gm47694,-0.419
Mir719,-0.141
Gm6066,-0.004
Gm47810,0.0
Gm19097,-0.126
Gm5461,0.0
Gm49298,-0.334
Rps12-ps2,-0.15
Vmn1r-ps136,-0.755
Gm4118,0.125
Mir16-1,0.0
Mir15a,0.0
Gm37420,-2.339
Gm37472,-2.363
Gm37820,0.737
Gm47952,0.0
Gm47953,0.0
Gm6076,0.0
Gm24625,0.0
Gm5802,0.117
Gm35595,0.0
AC154516.1,0.0
Gm25162,0.0
Gm18146,-0.251
Gm47505,0.0
Mir8098,0.0
Mir6541,-0.099
Gm21021,0.0
Gm19198,0.0
Gm17941,0.0
Gm23629,0.0
mmu-mir-12185,0.0
Gm21430,0.0
Gm47074,0.0
Mir598,0.0
Mir124a-1,0.0
Mir3078,0.0
Gm26225,0.249
Gm37183,0.027
Gm20111,0.0
Gm4573,-0.164
Gm48299,0.0
Gm9086,-0.332
Gm19222,0.0
Gm10233,0.0
AC120425.1,0.0
Gm9130,0.535
4930578I07Rik,0.0
Gm9570,0.152
Gm24258,0.0
Gm24981,0.0
Gm47010,0.0
Mir6539,0.0
Gm19216,0.0
Gm22319,0.0
Gm46476,0.0
Gm47256,0.04
Rps2-ps5,-1.02
Gm37762,-0.258
Gm20236,0.0
Gm31748,0.0
Gm21451,0.0
Gm38378,0.0
Gm37094,0.0
Gm37847,0.0
Gm37513,0.0
Mir6950,0.0
Gm17740,0.0
Gm49288,-0.056
Gm4240,-0.455
Gm9174,0.0
Gm22725,0.0
Gm24890,-0.379
Mir320,0.0
Gm49244,-0.227
Gm37455,0.0
Gm9192,0.0
Gm23735,0.0
Gm49290,0.0
Mlnr-ps,-0.128
Gm4606,0.106
Gm49295,0.0
Gm9198,0.0
Mir687,0.0
Gm49131,0.0
Gm4266,0.0
AC131029.1,0.0
Gm16409,-0.123
Gm18683,-0.188
Cbx3-ps6,-0.148
Gm49170,0.808
Gm6986,0.0
Gm49174,0.0
Gm9212,-0.126
AC146617.1,0.0
Gm18147,0.0
Cby2,0.0
Gm23622,0.0
Gm48931,0.0
Snora31,-1.317
Gm25517,0.448
Rps2-ps6,-0.509
Fkbp1a-ps1,0.0
Gm4291,0.0
Gm10132,0.425
Gm49001,0.667
Gm48955,0.0
Mir1971,0.0
Gm48959,0.0
Gm4821,0.834
Gm48998,0.936
Gm26251,0.0
Gm18368,-0.202
Gm49009,0.0
Gm30584,-0.136
Gm19098,-0.161
Gm6997,-0.57
Gm49011,0.0
Gm30970,0.217
Gm49028,0.0
Mir759,0.0
Gm18605,0.0
Gm17923,0.0
Gm9578,0.0
Gm49043,0.0
Gm19120,0.0
Gm49044,0.0
Gm49045,0.0
Cyp2c73-ps,0.0
Gm19311,0.0
Gm18525,0.0
Gm19050,0.0
Gm49047,0.0
Gm49049,0.0
Gm49050,0.0
Gm49051,0.0
Gm24774,0.0
Gm49052,0.0
Gm49053,0.0
Gm49055,0.0
Gm49056,0.0
Gm29800,0.0
Gm49057,0.0
Gm7004,-0.621
Gm9264,0.0
Gm49059,0.0
Gm49060,0.0
Gm49061,0.0
Gm49062,0.0
Gm49063,0.0
Gm23926,0.0
Gm4350,0.0
Gm25115,0.0
Gm49157,0.0
Gm49158,0.0
Gm49159,-0.996
Gm49193,0.0
Gm37002,0.0
Gm23278,0.0
Gm49199,-0.309
Gm33121,0.0
Gm49197,-0.23
Gm48922,0.0
CT573046.1,0.0
Gm18812,0.0
Gm4355,0.0
Rps3a2,-1.363
Gm9274,0.0
Gm48929,0.0
Gm9275,0.0
Gm48930,0.0
Gm36946,0.0
Gm17882,0.0
Gm25886,0.0
Gm25415,0.0
Gm10110,0.416
AC159103.1,0.0
Gm25495,0.0
Gm18082,0.0
Gm23225,0.0
Gm7272,0.0
Gm48943,0.0
Gm48944,0.0
Gm24127,0.0
Gm37341,0.0
Gm7232,0.0
Gm48962,0.0
Gm48963,0.0
Gm23509,0.0
Gm9247,0.296
Gm17922,0.186
Gm48964,0.593
Gm48967,0.032
C230086J09Rik,-0.191
Gm48981,0.0
Gm48982,0.0
Gm23324,0.0
Gm48983,0.0
Gm18074,0.0
Gm24680,0.0
Gm9721,0.0
Gm48989,0.0
Gm48990,0.0
Gm48991,0.0
Gm48994,0.0
Gm5207,0.0
Gm48995,0.0
Gm18885,0.0
Gm19099,0.0
Gm15515,0.0
Gm24043,0.0
Gm25133,0.0
Gm49006,0.0
Gnb1-ps2,0.0
Gm18926,0.0
Gm24770,0.0
Gm9287,0.0
Gm23276,0.0
Gm9290,-0.563
Gm25831,0.0
Gm16331,0.0
Gm26006,0.0
AC122309.1,0.0
Gm46477,0.0
Gm49017,0.092
AC140208.1,0.0
AC156936.1,0.0
Gm27034,0.0
Gm18148,-0.462
Gm49026,-0.485
Gm4412,0.0
Gm22984,0.0
Gm25130,0.0
Gm49218,-0.112
Gm49219,0.0
Gm49220,0.0
Gm9298,0.259
Gm37093,0.0
Gm22970,0.0
Gm5958,0.0
Gm16260,0.0
CT009489.1,0.0
Gm9302,0.0
Gm24345,0.0
Gm49238,-0.105
Gm23538,0.0
Gm49239,0.0
Hspd1-ps5,0.0
Gm34417,-0.19
Gm18075,0.0
Gm49269,0.0
AC154477.1,0.0
Gm5854,-2.027
AC074211.1,0.0
Mir5130,0.0
Rpl17-ps7,-0.839
Gm4654,0.064
Gm37910,0.0
AC129299.1,0.0
Obi1,-0.0
Gm49205,0.0
Gm22021,0.0
Gm25724,0.0
Gm24280,0.0
Gm5671,0.0
Gm48937,0.0
Gm6201,-0.084
AC141878.1,0.0
Gm24207,-0.161
Gm16259,-1.094
Mir6390,0.0
Frg2f4,0.0
Gm4775,0.0
Gm48971,0.0
Gm23459,0.0
Gm48973,0.0
Gm48974,0.0
Gm17366,0.0
Gm23437,0.0
Gm9334,0.0
Gm19146,0.0
Gm9335,0.0
Gm48976,0.0
Gm24229,0.0
Rpl27a-ps2,-0.032
Gm18977,0.0
Gm7313,0.0
Gm25901,0.0
AC170600.1,0.0
Gm48980,0.0
Gm17932,0.0
AC102603.1,0.0
Gm26255,0.0
Gm48987,0.0
Gm9348,0.0
Gm48988,0.088
Gm48993,0.085
Gm18580,-0.056
Gm53007,-0.01
Gm53008,1.016
Gm48999,0.0
Gm22764,0.0
Gm49000,0.0
Gm20127,0.0
Gm4822,0.0
Gm19223,0.0
Gm4486,0.0
Gm49005,0.0
Gm4487,0.0
Gm5209,0.0
Gm18369,0.0
Gm19829,-0.096
Gm37495,0.0
Mir17,0.0
Mir18,0.0
Mir19a,0.0
Mir20a,0.0
Mir19b-1,0.0
Mir92-1,0.0
Gm18367,0.0
Gm38045,0.0
Mir6239,0.0
Mir6241,0.0
Gm23669,0.0
Gm5672,0.0
Gm49033,0.0
Gm23302,0.0
Mir6391,0.0
Gm22379,0.0
Gm6087,0.0
Gm6212,-0.249
Gm48985,-0.143
Gm20167,0.0
Rpl19-ps5,-0.062
AC125405.1,0.0
Gm18076,0.0
Gm9391,-0.097
Gm49031,0.0
Gm4529,0.131
Gm9395,0.0
Gm6254,-0.592
Gm17082,-1.389
AC154683.1,0.0
Gm9399,0.0
Gm18143,0.0
Gm49259,0.0
Gm49260,-0.57
AC158532.1,0.0
Gm49294,0.0
Gm49297,0.697
Btf3-ps4,-0.045
Gm25272,0.0
Gm15422,1.041
Gm49070,-0.04
Gm49071,-0.124
Olfr277-ps1,0.317
Gm49069,1.568
Gm9614,0.0
Gm49222,0.0
Gm49232,0.0
Gm7962,-0.094
Gm22031,0.0
Gm4823,0.0
Gm17873,-0.085
Gm49286,-0.157
Gm49301,0.0
Gm49073,0.0
Gm49074,0.0
Gm16374,-0.342
Gm25652,0.0
Gm16077,0.0
Snord72,-0.738
Gm10250,0.04
Gm15937,-0.951
Gm49093,0.0
Gm2157,-0.114
Gm2150,0.0
Gm46496,-0.317
5430437J10Rik,-0.664
Gm18715,-0.056
Gm8043,0.0
Gm49095,0.0
Gm8047,0.0
AC099884.1,0.0
Gm18888,0.0
Gm7666,-0.057
Gm38282,0.0
Gm16030,0.0
Gm49206,0.0
Gm37743,0.0
Gm19227,0.0
Rpl19-ps6,-0.301
Gm24144,-0.176
Gm2348,0.0
Gm49250,0.0
Gm37310,-1.073
Gm5043,0.0
Gm5210,0.0
Gm8139,0.0
Gm5219,0.0
Gm50456,0.0
Gm21973,0.0
Gm17044,-0.091
Gm8174,-0.707
Gm29742,0.0
Gm49068,0.0
Gm24844,0.0
Gm2559,0.0
Mir1898,0.0
Gm2573,0.0
Gm2581,-0.394
Gm46497,0.0
Gm2606,0.0
F830212C03Rik,0.0
Gm49276,0.0
Gm17756,-0.118
Gm49277,0.0
Gm49100,1.027
Gm8238,-0.606
Gm4940,0.0
Gm49112,0.0
Gm18714,0.0
Gm49114,0.0
Gm49115,0.0
Gm9630,0.0
Gm49118,0.0
Gm49119,0.0
Gm25550,0.0
Gm49122,0.0
Gm29753,0.0
Gm6479,0.0
Gm2611,0.0
AC127413.1,0.0
Gm2638,0.0
Gm18532,0.0
AC118250.1,0.0
Gm8318,0.136
Gm49138,0.0
Gm49139,0.0
Gm49140,0.0
Gm8328,-0.156
Gm18533,0.0
Gm49161,0.0
Gm8341,-0.192
Gm18741,0.0
Polr2d-ps1,0.0
Gm49176,0.0
Gm25976,0.0
Gm37815,0.0
Gm19207,0.0
Gm49177,0.0
Gm49178,0.0
Gm49182,0.637
Gm25711,0.0
Gm19371,0.0
AC116657.1,0.0
Gm38234,0.0
Gm49187,-0.094
Hnrnpa1l2-ps2,0.0
Gm19840,-0.062
AC157478.1,0.0
Gm6533,-0.222
Gm48915,0.0
Gm23980,0.0
Gm48916,0.0
Gm18582,0.0
Gm48918,0.0
Gm48919,0.0
Gm8408,0.0
Gm36147,0.0
4930540I17Rik,0.0
AC131068.1,0.0
Gm48920,0.0
Gm48921,0.0
Gm2803,0.0
Gm22810,0.0
5830426I08Rik,-0.27
Gm38341,0.0
Gm48996,-0.503
Gm2862,-0.874
Gm4824,-0.525
Mir7212,0.0
AC116390.1,0.0
Marchf11,0.634
9430068D22Rik,-0.741
Gm49265,-1.654
Gm49268,-0.233
Gm6330,-0.808
Gm49266,-0.735
Gm6576,-0.449
Gm23903,0.0
Gm19111,0.0
Tiaf2,0.205
B230362B09Rik,-0.264
Mir7117,0.0
Gm46506,-0.144
Gm9891,-0.544
Gm20555,-1.036
Gm19883,-0.591
Gm8472,0.723
Gm49234,0.0
Gm49278,0.0
Gm49279,0.0
Gm8484,0.0
Gm49280,0.0
Mir3964,0.0
Gm23033,0.0
Gm49281,0.0
Gm24554,0.0
Gm23327,0.0
Gm5212,0.0
Gm26163,0.0
Gm49283,0.614
AC123531.1,0.0
Gm26416,0.0
Fam136b-ps,0.0
Gm49296,0.923
Gm49300,0.0
Gm6361,0.0
Marchf6,0.382
Gm49214,-0.313
Gm49215,-0.758
Gm49284,0.411
Gm46522,0.0
Gm18003,0.0
Gm49285,0.0
Snord123,0.0
1700084J12Rik,0.362
Gm49088,0.0
Gm49089,-0.285
Gm9643,0.0
Gm49091,0.0
9930017N22Rik,-0.756
Gm18949,-0.262
Gm24523,0.0
D730044K07Rik,-0.317
Gm49188,-0.036
Gm49195,0.219
Gm22208,-0.211
Gm48932,-0.529
4921515G04Rik,0.539
AC166356.1,-0.173
Gm24771,0.0
Gm48966,0.141
Gm7968,0.242
Mir599,0.0
Mir875,0.0
Gm18994,0.019
9130002K18Rik,0.287
Gm48965,0.745
Gm48961,-0.269
Gm18889,-0.106
Gm22979,0.0
Gm23754,0.0
Mir8097,0.0
Gm9501,0.0
Rpl7a-ps3,0.0
Gm49246,0.048
Gm6704,-0.329
Gm9509,0.0
Gm8664,0.0
Gm16138,-0.396
Gm8668,0.0
Gm49397,-0.178
Gm3267,0.0
Gm49311,0.672
Gm24833,0.0
Rps19-ps5,0.677
Gm3362,-0.384
Gm22353,-0.423
Gm5213,-0.207
Gm8705,-0.198
Gm49314,-0.072
Mir6951,-0.302
Gm29697,0.0
Gm49090,0.0
Siah1-ps2,0.0
Gm4740,-0.106
Gm24789,0.0
Gm49105,0.0
Gm9522,-0.316
Gm49253,0.0
Gm49254,-0.532
Gm49255,0.0
Gm7382,0.0
Gm49525,1.194
Gm49526,0.26
Gm49524,0.633
4930555K19Rik,0.0
Gm49529,0.0
Gm5469,-0.055
Gm24751,0.0
Gm5470,-0.106
Gm49438,-0.694
Gm49440,0.0
Gm18531,0.0
AC158129.1,0.0
Gm18092,0.0
Gm49453,0.0
Gm9658,0.088
Gm2140,0.453
Gm7459,1.508
Gm19235,0.0
Gm24903,0.0
Gm25093,0.0
AC127312.1,0.0
A930017M01Rik,0.43
Gm23343,0.0
Gm18153,0.0
Gm5471,0.0
AC099642.1,0.0
Gm53014,0.0
Gm2203,0.0
Gm5472,0.0
Gm26063,0.0
Gm49075,0.0
Gm49079,0.0
Gm38541,0.0
Gm23665,0.0
Gm7508,0.0
Gm2267,0.0
Gm16300,-0.309
Gm23530,0.0
Gm25007,0.0
Gm7517,0.0
Gm49185,0.0
Gm23185,0.0
Gm2333,0.0
Gm23848,0.0
Gm49186,0.0
Mir1907,0.0
Gm2361,0.0
Gm48926,0.0
Gm19236,-0.293
Gm2387,-0.65
Gm7543,0.0
Rpl15-ps6,-0.342
Gm23545,0.0
AC155314.1,0.0
Gm27926,0.0
Gm23200,0.0
Mir28c,0.0
Gm26933,0.0
Gm7566,0.0
Gm5215,0.0
Gm18152,0.0
Gm20070,0.0
Gm7577,0.0
AC123644.1,0.0
Gm49036,0.0
AC124659.1,0.0
Gm18787,-1.648
Gm10370,0.0
Gm7595,0.0
Gm49210,0.0
Hba-ps3,0.0
Gm49213,0.0
Gm5673,-0.225
Gm26151,0.0
AC161480.1,0.0
Gm49229,0.0
Gm18094,0.0
Gm49235,0.0
Gm22299,-0.935
Gm23475,0.0
Gm22488,0.0
Gm24041,0.0
Ube2d4,0.0
Gm49356,0.0
Rpl7-ps8,-0.119
Gm7691,0.321
Zfp572,0.0
Gm20150,-0.237
Gm7708,0.0
Gm7083,0.0
Gm7713,0.0
Gm25875,0.0
Gm46507,0.0
Gm4774,0.0
Gm17892,0.0
Gm6392,-0.058
Gm23835,0.0
Gm7086,0.0
Gm48947,0.0
Gm48951,0.0
Gm24696,0.0
Gm18154,0.0
Gm37947,0.0
Macroh2a3,0.0
Gm22521,0.0
Tsg101-ps,0.518
Gm49013,0.0
AC119177.1,0.0
Gm4942,0.0
Gm5473,0.0
Gm46499,0.0
1700065I16Rik,0.0
Gsdmcl1,0.0
Gsdmcl2,-0.25
Gsdmcl-ps,0.0
Cyrib,-0.201
Gm25628,0.0
Gm10926,-0.049
Gm5046,0.0
Gm49241,0.051
Gm7814,0.0
Gm49242,0.0
Gm49243,0.0
Gm23907,0.0
Gm2991,-0.519
Gm19077,0.0
Gm49408,0.0
Gm49409,0.0
Gm10240,0.0
Gm37320,-0.722
Mir30b,0.0
Gm37296,-0.843
Mir30d,0.0
Gm49414,0.0
AC125541.1,0.0
Gm7859,-0.396
Gm18930,0.0
4930573C08Rik,0.0
Gm24232,0.0
Gm23987,0.0
Gm5216,0.0
Gm18155,-0.39
Gm49430,0.0
Gm19199,-0.186
Gm5217,0.0
Gm22519,0.0
Gm2999,0.092
AC100400.1,0.0
AC161195.2,0.0
AC161195.1,0.0
Gm28020,0.0
Gm49459,-0.237
Gm3150,-0.414
Mir151,0.0
Gm24787,0.0
Gm7908,-0.005
Gm10362,-0.604
Gm19811,0.0
Gm22106,0.0
Ndufb4c,0.194
Gm7935,-0.633
Gm15387,0.0
Gm53029,0.0
Gm28976,0.0
Gm6610,0.0
Gm29126,0.0
Gm8000,-1.58
Gm37042,-0.448
Gm28069,0.0
Gm5960,0.0
Ly6a2,-0.385
Gm28117,0.0
Gm10238,0.0
Gm28115,0.0
Gm28116,0.0
Gm3454,0.0
Gm28113,0.0
Gm29517,0.0
Gm28114,0.0
Gm3142,0.0
9030619P08Rik,0.0
Gm34531,0.0
Gm34593,0.0
Gm34646,0.0
2810039B14Rik,0.34
Gm23747,0.0
Gm9568,0.0
Gfus,0.137
Eif2s3x-ps1,-0.243
Mir6952,0.0
AC110211.1,-0.756
Gm19945,0.0
Mir1942,0.0
Mir6953,0.0
Mir3079,0.0
Rps6-ps1,0.01
Mir6954,0.0
Gm49550,0.143
Gm49413,-0.94
5730521K06Rik,0.223
Gm17271,-0.236
Gm18283,0.376
AL603843.1,0.0
4833412C15Rik,0.009
Gm49411,-0.53
Gm24056,0.0
Gm49436,0.0
Gm3787,0.442
Gm6506,0.0
Gm49551,0.0
Gm8221,-0.04
Apol10c-ps,0.0
Gm49407,0.0
Gm8233,0.0
Gm18911,-0.74
Gm49410,-0.114
Gm22107,-3.168
mmu-mir-7676-1,0.0
Gm26329,0.0
Gm6723,-0.197
Gm7318,0.0
Mir6955,0.0
Gm49510,0.0
Mir6956,0.0
Gm49471,-0.294
Gm25072,0.0
Gm49486,0.083
Lgals1-ps2,0.0
Mir1943,0.0
Gm49593,-0.148
Gm49552,0.0
Gm49520,-0.09
Npcd,0.0
Gm49412,-0.137
D730005E14Rik,-2.411
Mir7213,0.0
Snord83b,0.0
AC161199.1,0.0
Snord43,0.0
Gm24204,0.106
4930588D02Rik,0.0
Gm8375,0.0
Gm23220,0.0
Gm19141,0.092
Gm49553,-3.7
Mir6957,0.0
Mir5113,0.0
Gm6612,-0.969
Gm25131,-0.22
Gm49522,-0.492
Gm49537,0.0
Gm49406,-0.321
Gm5218,-0.427
1110025M09Rik,-0.119
Gm22067,-0.606
Gm49444,0.0
Gm18284,-0.596
Gm8444,-0.907
Cyp2d67-ps,-0.398
Gm5805,-1.372
Ndufb11b,-0.551
Gm49487,0.0
Gm49488,0.0
Gm49489,0.0
Gm49502,-0.746
Mir33,0.0
Septin3,0.526
n-R5s41,0.0
mmu-mir-7684,0.0
Gm19267,0.0
Gm46501,0.0
Gm49421,0.0
Gm49419,0.0
Cyp2d32-ps,0.0
Gm27825,0.0
Tdg-ps,0.66
Gm46525,0.0
Gm46524,-0.263
Gm28023,0.0
Cyp2d33-ps,0.0
Gm49429,0.0
Cyp2d34-ps,0.0
Cyp2d13,0.0
Cyp2d35-ps,0.0
Cyp2d36-ps,0.0
Cyp2d37-ps,0.0
Cyp2d38-ps,0.0
Cyp2d39-ps,0.0
Gm49433,0.0
Cyp2d41-ps,0.0
Gm49435,0.028
Mir3080,0.0
Rnu12,0.961
Gm32886,0.0
mmu-mir-12186,0.0
Gm5417,-0.259
Gm46495,0.0
Rpl31-ps22,0.0
Mir6392,-0.063
Gm49513,-0.353
Gm20369,0.0
Gm22890,0.0
Gm5214,0.0
Gm4217,0.051
Mir1249,0.0
Gm6847,-0.324
Gm49523,0.0
Gm10923,-0.064
Gm23517,0.372
Gm4825,-0.025
Mirlet7c-2,0.0
Mirlet7b,0.0
Gm22818,0.0
Gm49465,0.0
Gm49467,0.0
Mir6393,0.0
AC117700.1,0.0
Gm8702,0.076
Gm23737,0.0
Mir7118,0.0
Mir6958,0.0
Mir6959,0.0
Tymp,0.0
Gm44502,0.0
Gm41381,-0.449
Gm18476,0.0
AC119932.1,0.0
Mir7648,0.0
Gm6746,-0.402
Gm49541,0.0
Gm3861,-0.078
Rpl31-ps8,1.6
Tcea1-ps1,-0.555
Spn-ps,-0.244
Gm49545,-0.746
Gm18814,0.0
Gm7167,-0.146
Gm15383,0.283
Gm15381,1.39
Gm15382,-0.379
FQ976815.1,-0.331
Gm18979,0.0
Gm3888,0.875
Gm18815,0.0
Gm18685,0.0
Gm4335,-1.039
Gm26371,0.0
Zfp42-ps1,0.0
AC147160.1,0.0
Gm23129,0.0
Gm24668,0.0
Gm8843,0.0
Gm8849,0.0
Gm22045,0.0
Gm38144,0.757
Gm8888,-0.185
Rpl10a-ps3,-0.392
Gm4383,0.0
Gm49506,0.0
Gm25668,-0.301
Gm44579,0.0
H1f7,0.0
Gm49443,0.0
1700031M16Rik,0.0
Gm6979,0.0
AC138221.1,-0.517
Olfr278-ps1,0.0
Mir1291,-0.287
Snora2b,0.0
Tex49,-0.388
Gm49437,0.0
Gm49450,0.0
Gm49449,0.034
Gm8973,-0.093
Mir6960,0.0
Gm25183,0.0
Gm49458,0.0
Gm25999,0.0
Gm49478,-0.163
AC118646.1,-0.388
Gm49483,-0.243
Gm49485,0.0
Gm5808,0.0
Gm17241,-1.645
Gm25897,0.0
Gm4468,-1.143
Gm18095,-0.225
Gm18890,-0.702
Uqcrh-ps1,0.528
Gm49495,-0.387
Gm20564,0.0
Gm49474,-0.537
Gm33666,0.0
Methig1,0.493
Mir6961,0.0
Tmdd1,0.29
Mir6962,0.0
Tamalin,-0.741
Gm49499,0.049
Mir1941,0.0
Gm49500,0.0
Gm49423,0.0
Gm49424,0.0
Gm5476,0.0
Gm5477,0.0
Gm49426,0.0
Gm17851,0.0
Gm53017,0.0
Krt74,0.0
Gm49434,0.0
Gm49480,-0.228
mmu-mir-12187,0.0
Gm24128,0.0
Gm28047,0.0
Gm25141,-0.127
Rpl39-ps,-0.068
Mir688,0.0
Gm49473,0.0
Mir196a-2,0.0
Mir615,0.0
5730585A16Rik,-0.486
Mir148b,0.0
Mir6963,0.0
Gm37322,0.0
Gm9108,0.0
Gm49273,0.0
Gm49274,0.0
Gm49275,0.0
Gm49491,0.0
Gm21178,-0.264
Gm3749,0.0
Gm4111,0.0
Gm49505,0.0
Gm49508,-0.093
Gm49509,0.0
Gm4116,0.0
Gm22598,0.0
Olfr162-ps1,0.0
Olfr163-ps1,0.0
Gm52946,0.0
Tdgf1-ps1,0.0
AC139347.2,0.0
AC139347.1,-0.779
Gm20695,0.0
1700016D08Rik,0.0
Gm15538,0.101
Gm15539,-1.177
AC129021.1,-0.21
Gm49547,-0.129
Gm37186,-2.856
Gm5766,-0.813
AC132575.1,-0.536
Gm6142,-0.546
Gm15885,0.0
4930451G09Rik,0.663
Septin12,0.639
Gm23483,0.0
Mir6364,0.0
AC124576.1,0.0
Gm49533,0.0
Gm49535,0.0
Gm26159,0.0
Gm24579,0.0
Gm23706,0.0
Gm7541,0.953
Gm49549,0.0
Gm25805,-0.359
Gm10247,-0.479
Gm49447,0.0
Gm18722,-0.438
Gm7572,0.0
Gm3890,0.0
Gm24667,0.0
Gm49456,0.0
Gm10343,-0.594
Gm49960,-0.999
Gm3919,0.0
Gm18724,0.422
Gm24145,-1.349
Gm7638,-0.072
Gm6305,0.0
Mir1945,0.0
Gm15897,-0.076
Gm19571,-0.391
C87114,0.0
Gm6327,0.0
Gm6332,0.0
Mir193b,0.0
Mir365-1,0.0
Gm53058,-0.108
Mir6365,0.0
Gm25276,0.0
A930007A09Rik,0.985
Gm15950,-0.137
Gm15806,0.0
Gm15807,-0.161
Gm15808,-0.22
Mir484,-0.755
Cep20,0.039
Gm49517,0.0
Gm23116,0.0
Gm49528,0.0
Gm1758,0.0
Gm49530,0.0
AC169385.1,0.0
Gm49536,0.0
Gm7731,0.0
Gm5404,0.0
Gm6031,0.0
Gm7085,0.0
Gm49538,-1.523
Gm7748,0.0
Gm49511,0.0
Gm20082,0.006
Gm18334,-0.104
Gm5481,-0.041
Gm7765,0.0
Gm18869,0.0
Gm53024,0.0
Gm16139,-0.394
Gm44932,0.0
Rpl31-ps12,-0.925
Gm49644,0.0
Gm5768,0.0
Gm46540,-0.085
Gm6438,0.0
Gm9974,-1.119
Mir130b,0.0
Mir301b,0.0
Gm6440,0.505
AC154667.1,0.092
Gm49573,0.0
Gm24927,-0.731
Gm18335,-0.815
Gm49684,0.0
Rpl26-ps4,0.0
Gm49683,-1.393
Gm6048,0.0
Bod1-ps,0.0
Zfp520-ps,-0.134
Gm20518,0.066
AA914427,-0.983
Mir6366,0.0
Gm25777,-0.26
Gm49776,0.0
Mir1306,0.0
Gm24572,0.0
Mir185,0.0
AC084822.1,0.382
Gm49588,0.868
Gm49601,1.09
Septin5,0.499
Rps2-ps7,-0.307
Gm28539,0.0
Gm15799,-0.209
Gm15798,-0.373
Gm18747,0.0
Gm10088,0.0
Gm18748,0.0
Gm42870,0.267
A530030E21Rik,0.0
Gm22158,0.0
Gm25762,0.0
Gm49596,0.0
Gm17799,0.0
Gm49597,0.0
AC120150.1,0.0
Gm10241,0.0
Gm20614,0.0
Gm20615,0.0
Gm15760,-1.521
Gm49744,0.0
Gm49746,-0.097
Gm20164,-0.135
Mir1224,0.0
Gm49333,0.0
Gm4462,-1.065
Snord66,0.0
Gm22741,-0.21
Gm46544,0.0
Gm9536,0.0
Rps10-ps2,-1.255
Gm6551,0.0
Gm18769,0.0
Gm18770,0.0
Gm6557,0.0
Gm9697,0.0
Gm18771,0.0
Mir7680,0.0
Magef1,-0.218
Gm5962,0.0
Gm6467,-1.029
Ndufa11b,0.803
Gm25810,0.0
Gm5809,-0.178
Gm26980,-0.384
Gm36796,0.0
Gng5-ps,-0.159
Gm49582,0.0
Gm30251,0.041
Mir8095,0.0
Gm9525,0.267
Gm49565,0.454
Mir6362,0.0
Gm8118,0.0
Gm6493,-0.009
Gm8128,-0.245
Gm8130,-0.126
Gm8134,0.0
Snord2,0.0
Gm24201,0.0
Snora81,0.0
Gm26447,0.0
Gm24616,0.621
Gm49624,0.0
Gm6630,0.0
Gm15746,0.0
Gm49514,-0.12
Gm6640,0.0
Gm49515,0.0
Gm49516,1.62
Gm52969,-0.255
Gm41434,0.0
Gm24440,0.0
Morf4l1-ps1,0.058
Mir28a,0.0
Gm22672,0.0
Gm18896,0.0
Gm24928,0.0
Gm27005,0.0
Gm15970,0.0
Gm18234,0.0
Gm49765,0.0
Mir690,0.0
Gm8253,-0.079
Gm15752,0.0
Gm18236,0.0
Gm20040,0.0
Gm6029,-0.556
Gm49645,0.0
Gm49679,0.0
CT009704.1,0.0
Gm25375,0.0
Gm18237,0.0
Gm49546,-0.111
Gm49404,0.0
1700007E05Rik,-2.144
AC126055.1,0.0
Gm49712,-0.791
AC129214.1,0.0
Gm49705,-0.856
Gm49713,-0.454
Gm15703,0.063
Gm49731,-0.106
Gm15696,-1.265
Gm15694,-0.613
Hmgb1-ps6,-0.23
Gm26419,-0.067
Gm25848,-0.884
Mir1946a,0.0
Gm8387,0.0
Gm20056,-0.657
Dynlt2b,0.473
Gm5405,0.0
Gm9556,0.0
Gm6611,-1.316
n-R5s33,0.195
Mir1947,0.0
Gm23916,0.0
AC145198.1,0.0
Gm34967,0.0
Gm49594,0.126
Gm24695,0.0
Gm49702,0.587
Gm49706,-0.08
Gm25079,0.0
Gm23518,0.0
Gm5963,-0.085
Gm25967,0.0
Gm49728,-1.077
Gm49730,-1.22
Gm41467,0.0
Gm10237,-0.052
Gm10092,0.0
Gm23080,0.0
CT573031.1,0.0
AC154188.1,0.0
Gm6815,-0.093
Gm10913,0.0
Gm10813,0.0
CT033776.1,0.0
Cstdc3,0.0
Gm49647,0.0
Gm24437,0.0
CT033776.2,0.0
Gm7260,0.0
CT033776.3,0.0
Gm49652,0.0
Gm25903,0.0
Gm49653,-0.195
Gm49664,0.0
Gm49663,0.0
Gm8538,-0.276
Gm8425,-0.397
Gm49599,-1.144
Gm49600,-0.536
Gm49605,0.0
Gm15665,0.911
Gm49567,0.0
AC116468.1,0.0
Gm49569,0.0
Gm4600,-0.181
Gm15725,0.0
Gm25140,0.0
AC120020.1,-0.207
Cfap91,-0.068
Gm21987,-0.369
Gm15953,-0.291
Gm15530,-2.071
Gm15575,0.0
Gm15803,0.0
Gm22500,0.0
Gm8609,0.0
Gm37508,0.0
Gm22543,0.0
Gm36939,0.221
Gm49737,-0.118
Gm49738,0.0
Mir6540,0.0
Gm49739,0.0
Ndufs5-ps,0.044
AC158170.1,0.11
Gm15712,-0.743
Gm37946,0.0
Gm15711,-0.174
Gm25986,0.0
Mir568,0.0
Gm49734,0.0
Gm26074,0.0
CT025520.1,0.0
mmu-mir-3470b,0.0
Mir3081,0.0
Gm5063,0.0
Gm19142,0.0
Gm5964,0.0
Gm17928,0.0
Gm6030,0.114
Gm5406,0.304
Gm16011,0.0
Gm6903,0.0
Gm49585,0.0
AC154773.1,0.0
Gm50487,0.0
AC139039.1,0.0
Gm17900,0.0
Gm6912,0.0
Gm18169,0.288
CT025576.1,0.0
Gm6914,0.0
Gm7275,0.0
Gm17804,0.0
Gm7204,0.44
Gm49770,0.0
Gm49771,0.0
Gm8670,-3.213
Gm22576,0.288
Gm5407,0.0
Gm18694,0.0
Gm4802,0.0
Gm6931,0.0
Gm8824,0.996
Gm9575,0.536
Mir6363,0.0
AC154359.1,0.0
Gm6767,-0.075
Gm49608,0.0
AC119953.1,0.0
AC154251.1,0.0
Gm49634,0.0
AC117647.1,0.0
Gm25723,0.0
Gm22459,0.0
Gm49637,0.0
Gm49638,0.0
Gm5487,0.0
Gm49639,0.0
Gm25853,0.0
Gm46541,0.0
Gm23180,0.0
Gm8881,0.0
Gm22977,0.0
Mir5118,0.0
AC138722.1,0.0
Gm19771,-0.045
Gm26369,0.0
Gm17809,-1.441
Gm8900,0.0
Gm28037,0.0
Gm22422,0.0
Gm18723,1.023
Gm49682,0.0
Gm21050,0.0
Gm15693,0.0
Gm15840,0.0
Gm8938,0.0
Gm49581,0.0
mmu-mir-1970b,0.0
Gm49577,0.0
Gm5674,0.0
AC156023.1,0.0
Rpl7a-ps4,-0.268
Gm37458,0.0
AC156023.2,0.0
Gm37825,0.0
Gm20942,-0.169
Ftdc1,0.0
Ftdc2,0.0
Gm26019,0.0
Olfr175,0.0
Gm45071,0.0
Olfr184-ps1,0.0
Olfr185-ps1,0.0
Olfr188-ps1,0.0
Olfr189-ps1,0.0
Olfr192,0.0
Olfr197,0.0
Olfr200-ps1,0.0
Gm4660,0.0
Gm27001,0.0
Gm49609,0.0
Gm17065,0.0
Gm23852,0.0
Gm17054,0.0
Gm49610,0.0
Gm9027,-0.37
Gm17192,0.0
Gm52985,0.0
Gm24164,0.0
Gm19000,-0.131
Gm9816,0.0
Gm49621,0.0
Gm22769,0.0
Gm49627,0.0
Gm9061,0.0
Gm16385,-0.525
Gm22429,0.0
Gm9584,0.0
Gm49629,0.0
Gm49633,0.0
AC119805.1,0.0
Gm5221,0.0
Gm7366,0.0
Gm49635,0.0
AC121893.1,0.0
AC105980.1,0.0
Gm49640,1.21
Gm15828,0.506
Gm49649,0.0
Gm18495,0.0
Gm49650,0.0
Gm24681,0.0
Gm49651,0.0
Gm46542,0.283
Gm18496,0.0
Gm19082,0.0
Gm49656,-0.117
Gm49657,0.0
Gm19291,0.0
Gm49665,0.0
AC154555.1,-0.106
Gm18918,0.0
Gm49666,0.0
Gm22797,0.0
Gm18549,0.0
Gm18550,0.0
Gm49667,-0.115
Gm49670,0.0
Gm25699,0.0
Gm18825,0.0
Gm49680,0.0
Gm18168,0.0
Gm22163,0.0
Gm49660,1.509
Gm49659,0.0
Gm49658,-0.725
Gm18021,0.0
Mir691,0.0
Gm49671,0.0
Gm26307,0.0
Gm24879,0.0
AC122538.1,0.0
Gm49674,0.297
Gm26937,0.0
A630036G19Rik,-0.55
Gm49676,0.0
Gm49677,-0.352
Gm30162,0.0
Gm15553,0.0
Gm15554,0.0
Gm22268,0.0
Gm26915,0.0
Gm9843,-0.288
1700063K16Rik,0.0
Gm7501,-0.154
Gm31258,-0.162
Gm37466,-1.442
Gm21816,-0.044
9430092D12Rik,-0.966
Gm38071,-0.863
9430053O09Rik,-0.477
Gm37063,-1.117
Gm37241,-0.528
Gm36963,-0.706
Gm37606,-1.743
Mir99a,0.0
Mirlet7c-1,0.0
Gm37311,-3.453
Mir125b-2,0.0
C130023A14Rik,-1.379
9530003O04Rik,-2.562
Gm37694,-1.419
Gm49589,0.0
Gm5675,0.0
Gm25916,0.0
Gm49591,0.0
Gm49590,-1.487
Gm25038,0.0
Gm49603,0.0
Gm49604,-0.063
AC122388.1,0.0
4930403O18Rik,0.0
Gm15692,0.0
Gm37709,0.0
Rps19-ps12,-0.312
Gm23083,0.0
Gm49578,0.0
Gm19867,0.0
Fkbp1a-ps3,0.0
7120432I05Rik,0.517
Gm49555,0.665
Gm49558,0.0
Gm5676,0.961
Gm49559,0.0
Pgk1-ps1,0.0
AC138605.1,0.0
Gm7559,0.0
Rpl21-ps5,0.0
Gm49561,0.0
Gm49562,0.0
Gm7295,0.0
AC168066.1,0.0
Gm6032,0.0
Gm2477,0.0
Gm2349,-0.486
Mir155,0.0
Gm26153,0.0
Gm49568,0.0
Gm49228,0.0
Gm2541,0.0
Gm6278,1.287
Gm49570,0.0
Gm49572,0.0
Gm25715,0.0
Gm25896,-0.748
Gm24891,0.0
Rpl31-ps4,-0.264
Gm22808,0.0
Gm23994,0.0
Gm46546,-0.214
Gm7667,-0.127
Krtap19-9a,0.0
Gm49689,0.0
Gm34396,0.0
Gm23655,0.0
Gm17844,0.0
Gm2805,-0.125
Gm7307,0.0
Gm49704,-0.392
Gm23406,0.0
Gm7831,0.478
Gm49727,-0.617
H3f3a-ps2,0.0
Gm49611,-0.246
Gm49612,0.0
Gm49613,0.0
Gm49614,0.0
Gm37016,0.0
Gm25179,0.0
Gm21970,0.0
Gm46562,-1.357
Gm49626,0.0
Gm7856,-0.368
Mir6367,0.0
Gm7860,-0.538
AC126053.1,-0.142
Gm18020,0.0
Gm23210,0.0
Gm49711,0.35
Gm49716,0.0
Smim34,0.0
Mir802,0.0
Gm45384,0.0
Gm52975,0.0
Gm49619,0.0
Gm48979,-0.858
Gm48978,-0.984
Gm6363,-0.305
CT573086.1,0.0
Gm15310,0.0
Gm23692,0.316
Gm15971,-0.285
Gm41504,1.397
Gm49641,-0.215
Gm49642,-0.241
Gm6599,0.55
Gm37259,0.0
Get1,0.434
Gm49948,0.0
Gm32358,-0.751
Gm22370,0.0
Gm49681,0.0
Mx1,-0.439
2210009P08Rik,-0.233
Gm9242,0.0
Mx2,-1.178
Gm49592,-0.367
Mir6964,0.0
Gm49792,0.0
Gm10232,0.393
Gm16569,0.0
Gm5479,0.0
Gm25909,0.0
Pisd-ps2,-0.54
Gm5679,-0.13
Gm4829,-0.269
Gm21926,-0.278
Gm49798,-0.529
Gm46578,-0.269
Gm6475,-0.912
Gm49221,0.0
Gm7043,-0.118
AC168269.1,0.143
Gm49780,0.0
Gm4828,-0.552
Gm15599,-0.602
Gm8363,0.0
Gm10231,0.0
Gm26595,-0.056
Gm26622,0.0
Gm8376,0.0
Fbl-ps2,-0.247
Gm15590,-0.221
Ppp1r2-ps6,0.0
Gm52994,-0.242
Ppp1r2-ps1,0.0
Gm2792,-0.067
Gm17879,0.0
Gm29719,0.0
Tmem181b-ps,0.263
Gm2808,0.0
Gm29721,-0.182
Tmem181c-ps,-0.572
Gm49717,-0.938
Mir692-1,0.076
Gm49721,-0.301
AC122413.1,0.0
Gpr31a,0.0
Gm49630,0.0
AC117241.1,0.0
Gm6553,0.0
Gm49673,-0.304
AC164314.1,0.0
Cep43,-0.469
Gm49987,0.0
Gm46593,0.0
Gm5491,-0.262
Gm15425,-1.818
Gm15426,0.0
Rps18-ps7,0.0
Gm49806,0.0
Gm8492,0.0
Gm7947,0.0
Gm17748,0.0
Gm34883,-0.071
Gm49809,0.0
Gm3145,0.174
Gm37402,0.758
Gm37332,0.0
Gm28118,0.0
Gm10513,0.226
Tdgf1-ps2,0.0
Gm49962,0.176
Gm24794,-0.346
Gm6618,0.0
Gm16574,0.502
Gm7162,0.103
Gm26130,0.0
Snora20,-0.232
Gm15946,-0.628
Gm11166,0.0
AC166360.1,0.0
Gm10512,-0.171
AC166099.1,0.0
Gpr31c,0.676
Gm19283,0.0
Gm49934,0.0
Gm8597,0.0
AC166110.1,0.0
Rnu6,0.0
Gm49936,0.0
Gm8603,0.0
Smok4a,0.0
AC173344.1,-0.185
Gm24867,0.0
Gm3355,0.0
Gm49121,0.0
4930488N24Rik,0.0
Gm49903,0.0
Gm49720,-1.23
Gm3222,0.0
Gm23352,0.0
Gm7393,0.0
Dynlt2a3,-0.143
Dynlt2a2,-1.901
Dynlt2a1,0.359
Gm7423,-0.158
Gm49669,0.0
Gm7177,-0.111
Gm18564,-0.137
Gm6686,0.0
Gm7450,0.259
Gm3507,0.15
Gm3292,0.0
AC102745.1,0.0
Eif3s6-ps3,0.432
Gm49777,0.0
Gm46610,0.0
Gm4786,0.0
Gm3320,0.0
Gm7477,0.0
Gm5223,0.0
Gm6705,-0.289
Gm49775,0.0
Gm7483,0.0
Gm53028,-0.803
Oaz1-ps,-1.469
Gm5232,0.327
Gm49784,-0.973
Gm7513,0.0
Gm49787,-0.032
Mir99b,0.473
Mirlet7e,0.0
Mir125a,0.0
Gm7531,0.0
Gm7535,-0.154
Gm5966,0.0
Fpr-rs5,0.0
Gm49963,0.0
Vmn2r-ps114,0.0
Vmn2r-ps115,0.0
Vmn2r-ps116,0.0
Vmn2r-ps117,-0.467
Vmn2r-ps118,0.0
Vmn2r127,0.0
Gm49752,0.0
Vmn2r-ps120,0.0
Vmn2r-ps121,0.0
Vmn2r-ps122,0.0
Vmn2r-ps123,0.0
Vmn2r-ps124,0.0
Vmn2r-ps125,0.0
Gm3547,-0.186
Vmn2r-ps126,0.0
Vmn1r-ps139,0.0
Vmn1r-ps140,0.0
Vmn2r-ps127,0.0
Gm7217,0.0
Vmn1r-ps141,0.0
Vmn1r-ps142,0.0
Vmn1r-ps143,0.0
Gm5145,0.0
Gm5492,-0.044
Vmn1r-ps144,-0.275
Vmn1r-ps145,0.0
Gm5681,0.0
Vmn1r-ps146,0.0
Gm6811,0.0
Gm7732,0.0
Gm7736,0.0
Gm7740,0.0
Gm7742,0.0
Vmn1r-ps147,0.0
Vmn1r-ps148,0.0
Vmn1r-ps149,0.0
Vmn1r-ps150,0.0
Gm18269,0.0
Gm18519,0.0
Gm50433,0.367
Gm49954,0.0
Gm30531,0.024
Gm10509,0.0
Gm18270,0.092
4930515G13Rik,0.0
Gm9818,0.0
Gm6540,0.23
Gm7805,0.043
Gm7809,-0.354
Gm49950,0.0
Gm9772,0.0
Gm7052,0.0
Gm7818,1.429
Gm9514,-0.404
Gm49951,0.0
Gm49955,0.0
Gm49956,0.0
Gm19012,0.0
Gm9805,0.0
Gm20008,-0.897
Gm5224,0.0
Gm16386,-0.522
Gm32892,-0.407
Gm18214,0.6
Vmn2r-ps128,0.0
Vmn2r-ps129,0.0
Gm18415,0.0
Gm18396,0.0
Vmn2r130,-0.595
Gm18397,0.0
Gm18416,0.0
Vmn2r-ps131,0.0
Vmn2r-ps132,-0.254
Vmn2r-ps133,0.0
Gm49952,0.0
Vmn2r-ps134,0.0
Olfr752-ps1,0.0
Gm7898,0.0
Casp16,-0.189
Gm7912,-1.705
Gm49935,0.0
Gm7773,0.0
Gm53023,0.029
Gm49911,-1.009
Mir5125,0.373
Gm50058,0.688
Gm50059,0.0
Gm50066,0.0
Gm25092,0.0
Gm5225,0.0
Mir5134,0.0
Mir6965,0.0
AC154237.1,-0.094
Snord60,0.0
Snora78,-1.352
Snora64,0.0
mmu-mir-12188,0.0
Percc1,0.299
Mir3547,0.0
Gm25921,0.0
Gm5430,0.045
Gm50085,0.0
Rpsa-ps6,0.0
Cerox1,0.086
AC134908.1,0.0
Gm5836,-0.05
Mir6966,0.0
Antkmt,0.119
Gm50367,-0.234
Mir3082,0.0
Gm20683,-0.446
Cox7c-ps1,-0.236
Gm17814,0.0
Gm8186,-0.609
Pgap6,0.586
Gm49983,0.0
Gm23123,0.0
Gm3946,-0.594
Gm20026,0.0
Gm50007,0.0
Gm16580,-1.131
Hba-ps4,0.0
Gm50274,0.0
Gm8225,0.24
Gm29819,0.0
mmu-mir-6967-1,0.0
Mir6968,0.0
Mir3083,0.0
Gm50253,-0.671
Mir7677,0.0
Gm53009,0.0
Mir7214,0.0
Mir7216,0.0
Mir7217,0.0
Mir7218,0.0
Gm49789,0.0
Gm49790,0.0
Gm16005,0.0
Gm9703,-1.097
Gm49773,-0.04
Gm49804,0.0
Rps2-ps9,-0.49
Gm49803,0.0
4930526A20Rik,-0.48
Gm50238,0.0
Gm49897,0.0
Gm49839,-2.656
Gm49861,0.0
Mir6969,0.0
Bnip5,-0.569
Gm49868,0.0
Gm23887,-0.52
1700023B13Rik,-0.414
Rpl35a-ps3,0.0
Gm18271,0.0
Gm50054,0.0
Gm10045,0.0
Gm28052,0.0
Mir7667,0.0
Gm28043,0.0
Gm50018,-0.269
Gm22327,0.0
Gm50226,0.625
Tuba-rs1,-0.776
Gm25049,0.0
Gm6402,-1.151
Gm50252,-0.305
Gm9874,-1.749
Gm50244,-0.44
Gm8373,-0.456
Gm50245,0.0
AC174471.1,0.0
Gm50248,0.0
Gm8437,-0.235
Gm50102,-0.258
Gm38099,-0.519
Gm50455,-0.088
Gm50108,0.0
Rps2-ps8,-0.181
Gm30571,-0.972
Gm17572,0.0
Pdxk-ps,-0.525
Gm50127,0.184
Gm4432,-0.347
Gm50036,0.0
Gm8497,0.0
Gm50038,0.0
Cyp4f38-ps,0.0
Gm6452,0.0
Gm17948,0.0
Gm23294,0.362
Gm18272,0.0
Gm7059,0.0
Gm18273,-0.547
Cyp4f41-ps,0.449
Phf8-ps,0.0
Zfp422-ps,0.0
Gm20507,0.0
CT033847.1,-0.324
Marchf2,0.187
Gm4134,0.0
Gm23111,0.0
H2-K2,-0.574
Gm4152,0.0
Gm7326,0.0
Mir219a-1,0.0
Mir219c,0.0
Gm20427,0.166
H2-Pb,0.0
H2-Pa,0.0
Gm20493,0.0
H2-Ea,-0.248
Gm15320,-0.324
Gm15321,0.0
Gm15332,0.0
Btnl5-ps,0.0
Gm15331,0.0
Gm15329,0.0
Btnl7-ps,0.0
Gm20462,0.0
Gm20460,0.0
CT573030.1,0.0
Cyp21a2-ps,-0.766
Stk19-ps1,0.0
Skiv2l-ps1,0.0
Tnxa,-0.111
Mir6971,0.0
mmu-mir-6970,0.0
Gm20547,0.0
Mir6972,0.0
Snord52,0.0
Gm25744,0.0
Gm8696,-0.992
AC087117.1,0.0
Gm23442,-1.255
Ncr3-ps,0.0
Mir6973a,0.0
Mir6974,0.0
Gm22589,0.0
Mir6975,0.0
Gm25128,0.306
Mir8094,0.0
Gm18733,-0.368
Gm18734,0.0
Gm8741,-0.306
H2-Q3,0.0
H2-Q5,-0.943
Gm8750,-0.039
Gm8752,-1.367
Gm52987,0.0
Gm9613,0.0
Muc21,-0.338
CR974483.1,-0.374
Mir1894,0.0
Rbx1-ps,0.119
Gm8801,0.134
Mir877,0.0
Gm8810,0.0
H2-Bl,-0.487
Gm20530,0.0
Gm8815,0.0
H2-T-ps,-1.675
H2-T10,-0.719
Gm9574,0.0
Gm10499,-2.1
Gm17782,0.0
Gm6659,0.0
Gm6623,-0.252
Gm20495,0.0
Gm4246,0.0
Gm20447,0.0
Gm8835,0.0
Gm5682,0.0
Gm20392,0.0
Gm10074,0.0
Gm20545,0.0
Gm29402,0.0
Gm18604,0.0
Gm20391,0.0
Gm4252,0.0
Gm6633,0.0
Stk-ps1,0.0
H2-M10.5-ps1,0.0
Lgals1-ps1,0.0
Rpl9-ps9,-0.194
Obox3-ps8,0.0
Gm20452,0.0
Gm20451,0.0
Gm20454,0.0
Gm20453,0.0
Gm8868,0.0
Gm20450,0.0
Rpl9-ps5,0.0
Gm8877,0.0
Gm20549,0.0
Gm20523,0.0
Gm20525,0.0
Gm20526,0.0
Gm4271,0.0
Gm20401,0.0
Gm8878,-0.139
Gm25973,0.0
Polr1h,-0.409
Polr1has,-0.056
H2-M6-ps,0.0
Gm4831,0.0
Gm19807,-0.017
Vhl-ps1,0.0
Olfr753-ps1,0.0
Gm7031,0.0
Olfr754-ps1,0.0
Gm25104,0.0
Olfr755-ps1,-0.345
Olfr756-ps1,-0.076
CT033782.1,0.0
Olfr757-ps1,0.0
Olfr758-ps1,0.0
Olfr759-ps1,0.0
Gm18808,0.0
Olfr760-ps1,0.0
Gm18213,0.0
Gm7335,-0.485
Gm18268,0.0
Gm9577,0.833
Gm18737,0.0
Gm18520,0.0
Gm20543,0.0
Gm20542,0.0
Gm5967,0.0
Gm18522,0.0
Gm20541,-0.148
Gm18833,0.0
Olfr762-ps1,0.0
Gm49810,0.0
Gm49811,0.0
Gm20409,0.0
Gm6726,0.0
Gm49812,0.0
Gm49813,0.0
Gm49814,0.0
Gm49815,0.0
Gm49816,0.0
Gm49818,0.0
Gm49819,0.0
Gm49820,0.0
Gm49821,0.0
Gm49822,0.0
Gm49823,0.0
Gm49824,0.0
Gm49825,0.0
Gm49826,0.0
Gm18784,0.0
Gm49827,0.0
Gm49828,0.0
Gm49829,0.0
Gm49830,0.0
Gm49831,0.0
Gm49832,0.0
Gm49833,0.0
Rn18s,-1.062
CT010467.1,-0.207
Gm49834,0.0
Tgif2-ps2,0.0
Gm49836,0.0
Gm49837,0.0
Gm49840,0.0
Gm49841,0.0
Gm49843,0.0
Gm45926,0.0
Gm34266,0.0
Gm49844,0.0
Gm49845,0.0
Gm49846,0.0
Gm49847,-0.188
Gm29748,0.0
Gm46573,0.0
Esp5,0.0
Gm49850,0.0
Gm20574,0.0
Gm49854,0.0
Gm49855,0.0
Ldha-ps3,0.0
Gm6771,0.0
Gm49858,0.0
Gm5978,-0.238
Gm25135,0.0
Gm25783,0.0
4930564C03Rik,0.0
Gm4766,-0.056
Gm9104,-0.604
Gm25008,0.0
Gm19969,0.0
Mir693,0.0
AC116739.1,0.0
Gm9706,0.118
Gm5093,0.371
Mir6976,0.0
Gm16494,0.0
Gm4945,-0.254
Gm50461,0.0
Gm5814,0.0
Gm20517,0.264
Kpna2-ps,-0.124
Gm21981,0.085
Gm25201,0.0
n-R5s28,0.0
Mif-ps8,0.0
Gm14871,0.0
Gm20596,0.184
Gm49947,0.0
Gm18679,-0.043
Gm24071,0.0
Gm9586,0.0
Gm22978,0.0
Gm18067,-0.179
Gm19465,0.0
Gm52954,0.0
Gm9191,0.0
Gm18735,0.0
Gm7334,0.222
Gm25177,0.0
Gm49908,0.0
Gm46574,0.0
E430014B02Rik,-4.063
C230085N15Rik,-6.241
Gm36931,-5.652
5830444F18Rik,-4.985
Gm37248,-4.727
Gm6934,-3.88
Gm37593,-3.389
Gm37266,-3.862
Gm37176,-2.91
Gm19197,0.0
Gm9210,-0.495
Gm49913,0.0
Gm49914,0.0
Gm29770,-0.279
Gm9214,-0.177
AC122481.1,0.0
Tpt1-ps7,-0.42
Gm6919,-0.358
Gm31532,0.0
Rab5a-ps,0.0
4932415M13Rik,0.0
Gm49917,0.0
Ckb-ps2,0.0
Mark1-ps2,0.0
Hcfc1r1-ps2,0.0
Sult1c2-ps2,0.0
Mrps36-ps1,0.007
Sult1c2-ps1,0.0
Hcfc1r1-ps1,-0.215
Mark4-ps,0.0
Ckb-ps1,-0.291
Mark1-ps1,0.0
Gm5684,0.0
Gm37966,0.0
Gm9224,0.0
Gm49919,0.0
CT571242.1,0.0
Trp53-ps,-0.542
Gm4946,0.0
Gm26291,0.0
AC154343.1,0.0
Gm49920,0.0
Gm46577,0.0
Gm4471,0.0
Gm17377,0.0
Gm49921,0.0
Gm22654,0.0
Gm18648,0.0
Gm18365,-0.113
Gm18417,-0.028
Rpl21-ps6,-1.018
Gm16276,0.063
Gm49879,0.532
Mir7b,0.0
Mir6977,0.0
Tincr,-0.21
Fut4-ps1,-0.141
Acsbg3,0.535
Gm49892,0.0
Mir6978,0.0
Gm46575,0.0
CT025692.1,0.0
Gm49842,0.0
Gm18139,-0.07
Gm25102,0.0
Gm17920,0.0
Rpl7a-ps5,-0.066
Gm49848,0.264
Gm6149,0.0
Gm49849,0.0
Gm5815,-0.77
Gm9284,0.0
Gm23769,0.0
Gm23203,0.0
Gm49851,0.0
Gm49852,0.0
Gm23447,0.0
Gm4512,0.0
Gm18521,0.0
Gm49856,0.0
Gm18070,0.0
Obox6-ps1,0.0
Gm6174,0.0
Gm4518,-0.188
Gm27023,0.0
Gm49859,0.0
Gm25800,0.0
Gm24730,0.0
Gm17228,-0.059
Gm5497,0.0
Gm49862,0.0
Gm7253,-0.26
Gm9300,0.0
Mir6420,0.0
Gm4701,-0.076
Gm25344,0.0
Gm49865,0.0
Gm18992,0.0
Gm9288,0.0
Gm18736,0.0
Gm18138,-0.04
Gm49866,0.526
Gm49867,0.0
Gm49925,-0.344
AC119957.1,0.217
Gm49927,-0.266
Gm49930,0.0
Gm49931,0.0
Gm17891,-0.125
Gm49933,0.727
Gm4705,-0.394
Gm46576,-0.053
Gm49941,0.0
Gm49939,0.0
Gm18961,0.0
Gm49943,0.0
Gm49940,-0.163
Gm49942,-0.294
Mir5709,0.0
Gm17097,0.313
Gm15974,0.0
Gm17921,0.816
Gm49949,1.022
Gm9319,0.279
Gm9598,0.027
Gm4561,0.0
Gm9320,-1.056
Mir1195,0.0
Gm49902,-0.923
Gm49904,-0.185
Gm16519,-0.281
Gm49905,0.797
Gm49909,0.0
Gm49910,-0.317
Gm37639,-2.114
Gm38220,-1.89
Gm49916,0.0
Gm18738,-0.099
Mettl4-ps1,-0.341
Gm50047,-0.21
Snord92,-0.264
Snord53,0.0
Gm22858,0.0
Gm49922,-0.253
Gm49924,0.525
Gm19183,0.0
Gm49923,-0.073
Gm26963,0.0
AC151266.1,-0.087
Gm9311,-0.187
Gm25406,0.0
Gm49875,0.0
AC107792.1,0.915
Gm49877,0.133
Gm4948,0.786
Gm18068,-1.835
Gm24475,0.0
Gm49880,0.0
Gm49881,-0.243
Gm49882,0.107
Gm49883,0.219
Gm9316,-0.077
Gm31328,0.0
Gm9349,-0.126
Gm9351,0.0
Gm4708,-0.385
Gm6276,-1.95
Gm9360,0.0
Gm50099,0.0
Gm24126,0.0
Gm26124,0.0
Gm16391,0.0
Gm18366,0.0
Gm6496,0.0
Rpsa-ps8,0.0
Gm17538,-0.106
Gm4711,0.0
Gm50029,0.0
Gm50030,0.0
Gm5229,-0.058
Gm50031,0.0
Gm19399,0.0
Hdac1-ps,-0.394
Gm49863,-0.338
Gm18649,0.0
Gm6548,-1.925
Gm26957,0.0
Gm49869,0.0
Gm5230,0.0
Gm17315,-0.368
Gm37555,0.0
Gm6552,-1.954
Gm22215,0.0
Gpx4-ps1,0.906
Gm23125,0.0
mmu-mir-12189,0.0
Gm9959,0.0
Gm9386,0.0
Gm50042,0.0
Gm50043,0.0
Rpl31-ps25,0.0
Gm4599,0.0
Gm50045,-0.071
Gm22386,0.0
Gm9390,0.0
Rpsa-ps7,1.874
Gm6594,0.0
Gm4601,0.0
Gm24240,0.0
Rpl21-ps7,-0.451
Gm37549,0.0
Gm24492,0.0
AC126694.1,0.0
AC132353.1,0.0
Gm49979,-1.051
Gm9400,0.0
Gm49982,-0.16
Rpl31-ps16,-0.126
Gm5231,0.0
Gm27178,0.0
AC154542.1,-0.063
Gm18832,0.0
Gm50008,-3.053
Gm24648,-0.049
Gm5499,0.0
mmu-mir-12190,0.0
Gm26005,0.0
Gm50040,0.0
Gm50041,0.0
Gm4832,-0.15
Gm22542,0.0
AC165091.1,0.0
AC165091.2,0.0
Gm38109,-0.233
Gm9406,0.0
Gm9407,0.0
Gm10493,0.0
Gm19815,0.389
Gm20491,0.935
Gm9410,0.0
Gm9411,0.0
Gm6741,0.139
Gm49988,0.0
Gm49989,0.0
Gm49990,0.0
Gm15403,0.0
Gm49992,0.0
Gm49993,0.0
Gm24244,0.0
Gm49994,0.0
Gm19145,0.0
Gm6751,0.0
Gm27039,0.0
Gm49995,0.0
Gm21018,0.0
Gm49996,0.0
Gm49997,0.0
Gm49998,0.222
AC154798.1,0.0
Gm9665,0.0
Gm6764,-0.137
Gm50001,0.0
Gm50002,0.0
Gm50003,0.0
Gm50004,0.0
Gm22593,0.0
Gm9416,0.059
Gm50005,0.0
Gm50006,0.332
2700099C18Rik,-1.834
Gm27038,0.102
Amd-ps7,0.0
Gm50009,-0.924
Gm50010,0.3
Gm19853,0.058
Gm23102,0.0
Gm50072,0.0
Vmn1r-ps151,0.0
Vmn1r-ps152,0.0
Gm50073,0.0
Gm50074,0.0
Gm50075,-0.432
Gm6235,0.0
Gm50088,0.0
G430049J08Rik,0.137
Gm50089,0.0
Gm50090,0.0
Gm50091,0.0
Rpl7a-ps6,0.0
Gm7378,0.0
Gm6248,0.0
Gm10557,-1.209
Gm7400,0.0
Gm50096,-0.075
Gm7411,-0.165
Gm5047,0.0
AC111128.1,0.0
Gm2238,-0.176
Gm16147,-1.215
Gm41662,-0.518
Rpl27-ps3,-0.125
Gm49986,0.0
Gm6291,0.0
Mir1893,0.0
Gm7464,0.0
Gm50077,0.0
Gm7466,0.0
Gm10350,0.0
Odad2,-0.126
Gm18581,0.921
4930415O11Rik,-0.084
Gm18948,0.0
Fabp5l2,-0.244
Gm18763,0.0
Gm24292,0.0
Gm50027,0.0
Gm7502,-0.556
Gm4833,0.615
AC148013.1,0.0
Gm20147,0.0
Gm5500,-0.161
Gm35232,-0.122
Gm5819,-0.084
Gm37148,0.0
Gm7523,0.0
Gm18526,0.0
Gm50053,0.0
Gm50055,-0.845
Gm7527,-0.076
Gm7532,-0.076
Gm7274,0.0
Gm46641,0.0
Gm4834,0.0
Gm50080,0.377
Gm50078,0.28
Gm17430,0.0
Gm7497,-0.991
Gm23350,0.0
Gm50079,-0.747
Gm2424,-0.097
Gm5501,0.0
Gm2531,-0.919
Gm26244,0.702
Gm50032,0.0
Gm7156,0.0
Gm19052,0.0
Gm5686,0.0
Gm50033,-0.55
Nutf2-ps2,0.0
Gm25116,0.0
Mir133a-1,0.0
Mir1b,0.0
Mir1a-2,0.0
Gm18764,0.0
Gm7575,0.0
Gata6os,1.194
Gm50067,0.0
Gm18713,0.0
Mir1901,0.0
Gm49968,-0.268
Gm25289,0.0
Gm16072,-0.689
Gm29201,-0.528
Gm29199,0.0
Mir1948,0.0
Gm7599,0.588
Gm5687,-0.457
Gm5240,0.0
Gm18083,0.0
AC103597.1,0.0
Gm50093,0.0
Gm53018,0.0
Gm50094,-1.919
Gm50095,0.0
Gm5160,0.15
AC158772.1,0.0
Gm50098,0.0
Gm6457,-0.339
Gm24924,-0.151
Gm21055,-0.51
Gm9474,-0.663
Mrpl27-ps,-0.589
AC133525.1,0.0
Gm10036,-0.15
Gm24228,0.0
AC102377.1,0.0
Gm4835,-0.106
Gm7665,0.0
Gm7670,0.0
Gm22470,0.0
4921533I20Rik,0.0
Gm50082,0.0
Gm50083,0.0
AC132408.1,0.0
Gm38432,0.0
Gm7720,-0.062
Gm5688,0.0
Tpi-rs10,0.0
Gm10269,0.018
Gm6378,-0.309
AC158774.2,0.0
AC158774.1,0.0
Gm50052,0.0
AC158774.3,0.0
Gm4837,0.0
Gm22495,0.0
Gm7788,0.0
Mir6360,0.0
Gm23207,0.0
Gm46611,0.0
Rpl19-ps7,0.309
Zscan30,-0.728
Gm18085,-0.155
Gm7701,0.342
Mir187,0.0
Gm16558,0.14
Gm7847,0.0
Gm23674,0.0
Gm18089,0.0
Gm7874,0.0
Gm49977,-0.194
Gm7729,-0.232
Gm5064,-0.029
Gm24246,0.0
Gm6643,0.0
Gm34658,0.0
Mif-ps10,0.0
Gm34743,0.0
Gm7917,0.0
Gm7926,-0.548
Gm7930,0.0
Rpl29-ps5,-0.209
Gm22870,0.0
Gm7936,-0.043
Gm41780,-0.184
Gm7941,0.0
Gm25396,0.0
Gm5241,0.0
Gm50060,0.071
Gm6665,0.0
Gm16345,0.0
Gm49966,0.106
Gm5969,-0.089
Gm20136,0.0
Gm25826,0.0
AC135961.1,0.0
AC140983.1,0.0
Mir6361,0.0
Gm5503,-0.375
Gm50392,0.0
Gm23639,0.137
Gm22788,0.0
Gm6052,-0.19
Gm24432,0.0
Gm5238,0.0
AC114003.1,0.0
Gm10548,-2.3
Brd8dc,-1.019
n-R5s25,-0.2
AC145591.1,0.0
AC145591.2,0.0
Gm22200,0.0
Gm26109,0.473
Gm6724,0.0
AC131675.1,0.0
AC153145.1,0.0
Gm50144,0.167
Gm5239,0.511
Mir1949,0.0
Snora74a,0.0
Gm36989,-2.205
Gm50318,0.0
Sting1,-0.065
Gm16490,-0.31
Gm50371,0.0
Gm6542,-0.278
Maskbp3,-0.366
AC027740.1,-0.196
Gm6756,0.0
Gm42416,0.0
Gm37013,0.0
Gm37388,0.0
Gm36858,1.265
Gm18150,0.526
Gm19035,0.816
Gm18529,0.606
Gm20162,0.774
Gm8242,0.427
Gm53048,-0.526
Gm24401,0.0
Pcdhgb8,-0.349
Mir6979,0.0
Gm50122,-0.159
Mir6981,0.0
Mir6980,0.0
Gm10268,-0.013
Gm23205,0.157
Gm4949,-0.552
Gm50344,-0.179
Gm50349,0.0
Gm19100,0.007
Gm19774,0.0
Gm15335,-0.138
Gm8302,0.0
Gm15333,-0.443
Gm50398,-0.303
Gm50403,1.11
Rps19-ps13,-0.14
Gm50407,0.0
Gm50408,0.0
Gm50409,0.0
Gm18530,0.0
Gm18371,-0.254
Cstdc7,-0.137
Gm18086,0.0
Gm5504,-0.104
Rps19-ps4,0.299
Gm16415,0.0
Gm3631,0.0
Gm50213,0.083
AC099605.1,0.0
Gm8181,-0.292
Gm3650,-0.181
Gm50206,-0.065
Gm8390,0.0
Gm50263,-0.041
Gm43425,0.0
Gm50123,0.0
Gm6663,0.0
Gm26928,0.0
Gm4839,0.0
Gm50124,-0.387
Gm10540,0.0
Gm18652,0.0
Gm31907,-0.753
Gm50125,0.0
Gm26262,0.0
Gm38337,0.0
AC124717.1,0.0
1700018A14Rik,0.0
4930415P13Rik,0.0
Gm4840,0.0
Mospd4,-0.165
Gm3720,0.712
A430019L02Rik,-3.117
Gm49971,-2.175
Gm49972,-2.265
AC132100.1,0.0
Gm49973,-0.139
Gm3744,0.0
Gm22791,0.0
Gm8468,0.0
Gm6883,-0.874
Gm5236,0.0
Gm50224,0.0
Gm5237,0.0
Gm5839,0.0
Gm18993,-0.34
Gm50231,0.0
AC112984.1,0.0
Cd63-ps,-1.244
Gm50439,0.0
Gm8529,0.0
Gm52973,0.0
Gm3815,0.0
AC121949.1,0.0
Gm25785,0.0
Gm4950,0.23
Gm50447,0.0
Gm50448,0.0
AC174383.1,0.0
Gm27026,0.0
Gm50457,-0.136
Gm8572,0.0
Gm1859,0.0
Gm5507,-0.202
Gm8594,0.103
AC115119.1,0.0
Gm5821,0.0
Gm50365,0.0
Gm50366,0.0
Gm24183,0.0
Gm34073,0.0
Gm22597,0.0
Gm37828,0.0
Gm37337,0.0
Gm24514,0.0
Gm26959,0.0
Gm8614,0.0
Gm6942,0.0
Gm6944,-0.059
Gm23555,0.0
Gm50385,-0.262
Gm8629,0.0
Gm8642,0.0
Mir1258,0.0
Gm50283,0.0
Gm50289,-0.481
Marchf3,-1.021
Gm18087,-0.658
Gm18739,0.0
Gm19486,0.0
Gm50200,0.0
Gm18929,0.0
AC122117.1,0.0
Gm26038,0.0
Gm23270,0.0
AC158924.1,0.0
Mir6355,0.0
Gm8697,0.0
Gm50235,0.0
Gm18217,0.0
Gm18218,0.0
Gm5970,-2.995
Gm8714,0.0
Gm6960,0.0
BC023105,-2.519
Gm8731,-0.917
Mir5107,0.0
Mir7220,0.0
Mir6982,0.0
Mir6983,0.0
Gm26403,0.0
Rps2-ps10,0.098
Mir378a,0.0
Gm8755,0.0
Gm25834,0.0
Mir145a,0.0
Mir143,0.0
Gm37774,0.0
Gm19159,0.0
Gm50171,0.0
Gm50172,0.0
Gm23581,0.0
Gm22210,0.0
Gm6789,0.107
Gm24848,0.0
Gm50104,0.0
Gm19076,0.388
AC102132.1,0.0
Gm6974,-0.276
Gm50109,0.0
Gm45934,0.0
Prdx1-ps,0.0
Rps15-ps3,0.291
Gm36804,0.0
Amd-ps3,0.0
Gm50338,-0.303
Gm6978,0.017
Gm50352,0.0
Gm50354,-0.284
AC137585.1,0.0
Gm24504,0.0
Mir122,0.0
Gm50220,0.0
Gm46618,1.103
Gm22567,0.438
Gm50246,-0.428
Gm50247,-0.282
Gm37643,-0.052
Gm50462,0.284
Gm50234,0.0
Gm50256,0.0
Gm50175,0.0
Gm50174,-0.318
AC124578.1,0.0
Gm25150,0.0
Gm50117,0.0
Gm50118,0.0
Gm50119,0.0
Mir694,0.0
Gm50148,0.0
Gm50153,0.0
Gm20294,0.0
Gm50154,0.0
Gm50156,0.115
Gm50157,0.0
Gm50158,0.0
Gm24679,0.0
Gm36092,0.0
Gm50159,0.0
Gm50160,0.0
AC127234.1,0.0
Gm50170,0.03
Gm50167,0.0
AC140336.1,0.0
Gm17669,-0.587
Gm8887,0.37
Gm18149,-0.628
Mir7219,0.0
Gm50258,-0.089
Gm50259,0.0
Mir6356,0.0
Mir145b,0.0
Gm4842,0.0
AC109258.1,0.0
Gm50219,0.0
Gm36255,0.0
Gm45879,-0.045
Mir6357,0.0
Gm8934,0.577
Gm18963,0.587
Gm21046,-1.26
Gm50262,0.0
Gm6995,0.0
Gm26438,0.0
Gm50126,-0.244
Gm17943,0.0
AC133186.1,0.0
Gm5690,-0.104
Gm14328,-0.89
Gm8986,0.0
Gm50168,0.0
Scarna17,0.0
Gm23119,-0.158
Rpl37a-ps2,0.0
Gm18786,0.0
Snord58b,-0.3
Gm23301,0.0
Gm26202,0.0
Gm50313,0.0
Gm8807,-0.17
2010010A06Rik,-0.211
Gm20570,1.311
Mir6358,0.0
Gm9028,-0.917
Gm50360,-0.318
Gm50364,1.05
Gm15957,0.0
Gm50197,0.0
Gm26014,0.0
4930465K10Rik,-0.508
AC145554.1,0.0
Gm23895,0.0
Gm18978,0.0
Gm2116,0.0
Gm20593,0.0
Gm25824,0.0
Gm50176,0.0
Gm50177,0.0
Gm50178,0.0
Gm19062,0.0
Gm26977,0.0
Gm5509,0.0
Gm18910,0.0
Gm5823,-0.487
AA684185,0.0
Gm50179,0.0
Gm36627,0.0
Gm36718,0.0
Gm50180,0.0
Gm50190,0.0
Gm50192,0.0
Gm50193,0.0
Gm50195,0.0
Gm7447,0.0
Gm46629,-0.177
Slc66a2,-0.345
Gm37015,0.0
D330025C20Rik,-0.128
Gm2176,-0.524
Gm47273,0.0
Gm7503,0.0
Gm25718,0.0
Gm26012,0.0
Mir5127,0.0
Gm50293,0.0
Gm50297,0.0
Gm17383,0.0
Gm50303,0.0
Rpl21-ps8,-0.691
Gm50347,0.428
Gm10524,-0.411
Mir5112,0.0
Gm50355,-0.106
Gm52988,-2.026
Gm7569,0.0
Gm50420,0.0
Gm50421,0.0
Gm37216,-0.588
Gm7289,0.269
Gm2390,-0.337
Gm25005,0.0
Gm50369,0.0
Gm7612,0.0
Gm5824,-0.167
Gm50381,0.0
Gm7623,-0.269
AC105968.1,0.0
Gm46615,0.0
Gm5691,0.3
Gm5971,-0.457
Gm5234,-0.907
Gm5826,0.0
Gm50389,0.0
Gm50390,1.111
Gm24987,0.0
Gm50391,0.0
Gm50400,0.0
Gm7662,0.076
Gm50404,0.236
Gm6409,0.717
Gm50406,0.0
Gm50267,0.0
Mir6359,0.0
Gm50204,0.0
Gm16296,0.0
Gm16297,0.0
Gm27037,0.0
Gm6173,0.0
Gm23859,0.0
Eif3s6-ps2,0.026
Gm7674,0.0
Gm50434,0.0
Gm25418,0.0
Gm50438,-1.981
Gm20039,-0.461
AC162463.2,0.0
Gm42068,0.0
AC162463.1,0.0
Gm50432,-0.343
Gm7798,0.0
Gm2106,0.0
Mir6984,0.0
Gm50307,0.469
Gm23940,0.0
AC132452.1,0.0
Gm2141,-1.499
Gm50374,0.0
Gm19209,0.404
mmu-mir-12192,0.0
Gm50327,-0.099
Gm49405,-0.71
Snord3b-ps1,0.0
Gm50230,-0.149
Gm45928,0.0
Mir6985,0.0
Mir6986,0.0
Gm50372,0.0
Gm21992,-0.266
Gm37206,-1.675
AC124502.1,-0.345
Gm50382,0.0
Gm50388,0.467
Gm5242,1.286
Gm50189,-0.177
Gm50208,0.0
Gm7074,0.0
Gm52999,0.0
Gm6293,0.0
Gm25432,0.368
Gm31070,-0.371
1700061A03Rik,-1.563
Nscme3l,-0.15
Gm31166,0.08
Mir6987,0.0
Gm50387,0.302
Gm37376,-1.053
Gm19505,0.0
Gm8034,-0.117
Mir6988,0.0
Gm52998,0.0
Gm28374,0.0
mmu-mir-12193,0.0
Gm5510,0.016
Mir194-2,0.0
Mir192,0.0
Gm50198,0.0
Mir6989,0.0
AC127556.1,0.0
Gm50151,0.0
Gm50435,0.0
Hmgb1-ps4,-0.89
Gm53015,0.179
AC120557.1,-1.005
Mir5046,0.0
Mir6990,0.0
AC140307.1,0.0
Rab11b-ps2,-1.098
Gm18842,0.0
Mir6991,0.0
Gm16437,-0.288
Gm15967,0.0
Gm15968,0.0
Gm8157,0.107
Gm7096,0.0
Gm6192,-0.167
Gm6386,0.0
Gm7105,-0.061
Gm8184,0.238
Gm8189,-1.552
AC125136.1,0.0
Gm6425,0.0
Gm25855,0.0
Gm25894,0.0
Gm24452,0.0
Gm24453,0.0
Gm22744,0.0
Gm22680,0.0
Gm23246,0.0
Snord22,0.0
Mir6992,0.0
Gm2518,-0.205
Gm50131,-0.774
Gm50139,0.0
Snora57,-1.533
Mir5136,-1.771
Gm49416,0.0
Gm6252,-1.003
Pcna-ps2,-0.266
Gm2617,0.0
Stxbp3-ps,-1.011
Gm29231,0.0
Gm6445,0.054
Gm50320,0.0
Gm50324,-0.516
Gm50343,0.0
Gm50345,-0.395
Gm50346,-0.425
Gm50359,0.0
Mir6993,0.0
Gm50268,1.18
Gm50205,-0.533
Gm336,-0.812
Ms4a20,-0.231
Gm6501,-1.671
Ms4a19,0.0
Gm5692,-0.093
Gm5511,-0.656
Gm10212,-0.134
Gm38275,0.494
AC165168.1,0.0
Gm26183,0.0
Gm25443,0.0
Gm19224,0.0
Gm45119,0.0
Gm6365,-0.305
Mir6994,0.0
Gm22272,0.0
Olfr1421-ps1,0.0
Gm45115,0.0
Olfr1422-ps1,0.0
Gm45116,-0.42
Gm44859,0.0
Olfr1430-ps1,0.0
Gm26864,0.0
Gm17802,0.0
Olfr1435-ps1,0.0
Gm44858,0.0
Olfr1439-ps1,0.0
Gm6545,-0.824
Gm16274,0.074
Gm24521,0.0
Gm49772,0.0
Gm44505,0.0
Gm5512,-0.058
Olfr1452-ps1,0.0
Olfr1455-ps1,0.0
Olfr1456-ps1,0.0
Olfr1460-ps1,0.0
Olfr1464-ps1,0.0
AC165342.1,0.0
Olfr1468-ps1,0.0
Gm44849,0.0
Olfr1470-ps1,0.0
Olfr1473-ps1,0.0
Olfr1476-ps1,0.0
Olfr1478-ps1,0.0
Olfr1479-ps1,0.0
Gm3188,1.187
Olfr1481-ps1,0.0
Olfr1482-ps1,0.0
Olfr1483-ps1,0.0
Olfr1485-ps1,0.0
Olfr1486-ps1,0.0
Olfr1488-ps1,0.0
Gm24124,0.0
Olfr1492-ps1,0.0
Olfr1498-ps1,0.0
Olfr1503-ps1,0.0
Gm26993,0.0
Gm37997,0.0
Gm5513,-0.149
AC151575.1,0.0
Gm3329,0.0
Rpl37-ps1,0.54
Gm53055,0.525
Gm10819,0.0
Gm17068,-0.177
Mir496b,0.0
Gm19312,0.054
Gm8222,0.0
Gm50363,0.0
Gm32256,-0.092
Gm9806,-1.018
Gm50280,0.0
Gm17819,0.0
AC133509.1,0.0
Gm22880,0.0
Eef1a1-ps1,-0.521
Gm18610,0.0
Gm50183,0.0
Gm8250,-0.532
Gm23238,-0.441
Gm25437,0.0
Gm22684,0.0
Gm6684,0.0
Gm52981,-0.097
Gm50243,0.0
Gm3443,0.0
Gm50129,0.0
Ldhb-ps,-0.41
Gm22506,0.0
Nsa2-ps1,0.216
Mir204,0.0
Mir1192,-0.356
AC144941.1,0.0
Gm50443,-0.138
Gm50422,0.0
Gm9493,-0.172
Gm22144,0.0
Gm21542,0.0
Gm6563,-0.117
Gm50300,-0.562
Gm50305,0.0
Gm50310,0.222
Gm50308,0.0
Gm16216,-0.293
Gm17800,0.0
Gm50342,0.0
mmu-mir-3084-1,0.0
Gm24252,0.0
Gm34432,-0.517
Gm26207,0.0
Gm5249,-0.54
Gm8825,0.0
Gm25176,0.0
Gm50379,0.0
Gm18380,0.0
Gm50121,0.0
Gm50113,0.0
Gm50101,0.0
Gm24782,0.0
Gm8412,0.0
Gm5517,0.0
Gm35781,0.0
Rps15a-ps2,-0.24
Gm6788,0.093
Gm26942,0.0
Gm5822,0.0
Spata6l,-0.174
Gm3621,-0.042
Gm10136,-1.322
Gm50425,0.0
Mir101b,0.0
Gm5518,0.51
Gm50380,-0.239
Gm26046,0.0
Rpl31-ps20,0.0
Gm17885,0.0
Gm50264,0.0
Ppp1r2-ps3,1.006
Gm50266,-0.102
Gm19241,-0.397
Gm38616,0.0
Gm9563,0.0
AC115752.1,-1.934
Rnls,-0.482
Mir3970,0.0
AC117183.1,0.0
Gm7237,0.0
Gm19724,-0.012
Lipo5,0.0
Gm50233,0.206
AC141640.1,0.0
Gm19755,0.0
Gm18293,0.0
Gm8980,0.0
Gm5519,0.0
Gm8988,0.0
Gm50120,0.0
Gm23095,-0.096
Gm31300,-0.075
Gm50239,0.0
Gm50257,0.0
Cnn2-ps,0.0
Gm18425,0.0
Gm50173,0.0
Gm22082,0.0
Gm50116,0.0
Mir107,0.0
Mir1950,0.0
Gm5248,0.0
Gm24006,0.0
Gm25611,0.0
Gm47773,-3.184
Gm9042,-1.577
AC116128.1,0.0
Gm50112,0.0
Marchf5,-0.16
Gm25268,0.0
Rpl10-ps6,0.528
Gm8663,-1.944
Gm46649,-0.929
Gm38345,-0.142
Gm9066,-0.112
Gm9067,0.168
Gm4757,0.0
Gm23300,0.0
Gm50141,0.004
Gm50150,-0.099
Gm50155,0.0
Gm18936,0.0
Gm8717,0.0
Cyp2c52-ps,-0.433
Cyp2c53-ps,-0.05
Cyp2c72-ps,0.0
Cyp2c71-ps,-0.25
Gm5827,0.0
Gm16470,0.136
Gm5693,0.0
Gm15801,0.0
Gm16027,-0.039
Gm8783,0.0
Mir8092,0.0
Gm9788,0.0
Mir8091,-0.121
Gm46644,0.0
Gm23113,0.0
Gm6937,1.204
Mir3085,0.0
Gm50184,0.0
Gm25216,0.0
Gm18379,0.0
Gm6776,-0.812
Gm19179,0.0
Gm24400,0.0
4933403J19Rik,0.673
Gm24336,-0.747
Gm6951,0.0
Gm35183,0.0
Mir5114,0.0
Gm20538,0.0
Mir6405,0.0
Gm5246,0.0
Gm25482,0.0
Gm6807,-0.629
Gm6813,-0.706
Gm8974,-0.236
Mir146b,0.0
Gm24610,0.0
Gm6967,0.0
Gm50319,0.454
AC108814.1,0.0
H1f11-ps,0.078
AC132288.1,0.86
Mir6995,0.0
Gm26085,0.0
AC131719.1,0.0
Mir8090,-0.316
Gm50436,0.0
4930535F04Rik,0.0
Gm50444,0.0
Gm6975,-0.138
Siah1-ps1,0.0
Rpl13a-ps1,-0.292
Gm50317,0.0
Gm25644,0.0
Gm50325,0.0
Gm50326,0.0
Rpl31-ps18,-0.074
Mir6407,0.0
Gm9618,0.0
Gm36339,-0.08
Gm50393,-0.123
Gm50402,-0.714
Gm16298,0.0
Gm50272,0.0
Gm50273,-1.557
Gm50187,1.264
AC108836.1,0.0
Gm50188,0.0
Mir6715,0.0
Gm50135,0.0
Gm22271,0.0
AC166746.1,0.0
Mif-ps9,-0.145
Gm50279,-0.04
Gm50286,0.0
Mir5623,0.0
Gm50185,0.0
1810018F18Rik,0.0
Gm17150,-0.573
Mir3086,0.0
AC124459.1,0.0
Gm9276,0.108
Gm50429,0.0
Rps12-ps3,-0.346
Gm50440,-0.462
Gm18161,0.0
Csf1r-ps,0.0
Gm50296,-0.108
4933412A08Rik,-0.727
Dennd10,0.147
Gm15959,-0.203
Gm9529,-0.089
Gm22520,0.0
Gm22365,0.0
Gm5521,-0.177
Gm4242,0.0
Gm18999,0.0
Gm50357,-0.32
Gm20762,0.0
Gm14331,0.0
Gm14333,0.0
Gm14332,0.0
Gm14334,0.0
Gm14352,0.0
Gm14353,0.0
Gm14360,0.0
Gm14361,0.0
Gm14357,0.0
Gm14359,0.0
Gm14355,0.0
Spin2-ps1,0.0
Gm15251,0.0
Gm15257,0.0
Gm15258,0.0
Gm14350,0.0
Gm14349,0.0
Gm14358,0.0
Gm14362,0.0
Gm14356,0.0
Gm14348,0.0
Gm14364,0.0
Gm14368,0.0
Gm15260,0.0
Gm6019,0.0
Gm9427,0.0
Gm15256,0.0
Gm5925,0.0
Gm4725,0.0
Gm9498,0.0
Gm15252,0.0
Gm4726,0.0
Gm3757,0.0
Gm15259,0.0
Gm15254,0.0
Gm14370,0.0
Gm14367,0.0
Gm14365,0.0
Gm9428,0.0
Gm5924,0.0
Gm14369,0.0
Gm14363,0.0
Gm14366,0.0
Gm14375,0.0
Gm14373,-0.811
Gm14452,0.0
Gm14451,0.0
Gm14448,0.441
Gm14450,-0.612
Rpl19-ps12,-0.329
Ezhip,0.61
BX649475.1,0.0
Gm14380,-0.159
Gm26401,0.0
Mir500,0.0
Mir501,0.0
Mir362,0.0
Mir188,0.0
Mir532,0.0
Gm14381,0.0
Gm14395,0.0
Gm14394,0.0
Gm23082,0.0
Gm36995,-0.153
Gm6079,0.0
Gm45208,-0.088
Smt3h2-ps,0.0
AL671995.1,0.0
Mir1198,0.0
Psmb6-ps,0.0
Gm9429,0.0
Rpl22-ps1,-0.633
Gm14799,0.0
Gm7079,-0.073
Psmb7-ps2,0.0
Gm14500,0.0
Gm6797,0.0
Gm6798,0.0
Gm9430,0.0
Gm14502,0.0
Gm14504,0.0
Gm5752,0.0
Gm16479,0.0
Gm14510,0.645
Gm14509,0.0
Gm14457,0.0
Gm9431,0.0
Gm14865,1.148
Gm14503,0.0
Fthl17-ps1,0.0
Gm14864,0.0
Gm5379,0.0
Gm16480,0.0
Fthl17-ps2,0.0
Fthl17-ps3,0.0
Gm25481,0.0
Gm6829,-0.037
Gm14863,-0.69
Gm25728,0.0
Gm52997,0.0
H2ap,0.0
Gm5754,0.0
4933416E14Rik,0.0
Gm5931,0.0
Gm14470,0.0
Gm14480,0.0
Gm14473,-0.05
Gm14485,0.0
Gm14481,0.0
Gm14515,0.0
Gm14513,0.0
Gm26314,-0.182
Rpl23a-ps13,0.0
Gm14491,0.0
Gm14512,0.983
Gm14521,-0.306
Rpl30-ps11,-1.117
Gm9432,0.346
Gm4984,0.248
Gm16265,0.143
Gm14524,0.0
AA414768,-0.303
Gm14534,0.0
Gm15027,0.0
Gm14536,0.0
Rpl3-ps1,0.076
Llph-ps2,-0.096
Gm16481,0.0
Gm5380,1.177
Gm7129,0.894
Gm9434,0.0
Gm14506,0.0
Gm5381,0.0
Gm25552,0.0
Gm14867,-0.233
Gm25202,0.0
Gm9435,0.0
Ppp1r2-ps9,0.0
Gm14519,0.0
Gm14518,0.0
Gm14517,0.0
AL732400.1,0.0
AL845505.1,0.0
Gm14520,0.0
Gm14516,0.0
Csnk2a1-ps2,-0.158
Gm14514,0.0
BX004977.1,0.0
Gm5073,0.0
Gm9436,-0.4
Gm5755,0.0
Gm5123,0.0
AL732451.1,0.0
Gm14883,0.0
Gm6923,0.0
Gm5383,0.0
Mir221,0.0
Mir222,0.0
Gm22783,0.0
Gm14885,0.0
Gm14531,0.0
AL806519.1,0.0
Gm14530,0.0
Rpl36-ps10,-0.033
Gm5384,0.0
Gm9083,-0.964
Gm14529,0.0
Gm9085,-0.062
Gm14537,-1.227
Gm14884,0.0
Gm14538,0.0
Gm14539,-0.825
Gm23628,0.008
Gm39500,0.0
AL671885.1,0.0
Gm15028,0.0
Mir5617,0.0
Gm15029,0.514
Gm1848,0.545
Gm5124,0.299
Gm22592,0.0
Gm9439,0.526
Gm14558,0.0
Gm24535,0.0
Gm14563,0.0
Gm14561,0.0
Gm53006,0.0
Gm6071,0.0
Gm25812,0.0
Gm14562,0.0
Gm15030,0.0
Ppp1r2-ps7,0.0
Gm26131,0.0
Gm14523,0.0
Gm7164,0.0
Gm4789,0.0
Tesl1,-0.012
Tesl2,0.0
Gm4732,0.0
Gm9440,0.0
Gm6956,0.0
Gm2759,0.0
Gm2768,0.0
Gm1989,0.0
Gm2003,0.0
Gm7350,0.0
Gm14533,0.0
Gm2005,0.0
Gm6113,0.0
Gm7365,0.0
Gm7375,0.0
Gm7386,0.0
Gm7391,0.0
Gm7398,0.0
Gm7408,0.0
Gm7415,0.0
Gm2066,0.0
Gm7421,0.0
Gm15432,0.0
Gm14527,0.0
Gm3657,0.0
Gm3681,0.0
Gm7438,0.0
Gm15280,0.0
Gm15276,0.0
Btbd35f19,0.0
Gm21883,0.0
Btbd35f22,0.0
Gm5923,0.0
Gm21789,0.0
Btbd35f5,0.0
Spin2-ps6,0.0
Gm15275,0.0
Gm15274,0.0
Gm2182,0.0
Gm2854,0.0
Gm21979,0.0
Gm21990,0.0
Gm2892,0.0
Gm2223,-0.999
Gm2231,0.0
Gm15273,0.0
Gm15281,0.0
Gm15279,0.0
Gm7023,0.0
Gm21870,0.0
Btbd35f9,0.0
Gm2288,0.0
Gm2318,0.0
Gm4764,0.0
Gm14554,0.0
Gm25624,0.0
Gm50468,-0.027
Gm14560,0.0
Gm6023,-1.111
Gm14559,0.0
AL450395.1,-0.308
Gm14568,-0.106
Gm22364,0.0
Rpl7-ps9,-1.718
AL450397.1,0.0
Gm23613,0.0
Gm14541,-0.201
Septin6,-0.37
Gm14542,0.0
Gm26099,0.0
Gm24809,-0.087
Snora69,-0.059
Rhox3b-ps,0.0
AL954686.1,0.0
Rhox3d-ps,0.0
Dppa3-ps,0.0
AL808133.1,0.0
Gm24147,0.0
Rhox7-ps2,0.0
Rhox2-ps,0.0
Rhox11-ps1,0.0
Rhox11-ps2,0.0
Btg1b,-0.06
Btg1c,0.0
Rhox11-ps3,0.0
Zfp36l1-ps,-0.11
Mir3110,0.0
Rhox7-ps1,0.0
Gm40,0.0
Gm4853,0.411
Ap3s1-ps1,-0.426
Gm14564,0.0
Gm6024,0.0
Gm14567,-0.088
Gm16423,0.0
Gm14551,0.0
Gm14566,0.0
Gm26437,0.0
Gm14550,0.0
Gm14570,0.0
Gm14571,0.0
Gm7189,0.0
Gm16383,0.0
Gm7190,0.0
Gm4986,-0.052
Gm14575,0.0
Gm14574,0.0
Gm14576,0.0
Gm5385,0.0
Gm14577,0.0
Gm14614,0.0
Gm14613,0.0
Gm7657,0.0
Gm5135,0.0
Gm14615,0.0
Gm37564,0.0
Gm14619,0.0
Gm23705,0.0
Gm14578,0.328
Gm24763,-0.176
Gm14587,0.0
Gm14588,0.0
Gm14579,0.0
Gm14580,0.0
Gm14628,0.0
Gm14603,0.0
Itpa-ps3,0.0
Gm14602,0.0
Gm7700,0.0
Gm14606,0.0
Gm14605,0.0
Gm5386,0.0
Gm14652,0.0
AL807803.1,-0.146
Gm14653,0.0
AL672230.1,0.0
Gm14654,0.0
Gm4987,-0.25
Gm7722,-0.457
Gm14609,0.0
Gm14610,0.0
Gm4908,0.0
Gm14608,-0.55
Gm6480,0.0
Gm14648,-0.207
Gm24038,0.0
Gm7212,-0.31
Fsip2l,0.0
Gm7219,0.0
Gm15034,0.0
Gm15036,0.0
Gm15037,0.0
Gm14719,0.0
Gm15033,0.0
BX681418.2,0.0
BX681418.1,0.0
Gm7803,0.0
Gm14612,0.0
AL833788.2,0.0
AL833788.1,0.0
Gm14620,0.0
Gm5387,0.0
Btf3-ps10,0.0
Gm5388,0.0
Gm14621,0.0
AL671848.1,0.0
Gm14581,0.0
Gm7840,0.0
Gm22539,0.0
Magea14,0.0
Mir6384,0.0
Mir717,0.0
Mir363,0.0
Mir92-2,0.0
Mir19b-2,0.0
Mir20b,0.0
Mir18b,0.0
Mir106a,0.0
Gm14586,-1.037
Gm7851,0.0
Gm14607,0.0
Pou5f1-rs8,0.0
Rps2-ps13,0.0
Mir450b,0.0
Mir450-1,0.0
Mir450-2,0.0
Mir542,0.0
Mir351,-0.275
Mir503,0.0
Mir322,0.0
Gm14585,0.0
Gm14584,-0.204
4933416I08Rik,0.477
Gm14592,-0.18
Gm14600,0.0
Gm53064,0.0
AW822252,-0.03
Ct55,-0.047
Gm6025,0.0
Gm14593,0.0
Gm14599,-0.108
Gm14589,0.0
Atf1-ps,1.103
Gm14591,0.0
Gm14601,0.0
Gm14644,0.0
AL670953.1,0.0
Gm16428,0.0
Gm7916,0.0
Gm14598,0.0
Gm6591,0.0
Gm14596,0.0
Gm14594,0.751
Gm14595,0.0
Gm14590,0.0
Gm16431,0.0
Gm7950,0.0
Gm7958,0.0
Gm7974,0.0
Gm6660,0.0
Gm14625,0.0
Gm16404,0.0
Gm14622,0.0
Gm6664,0.0
Gm14626,0.0
Gm7927,0.0
Gm14623,0.0
Gm14624,0.0
BX001028.1,0.0
Gm14638,0.0
Gm14639,0.0
Gm14627,0.0
Gm14633,1.088
Gm10477,0.0
Mir5116,0.0
Gm26312,0.0
Gm23258,0.0
Snord61,0.0
Tm9sf5,0.0
Gm14630,0.0
Gm5389,0.0
Gm14629,0.0
Gm8107,0.0
Gm8111,0.0
Gm14631,0.0
AL672124.1,0.0
Gm14649,0.0
Gm14647,0.0
AL672210.1,0.0
Gm14645,0.0
Gm16436,0.0
Gm14650,-0.191
Gm7071,0.0
Magea13,0.996
Gm26351,0.0
Mir504,0.0
Gm26487,0.0
Gm14890,0.0
Gm14887,0.0
Gm5637,-0.311
Gm14891,0.0
AL670778.1,0.0
Mir505,-0.101
Gm715,-0.377
Hspa9-ps1,-0.131
Gm14651,0.0
Gm4909,-0.084
Gm8163,-0.733
Gm14660,0.0
Gm7076,0.0
Rpl7l1-ps1,0.0
Gm14663,0.0
Gm53013,-0.152
Gm4988,0.0
Gm14665,0.0
Gm14666,0.0
Gm14821,0.0
Gm14655,0.0
Gm7327,-0.407
Gm6743,0.0
AL672051.1,-0.468
Gm8215,0.0
Gm5390,0.0
Gm14656,0.0
Gm16411,0.0
Magec2,0.0
Gm14679,0.0
Gm14678,0.0
Gm14677,0.0
Sms-ps,1.066
Gm8244,0.0
Gm6754,0.0
Gm14659,0.604
Gm14657,0.0
Gm8260,0.0
Magea9,0.0
Gm24598,0.0
Gm14676,0.0
Gm26111,0.0
Gm14667,-0.162
Gm14673,0.0
Gm14669,0.0
Gm14670,0.0
Gm14668,0.0
Gm14671,0.0
Gm14674,0.0
AL831757.1,0.0
Gm23000,-0.106
Gm8310,0.0
Mir743,0.0
mmu-mir-743b,0.0
Gm14681,-1.561
Mir742,0.0
Mir883a,0.0
Mir883b,0.0
Mir471,0.0
Mir741,0.0
Mir463,0.0
Mir880,0.0
Mir878,0.0
Mir881,0.0
mmu-mir-871,0.0
Mir470,0.0
Mir465d,0.0
mmu-mir-465c-1,0.0
mmu-mir-465b-1,0.0
Mir465,0.0
Gm6783,0.0
Gm14682,0.455
Gm8312,0.0
Gm26276,0.0
Gm14687,0.0
Rpl7a-ps13,0.0
Mir201,0.0
Mir547,0.0
Gm14688,0.0
Mir509,0.0
Gm4910,0.0
Gm5391,-0.044
Gm6806,-0.454
Gm22332,0.0
Gm14701,0.0
Gm5638,0.0
Gm14699,0.0
Gm8344,0.0
n-R5s7,0.0
Gm8172,-0.526
Eola1,0.126
Gm16407,0.0
Gm14704,0.0
Gm6823,0.0
Gm16441,0.0
Gm14722,0.0
Gm14721,0.0
Gm14727,0.0
Gm14729,0.0
Gm6038,0.0
Gm8401,0.0
Gm14726,0.0
Gm14724,0.0
Gm14725,0.0
Gm14728,0.0
Gm14732,-0.185
Gm14731,0.0
Rplp1-ps1,-0.252
Gm22785,0.0
Gm8410,0.0
Gm6062,-0.12
Gm14730,0.0
Gm8421,0.0
Gm14723,0.0
Rpl30-ps10,0.0
Gm47265,0.0
Mir224,0.0
Mir452,0.0
Gm14735,-0.239
Mir767,0.0
Mir105,0.0
AL731695.2,0.0
AL731695.1,0.0
Gm14736,0.0
Magea9-ps,0.0
Mir2137,0.0
Gm6858,0.0
Pwwp4a,0.0
Pwwp4b,0.0
Pwwp4-ps,0.0
Gm8501,0.0
Gm37741,0.0
Gm9730,0.0
Gm25226,0.0
Gm23615,0.0
Gm8545,0.0
Mir5132,0.0
Mir718,-0.202
Gm6758,0.718
Rpl3-ps2,-0.625
Gm14686,0.0
Snora70,0.0
Mir7091,0.0
Gm14846,0.0
Mir7092,0.0
Ctag2l1,0.0
Gm6881,-0.181
Gm15361,-0.18
Gm15362,0.0
Gm15364,0.0
Gm26125,0.0
Gm4989,0.0
Gm26417,0.0
Pwwp4c,0.0
Xlr5d-ps,0.0
Spin2-ps2,0.0
Xlr3d-ps,0.0
Gm15365,0.0
Gm22351,0.0
Xlr4d-ps,0.0
Ctag2l2,0.0
Gm14755,0.0
Olfr1327-ps1,0.0
Gm14758,0.0
Gm14695,0.0
Gm8617,0.0
Spin2-ps3,0.0
Xlr5e-ps,0.0
Pwwp4d,0.0
Gm14694,-0.115
Gm6897,0.0
Gm14756,0.0
Spin2-ps4,0.0
Xlr3e-ps,0.0
Xlr4e-ps,-0.239
Gm15363,0.0
AL845304.1,0.0
Gm15367,0.0
Gm25520,-0.315
Gm15378,0.0
Fam220-ps,0.462
Gm8503,0.0
Gm6039,0.0
Gm8522,-0.257
Gm15379,-0.104
Gm15385,0.0
Gm8666,0.0
AL671860.1,0.0
Gm25421,0.0
Gm15065,0.0
Gm7153,0.0
Gm23320,0.0
Oat-rs1,0.0
Gm7155,0.0
Gm8692,-0.118
Gm14710,0.0
Gm5397,0.0
Gm14711,0.0
Gm14712,0.0
Magea7-ps,-0.117
Gm14709,0.0
Gm5793,0.0
Gm14716,0.0
Gm14713,0.0
Gm23280,0.0
Gm14706,-0.197
Gm14714,0.0
Gm5398,-0.202
Gm5757,0.0
Gm5937,0.0
Cldn34-ps,0.0
Gm14746,0.0
Gm14748,0.0
Gm8722,-0.204
Gm14750,0.0
Gm14753,0.0
Gm16458,0.0
Gm8749,0.0
Gm14749,0.0
Gm8754,0.0
Gm14752,0.0
Gm14745,0.0
Gm8757,0.0
Gm8761,0.0
Gm14747,0.0
Gm8770,0.0
Gm5939,-0.049
Gm14751,0.0
Rps24-ps3,-1.326
Gm4772,0.0
Gm4773,0.0
Gm14760,-0.108
Gm6952,0.0
Gm14768,0.0
AL844863.1,0.0
Gm5940,0.0
Gm8806,-0.343
Gm6954,0.0
Gm14733,0.0
Gm14754,0.0
Actr3-ps,-1.632
Gm26174,0.0
Gm22686,0.0
Rpl10-ps4,-0.049
AL806515.1,0.0
Gm14740,-0.839
Gm14739,0.0
Gm24470,0.0
Gm14741,0.0
CR382328.1,0.0
Gm14769,-0.732
Gm14770,0.0
Gm14771,0.0
Gm16463,-0.314
Gm14765,0.0
Gm14767,0.0
Gm14766,-0.118
Gm6964,-0.112
Gm14761,0.0
Tasl,-0.187
Gm14772,0.0
Gm8839,0.0
Mageb10-ps,0.0
Gm8844,0.0
Mageb8-ps,0.0
Gm41,0.0
Mageb6-ps,0.0
Gm18438,0.0
Mageb7-ps,0.0
Gm14775,-0.287
Gm8855,-0.627
Gm14776,-0.308
Gm24812,0.0
Gm14774,-0.287
Gm25006,0.0
Gm8858,0.0
Gm14793,0.0
Gm8864,0.0
Gm14795,0.0
Gm14792,0.0
Ppp4r3c-ps,0.0
Gm14794,-0.067
Gm8876,0.0
Mir1906-2,0.0
Gm5759,0.0
Gm8880,0.0
AL670181.1,0.0
Gm16412,-0.457
Gm14791,-0.245
Gm14796,0.0
Gm14797,0.0
Gm649,0.0
Gm18439,0.0
Gm14805,0.0
Dcaf8l,0.0
Gm14804,0.0
Gm6973,0.0
Gm7108,0.0
Nanog-ps1,0.0
Gm6027,0.0
Gm4746,0.0
Fth1-ps,-1.978
Mageb11,0.0
Gm14786,0.0
Gm8908,0.0
Gm14788,0.0
Gm14783,0.0
Mageb6b1,0.0
Mageb6b2,0.0
Gm14787,0.0
Gm8916,0.0
Gm14785,0.0
Mageb17-ps,0.0
Mageb5b,0.0
Gm14782,0.0
Gm7113,0.0
Gm16465,0.0
Gm5071,0.0
Gm14784,0.0
Gm4911,0.0
Gm4912,0.0
Gm14777,0.0
Gm6982,0.0
AL645543.1,0.0
AL627403.1,0.0
Gm24123,0.0
Gm23454,0.0
Gm14780,-0.075
Gm23557,-0.313
Gm6985,0.0
Supt20-ps,0.0
Gm15164,0.0
Gm14790,0.0
Gm15165,0.0
Gm6987,0.0
Mir7673,0.0
Gm5400,0.0
Gm14826,0.0
Gm14825,0.0
AL646049.1,0.0
Gm9003,0.0
Gm53011,0.0
Gm24595,0.0
Gm9005,0.154
Gm14831,0.0
Gm5401,0.846
Gm9009,0.0
Gm5402,0.0
Gm7061,0.0
Gm14830,0.113
Rpl13-ps5,0.0
Zxda,0.0
Gm371,0.0
Gm6092,-0.334
Gm14807,0.116
Gm3712,-0.125
Gm14806,-0.133
Gm9043,0.0
Gm24718,0.0
Gm14925,-0.346
Gm9051,0.0
Mir223,0.0
Gm14933,0.0
Rpl17-ps8,0.291
Gm14935,0.0
Gm16394,0.0
Gm14803,0.0
Gm9059,0.0
Gm9060,0.0
Gm14800,-0.35
Gm9062,0.0
Gm14802,0.0
Gm14811,0.0
Gm14815,0.0
Gm14810,-0.084
Gm26000,0.0
AL672103.2,0.0
Gm14813,-0.268
AL672103.1,0.0
Gm5760,0.0
AL954636.1,0.0
Gm14816,0.0
Pcna-ps1,0.0
Gm14832,0.0
Gm14829,-0.085
Gm14828,0.0
Mir676,0.0
Gm6175,0.0
Gm24577,0.0
Gm27510,0.0
Gm14901,0.0
Gm9078,-0.32
Gm24061,0.0
Gm14842,0.0
Gm22472,0.0
Gm20489,0.0
Gm21986,-0.468
Gm14843,0.142
Gm6184,0.0
Gm14845,-0.244
Gm50476,0.0
Gm9089,0.0
Tpt1-ps6,-0.395
Gm9095,0.0
Gm9097,0.0
Gm3858,-0.156
H3f3a-ps1,-0.125
Gm25828,0.0
Gm5125,0.0
Gm16471,-0.063
Gm9103,0.0
Gm14859,0.0
Gm9109,0.0
Gm14840,0.0
Gm9115,0.0
Gm14839,0.0
Gm4234,0.0
Gm9119,-0.125
Gm5166,0.0
Gm9126,0.0
Gm16511,0.0
Gm9133,0.0
Gm14841,0.0
Gm14837,0.0
Gm21998,0.0
Pabpc1l2b,0.452
Gm9143,0.866
Pabpc1l2a,0.0
Gm3928,0.0
Gm14838,0.0
Gm6206,-0.565
4930519F16Rik,0.103
Gm9050,0.0
Gm14847,0.0
Gm19200,0.0
Gm14848,0.0
Gm3931,0.0
Gm9516,0.0
Gm26992,0.0
Gm14861,-0.236
Rps12-ps1,0.0
Gm9670,-0.376
Gm14860,0.0
Gm9785,-0.258
Gm9157,-0.258
Mir421,0.0
Mir374b,0.0
Mir374c,0.0
Gm38020,0.335
Gm9159,-0.191
Gm14874,0.152
Gm14875,-0.094
Gm3943,0.325
Gm6222,-0.181
Gm37956,-0.496
Gm14893,0.0
Gm9164,0.0
Gm9166,0.0
Gm14892,0.11
Gm23378,0.0
Gm22266,0.0
Mir672,0.0
Vcp-rs,0.533
Gm6238,-1.209
Gm22430,0.0
Gm14822,-0.127
Gm6285,0.0
Gm22090,0.0
Gm9673,0.0
Gm6292,-0.495
E530001F21Rik,-0.12
Rpl30-ps9,0.0
Gm14824,0.529
Mir384,0.0
Mir325,0.0
Rab9b-ps1,0.0
Gm14823,0.0
Gm14855,0.0
Gm14854,0.0
Gm7117,-0.511
Gm26020,0.0
Gm14853,-0.233
Gm23656,-0.212
Gm14856,0.0
Gm14852,0.0
Gm14857,-0.107
Gm5133,0.0
mmu-mir-6382,0.0
Gm14876,0.0
Gm6325,0.0
Gm24622,0.0
Gm14877,0.0
Gm14878,0.0
Gm14879,0.0
Gm9200,0.0
Gm24491,0.0
Gm14882,0.0
Gm14881,0.0
Gm14880,0.0
Gm14834,0.0
Gm14836,0.0
Gm9208,0.0
Gm14833,0.0
Gm5392,-0.34
Gm14835,0.0
4933401B06Rik,0.0
Wmp,0.0
Gm14849,0.0
Gm378,0.0
Gm9218,0.0
Gm379,-0.492
Gm14870,0.0
5730416F02Rik,-0.073
Gm23322,0.0
AL954348.1,0.0
Gm14869,0.0
Gm14868,0.0
Gm4784,0.0
Gm4991,-0.308
Gm7134,0.0
Gm9225,0.0
Gm14886,0.0
Gm26108,0.0
Gm10112,0.0
Gm7340,-1.06
BX545919.1,0.0
Gm14898,0.0
Gm14899,0.0
Gm14900,0.0
Gm6335,-0.306
Gm5393,0.0
Gm6418,-0.239
Gm14908,0.0
Gm14921,0.0
Gm14922,0.0
Gm14923,0.0
Gm6427,0.0
Gm6429,-0.124
Gm14937,0.0
Gm14938,0.0
Gm14939,-0.206
Mir361,0.0
Gm7405,-0.056
Gm24831,0.0
Gm23985,0.0
Gm4915,0.0
Gm14896,0.0
Gm7416,0.0
Gm7146,0.0
Gm14895,0.0
Gm1866,0.843
Gm14894,0.0
Gm5942,0.0
Gm14897,0.0
Gm4914,0.0
Gm7429,-0.872
Gm5943,0.0
Gm14905,0.0
Gm27414,0.0
Gm6461,-0.081
Gm5944,0.0
AL672298.1,0.0
Gm14903,0.0
Gm14906,0.0
Gm14907,0.0
Gm14904,0.0
Gm24624,0.0
BX005233.1,0.0
H2ab2,0.0
AC129181.1,0.0
Gm16373,0.0
Gm14919,0.0
H2ab1,0.0
Gm14918,0.0
Gm14913,0.0
Gm6491,0.0
Gm14911,0.0
Gm14914,-0.33
Gm14917,0.0
Gm6500,-0.15
Gm14916,0.0
Gm14912,0.0
Gm14915,0.0
Gm14909,0.0
Gm14910,0.0
Gm7485,0.0
Gm14926,0.0
Gm26182,0.0
Gm4913,0.0
Gm16420,0.0
Gm5863,0.375
Gm14928,-0.119
H2ab3,0.0
Gm14931,0.0
Gm14927,0.0
Gm14930,0.0
Gm4993,0.0
Gm22590,0.0
Gm5394,0.0
Gm5648,0.0
Gm14932,0.0
Gm23277,0.0
Gm14943,0.0
Gm14945,0.0
Gm4992,0.0
Gm16421,-0.317
Gm14946,0.0
Gm14942,0.0
Gm14947,0.0
Gm14940,0.0
Srsx,0.0
Rps12-ps21,0.0
Gm2411,-0.253
Rps12-ps22,0.0
Rps12-ps23,0.0
Cldn34c3,0.245
Rps12-ps20,-0.122
Gm5945,0.0
Rps12-ps6,0.0
Rps12-ps11,0.0
Gm17584,0.0
Rps12-ps12,0.0
Gm17469,0.0
Rps12-ps18,0.0
Gm50465,0.0
Rps12-ps15,0.0
Gm17361,0.0
Gm50485,0.0
Gm21616,0.0
Rps12-ps17,0.0
Gm50486,0.0
Rps12-ps13,0.0
Gm17693,0.0
Rps12-ps14,0.0
Rps12-ps16,0.0
Gm17267,0.0
Gm14957,0.0
Gm14971,0.0
Gm7746,0.0
Gm23586,0.0
Gm381,0.0
Gm14973,0.0
Gm14972,0.0
Gm22139,0.0
Gm14970,0.0
MG954293.1,0.0
Gm5403,0.0
AL805933.1,0.0
Mdm4-ps,0.0
Gm14975,0.0
Gm4916,0.0
Gm38390,0.0
Gm24522,0.0
Gm26029,0.0
Gm14986,0.0
Gm14985,0.0
Gm14983,0.0
Gm14984,0.0
Gm14987,0.0
Gm7781,-0.426
Gm14982,0.099
Gm25170,0.0
Gm14976,0.0
Gm7790,0.0
Gm14977,0.0
BX088537.1,0.0
Gm4994,0.0
Gm7058,0.0
Gm14981,0.0
Gm26406,0.0
Gm23768,0.0
Gm7820,-0.397
Gm7821,0.0
Gm7823,-0.12
Gm14979,0.0
Gm14980,0.0
Gm7841,0.0
Mir3112,0.0
Gm16410,0.0
Gm23124,0.0
Gm15154,0.0
Gm7855,0.0
Gm7857,0.0
Gm16397,0.0
Gm10344,0.851
Mir7093,-0.134
Gm7222,0.131
Gm15018,0.0
Gm6207,0.0
AL954643.1,0.0
AL731676.2,0.0
Gm15022,0.0
Pramex2,0.0
AL731676.1,0.0
Gm6215,0.0
BX571775.1,0.0
Gm6221,0.0
AL954640.2,0.0
Gm7905,0.0
AL954640.1,0.0
Gm6228,0.0
Pramex1,0.0
Gm15021,0.0
Gm15019,0.0
Mir7646,0.0
Mir1970,0.0
Gm15016,0.0
Mir6383,0.0
AL671493.1,0.0
Nsa2-ps2,0.0
Gm14997,0.0
Gm4917,0.0
Btf3-ps3,0.0
Gm14994,0.0
Gm14999,0.0
Gm14998,0.0
Gm14993,0.0
Gm14992,0.0
Gm14996,0.0
Gm14990,0.0
Gm14995,0.0
Gm14991,0.0
Gm15006,0.0
Gm15003,0.0
Gm15005,0.0
Gm15004,0.0
Gm15010,0.0
Gm15009,0.0
Gm15026,-0.184
Gm15025,0.0
H2bw2,0.0
Gm6275,0.0
Tmsb15l,0.572
Gm15038,0.0
Gm25770,0.0
Gm8019,-0.111
Gm5761,0.0
Gm15039,-0.235
Gm15042,0.352
Gm15045,0.0
Gm15043,0.0
Gm15044,0.0
Gm15040,0.0
Gm15041,0.0
Gm8036,0.0
Gm14988,0.0
Gm14989,0.0
AL672205.1,0.0
Gm23958,0.0
Gm15000,0.0
Gm15001,0.0
Gm15007,0.0
Gm15002,-0.132
Gm8061,0.0
Gm6322,0.0
Gm15012,0.0
Gm15011,0.0
Dnaaf6b,0.0
Gm6298,0.0
AL714021.1,0.0
Mir3475,0.0
Gm8097,-0.397
Gm53027,0.0
Gm15047,0.0
Gm23199,-0.133
Gm6088,-0.068
Gm7091,0.779
Gm15077,0.0
Gm15078,0.0
Gm15079,0.0
Gm15268,-0.154
Gm15282,0.0
Gm15297,0.0
Hmgn2l6,0.0
Gm6368,-1.518
Gm5762,0.0
Gm6373,0.0
Gm6382,-0.142
Gm15014,0.0
Gm5643,-0.194
Gm6067,0.0
Gm7123,0.0
Gm15031,0.0
Gm25915,0.0
Gm4995,0.0
Gm15032,-0.447
Gm5763,-0.336
Mir652,0.0
Pou5f1-rs13,0.0
Gm4760,-0.184
Gm23325,0.0
Gm15048,0.0
Gm8199,-0.074
Gm8202,0.0
Gm15067,0.0
Gm15066,-0.355
AL713978.1,0.0
mmu-mir-680-2,0.0
Gm2214,-0.31
Gm15071,0.0
Mageb16-ps1,0.0
Gm8216,0.0
mmu-mir-3472,0.0
Gm25097,0.0
Gm15073,0.0
Gm6441,0.0
Gm5644,-0.381
Gm15060,0.0
Gm15058,0.0
Gm6446,0.0
Gm15057,0.0
Gm6447,0.0
Gm15062,0.0
Gm4918,0.042
Hmgb1-ps2,-0.205
Gm15061,0.0
Gm15076,0.0
Gm8261,-0.311
Gm15075,0.0
Gm15074,0.0
Gm4996,0.157
Snora35,0.0
Gm22650,0.0
Mir764,0.0
Mir1912,0.0
Mir1264,0.0
Mir1298,0.0
Gm24627,0.0
Mir448,0.0
Gm25107,0.0
Gm16400,0.0
Gm15167,0.0
Gm8289,0.0
Gm15081,0.0
Gm15108,0.0
Gm15110,0.0
Gm8303,0.0
Gm15109,0.0
Gm15111,0.0
Gm15113,0.0
Gm8320,0.0
Gm15106,0.0
Gm15112,0.0
Gm8331,0.0
Gm15125,0.0
Gm15126,0.0
Kars-ps1,0.0
Gm15084,0.0
Gm15094,0.0
Gm15096,0.0
Gm15088,0.0
Gm15090,0.0
Gm8346,0.0
Gm15098,0.0
Gm15089,0.0
Gm8366,0.0
Gm15101,0.0
Gm8383,0.0
Gm15095,0.0
Gm15087,0.0
Gm15102,0.0
Gm15103,0.0
Gm8402,0.0
Gm5946,0.0
Gm15105,0.0
Gm15129,0.0
3110067C02Rik,-0.389
Mir3620,0.0
Gm15132,0.0
Gm15131,0.0
Gm24907,0.0
Itih5l-ps,0.0
Gm8424,0.0
Gm15152,0.0
Gm15149,0.0
Rps12-ps7,0.0
Rpl21-ps15,0.0
Gm26441,0.0
Gm22248,-0.179
Gm6451,-0.093
Gm15148,-0.117
Gm24460,0.0
Gm5395,-0.111
Gm15151,0.176
Gm4919,0.0
AL954855.1,-0.121
Gm15161,-0.078
Mir3113,0.0
Mirlet7f-2,0.0
Mir98,-0.049
Gm15191,0.826
Gm15267,-0.071
Gm15266,0.0
AC083816.1,0.186
Gm4750,0.0
Actb-ps1,-0.17
Gm7158,0.0
Gm8475,0.0
Gm24687,0.0
Rpl7a-ps12,-0.133
Rps7-ps3,-0.096
Gm5396,0.285
Gm26960,-0.065
Gm15153,0.0
Gm7150,0.0
Gm15166,0.0
AL844583.1,0.0
Gm8534,-0.254
Smt3h1-ps,0.0
Gm25895,0.0
Samt1b,0.0
Samt1c,0.0
Gm15143,0.0
Gm5947,0.0
Samt1d,0.0
Gm5645,0.0
Gm16445,0.0
Gm6620,0.0
Gm15147,0.0
Gm5060,0.0
Gm15141,0.0
Samt2b,0.0
Gm5646,0.0
Gm8569,0.0
Gm15142,0.0
Gm22359,0.0
Gm8577,-0.067
Gm6645,-0.388
BX119970.1,0.0
BX119986.1,0.0
Gm25429,0.0
Gm4997,-0.125
Amd-ps1,0.0
Gm8595,0.0
Gm15157,0.0
Gm15159,0.0
Gm650,-0.375
BX005263.1,0.0
Gm15158,0.0
Gm8606,0.0
Gm15160,-0.076
Gm23404,0.0
4930503H13Rik,0.0
Gm7312,0.0
Gm15162,-0.156
AL731842.1,0.0
Gm15163,0.0
Gm25795,0.0
Gm15172,-0.154
Gm1947,0.208
Gm24281,0.0
Gm6568,0.0
Gm15176,0.0
Gm15175,0.0
Gm15173,0.0
Gm8644,0.0
Gm15171,0.051
Gm8648,0.15
Gm8659,-0.302
Gm15170,0.0
Gm8662,-0.399
Gm15177,0.0
Gm22522,0.0
Gm15168,0.0
Gm5764,-0.116
Gm15185,-0.252
Gm15188,0.0
Gm15189,0.0
Gm15187,0.0
Gm15190,-0.446
Gm15186,-1.369
Gm15194,0.0
Gm8682,0.0
Gm15195,0.0
Gm15192,0.0
Gm15196,0.0
Gm15193,0.0
Gm15242,0.0
Gm15244,0.0
Gm5419,0.0
Prkaca-ps1,0.0
Scml1,0.0
AL672082.1,0.0
AL672082.2,0.0
Gm15204,-0.04
Gm7331,-0.245
Gm15206,-0.106
Gm15203,0.0
Gm8737,0.0
Gm23786,0.0
Gm16459,0.086
Gm15207,0.0
Gm23901,0.0
Mir3473a,0.0
Gm15209,0.0
AL671975.1,0.0
Gm15215,0.0
Gm15212,0.0
Gm15214,-0.126
Gm26007,0.0
Gm7199,-0.109
Gm15213,0.0
AL671706.1,0.0
Gm22023,0.0
Gm15211,0.0
Gm15216,0.0
Gm15236,0.0
AL953912.1,0.0
Gm15224,0.0
Gm15225,0.0
Gm15227,0.0
Gm15229,0.0
Gm15223,0.0
Rpl7a-ps11,0.0
Gm15231,0.0
Gm8814,0.0
Gm26368,0.0
Gm6744,0.0
Gm15238,-0.092
Gm15240,-0.169
Gm15237,0.0
Gm8832,0.0
Gm7209,0.154
Gm15233,0.0
BC022960,0.464
Gm25651,0.0
Erdr1,-0.472
Gm15069,0.0
Gm15068,0.0
Gm2098,0.0
Rhoay-ps3,0.0
n-R5s1,0.0
Tspy-ps,0.0
Gm4017,-1.616
Gm18665,-0.94
Gm25565,0.0
Gm17790,0.0
Gm29167,0.0
Gm8446,0.0
Gm28534,0.0
Gm28975,0.0
Gm28974,0.0
Gm18797,0.0
Rhoay-ps1,0.0
Uba1y-ps2,0.0
Gm18796,0.0
Gm29552,0.0
Gm29550,0.0
Gm29551,0.0
Gm8480,0.0
Gm29553,0.0
Gm28630,0.0
Gm28629,0.0
Uba1y-ps1,0.0
Gm18798,0.0
Gm28628,0.0
Gm6137,0.0
Gm8498,0.0
Gm8502,0.0
Gm8506,0.0
Gm8510,0.0
Gm29288,0.0
Gm21139,0.0
Gm21147,0.0
Gm21156,-0.178
Rhoay-ps2,0.0
Gm2316,0.0
Gm2325,0.0
Gm28649,0.0
Gm8521,0.0
Gm18177,0.0
Gm28429,0.0
Gm28413,0.0
Gm28412,0.0
Gm8525,0.0
Gm28414,0.0
Gm28648,0.0
Gm28647,0.0
Gm29435,0.0
Vmn2r-ps139,0.0
Gm29038,0.0
Gm28191,0.0
Gm28186,0.0
Gm21064,0.0
Gm28241,0.0
Gm37222,-0.256
Gm28356,0.0
Gm29352,0.0
Gm29350,0.0
Gm29355,0.0
Gm29354,0.0
Gm50460,0.0
Gm29357,0.0
Gm29356,0.0
Gm29161,0.0
Gm28767,0.0
Gm29160,0.0
Gm20915,0.0
Gm28766,0.0
Gm29159,0.0
Gm28768,0.0
Gm28769,0.0
Gm37236,0.0
Gm29195,0.0
Gm29196,0.0
Gm28435,0.0
Gm28436,0.0
Gm29197,0.0
Gm21746,0.0
Gm28916,0.0
Gm28915,0.0
Gm28918,0.0
Gm28917,0.0
Gm28921,0.0
Gm28920,0.0
Gm28443,0.0
Gm20788,-0.245
Gm28997,0.0
Gm28397,0.0
Gm28400,0.0
Gm28399,0.0
Gm21788,0.0
Gm28396,0.0
Vmn2r-ps149,0.0
Gm28574,0.0
Gm28573,0.0
Gm28572,0.0
Gm29047,0.0
Gm29048,0.0
Gm29045,0.0
Gm37951,0.0
Gm28146,0.0
Gm28145,0.0
Gm28148,0.0
Gm28142,0.0
Gm28141,0.0
Gm28144,0.0
Gm28143,0.0
Gm28150,0.0
Gm28149,0.0
Gm28098,0.0
Gm28330,0.0
Gm28099,0.0
Gm28328,0.0
Gm28329,0.0
Gm28270,0.0
Gm28327,0.0
Gm28097,0.0
Gm29365,0.0
Gm29366,0.0
Gm29281,0.0
Gm29330,0.0
Gm29535,0.0
Gm29533,0.0
Gm29534,0.0
Gm28849,0.0
Gm28847,0.0
Gm28848,0.0
Gm28846,0.0
Gm29471,0.0
Gm29474,0.0
Gm29475,0.0
Gm28506,0.0
Gm28507,0.0
Gm21301,0.0
Gm29142,0.0
Gm28508,0.0
Gm29525,0.0
Gm29526,0.0
Gm21775,0.0
Gm21900,0.0
Gm20775,0.0
Gm29523,0.0
Gm29524,0.0
Gm29528,0.0
Gm28953,0.0
Gm20776,0.0
Gm28958,0.0
Gm28957,0.0
Gm28956,0.0
Gm28952,0.0
Gm28951,0.0
Gm28390,0.0
Gm28391,0.0
Gm28389,0.0
Gm28655,0.0
Gm28654,0.0
Gm28657,0.0
Gm29556,0.0
Gm35108,0.0
Gm21736,0.0
Gm21379,0.0
Gm36928,0.0
Gm36398,0.0
Gm37441,0.0
Gm36728,0.0
Gm32295,0.0
Gm20836,0.0
Gm20928,0.0
Gm36987,0.0
Gm31186,0.0
Gm37044,0.0
Gm31511,0.0
Gm38185,0.0
Gm37395,0.0
Gm38183,0.0
Gm38149,0.0
Gm38145,0.0
Gm32033,0.0
Gm32447,0.0
Gm20770,0.0
Gm38016,0.0
Gm37158,-0.877
Gm36998,0.0
Gm33112,0.0
Gm34015,0.0
Gm33191,0.0
Gm20781,0.0
Gm37325,0.0
Gm20833,0.0
Gm20851,0.0
Gm30312,0.0
Gm37433,0.0
Gm30638,0.0
Gm31260,0.0
Gm21660,0.0
Gm21678,0.0
Gm37442,0.0
Gm38094,0.0
Gm21763,0.0
Gm38369,0.0
Gm35843,0.0
Gm37723,0.0
Gm36891,0.0
Gm20910,0.0
Gm30598,0.0
Gm37658,0.0
Gm32347,0.0
Gm31123,0.0
Gm37476,0.0
Gm37369,0.0
Gm38181,0.0
Gm31335,0.0
Gm38107,0.0
Gm37921,0.0
Gm32180,0.0
Gm37448,0.0
Gm33163,0.0
Gm21065,0.0
Gm36978,0.0
Gm37129,0.0
Gm37990,0.0
Gm21871,0.0
Gm34274,0.0
Gm21469,0.0
Gm21661,0.0
Gm21907,0.0
Gm37627,0.0
Gm20925,0.0
Gm20926,0.0
Gm38138,0.0
Gm29740,0.0
Gm21768,0.0
Gm37172,0.0
Gm20840,0.0
Gm35955,0.0
Gm38290,0.0
Gm38121,0.0
Gm36047,0.0
Gm38017,0.0
Gm36468,0.0
Gm21845,0.0
Gm37765,0.0
Gm38229,0.0
Gm36866,0.0
Gm37287,0.0
Gm30175,0.0
Gm21350,0.0
Gm21412,0.0
Gm36968,0.0
Gm38035,0.0
Gm20857,0.0
Gm37793,0.0
Gm30858,0.0
Gm21791,0.0
Gm21427,0.0
Gm37237,0.0
Gm38350,0.0
Gm20858,0.0
Gm37318,0.0
Gm31572,0.0
Gm21890,0.0
Gm21443,0.0
Gm37991,0.0
Gm33571,0.0
Gm28662,0.0
Gm28780,0.0
Gm21755,0.0
Gm20895,0.0
Gm28855,0.0
Gm28854,0.0
Gm28247,0.0
Gm28248,0.0
Gm20892,0.0
Gm28251,0.0
Gm28243,0.0
Gm21771,0.0
Gm21476,0.0
Gm28452,0.0
Gm28879,0.0
Gm29369,0.0
Gm21506,0.0
Gm29400,0.0
Gm29401,0.0
Gm20891,0.0
Gm20893,0.0
Gm28797,0.0
Gm28796,0.0
Gm28937,0.0
Gm28936,0.0
Gm21642,0.0
Gm21804,0.0
Gm28939,0.0
Gm28983,0.0
Gm20810,0.0
Gm20811,0.0
Gm29171,0.0
Gm21853,0.0
Gm21679,0.0
Gm29317,0.0
Gm28093,0.0
Gm28090,0.0
Gm21908,0.0
Gm21737,0.0
Gm28489,0.0
Gm21753,0.0
Gm21744,0.0
Gm21810,0.0
Gm21756,0.0
Gm28211,0.0
Gm21745,0.0
Gm21647,0.0
Gm29651,0.0
Gm29652,0.0
Gm21184,0.0
Gm21201,0.0
Gm29076,0.0
Gm29079,0.0
Gm20853,0.0
Gm29075,0.0
Gm29227,0.0
Gm28339,0.0
Gm21896,0.0
Gm29280,0.0
Gm20799,0.0
Gm29279,0.0
Gm21795,0.0
Gm28261,0.0
Gm21872,0.0
Gm20798,0.0
Gm28584,0.0
Gm21898,0.0
Gm28468,0.0
Gm20898,0.0
Gm29333,0.0
Gm28334,0.0
Gm28335,0.0
Gm28337,0.0
Gm28812,0.0
Gm29029,0.0
Gm29030,0.0
Gm29024,0.0
Gm29026,0.0
Gm28213,0.0
Gm21799,0.0
Gm28227,0.0
Gm29411,0.0
Gm28222,0.0
Gm21835,0.0
Gm28223,0.0
Gm29412,0.0
Gm29413,0.0
Gm21878,0.0
Gm28162,0.0
Gm20922,0.0
Gm28546,0.0
Gm21924,0.0
Gm21735,0.0
Gm28773,0.0
Gm21765,0.0
Gapdh-ps15,0.0
Gm28776,0.0
Gm21787,0.0
Gm28770,-0.05
Gm20901,0.0
Gm29496,-0.159
Gm29499,0.0
Gm29495,0.0
Gm28371,0.0
Gm37032,0.0
Gm28618,0.0
Gm20793,0.0
Gm28596,0.0
Gm20832,0.0
Gm28597,0.0
Gm28428,0.0
Gm20827,0.0
Gm21729,0.0
Gm28833,0.0
Gm21774,0.0
Gm21805,0.0
Gm29165,0.0
Gm28504,0.0
Gm28567,0.0
Gm21241,0.0
Gm28885,0.0
Gm21856,0.0
Gm21783,0.0
Gm21779,0.0
Gm28459,0.0
Gm29073,0.0
Gm29647,0.0
Gm29211,0.0
Gm29212,0.0
Gm21247,0.0
Gm28603,0.0
Gm21170,0.0
Gm21751,0.0
Gm21191,0.0
Gm21271,0.0
Gm21281,0.0
Gm28193,0.0
Gm20802,0.0
Gm28751,0.0
Gm28752,0.0
Gm21308,0.0
Gm29267,0.0
Gm29268,0.0
Gm29269,0.0
Gm28682,0.0
Gm28569,0.0
Gm21316,0.0
Gm21923,0.0
Gm28683,0.0
Gm28680,0.0
Gm28871,0.0
Gm29512,0.0
Gm20880,0.0
Gm20881,0.0
Gm29121,0.0
Gm29120,0.0
Gm29119,0.0
Gm29118,0.0
Gm20889,0.0
Gm20887,0.0
Gm29320,0.0
Gm21849,0.0
Gm29319,0.0
Gm20884,0.0
Gm28314,0.0
Gm21387,0.0
Gm21396,0.0
Gm28943,0.0
Gm28946,0.0
Gm28949,0.0
Gm21245,0.0
Gm29169,0.0
Gm21899,0.0
Gm28737,0.0
Gm28738,0.0
Gm20923,0.0
Gm21249,0.0
Gm28736,0.0
Gm21840,0.0
Gm28734,0.0
Gm28232,0.0
Gm21268,0.0
Gm21275,0.0
Gm28234,0.0
Gm21902,0.0
Gm21285,0.0
Gm29251,0.0
Gm21906,0.0
Gm29249,0.0
Gm29484,0.0
Gm21920,0.0
Gm28907,0.0
Gm21749,0.0
Gm28910,0.0
Gm28909,0.0
Gm28275,0.0
Gm21302,0.0
Gm28290,0.0
Gm28292,0.0
Gm21740,0.0
Gm21912,0.0
Gm28698,0.0
Gm29304,0.0
Gm21894,0.0
Gm29307,0.0
Gm20927,0.0
Gm20930,0.0
Gm29306,0.0
Gm29300,0.0
Gm29559,0.0
Gm29558,0.0
Gm21733,0.0
Gm21330,0.0
Gm28354,0.0
Gm28353,0.0
Gm29244,0.0
Gm28200,0.0
Gm28203,0.0
Gm21340,0.0
Gm28204,0.0
Gm28205,0.0
Gm21851,0.0
Gm21819,0.0
Gm29224,0.0
Gm29223,0.0
Gm21815,0.0
Gm29407,0.0
Gm20913,0.0
Gm29403,0.0
Gm28350,0.0
Gm28165,0.0
Gm21868,0.0
Gm28533,0.0
Gm21724,0.0
Gm21405,0.0
Gm21758,0.0
Gm20871,0.0
Gm21843,0.0
Gm20794,0.0
Gm21918,0.0
Gm21489,0.0
Gm21832,0.0
Gm21573,0.0
Gm28179,0.0
Gm21577,0.0
Gm29614,0.0
Gm29613,0.0
Gm20803,0.0
Gm20804,0.0
Gm28598,0.0
Gm28599,0.0
Gm28185,0.0
Gm29037,0.0
Gm21877,0.0
Gm28835,0.0
Gm29548,0.0
Gm29546,0.0
Gm29545,0.0
Gm29544,0.0
Gm21530,0.0
Gm21617,0.0
Gm28589,0.0
Gm29420,0.0
Gm29422,0.0
Gm28808,0.0
Gm21634,0.0
Gm28446,0.0
Gm20885,0.0
Gm29062,0.0
Gm29057,0.0
Gm21654,0.0
Gm29058,0.0
Gm29059,0.0
Gm20882,0.0
Gm20907,0.0
Gm29624,0.0
Gm29623,0.0
Gm29259,0.0
Gm28860,0.0
Gm28859,0.0
Gm20921,0.0
Gm28253,0.0
Gm21826,0.0
Gm28861,0.0
Gm28255,0.0
Gm21171,0.0
Gm28990,0.0
Gm21848,0.0
Gm28558,0.0
Gm28560,0.0
Gm20936,0.0
Gm20934,0.0
Gm29586,0.0
Gm21895,0.0
Gm20933,0.0
Gm28136,0.0
Gm21837,0.0
Gm21910,0.0
Gm29377,0.0
Gm21889,0.0
Gm29378,0.0
Gm28795,0.0
Gm28749,0.0
Gm29001,0.0
Gm29002,0.0
Gm29000,0.0
Gm28646,0.0
Gm28611,0.0
Gm21114,0.0
Gm29633,0.0
Gm21794,0.0
Gm29631,0.0
Gm29637,0.0
Gm20874,0.0
Gm29635,0.0
Gm29634,0.0
Gm29639,0.0
Gm29218,0.0
Gm21806,0.0
Gm20935,0.0
Gm29661,0.0
Gm29659,0.0
Gm21867,0.0
Gm29448,0.0
Gm21127,0.0
Gm29452,0.0
Gm29451,0.0
Gm29410,0.0
Gm28819,0.0
Gm20818,0.0
Gm21151,0.0
Gm28101,0.0
Gm21160,0.0
Gm28637,0.0
Gm28636,0.0
Gm20932,0.0
Gm29134,0.0
Gm28303,0.0
Gm28304,0.0
Gm28080,0.0
Gm21524,0.0
Gm28302,0.0
Gm21672,0.0
Gm29644,0.0
Gm29424,0.0
4932431L22Rik,0.0
Gm28433,0.0
Gm20886,0.0
Gm21808,0.0
Gm28840,0.0
Gm28841,0.0
Gm28843,0.0
Gm28837,0.0
Gm28838,0.0
Gm20866,0.0
Gm20868,0.0
Gm28844,0.0
Gm21841,0.0
Gm28481,0.0
Gm28483,0.0
Gm28484,0.0
Gm28480,0.0
Gm20842,0.0
Gm29179,-0.077
Gm21880,0.0
Gm29180,0.0
Gm29181,0.0
Gm20844,0.0
Gm29178,0.0
Gm21757,0.0
Gm28968,0.0
Gm28495,0.0
Gm20846,0.0
Gm20847,0.0
Gm20848,0.0
Gm28969,0.0
Gm21766,0.0
Gm20800,0.0
Gm21683,0.0
Gm28677,0.0
Gm21855,0.0
Gm20902,0.0
Gm28678,0.0
Gm28272,0.0
Gm29256,0.0
Gm28273,0.0
Gm21715,0.0
Gm29617,0.0
Gm29615,0.0
Gm21784,0.0
Gm20805,0.0
Gm29618,0.0
Gm29109,0.0
Gm28781,0.0
Gm21076,0.0
Gm21869,0.0
Gm20813,0.0
Gm28790,0.0
Gm29272,0.0
Gm28787,0.0
Gm28788,0.0
Gm21922,0.0
Gm21111,0.0
Gm28608,0.0
Gm28607,0.0
Gm29574,0.0
Gm29575,0.0
Gm21875,0.0
Gm20904,0.0
Gm29576,0.0
Gm29577,0.0
Gm29573,0.0
Gm28377,0.0
Gm21155,0.0
Gm21163,0.0
Gm28122,0.0
Gm28121,0.0
Gm28123,0.0
Gm28120,0.0
Gm21180,0.0
Gm20859,0.0
Gm29314,0.0
Gm29310,0.0
Gm21638,0.0
Gm29312,0.0
Gm29308,0.0
Gm28700,0.0
Gm28699,0.0
Gm28705,0.0
Gm28542,0.0
Gm28537,0.0
Gm21658,0.0
Gm29567,0.0
Gm21198,0.0
Gm29147,0.0
Gm29149,0.0
Gm29148,0.0
Gm29145,0.0
Gm29144,0.0
Gm20808,0.0
Gm28815,0.0
Gm28814,0.0
Gm20919,0.0
Gm28420,0.0
Gm28423,0.0
Gm29033,0.0
Gm29034,0.0
Gm21823,0.0
Gm21242,0.0
Gm29031,0.0
Gm29032,0.0
Gm29607,0.0
Gm21248,0.0
Gm29189,0.0
Gm21873,0.0
Gm28159,0.0
Gm28160,0.0
Gm28158,0.0
Gm21257,0.0
Gm28161,0.0
Gm28695,0.0
Gm20791,0.0
Gm20841,0.0
Gm28899,0.0
Gm21722,0.0
Gm28896,0.0
Gm21282,0.0
Gm28895,0.0
Gm28894,0.0
Gm21829,0.0
Gm28739,0.0
Gm20912,0.0
Gm20801,0.0
Gm28742,0.0
Gm21919,0.0
Gm21790,0.0
Gm21728,0.0
Gm28125,0.0
Gm21825,0.0
Gm29468,0.0
Gm29469,0.0
Gm29470,0.0
Gm21333,0.0
Gm29382,0.0
Gm28224,0.0
Gm21344,0.0
Gm20849,0.0
Gm28829,0.0
Gm21901,0.0
Gm28828,0.0
Gm28831,0.0
Gm21864,0.0
Gm21802,0.0
Gm28658,0.0
Gm29238,0.0
Gm21088,0.0
Gm29239,0.0
Gm21741,0.0
Gm20862,0.0
Gm20863,0.0
Gm20864,0.0
Gm29476,0.0
Gm21717,0.0
Gm28473,0.0
Gm28474,0.0
Gm28476,0.0
Gm21380,0.0
Gm21782,0.0
Gm28471,0.0
Gm21824,0.0
Gm29339,0.0
Gm28759,0.0
Gm21879,0.0
Gm28757,0.0
Gm20856,0.0
Gm28973,0.0
Gm21734,0.0
Gm21785,0.0
Gm28349,0.0
Gm21892,0.0
Gm21881,0.0
Gm21435,0.0
Gm29505,0.0
Gm21862,0.0
Gm28219,0.0
Gm20861,0.0
Gm20860,0.0
Gm28057,0.0
Gm21796,0.0
Gm29299,0.0
Gm29298,0.0
Gm29092,0.0
Gm21462,0.0
Gm21470,0.0
Gm28366,0.0
Gm21752,0.0
Gm28368,0.0
Gm28369,0.0
Gm29115,0.0
Gm21813,0.0
Gm29111,0.0
Gm28110,0.0
Gm28107,0.0
Gm28106,0.0
Gm28105,0.0
Gm28716,0.0
Gm28717,0.0
Gm21777,0.0
Gm21792,0.0
Gm28978,0.0
Gm20819,0.0
Gm29437,0.0
Gm21287,0.0
Gm29390,0.0
Gm29391,0.0
Gm21720,0.0
Gm21838,0.0
Gm28671,0.0
Gm28531,0.0
Gm21803,0.0
Gm20879,0.0
Gm29503,0.0
Mid1-ps1,-0.127
Gm21742,0.0
mt-Tf,-0.311
mt-Rnr1,-0.292
mt-Tv,0.458
mt-Rnr2,-0.292
mt-Tl1,-0.427
mt-Ti,0.065
mt-Tq,-0.262
mt-Tm,-0.267
mt-Tw,0.206
mt-Ta,-0.349
mt-Tn,-0.108
mt-Tc,-0.475
mt-Ty,1.249
mt-Ts1,0.014
mt-Td,-0.569
mt-Tk,-0.486
mt-Tg,0.014
mt-Tr,-0.78
mt-Th,-0.909
mt-Ts2,0.057
mt-Tl2,-1.692
mt-Te,-0.003
mt-Tt,-1.168
mt-Tp,-0.934
Fam150a,-0.371
3110035E14Rik,0.939
Tceb1,0.502
Gm29006,0.0
Gm26580,-0.198
Gm29669,-0.122
Gm43543,0.502
1500015O10Rik,-0.733
Kdelc1,-1.11
Sdpr,-3.076
Tmem194b,-1.169
9430016H08Rik,-0.227
Sgol2a,-2.089
Als2cr12,-1.404
Als2cr11,0.403
Gm26649,0.627
D230017M19Rik,0.413
Rqcd1,0.189
Ccdc108,-0.43
Fam134a,0.586
1700019O17Rik,0.104
3110079O15Rik,0.163
Gm26683,-0.682
Fam132b,-1.408
Gm26720,-0.274
Gm28479,0.0
Myeov2,0.103
2310007B03Rik,-2.573
Gm9994,-0.987
Gm6086,-1.183
2310035C23Rik,0.14
Gm28928,0.0
Mfsd4,-0.161
Gm26892,0.949
1700037F24Rik,0.234
Gm26706,-0.155
Gm38399,-1.146
5730559C18Rik,-4.211
Trove2,-0.066
BC003331,0.277
Gm10031,-0.017
BC026585,-1.724
Rfwd2,-0.302
4930469G21Rik,0.33
Mettl13,0.027
7420461P10Rik,0.0
Gm26523,-3.166
1700015E13Rik,-0.183
Pvrl4,-0.31
Gm26641,-0.398
Cd244,-0.705
Gm4955,-0.785
BC094916,-0.483
Pydc4,-1.061
Pyhin1,-0.883
Pydc3,-0.615
AI607873,-1.414
Mnda,-0.446
Gm16432,0.203
Gm16586,-0.173
Gm28062,0.28
Gm1305,-0.137
Adck3,-0.603
6330403A02Rik,0.797
Gm17275,-0.207
Mfsd7b,0.426
Tmem206,-0.016
Diexf,0.017
4631405K08Rik,-1.275
Gm26776,-0.647
Gm26565,0.063
Fbxo18,0.125
Fam188a,0.546
4933433C11Rik,-0.625
AA543186,0.2
BC029214,0.382
Gm996,0.802
Gm26702,-0.857
C330006A16Rik,0.022
C030048H21Rik,0.0
Sdccag3,0.161
Fam69b,1.055
Tmem8c,0.978
1700026L06Rik,0.754
D2Wsu81e,0.029
Ccbl1,0.136
Fam73b,0.35
Ppp2r4,0.222
Gm13434,0.0
Gm26603,0.069
Gm26794,0.402
Scn2a1,0.683
Gm1322,0.0
Gm26727,0.0
Gm17250,0.707
Zak,-1.756
Gm10822,1.08
Lnp,0.14
Dfnb59,0.564
Gm26755,-1.12
Ssfa2,-2.224
2700094K13Rik,-0.266
Gm13741,0.0
Gm13763,0.0
Gm13769,0.12
A330069E16Rik,-0.654
Gm17281,-0.622
Gyltl1b,-1.028
Gm10803,0.0
E530001K10Rik,1.5
RP23-336F11.36,0.0
A430105I19Rik,-0.138
Casc5,-3.414
1700020I14Rik,-0.595
Gm26899,-0.225
4933406J08Rik,0.0
Sqrdl,-1.119
Gm26697,-0.046
1500011K16Rik,-0.085
Gm14025,-0.179
Gm28045,0.0
1110034G24Rik,0.241
Csrp2bp,-0.145
Gm561,0.512
8030411F24Rik,0.0
9230104L09Rik,0.0
Gm26681,-0.259
Gm26841,-0.072
1110008F13Rik,0.15
Wisp2,1.378
Zfos1,-0.547
Fam65c,-1.109
Gm26883,-0.239
A630075F10Rik,0.0
Gm17619,0.741
Rtfdc1,0.213
Nespas,-0.796
Slmo2,0.437
Gm4723,0.116
Gm8923,-0.472
Gm4245,0.0
Gm8898,0.007
Gm14431,0.0
Gm14306,-0.418
Gm14420,-1.033
C330013J21Rik,-0.678
Etohi1,-0.248
Gm26869,-1.325
Taf4a,-0.171
BC051628,1.257
RP23-138J20.8,0.54
Gm21950,0.0
Gm21364,0.0
Gm14346,0.0
Gm14345,0.0
Gm14351,0.0
Gm3701,0.0
Gm3706,0.0
Gm14347,0.0
Gm10921,0.0
Gm10922,0.0
Gm3750,0.0
Gm3763,0.0
Gm14374,0.0
Ppp1r3fos,0.131
RP23-109E24.10,0.0
1700012L04Rik,-0.599
Gm14501,0.0
Gm5132,-0.216
4930557A04Rik,-0.044
Gm10489,0.193
Gm14483,0.0
Gm14474,0.0
Gm14477,0.0
Gm14476,0.0
Gm14484,0.0
Gm14479,0.0
Gm14482,0.0
Gm14478,0.0
Gm14475,0.0
Gm4906,0.0
Gm5382,0.0
4930578C19Rik,-1.089
BC049702,0.0
Gm26593,0.807
Gm26818,0.21
Gm21447,0.0
Gm2784,0.0
Gm2777,0.0
Gm21608,0.0
Gm21645,0.0
Gm2799,0.0
Gmcl1l,0.0
Gm21951,0.0
Gm21657,0.0
Gm2825,0.0
Gm2863,0.0
Gm2913,0.0
Gm2927,0.0
Gm2933,0.0
Gm2964,0.0
Gm21681,0.0
Gm21699,0.0
2310010G23Rik,0.637
Gm43337,0.0
Gm362,0.0
9530027J09Rik,-0.066
Cxx1c,0.297
Cxx1a,0.764
Cxx1b,0.735
Ddx26b,-0.418
Mtap7d3,-0.549
1700019B21Rik,0.0
Fmr1os,-0.311
BC023829,0.18
RP23-95K12.13,-0.379
Gm7173,0.731
Gm26775,-0.873
RP23-9K14.6,-0.325
Gm26617,-0.343
Gm14818,0.0
Rgag4,0.332
C77370,0.542
Zcchc5,-1.839
A630033H20Rik,-1.506
Fam46d,-0.114
RP23-240M8.2,0.0
RP23-466J17.3,0.599
Gm14920,0.0
Gm26851,0.0
Tmem35,0.615
Wbp5,0.025
Ngfrap1,0.754
Mum1l1,-0.28
D330045A20Rik,0.347
Tex13,0.199
Rgag1,-0.081
Zcchc16,-1.357
RP23-106P7.5,-0.337
2210013O21Rik,0.831
A830080D01Rik,-0.017
Gm15205,0.0
Tmem27,-1.666
Figf,-2.089
Gm38112,0.508
1810022K09Rik,0.262
Gm43673,-0.232
Gm43208,0.0
Gm43207,0.0
Gm43003,-0.43
D3Ertd254e,-0.084
Gm43204,0.0
Gm43536,0.199
Gm42784,0.0
Gm30852,0.448
Gm42434,0.0
Gm43733,0.0
Gm43565,0.0
Gm26678,0.0
Gm42512,0.0
Selt,0.339
Gm34302,0.0
Gm6634,-1.641
Fam198b,-5.238
Gucy1b3,1.072
Gucy1a3,0.721
D930015E06Rik,-0.742
Apoa1bp,0.192
2810403A07Rik,-0.482
Gm43740,-0.018
Gm43306,0.0
Prune,0.618
Fam63a,0.224
Gm17575,0.0
Gm26689,0.0
Hfe2,0.333
Gm43734,0.0
Gm43076,-0.131
Fam46c,-2.574
Gm43257,0.0
Fam19a3,0.581
Gm42956,-1.073
Fam212b,-1.128
Gm42754,0.0
Gm43202,0.0
Gm26530,0.194
Hiat1,0.17
Gm42835,0.307
Gm43591,-0.088
Gm42586,-0.009
5730508B09Rik,-0.771
Gm43053,0.0
Ccdc109b,1.478
Gm43352,-1.126
Gm42563,0.0
Gm43194,0.265
Gm43603,-0.473
Gm43087,-0.435
Gm44309,0.0
Ccbl2,-1.75
Gm42703,0.0
Gm42709,0.0
Sep15,-0.273
Cyr61,-4.181
Gm43861,-2.001
Gm42649,0.0
Gm43455,0.184
Fam73a,0.459
Gm43832,0.297
Gm43159,0.155
Gm26857,-1.421
Gm26548,0.025
Gm26663,0.313
1110037F02Rik,-0.294
Gm10604,-0.182
Gm26895,-0.276
Tmem55a,0.19
4930598A11Rik,0.0
3110043O21Rik,0.646
Toporsos,-0.774
Gm6297,-0.089
AI464131,-2.508
Gm10593,0.0
Gm26643,-0.216
5430416O09Rik,-1.936
A630077J23Rik,0.0
Murc,-0.213
Ikbkap,0.335
Fam206a,-0.092
Palm2,0.747
Akap2,-2.169
Gm26889,0.0
AI314180,-0.039
AI481877,-0.086
6330416G13Rik,-0.416
1700018C11Rik,0.0
Tmem261,0.147
Gm16686,0.0
Gm26525,-2.028
Gm26867,-1.483
Gm12603,0.0
Gm10306,-0.76
Gm10192,0.0
Inadl,-1.314
1700024P16Rik,-0.341
0610037L13Rik,-0.136
Fam159a,0.74
Zcchc11,-0.099
A730015C16Rik,-0.354
Gm12847,0.0
Gm1661,-0.806
4930538K18Rik,0.318
AA415398,-0.193
Gm26606,-0.328
4930535I16Rik,0.0
Gm27247,-0.412
3100002H09Rik,-1.831
Utp11l,-0.419
Gm12942,-0.23
Gm26722,0.965
Gm853,-0.367
Gm26516,-0.268
Gm26615,-0.049
Fam46b,-0.909
Aim1l,-1.292
RP23-354H24.9,0.39
Sepn1,-0.399
Tmem57,0.43
Tceb3,-0.414
4930549C01Rik,0.0
Minos1,0.193
2700016F22Rik,-0.374
Rsg1,-0.544
Gm694,0.096
Gm13125,0.0
Gm13177,0.0
Gm13225,0.19
Gm26763,0.0
Gm13242,0.0
Gm13235,0.093
Gm13051,0.093
Gm26573,0.061
Gm13251,-0.424
Gm13247,0.427
Gm26880,-0.126
Gm13248,-0.341
Gm13150,0.0
C230088H06Rik,1.023
Gm13139,0.167
Gm26624,-0.174
Gm13151,0.658
Gm13145,0.0
Gm13152,-0.122
Gm16503,0.172
Gm13154,0.178
2610305D13Rik,1.132
Gm13157,-0.897
Ptchd2,-0.313
Apitd1,-0.074
Gm13097,0.0
Gm13111,-3.466
Fam213b,0.298
B930041F14Rik,0.92
Gm26840,-1.056
Cpsf3l,-0.048
Fam132a,0.258
Klhl17,-0.06
Gm42426,-0.474
Gm26825,-0.543
Gm43325,0.0
4921511H03Rik,0.0
Gm42950,0.0
Gm42831,0.0
Gm43643,0.0
Gm43644,0.0
Gm43641,0.0
Gm43642,0.0
Gm34082,0.0
Gm43639,0.0
Gm43716,0.0
Gm43030,0.0
4931409K22Rik,0.073
4831440E17Rik,-0.542
Gm26894,-0.043
Gm42806,0.051
Gareml,1.164
Ept1,0.202
Bre,-0.079
Whsc1,0.156
Gm42505,0.0
Gm43453,0.0
Gm43454,0.0
Gm42985,0.131
Pacrgl,0.139
Gm43683,0.784
Gm42746,0.0
Gm42747,0.0
Gm43477,0.0
Gm43801,0.0
Gm42757,0.0
Gm43261,0.0
5830473C10Rik,1.174
Gm42532,0.0
Gm1045,0.132
Gm26582,0.143
4932430I15Rik,-1.161
Gm16522,0.0
Gm43146,0.159
1700007G11Rik,-0.167
Gm43252,0.0
A930011G23Rik,0.711
Gm43253,0.0
Gm43248,0.091
Gm35911,-0.278
Gm42691,-0.041
4930524J08Rik,-0.037
Fam175a,-0.634
Agpat9,-2.838
Gm43271,0.082
Gm43270,1.191
Gm42618,-0.142
Gm42792,0.0
Gm42749,-1.549
Gm42914,0.0
Gm43419,0.0
A830010M20Rik,0.916
Fam69a,0.267
Gm43082,-0.044
Gm26808,-1.158
Gm26718,-0.095
Gm26711,0.175
Gm26515,1.15
Gm42487,0.0
Gm42491,0.0
Adrbk2,0.562
Gm43095,0.0
Gm20499,0.052
2610524H06Rik,0.726
Gcn1l1,-0.234
Ccdc64,0.02
Gm43277,0.0
Gm15800,0.637
Fam109a,-0.099
Gm26745,-0.26
Setd8,-0.197
Fam101a,-1.189
Gm42637,-0.177
Gm42485,-0.218
Gm42592,0.0
Gm43757,0.0
Gm43754,0.048
Gm42954,0.0
5930412G12Rik,-1.523
Gbas,-0.086
Gm42469,-0.38
Wbscr17,0.307
Gm42590,-0.302
Gm42624,0.821
Gatsl2,0.068
Wbscr16,0.114
Gm43278,0.394
Wbscr28,0.0
Wbscr27,-0.239
Wbscr22,-0.426
Gm42562,-0.124
BC037034,0.446
Ftsj2,0.036
Gm43741,0.0
2210019I11Rik,-1.729
5730422E09Rik,-0.012
Gm43153,-0.587
Gm43299,0.043
Gm42904,-0.662
Gm43986,-0.357
Shfm1,0.225
Gm44217,0.0
Gm44004,0.0
B630005N14Rik,-0.422
Gm43998,0.148
Gm26809,-0.285
Gm42582,0.197
Gm26719,-0.38
Gm9047,0.46
Gm13834,0.0
Gm13846,0.0
3110062M04Rik,-0.138
2010107G12Rik,-1.35
1110001J03Rik,0.408
Gm26699,-0.278
1700034O15Rik,0.0
Gm19902,-1.012
Gm26625,-0.354
RP23-205F19.4,1.206
RP24-124B23.17,0.0
RP24-124B23.14,-0.066
Gm44119,0.668
Gm44019,0.0
1600015I10Rik,1.201
Dfna5,0.249
Gm44447,-0.219
Gm26677,-0.545
Gm44191,0.0
Gm43938,0.461
Gm43995,0.0
Fam188b,-0.196
Ccdc129,-0.195
Gm8239,0.0
Gm44042,0.0
RP24-492L15.6,0.777
C130060K24Rik,0.574
Gm44029,-0.93
Gm43956,0.14
Gm44051,0.0
Gm43291,-1.199
Gm44195,-0.789
RP23-276L17.2,-1.013
RP24-416M6.4,0.418
RP24-416M6.5,-1.588
RP23-60P18.10,0.145
Gm44031,0.0
Gm43902,0.043
RP23-81F19.2,-0.472
Gm43878,0.212
RP23-238I17.9,0.0
RP23-361O12.3,0.423
Gm43918,0.0
Gm4477,-0.931
Cml3,-0.951
Gm11128,-1.224
Cml5,-3.327
Cml2,-1.096
1700019G17Rik,-1.831
Cml1,-0.755
Gm19273,-0.276
RP23-281H4.10,0.0
Gm44201,0.738
RP23-4F16.12,0.05
Gm44246,0.0
Gm44205,0.0
RP24-457L7.3,-0.332
RP23-292C5.4,0.006
Fam19a1,0.698
Fam19a4,0.916
Gm44197,0.0
Gm44290,0.057
Gm44188,0.0
Gm44398,0.379
Gm26799,-0.423
Gm44082,0.021
Fam21,0.067
8430408G22Rik,-2.381
Gm43983,0.0
Gm30304,-0.048
D330020A13Rik,-1.2
Cecr6,0.422
Cecr5,0.114
Gm43989,0.0
Gm42574,0.0
Gm42810,0.353
4933413G19Rik,-1.082
RP23-114E15.17,0.0
BC048546,-0.788
RP24-127M20.8,-0.525
Gm26656,-0.607
Gm44293,-0.231
Gm43949,-2.174
Gm44025,-0.142
Gm44276,-0.223
Gm44272,0.0
Gm44244,0.0
Gm766,-2.433
Lyrm5,-0.148
Gm44269,0.0
Asun,-0.348
Fam60a,-0.343
Gm26540,-0.132
Mettl20,0.159
Gm44368,-0.191
2810474O19Rik,-0.711
Gm44160,0.0
WI1-2587D24.1,0.0
RP23-292B24.1,0.0
RP24-255H18.1,0.0
RP23-179K11.10,0.0
Suv420h2,-0.382
RP23-414I24.10,-0.259
RP23-414I24.8,0.0
RP23-103E11.3,0.0
RP23-103E11.4,0.0
Gm6792,0.0
RP24-445D7.2,-0.321
RP23-143D11.1,1.455
6330408A02Rik,-0.004
Sepw1,0.69
Gltscr2,-0.359
Gltscr1,-0.975
RP24-549B12.3,0.0
RP24-549B12.4,0.246
RP24-138O17.3,0.0
Gm26821,-0.748
RP24-576D1.5,0.0
RP23-85B15.7,-0.413
RP23-85B15.8,-0.252
Gm26890,-0.522
Pvrl2,-0.238
RP23-191I16.3,-0.794
RP23-191I16.4,0.0
RP23-342N5.2,0.0
RP23-342N5.5,0.0
RP24-554K14.5,0.0
RP23-222G6.3,-0.435
RP23-26A14.4,0.0
RP23-26A14.14,0.752
BC049730,0.0
Gm4763,0.0
RP24-158L15.3,0.0
RP24-113D21.1,0.0
RP23-474C17.2,-0.361
RP23-421O10.11,0.0
RP23-421O10.2,0.129
Atp5sl,0.497
RP24-191C15.5,-0.31
RP23-432D9.7,0.084
RP23-267I20.3,0.0
Adck4,-0.395
C030039L03Rik,-0.391
Zfp607,-0.829
1700049G17Rik,-0.143
RP23-278M8.1,-0.31
BC089491,1.359
RP23-89A16.3,-0.296
RP23-466P2.3,0.191
Papl,-0.298
RP24-177G14.2,0.118
RP23-36D15.6,-0.734
RP23-36D15.8,-0.192
RP23-36D15.9,1.424
RP24-484I1.3,0.0
RP23-51L15.5,0.063
RP23-56C20.7,-0.127
Gm26610,-0.742
Gm29440,-1.151
RP24-63G4.13,0.081
Gm26762,-0.278
RP23-324J22.6,-0.256
RP23-338G5.2,0.029
RP23-338G5.1,0.0
RP23-435E16.1,-0.518
RP23-435E16.3,0.0
RP23-435E16.4,0.0
Gm26790,-0.219
RP23-399P8.1,0.0
RP23-291B1.2,0.149
RP23-470P9.2,-0.232
RP23-470P9.1,-0.228
RP23-89C10.2,0.358
RP23-89C10.5,-0.05
Gm26526,-0.195
RP23-80J7.3,0.0
RP24-269A16.8,0.0
RP23-472J11.9,0.0
RP23-472J11.10,0.0
RP24-269A16.9,0.0
RP23-472J11.11,0.0
Gm7221,0.85
9830147E19Rik,0.142
Gm5595,-0.224
Gm9268,0.0
Gm42419,0.0
RP23-74K24.2,0.0
RP23-74K24.8,0.0
RP23-74K24.10,0.0
RP23-298C3.14,0.0
RP23-361A18.18,0.0
RP23-361A18.4,0.0
RP23-184D18.8,0.0
Acpt,-0.291
RP23-312I2.8,0.11
RP23-455C13.7,-0.475
RP24-325H17.1,0.028
RP24-308M10.2,-0.265
1700039E15Rik,0.0
AC151602.2,0.0
RP23-218K15.3,-0.794
RP24-444C13.27,-0.053
RP23-245P16.2,0.0
RP23-378D16.4,-0.265
RP23-378D16.5,-0.813
Gm26856,0.0
RP23-310N5.3,0.0
RP24-236C17.2,0.533
RP24-236C17.3,0.745
RP23-407N2.2,1.47
RP24-274B19.1,0.787
RP24-274B19.2,0.821
RP23-54G8.4,0.353
RP23-59P20.3,0.071
RP24-222O22.4,0.449
RP23-212H18.4,0.654
RP23-387F1.6,-0.326
RP23-402A4.1,0.0
RP23-402A4.2,0.0
Ndnl2,0.252
RP23-66E21.1,0.0
RP24-117C3.2,0.0
RP24-172H24.1,-0.064
Vimp,-0.451
RP23-49I18.5,-0.741
RP23-7G1.2,0.426
RP23-62N10.3,0.0
RP23-152B12.3,0.0
RP24-78M9.5,-0.591
RP24-78M9.6,-0.03
RP24-331B9.1,0.0
RP23-378L12.2,0.0
RP23-378L12.3,0.0
RP23-378L12.4,0.0
RP24-70M5.1,0.0
RP24-238P16.1,0.0
RP23-394F19.1,0.0
RP24-118K11.4,0.0
RP24-118K11.2,0.0
RP23-474J16.2,-1.169
RP23-474J16.4,0.0
RP24-286L23.3,-1.589
RP24-286L23.2,0.031
RP24-240G4.4,0.0
RP23-449M8.6,0.496
RP23-449M8.3,0.0
RP23-449M8.5,-0.63
RP23-449M8.7,0.0
RP24-362L9.2,0.0
RP23-340E19.1,0.0
RP23-340E19.2,0.0
Gm10295,0.0
RP24-339E15.5,-0.198
RP24-328C2.1,0.0
RP24-328C2.2,0.0
RP23-276E14.1,0.313
RP24-462O14.3,0.43
RP24-136L4.3,0.0
RP24-136L4.2,0.0
RP24-136L4.4,0.0
RP24-136L4.5,0.0
RP24-136L4.6,0.0
RP23-259N3.1,0.0
RP23-32A8.5,-0.886
RP23-32A8.6,-0.438
RP23-32A8.9,0.0
RP23-32A8.8,-0.225
RP23-32A8.11,0.0
RP23-32A8.10,-0.502
RP23-235M8.7,0.624
RP23-470G18.4,-0.119
RP23-53N23.2,0.125
RP23-53N23.3,0.382
RP23-268E17.1,-0.228
RP24-329F21.1,0.179
RP23-92E8.2,0.412
RP23-53O7.2,0.476
RP23-53O7.1,0.0
AI854517,0.631
RP23-207N5.2,0.0
RP23-207N5.5,0.223
RP23-207N5.4,0.266
RP24-173K12.5,-0.162
RP24-174G2.4,0.805
RP24-259P13.2,0.802
RP24-259P13.4,0.0
6330403N20Rik,-0.863
RP23-137A24.6,-0.414
RP23-362F15.1,0.008
RP24-120F8.4,-0.536
RP23-84B11.2,0.0
RP24-225H21.4,0.244
Fam103a1,0.476
RP23-423B21.2,-0.445
RP23-423B21.7,-0.309
Hdgfrp3,0.713
RP23-341H2.2,0.0
RP23-341H2.5,0.0
RP23-341H2.3,0.0
RP23-341H2.4,0.0
Eftud1,0.027
RP23-272F2.2,-0.502
RP23-272F2.5,0.0
RP23-433B5.2,0.063
RP23-332G12.1,0.048
RP23-184F6.3,0.0
RP23-21B1.5,0.0
RP23-21B1.4,-0.378
Mesdc1,-0.089
Mesdc2,0.134
RP23-202M11.1,0.0
RP24-118K20.1,0.026
RP23-121N17.5,0.0
RP23-121N17.6,0.0
Gm26522,-1.39
RP24-330M21.1,-1.147
RP24-230H23.1,0.0
RP24-72H18.4,0.0
RP24-64C6.3,-0.392
RP23-330A14.1,0.0
l7Rn6,0.115
RP24-267C3.3,0.537
RP23-344G21.5,-0.333
RP23-184M3.2,0.0
RP23-184M3.1,0.0
RP23-231J2.1,-0.775
RP24-160N8.1,0.0
RP23-8M3.5,0.0
RP23-143J24.4,0.0
Prkrir,-0.476
RP23-331A21.6,0.121
RP23-264N6.3,0.0
RP23-16L19.5,-0.266
RP23-16L19.4,-0.141
RP23-225M4.1,0.0
RP23-152P5.3,0.0
RP23-428N8.3,-1.397
RP23-458C8.2,0.194
RP23-308M1.6,0.478
RP23-299D2.2,-0.752
4931431F19Rik,0.0
Gm15135,0.228
Prkcdbp,-0.824
Gm10081,0.0
RP23-170L10.2,0.245
RP24-172K3.1,0.649
Gm26599,-0.398
RP23-58K20.2,0.0
RP23-58K20.3,0.0
RP24-346B15.1,0.0
Micalcl,-0.472
RP23-370I17.2,0.0
RP23-370I17.4,0.0
RP23-370I17.3,0.101
RP23-477O13.1,0.0
RP24-112I14.3,-0.429
RP23-335G1.1,0.089
RP24-143K11.1,1.084
RP24-143K11.2,0.139
RP23-174K7.1,0.0
RP23-213H1.2,0.406
RP24-282D2.2,0.0
RP24-185P7.1,-0.324
9030624J02Rik,0.22
RP23-446E13.1,-1.008
RP24-350A15.6,0.0
RP23-306P12.4,0.0
RP23-306P12.2,-0.651
RP23-306P12.3,-0.659
RP24-263G24.2,0.0
2610020H08Rik,-2.941
RP23-175F18.3,-0.24
RP23-17C12.1,0.0
RP23-17C12.5,-0.17
BC030336,0.287
SDR42E2,0.0
4933427G17Rik,0.013
RP23-11L1.3,0.0
RP23-11L1.4,0.0
RP23-2D23.2,0.277
RP23-166E8.2,0.0
RP23-133N24.2,0.06
RP24-63N24.1,0.0
RP23-302N11.3,-0.135
RP23-136A14.3,0.0
RP23-353F16.3,-0.159
RP23-407J24.3,0.0
RP23-421P23.4,1.033
RP23-421P23.12,0.138
D830044I16Rik,0.826
RP23-142A14.9,-0.29
RP23-142A14.12,-0.198
RP24-443B5.7,0.0
RP23-4H17.3,-1.171
RP24-159C12.10,-0.551
RP23-430B14.2,0.58
RP23-325D10.3,0.0
Gm26690,-0.324
RP23-144N15.7,0.0
RP23-144N15.10,0.0
RP23-178C20.4,0.0
RP24-143L4.3,0.07
RP23-172P1.2,-0.126
RP23-172P1.4,-0.087
RP23-145H5.1,0.0
RP23-223O9.2,-0.633
RP23-68N11.1,1.102
RP23-345M1.1,0.0
RP23-307M24.1,-0.507
RP23-182F18.2,0.125
1700007K09Rik,-1.228
RP23-78N8.4,0.249
RP23-145E21.1,0.0
RP23-218E6.2,0.339
RP23-218E6.1,0.124
RP23-218E6.4,0.135
RP23-152P20.2,-0.134
RP23-152P20.3,0.611
Mettl10,0.44
Fam175b,0.278
RP23-44H21.1,0.176
Fam196a,0.779
Ric8,0.667
Athl1,0.234
Pddc1,-0.121
RP23-92L23.2,-0.38
RP23-124B2.7,-0.233
RP23-6I17.1,-0.813
Gm498,0.0
RP23-351K21.1,0.0
RP23-34O23.4,-0.394
RP23-34O23.3,0.0
RP23-294B14.1,0.069
Oraov1,0.002
RP23-396L12.2,0.0
Gm26752,0.179
Gm28904,-0.699
Gm26835,-0.225
Gm15137,0.0
Ctgf,-1.319
Gm4794,0.0
Zufsp,-0.187
Gm17567,0.0
Fam26d,0.0
Fam26e,-0.156
Fam26f,-1.254
Wisp3,0.187
Gm16365,-0.55
Gm26824,0.103
AA474331,0.282
2010001E11Rik,-1.696
G630090E17Rik,-1.878
BC021785,-0.762
AI317395,-1.255
Gm29095,-1.153
Gm29096,-0.468
Gm6976,-1.241
Lace1,0.315
Gm26860,-0.638
Aim1,-2.204
Gm9956,-1.196
2010107G23Rik,0.974
1700040L02Rik,-1.285
2810425M01Rik,0.751
1810043G02Rik,0.317
D10Jhu81e,0.07
Hmha1,-1.479
Mum1,-0.148
Gm26710,-0.168
Gm26541,-0.011
Aes,0.267
Gm26896,0.458
A230046K03Rik,-0.006
Gm8394,0.456
Ccdc53,0.018
Gm26546,0.265
Gm26765,-0.406
Gm26700,0.399
C230021G24Rik,1.343
4933416C03Rik,-0.521
C030027H14Rik,-0.123
Tmem5,-0.071
Fam19a2,1.768
Xrcc6bp1,-0.425
Mettl21b,-0.968
Tmem194,-0.213
Gm28046,0.0
BC089597,-0.118
Gm26847,-0.892
A430046D13Rik,-0.059
RP23-476C23.10,0.0
Gm44444,0.0
A430078G23Rik,-1.107
1700019B03Rik,-0.591
RP23-316J6.4,0.012
RP23-316J6.5,-0.512
Gm26750,0.768
RP23-10I8.1,0.0
RP24-476M14.1,0.0
RP23-216D14.3,0.0
RP23-196J23.1,0.0
RP23-216D14.4,0.0
RP23-216D14.1,0.219
RP23-216D14.2,-0.261
RP23-444O13.2,0.0
RP24-281E22.1,0.0
RP24-281E22.2,0.0
RP23-328F4.7,0.0
RP23-274K7.1,0.05
RP23-156J8.1,0.184
RP23-274K7.2,0.0
RP23-184K1.2,0.0
RP23-184K1.3,0.0
RP23-184K1.4,0.0
RP24-387H11.1,0.0
RP23-83P19.1,0.0
RP23-385E22.2,0.0
RP24-294M17.2,0.265
RP24-294M17.1,0.076
RP24-294M17.3,0.216
RP24-294M17.4,0.0
RP24-294M17.5,-1.405
RP23-366O14.2,-1.036
RP23-366O14.4,0.015
RP23-366O14.3,0.0
RP23-366O14.5,-0.523
RP23-366O14.8,0.138
RP23-366O14.9,-1.1
RP23-343H23.2,-0.503
RP23-407E22.1,0.0
RP23-407E22.2,0.0
Carkd,0.01
4932443I19Rik,-0.068
Gm26853,-0.191
Gm26804,-0.247
Gm10104,-1.13
Gm15284,-1.462
Defa-rs7,0.0
Gm15299,-1.719
Defa-rs1,-2.058
Gm21002,-1.714
Gm21498,0.0
Gm15308,-1.52
Gm14850,-1.147
Gm6696,-0.541
Gm15315,-1.906
Gm26909,-0.263
RP23-183J18.1,-0.728
RP23-183J18.2,0.0
RP23-310J6.2,-0.376
1810011O10Rik,-4.528
Whsc1l1,0.103
Prosc,-0.034
Gm26578,0.192
5930422O12Rik,0.893
Gm26768,-0.751
Gm29174,-0.329
RP24-134N2.1,0.318
D8Ertd82e,-3.339
6430573F11Rik,0.208
Gm26584,-0.205
4930448N21Rik,-1.56
Gm10083,-0.794
Gm29173,0.0
Gm28063,0.515
Gm26905,-0.351
2700029M09Rik,0.102
Sgol2b,0.0
BC030870,-2.078
Gm21807,-1.766
Gm26659,0.0
Gm15717,0.137
Gm10311,-0.32
2810428I15Rik,0.482
Gm17576,0.0
RP23-457J22.1,-0.828
Large,-0.041
1700007B14Rik,0.206
Prmt10,0.181
Gm26721,0.474
Gm26664,-0.887
2310036O22Rik,0.286
Papd5,-0.201
Gm29177,0.0
Gm10094,-0.029
Ccdc79,0.303
Fam96b,0.526
Fam65a,0.282
Rltpr,1.154
Gm26786,-1.313
Cirh1a,0.225
Gm21964,0.0
Mtss1l,-0.317
Gm26816,-0.994
Fuk,-0.265
Tldc1,0.48
Gm20388,0.0
Gm22,-2.019
Pcnxl2,0.502
BC021891,-1.125
Gm17296,0.229
2700060E02Rik,-0.191
1700112E06Rik,-1.648
A830039N20Rik,1.051
4931403M11Rik,-0.25
Gm26772,-0.858
Fam208a,-0.29
Selk,0.342
Tmem110,0.054
1810011H11Rik,-1.082
FRMPD2,-0.185
Fam35a,-0.757
Fam213a,-0.144
1700011H14Rik,-3.321
3632451O06Rik,1.0
RP24-173O20.2,0.0
A930018M24Rik,0.777
Tmem55b,0.55
Gm42877,0.253
Gm20726,-1.638
Lrrc16b,0.322
Gm26751,0.587
N6amt2,0.571
Gm6904,-0.547
4931440J10Rik,0.145
Gm26536,0.653
Gm21685,0.0
4930480K23Rik,-0.427
Gm26908,-1.517
RP24-199E5.2,-0.182
5031414D18Rik,-3.297
4930444M15Rik,-1.019
Lect1,-1.67
4921530L21Rik,0.0
Gm26778,-0.28
Irg1,0.0
Gm26773,0.046
Gm15735,-0.236
Gm17615,0.608
Gm26870,-1.143
9230110C19Rik,-0.077
Gm29176,0.0
Ccdc67,-0.433
Gm26733,-0.227
Gm26521,-0.258
A230050P20Rik,0.081
Fdx1l,0.164
1810026J23Rik,0.374
Gm29375,-0.328
Gm29172,0.0
Gm26662,0.0
Gm17365,0.0
Gm17252,0.671
Gm17677,0.0
Gm17727,0.0
D730048I06Rik,0.0
9230110F15Rik,0.0
9230113P08Rik,0.613
Gm7257,0.0
Gm9513,0.0
Gm5615,0.243
Gm17689,0.0
A630095E13Rik,0.0
4931429I11Rik,1.458
Pvrl1,0.122
Amica1,-2.936
1700003G13Rik,0.125
AU019823,-0.539
Gm684,-2.998
Kdelc2,-0.275
2700012I20Rik,-0.556
6030419C18Rik,0.531
B930082K07Rik,0.767
Gm26609,-0.214
1110036E04Rik,-0.43
Vwa9,-0.308
2810417H13Rik,-3.653
Fam96a,-0.217
Gm26849,0.0
Fam63b,0.332
Gcom1,0.0
Dyx1c1,0.285
Dyx1c1Ccpg1,0.074
A130057D12Rik,-1.323
Mb21d1,-2.462
Gm29163,0.0
Fam46a,-1.506
Dopey1,0.135
Gm26567,0.0
Gm29415,0.075
AF529169,0.241
Gm26882,-0.166
1190002N15Rik,-1.001
Gm26767,0.107
Gm26846,0.0
Gm28621,0.0
Gm20425,0.0
1700080E11Rik,0.0
Vprbp,-0.055
Nat6,0.186
Fam212a,-2.038
Gm42641,-0.122
Gm42762,-0.406
Gm590,0.0
Deb1,-0.298
Fam198a,-0.987
Selm,-0.038
Gatsl3,-3.292
Gm11985,0.0
4930415F15Rik,-0.059
Gm26829,0.231
Gm28048,0.383
Smek2,-0.296
Fam196b,1.255
2310031A07Rik,-0.46
Gnb2l1,-0.415
3010026O09Rik,0.775
Gm26551,-1.646
9430098F02Rik,-0.294
4930504O13Rik,0.0
Lrrc48,-0.035
Gm26837,-0.098
Gm26534,0.009
F930015N05Rik,-2.49
9130409J20Rik,-1.951
Gm12300,0.0
Chd3os,0.938
Gm17305,-0.282
4933402P03Rik,-0.432
Fam64a,-2.55
Gsg2,-3.314
E130309D14Rik,1.084
Gm26836,0.717
Fam101b,-0.002
Rnmtl1,0.421
Gm26780,-0.105
Tusc5,-0.998
RP23-416K12.4,0.0
2210008F06Rik,0.673
BC030499,-0.46
Fam58b,-0.248
RP23-465D7.3,0.0
Gm21975,-1.246
Gm26563,-0.373
RP23-350G1.5,0.074
Gm11492,-0.526
Bzrap1,0.137
2010015M23Rik,-0.049
RP24-402O2.2,-1.044
Gm15698,-0.412
RP23-244C22.6,-0.109
Gm26830,-0.384
B130006D01Rik,-0.109
2010300F17Rik,-0.343
E130012A19Rik,-0.755
Gm12355,-0.229
Ptrf,-4.241
Fam134c,-0.365
1700006E09Rik,0.071
Gm26668,-0.489
Gm10842,-0.042
Gm11705,0.0
AF251705,-0.751
Gm11709,0.0
Gm11710,0.0
Gm11711,0.0
Cd300lh,0.0
Ict1,-0.077
Hn1,0.351
Gm26613,0.226
B230344G16Rik,-1.478
Gm26730,-0.023
Gm11744,0.189
1810032O08Rik,-0.263
BC100451,-0.873
Gm26508,-0.1
Gm26888,1.143
Enthd2,-0.11
1810043H04Rik,-0.129
Gm16755,0.058
Fam195b,0.372
Gm17586,0.691
Stra13,-0.326
Hmga1-rs1,0.802
BC017643,-0.073
Fam208b,-0.328
Gm26601,-0.643
Gm43385,-0.525
A530099J19Rik,-0.708
Gm10065,0.498
Lrrc16a,-0.125
Gm11345,0.0
Fam65b,-2.986
C530050E15Rik,-1.769
1700016G14Rik,0.0
Gm26735,-0.291
Gm11374,0.0
Gm11375,0.0
Gm11397,0.0
Gm26514,-0.574
Fam120aos,-0.472
Hist1h2al,-0.429
Gm15440,0.006
Zcchc6,-0.232
2010111I01Rik,0.371
Gm16907,-0.361
Aaed1,-0.218
1190003K10Rik,0.0
Hiatl1,-0.014
Platr2,0.0
Gm17514,0.0
Gm26715,0.0
Gm17404,0.0
Gm17449,0.0
Gm37276,0.18
Papd7,0.02
Gm26819,-0.293
Gm10116,-0.684
Papd4,-0.413
Gm26527,0.227
Erbb2ip,-0.716
Fam159b,0.235
Skiv2l2,0.088
Gm7120,-0.501
Gm21967,0.439
BC068281,-0.239
Fam84a,0.852
Gm3944,-0.025
Gm3993,0.092
Gm9312,0.0
1700022F17Rik,0.108
Tssc1,0.461
Fam150b,-0.193
Gdap10,-0.72
Ispd,-0.322
Gm9804,0.0
Gm26517,-0.397
1110008L16Rik,-0.615
4921506M07Rik,-0.593
Ctage5,-0.021
Fam179b,0.146
Atp5s,0.619
4931403G20Rik,0.32
Pcnxl4,0.32
RP23-300E17.1,0.054
Gm28056,0.0
Gm26669,-1.846
Gm26545,-1.611
Gm26623,0.126
2410016O06Rik,-0.713
Mfsd7c,-3.494
0610007P14Rik,-0.243
Gm26698,-0.933
Gm26764,0.105
Gm2046,0.0
Gm10264,0.0
Gm28933,-0.344
Gm26723,1.084
9030617O03Rik,0.593
Smek1,-0.577
AK010878,0.405
Gm28498,-0.179
Gm26906,-0.278
Gm26945,0.277
A230065H16Rik,-0.441
2010107E04Rik,0.097
BC022687,0.722
4930427A07Rik,-1.652
Gm6768,0.358
Sepp1,-3.983
2410089E03Rik,0.0
Fam134b,0.216
Fam105a,0.433
Fam173b,-0.266
Hrsp12,-0.183
Gm26863,-0.146
2310069G16Rik,1.3
Gm10020,-0.272
Nov,-1.62
D15Ertd621e,0.051
E430025E21Rik,0.194
Fam84b,-0.725
Wisp1,-2.029
2300005B03Rik,-0.294
D730001G18Rik,0.0
2010109I03Rik,-0.02
BC025446,-2.291
Gm20654,0.0
K230010J24Rik,0.85
WDR97,0.005
Gm26884,-1.197
Mkl1,0.049
Nhp2l1,0.461
Fam109b,-0.436
AW121686,1.003
1810041L15Rik,0.462
Ldoc1l,0.657
D130051D11Rik,-0.308
Fam19a5,-0.082
Selo,-0.313
Gm26798,-0.458
Gm20680,0.185
6030408B16Rik,-1.22
1700011A15Rik,-0.033
5430421N21Rik,-0.381
4732456N10Rik,1.371
Gm26518,-0.546
BC048502,0.0
Gm26675,-0.477
Gm43786,1.199
Gm4262,-1.429
Mkl2,-0.496
2900011O08Rik,1.454
Gm15585,-0.12
Gm15646,-0.265
Gm15648,1.121
Gm26635,-0.103
Dgcr14,0.092
Gm16314,-0.385
Ufd1l,0.227
CT025529.1,0.0
2610020F03Rik,0.0
Lppos,-2.112
Hrasls,-0.321
Mfi2,-1.979
Gm933,-1.671
Gm15658,-1.243
Dirc2,0.508
Gm5483,0.0
Gm5416,0.0
2010005H15Rik,-0.014
Gm4758,0.0
BC117090,0.0
BC100530,0.0
RP23-198F11.3,0.344
4930435E12Rik,0.0
Qtrtd1,-0.023
Gm26732,-0.27
Pvrl3,-1.465
C330027C09Rik,-1.178
Gm16619,0.299
Mina,0.146
Gm43265,0.0
RP24-443G20.1,0.093
RP24-112A10.1,0.025
RP23-185P17.2,-0.096
Gm17518,-0.211
1110004E09Rik,0.046
Gm9881,-0.776
4930563D23Rik,0.102
Dopey2,0.246
Dscr3,0.11
Gm7976,0.0
Gm15341,0.0
Gm15317,0.0
Gm26848,0.176
Gm2885,-0.003
Gm29205,0.19
Gm9992,0.0
Gm16702,1.281
Park2,-0.288
Gm16052,0.39
Gm16049,0.366
Mllt4,0.065
Gm28873,-0.168
A930024N18Rik,0.245
Gm26753,-0.147
3110052M02Rik,0.401
2210404O09Rik,-0.272
Gm4944,-0.044
Gm26695,0.1
Ccdc64b,-1.502
D930048G16Rik,0.155
Tceb2,0.283
Gm43796,1.18
1600002H07Rik,0.074
Hn1l,-0.305
Narfl,0.023
Gm26694,-0.784
Fam195a,-0.392
0610011F06Rik,0.208
1700049J03Rik,0.52
D17Wsu92e,0.25
Gm15598,-1.086
Gm16194,-0.214
Gm26858,0.647
4921501E09Rik,0.0
Gm4461,-0.221
Platr17,0.878
Gm20506,-0.331
G6b,-1.061
Dpcr1,-0.278
Gm20497,0.0
Gm20524,0.0
Esp6Esp5,0.0
Mut,-0.08
Gm7325,1.029
Gm26785,-1.218
Gm26904,-0.254
Gltscr1l,0.051
A330017A19Rik,-0.125
Sgol1,-3.496
Gm26547,-0.157
Ccdc94,-0.136
Hdgfrp2,0.031
2410015M20Rik,0.107
Wash1,0.03
A330050F15Rik,0.404
Gm28727,-0.191
Gm26561,-0.206
Fam179a,-0.506
BC027072,0.0
Gm10093,-0.38
Gm26637,-0.571
4921513D11Rik,-0.753
1700011E24Rik,0.626
Gm26734,0.08
Gm6026,0.0
Gm16501,0.0
Gm21732,0.0
Gm21852,0.0
9430020K01Rik,-0.999
Gm21747,-0.231
3110002H16Rik,0.373
Garem,-0.262
Gm26823,-1.78
RP24-254M13.1,0.0
4930455D15Rik,0.048
Gm26538,-0.742
Gm28285,-0.243
0610009O20Rik,-0.126
2900055J20Rik,0.905
Gm5689,0.051
Hdhd1a,-0.431
Gm26742,0.366
1700011I03Rik,-0.385
Gm26507,-0.735
A730017C20Rik,1.4
Mir143hg,-1.832
Gm17732,1.209
Slmo1,0.447
Fam69c,0.0
Mtl5,-0.516
Suv420h1,-0.437
BC021614,-2.755
Adrbk1,0.342
Pcnxl3,-0.261
Sssca1,0.24
BC048609,-0.064
1700123I01Rik,1.096
Gm14967,0.0
Tex40,-2.126
AI846148,0.124
Pla2g16,-4.154
Hrasls5,-0.203
Gm26859,-0.373
Gm37387,0.0
Gif,-1.808
RP24-84O13.6,0.0
Tmem2,-0.77
Gm9938,-0.218
Gm8975,-0.426
Gm5097,0.0
Gm340,-0.042
AI606181,-0.573
Cyp2c44,-0.655
Fam178a,-0.286
Peo1,0.027
Gm29595,0.996
Gm29593,0.363
Dpcd,0.578
Mgea5,0.196
9130011E15Rik,-0.27
Gm26792,-0.936
Tmem180,0.679
Usmg5,0.43
Gm6970,0.566
Obfc1,-0.065
4930552P12Rik,-0.106
Gm26874,0.079
CR974586.6,0.0
PISD,-0.186
DHRSX,-0.394
